[2026-05-02T16:27:36.622+0000] {processor.py:186} INFO - Started process (PID=17341) to work on /usr/local/python/3.12.1/lib/python3.12/site-packages/airflow/example_dags/example_trigger_controller_dag.py
[2026-05-02T16:27:36.622+0000] {processor.py:914} INFO - Processing file /usr/local/python/3.12.1/lib/python3.12/site-packages/airflow/example_dags/example_trigger_controller_dag.py for tasks to queue
[2026-05-02T16:27:36.624+0000] {logging_mixin.py:190} INFO - [2026-05-02T16:27:36.624+0000] {dagbag.py:588} INFO - Filling up the DagBag from /usr/local/python/3.12.1/lib/python3.12/site-packages/airflow/example_dags/example_trigger_controller_dag.py
[2026-05-02T16:27:36.629+0000] {processor.py:925} INFO - DAG(s) 'example_trigger_controller_dag' retrieved from /usr/local/python/3.12.1/lib/python3.12/site-packages/airflow/example_dags/example_trigger_controller_dag.py
[2026-05-02T16:27:36.718+0000] {logging_mixin.py:190} INFO - [2026-05-02T16:27:36.718+0000] {override.py:1900} INFO - Created Permission View: can delete on DAG:example_trigger_controller_dag
[2026-05-02T16:27:36.728+0000] {logging_mixin.py:190} INFO - [2026-05-02T16:27:36.727+0000] {override.py:1900} INFO - Created Permission View: can edit on DAG:example_trigger_controller_dag
[2026-05-02T16:27:36.735+0000] {logging_mixin.py:190} INFO - [2026-05-02T16:27:36.735+0000] {override.py:1900} INFO - Created Permission View: can read on DAG:example_trigger_controller_dag
[2026-05-02T16:27:36.745+0000] {logging_mixin.py:190} INFO - [2026-05-02T16:27:36.745+0000] {override.py:1900} INFO - Created Permission View: can delete on DAG Run:example_trigger_controller_dag
[2026-05-02T16:27:36.752+0000] {logging_mixin.py:190} INFO - [2026-05-02T16:27:36.751+0000] {override.py:1900} INFO - Created Permission View: can create on DAG Run:example_trigger_controller_dag
[2026-05-02T16:27:36.761+0000] {logging_mixin.py:190} INFO - [2026-05-02T16:27:36.761+0000] {override.py:1900} INFO - Created Permission View: menu access on DAG Run:example_trigger_controller_dag
[2026-05-02T16:27:36.770+0000] {logging_mixin.py:190} INFO - [2026-05-02T16:27:36.770+0000] {override.py:1900} INFO - Created Permission View: can read on DAG Run:example_trigger_controller_dag
[2026-05-02T16:27:36.770+0000] {logging_mixin.py:190} INFO - [2026-05-02T16:27:36.770+0000] {dag.py:3239} INFO - Sync 1 DAGs
[2026-05-02T16:27:36.801+0000] {logging_mixin.py:190} INFO - [2026-05-02T16:27:36.800+0000] {dag.py:3262} INFO - Creating ORM DAG for example_trigger_controller_dag
[2026-05-02T16:27:36.813+0000] {logging_mixin.py:190} INFO - [2026-05-02T16:27:36.812+0000] {dag.py:4180} INFO - Setting next_dagrun for example_trigger_controller_dag to 2021-01-01 00:00:00+00:00, run_after=2021-01-01 00:00:00+00:00
[2026-05-02T16:27:36.852+0000] {processor.py:208} INFO - Processing /usr/local/python/3.12.1/lib/python3.12/site-packages/airflow/example_dags/example_trigger_controller_dag.py took 0.235 seconds
[2026-05-02T16:28:45.315+0000] {processor.py:186} INFO - Started process (PID=18224) to work on /usr/local/python/3.12.1/lib/python3.12/site-packages/airflow/example_dags/example_trigger_controller_dag.py
[2026-05-02T16:28:45.316+0000] {processor.py:914} INFO - Processing file /usr/local/python/3.12.1/lib/python3.12/site-packages/airflow/example_dags/example_trigger_controller_dag.py for tasks to queue
[2026-05-02T16:28:45.317+0000] {logging_mixin.py:190} INFO - [2026-05-02T16:28:45.317+0000] {dagbag.py:588} INFO - Filling up the DagBag from /usr/local/python/3.12.1/lib/python3.12/site-packages/airflow/example_dags/example_trigger_controller_dag.py
[2026-05-02T16:28:45.323+0000] {processor.py:925} INFO - DAG(s) 'example_trigger_controller_dag' retrieved from /usr/local/python/3.12.1/lib/python3.12/site-packages/airflow/example_dags/example_trigger_controller_dag.py
[2026-05-02T16:28:45.334+0000] {logging_mixin.py:190} INFO - [2026-05-02T16:28:45.334+0000] {dag.py:3239} INFO - Sync 1 DAGs
[2026-05-02T16:28:45.349+0000] {logging_mixin.py:190} INFO - [2026-05-02T16:28:45.349+0000] {dag.py:4180} INFO - Setting next_dagrun for example_trigger_controller_dag to 2021-01-01 00:00:00+00:00, run_after=2021-01-01 00:00:00+00:00
[2026-05-02T16:28:45.370+0000] {processor.py:208} INFO - Processing /usr/local/python/3.12.1/lib/python3.12/site-packages/airflow/example_dags/example_trigger_controller_dag.py took 0.061 seconds
[2026-05-02T16:29:41.826+0000] {processor.py:186} INFO - Started process (PID=18726) to work on /usr/local/python/3.12.1/lib/python3.12/site-packages/airflow/example_dags/example_trigger_controller_dag.py
[2026-05-02T16:29:41.827+0000] {processor.py:914} INFO - Processing file /usr/local/python/3.12.1/lib/python3.12/site-packages/airflow/example_dags/example_trigger_controller_dag.py for tasks to queue
[2026-05-02T16:29:41.828+0000] {logging_mixin.py:190} INFO - [2026-05-02T16:29:41.828+0000] {dagbag.py:588} INFO - Filling up the DagBag from /usr/local/python/3.12.1/lib/python3.12/site-packages/airflow/example_dags/example_trigger_controller_dag.py
[2026-05-02T16:29:41.834+0000] {processor.py:925} INFO - DAG(s) 'example_trigger_controller_dag' retrieved from /usr/local/python/3.12.1/lib/python3.12/site-packages/airflow/example_dags/example_trigger_controller_dag.py
[2026-05-02T16:29:41.844+0000] {logging_mixin.py:190} INFO - [2026-05-02T16:29:41.844+0000] {dag.py:3239} INFO - Sync 1 DAGs
[2026-05-02T16:29:41.860+0000] {logging_mixin.py:190} INFO - [2026-05-02T16:29:41.859+0000] {dag.py:4180} INFO - Setting next_dagrun for example_trigger_controller_dag to 2021-01-01 00:00:00+00:00, run_after=2021-01-01 00:00:00+00:00
[2026-05-02T16:29:41.876+0000] {processor.py:208} INFO - Processing /usr/local/python/3.12.1/lib/python3.12/site-packages/airflow/example_dags/example_trigger_controller_dag.py took 0.055 seconds
[2026-05-02T16:30:42.953+0000] {processor.py:186} INFO - Started process (PID=19253) to work on /usr/local/python/3.12.1/lib/python3.12/site-packages/airflow/example_dags/example_trigger_controller_dag.py
[2026-05-02T16:30:42.954+0000] {processor.py:914} INFO - Processing file /usr/local/python/3.12.1/lib/python3.12/site-packages/airflow/example_dags/example_trigger_controller_dag.py for tasks to queue
[2026-05-02T16:30:42.955+0000] {logging_mixin.py:190} INFO - [2026-05-02T16:30:42.955+0000] {dagbag.py:588} INFO - Filling up the DagBag from /usr/local/python/3.12.1/lib/python3.12/site-packages/airflow/example_dags/example_trigger_controller_dag.py
[2026-05-02T16:30:42.960+0000] {processor.py:925} INFO - DAG(s) 'example_trigger_controller_dag' retrieved from /usr/local/python/3.12.1/lib/python3.12/site-packages/airflow/example_dags/example_trigger_controller_dag.py
[2026-05-02T16:30:43.068+0000] {logging_mixin.py:190} INFO - [2026-05-02T16:30:43.067+0000] {dag.py:3239} INFO - Sync 1 DAGs
[2026-05-02T16:30:43.080+0000] {logging_mixin.py:190} INFO - [2026-05-02T16:30:43.080+0000] {dag.py:4180} INFO - Setting next_dagrun for example_trigger_controller_dag to 2021-01-01 00:00:00+00:00, run_after=2021-01-01 00:00:00+00:00
[2026-05-02T16:30:43.096+0000] {processor.py:208} INFO - Processing /usr/local/python/3.12.1/lib/python3.12/site-packages/airflow/example_dags/example_trigger_controller_dag.py took 0.147 seconds
[2026-05-02T16:32:34.182+0000] {processor.py:186} INFO - Started process (PID=20458) to work on /usr/local/python/3.12.1/lib/python3.12/site-packages/airflow/example_dags/example_trigger_controller_dag.py
[2026-05-02T16:32:34.183+0000] {processor.py:914} INFO - Processing file /usr/local/python/3.12.1/lib/python3.12/site-packages/airflow/example_dags/example_trigger_controller_dag.py for tasks to queue
[2026-05-02T16:32:34.184+0000] {logging_mixin.py:190} INFO - [2026-05-02T16:32:34.184+0000] {dagbag.py:588} INFO - Filling up the DagBag from /usr/local/python/3.12.1/lib/python3.12/site-packages/airflow/example_dags/example_trigger_controller_dag.py
[2026-05-02T16:32:34.190+0000] {processor.py:925} INFO - DAG(s) 'example_trigger_controller_dag' retrieved from /usr/local/python/3.12.1/lib/python3.12/site-packages/airflow/example_dags/example_trigger_controller_dag.py
[2026-05-02T16:32:34.208+0000] {logging_mixin.py:190} INFO - [2026-05-02T16:32:34.208+0000] {dag.py:3239} INFO - Sync 1 DAGs
[2026-05-02T16:32:34.229+0000] {logging_mixin.py:190} INFO - [2026-05-02T16:32:34.229+0000] {dag.py:4180} INFO - Setting next_dagrun for example_trigger_controller_dag to 2021-01-01 00:00:00+00:00, run_after=2021-01-01 00:00:00+00:00
[2026-05-02T16:32:34.246+0000] {processor.py:208} INFO - Processing /usr/local/python/3.12.1/lib/python3.12/site-packages/airflow/example_dags/example_trigger_controller_dag.py took 0.068 seconds
[2026-05-02T16:33:37.287+0000] {processor.py:186} INFO - Started process (PID=21447) to work on /usr/local/python/3.12.1/lib/python3.12/site-packages/airflow/example_dags/example_trigger_controller_dag.py
[2026-05-02T16:33:37.288+0000] {processor.py:914} INFO - Processing file /usr/local/python/3.12.1/lib/python3.12/site-packages/airflow/example_dags/example_trigger_controller_dag.py for tasks to queue
[2026-05-02T16:33:37.290+0000] {logging_mixin.py:190} INFO - [2026-05-02T16:33:37.290+0000] {dagbag.py:588} INFO - Filling up the DagBag from /usr/local/python/3.12.1/lib/python3.12/site-packages/airflow/example_dags/example_trigger_controller_dag.py
[2026-05-02T16:33:37.297+0000] {processor.py:925} INFO - DAG(s) 'example_trigger_controller_dag' retrieved from /usr/local/python/3.12.1/lib/python3.12/site-packages/airflow/example_dags/example_trigger_controller_dag.py
[2026-05-02T16:33:37.308+0000] {logging_mixin.py:190} INFO - [2026-05-02T16:33:37.308+0000] {dag.py:3239} INFO - Sync 1 DAGs
[2026-05-02T16:33:37.324+0000] {logging_mixin.py:190} INFO - [2026-05-02T16:33:37.324+0000] {dag.py:4180} INFO - Setting next_dagrun for example_trigger_controller_dag to 2021-01-01 00:00:00+00:00, run_after=2021-01-01 00:00:00+00:00
[2026-05-02T16:33:37.341+0000] {processor.py:208} INFO - Processing /usr/local/python/3.12.1/lib/python3.12/site-packages/airflow/example_dags/example_trigger_controller_dag.py took 0.058 seconds
[2026-05-02T16:34:41.670+0000] {processor.py:186} INFO - Started process (PID=22301) to work on /usr/local/python/3.12.1/lib/python3.12/site-packages/airflow/example_dags/example_trigger_controller_dag.py
[2026-05-02T16:34:41.671+0000] {processor.py:914} INFO - Processing file /usr/local/python/3.12.1/lib/python3.12/site-packages/airflow/example_dags/example_trigger_controller_dag.py for tasks to queue
[2026-05-02T16:34:41.673+0000] {logging_mixin.py:190} INFO - [2026-05-02T16:34:41.672+0000] {dagbag.py:588} INFO - Filling up the DagBag from /usr/local/python/3.12.1/lib/python3.12/site-packages/airflow/example_dags/example_trigger_controller_dag.py
[2026-05-02T16:34:41.678+0000] {processor.py:925} INFO - DAG(s) 'example_trigger_controller_dag' retrieved from /usr/local/python/3.12.1/lib/python3.12/site-packages/airflow/example_dags/example_trigger_controller_dag.py
[2026-05-02T16:34:41.690+0000] {logging_mixin.py:190} INFO - [2026-05-02T16:34:41.689+0000] {dag.py:3239} INFO - Sync 1 DAGs
[2026-05-02T16:34:41.705+0000] {logging_mixin.py:190} INFO - [2026-05-02T16:34:41.705+0000] {dag.py:4180} INFO - Setting next_dagrun for example_trigger_controller_dag to 2021-01-01 00:00:00+00:00, run_after=2021-01-01 00:00:00+00:00
[2026-05-02T16:34:41.722+0000] {processor.py:208} INFO - Processing /usr/local/python/3.12.1/lib/python3.12/site-packages/airflow/example_dags/example_trigger_controller_dag.py took 0.056 seconds
[2026-05-02T16:35:38.431+0000] {processor.py:186} INFO - Started process (PID=23224) to work on /usr/local/python/3.12.1/lib/python3.12/site-packages/airflow/example_dags/example_trigger_controller_dag.py
[2026-05-02T16:35:38.432+0000] {processor.py:914} INFO - Processing file /usr/local/python/3.12.1/lib/python3.12/site-packages/airflow/example_dags/example_trigger_controller_dag.py for tasks to queue
[2026-05-02T16:35:38.434+0000] {logging_mixin.py:190} INFO - [2026-05-02T16:35:38.433+0000] {dagbag.py:588} INFO - Filling up the DagBag from /usr/local/python/3.12.1/lib/python3.12/site-packages/airflow/example_dags/example_trigger_controller_dag.py
[2026-05-02T16:35:38.439+0000] {processor.py:925} INFO - DAG(s) 'example_trigger_controller_dag' retrieved from /usr/local/python/3.12.1/lib/python3.12/site-packages/airflow/example_dags/example_trigger_controller_dag.py
[2026-05-02T16:35:38.450+0000] {logging_mixin.py:190} INFO - [2026-05-02T16:35:38.450+0000] {dag.py:3239} INFO - Sync 1 DAGs
[2026-05-02T16:35:38.465+0000] {logging_mixin.py:190} INFO - [2026-05-02T16:35:38.464+0000] {dag.py:4180} INFO - Setting next_dagrun for example_trigger_controller_dag to 2021-01-01 00:00:00+00:00, run_after=2021-01-01 00:00:00+00:00
[2026-05-02T16:35:38.482+0000] {processor.py:208} INFO - Processing /usr/local/python/3.12.1/lib/python3.12/site-packages/airflow/example_dags/example_trigger_controller_dag.py took 0.055 seconds
[2026-05-02T16:36:33.487+0000] {processor.py:186} INFO - Started process (PID=23719) to work on /usr/local/python/3.12.1/lib/python3.12/site-packages/airflow/example_dags/example_trigger_controller_dag.py
[2026-05-02T16:36:33.488+0000] {processor.py:914} INFO - Processing file /usr/local/python/3.12.1/lib/python3.12/site-packages/airflow/example_dags/example_trigger_controller_dag.py for tasks to queue
[2026-05-02T16:36:33.490+0000] {logging_mixin.py:190} INFO - [2026-05-02T16:36:33.489+0000] {dagbag.py:588} INFO - Filling up the DagBag from /usr/local/python/3.12.1/lib/python3.12/site-packages/airflow/example_dags/example_trigger_controller_dag.py
[2026-05-02T16:36:33.495+0000] {processor.py:925} INFO - DAG(s) 'example_trigger_controller_dag' retrieved from /usr/local/python/3.12.1/lib/python3.12/site-packages/airflow/example_dags/example_trigger_controller_dag.py
[2026-05-02T16:36:33.507+0000] {logging_mixin.py:190} INFO - [2026-05-02T16:36:33.506+0000] {dag.py:3239} INFO - Sync 1 DAGs
[2026-05-02T16:36:33.522+0000] {logging_mixin.py:190} INFO - [2026-05-02T16:36:33.522+0000] {dag.py:4180} INFO - Setting next_dagrun for example_trigger_controller_dag to 2021-01-01 00:00:00+00:00, run_after=2021-01-01 00:00:00+00:00
[2026-05-02T16:36:33.540+0000] {processor.py:208} INFO - Processing /usr/local/python/3.12.1/lib/python3.12/site-packages/airflow/example_dags/example_trigger_controller_dag.py took 0.057 seconds
[2026-05-02T16:37:24.011+0000] {processor.py:186} INFO - Started process (PID=24172) to work on /usr/local/python/3.12.1/lib/python3.12/site-packages/airflow/example_dags/example_trigger_controller_dag.py
[2026-05-02T16:37:24.012+0000] {processor.py:914} INFO - Processing file /usr/local/python/3.12.1/lib/python3.12/site-packages/airflow/example_dags/example_trigger_controller_dag.py for tasks to queue
[2026-05-02T16:37:24.014+0000] {logging_mixin.py:190} INFO - [2026-05-02T16:37:24.014+0000] {dagbag.py:588} INFO - Filling up the DagBag from /usr/local/python/3.12.1/lib/python3.12/site-packages/airflow/example_dags/example_trigger_controller_dag.py
[2026-05-02T16:37:24.019+0000] {processor.py:925} INFO - DAG(s) 'example_trigger_controller_dag' retrieved from /usr/local/python/3.12.1/lib/python3.12/site-packages/airflow/example_dags/example_trigger_controller_dag.py
[2026-05-02T16:37:24.031+0000] {logging_mixin.py:190} INFO - [2026-05-02T16:37:24.030+0000] {dag.py:3239} INFO - Sync 1 DAGs
[2026-05-02T16:37:24.048+0000] {logging_mixin.py:190} INFO - [2026-05-02T16:37:24.048+0000] {dag.py:4180} INFO - Setting next_dagrun for example_trigger_controller_dag to 2021-01-01 00:00:00+00:00, run_after=2021-01-01 00:00:00+00:00
[2026-05-02T16:37:24.066+0000] {processor.py:208} INFO - Processing /usr/local/python/3.12.1/lib/python3.12/site-packages/airflow/example_dags/example_trigger_controller_dag.py took 0.059 seconds
[2026-05-02T16:38:16.002+0000] {processor.py:186} INFO - Started process (PID=24751) to work on /usr/local/python/3.12.1/lib/python3.12/site-packages/airflow/example_dags/example_trigger_controller_dag.py
[2026-05-02T16:38:16.002+0000] {processor.py:914} INFO - Processing file /usr/local/python/3.12.1/lib/python3.12/site-packages/airflow/example_dags/example_trigger_controller_dag.py for tasks to queue
[2026-05-02T16:38:16.004+0000] {logging_mixin.py:190} INFO - [2026-05-02T16:38:16.004+0000] {dagbag.py:588} INFO - Filling up the DagBag from /usr/local/python/3.12.1/lib/python3.12/site-packages/airflow/example_dags/example_trigger_controller_dag.py
[2026-05-02T16:38:16.010+0000] {processor.py:925} INFO - DAG(s) 'example_trigger_controller_dag' retrieved from /usr/local/python/3.12.1/lib/python3.12/site-packages/airflow/example_dags/example_trigger_controller_dag.py
[2026-05-02T16:38:16.022+0000] {logging_mixin.py:190} INFO - [2026-05-02T16:38:16.022+0000] {dag.py:3239} INFO - Sync 1 DAGs
[2026-05-02T16:38:16.037+0000] {logging_mixin.py:190} INFO - [2026-05-02T16:38:16.037+0000] {dag.py:4180} INFO - Setting next_dagrun for example_trigger_controller_dag to 2021-01-01 00:00:00+00:00, run_after=2021-01-01 00:00:00+00:00
[2026-05-02T16:38:16.055+0000] {processor.py:208} INFO - Processing /usr/local/python/3.12.1/lib/python3.12/site-packages/airflow/example_dags/example_trigger_controller_dag.py took 0.058 seconds
[2026-05-02T16:39:17.293+0000] {processor.py:186} INFO - Started process (PID=25430) to work on /usr/local/python/3.12.1/lib/python3.12/site-packages/airflow/example_dags/example_trigger_controller_dag.py
[2026-05-02T16:39:17.294+0000] {processor.py:914} INFO - Processing file /usr/local/python/3.12.1/lib/python3.12/site-packages/airflow/example_dags/example_trigger_controller_dag.py for tasks to queue
[2026-05-02T16:39:17.296+0000] {logging_mixin.py:190} INFO - [2026-05-02T16:39:17.295+0000] {dagbag.py:588} INFO - Filling up the DagBag from /usr/local/python/3.12.1/lib/python3.12/site-packages/airflow/example_dags/example_trigger_controller_dag.py
[2026-05-02T16:39:17.301+0000] {processor.py:925} INFO - DAG(s) 'example_trigger_controller_dag' retrieved from /usr/local/python/3.12.1/lib/python3.12/site-packages/airflow/example_dags/example_trigger_controller_dag.py
[2026-05-02T16:39:17.317+0000] {logging_mixin.py:190} INFO - [2026-05-02T16:39:17.317+0000] {dag.py:3239} INFO - Sync 1 DAGs
[2026-05-02T16:39:17.334+0000] {logging_mixin.py:190} INFO - [2026-05-02T16:39:17.334+0000] {dag.py:4180} INFO - Setting next_dagrun for example_trigger_controller_dag to 2021-01-01 00:00:00+00:00, run_after=2021-01-01 00:00:00+00:00
[2026-05-02T16:39:17.351+0000] {processor.py:208} INFO - Processing /usr/local/python/3.12.1/lib/python3.12/site-packages/airflow/example_dags/example_trigger_controller_dag.py took 0.062 seconds
[2026-05-02T16:40:15.374+0000] {processor.py:186} INFO - Started process (PID=26127) to work on /usr/local/python/3.12.1/lib/python3.12/site-packages/airflow/example_dags/example_trigger_controller_dag.py
[2026-05-02T16:40:15.375+0000] {processor.py:914} INFO - Processing file /usr/local/python/3.12.1/lib/python3.12/site-packages/airflow/example_dags/example_trigger_controller_dag.py for tasks to queue
[2026-05-02T16:40:15.376+0000] {logging_mixin.py:190} INFO - [2026-05-02T16:40:15.376+0000] {dagbag.py:588} INFO - Filling up the DagBag from /usr/local/python/3.12.1/lib/python3.12/site-packages/airflow/example_dags/example_trigger_controller_dag.py
[2026-05-02T16:40:15.381+0000] {processor.py:925} INFO - DAG(s) 'example_trigger_controller_dag' retrieved from /usr/local/python/3.12.1/lib/python3.12/site-packages/airflow/example_dags/example_trigger_controller_dag.py
[2026-05-02T16:40:15.393+0000] {logging_mixin.py:190} INFO - [2026-05-02T16:40:15.393+0000] {dag.py:3239} INFO - Sync 1 DAGs
[2026-05-02T16:40:15.408+0000] {logging_mixin.py:190} INFO - [2026-05-02T16:40:15.408+0000] {dag.py:4180} INFO - Setting next_dagrun for example_trigger_controller_dag to 2021-01-01 00:00:00+00:00, run_after=2021-01-01 00:00:00+00:00
[2026-05-02T16:40:15.426+0000] {processor.py:208} INFO - Processing /usr/local/python/3.12.1/lib/python3.12/site-packages/airflow/example_dags/example_trigger_controller_dag.py took 0.056 seconds
[2026-05-02T16:41:08.116+0000] {processor.py:186} INFO - Started process (PID=26631) to work on /usr/local/python/3.12.1/lib/python3.12/site-packages/airflow/example_dags/example_trigger_controller_dag.py
[2026-05-02T16:41:08.117+0000] {processor.py:914} INFO - Processing file /usr/local/python/3.12.1/lib/python3.12/site-packages/airflow/example_dags/example_trigger_controller_dag.py for tasks to queue
[2026-05-02T16:41:08.118+0000] {logging_mixin.py:190} INFO - [2026-05-02T16:41:08.118+0000] {dagbag.py:588} INFO - Filling up the DagBag from /usr/local/python/3.12.1/lib/python3.12/site-packages/airflow/example_dags/example_trigger_controller_dag.py
[2026-05-02T16:41:08.123+0000] {processor.py:925} INFO - DAG(s) 'example_trigger_controller_dag' retrieved from /usr/local/python/3.12.1/lib/python3.12/site-packages/airflow/example_dags/example_trigger_controller_dag.py
[2026-05-02T16:41:08.134+0000] {logging_mixin.py:190} INFO - [2026-05-02T16:41:08.134+0000] {dag.py:3239} INFO - Sync 1 DAGs
[2026-05-02T16:41:08.150+0000] {logging_mixin.py:190} INFO - [2026-05-02T16:41:08.149+0000] {dag.py:4180} INFO - Setting next_dagrun for example_trigger_controller_dag to 2021-01-01 00:00:00+00:00, run_after=2021-01-01 00:00:00+00:00
[2026-05-02T16:41:08.166+0000] {processor.py:208} INFO - Processing /usr/local/python/3.12.1/lib/python3.12/site-packages/airflow/example_dags/example_trigger_controller_dag.py took 0.054 seconds
[2026-05-02T16:42:05.046+0000] {processor.py:186} INFO - Started process (PID=27165) to work on /usr/local/python/3.12.1/lib/python3.12/site-packages/airflow/example_dags/example_trigger_controller_dag.py
[2026-05-02T16:42:05.046+0000] {processor.py:914} INFO - Processing file /usr/local/python/3.12.1/lib/python3.12/site-packages/airflow/example_dags/example_trigger_controller_dag.py for tasks to queue
[2026-05-02T16:42:05.047+0000] {logging_mixin.py:190} INFO - [2026-05-02T16:42:05.047+0000] {dagbag.py:588} INFO - Filling up the DagBag from /usr/local/python/3.12.1/lib/python3.12/site-packages/airflow/example_dags/example_trigger_controller_dag.py
[2026-05-02T16:42:05.053+0000] {processor.py:925} INFO - DAG(s) 'example_trigger_controller_dag' retrieved from /usr/local/python/3.12.1/lib/python3.12/site-packages/airflow/example_dags/example_trigger_controller_dag.py
[2026-05-02T16:42:05.064+0000] {logging_mixin.py:190} INFO - [2026-05-02T16:42:05.064+0000] {dag.py:3239} INFO - Sync 1 DAGs
[2026-05-02T16:42:05.079+0000] {logging_mixin.py:190} INFO - [2026-05-02T16:42:05.079+0000] {dag.py:4180} INFO - Setting next_dagrun for example_trigger_controller_dag to 2021-01-01 00:00:00+00:00, run_after=2021-01-01 00:00:00+00:00
[2026-05-02T16:42:05.100+0000] {processor.py:208} INFO - Processing /usr/local/python/3.12.1/lib/python3.12/site-packages/airflow/example_dags/example_trigger_controller_dag.py took 0.058 seconds
[2026-05-02T16:42:57.740+0000] {processor.py:186} INFO - Started process (PID=27699) to work on /usr/local/python/3.12.1/lib/python3.12/site-packages/airflow/example_dags/example_trigger_controller_dag.py
[2026-05-02T16:42:57.741+0000] {processor.py:914} INFO - Processing file /usr/local/python/3.12.1/lib/python3.12/site-packages/airflow/example_dags/example_trigger_controller_dag.py for tasks to queue
[2026-05-02T16:42:57.742+0000] {logging_mixin.py:190} INFO - [2026-05-02T16:42:57.742+0000] {dagbag.py:588} INFO - Filling up the DagBag from /usr/local/python/3.12.1/lib/python3.12/site-packages/airflow/example_dags/example_trigger_controller_dag.py
[2026-05-02T16:42:57.748+0000] {processor.py:925} INFO - DAG(s) 'example_trigger_controller_dag' retrieved from /usr/local/python/3.12.1/lib/python3.12/site-packages/airflow/example_dags/example_trigger_controller_dag.py
[2026-05-02T16:42:57.759+0000] {logging_mixin.py:190} INFO - [2026-05-02T16:42:57.759+0000] {dag.py:3239} INFO - Sync 1 DAGs
[2026-05-02T16:42:57.775+0000] {logging_mixin.py:190} INFO - [2026-05-02T16:42:57.775+0000] {dag.py:4180} INFO - Setting next_dagrun for example_trigger_controller_dag to 2021-01-01 00:00:00+00:00, run_after=2021-01-01 00:00:00+00:00
[2026-05-02T16:42:57.797+0000] {processor.py:208} INFO - Processing /usr/local/python/3.12.1/lib/python3.12/site-packages/airflow/example_dags/example_trigger_controller_dag.py took 0.061 seconds
[2026-05-02T16:44:04.720+0000] {processor.py:186} INFO - Started process (PID=28776) to work on /usr/local/python/3.12.1/lib/python3.12/site-packages/airflow/example_dags/example_trigger_controller_dag.py
[2026-05-02T16:44:04.721+0000] {processor.py:914} INFO - Processing file /usr/local/python/3.12.1/lib/python3.12/site-packages/airflow/example_dags/example_trigger_controller_dag.py for tasks to queue
[2026-05-02T16:44:04.722+0000] {logging_mixin.py:190} INFO - [2026-05-02T16:44:04.721+0000] {dagbag.py:588} INFO - Filling up the DagBag from /usr/local/python/3.12.1/lib/python3.12/site-packages/airflow/example_dags/example_trigger_controller_dag.py
[2026-05-02T16:44:04.727+0000] {processor.py:925} INFO - DAG(s) 'example_trigger_controller_dag' retrieved from /usr/local/python/3.12.1/lib/python3.12/site-packages/airflow/example_dags/example_trigger_controller_dag.py
[2026-05-02T16:44:04.739+0000] {logging_mixin.py:190} INFO - [2026-05-02T16:44:04.739+0000] {dag.py:3239} INFO - Sync 1 DAGs
[2026-05-02T16:44:04.755+0000] {logging_mixin.py:190} INFO - [2026-05-02T16:44:04.755+0000] {dag.py:4180} INFO - Setting next_dagrun for example_trigger_controller_dag to 2021-01-01 00:00:00+00:00, run_after=2021-01-01 00:00:00+00:00
[2026-05-02T16:44:04.777+0000] {processor.py:208} INFO - Processing /usr/local/python/3.12.1/lib/python3.12/site-packages/airflow/example_dags/example_trigger_controller_dag.py took 0.062 seconds
[2026-05-02T16:45:04.042+0000] {processor.py:186} INFO - Started process (PID=29580) to work on /usr/local/python/3.12.1/lib/python3.12/site-packages/airflow/example_dags/example_trigger_controller_dag.py
[2026-05-02T16:45:04.043+0000] {processor.py:914} INFO - Processing file /usr/local/python/3.12.1/lib/python3.12/site-packages/airflow/example_dags/example_trigger_controller_dag.py for tasks to queue
[2026-05-02T16:45:04.044+0000] {logging_mixin.py:190} INFO - [2026-05-02T16:45:04.044+0000] {dagbag.py:588} INFO - Filling up the DagBag from /usr/local/python/3.12.1/lib/python3.12/site-packages/airflow/example_dags/example_trigger_controller_dag.py
[2026-05-02T16:45:04.050+0000] {processor.py:925} INFO - DAG(s) 'example_trigger_controller_dag' retrieved from /usr/local/python/3.12.1/lib/python3.12/site-packages/airflow/example_dags/example_trigger_controller_dag.py
[2026-05-02T16:45:04.061+0000] {logging_mixin.py:190} INFO - [2026-05-02T16:45:04.061+0000] {dag.py:3239} INFO - Sync 1 DAGs
[2026-05-02T16:45:04.077+0000] {logging_mixin.py:190} INFO - [2026-05-02T16:45:04.077+0000] {dag.py:4180} INFO - Setting next_dagrun for example_trigger_controller_dag to 2021-01-01 00:00:00+00:00, run_after=2021-01-01 00:00:00+00:00
[2026-05-02T16:45:04.094+0000] {processor.py:208} INFO - Processing /usr/local/python/3.12.1/lib/python3.12/site-packages/airflow/example_dags/example_trigger_controller_dag.py took 0.056 seconds
[2026-05-02T16:45:58.979+0000] {processor.py:186} INFO - Started process (PID=30211) to work on /usr/local/python/3.12.1/lib/python3.12/site-packages/airflow/example_dags/example_trigger_controller_dag.py
[2026-05-02T16:45:58.980+0000] {processor.py:914} INFO - Processing file /usr/local/python/3.12.1/lib/python3.12/site-packages/airflow/example_dags/example_trigger_controller_dag.py for tasks to queue
[2026-05-02T16:45:58.981+0000] {logging_mixin.py:190} INFO - [2026-05-02T16:45:58.981+0000] {dagbag.py:588} INFO - Filling up the DagBag from /usr/local/python/3.12.1/lib/python3.12/site-packages/airflow/example_dags/example_trigger_controller_dag.py
[2026-05-02T16:45:58.990+0000] {processor.py:925} INFO - DAG(s) 'example_trigger_controller_dag' retrieved from /usr/local/python/3.12.1/lib/python3.12/site-packages/airflow/example_dags/example_trigger_controller_dag.py
[2026-05-02T16:45:59.009+0000] {logging_mixin.py:190} INFO - [2026-05-02T16:45:59.009+0000] {dag.py:3239} INFO - Sync 1 DAGs
[2026-05-02T16:45:59.059+0000] {logging_mixin.py:190} INFO - [2026-05-02T16:45:59.059+0000] {dag.py:4180} INFO - Setting next_dagrun for example_trigger_controller_dag to 2021-01-01 00:00:00+00:00, run_after=2021-01-01 00:00:00+00:00
[2026-05-02T16:45:59.093+0000] {processor.py:208} INFO - Processing /usr/local/python/3.12.1/lib/python3.12/site-packages/airflow/example_dags/example_trigger_controller_dag.py took 0.122 seconds
[2026-05-02T16:46:52.130+0000] {processor.py:186} INFO - Started process (PID=30752) to work on /usr/local/python/3.12.1/lib/python3.12/site-packages/airflow/example_dags/example_trigger_controller_dag.py
[2026-05-02T16:46:52.131+0000] {processor.py:914} INFO - Processing file /usr/local/python/3.12.1/lib/python3.12/site-packages/airflow/example_dags/example_trigger_controller_dag.py for tasks to queue
[2026-05-02T16:46:52.132+0000] {logging_mixin.py:190} INFO - [2026-05-02T16:46:52.132+0000] {dagbag.py:588} INFO - Filling up the DagBag from /usr/local/python/3.12.1/lib/python3.12/site-packages/airflow/example_dags/example_trigger_controller_dag.py
[2026-05-02T16:46:52.137+0000] {processor.py:925} INFO - DAG(s) 'example_trigger_controller_dag' retrieved from /usr/local/python/3.12.1/lib/python3.12/site-packages/airflow/example_dags/example_trigger_controller_dag.py
[2026-05-02T16:46:52.150+0000] {logging_mixin.py:190} INFO - [2026-05-02T16:46:52.149+0000] {dag.py:3239} INFO - Sync 1 DAGs
[2026-05-02T16:46:52.165+0000] {logging_mixin.py:190} INFO - [2026-05-02T16:46:52.165+0000] {dag.py:4180} INFO - Setting next_dagrun for example_trigger_controller_dag to 2021-01-01 00:00:00+00:00, run_after=2021-01-01 00:00:00+00:00
[2026-05-02T16:46:52.182+0000] {processor.py:208} INFO - Processing /usr/local/python/3.12.1/lib/python3.12/site-packages/airflow/example_dags/example_trigger_controller_dag.py took 0.056 seconds
[2026-05-02T16:47:45.292+0000] {processor.py:186} INFO - Started process (PID=31278) to work on /usr/local/python/3.12.1/lib/python3.12/site-packages/airflow/example_dags/example_trigger_controller_dag.py
[2026-05-02T16:47:45.292+0000] {processor.py:914} INFO - Processing file /usr/local/python/3.12.1/lib/python3.12/site-packages/airflow/example_dags/example_trigger_controller_dag.py for tasks to queue
[2026-05-02T16:47:45.293+0000] {logging_mixin.py:190} INFO - [2026-05-02T16:47:45.293+0000] {dagbag.py:588} INFO - Filling up the DagBag from /usr/local/python/3.12.1/lib/python3.12/site-packages/airflow/example_dags/example_trigger_controller_dag.py
[2026-05-02T16:47:45.299+0000] {processor.py:925} INFO - DAG(s) 'example_trigger_controller_dag' retrieved from /usr/local/python/3.12.1/lib/python3.12/site-packages/airflow/example_dags/example_trigger_controller_dag.py
[2026-05-02T16:47:45.311+0000] {logging_mixin.py:190} INFO - [2026-05-02T16:47:45.311+0000] {dag.py:3239} INFO - Sync 1 DAGs
[2026-05-02T16:47:45.327+0000] {logging_mixin.py:190} INFO - [2026-05-02T16:47:45.327+0000] {dag.py:4180} INFO - Setting next_dagrun for example_trigger_controller_dag to 2021-01-01 00:00:00+00:00, run_after=2021-01-01 00:00:00+00:00
[2026-05-02T16:47:45.343+0000] {processor.py:208} INFO - Processing /usr/local/python/3.12.1/lib/python3.12/site-packages/airflow/example_dags/example_trigger_controller_dag.py took 0.056 seconds
[2026-05-02T16:48:37.145+0000] {processor.py:186} INFO - Started process (PID=31738) to work on /usr/local/python/3.12.1/lib/python3.12/site-packages/airflow/example_dags/example_trigger_controller_dag.py
[2026-05-02T16:48:37.146+0000] {processor.py:914} INFO - Processing file /usr/local/python/3.12.1/lib/python3.12/site-packages/airflow/example_dags/example_trigger_controller_dag.py for tasks to queue
[2026-05-02T16:48:37.147+0000] {logging_mixin.py:190} INFO - [2026-05-02T16:48:37.147+0000] {dagbag.py:588} INFO - Filling up the DagBag from /usr/local/python/3.12.1/lib/python3.12/site-packages/airflow/example_dags/example_trigger_controller_dag.py
[2026-05-02T16:48:37.152+0000] {processor.py:925} INFO - DAG(s) 'example_trigger_controller_dag' retrieved from /usr/local/python/3.12.1/lib/python3.12/site-packages/airflow/example_dags/example_trigger_controller_dag.py
[2026-05-02T16:48:37.164+0000] {logging_mixin.py:190} INFO - [2026-05-02T16:48:37.164+0000] {dag.py:3239} INFO - Sync 1 DAGs
[2026-05-02T16:48:37.180+0000] {logging_mixin.py:190} INFO - [2026-05-02T16:48:37.179+0000] {dag.py:4180} INFO - Setting next_dagrun for example_trigger_controller_dag to 2021-01-01 00:00:00+00:00, run_after=2021-01-01 00:00:00+00:00
[2026-05-02T16:48:37.197+0000] {processor.py:208} INFO - Processing /usr/local/python/3.12.1/lib/python3.12/site-packages/airflow/example_dags/example_trigger_controller_dag.py took 0.056 seconds
[2026-05-02T16:49:31.228+0000] {processor.py:186} INFO - Started process (PID=32352) to work on /usr/local/python/3.12.1/lib/python3.12/site-packages/airflow/example_dags/example_trigger_controller_dag.py
[2026-05-02T16:49:31.229+0000] {processor.py:914} INFO - Processing file /usr/local/python/3.12.1/lib/python3.12/site-packages/airflow/example_dags/example_trigger_controller_dag.py for tasks to queue
[2026-05-02T16:49:31.230+0000] {logging_mixin.py:190} INFO - [2026-05-02T16:49:31.230+0000] {dagbag.py:588} INFO - Filling up the DagBag from /usr/local/python/3.12.1/lib/python3.12/site-packages/airflow/example_dags/example_trigger_controller_dag.py
[2026-05-02T16:49:31.235+0000] {processor.py:925} INFO - DAG(s) 'example_trigger_controller_dag' retrieved from /usr/local/python/3.12.1/lib/python3.12/site-packages/airflow/example_dags/example_trigger_controller_dag.py
[2026-05-02T16:49:31.247+0000] {logging_mixin.py:190} INFO - [2026-05-02T16:49:31.247+0000] {dag.py:3239} INFO - Sync 1 DAGs
[2026-05-02T16:49:31.264+0000] {logging_mixin.py:190} INFO - [2026-05-02T16:49:31.264+0000] {dag.py:4180} INFO - Setting next_dagrun for example_trigger_controller_dag to 2021-01-01 00:00:00+00:00, run_after=2021-01-01 00:00:00+00:00
[2026-05-02T16:49:31.282+0000] {processor.py:208} INFO - Processing /usr/local/python/3.12.1/lib/python3.12/site-packages/airflow/example_dags/example_trigger_controller_dag.py took 0.058 seconds
[2026-05-02T16:50:24.458+0000] {processor.py:186} INFO - Started process (PID=32760) to work on /usr/local/python/3.12.1/lib/python3.12/site-packages/airflow/example_dags/example_trigger_controller_dag.py
[2026-05-02T16:50:24.459+0000] {processor.py:914} INFO - Processing file /usr/local/python/3.12.1/lib/python3.12/site-packages/airflow/example_dags/example_trigger_controller_dag.py for tasks to queue
[2026-05-02T16:50:24.460+0000] {logging_mixin.py:190} INFO - [2026-05-02T16:50:24.459+0000] {dagbag.py:588} INFO - Filling up the DagBag from /usr/local/python/3.12.1/lib/python3.12/site-packages/airflow/example_dags/example_trigger_controller_dag.py
[2026-05-02T16:50:24.465+0000] {processor.py:925} INFO - DAG(s) 'example_trigger_controller_dag' retrieved from /usr/local/python/3.12.1/lib/python3.12/site-packages/airflow/example_dags/example_trigger_controller_dag.py
[2026-05-02T16:50:24.476+0000] {logging_mixin.py:190} INFO - [2026-05-02T16:50:24.476+0000] {dag.py:3239} INFO - Sync 1 DAGs
[2026-05-02T16:50:24.491+0000] {logging_mixin.py:190} INFO - [2026-05-02T16:50:24.491+0000] {dag.py:4180} INFO - Setting next_dagrun for example_trigger_controller_dag to 2021-01-01 00:00:00+00:00, run_after=2021-01-01 00:00:00+00:00
[2026-05-02T16:50:24.511+0000] {processor.py:208} INFO - Processing /usr/local/python/3.12.1/lib/python3.12/site-packages/airflow/example_dags/example_trigger_controller_dag.py took 0.057 seconds
[2026-05-02T16:51:17.028+0000] {processor.py:186} INFO - Started process (PID=33224) to work on /usr/local/python/3.12.1/lib/python3.12/site-packages/airflow/example_dags/example_trigger_controller_dag.py
[2026-05-02T16:51:17.029+0000] {processor.py:914} INFO - Processing file /usr/local/python/3.12.1/lib/python3.12/site-packages/airflow/example_dags/example_trigger_controller_dag.py for tasks to queue
[2026-05-02T16:51:17.030+0000] {logging_mixin.py:190} INFO - [2026-05-02T16:51:17.029+0000] {dagbag.py:588} INFO - Filling up the DagBag from /usr/local/python/3.12.1/lib/python3.12/site-packages/airflow/example_dags/example_trigger_controller_dag.py
[2026-05-02T16:51:17.035+0000] {processor.py:925} INFO - DAG(s) 'example_trigger_controller_dag' retrieved from /usr/local/python/3.12.1/lib/python3.12/site-packages/airflow/example_dags/example_trigger_controller_dag.py
[2026-05-02T16:51:17.047+0000] {logging_mixin.py:190} INFO - [2026-05-02T16:51:17.047+0000] {dag.py:3239} INFO - Sync 1 DAGs
[2026-05-02T16:51:17.064+0000] {logging_mixin.py:190} INFO - [2026-05-02T16:51:17.063+0000] {dag.py:4180} INFO - Setting next_dagrun for example_trigger_controller_dag to 2021-01-01 00:00:00+00:00, run_after=2021-01-01 00:00:00+00:00
[2026-05-02T16:51:17.080+0000] {processor.py:208} INFO - Processing /usr/local/python/3.12.1/lib/python3.12/site-packages/airflow/example_dags/example_trigger_controller_dag.py took 0.057 seconds
[2026-05-02T16:52:08.935+0000] {processor.py:186} INFO - Started process (PID=33680) to work on /usr/local/python/3.12.1/lib/python3.12/site-packages/airflow/example_dags/example_trigger_controller_dag.py
[2026-05-02T16:52:08.936+0000] {processor.py:914} INFO - Processing file /usr/local/python/3.12.1/lib/python3.12/site-packages/airflow/example_dags/example_trigger_controller_dag.py for tasks to queue
[2026-05-02T16:52:08.938+0000] {logging_mixin.py:190} INFO - [2026-05-02T16:52:08.937+0000] {dagbag.py:588} INFO - Filling up the DagBag from /usr/local/python/3.12.1/lib/python3.12/site-packages/airflow/example_dags/example_trigger_controller_dag.py
[2026-05-02T16:52:08.946+0000] {processor.py:925} INFO - DAG(s) 'example_trigger_controller_dag' retrieved from /usr/local/python/3.12.1/lib/python3.12/site-packages/airflow/example_dags/example_trigger_controller_dag.py
[2026-05-02T16:52:08.965+0000] {logging_mixin.py:190} INFO - [2026-05-02T16:52:08.965+0000] {dag.py:3239} INFO - Sync 1 DAGs
[2026-05-02T16:52:08.989+0000] {logging_mixin.py:190} INFO - [2026-05-02T16:52:08.989+0000] {dag.py:4180} INFO - Setting next_dagrun for example_trigger_controller_dag to 2021-01-01 00:00:00+00:00, run_after=2021-01-01 00:00:00+00:00
[2026-05-02T16:52:09.008+0000] {processor.py:208} INFO - Processing /usr/local/python/3.12.1/lib/python3.12/site-packages/airflow/example_dags/example_trigger_controller_dag.py took 0.078 seconds
[2026-05-02T16:53:03.074+0000] {processor.py:186} INFO - Started process (PID=34214) to work on /usr/local/python/3.12.1/lib/python3.12/site-packages/airflow/example_dags/example_trigger_controller_dag.py
[2026-05-02T16:53:03.075+0000] {processor.py:914} INFO - Processing file /usr/local/python/3.12.1/lib/python3.12/site-packages/airflow/example_dags/example_trigger_controller_dag.py for tasks to queue
[2026-05-02T16:53:03.077+0000] {logging_mixin.py:190} INFO - [2026-05-02T16:53:03.076+0000] {dagbag.py:588} INFO - Filling up the DagBag from /usr/local/python/3.12.1/lib/python3.12/site-packages/airflow/example_dags/example_trigger_controller_dag.py
[2026-05-02T16:53:03.084+0000] {processor.py:925} INFO - DAG(s) 'example_trigger_controller_dag' retrieved from /usr/local/python/3.12.1/lib/python3.12/site-packages/airflow/example_dags/example_trigger_controller_dag.py
[2026-05-02T16:53:03.103+0000] {logging_mixin.py:190} INFO - [2026-05-02T16:53:03.103+0000] {dag.py:3239} INFO - Sync 1 DAGs
[2026-05-02T16:53:03.120+0000] {logging_mixin.py:190} INFO - [2026-05-02T16:53:03.120+0000] {dag.py:4180} INFO - Setting next_dagrun for example_trigger_controller_dag to 2021-01-01 00:00:00+00:00, run_after=2021-01-01 00:00:00+00:00
[2026-05-02T16:53:03.137+0000] {processor.py:208} INFO - Processing /usr/local/python/3.12.1/lib/python3.12/site-packages/airflow/example_dags/example_trigger_controller_dag.py took 0.070 seconds
[2026-05-02T16:53:58.159+0000] {processor.py:186} INFO - Started process (PID=34777) to work on /usr/local/python/3.12.1/lib/python3.12/site-packages/airflow/example_dags/example_trigger_controller_dag.py
[2026-05-02T16:53:58.160+0000] {processor.py:914} INFO - Processing file /usr/local/python/3.12.1/lib/python3.12/site-packages/airflow/example_dags/example_trigger_controller_dag.py for tasks to queue
[2026-05-02T16:53:58.161+0000] {logging_mixin.py:190} INFO - [2026-05-02T16:53:58.160+0000] {dagbag.py:588} INFO - Filling up the DagBag from /usr/local/python/3.12.1/lib/python3.12/site-packages/airflow/example_dags/example_trigger_controller_dag.py
[2026-05-02T16:53:58.166+0000] {processor.py:925} INFO - DAG(s) 'example_trigger_controller_dag' retrieved from /usr/local/python/3.12.1/lib/python3.12/site-packages/airflow/example_dags/example_trigger_controller_dag.py
[2026-05-02T16:53:58.177+0000] {logging_mixin.py:190} INFO - [2026-05-02T16:53:58.177+0000] {dag.py:3239} INFO - Sync 1 DAGs
[2026-05-02T16:53:58.195+0000] {logging_mixin.py:190} INFO - [2026-05-02T16:53:58.195+0000] {dag.py:4180} INFO - Setting next_dagrun for example_trigger_controller_dag to 2021-01-01 00:00:00+00:00, run_after=2021-01-01 00:00:00+00:00
[2026-05-02T16:53:58.212+0000] {processor.py:208} INFO - Processing /usr/local/python/3.12.1/lib/python3.12/site-packages/airflow/example_dags/example_trigger_controller_dag.py took 0.058 seconds
[2026-05-02T16:54:51.124+0000] {processor.py:186} INFO - Started process (PID=35297) to work on /usr/local/python/3.12.1/lib/python3.12/site-packages/airflow/example_dags/example_trigger_controller_dag.py
[2026-05-02T16:54:51.125+0000] {processor.py:914} INFO - Processing file /usr/local/python/3.12.1/lib/python3.12/site-packages/airflow/example_dags/example_trigger_controller_dag.py for tasks to queue
[2026-05-02T16:54:51.126+0000] {logging_mixin.py:190} INFO - [2026-05-02T16:54:51.125+0000] {dagbag.py:588} INFO - Filling up the DagBag from /usr/local/python/3.12.1/lib/python3.12/site-packages/airflow/example_dags/example_trigger_controller_dag.py
[2026-05-02T16:54:51.131+0000] {processor.py:925} INFO - DAG(s) 'example_trigger_controller_dag' retrieved from /usr/local/python/3.12.1/lib/python3.12/site-packages/airflow/example_dags/example_trigger_controller_dag.py
[2026-05-02T16:54:51.143+0000] {logging_mixin.py:190} INFO - [2026-05-02T16:54:51.143+0000] {dag.py:3239} INFO - Sync 1 DAGs
[2026-05-02T16:54:51.158+0000] {logging_mixin.py:190} INFO - [2026-05-02T16:54:51.158+0000] {dag.py:4180} INFO - Setting next_dagrun for example_trigger_controller_dag to 2021-01-01 00:00:00+00:00, run_after=2021-01-01 00:00:00+00:00
[2026-05-02T16:54:51.174+0000] {processor.py:208} INFO - Processing /usr/local/python/3.12.1/lib/python3.12/site-packages/airflow/example_dags/example_trigger_controller_dag.py took 0.055 seconds
[2026-05-02T16:55:41.862+0000] {processor.py:186} INFO - Started process (PID=35746) to work on /usr/local/python/3.12.1/lib/python3.12/site-packages/airflow/example_dags/example_trigger_controller_dag.py
[2026-05-02T16:55:41.863+0000] {processor.py:914} INFO - Processing file /usr/local/python/3.12.1/lib/python3.12/site-packages/airflow/example_dags/example_trigger_controller_dag.py for tasks to queue
[2026-05-02T16:55:41.864+0000] {logging_mixin.py:190} INFO - [2026-05-02T16:55:41.864+0000] {dagbag.py:588} INFO - Filling up the DagBag from /usr/local/python/3.12.1/lib/python3.12/site-packages/airflow/example_dags/example_trigger_controller_dag.py
[2026-05-02T16:55:41.869+0000] {processor.py:925} INFO - DAG(s) 'example_trigger_controller_dag' retrieved from /usr/local/python/3.12.1/lib/python3.12/site-packages/airflow/example_dags/example_trigger_controller_dag.py
[2026-05-02T16:55:41.881+0000] {logging_mixin.py:190} INFO - [2026-05-02T16:55:41.880+0000] {dag.py:3239} INFO - Sync 1 DAGs
[2026-05-02T16:55:41.896+0000] {logging_mixin.py:190} INFO - [2026-05-02T16:55:41.895+0000] {dag.py:4180} INFO - Setting next_dagrun for example_trigger_controller_dag to 2021-01-01 00:00:00+00:00, run_after=2021-01-01 00:00:00+00:00
[2026-05-02T16:55:41.913+0000] {processor.py:208} INFO - Processing /usr/local/python/3.12.1/lib/python3.12/site-packages/airflow/example_dags/example_trigger_controller_dag.py took 0.055 seconds
[2026-05-02T16:56:32.620+0000] {processor.py:186} INFO - Started process (PID=36201) to work on /usr/local/python/3.12.1/lib/python3.12/site-packages/airflow/example_dags/example_trigger_controller_dag.py
[2026-05-02T16:56:32.621+0000] {processor.py:914} INFO - Processing file /usr/local/python/3.12.1/lib/python3.12/site-packages/airflow/example_dags/example_trigger_controller_dag.py for tasks to queue
[2026-05-02T16:56:32.622+0000] {logging_mixin.py:190} INFO - [2026-05-02T16:56:32.622+0000] {dagbag.py:588} INFO - Filling up the DagBag from /usr/local/python/3.12.1/lib/python3.12/site-packages/airflow/example_dags/example_trigger_controller_dag.py
[2026-05-02T16:56:32.642+0000] {processor.py:925} INFO - DAG(s) 'example_trigger_controller_dag' retrieved from /usr/local/python/3.12.1/lib/python3.12/site-packages/airflow/example_dags/example_trigger_controller_dag.py
[2026-05-02T16:56:32.671+0000] {logging_mixin.py:190} INFO - [2026-05-02T16:56:32.671+0000] {dag.py:3239} INFO - Sync 1 DAGs
[2026-05-02T16:56:32.701+0000] {logging_mixin.py:190} INFO - [2026-05-02T16:56:32.701+0000] {dag.py:4180} INFO - Setting next_dagrun for example_trigger_controller_dag to 2021-01-01 00:00:00+00:00, run_after=2021-01-01 00:00:00+00:00
[2026-05-02T16:56:32.718+0000] {processor.py:208} INFO - Processing /usr/local/python/3.12.1/lib/python3.12/site-packages/airflow/example_dags/example_trigger_controller_dag.py took 0.104 seconds
[2026-05-02T16:57:21.445+0000] {processor.py:186} INFO - Started process (PID=36583) to work on /usr/local/python/3.12.1/lib/python3.12/site-packages/airflow/example_dags/example_trigger_controller_dag.py
[2026-05-02T16:57:21.445+0000] {processor.py:914} INFO - Processing file /usr/local/python/3.12.1/lib/python3.12/site-packages/airflow/example_dags/example_trigger_controller_dag.py for tasks to queue
[2026-05-02T16:57:21.446+0000] {logging_mixin.py:190} INFO - [2026-05-02T16:57:21.446+0000] {dagbag.py:588} INFO - Filling up the DagBag from /usr/local/python/3.12.1/lib/python3.12/site-packages/airflow/example_dags/example_trigger_controller_dag.py
[2026-05-02T16:57:21.452+0000] {processor.py:925} INFO - DAG(s) 'example_trigger_controller_dag' retrieved from /usr/local/python/3.12.1/lib/python3.12/site-packages/airflow/example_dags/example_trigger_controller_dag.py
[2026-05-02T16:57:21.463+0000] {logging_mixin.py:190} INFO - [2026-05-02T16:57:21.463+0000] {dag.py:3239} INFO - Sync 1 DAGs
[2026-05-02T16:57:21.479+0000] {logging_mixin.py:190} INFO - [2026-05-02T16:57:21.479+0000] {dag.py:4180} INFO - Setting next_dagrun for example_trigger_controller_dag to 2021-01-01 00:00:00+00:00, run_after=2021-01-01 00:00:00+00:00
[2026-05-02T16:57:21.495+0000] {processor.py:208} INFO - Processing /usr/local/python/3.12.1/lib/python3.12/site-packages/airflow/example_dags/example_trigger_controller_dag.py took 0.055 seconds
[2026-05-02T16:58:13.347+0000] {processor.py:186} INFO - Started process (PID=37101) to work on /usr/local/python/3.12.1/lib/python3.12/site-packages/airflow/example_dags/example_trigger_controller_dag.py
[2026-05-02T16:58:13.348+0000] {processor.py:914} INFO - Processing file /usr/local/python/3.12.1/lib/python3.12/site-packages/airflow/example_dags/example_trigger_controller_dag.py for tasks to queue
[2026-05-02T16:58:13.349+0000] {logging_mixin.py:190} INFO - [2026-05-02T16:58:13.348+0000] {dagbag.py:588} INFO - Filling up the DagBag from /usr/local/python/3.12.1/lib/python3.12/site-packages/airflow/example_dags/example_trigger_controller_dag.py
[2026-05-02T16:58:13.354+0000] {processor.py:925} INFO - DAG(s) 'example_trigger_controller_dag' retrieved from /usr/local/python/3.12.1/lib/python3.12/site-packages/airflow/example_dags/example_trigger_controller_dag.py
[2026-05-02T16:58:13.366+0000] {logging_mixin.py:190} INFO - [2026-05-02T16:58:13.366+0000] {dag.py:3239} INFO - Sync 1 DAGs
[2026-05-02T16:58:13.381+0000] {logging_mixin.py:190} INFO - [2026-05-02T16:58:13.381+0000] {dag.py:4180} INFO - Setting next_dagrun for example_trigger_controller_dag to 2021-01-01 00:00:00+00:00, run_after=2021-01-01 00:00:00+00:00
[2026-05-02T16:58:13.398+0000] {processor.py:208} INFO - Processing /usr/local/python/3.12.1/lib/python3.12/site-packages/airflow/example_dags/example_trigger_controller_dag.py took 0.055 seconds
[2026-05-02T16:59:04.273+0000] {processor.py:186} INFO - Started process (PID=37556) to work on /usr/local/python/3.12.1/lib/python3.12/site-packages/airflow/example_dags/example_trigger_controller_dag.py
[2026-05-02T16:59:04.274+0000] {processor.py:914} INFO - Processing file /usr/local/python/3.12.1/lib/python3.12/site-packages/airflow/example_dags/example_trigger_controller_dag.py for tasks to queue
[2026-05-02T16:59:04.275+0000] {logging_mixin.py:190} INFO - [2026-05-02T16:59:04.275+0000] {dagbag.py:588} INFO - Filling up the DagBag from /usr/local/python/3.12.1/lib/python3.12/site-packages/airflow/example_dags/example_trigger_controller_dag.py
[2026-05-02T16:59:04.281+0000] {processor.py:925} INFO - DAG(s) 'example_trigger_controller_dag' retrieved from /usr/local/python/3.12.1/lib/python3.12/site-packages/airflow/example_dags/example_trigger_controller_dag.py
[2026-05-02T16:59:04.292+0000] {logging_mixin.py:190} INFO - [2026-05-02T16:59:04.292+0000] {dag.py:3239} INFO - Sync 1 DAGs
[2026-05-02T16:59:04.309+0000] {logging_mixin.py:190} INFO - [2026-05-02T16:59:04.308+0000] {dag.py:4180} INFO - Setting next_dagrun for example_trigger_controller_dag to 2021-01-01 00:00:00+00:00, run_after=2021-01-01 00:00:00+00:00
[2026-05-02T16:59:04.326+0000] {processor.py:208} INFO - Processing /usr/local/python/3.12.1/lib/python3.12/site-packages/airflow/example_dags/example_trigger_controller_dag.py took 0.057 seconds
[2026-05-02T16:59:55.243+0000] {processor.py:186} INFO - Started process (PID=38012) to work on /usr/local/python/3.12.1/lib/python3.12/site-packages/airflow/example_dags/example_trigger_controller_dag.py
[2026-05-02T16:59:55.244+0000] {processor.py:914} INFO - Processing file /usr/local/python/3.12.1/lib/python3.12/site-packages/airflow/example_dags/example_trigger_controller_dag.py for tasks to queue
[2026-05-02T16:59:55.245+0000] {logging_mixin.py:190} INFO - [2026-05-02T16:59:55.245+0000] {dagbag.py:588} INFO - Filling up the DagBag from /usr/local/python/3.12.1/lib/python3.12/site-packages/airflow/example_dags/example_trigger_controller_dag.py
[2026-05-02T16:59:55.253+0000] {processor.py:925} INFO - DAG(s) 'example_trigger_controller_dag' retrieved from /usr/local/python/3.12.1/lib/python3.12/site-packages/airflow/example_dags/example_trigger_controller_dag.py
[2026-05-02T16:59:55.267+0000] {logging_mixin.py:190} INFO - [2026-05-02T16:59:55.267+0000] {dag.py:3239} INFO - Sync 1 DAGs
[2026-05-02T16:59:55.282+0000] {logging_mixin.py:190} INFO - [2026-05-02T16:59:55.282+0000] {dag.py:4180} INFO - Setting next_dagrun for example_trigger_controller_dag to 2021-01-01 00:00:00+00:00, run_after=2021-01-01 00:00:00+00:00
[2026-05-02T16:59:55.299+0000] {processor.py:208} INFO - Processing /usr/local/python/3.12.1/lib/python3.12/site-packages/airflow/example_dags/example_trigger_controller_dag.py took 0.062 seconds
[2026-05-02T17:00:46.152+0000] {processor.py:186} INFO - Started process (PID=38467) to work on /usr/local/python/3.12.1/lib/python3.12/site-packages/airflow/example_dags/example_trigger_controller_dag.py
[2026-05-02T17:00:46.153+0000] {processor.py:914} INFO - Processing file /usr/local/python/3.12.1/lib/python3.12/site-packages/airflow/example_dags/example_trigger_controller_dag.py for tasks to queue
[2026-05-02T17:00:46.154+0000] {logging_mixin.py:190} INFO - [2026-05-02T17:00:46.154+0000] {dagbag.py:588} INFO - Filling up the DagBag from /usr/local/python/3.12.1/lib/python3.12/site-packages/airflow/example_dags/example_trigger_controller_dag.py
[2026-05-02T17:00:46.166+0000] {processor.py:925} INFO - DAG(s) 'example_trigger_controller_dag' retrieved from /usr/local/python/3.12.1/lib/python3.12/site-packages/airflow/example_dags/example_trigger_controller_dag.py
[2026-05-02T17:00:46.197+0000] {logging_mixin.py:190} INFO - [2026-05-02T17:00:46.197+0000] {dag.py:3239} INFO - Sync 1 DAGs
[2026-05-02T17:00:46.231+0000] {logging_mixin.py:190} INFO - [2026-05-02T17:00:46.230+0000] {dag.py:4180} INFO - Setting next_dagrun for example_trigger_controller_dag to 2021-01-01 00:00:00+00:00, run_after=2021-01-01 00:00:00+00:00
[2026-05-02T17:00:46.296+0000] {processor.py:208} INFO - Processing /usr/local/python/3.12.1/lib/python3.12/site-packages/airflow/example_dags/example_trigger_controller_dag.py took 0.151 seconds
[2026-05-02T17:01:41.544+0000] {processor.py:186} INFO - Started process (PID=38942) to work on /usr/local/python/3.12.1/lib/python3.12/site-packages/airflow/example_dags/example_trigger_controller_dag.py
[2026-05-02T17:01:41.545+0000] {processor.py:914} INFO - Processing file /usr/local/python/3.12.1/lib/python3.12/site-packages/airflow/example_dags/example_trigger_controller_dag.py for tasks to queue
[2026-05-02T17:01:41.547+0000] {logging_mixin.py:190} INFO - [2026-05-02T17:01:41.546+0000] {dagbag.py:588} INFO - Filling up the DagBag from /usr/local/python/3.12.1/lib/python3.12/site-packages/airflow/example_dags/example_trigger_controller_dag.py
[2026-05-02T17:01:41.554+0000] {processor.py:925} INFO - DAG(s) 'example_trigger_controller_dag' retrieved from /usr/local/python/3.12.1/lib/python3.12/site-packages/airflow/example_dags/example_trigger_controller_dag.py
[2026-05-02T17:01:41.568+0000] {logging_mixin.py:190} INFO - [2026-05-02T17:01:41.568+0000] {dag.py:3239} INFO - Sync 1 DAGs
[2026-05-02T17:01:41.585+0000] {logging_mixin.py:190} INFO - [2026-05-02T17:01:41.584+0000] {dag.py:4180} INFO - Setting next_dagrun for example_trigger_controller_dag to 2021-01-01 00:00:00+00:00, run_after=2021-01-01 00:00:00+00:00
[2026-05-02T17:01:41.602+0000] {processor.py:208} INFO - Processing /usr/local/python/3.12.1/lib/python3.12/site-packages/airflow/example_dags/example_trigger_controller_dag.py took 0.063 seconds
[2026-05-02T17:02:30.669+0000] {processor.py:186} INFO - Started process (PID=39414) to work on /usr/local/python/3.12.1/lib/python3.12/site-packages/airflow/example_dags/example_trigger_controller_dag.py
[2026-05-02T17:02:30.670+0000] {processor.py:914} INFO - Processing file /usr/local/python/3.12.1/lib/python3.12/site-packages/airflow/example_dags/example_trigger_controller_dag.py for tasks to queue
[2026-05-02T17:02:30.671+0000] {logging_mixin.py:190} INFO - [2026-05-02T17:02:30.671+0000] {dagbag.py:588} INFO - Filling up the DagBag from /usr/local/python/3.12.1/lib/python3.12/site-packages/airflow/example_dags/example_trigger_controller_dag.py
[2026-05-02T17:02:30.677+0000] {processor.py:925} INFO - DAG(s) 'example_trigger_controller_dag' retrieved from /usr/local/python/3.12.1/lib/python3.12/site-packages/airflow/example_dags/example_trigger_controller_dag.py
[2026-05-02T17:02:30.688+0000] {logging_mixin.py:190} INFO - [2026-05-02T17:02:30.688+0000] {dag.py:3239} INFO - Sync 1 DAGs
[2026-05-02T17:02:30.704+0000] {logging_mixin.py:190} INFO - [2026-05-02T17:02:30.703+0000] {dag.py:4180} INFO - Setting next_dagrun for example_trigger_controller_dag to 2021-01-01 00:00:00+00:00, run_after=2021-01-01 00:00:00+00:00
[2026-05-02T17:02:30.726+0000] {processor.py:208} INFO - Processing /usr/local/python/3.12.1/lib/python3.12/site-packages/airflow/example_dags/example_trigger_controller_dag.py took 0.061 seconds
[2026-05-02T17:03:18.446+0000] {processor.py:186} INFO - Started process (PID=39824) to work on /usr/local/python/3.12.1/lib/python3.12/site-packages/airflow/example_dags/example_trigger_controller_dag.py
[2026-05-02T17:03:18.446+0000] {processor.py:914} INFO - Processing file /usr/local/python/3.12.1/lib/python3.12/site-packages/airflow/example_dags/example_trigger_controller_dag.py for tasks to queue
[2026-05-02T17:03:18.448+0000] {logging_mixin.py:190} INFO - [2026-05-02T17:03:18.447+0000] {dagbag.py:588} INFO - Filling up the DagBag from /usr/local/python/3.12.1/lib/python3.12/site-packages/airflow/example_dags/example_trigger_controller_dag.py
[2026-05-02T17:03:18.455+0000] {processor.py:925} INFO - DAG(s) 'example_trigger_controller_dag' retrieved from /usr/local/python/3.12.1/lib/python3.12/site-packages/airflow/example_dags/example_trigger_controller_dag.py
[2026-05-02T17:03:18.468+0000] {logging_mixin.py:190} INFO - [2026-05-02T17:03:18.468+0000] {dag.py:3239} INFO - Sync 1 DAGs
[2026-05-02T17:03:18.487+0000] {logging_mixin.py:190} INFO - [2026-05-02T17:03:18.486+0000] {dag.py:4180} INFO - Setting next_dagrun for example_trigger_controller_dag to 2021-01-01 00:00:00+00:00, run_after=2021-01-01 00:00:00+00:00
[2026-05-02T17:03:18.504+0000] {processor.py:208} INFO - Processing /usr/local/python/3.12.1/lib/python3.12/site-packages/airflow/example_dags/example_trigger_controller_dag.py took 0.064 seconds
[2026-05-02T17:04:06.737+0000] {processor.py:186} INFO - Started process (PID=40254) to work on /usr/local/python/3.12.1/lib/python3.12/site-packages/airflow/example_dags/example_trigger_controller_dag.py
[2026-05-02T17:04:06.741+0000] {processor.py:914} INFO - Processing file /usr/local/python/3.12.1/lib/python3.12/site-packages/airflow/example_dags/example_trigger_controller_dag.py for tasks to queue
[2026-05-02T17:04:06.744+0000] {logging_mixin.py:190} INFO - [2026-05-02T17:04:06.743+0000] {dagbag.py:588} INFO - Filling up the DagBag from /usr/local/python/3.12.1/lib/python3.12/site-packages/airflow/example_dags/example_trigger_controller_dag.py
[2026-05-02T17:04:06.757+0000] {processor.py:925} INFO - DAG(s) 'example_trigger_controller_dag' retrieved from /usr/local/python/3.12.1/lib/python3.12/site-packages/airflow/example_dags/example_trigger_controller_dag.py
[2026-05-02T17:04:06.781+0000] {logging_mixin.py:190} INFO - [2026-05-02T17:04:06.781+0000] {dag.py:3239} INFO - Sync 1 DAGs
[2026-05-02T17:04:06.820+0000] {logging_mixin.py:190} INFO - [2026-05-02T17:04:06.819+0000] {dag.py:4180} INFO - Setting next_dagrun for example_trigger_controller_dag to 2021-01-01 00:00:00+00:00, run_after=2021-01-01 00:00:00+00:00
[2026-05-02T17:04:06.849+0000] {processor.py:208} INFO - Processing /usr/local/python/3.12.1/lib/python3.12/site-packages/airflow/example_dags/example_trigger_controller_dag.py took 0.135 seconds
[2026-05-02T17:05:04.781+0000] {processor.py:186} INFO - Started process (PID=40751) to work on /usr/local/python/3.12.1/lib/python3.12/site-packages/airflow/example_dags/example_trigger_controller_dag.py
[2026-05-02T17:05:04.782+0000] {processor.py:914} INFO - Processing file /usr/local/python/3.12.1/lib/python3.12/site-packages/airflow/example_dags/example_trigger_controller_dag.py for tasks to queue
[2026-05-02T17:05:04.783+0000] {logging_mixin.py:190} INFO - [2026-05-02T17:05:04.783+0000] {dagbag.py:588} INFO - Filling up the DagBag from /usr/local/python/3.12.1/lib/python3.12/site-packages/airflow/example_dags/example_trigger_controller_dag.py
[2026-05-02T17:05:04.789+0000] {processor.py:925} INFO - DAG(s) 'example_trigger_controller_dag' retrieved from /usr/local/python/3.12.1/lib/python3.12/site-packages/airflow/example_dags/example_trigger_controller_dag.py
[2026-05-02T17:05:04.800+0000] {logging_mixin.py:190} INFO - [2026-05-02T17:05:04.800+0000] {dag.py:3239} INFO - Sync 1 DAGs
[2026-05-02T17:05:04.816+0000] {logging_mixin.py:190} INFO - [2026-05-02T17:05:04.816+0000] {dag.py:4180} INFO - Setting next_dagrun for example_trigger_controller_dag to 2021-01-01 00:00:00+00:00, run_after=2021-01-01 00:00:00+00:00
[2026-05-02T17:05:04.833+0000] {processor.py:208} INFO - Processing /usr/local/python/3.12.1/lib/python3.12/site-packages/airflow/example_dags/example_trigger_controller_dag.py took 0.056 seconds
[2026-05-02T17:06:00.076+0000] {processor.py:186} INFO - Started process (PID=41369) to work on /usr/local/python/3.12.1/lib/python3.12/site-packages/airflow/example_dags/example_trigger_controller_dag.py
[2026-05-02T17:06:00.077+0000] {processor.py:914} INFO - Processing file /usr/local/python/3.12.1/lib/python3.12/site-packages/airflow/example_dags/example_trigger_controller_dag.py for tasks to queue
[2026-05-02T17:06:00.078+0000] {logging_mixin.py:190} INFO - [2026-05-02T17:06:00.078+0000] {dagbag.py:588} INFO - Filling up the DagBag from /usr/local/python/3.12.1/lib/python3.12/site-packages/airflow/example_dags/example_trigger_controller_dag.py
[2026-05-02T17:06:00.084+0000] {processor.py:925} INFO - DAG(s) 'example_trigger_controller_dag' retrieved from /usr/local/python/3.12.1/lib/python3.12/site-packages/airflow/example_dags/example_trigger_controller_dag.py
[2026-05-02T17:06:00.096+0000] {logging_mixin.py:190} INFO - [2026-05-02T17:06:00.096+0000] {dag.py:3239} INFO - Sync 1 DAGs
[2026-05-02T17:06:00.113+0000] {logging_mixin.py:190} INFO - [2026-05-02T17:06:00.113+0000] {dag.py:4180} INFO - Setting next_dagrun for example_trigger_controller_dag to 2021-01-01 00:00:00+00:00, run_after=2021-01-01 00:00:00+00:00
[2026-05-02T17:06:00.130+0000] {processor.py:208} INFO - Processing /usr/local/python/3.12.1/lib/python3.12/site-packages/airflow/example_dags/example_trigger_controller_dag.py took 0.059 seconds
[2026-05-02T17:06:52.330+0000] {processor.py:186} INFO - Started process (PID=41955) to work on /usr/local/python/3.12.1/lib/python3.12/site-packages/airflow/example_dags/example_trigger_controller_dag.py
[2026-05-02T17:06:52.330+0000] {processor.py:914} INFO - Processing file /usr/local/python/3.12.1/lib/python3.12/site-packages/airflow/example_dags/example_trigger_controller_dag.py for tasks to queue
[2026-05-02T17:06:52.331+0000] {logging_mixin.py:190} INFO - [2026-05-02T17:06:52.331+0000] {dagbag.py:588} INFO - Filling up the DagBag from /usr/local/python/3.12.1/lib/python3.12/site-packages/airflow/example_dags/example_trigger_controller_dag.py
[2026-05-02T17:06:52.337+0000] {processor.py:925} INFO - DAG(s) 'example_trigger_controller_dag' retrieved from /usr/local/python/3.12.1/lib/python3.12/site-packages/airflow/example_dags/example_trigger_controller_dag.py
[2026-05-02T17:06:52.351+0000] {logging_mixin.py:190} INFO - [2026-05-02T17:06:52.351+0000] {dag.py:3239} INFO - Sync 1 DAGs
[2026-05-02T17:06:52.369+0000] {logging_mixin.py:190} INFO - [2026-05-02T17:06:52.369+0000] {dag.py:4180} INFO - Setting next_dagrun for example_trigger_controller_dag to 2021-01-01 00:00:00+00:00, run_after=2021-01-01 00:00:00+00:00
[2026-05-02T17:06:52.554+0000] {processor.py:208} INFO - Processing /usr/local/python/3.12.1/lib/python3.12/site-packages/airflow/example_dags/example_trigger_controller_dag.py took 0.229 seconds
[2026-05-02T17:07:49.059+0000] {processor.py:186} INFO - Started process (PID=42503) to work on /usr/local/python/3.12.1/lib/python3.12/site-packages/airflow/example_dags/example_trigger_controller_dag.py
[2026-05-02T17:07:49.060+0000] {processor.py:914} INFO - Processing file /usr/local/python/3.12.1/lib/python3.12/site-packages/airflow/example_dags/example_trigger_controller_dag.py for tasks to queue
[2026-05-02T17:07:49.061+0000] {logging_mixin.py:190} INFO - [2026-05-02T17:07:49.060+0000] {dagbag.py:588} INFO - Filling up the DagBag from /usr/local/python/3.12.1/lib/python3.12/site-packages/airflow/example_dags/example_trigger_controller_dag.py
[2026-05-02T17:07:49.067+0000] {processor.py:925} INFO - DAG(s) 'example_trigger_controller_dag' retrieved from /usr/local/python/3.12.1/lib/python3.12/site-packages/airflow/example_dags/example_trigger_controller_dag.py
[2026-05-02T17:07:49.078+0000] {logging_mixin.py:190} INFO - [2026-05-02T17:07:49.078+0000] {dag.py:3239} INFO - Sync 1 DAGs
[2026-05-02T17:07:49.093+0000] {logging_mixin.py:190} INFO - [2026-05-02T17:07:49.093+0000] {dag.py:4180} INFO - Setting next_dagrun for example_trigger_controller_dag to 2021-01-01 00:00:00+00:00, run_after=2021-01-01 00:00:00+00:00
[2026-05-02T17:07:49.110+0000] {processor.py:208} INFO - Processing /usr/local/python/3.12.1/lib/python3.12/site-packages/airflow/example_dags/example_trigger_controller_dag.py took 0.057 seconds
[2026-05-02T17:09:01.374+0000] {processor.py:186} INFO - Started process (PID=43844) to work on /usr/local/python/3.12.1/lib/python3.12/site-packages/airflow/example_dags/example_trigger_controller_dag.py
[2026-05-02T17:09:01.375+0000] {processor.py:914} INFO - Processing file /usr/local/python/3.12.1/lib/python3.12/site-packages/airflow/example_dags/example_trigger_controller_dag.py for tasks to queue
[2026-05-02T17:09:01.376+0000] {logging_mixin.py:190} INFO - [2026-05-02T17:09:01.376+0000] {dagbag.py:588} INFO - Filling up the DagBag from /usr/local/python/3.12.1/lib/python3.12/site-packages/airflow/example_dags/example_trigger_controller_dag.py
[2026-05-02T17:09:01.382+0000] {processor.py:925} INFO - DAG(s) 'example_trigger_controller_dag' retrieved from /usr/local/python/3.12.1/lib/python3.12/site-packages/airflow/example_dags/example_trigger_controller_dag.py
[2026-05-02T17:09:01.394+0000] {logging_mixin.py:190} INFO - [2026-05-02T17:09:01.394+0000] {dag.py:3239} INFO - Sync 1 DAGs
[2026-05-02T17:09:01.410+0000] {logging_mixin.py:190} INFO - [2026-05-02T17:09:01.410+0000] {dag.py:4180} INFO - Setting next_dagrun for example_trigger_controller_dag to 2021-01-01 00:00:00+00:00, run_after=2021-01-01 00:00:00+00:00
[2026-05-02T17:09:01.427+0000] {processor.py:208} INFO - Processing /usr/local/python/3.12.1/lib/python3.12/site-packages/airflow/example_dags/example_trigger_controller_dag.py took 0.057 seconds
[2026-05-02T17:10:00.257+0000] {processor.py:186} INFO - Started process (PID=44366) to work on /usr/local/python/3.12.1/lib/python3.12/site-packages/airflow/example_dags/example_trigger_controller_dag.py
[2026-05-02T17:10:00.257+0000] {processor.py:914} INFO - Processing file /usr/local/python/3.12.1/lib/python3.12/site-packages/airflow/example_dags/example_trigger_controller_dag.py for tasks to queue
[2026-05-02T17:10:00.259+0000] {logging_mixin.py:190} INFO - [2026-05-02T17:10:00.258+0000] {dagbag.py:588} INFO - Filling up the DagBag from /usr/local/python/3.12.1/lib/python3.12/site-packages/airflow/example_dags/example_trigger_controller_dag.py
[2026-05-02T17:10:00.265+0000] {processor.py:925} INFO - DAG(s) 'example_trigger_controller_dag' retrieved from /usr/local/python/3.12.1/lib/python3.12/site-packages/airflow/example_dags/example_trigger_controller_dag.py
[2026-05-02T17:10:00.411+0000] {logging_mixin.py:190} INFO - [2026-05-02T17:10:00.410+0000] {dag.py:3239} INFO - Sync 1 DAGs
[2026-05-02T17:10:00.425+0000] {logging_mixin.py:190} INFO - [2026-05-02T17:10:00.424+0000] {dag.py:4180} INFO - Setting next_dagrun for example_trigger_controller_dag to 2021-01-01 00:00:00+00:00, run_after=2021-01-01 00:00:00+00:00
[2026-05-02T17:10:00.440+0000] {processor.py:208} INFO - Processing /usr/local/python/3.12.1/lib/python3.12/site-packages/airflow/example_dags/example_trigger_controller_dag.py took 0.190 seconds
[2026-05-02T17:10:57.588+0000] {processor.py:186} INFO - Started process (PID=44864) to work on /usr/local/python/3.12.1/lib/python3.12/site-packages/airflow/example_dags/example_trigger_controller_dag.py
[2026-05-02T17:10:57.589+0000] {processor.py:914} INFO - Processing file /usr/local/python/3.12.1/lib/python3.12/site-packages/airflow/example_dags/example_trigger_controller_dag.py for tasks to queue
[2026-05-02T17:10:57.590+0000] {logging_mixin.py:190} INFO - [2026-05-02T17:10:57.590+0000] {dagbag.py:588} INFO - Filling up the DagBag from /usr/local/python/3.12.1/lib/python3.12/site-packages/airflow/example_dags/example_trigger_controller_dag.py
[2026-05-02T17:10:57.599+0000] {processor.py:925} INFO - DAG(s) 'example_trigger_controller_dag' retrieved from /usr/local/python/3.12.1/lib/python3.12/site-packages/airflow/example_dags/example_trigger_controller_dag.py
[2026-05-02T17:10:57.612+0000] {logging_mixin.py:190} INFO - [2026-05-02T17:10:57.611+0000] {dag.py:3239} INFO - Sync 1 DAGs
[2026-05-02T17:10:57.627+0000] {logging_mixin.py:190} INFO - [2026-05-02T17:10:57.627+0000] {dag.py:4180} INFO - Setting next_dagrun for example_trigger_controller_dag to 2021-01-01 00:00:00+00:00, run_after=2021-01-01 00:00:00+00:00
[2026-05-02T17:10:57.645+0000] {processor.py:208} INFO - Processing /usr/local/python/3.12.1/lib/python3.12/site-packages/airflow/example_dags/example_trigger_controller_dag.py took 0.061 seconds
[2026-05-02T17:11:50.225+0000] {processor.py:186} INFO - Started process (PID=45356) to work on /usr/local/python/3.12.1/lib/python3.12/site-packages/airflow/example_dags/example_trigger_controller_dag.py
[2026-05-02T17:11:50.226+0000] {processor.py:914} INFO - Processing file /usr/local/python/3.12.1/lib/python3.12/site-packages/airflow/example_dags/example_trigger_controller_dag.py for tasks to queue
[2026-05-02T17:11:50.227+0000] {logging_mixin.py:190} INFO - [2026-05-02T17:11:50.227+0000] {dagbag.py:588} INFO - Filling up the DagBag from /usr/local/python/3.12.1/lib/python3.12/site-packages/airflow/example_dags/example_trigger_controller_dag.py
[2026-05-02T17:11:50.233+0000] {processor.py:925} INFO - DAG(s) 'example_trigger_controller_dag' retrieved from /usr/local/python/3.12.1/lib/python3.12/site-packages/airflow/example_dags/example_trigger_controller_dag.py
[2026-05-02T17:11:50.251+0000] {logging_mixin.py:190} INFO - [2026-05-02T17:11:50.251+0000] {dag.py:3239} INFO - Sync 1 DAGs
[2026-05-02T17:11:50.277+0000] {logging_mixin.py:190} INFO - [2026-05-02T17:11:50.277+0000] {dag.py:4180} INFO - Setting next_dagrun for example_trigger_controller_dag to 2021-01-01 00:00:00+00:00, run_after=2021-01-01 00:00:00+00:00
[2026-05-02T17:11:50.298+0000] {processor.py:208} INFO - Processing /usr/local/python/3.12.1/lib/python3.12/site-packages/airflow/example_dags/example_trigger_controller_dag.py took 0.077 seconds
[2026-05-02T17:12:45.169+0000] {processor.py:186} INFO - Started process (PID=45964) to work on /usr/local/python/3.12.1/lib/python3.12/site-packages/airflow/example_dags/example_trigger_controller_dag.py
[2026-05-02T17:12:45.170+0000] {processor.py:914} INFO - Processing file /usr/local/python/3.12.1/lib/python3.12/site-packages/airflow/example_dags/example_trigger_controller_dag.py for tasks to queue
[2026-05-02T17:12:45.171+0000] {logging_mixin.py:190} INFO - [2026-05-02T17:12:45.170+0000] {dagbag.py:588} INFO - Filling up the DagBag from /usr/local/python/3.12.1/lib/python3.12/site-packages/airflow/example_dags/example_trigger_controller_dag.py
[2026-05-02T17:12:45.176+0000] {processor.py:925} INFO - DAG(s) 'example_trigger_controller_dag' retrieved from /usr/local/python/3.12.1/lib/python3.12/site-packages/airflow/example_dags/example_trigger_controller_dag.py
[2026-05-02T17:12:45.187+0000] {logging_mixin.py:190} INFO - [2026-05-02T17:12:45.187+0000] {dag.py:3239} INFO - Sync 1 DAGs
[2026-05-02T17:12:45.203+0000] {logging_mixin.py:190} INFO - [2026-05-02T17:12:45.203+0000] {dag.py:4180} INFO - Setting next_dagrun for example_trigger_controller_dag to 2021-01-01 00:00:00+00:00, run_after=2021-01-01 00:00:00+00:00
[2026-05-02T17:12:45.221+0000] {processor.py:208} INFO - Processing /usr/local/python/3.12.1/lib/python3.12/site-packages/airflow/example_dags/example_trigger_controller_dag.py took 0.056 seconds
[2026-05-02T17:13:54.847+0000] {processor.py:186} INFO - Started process (PID=47224) to work on /usr/local/python/3.12.1/lib/python3.12/site-packages/airflow/example_dags/example_trigger_controller_dag.py
[2026-05-02T17:13:54.849+0000] {processor.py:914} INFO - Processing file /usr/local/python/3.12.1/lib/python3.12/site-packages/airflow/example_dags/example_trigger_controller_dag.py for tasks to queue
[2026-05-02T17:13:54.850+0000] {logging_mixin.py:190} INFO - [2026-05-02T17:13:54.850+0000] {dagbag.py:588} INFO - Filling up the DagBag from /usr/local/python/3.12.1/lib/python3.12/site-packages/airflow/example_dags/example_trigger_controller_dag.py
[2026-05-02T17:13:54.858+0000] {processor.py:925} INFO - DAG(s) 'example_trigger_controller_dag' retrieved from /usr/local/python/3.12.1/lib/python3.12/site-packages/airflow/example_dags/example_trigger_controller_dag.py
[2026-05-02T17:13:54.870+0000] {logging_mixin.py:190} INFO - [2026-05-02T17:13:54.870+0000] {dag.py:3239} INFO - Sync 1 DAGs
[2026-05-02T17:13:54.886+0000] {logging_mixin.py:190} INFO - [2026-05-02T17:13:54.885+0000] {dag.py:4180} INFO - Setting next_dagrun for example_trigger_controller_dag to 2021-01-01 00:00:00+00:00, run_after=2021-01-01 00:00:00+00:00
[2026-05-02T17:13:54.903+0000] {processor.py:208} INFO - Processing /usr/local/python/3.12.1/lib/python3.12/site-packages/airflow/example_dags/example_trigger_controller_dag.py took 0.064 seconds
[2026-05-02T17:14:49.459+0000] {processor.py:186} INFO - Started process (PID=48322) to work on /usr/local/python/3.12.1/lib/python3.12/site-packages/airflow/example_dags/example_trigger_controller_dag.py
[2026-05-02T17:14:49.459+0000] {processor.py:914} INFO - Processing file /usr/local/python/3.12.1/lib/python3.12/site-packages/airflow/example_dags/example_trigger_controller_dag.py for tasks to queue
[2026-05-02T17:14:49.461+0000] {logging_mixin.py:190} INFO - [2026-05-02T17:14:49.460+0000] {dagbag.py:588} INFO - Filling up the DagBag from /usr/local/python/3.12.1/lib/python3.12/site-packages/airflow/example_dags/example_trigger_controller_dag.py
[2026-05-02T17:14:49.466+0000] {processor.py:925} INFO - DAG(s) 'example_trigger_controller_dag' retrieved from /usr/local/python/3.12.1/lib/python3.12/site-packages/airflow/example_dags/example_trigger_controller_dag.py
[2026-05-02T17:14:49.478+0000] {logging_mixin.py:190} INFO - [2026-05-02T17:14:49.478+0000] {dag.py:3239} INFO - Sync 1 DAGs
[2026-05-02T17:14:49.493+0000] {logging_mixin.py:190} INFO - [2026-05-02T17:14:49.493+0000] {dag.py:4180} INFO - Setting next_dagrun for example_trigger_controller_dag to 2021-01-01 00:00:00+00:00, run_after=2021-01-01 00:00:00+00:00
[2026-05-02T17:14:49.511+0000] {processor.py:208} INFO - Processing /usr/local/python/3.12.1/lib/python3.12/site-packages/airflow/example_dags/example_trigger_controller_dag.py took 0.058 seconds
[2026-05-02T17:15:43.371+0000] {processor.py:186} INFO - Started process (PID=49395) to work on /usr/local/python/3.12.1/lib/python3.12/site-packages/airflow/example_dags/example_trigger_controller_dag.py
[2026-05-02T17:15:43.372+0000] {processor.py:914} INFO - Processing file /usr/local/python/3.12.1/lib/python3.12/site-packages/airflow/example_dags/example_trigger_controller_dag.py for tasks to queue
[2026-05-02T17:15:43.373+0000] {logging_mixin.py:190} INFO - [2026-05-02T17:15:43.373+0000] {dagbag.py:588} INFO - Filling up the DagBag from /usr/local/python/3.12.1/lib/python3.12/site-packages/airflow/example_dags/example_trigger_controller_dag.py
[2026-05-02T17:15:43.379+0000] {processor.py:925} INFO - DAG(s) 'example_trigger_controller_dag' retrieved from /usr/local/python/3.12.1/lib/python3.12/site-packages/airflow/example_dags/example_trigger_controller_dag.py
[2026-05-02T17:15:43.390+0000] {logging_mixin.py:190} INFO - [2026-05-02T17:15:43.390+0000] {dag.py:3239} INFO - Sync 1 DAGs
[2026-05-02T17:15:43.406+0000] {logging_mixin.py:190} INFO - [2026-05-02T17:15:43.406+0000] {dag.py:4180} INFO - Setting next_dagrun for example_trigger_controller_dag to 2021-01-01 00:00:00+00:00, run_after=2021-01-01 00:00:00+00:00
[2026-05-02T17:15:43.423+0000] {processor.py:208} INFO - Processing /usr/local/python/3.12.1/lib/python3.12/site-packages/airflow/example_dags/example_trigger_controller_dag.py took 0.057 seconds
[2026-05-02T17:16:37.935+0000] {processor.py:186} INFO - Started process (PID=50476) to work on /usr/local/python/3.12.1/lib/python3.12/site-packages/airflow/example_dags/example_trigger_controller_dag.py
[2026-05-02T17:16:37.936+0000] {processor.py:914} INFO - Processing file /usr/local/python/3.12.1/lib/python3.12/site-packages/airflow/example_dags/example_trigger_controller_dag.py for tasks to queue
[2026-05-02T17:16:37.937+0000] {logging_mixin.py:190} INFO - [2026-05-02T17:16:37.937+0000] {dagbag.py:588} INFO - Filling up the DagBag from /usr/local/python/3.12.1/lib/python3.12/site-packages/airflow/example_dags/example_trigger_controller_dag.py
[2026-05-02T17:16:37.943+0000] {processor.py:925} INFO - DAG(s) 'example_trigger_controller_dag' retrieved from /usr/local/python/3.12.1/lib/python3.12/site-packages/airflow/example_dags/example_trigger_controller_dag.py
[2026-05-02T17:16:37.958+0000] {logging_mixin.py:190} INFO - [2026-05-02T17:16:37.958+0000] {dag.py:3239} INFO - Sync 1 DAGs
[2026-05-02T17:16:37.975+0000] {logging_mixin.py:190} INFO - [2026-05-02T17:16:37.974+0000] {dag.py:4180} INFO - Setting next_dagrun for example_trigger_controller_dag to 2021-01-01 00:00:00+00:00, run_after=2021-01-01 00:00:00+00:00
[2026-05-02T17:16:37.993+0000] {processor.py:208} INFO - Processing /usr/local/python/3.12.1/lib/python3.12/site-packages/airflow/example_dags/example_trigger_controller_dag.py took 0.062 seconds
[2026-05-02T17:17:30.963+0000] {processor.py:186} INFO - Started process (PID=51481) to work on /usr/local/python/3.12.1/lib/python3.12/site-packages/airflow/example_dags/example_trigger_controller_dag.py
[2026-05-02T17:17:30.963+0000] {processor.py:914} INFO - Processing file /usr/local/python/3.12.1/lib/python3.12/site-packages/airflow/example_dags/example_trigger_controller_dag.py for tasks to queue
[2026-05-02T17:17:30.965+0000] {logging_mixin.py:190} INFO - [2026-05-02T17:17:30.964+0000] {dagbag.py:588} INFO - Filling up the DagBag from /usr/local/python/3.12.1/lib/python3.12/site-packages/airflow/example_dags/example_trigger_controller_dag.py
[2026-05-02T17:17:30.971+0000] {processor.py:925} INFO - DAG(s) 'example_trigger_controller_dag' retrieved from /usr/local/python/3.12.1/lib/python3.12/site-packages/airflow/example_dags/example_trigger_controller_dag.py
[2026-05-02T17:17:30.982+0000] {logging_mixin.py:190} INFO - [2026-05-02T17:17:30.982+0000] {dag.py:3239} INFO - Sync 1 DAGs
[2026-05-02T17:17:30.999+0000] {logging_mixin.py:190} INFO - [2026-05-02T17:17:30.999+0000] {dag.py:4180} INFO - Setting next_dagrun for example_trigger_controller_dag to 2021-01-01 00:00:00+00:00, run_after=2021-01-01 00:00:00+00:00
[2026-05-02T17:17:31.017+0000] {processor.py:208} INFO - Processing /usr/local/python/3.12.1/lib/python3.12/site-packages/airflow/example_dags/example_trigger_controller_dag.py took 0.059 seconds
[2026-05-02T17:18:21.278+0000] {processor.py:186} INFO - Started process (PID=52470) to work on /usr/local/python/3.12.1/lib/python3.12/site-packages/airflow/example_dags/example_trigger_controller_dag.py
[2026-05-02T17:18:21.279+0000] {processor.py:914} INFO - Processing file /usr/local/python/3.12.1/lib/python3.12/site-packages/airflow/example_dags/example_trigger_controller_dag.py for tasks to queue
[2026-05-02T17:18:21.280+0000] {logging_mixin.py:190} INFO - [2026-05-02T17:18:21.279+0000] {dagbag.py:588} INFO - Filling up the DagBag from /usr/local/python/3.12.1/lib/python3.12/site-packages/airflow/example_dags/example_trigger_controller_dag.py
[2026-05-02T17:18:21.285+0000] {processor.py:925} INFO - DAG(s) 'example_trigger_controller_dag' retrieved from /usr/local/python/3.12.1/lib/python3.12/site-packages/airflow/example_dags/example_trigger_controller_dag.py
[2026-05-02T17:18:21.297+0000] {logging_mixin.py:190} INFO - [2026-05-02T17:18:21.297+0000] {dag.py:3239} INFO - Sync 1 DAGs
[2026-05-02T17:18:21.313+0000] {logging_mixin.py:190} INFO - [2026-05-02T17:18:21.312+0000] {dag.py:4180} INFO - Setting next_dagrun for example_trigger_controller_dag to 2021-01-01 00:00:00+00:00, run_after=2021-01-01 00:00:00+00:00
[2026-05-02T17:18:21.333+0000] {processor.py:208} INFO - Processing /usr/local/python/3.12.1/lib/python3.12/site-packages/airflow/example_dags/example_trigger_controller_dag.py took 0.060 seconds
[2026-05-02T17:19:02.259+0000] {processor.py:186} INFO - Started process (PID=53296) to work on /usr/local/python/3.12.1/lib/python3.12/site-packages/airflow/example_dags/example_trigger_controller_dag.py
[2026-05-02T17:19:02.260+0000] {processor.py:914} INFO - Processing file /usr/local/python/3.12.1/lib/python3.12/site-packages/airflow/example_dags/example_trigger_controller_dag.py for tasks to queue
[2026-05-02T17:19:02.261+0000] {logging_mixin.py:190} INFO - [2026-05-02T17:19:02.260+0000] {dagbag.py:588} INFO - Filling up the DagBag from /usr/local/python/3.12.1/lib/python3.12/site-packages/airflow/example_dags/example_trigger_controller_dag.py
[2026-05-02T17:19:02.267+0000] {processor.py:925} INFO - DAG(s) 'example_trigger_controller_dag' retrieved from /usr/local/python/3.12.1/lib/python3.12/site-packages/airflow/example_dags/example_trigger_controller_dag.py
[2026-05-02T17:19:02.279+0000] {logging_mixin.py:190} INFO - [2026-05-02T17:19:02.279+0000] {dag.py:3239} INFO - Sync 1 DAGs
[2026-05-02T17:19:02.294+0000] {logging_mixin.py:190} INFO - [2026-05-02T17:19:02.294+0000] {dag.py:4180} INFO - Setting next_dagrun for example_trigger_controller_dag to 2021-01-01 00:00:00+00:00, run_after=2021-01-01 00:00:00+00:00
[2026-05-02T17:19:02.312+0000] {processor.py:208} INFO - Processing /usr/local/python/3.12.1/lib/python3.12/site-packages/airflow/example_dags/example_trigger_controller_dag.py took 0.059 seconds
[2026-05-02T17:19:58.924+0000] {processor.py:186} INFO - Started process (PID=54441) to work on /usr/local/python/3.12.1/lib/python3.12/site-packages/airflow/example_dags/example_trigger_controller_dag.py
[2026-05-02T17:19:58.925+0000] {processor.py:914} INFO - Processing file /usr/local/python/3.12.1/lib/python3.12/site-packages/airflow/example_dags/example_trigger_controller_dag.py for tasks to queue
[2026-05-02T17:19:58.926+0000] {logging_mixin.py:190} INFO - [2026-05-02T17:19:58.926+0000] {dagbag.py:588} INFO - Filling up the DagBag from /usr/local/python/3.12.1/lib/python3.12/site-packages/airflow/example_dags/example_trigger_controller_dag.py
[2026-05-02T17:19:58.932+0000] {processor.py:925} INFO - DAG(s) 'example_trigger_controller_dag' retrieved from /usr/local/python/3.12.1/lib/python3.12/site-packages/airflow/example_dags/example_trigger_controller_dag.py
[2026-05-02T17:19:58.945+0000] {logging_mixin.py:190} INFO - [2026-05-02T17:19:58.945+0000] {dag.py:3239} INFO - Sync 1 DAGs
[2026-05-02T17:19:58.966+0000] {logging_mixin.py:190} INFO - [2026-05-02T17:19:58.965+0000] {dag.py:4180} INFO - Setting next_dagrun for example_trigger_controller_dag to 2021-01-01 00:00:00+00:00, run_after=2021-01-01 00:00:00+00:00
[2026-05-02T17:19:58.983+0000] {processor.py:208} INFO - Processing /usr/local/python/3.12.1/lib/python3.12/site-packages/airflow/example_dags/example_trigger_controller_dag.py took 0.064 seconds
[2026-05-02T17:20:53.190+0000] {processor.py:186} INFO - Started process (PID=55515) to work on /usr/local/python/3.12.1/lib/python3.12/site-packages/airflow/example_dags/example_trigger_controller_dag.py
[2026-05-02T17:20:53.190+0000] {processor.py:914} INFO - Processing file /usr/local/python/3.12.1/lib/python3.12/site-packages/airflow/example_dags/example_trigger_controller_dag.py for tasks to queue
[2026-05-02T17:20:53.191+0000] {logging_mixin.py:190} INFO - [2026-05-02T17:20:53.191+0000] {dagbag.py:588} INFO - Filling up the DagBag from /usr/local/python/3.12.1/lib/python3.12/site-packages/airflow/example_dags/example_trigger_controller_dag.py
[2026-05-02T17:20:53.197+0000] {processor.py:925} INFO - DAG(s) 'example_trigger_controller_dag' retrieved from /usr/local/python/3.12.1/lib/python3.12/site-packages/airflow/example_dags/example_trigger_controller_dag.py
[2026-05-02T17:20:53.210+0000] {logging_mixin.py:190} INFO - [2026-05-02T17:20:53.210+0000] {dag.py:3239} INFO - Sync 1 DAGs
[2026-05-02T17:20:53.226+0000] {logging_mixin.py:190} INFO - [2026-05-02T17:20:53.226+0000] {dag.py:4180} INFO - Setting next_dagrun for example_trigger_controller_dag to 2021-01-01 00:00:00+00:00, run_after=2021-01-01 00:00:00+00:00
[2026-05-02T17:20:53.245+0000] {processor.py:208} INFO - Processing /usr/local/python/3.12.1/lib/python3.12/site-packages/airflow/example_dags/example_trigger_controller_dag.py took 0.060 seconds
[2026-05-02T17:21:48.051+0000] {processor.py:186} INFO - Started process (PID=56616) to work on /usr/local/python/3.12.1/lib/python3.12/site-packages/airflow/example_dags/example_trigger_controller_dag.py
[2026-05-02T17:21:48.051+0000] {processor.py:914} INFO - Processing file /usr/local/python/3.12.1/lib/python3.12/site-packages/airflow/example_dags/example_trigger_controller_dag.py for tasks to queue
[2026-05-02T17:21:48.053+0000] {logging_mixin.py:190} INFO - [2026-05-02T17:21:48.052+0000] {dagbag.py:588} INFO - Filling up the DagBag from /usr/local/python/3.12.1/lib/python3.12/site-packages/airflow/example_dags/example_trigger_controller_dag.py
[2026-05-02T17:21:48.059+0000] {processor.py:925} INFO - DAG(s) 'example_trigger_controller_dag' retrieved from /usr/local/python/3.12.1/lib/python3.12/site-packages/airflow/example_dags/example_trigger_controller_dag.py
[2026-05-02T17:21:48.073+0000] {logging_mixin.py:190} INFO - [2026-05-02T17:21:48.073+0000] {dag.py:3239} INFO - Sync 1 DAGs
[2026-05-02T17:21:48.105+0000] {logging_mixin.py:190} INFO - [2026-05-02T17:21:48.105+0000] {dag.py:4180} INFO - Setting next_dagrun for example_trigger_controller_dag to 2021-01-01 00:00:00+00:00, run_after=2021-01-01 00:00:00+00:00
[2026-05-02T17:21:48.126+0000] {processor.py:208} INFO - Processing /usr/local/python/3.12.1/lib/python3.12/site-packages/airflow/example_dags/example_trigger_controller_dag.py took 0.080 seconds
[2026-05-02T17:22:39.075+0000] {processor.py:186} INFO - Started process (PID=57607) to work on /usr/local/python/3.12.1/lib/python3.12/site-packages/airflow/example_dags/example_trigger_controller_dag.py
[2026-05-02T17:22:39.076+0000] {processor.py:914} INFO - Processing file /usr/local/python/3.12.1/lib/python3.12/site-packages/airflow/example_dags/example_trigger_controller_dag.py for tasks to queue
[2026-05-02T17:22:39.077+0000] {logging_mixin.py:190} INFO - [2026-05-02T17:22:39.076+0000] {dagbag.py:588} INFO - Filling up the DagBag from /usr/local/python/3.12.1/lib/python3.12/site-packages/airflow/example_dags/example_trigger_controller_dag.py
[2026-05-02T17:22:39.082+0000] {processor.py:925} INFO - DAG(s) 'example_trigger_controller_dag' retrieved from /usr/local/python/3.12.1/lib/python3.12/site-packages/airflow/example_dags/example_trigger_controller_dag.py
[2026-05-02T17:22:39.094+0000] {logging_mixin.py:190} INFO - [2026-05-02T17:22:39.094+0000] {dag.py:3239} INFO - Sync 1 DAGs
[2026-05-02T17:22:39.110+0000] {logging_mixin.py:190} INFO - [2026-05-02T17:22:39.110+0000] {dag.py:4180} INFO - Setting next_dagrun for example_trigger_controller_dag to 2021-01-01 00:00:00+00:00, run_after=2021-01-01 00:00:00+00:00
[2026-05-02T17:22:39.129+0000] {processor.py:208} INFO - Processing /usr/local/python/3.12.1/lib/python3.12/site-packages/airflow/example_dags/example_trigger_controller_dag.py took 0.059 seconds
[2026-05-02T17:23:33.314+0000] {processor.py:186} INFO - Started process (PID=58687) to work on /usr/local/python/3.12.1/lib/python3.12/site-packages/airflow/example_dags/example_trigger_controller_dag.py
[2026-05-02T17:23:33.314+0000] {processor.py:914} INFO - Processing file /usr/local/python/3.12.1/lib/python3.12/site-packages/airflow/example_dags/example_trigger_controller_dag.py for tasks to queue
[2026-05-02T17:23:33.315+0000] {logging_mixin.py:190} INFO - [2026-05-02T17:23:33.315+0000] {dagbag.py:588} INFO - Filling up the DagBag from /usr/local/python/3.12.1/lib/python3.12/site-packages/airflow/example_dags/example_trigger_controller_dag.py
[2026-05-02T17:23:33.321+0000] {processor.py:925} INFO - DAG(s) 'example_trigger_controller_dag' retrieved from /usr/local/python/3.12.1/lib/python3.12/site-packages/airflow/example_dags/example_trigger_controller_dag.py
[2026-05-02T17:23:33.334+0000] {logging_mixin.py:190} INFO - [2026-05-02T17:23:33.333+0000] {dag.py:3239} INFO - Sync 1 DAGs
[2026-05-02T17:23:33.354+0000] {logging_mixin.py:190} INFO - [2026-05-02T17:23:33.354+0000] {dag.py:4180} INFO - Setting next_dagrun for example_trigger_controller_dag to 2021-01-01 00:00:00+00:00, run_after=2021-01-01 00:00:00+00:00
[2026-05-02T17:23:33.374+0000] {processor.py:208} INFO - Processing /usr/local/python/3.12.1/lib/python3.12/site-packages/airflow/example_dags/example_trigger_controller_dag.py took 0.065 seconds
[2026-05-02T17:24:32.960+0000] {processor.py:186} INFO - Started process (PID=59274) to work on /usr/local/python/3.12.1/lib/python3.12/site-packages/airflow/example_dags/example_trigger_controller_dag.py
[2026-05-02T17:24:32.960+0000] {processor.py:914} INFO - Processing file /usr/local/python/3.12.1/lib/python3.12/site-packages/airflow/example_dags/example_trigger_controller_dag.py for tasks to queue
[2026-05-02T17:24:32.961+0000] {logging_mixin.py:190} INFO - [2026-05-02T17:24:32.961+0000] {dagbag.py:588} INFO - Filling up the DagBag from /usr/local/python/3.12.1/lib/python3.12/site-packages/airflow/example_dags/example_trigger_controller_dag.py
[2026-05-02T17:24:32.967+0000] {processor.py:925} INFO - DAG(s) 'example_trigger_controller_dag' retrieved from /usr/local/python/3.12.1/lib/python3.12/site-packages/airflow/example_dags/example_trigger_controller_dag.py
[2026-05-02T17:24:32.979+0000] {logging_mixin.py:190} INFO - [2026-05-02T17:24:32.979+0000] {dag.py:3239} INFO - Sync 1 DAGs
[2026-05-02T17:24:32.996+0000] {logging_mixin.py:190} INFO - [2026-05-02T17:24:32.996+0000] {dag.py:4180} INFO - Setting next_dagrun for example_trigger_controller_dag to 2021-01-01 00:00:00+00:00, run_after=2021-01-01 00:00:00+00:00
[2026-05-02T17:24:33.013+0000] {processor.py:208} INFO - Processing /usr/local/python/3.12.1/lib/python3.12/site-packages/airflow/example_dags/example_trigger_controller_dag.py took 0.059 seconds
[2026-05-02T17:25:25.426+0000] {processor.py:186} INFO - Started process (PID=59677) to work on /usr/local/python/3.12.1/lib/python3.12/site-packages/airflow/example_dags/example_trigger_controller_dag.py
[2026-05-02T17:25:25.427+0000] {processor.py:914} INFO - Processing file /usr/local/python/3.12.1/lib/python3.12/site-packages/airflow/example_dags/example_trigger_controller_dag.py for tasks to queue
[2026-05-02T17:25:25.428+0000] {logging_mixin.py:190} INFO - [2026-05-02T17:25:25.428+0000] {dagbag.py:588} INFO - Filling up the DagBag from /usr/local/python/3.12.1/lib/python3.12/site-packages/airflow/example_dags/example_trigger_controller_dag.py
[2026-05-02T17:25:25.434+0000] {processor.py:925} INFO - DAG(s) 'example_trigger_controller_dag' retrieved from /usr/local/python/3.12.1/lib/python3.12/site-packages/airflow/example_dags/example_trigger_controller_dag.py
[2026-05-02T17:25:25.447+0000] {logging_mixin.py:190} INFO - [2026-05-02T17:25:25.447+0000] {dag.py:3239} INFO - Sync 1 DAGs
[2026-05-02T17:25:25.464+0000] {logging_mixin.py:190} INFO - [2026-05-02T17:25:25.464+0000] {dag.py:4180} INFO - Setting next_dagrun for example_trigger_controller_dag to 2021-01-01 00:00:00+00:00, run_after=2021-01-01 00:00:00+00:00
[2026-05-02T17:25:25.483+0000] {processor.py:208} INFO - Processing /usr/local/python/3.12.1/lib/python3.12/site-packages/airflow/example_dags/example_trigger_controller_dag.py took 0.061 seconds
[2026-05-02T17:26:19.722+0000] {processor.py:186} INFO - Started process (PID=60148) to work on /usr/local/python/3.12.1/lib/python3.12/site-packages/airflow/example_dags/example_trigger_controller_dag.py
[2026-05-02T17:26:19.723+0000] {processor.py:914} INFO - Processing file /usr/local/python/3.12.1/lib/python3.12/site-packages/airflow/example_dags/example_trigger_controller_dag.py for tasks to queue
[2026-05-02T17:26:19.724+0000] {logging_mixin.py:190} INFO - [2026-05-02T17:26:19.723+0000] {dagbag.py:588} INFO - Filling up the DagBag from /usr/local/python/3.12.1/lib/python3.12/site-packages/airflow/example_dags/example_trigger_controller_dag.py
[2026-05-02T17:26:19.730+0000] {processor.py:925} INFO - DAG(s) 'example_trigger_controller_dag' retrieved from /usr/local/python/3.12.1/lib/python3.12/site-packages/airflow/example_dags/example_trigger_controller_dag.py
[2026-05-02T17:26:19.742+0000] {logging_mixin.py:190} INFO - [2026-05-02T17:26:19.742+0000] {dag.py:3239} INFO - Sync 1 DAGs
[2026-05-02T17:26:19.762+0000] {logging_mixin.py:190} INFO - [2026-05-02T17:26:19.762+0000] {dag.py:4180} INFO - Setting next_dagrun for example_trigger_controller_dag to 2021-01-01 00:00:00+00:00, run_after=2021-01-01 00:00:00+00:00
[2026-05-02T17:26:19.778+0000] {processor.py:208} INFO - Processing /usr/local/python/3.12.1/lib/python3.12/site-packages/airflow/example_dags/example_trigger_controller_dag.py took 0.061 seconds
[2026-05-02T17:27:10.643+0000] {processor.py:186} INFO - Started process (PID=60603) to work on /usr/local/python/3.12.1/lib/python3.12/site-packages/airflow/example_dags/example_trigger_controller_dag.py
[2026-05-02T17:27:10.644+0000] {processor.py:914} INFO - Processing file /usr/local/python/3.12.1/lib/python3.12/site-packages/airflow/example_dags/example_trigger_controller_dag.py for tasks to queue
[2026-05-02T17:27:10.645+0000] {logging_mixin.py:190} INFO - [2026-05-02T17:27:10.645+0000] {dagbag.py:588} INFO - Filling up the DagBag from /usr/local/python/3.12.1/lib/python3.12/site-packages/airflow/example_dags/example_trigger_controller_dag.py
[2026-05-02T17:27:10.652+0000] {processor.py:925} INFO - DAG(s) 'example_trigger_controller_dag' retrieved from /usr/local/python/3.12.1/lib/python3.12/site-packages/airflow/example_dags/example_trigger_controller_dag.py
[2026-05-02T17:27:10.666+0000] {logging_mixin.py:190} INFO - [2026-05-02T17:27:10.666+0000] {dag.py:3239} INFO - Sync 1 DAGs
[2026-05-02T17:27:10.681+0000] {logging_mixin.py:190} INFO - [2026-05-02T17:27:10.681+0000] {dag.py:4180} INFO - Setting next_dagrun for example_trigger_controller_dag to 2021-01-01 00:00:00+00:00, run_after=2021-01-01 00:00:00+00:00
[2026-05-02T17:27:10.697+0000] {processor.py:208} INFO - Processing /usr/local/python/3.12.1/lib/python3.12/site-packages/airflow/example_dags/example_trigger_controller_dag.py took 0.060 seconds
[2026-05-02T17:28:02.242+0000] {processor.py:186} INFO - Started process (PID=61121) to work on /usr/local/python/3.12.1/lib/python3.12/site-packages/airflow/example_dags/example_trigger_controller_dag.py
[2026-05-02T17:28:02.243+0000] {processor.py:914} INFO - Processing file /usr/local/python/3.12.1/lib/python3.12/site-packages/airflow/example_dags/example_trigger_controller_dag.py for tasks to queue
[2026-05-02T17:28:02.244+0000] {logging_mixin.py:190} INFO - [2026-05-02T17:28:02.244+0000] {dagbag.py:588} INFO - Filling up the DagBag from /usr/local/python/3.12.1/lib/python3.12/site-packages/airflow/example_dags/example_trigger_controller_dag.py
[2026-05-02T17:28:02.252+0000] {processor.py:925} INFO - DAG(s) 'example_trigger_controller_dag' retrieved from /usr/local/python/3.12.1/lib/python3.12/site-packages/airflow/example_dags/example_trigger_controller_dag.py
[2026-05-02T17:28:02.266+0000] {logging_mixin.py:190} INFO - [2026-05-02T17:28:02.265+0000] {dag.py:3239} INFO - Sync 1 DAGs
[2026-05-02T17:28:02.285+0000] {logging_mixin.py:190} INFO - [2026-05-02T17:28:02.285+0000] {dag.py:4180} INFO - Setting next_dagrun for example_trigger_controller_dag to 2021-01-01 00:00:00+00:00, run_after=2021-01-01 00:00:00+00:00
[2026-05-02T17:28:02.302+0000] {processor.py:208} INFO - Processing /usr/local/python/3.12.1/lib/python3.12/site-packages/airflow/example_dags/example_trigger_controller_dag.py took 0.065 seconds
[2026-05-02T17:28:56.003+0000] {processor.py:186} INFO - Started process (PID=61604) to work on /usr/local/python/3.12.1/lib/python3.12/site-packages/airflow/example_dags/example_trigger_controller_dag.py
[2026-05-02T17:28:56.004+0000] {processor.py:914} INFO - Processing file /usr/local/python/3.12.1/lib/python3.12/site-packages/airflow/example_dags/example_trigger_controller_dag.py for tasks to queue
[2026-05-02T17:28:56.005+0000] {logging_mixin.py:190} INFO - [2026-05-02T17:28:56.004+0000] {dagbag.py:588} INFO - Filling up the DagBag from /usr/local/python/3.12.1/lib/python3.12/site-packages/airflow/example_dags/example_trigger_controller_dag.py
[2026-05-02T17:28:56.011+0000] {processor.py:925} INFO - DAG(s) 'example_trigger_controller_dag' retrieved from /usr/local/python/3.12.1/lib/python3.12/site-packages/airflow/example_dags/example_trigger_controller_dag.py
[2026-05-02T17:28:56.023+0000] {logging_mixin.py:190} INFO - [2026-05-02T17:28:56.022+0000] {dag.py:3239} INFO - Sync 1 DAGs
[2026-05-02T17:28:56.041+0000] {logging_mixin.py:190} INFO - [2026-05-02T17:28:56.041+0000] {dag.py:4180} INFO - Setting next_dagrun for example_trigger_controller_dag to 2021-01-01 00:00:00+00:00, run_after=2021-01-01 00:00:00+00:00
[2026-05-02T17:28:56.061+0000] {processor.py:208} INFO - Processing /usr/local/python/3.12.1/lib/python3.12/site-packages/airflow/example_dags/example_trigger_controller_dag.py took 0.063 seconds
[2026-05-02T17:29:46.310+0000] {processor.py:186} INFO - Started process (PID=62060) to work on /usr/local/python/3.12.1/lib/python3.12/site-packages/airflow/example_dags/example_trigger_controller_dag.py
[2026-05-02T17:29:46.311+0000] {processor.py:914} INFO - Processing file /usr/local/python/3.12.1/lib/python3.12/site-packages/airflow/example_dags/example_trigger_controller_dag.py for tasks to queue
[2026-05-02T17:29:46.312+0000] {logging_mixin.py:190} INFO - [2026-05-02T17:29:46.312+0000] {dagbag.py:588} INFO - Filling up the DagBag from /usr/local/python/3.12.1/lib/python3.12/site-packages/airflow/example_dags/example_trigger_controller_dag.py
[2026-05-02T17:29:46.318+0000] {processor.py:925} INFO - DAG(s) 'example_trigger_controller_dag' retrieved from /usr/local/python/3.12.1/lib/python3.12/site-packages/airflow/example_dags/example_trigger_controller_dag.py
[2026-05-02T17:29:46.329+0000] {logging_mixin.py:190} INFO - [2026-05-02T17:29:46.329+0000] {dag.py:3239} INFO - Sync 1 DAGs
[2026-05-02T17:29:46.347+0000] {logging_mixin.py:190} INFO - [2026-05-02T17:29:46.346+0000] {dag.py:4180} INFO - Setting next_dagrun for example_trigger_controller_dag to 2021-01-01 00:00:00+00:00, run_after=2021-01-01 00:00:00+00:00
[2026-05-02T17:29:46.369+0000] {processor.py:208} INFO - Processing /usr/local/python/3.12.1/lib/python3.12/site-packages/airflow/example_dags/example_trigger_controller_dag.py took 0.063 seconds
[2026-05-02T17:30:40.563+0000] {processor.py:186} INFO - Started process (PID=62619) to work on /usr/local/python/3.12.1/lib/python3.12/site-packages/airflow/example_dags/example_trigger_controller_dag.py
[2026-05-02T17:30:40.564+0000] {processor.py:914} INFO - Processing file /usr/local/python/3.12.1/lib/python3.12/site-packages/airflow/example_dags/example_trigger_controller_dag.py for tasks to queue
[2026-05-02T17:30:40.565+0000] {logging_mixin.py:190} INFO - [2026-05-02T17:30:40.564+0000] {dagbag.py:588} INFO - Filling up the DagBag from /usr/local/python/3.12.1/lib/python3.12/site-packages/airflow/example_dags/example_trigger_controller_dag.py
[2026-05-02T17:30:40.570+0000] {processor.py:925} INFO - DAG(s) 'example_trigger_controller_dag' retrieved from /usr/local/python/3.12.1/lib/python3.12/site-packages/airflow/example_dags/example_trigger_controller_dag.py
[2026-05-02T17:30:40.582+0000] {logging_mixin.py:190} INFO - [2026-05-02T17:30:40.582+0000] {dag.py:3239} INFO - Sync 1 DAGs
[2026-05-02T17:30:40.598+0000] {logging_mixin.py:190} INFO - [2026-05-02T17:30:40.598+0000] {dag.py:4180} INFO - Setting next_dagrun for example_trigger_controller_dag to 2021-01-01 00:00:00+00:00, run_after=2021-01-01 00:00:00+00:00
[2026-05-02T17:30:40.614+0000] {processor.py:208} INFO - Processing /usr/local/python/3.12.1/lib/python3.12/site-packages/airflow/example_dags/example_trigger_controller_dag.py took 0.056 seconds
[2026-05-02T17:31:37.162+0000] {processor.py:186} INFO - Started process (PID=63137) to work on /usr/local/python/3.12.1/lib/python3.12/site-packages/airflow/example_dags/example_trigger_controller_dag.py
[2026-05-02T17:31:37.163+0000] {processor.py:914} INFO - Processing file /usr/local/python/3.12.1/lib/python3.12/site-packages/airflow/example_dags/example_trigger_controller_dag.py for tasks to queue
[2026-05-02T17:31:37.164+0000] {logging_mixin.py:190} INFO - [2026-05-02T17:31:37.163+0000] {dagbag.py:588} INFO - Filling up the DagBag from /usr/local/python/3.12.1/lib/python3.12/site-packages/airflow/example_dags/example_trigger_controller_dag.py
[2026-05-02T17:31:37.169+0000] {processor.py:925} INFO - DAG(s) 'example_trigger_controller_dag' retrieved from /usr/local/python/3.12.1/lib/python3.12/site-packages/airflow/example_dags/example_trigger_controller_dag.py
[2026-05-02T17:31:37.180+0000] {logging_mixin.py:190} INFO - [2026-05-02T17:31:37.180+0000] {dag.py:3239} INFO - Sync 1 DAGs
[2026-05-02T17:31:37.196+0000] {logging_mixin.py:190} INFO - [2026-05-02T17:31:37.195+0000] {dag.py:4180} INFO - Setting next_dagrun for example_trigger_controller_dag to 2021-01-01 00:00:00+00:00, run_after=2021-01-01 00:00:00+00:00
[2026-05-02T17:31:37.212+0000] {processor.py:208} INFO - Processing /usr/local/python/3.12.1/lib/python3.12/site-packages/airflow/example_dags/example_trigger_controller_dag.py took 0.055 seconds
[2026-05-02T17:32:30.331+0000] {processor.py:186} INFO - Started process (PID=63808) to work on /usr/local/python/3.12.1/lib/python3.12/site-packages/airflow/example_dags/example_trigger_controller_dag.py
[2026-05-02T17:32:30.332+0000] {processor.py:914} INFO - Processing file /usr/local/python/3.12.1/lib/python3.12/site-packages/airflow/example_dags/example_trigger_controller_dag.py for tasks to queue
[2026-05-02T17:32:30.333+0000] {logging_mixin.py:190} INFO - [2026-05-02T17:32:30.332+0000] {dagbag.py:588} INFO - Filling up the DagBag from /usr/local/python/3.12.1/lib/python3.12/site-packages/airflow/example_dags/example_trigger_controller_dag.py
[2026-05-02T17:32:30.339+0000] {processor.py:925} INFO - DAG(s) 'example_trigger_controller_dag' retrieved from /usr/local/python/3.12.1/lib/python3.12/site-packages/airflow/example_dags/example_trigger_controller_dag.py
[2026-05-02T17:32:30.356+0000] {logging_mixin.py:190} INFO - [2026-05-02T17:32:30.355+0000] {dag.py:3239} INFO - Sync 1 DAGs
[2026-05-02T17:32:30.374+0000] {logging_mixin.py:190} INFO - [2026-05-02T17:32:30.373+0000] {dag.py:4180} INFO - Setting next_dagrun for example_trigger_controller_dag to 2021-01-01 00:00:00+00:00, run_after=2021-01-01 00:00:00+00:00
[2026-05-02T17:32:30.390+0000] {processor.py:208} INFO - Processing /usr/local/python/3.12.1/lib/python3.12/site-packages/airflow/example_dags/example_trigger_controller_dag.py took 0.063 seconds
[2026-05-02T17:33:23.613+0000] {processor.py:186} INFO - Started process (PID=64270) to work on /usr/local/python/3.12.1/lib/python3.12/site-packages/airflow/example_dags/example_trigger_controller_dag.py
[2026-05-02T17:33:23.614+0000] {processor.py:914} INFO - Processing file /usr/local/python/3.12.1/lib/python3.12/site-packages/airflow/example_dags/example_trigger_controller_dag.py for tasks to queue
[2026-05-02T17:33:23.615+0000] {logging_mixin.py:190} INFO - [2026-05-02T17:33:23.615+0000] {dagbag.py:588} INFO - Filling up the DagBag from /usr/local/python/3.12.1/lib/python3.12/site-packages/airflow/example_dags/example_trigger_controller_dag.py
[2026-05-02T17:33:23.624+0000] {processor.py:925} INFO - DAG(s) 'example_trigger_controller_dag' retrieved from /usr/local/python/3.12.1/lib/python3.12/site-packages/airflow/example_dags/example_trigger_controller_dag.py
[2026-05-02T17:33:23.645+0000] {logging_mixin.py:190} INFO - [2026-05-02T17:33:23.645+0000] {dag.py:3239} INFO - Sync 1 DAGs
[2026-05-02T17:33:23.673+0000] {logging_mixin.py:190} INFO - [2026-05-02T17:33:23.673+0000] {dag.py:4180} INFO - Setting next_dagrun for example_trigger_controller_dag to 2021-01-01 00:00:00+00:00, run_after=2021-01-01 00:00:00+00:00
[2026-05-02T17:33:23.713+0000] {processor.py:208} INFO - Processing /usr/local/python/3.12.1/lib/python3.12/site-packages/airflow/example_dags/example_trigger_controller_dag.py took 0.107 seconds
[2026-05-02T17:34:15.393+0000] {processor.py:186} INFO - Started process (PID=64790) to work on /usr/local/python/3.12.1/lib/python3.12/site-packages/airflow/example_dags/example_trigger_controller_dag.py
[2026-05-02T17:34:15.394+0000] {processor.py:914} INFO - Processing file /usr/local/python/3.12.1/lib/python3.12/site-packages/airflow/example_dags/example_trigger_controller_dag.py for tasks to queue
[2026-05-02T17:34:15.395+0000] {logging_mixin.py:190} INFO - [2026-05-02T17:34:15.394+0000] {dagbag.py:588} INFO - Filling up the DagBag from /usr/local/python/3.12.1/lib/python3.12/site-packages/airflow/example_dags/example_trigger_controller_dag.py
[2026-05-02T17:34:15.401+0000] {processor.py:925} INFO - DAG(s) 'example_trigger_controller_dag' retrieved from /usr/local/python/3.12.1/lib/python3.12/site-packages/airflow/example_dags/example_trigger_controller_dag.py
[2026-05-02T17:34:15.413+0000] {logging_mixin.py:190} INFO - [2026-05-02T17:34:15.412+0000] {dag.py:3239} INFO - Sync 1 DAGs
[2026-05-02T17:34:15.428+0000] {logging_mixin.py:190} INFO - [2026-05-02T17:34:15.428+0000] {dag.py:4180} INFO - Setting next_dagrun for example_trigger_controller_dag to 2021-01-01 00:00:00+00:00, run_after=2021-01-01 00:00:00+00:00
[2026-05-02T17:34:15.445+0000] {processor.py:208} INFO - Processing /usr/local/python/3.12.1/lib/python3.12/site-packages/airflow/example_dags/example_trigger_controller_dag.py took 0.057 seconds
[2026-05-02T17:35:29.022+0000] {processor.py:186} INFO - Started process (PID=66149) to work on /usr/local/python/3.12.1/lib/python3.12/site-packages/airflow/example_dags/example_trigger_controller_dag.py
[2026-05-02T17:35:29.022+0000] {processor.py:914} INFO - Processing file /usr/local/python/3.12.1/lib/python3.12/site-packages/airflow/example_dags/example_trigger_controller_dag.py for tasks to queue
[2026-05-02T17:35:29.023+0000] {logging_mixin.py:190} INFO - [2026-05-02T17:35:29.023+0000] {dagbag.py:588} INFO - Filling up the DagBag from /usr/local/python/3.12.1/lib/python3.12/site-packages/airflow/example_dags/example_trigger_controller_dag.py
[2026-05-02T17:35:29.030+0000] {processor.py:925} INFO - DAG(s) 'example_trigger_controller_dag' retrieved from /usr/local/python/3.12.1/lib/python3.12/site-packages/airflow/example_dags/example_trigger_controller_dag.py
[2026-05-02T17:35:29.043+0000] {logging_mixin.py:190} INFO - [2026-05-02T17:35:29.043+0000] {dag.py:3239} INFO - Sync 1 DAGs
[2026-05-02T17:35:29.062+0000] {logging_mixin.py:190} INFO - [2026-05-02T17:35:29.062+0000] {dag.py:4180} INFO - Setting next_dagrun for example_trigger_controller_dag to 2021-01-01 00:00:00+00:00, run_after=2021-01-01 00:00:00+00:00
[2026-05-02T17:35:29.079+0000] {processor.py:208} INFO - Processing /usr/local/python/3.12.1/lib/python3.12/site-packages/airflow/example_dags/example_trigger_controller_dag.py took 0.062 seconds
[2026-05-02T17:36:21.754+0000] {processor.py:186} INFO - Started process (PID=66671) to work on /usr/local/python/3.12.1/lib/python3.12/site-packages/airflow/example_dags/example_trigger_controller_dag.py
[2026-05-02T17:36:21.754+0000] {processor.py:914} INFO - Processing file /usr/local/python/3.12.1/lib/python3.12/site-packages/airflow/example_dags/example_trigger_controller_dag.py for tasks to queue
[2026-05-02T17:36:21.756+0000] {logging_mixin.py:190} INFO - [2026-05-02T17:36:21.755+0000] {dagbag.py:588} INFO - Filling up the DagBag from /usr/local/python/3.12.1/lib/python3.12/site-packages/airflow/example_dags/example_trigger_controller_dag.py
[2026-05-02T17:36:21.763+0000] {processor.py:925} INFO - DAG(s) 'example_trigger_controller_dag' retrieved from /usr/local/python/3.12.1/lib/python3.12/site-packages/airflow/example_dags/example_trigger_controller_dag.py
[2026-05-02T17:36:21.775+0000] {logging_mixin.py:190} INFO - [2026-05-02T17:36:21.775+0000] {dag.py:3239} INFO - Sync 1 DAGs
[2026-05-02T17:36:21.792+0000] {logging_mixin.py:190} INFO - [2026-05-02T17:36:21.791+0000] {dag.py:4180} INFO - Setting next_dagrun for example_trigger_controller_dag to 2021-01-01 00:00:00+00:00, run_after=2021-01-01 00:00:00+00:00
[2026-05-02T17:36:21.808+0000] {processor.py:208} INFO - Processing /usr/local/python/3.12.1/lib/python3.12/site-packages/airflow/example_dags/example_trigger_controller_dag.py took 0.061 seconds
[2026-05-02T17:37:24.177+0000] {processor.py:186} INFO - Started process (PID=67700) to work on /usr/local/python/3.12.1/lib/python3.12/site-packages/airflow/example_dags/example_trigger_controller_dag.py
[2026-05-02T17:37:24.178+0000] {processor.py:914} INFO - Processing file /usr/local/python/3.12.1/lib/python3.12/site-packages/airflow/example_dags/example_trigger_controller_dag.py for tasks to queue
[2026-05-02T17:37:24.179+0000] {logging_mixin.py:190} INFO - [2026-05-02T17:37:24.179+0000] {dagbag.py:588} INFO - Filling up the DagBag from /usr/local/python/3.12.1/lib/python3.12/site-packages/airflow/example_dags/example_trigger_controller_dag.py
[2026-05-02T17:37:24.184+0000] {processor.py:925} INFO - DAG(s) 'example_trigger_controller_dag' retrieved from /usr/local/python/3.12.1/lib/python3.12/site-packages/airflow/example_dags/example_trigger_controller_dag.py
[2026-05-02T17:37:24.196+0000] {logging_mixin.py:190} INFO - [2026-05-02T17:37:24.196+0000] {dag.py:3239} INFO - Sync 1 DAGs
[2026-05-02T17:37:24.211+0000] {logging_mixin.py:190} INFO - [2026-05-02T17:37:24.211+0000] {dag.py:4180} INFO - Setting next_dagrun for example_trigger_controller_dag to 2021-01-01 00:00:00+00:00, run_after=2021-01-01 00:00:00+00:00
[2026-05-02T17:37:24.228+0000] {processor.py:208} INFO - Processing /usr/local/python/3.12.1/lib/python3.12/site-packages/airflow/example_dags/example_trigger_controller_dag.py took 0.055 seconds
[2026-05-02T17:38:26.206+0000] {processor.py:186} INFO - Started process (PID=68376) to work on /usr/local/python/3.12.1/lib/python3.12/site-packages/airflow/example_dags/example_trigger_controller_dag.py
[2026-05-02T17:38:26.207+0000] {processor.py:914} INFO - Processing file /usr/local/python/3.12.1/lib/python3.12/site-packages/airflow/example_dags/example_trigger_controller_dag.py for tasks to queue
[2026-05-02T17:38:26.208+0000] {logging_mixin.py:190} INFO - [2026-05-02T17:38:26.208+0000] {dagbag.py:588} INFO - Filling up the DagBag from /usr/local/python/3.12.1/lib/python3.12/site-packages/airflow/example_dags/example_trigger_controller_dag.py
[2026-05-02T17:38:26.214+0000] {processor.py:925} INFO - DAG(s) 'example_trigger_controller_dag' retrieved from /usr/local/python/3.12.1/lib/python3.12/site-packages/airflow/example_dags/example_trigger_controller_dag.py
[2026-05-02T17:38:26.226+0000] {logging_mixin.py:190} INFO - [2026-05-02T17:38:26.226+0000] {dag.py:3239} INFO - Sync 1 DAGs
[2026-05-02T17:38:26.244+0000] {logging_mixin.py:190} INFO - [2026-05-02T17:38:26.244+0000] {dag.py:4180} INFO - Setting next_dagrun for example_trigger_controller_dag to 2021-01-01 00:00:00+00:00, run_after=2021-01-01 00:00:00+00:00
[2026-05-02T17:38:26.264+0000] {processor.py:208} INFO - Processing /usr/local/python/3.12.1/lib/python3.12/site-packages/airflow/example_dags/example_trigger_controller_dag.py took 0.062 seconds
[2026-05-02T17:39:16.489+0000] {processor.py:186} INFO - Started process (PID=68811) to work on /usr/local/python/3.12.1/lib/python3.12/site-packages/airflow/example_dags/example_trigger_controller_dag.py
[2026-05-02T17:39:16.489+0000] {processor.py:914} INFO - Processing file /usr/local/python/3.12.1/lib/python3.12/site-packages/airflow/example_dags/example_trigger_controller_dag.py for tasks to queue
[2026-05-02T17:39:16.490+0000] {logging_mixin.py:190} INFO - [2026-05-02T17:39:16.490+0000] {dagbag.py:588} INFO - Filling up the DagBag from /usr/local/python/3.12.1/lib/python3.12/site-packages/airflow/example_dags/example_trigger_controller_dag.py
[2026-05-02T17:39:16.496+0000] {processor.py:925} INFO - DAG(s) 'example_trigger_controller_dag' retrieved from /usr/local/python/3.12.1/lib/python3.12/site-packages/airflow/example_dags/example_trigger_controller_dag.py
[2026-05-02T17:39:16.508+0000] {logging_mixin.py:190} INFO - [2026-05-02T17:39:16.508+0000] {dag.py:3239} INFO - Sync 1 DAGs
[2026-05-02T17:39:16.525+0000] {logging_mixin.py:190} INFO - [2026-05-02T17:39:16.524+0000] {dag.py:4180} INFO - Setting next_dagrun for example_trigger_controller_dag to 2021-01-01 00:00:00+00:00, run_after=2021-01-01 00:00:00+00:00
[2026-05-02T17:39:16.542+0000] {processor.py:208} INFO - Processing /usr/local/python/3.12.1/lib/python3.12/site-packages/airflow/example_dags/example_trigger_controller_dag.py took 0.058 seconds
[2026-05-02T17:40:09.595+0000] {processor.py:186} INFO - Started process (PID=69325) to work on /usr/local/python/3.12.1/lib/python3.12/site-packages/airflow/example_dags/example_trigger_controller_dag.py
[2026-05-02T17:40:09.595+0000] {processor.py:914} INFO - Processing file /usr/local/python/3.12.1/lib/python3.12/site-packages/airflow/example_dags/example_trigger_controller_dag.py for tasks to queue
[2026-05-02T17:40:09.596+0000] {logging_mixin.py:190} INFO - [2026-05-02T17:40:09.596+0000] {dagbag.py:588} INFO - Filling up the DagBag from /usr/local/python/3.12.1/lib/python3.12/site-packages/airflow/example_dags/example_trigger_controller_dag.py
[2026-05-02T17:40:09.602+0000] {processor.py:925} INFO - DAG(s) 'example_trigger_controller_dag' retrieved from /usr/local/python/3.12.1/lib/python3.12/site-packages/airflow/example_dags/example_trigger_controller_dag.py
[2026-05-02T17:40:09.615+0000] {logging_mixin.py:190} INFO - [2026-05-02T17:40:09.615+0000] {dag.py:3239} INFO - Sync 1 DAGs
[2026-05-02T17:40:09.630+0000] {logging_mixin.py:190} INFO - [2026-05-02T17:40:09.630+0000] {dag.py:4180} INFO - Setting next_dagrun for example_trigger_controller_dag to 2021-01-01 00:00:00+00:00, run_after=2021-01-01 00:00:00+00:00
[2026-05-02T17:40:09.660+0000] {processor.py:208} INFO - Processing /usr/local/python/3.12.1/lib/python3.12/site-packages/airflow/example_dags/example_trigger_controller_dag.py took 0.069 seconds
[2026-05-02T17:41:05.346+0000] {processor.py:186} INFO - Started process (PID=69824) to work on /usr/local/python/3.12.1/lib/python3.12/site-packages/airflow/example_dags/example_trigger_controller_dag.py
[2026-05-02T17:41:05.347+0000] {processor.py:914} INFO - Processing file /usr/local/python/3.12.1/lib/python3.12/site-packages/airflow/example_dags/example_trigger_controller_dag.py for tasks to queue
[2026-05-02T17:41:05.348+0000] {logging_mixin.py:190} INFO - [2026-05-02T17:41:05.347+0000] {dagbag.py:588} INFO - Filling up the DagBag from /usr/local/python/3.12.1/lib/python3.12/site-packages/airflow/example_dags/example_trigger_controller_dag.py
[2026-05-02T17:41:05.356+0000] {processor.py:925} INFO - DAG(s) 'example_trigger_controller_dag' retrieved from /usr/local/python/3.12.1/lib/python3.12/site-packages/airflow/example_dags/example_trigger_controller_dag.py
[2026-05-02T17:41:05.369+0000] {logging_mixin.py:190} INFO - [2026-05-02T17:41:05.369+0000] {dag.py:3239} INFO - Sync 1 DAGs
[2026-05-02T17:41:05.386+0000] {logging_mixin.py:190} INFO - [2026-05-02T17:41:05.385+0000] {dag.py:4180} INFO - Setting next_dagrun for example_trigger_controller_dag to 2021-01-01 00:00:00+00:00, run_after=2021-01-01 00:00:00+00:00
[2026-05-02T17:41:05.403+0000] {processor.py:208} INFO - Processing /usr/local/python/3.12.1/lib/python3.12/site-packages/airflow/example_dags/example_trigger_controller_dag.py took 0.063 seconds
[2026-05-02T17:41:57.947+0000] {processor.py:186} INFO - Started process (PID=70408) to work on /usr/local/python/3.12.1/lib/python3.12/site-packages/airflow/example_dags/example_trigger_controller_dag.py
[2026-05-02T17:41:57.948+0000] {processor.py:914} INFO - Processing file /usr/local/python/3.12.1/lib/python3.12/site-packages/airflow/example_dags/example_trigger_controller_dag.py for tasks to queue
[2026-05-02T17:41:57.949+0000] {logging_mixin.py:190} INFO - [2026-05-02T17:41:57.948+0000] {dagbag.py:588} INFO - Filling up the DagBag from /usr/local/python/3.12.1/lib/python3.12/site-packages/airflow/example_dags/example_trigger_controller_dag.py
[2026-05-02T17:41:57.956+0000] {processor.py:925} INFO - DAG(s) 'example_trigger_controller_dag' retrieved from /usr/local/python/3.12.1/lib/python3.12/site-packages/airflow/example_dags/example_trigger_controller_dag.py
[2026-05-02T17:41:57.969+0000] {logging_mixin.py:190} INFO - [2026-05-02T17:41:57.969+0000] {dag.py:3239} INFO - Sync 1 DAGs
[2026-05-02T17:41:57.984+0000] {logging_mixin.py:190} INFO - [2026-05-02T17:41:57.984+0000] {dag.py:4180} INFO - Setting next_dagrun for example_trigger_controller_dag to 2021-01-01 00:00:00+00:00, run_after=2021-01-01 00:00:00+00:00
[2026-05-02T17:41:58.002+0000] {processor.py:208} INFO - Processing /usr/local/python/3.12.1/lib/python3.12/site-packages/airflow/example_dags/example_trigger_controller_dag.py took 0.061 seconds
[2026-05-02T17:42:56.358+0000] {processor.py:186} INFO - Started process (PID=71116) to work on /usr/local/python/3.12.1/lib/python3.12/site-packages/airflow/example_dags/example_trigger_controller_dag.py
[2026-05-02T17:42:56.359+0000] {processor.py:914} INFO - Processing file /usr/local/python/3.12.1/lib/python3.12/site-packages/airflow/example_dags/example_trigger_controller_dag.py for tasks to queue
[2026-05-02T17:42:56.361+0000] {logging_mixin.py:190} INFO - [2026-05-02T17:42:56.360+0000] {dagbag.py:588} INFO - Filling up the DagBag from /usr/local/python/3.12.1/lib/python3.12/site-packages/airflow/example_dags/example_trigger_controller_dag.py
[2026-05-02T17:42:56.370+0000] {processor.py:925} INFO - DAG(s) 'example_trigger_controller_dag' retrieved from /usr/local/python/3.12.1/lib/python3.12/site-packages/airflow/example_dags/example_trigger_controller_dag.py
[2026-05-02T17:42:56.387+0000] {logging_mixin.py:190} INFO - [2026-05-02T17:42:56.387+0000] {dag.py:3239} INFO - Sync 1 DAGs
[2026-05-02T17:42:56.406+0000] {logging_mixin.py:190} INFO - [2026-05-02T17:42:56.406+0000] {dag.py:4180} INFO - Setting next_dagrun for example_trigger_controller_dag to 2021-01-01 00:00:00+00:00, run_after=2021-01-01 00:00:00+00:00
[2026-05-02T17:42:56.423+0000] {processor.py:208} INFO - Processing /usr/local/python/3.12.1/lib/python3.12/site-packages/airflow/example_dags/example_trigger_controller_dag.py took 0.071 seconds
[2026-05-02T17:43:53.402+0000] {processor.py:186} INFO - Started process (PID=71657) to work on /usr/local/python/3.12.1/lib/python3.12/site-packages/airflow/example_dags/example_trigger_controller_dag.py
[2026-05-02T17:43:53.402+0000] {processor.py:914} INFO - Processing file /usr/local/python/3.12.1/lib/python3.12/site-packages/airflow/example_dags/example_trigger_controller_dag.py for tasks to queue
[2026-05-02T17:43:53.403+0000] {logging_mixin.py:190} INFO - [2026-05-02T17:43:53.403+0000] {dagbag.py:588} INFO - Filling up the DagBag from /usr/local/python/3.12.1/lib/python3.12/site-packages/airflow/example_dags/example_trigger_controller_dag.py
[2026-05-02T17:43:53.409+0000] {processor.py:925} INFO - DAG(s) 'example_trigger_controller_dag' retrieved from /usr/local/python/3.12.1/lib/python3.12/site-packages/airflow/example_dags/example_trigger_controller_dag.py
[2026-05-02T17:43:53.421+0000] {logging_mixin.py:190} INFO - [2026-05-02T17:43:53.421+0000] {dag.py:3239} INFO - Sync 1 DAGs
[2026-05-02T17:43:53.437+0000] {logging_mixin.py:190} INFO - [2026-05-02T17:43:53.437+0000] {dag.py:4180} INFO - Setting next_dagrun for example_trigger_controller_dag to 2021-01-01 00:00:00+00:00, run_after=2021-01-01 00:00:00+00:00
[2026-05-02T17:43:53.458+0000] {processor.py:208} INFO - Processing /usr/local/python/3.12.1/lib/python3.12/site-packages/airflow/example_dags/example_trigger_controller_dag.py took 0.061 seconds
[2026-05-02T17:44:44.441+0000] {processor.py:186} INFO - Started process (PID=72176) to work on /usr/local/python/3.12.1/lib/python3.12/site-packages/airflow/example_dags/example_trigger_controller_dag.py
[2026-05-02T17:44:44.442+0000] {processor.py:914} INFO - Processing file /usr/local/python/3.12.1/lib/python3.12/site-packages/airflow/example_dags/example_trigger_controller_dag.py for tasks to queue
[2026-05-02T17:44:44.443+0000] {logging_mixin.py:190} INFO - [2026-05-02T17:44:44.443+0000] {dagbag.py:588} INFO - Filling up the DagBag from /usr/local/python/3.12.1/lib/python3.12/site-packages/airflow/example_dags/example_trigger_controller_dag.py
[2026-05-02T17:44:44.450+0000] {processor.py:925} INFO - DAG(s) 'example_trigger_controller_dag' retrieved from /usr/local/python/3.12.1/lib/python3.12/site-packages/airflow/example_dags/example_trigger_controller_dag.py
[2026-05-02T17:44:44.462+0000] {logging_mixin.py:190} INFO - [2026-05-02T17:44:44.462+0000] {dag.py:3239} INFO - Sync 1 DAGs
[2026-05-02T17:44:44.477+0000] {logging_mixin.py:190} INFO - [2026-05-02T17:44:44.477+0000] {dag.py:4180} INFO - Setting next_dagrun for example_trigger_controller_dag to 2021-01-01 00:00:00+00:00, run_after=2021-01-01 00:00:00+00:00
[2026-05-02T17:44:44.497+0000] {processor.py:208} INFO - Processing /usr/local/python/3.12.1/lib/python3.12/site-packages/airflow/example_dags/example_trigger_controller_dag.py took 0.060 seconds
[2026-05-02T17:45:38.992+0000] {processor.py:186} INFO - Started process (PID=73086) to work on /usr/local/python/3.12.1/lib/python3.12/site-packages/airflow/example_dags/example_trigger_controller_dag.py
[2026-05-02T17:45:38.994+0000] {processor.py:914} INFO - Processing file /usr/local/python/3.12.1/lib/python3.12/site-packages/airflow/example_dags/example_trigger_controller_dag.py for tasks to queue
[2026-05-02T17:45:38.995+0000] {logging_mixin.py:190} INFO - [2026-05-02T17:45:38.995+0000] {dagbag.py:588} INFO - Filling up the DagBag from /usr/local/python/3.12.1/lib/python3.12/site-packages/airflow/example_dags/example_trigger_controller_dag.py
[2026-05-02T17:45:39.002+0000] {processor.py:925} INFO - DAG(s) 'example_trigger_controller_dag' retrieved from /usr/local/python/3.12.1/lib/python3.12/site-packages/airflow/example_dags/example_trigger_controller_dag.py
[2026-05-02T17:45:39.016+0000] {logging_mixin.py:190} INFO - [2026-05-02T17:45:39.016+0000] {dag.py:3239} INFO - Sync 1 DAGs
[2026-05-02T17:45:39.032+0000] {logging_mixin.py:190} INFO - [2026-05-02T17:45:39.032+0000] {dag.py:4180} INFO - Setting next_dagrun for example_trigger_controller_dag to 2021-01-01 00:00:00+00:00, run_after=2021-01-01 00:00:00+00:00
[2026-05-02T17:45:39.051+0000] {processor.py:208} INFO - Processing /usr/local/python/3.12.1/lib/python3.12/site-packages/airflow/example_dags/example_trigger_controller_dag.py took 0.064 seconds
[2026-05-02T17:46:39.792+0000] {processor.py:186} INFO - Started process (PID=73673) to work on /usr/local/python/3.12.1/lib/python3.12/site-packages/airflow/example_dags/example_trigger_controller_dag.py
[2026-05-02T17:46:39.793+0000] {processor.py:914} INFO - Processing file /usr/local/python/3.12.1/lib/python3.12/site-packages/airflow/example_dags/example_trigger_controller_dag.py for tasks to queue
[2026-05-02T17:46:39.794+0000] {logging_mixin.py:190} INFO - [2026-05-02T17:46:39.794+0000] {dagbag.py:588} INFO - Filling up the DagBag from /usr/local/python/3.12.1/lib/python3.12/site-packages/airflow/example_dags/example_trigger_controller_dag.py
[2026-05-02T17:46:39.800+0000] {processor.py:925} INFO - DAG(s) 'example_trigger_controller_dag' retrieved from /usr/local/python/3.12.1/lib/python3.12/site-packages/airflow/example_dags/example_trigger_controller_dag.py
[2026-05-02T17:46:39.811+0000] {logging_mixin.py:190} INFO - [2026-05-02T17:46:39.811+0000] {dag.py:3239} INFO - Sync 1 DAGs
[2026-05-02T17:46:39.827+0000] {logging_mixin.py:190} INFO - [2026-05-02T17:46:39.827+0000] {dag.py:4180} INFO - Setting next_dagrun for example_trigger_controller_dag to 2021-01-01 00:00:00+00:00, run_after=2021-01-01 00:00:00+00:00
[2026-05-02T17:46:39.845+0000] {processor.py:208} INFO - Processing /usr/local/python/3.12.1/lib/python3.12/site-packages/airflow/example_dags/example_trigger_controller_dag.py took 0.057 seconds
[2026-05-02T17:47:42.675+0000] {processor.py:186} INFO - Started process (PID=74396) to work on /usr/local/python/3.12.1/lib/python3.12/site-packages/airflow/example_dags/example_trigger_controller_dag.py
[2026-05-02T17:47:42.676+0000] {processor.py:914} INFO - Processing file /usr/local/python/3.12.1/lib/python3.12/site-packages/airflow/example_dags/example_trigger_controller_dag.py for tasks to queue
[2026-05-02T17:47:42.677+0000] {logging_mixin.py:190} INFO - [2026-05-02T17:47:42.677+0000] {dagbag.py:588} INFO - Filling up the DagBag from /usr/local/python/3.12.1/lib/python3.12/site-packages/airflow/example_dags/example_trigger_controller_dag.py
[2026-05-02T17:47:42.683+0000] {processor.py:925} INFO - DAG(s) 'example_trigger_controller_dag' retrieved from /usr/local/python/3.12.1/lib/python3.12/site-packages/airflow/example_dags/example_trigger_controller_dag.py
[2026-05-02T17:47:42.698+0000] {logging_mixin.py:190} INFO - [2026-05-02T17:47:42.698+0000] {dag.py:3239} INFO - Sync 1 DAGs
[2026-05-02T17:47:42.725+0000] {logging_mixin.py:190} INFO - [2026-05-02T17:47:42.725+0000] {dag.py:4180} INFO - Setting next_dagrun for example_trigger_controller_dag to 2021-01-01 00:00:00+00:00, run_after=2021-01-01 00:00:00+00:00
[2026-05-02T17:47:42.748+0000] {processor.py:208} INFO - Processing /usr/local/python/3.12.1/lib/python3.12/site-packages/airflow/example_dags/example_trigger_controller_dag.py took 0.078 seconds
[2026-05-02T17:48:37.595+0000] {processor.py:186} INFO - Started process (PID=75004) to work on /usr/local/python/3.12.1/lib/python3.12/site-packages/airflow/example_dags/example_trigger_controller_dag.py
[2026-05-02T17:48:37.597+0000] {processor.py:914} INFO - Processing file /usr/local/python/3.12.1/lib/python3.12/site-packages/airflow/example_dags/example_trigger_controller_dag.py for tasks to queue
[2026-05-02T17:48:37.601+0000] {logging_mixin.py:190} INFO - [2026-05-02T17:48:37.599+0000] {dagbag.py:588} INFO - Filling up the DagBag from /usr/local/python/3.12.1/lib/python3.12/site-packages/airflow/example_dags/example_trigger_controller_dag.py
[2026-05-02T17:48:37.625+0000] {processor.py:925} INFO - DAG(s) 'example_trigger_controller_dag' retrieved from /usr/local/python/3.12.1/lib/python3.12/site-packages/airflow/example_dags/example_trigger_controller_dag.py
[2026-05-02T17:48:37.725+0000] {logging_mixin.py:190} INFO - [2026-05-02T17:48:37.724+0000] {dag.py:3239} INFO - Sync 1 DAGs
[2026-05-02T17:48:37.760+0000] {logging_mixin.py:190} INFO - [2026-05-02T17:48:37.760+0000] {dag.py:4180} INFO - Setting next_dagrun for example_trigger_controller_dag to 2021-01-01 00:00:00+00:00, run_after=2021-01-01 00:00:00+00:00
[2026-05-02T17:48:37.791+0000] {processor.py:208} INFO - Processing /usr/local/python/3.12.1/lib/python3.12/site-packages/airflow/example_dags/example_trigger_controller_dag.py took 0.212 seconds
[2026-05-02T17:49:39.090+0000] {processor.py:186} INFO - Started process (PID=75856) to work on /usr/local/python/3.12.1/lib/python3.12/site-packages/airflow/example_dags/example_trigger_controller_dag.py
[2026-05-02T17:49:39.091+0000] {processor.py:914} INFO - Processing file /usr/local/python/3.12.1/lib/python3.12/site-packages/airflow/example_dags/example_trigger_controller_dag.py for tasks to queue
[2026-05-02T17:49:39.092+0000] {logging_mixin.py:190} INFO - [2026-05-02T17:49:39.091+0000] {dagbag.py:588} INFO - Filling up the DagBag from /usr/local/python/3.12.1/lib/python3.12/site-packages/airflow/example_dags/example_trigger_controller_dag.py
[2026-05-02T17:49:39.097+0000] {processor.py:925} INFO - DAG(s) 'example_trigger_controller_dag' retrieved from /usr/local/python/3.12.1/lib/python3.12/site-packages/airflow/example_dags/example_trigger_controller_dag.py
[2026-05-02T17:49:39.109+0000] {logging_mixin.py:190} INFO - [2026-05-02T17:49:39.109+0000] {dag.py:3239} INFO - Sync 1 DAGs
[2026-05-02T17:49:39.127+0000] {logging_mixin.py:190} INFO - [2026-05-02T17:49:39.127+0000] {dag.py:4180} INFO - Setting next_dagrun for example_trigger_controller_dag to 2021-01-01 00:00:00+00:00, run_after=2021-01-01 00:00:00+00:00
[2026-05-02T17:49:39.147+0000] {processor.py:208} INFO - Processing /usr/local/python/3.12.1/lib/python3.12/site-packages/airflow/example_dags/example_trigger_controller_dag.py took 0.063 seconds
[2026-05-02T17:50:55.815+0000] {processor.py:186} INFO - Started process (PID=77130) to work on /usr/local/python/3.12.1/lib/python3.12/site-packages/airflow/example_dags/example_trigger_controller_dag.py
[2026-05-02T17:50:55.816+0000] {processor.py:914} INFO - Processing file /usr/local/python/3.12.1/lib/python3.12/site-packages/airflow/example_dags/example_trigger_controller_dag.py for tasks to queue
[2026-05-02T17:50:55.817+0000] {logging_mixin.py:190} INFO - [2026-05-02T17:50:55.817+0000] {dagbag.py:588} INFO - Filling up the DagBag from /usr/local/python/3.12.1/lib/python3.12/site-packages/airflow/example_dags/example_trigger_controller_dag.py
[2026-05-02T17:50:55.823+0000] {processor.py:925} INFO - DAG(s) 'example_trigger_controller_dag' retrieved from /usr/local/python/3.12.1/lib/python3.12/site-packages/airflow/example_dags/example_trigger_controller_dag.py
[2026-05-02T17:50:55.835+0000] {logging_mixin.py:190} INFO - [2026-05-02T17:50:55.835+0000] {dag.py:3239} INFO - Sync 1 DAGs
[2026-05-02T17:50:55.854+0000] {logging_mixin.py:190} INFO - [2026-05-02T17:50:55.854+0000] {dag.py:4180} INFO - Setting next_dagrun for example_trigger_controller_dag to 2021-01-01 00:00:00+00:00, run_after=2021-01-01 00:00:00+00:00
[2026-05-02T17:50:55.872+0000] {processor.py:208} INFO - Processing /usr/local/python/3.12.1/lib/python3.12/site-packages/airflow/example_dags/example_trigger_controller_dag.py took 0.062 seconds
[2026-05-02T17:51:52.686+0000] {processor.py:186} INFO - Started process (PID=77631) to work on /usr/local/python/3.12.1/lib/python3.12/site-packages/airflow/example_dags/example_trigger_controller_dag.py
[2026-05-02T17:51:52.687+0000] {processor.py:914} INFO - Processing file /usr/local/python/3.12.1/lib/python3.12/site-packages/airflow/example_dags/example_trigger_controller_dag.py for tasks to queue
[2026-05-02T17:51:52.688+0000] {logging_mixin.py:190} INFO - [2026-05-02T17:51:52.688+0000] {dagbag.py:588} INFO - Filling up the DagBag from /usr/local/python/3.12.1/lib/python3.12/site-packages/airflow/example_dags/example_trigger_controller_dag.py
[2026-05-02T17:51:52.694+0000] {processor.py:925} INFO - DAG(s) 'example_trigger_controller_dag' retrieved from /usr/local/python/3.12.1/lib/python3.12/site-packages/airflow/example_dags/example_trigger_controller_dag.py
[2026-05-02T17:51:52.705+0000] {logging_mixin.py:190} INFO - [2026-05-02T17:51:52.705+0000] {dag.py:3239} INFO - Sync 1 DAGs
[2026-05-02T17:51:52.721+0000] {logging_mixin.py:190} INFO - [2026-05-02T17:51:52.721+0000] {dag.py:4180} INFO - Setting next_dagrun for example_trigger_controller_dag to 2021-01-01 00:00:00+00:00, run_after=2021-01-01 00:00:00+00:00
[2026-05-02T17:51:52.738+0000] {processor.py:208} INFO - Processing /usr/local/python/3.12.1/lib/python3.12/site-packages/airflow/example_dags/example_trigger_controller_dag.py took 0.057 seconds
[2026-05-02T17:52:45.256+0000] {processor.py:186} INFO - Started process (PID=78341) to work on /usr/local/python/3.12.1/lib/python3.12/site-packages/airflow/example_dags/example_trigger_controller_dag.py
[2026-05-02T17:52:45.257+0000] {processor.py:914} INFO - Processing file /usr/local/python/3.12.1/lib/python3.12/site-packages/airflow/example_dags/example_trigger_controller_dag.py for tasks to queue
[2026-05-02T17:52:45.258+0000] {logging_mixin.py:190} INFO - [2026-05-02T17:52:45.258+0000] {dagbag.py:588} INFO - Filling up the DagBag from /usr/local/python/3.12.1/lib/python3.12/site-packages/airflow/example_dags/example_trigger_controller_dag.py
[2026-05-02T17:52:45.265+0000] {processor.py:925} INFO - DAG(s) 'example_trigger_controller_dag' retrieved from /usr/local/python/3.12.1/lib/python3.12/site-packages/airflow/example_dags/example_trigger_controller_dag.py
[2026-05-02T17:52:45.277+0000] {logging_mixin.py:190} INFO - [2026-05-02T17:52:45.277+0000] {dag.py:3239} INFO - Sync 1 DAGs
[2026-05-02T17:52:45.299+0000] {logging_mixin.py:190} INFO - [2026-05-02T17:52:45.299+0000] {dag.py:4180} INFO - Setting next_dagrun for example_trigger_controller_dag to 2021-01-01 00:00:00+00:00, run_after=2021-01-01 00:00:00+00:00
[2026-05-02T17:52:45.316+0000] {processor.py:208} INFO - Processing /usr/local/python/3.12.1/lib/python3.12/site-packages/airflow/example_dags/example_trigger_controller_dag.py took 0.066 seconds
[2026-05-02T17:53:52.491+0000] {processor.py:186} INFO - Started process (PID=79577) to work on /usr/local/python/3.12.1/lib/python3.12/site-packages/airflow/example_dags/example_trigger_controller_dag.py
[2026-05-02T17:53:52.492+0000] {processor.py:914} INFO - Processing file /usr/local/python/3.12.1/lib/python3.12/site-packages/airflow/example_dags/example_trigger_controller_dag.py for tasks to queue
[2026-05-02T17:53:52.493+0000] {logging_mixin.py:190} INFO - [2026-05-02T17:53:52.492+0000] {dagbag.py:588} INFO - Filling up the DagBag from /usr/local/python/3.12.1/lib/python3.12/site-packages/airflow/example_dags/example_trigger_controller_dag.py
[2026-05-02T17:53:52.498+0000] {processor.py:925} INFO - DAG(s) 'example_trigger_controller_dag' retrieved from /usr/local/python/3.12.1/lib/python3.12/site-packages/airflow/example_dags/example_trigger_controller_dag.py
[2026-05-02T17:53:52.510+0000] {logging_mixin.py:190} INFO - [2026-05-02T17:53:52.510+0000] {dag.py:3239} INFO - Sync 1 DAGs
[2026-05-02T17:53:52.526+0000] {logging_mixin.py:190} INFO - [2026-05-02T17:53:52.525+0000] {dag.py:4180} INFO - Setting next_dagrun for example_trigger_controller_dag to 2021-01-01 00:00:00+00:00, run_after=2021-01-01 00:00:00+00:00
[2026-05-02T17:53:52.543+0000] {processor.py:208} INFO - Processing /usr/local/python/3.12.1/lib/python3.12/site-packages/airflow/example_dags/example_trigger_controller_dag.py took 0.056 seconds
[2026-05-02T17:54:52.673+0000] {processor.py:186} INFO - Started process (PID=80194) to work on /usr/local/python/3.12.1/lib/python3.12/site-packages/airflow/example_dags/example_trigger_controller_dag.py
[2026-05-02T17:54:52.673+0000] {processor.py:914} INFO - Processing file /usr/local/python/3.12.1/lib/python3.12/site-packages/airflow/example_dags/example_trigger_controller_dag.py for tasks to queue
[2026-05-02T17:54:52.674+0000] {logging_mixin.py:190} INFO - [2026-05-02T17:54:52.674+0000] {dagbag.py:588} INFO - Filling up the DagBag from /usr/local/python/3.12.1/lib/python3.12/site-packages/airflow/example_dags/example_trigger_controller_dag.py
[2026-05-02T17:54:52.680+0000] {processor.py:925} INFO - DAG(s) 'example_trigger_controller_dag' retrieved from /usr/local/python/3.12.1/lib/python3.12/site-packages/airflow/example_dags/example_trigger_controller_dag.py
[2026-05-02T17:54:52.692+0000] {logging_mixin.py:190} INFO - [2026-05-02T17:54:52.691+0000] {dag.py:3239} INFO - Sync 1 DAGs
[2026-05-02T17:54:52.707+0000] {logging_mixin.py:190} INFO - [2026-05-02T17:54:52.707+0000] {dag.py:4180} INFO - Setting next_dagrun for example_trigger_controller_dag to 2021-01-01 00:00:00+00:00, run_after=2021-01-01 00:00:00+00:00
[2026-05-02T17:54:52.724+0000] {processor.py:208} INFO - Processing /usr/local/python/3.12.1/lib/python3.12/site-packages/airflow/example_dags/example_trigger_controller_dag.py took 0.056 seconds
[2026-05-02T17:55:38.008+0000] {processor.py:186} INFO - Started process (PID=81045) to work on /usr/local/python/3.12.1/lib/python3.12/site-packages/airflow/example_dags/example_trigger_controller_dag.py
[2026-05-02T17:55:38.009+0000] {processor.py:914} INFO - Processing file /usr/local/python/3.12.1/lib/python3.12/site-packages/airflow/example_dags/example_trigger_controller_dag.py for tasks to queue
[2026-05-02T17:55:38.010+0000] {logging_mixin.py:190} INFO - [2026-05-02T17:55:38.010+0000] {dagbag.py:588} INFO - Filling up the DagBag from /usr/local/python/3.12.1/lib/python3.12/site-packages/airflow/example_dags/example_trigger_controller_dag.py
[2026-05-02T17:55:38.016+0000] {processor.py:925} INFO - DAG(s) 'example_trigger_controller_dag' retrieved from /usr/local/python/3.12.1/lib/python3.12/site-packages/airflow/example_dags/example_trigger_controller_dag.py
[2026-05-02T17:55:38.027+0000] {logging_mixin.py:190} INFO - [2026-05-02T17:55:38.027+0000] {dag.py:3239} INFO - Sync 1 DAGs
[2026-05-02T17:55:38.044+0000] {logging_mixin.py:190} INFO - [2026-05-02T17:55:38.044+0000] {dag.py:4180} INFO - Setting next_dagrun for example_trigger_controller_dag to 2021-01-01 00:00:00+00:00, run_after=2021-01-01 00:00:00+00:00
[2026-05-02T17:55:38.064+0000] {processor.py:208} INFO - Processing /usr/local/python/3.12.1/lib/python3.12/site-packages/airflow/example_dags/example_trigger_controller_dag.py took 0.060 seconds
[2026-05-02T17:56:34.990+0000] {processor.py:186} INFO - Started process (PID=81589) to work on /usr/local/python/3.12.1/lib/python3.12/site-packages/airflow/example_dags/example_trigger_controller_dag.py
[2026-05-02T17:56:34.990+0000] {processor.py:914} INFO - Processing file /usr/local/python/3.12.1/lib/python3.12/site-packages/airflow/example_dags/example_trigger_controller_dag.py for tasks to queue
[2026-05-02T17:56:34.992+0000] {logging_mixin.py:190} INFO - [2026-05-02T17:56:34.991+0000] {dagbag.py:588} INFO - Filling up the DagBag from /usr/local/python/3.12.1/lib/python3.12/site-packages/airflow/example_dags/example_trigger_controller_dag.py
[2026-05-02T17:56:34.997+0000] {processor.py:925} INFO - DAG(s) 'example_trigger_controller_dag' retrieved from /usr/local/python/3.12.1/lib/python3.12/site-packages/airflow/example_dags/example_trigger_controller_dag.py
[2026-05-02T17:56:35.009+0000] {logging_mixin.py:190} INFO - [2026-05-02T17:56:35.009+0000] {dag.py:3239} INFO - Sync 1 DAGs
[2026-05-02T17:56:35.024+0000] {logging_mixin.py:190} INFO - [2026-05-02T17:56:35.024+0000] {dag.py:4180} INFO - Setting next_dagrun for example_trigger_controller_dag to 2021-01-01 00:00:00+00:00, run_after=2021-01-01 00:00:00+00:00
[2026-05-02T17:56:35.041+0000] {processor.py:208} INFO - Processing /usr/local/python/3.12.1/lib/python3.12/site-packages/airflow/example_dags/example_trigger_controller_dag.py took 0.056 seconds
[2026-05-02T17:57:38.918+0000] {processor.py:186} INFO - Started process (PID=82624) to work on /usr/local/python/3.12.1/lib/python3.12/site-packages/airflow/example_dags/example_trigger_controller_dag.py
[2026-05-02T17:57:38.918+0000] {processor.py:914} INFO - Processing file /usr/local/python/3.12.1/lib/python3.12/site-packages/airflow/example_dags/example_trigger_controller_dag.py for tasks to queue
[2026-05-02T17:57:38.919+0000] {logging_mixin.py:190} INFO - [2026-05-02T17:57:38.919+0000] {dagbag.py:588} INFO - Filling up the DagBag from /usr/local/python/3.12.1/lib/python3.12/site-packages/airflow/example_dags/example_trigger_controller_dag.py
[2026-05-02T17:57:38.925+0000] {processor.py:925} INFO - DAG(s) 'example_trigger_controller_dag' retrieved from /usr/local/python/3.12.1/lib/python3.12/site-packages/airflow/example_dags/example_trigger_controller_dag.py
[2026-05-02T17:57:38.937+0000] {logging_mixin.py:190} INFO - [2026-05-02T17:57:38.937+0000] {dag.py:3239} INFO - Sync 1 DAGs
[2026-05-02T17:57:38.957+0000] {logging_mixin.py:190} INFO - [2026-05-02T17:57:38.957+0000] {dag.py:4180} INFO - Setting next_dagrun for example_trigger_controller_dag to 2021-01-01 00:00:00+00:00, run_after=2021-01-01 00:00:00+00:00
[2026-05-02T17:57:38.974+0000] {processor.py:208} INFO - Processing /usr/local/python/3.12.1/lib/python3.12/site-packages/airflow/example_dags/example_trigger_controller_dag.py took 0.061 seconds
[2026-05-02T17:58:42.961+0000] {processor.py:186} INFO - Started process (PID=83991) to work on /usr/local/python/3.12.1/lib/python3.12/site-packages/airflow/example_dags/example_trigger_controller_dag.py
[2026-05-02T17:58:42.962+0000] {processor.py:914} INFO - Processing file /usr/local/python/3.12.1/lib/python3.12/site-packages/airflow/example_dags/example_trigger_controller_dag.py for tasks to queue
[2026-05-02T17:58:42.964+0000] {logging_mixin.py:190} INFO - [2026-05-02T17:58:42.963+0000] {dagbag.py:588} INFO - Filling up the DagBag from /usr/local/python/3.12.1/lib/python3.12/site-packages/airflow/example_dags/example_trigger_controller_dag.py
[2026-05-02T17:58:42.971+0000] {processor.py:925} INFO - DAG(s) 'example_trigger_controller_dag' retrieved from /usr/local/python/3.12.1/lib/python3.12/site-packages/airflow/example_dags/example_trigger_controller_dag.py
[2026-05-02T17:58:42.986+0000] {logging_mixin.py:190} INFO - [2026-05-02T17:58:42.986+0000] {dag.py:3239} INFO - Sync 1 DAGs
[2026-05-02T17:58:43.003+0000] {logging_mixin.py:190} INFO - [2026-05-02T17:58:43.003+0000] {dag.py:4180} INFO - Setting next_dagrun for example_trigger_controller_dag to 2021-01-01 00:00:00+00:00, run_after=2021-01-01 00:00:00+00:00
[2026-05-02T17:58:43.020+0000] {processor.py:208} INFO - Processing /usr/local/python/3.12.1/lib/python3.12/site-packages/airflow/example_dags/example_trigger_controller_dag.py took 0.064 seconds
[2026-05-02T17:59:40.774+0000] {processor.py:186} INFO - Started process (PID=84493) to work on /usr/local/python/3.12.1/lib/python3.12/site-packages/airflow/example_dags/example_trigger_controller_dag.py
[2026-05-02T17:59:40.774+0000] {processor.py:914} INFO - Processing file /usr/local/python/3.12.1/lib/python3.12/site-packages/airflow/example_dags/example_trigger_controller_dag.py for tasks to queue
[2026-05-02T17:59:40.775+0000] {logging_mixin.py:190} INFO - [2026-05-02T17:59:40.775+0000] {dagbag.py:588} INFO - Filling up the DagBag from /usr/local/python/3.12.1/lib/python3.12/site-packages/airflow/example_dags/example_trigger_controller_dag.py
[2026-05-02T17:59:40.781+0000] {processor.py:925} INFO - DAG(s) 'example_trigger_controller_dag' retrieved from /usr/local/python/3.12.1/lib/python3.12/site-packages/airflow/example_dags/example_trigger_controller_dag.py
[2026-05-02T17:59:40.793+0000] {logging_mixin.py:190} INFO - [2026-05-02T17:59:40.793+0000] {dag.py:3239} INFO - Sync 1 DAGs
[2026-05-02T17:59:40.809+0000] {logging_mixin.py:190} INFO - [2026-05-02T17:59:40.809+0000] {dag.py:4180} INFO - Setting next_dagrun for example_trigger_controller_dag to 2021-01-01 00:00:00+00:00, run_after=2021-01-01 00:00:00+00:00
[2026-05-02T17:59:40.826+0000] {processor.py:208} INFO - Processing /usr/local/python/3.12.1/lib/python3.12/site-packages/airflow/example_dags/example_trigger_controller_dag.py took 0.058 seconds
[2026-05-02T18:00:23.451+0000] {processor.py:186} INFO - Started process (PID=85064) to work on /usr/local/python/3.12.1/lib/python3.12/site-packages/airflow/example_dags/example_trigger_controller_dag.py
[2026-05-02T18:00:23.452+0000] {processor.py:914} INFO - Processing file /usr/local/python/3.12.1/lib/python3.12/site-packages/airflow/example_dags/example_trigger_controller_dag.py for tasks to queue
[2026-05-02T18:00:23.453+0000] {logging_mixin.py:190} INFO - [2026-05-02T18:00:23.452+0000] {dagbag.py:588} INFO - Filling up the DagBag from /usr/local/python/3.12.1/lib/python3.12/site-packages/airflow/example_dags/example_trigger_controller_dag.py
[2026-05-02T18:00:23.460+0000] {processor.py:925} INFO - DAG(s) 'example_trigger_controller_dag' retrieved from /usr/local/python/3.12.1/lib/python3.12/site-packages/airflow/example_dags/example_trigger_controller_dag.py
[2026-05-02T18:00:23.472+0000] {logging_mixin.py:190} INFO - [2026-05-02T18:00:23.472+0000] {dag.py:3239} INFO - Sync 1 DAGs
[2026-05-02T18:00:23.487+0000] {logging_mixin.py:190} INFO - [2026-05-02T18:00:23.487+0000] {dag.py:4180} INFO - Setting next_dagrun for example_trigger_controller_dag to 2021-01-01 00:00:00+00:00, run_after=2021-01-01 00:00:00+00:00
[2026-05-02T18:00:23.517+0000] {processor.py:208} INFO - Processing /usr/local/python/3.12.1/lib/python3.12/site-packages/airflow/example_dags/example_trigger_controller_dag.py took 0.073 seconds
[2026-05-02T18:01:22.959+0000] {processor.py:186} INFO - Started process (PID=85706) to work on /usr/local/python/3.12.1/lib/python3.12/site-packages/airflow/example_dags/example_trigger_controller_dag.py
[2026-05-02T18:01:22.960+0000] {processor.py:914} INFO - Processing file /usr/local/python/3.12.1/lib/python3.12/site-packages/airflow/example_dags/example_trigger_controller_dag.py for tasks to queue
[2026-05-02T18:01:22.961+0000] {logging_mixin.py:190} INFO - [2026-05-02T18:01:22.961+0000] {dagbag.py:588} INFO - Filling up the DagBag from /usr/local/python/3.12.1/lib/python3.12/site-packages/airflow/example_dags/example_trigger_controller_dag.py
[2026-05-02T18:01:22.967+0000] {processor.py:925} INFO - DAG(s) 'example_trigger_controller_dag' retrieved from /usr/local/python/3.12.1/lib/python3.12/site-packages/airflow/example_dags/example_trigger_controller_dag.py
[2026-05-02T18:01:22.978+0000] {logging_mixin.py:190} INFO - [2026-05-02T18:01:22.978+0000] {dag.py:3239} INFO - Sync 1 DAGs
[2026-05-02T18:01:22.994+0000] {logging_mixin.py:190} INFO - [2026-05-02T18:01:22.994+0000] {dag.py:4180} INFO - Setting next_dagrun for example_trigger_controller_dag to 2021-01-01 00:00:00+00:00, run_after=2021-01-01 00:00:00+00:00
[2026-05-02T18:01:23.013+0000] {processor.py:208} INFO - Processing /usr/local/python/3.12.1/lib/python3.12/site-packages/airflow/example_dags/example_trigger_controller_dag.py took 0.059 seconds
[2026-05-02T18:02:12.158+0000] {processor.py:186} INFO - Started process (PID=86386) to work on /usr/local/python/3.12.1/lib/python3.12/site-packages/airflow/example_dags/example_trigger_controller_dag.py
[2026-05-02T18:02:12.159+0000] {processor.py:914} INFO - Processing file /usr/local/python/3.12.1/lib/python3.12/site-packages/airflow/example_dags/example_trigger_controller_dag.py for tasks to queue
[2026-05-02T18:02:12.160+0000] {logging_mixin.py:190} INFO - [2026-05-02T18:02:12.160+0000] {dagbag.py:588} INFO - Filling up the DagBag from /usr/local/python/3.12.1/lib/python3.12/site-packages/airflow/example_dags/example_trigger_controller_dag.py
[2026-05-02T18:02:12.166+0000] {processor.py:925} INFO - DAG(s) 'example_trigger_controller_dag' retrieved from /usr/local/python/3.12.1/lib/python3.12/site-packages/airflow/example_dags/example_trigger_controller_dag.py
[2026-05-02T18:02:12.178+0000] {logging_mixin.py:190} INFO - [2026-05-02T18:02:12.178+0000] {dag.py:3239} INFO - Sync 1 DAGs
[2026-05-02T18:02:12.194+0000] {logging_mixin.py:190} INFO - [2026-05-02T18:02:12.194+0000] {dag.py:4180} INFO - Setting next_dagrun for example_trigger_controller_dag to 2021-01-01 00:00:00+00:00, run_after=2021-01-01 00:00:00+00:00
[2026-05-02T18:02:12.211+0000] {processor.py:208} INFO - Processing /usr/local/python/3.12.1/lib/python3.12/site-packages/airflow/example_dags/example_trigger_controller_dag.py took 0.059 seconds
[2026-05-02T18:03:05.275+0000] {processor.py:186} INFO - Started process (PID=87268) to work on /usr/local/python/3.12.1/lib/python3.12/site-packages/airflow/example_dags/example_trigger_controller_dag.py
[2026-05-02T18:03:05.275+0000] {processor.py:914} INFO - Processing file /usr/local/python/3.12.1/lib/python3.12/site-packages/airflow/example_dags/example_trigger_controller_dag.py for tasks to queue
[2026-05-02T18:03:05.276+0000] {logging_mixin.py:190} INFO - [2026-05-02T18:03:05.276+0000] {dagbag.py:588} INFO - Filling up the DagBag from /usr/local/python/3.12.1/lib/python3.12/site-packages/airflow/example_dags/example_trigger_controller_dag.py
[2026-05-02T18:03:05.282+0000] {processor.py:925} INFO - DAG(s) 'example_trigger_controller_dag' retrieved from /usr/local/python/3.12.1/lib/python3.12/site-packages/airflow/example_dags/example_trigger_controller_dag.py
[2026-05-02T18:03:05.295+0000] {logging_mixin.py:190} INFO - [2026-05-02T18:03:05.295+0000] {dag.py:3239} INFO - Sync 1 DAGs
[2026-05-02T18:03:05.311+0000] {logging_mixin.py:190} INFO - [2026-05-02T18:03:05.311+0000] {dag.py:4180} INFO - Setting next_dagrun for example_trigger_controller_dag to 2021-01-01 00:00:00+00:00, run_after=2021-01-01 00:00:00+00:00
[2026-05-02T18:03:05.329+0000] {processor.py:208} INFO - Processing /usr/local/python/3.12.1/lib/python3.12/site-packages/airflow/example_dags/example_trigger_controller_dag.py took 0.059 seconds
[2026-05-02T18:03:49.899+0000] {processor.py:186} INFO - Started process (PID=88176) to work on /usr/local/python/3.12.1/lib/python3.12/site-packages/airflow/example_dags/example_trigger_controller_dag.py
[2026-05-02T18:03:49.900+0000] {processor.py:914} INFO - Processing file /usr/local/python/3.12.1/lib/python3.12/site-packages/airflow/example_dags/example_trigger_controller_dag.py for tasks to queue
[2026-05-02T18:03:49.901+0000] {logging_mixin.py:190} INFO - [2026-05-02T18:03:49.900+0000] {dagbag.py:588} INFO - Filling up the DagBag from /usr/local/python/3.12.1/lib/python3.12/site-packages/airflow/example_dags/example_trigger_controller_dag.py
[2026-05-02T18:03:49.906+0000] {processor.py:925} INFO - DAG(s) 'example_trigger_controller_dag' retrieved from /usr/local/python/3.12.1/lib/python3.12/site-packages/airflow/example_dags/example_trigger_controller_dag.py
[2026-05-02T18:03:49.917+0000] {logging_mixin.py:190} INFO - [2026-05-02T18:03:49.917+0000] {dag.py:3239} INFO - Sync 1 DAGs
[2026-05-02T18:03:49.933+0000] {logging_mixin.py:190} INFO - [2026-05-02T18:03:49.933+0000] {dag.py:4180} INFO - Setting next_dagrun for example_trigger_controller_dag to 2021-01-01 00:00:00+00:00, run_after=2021-01-01 00:00:00+00:00
[2026-05-02T18:03:49.954+0000] {processor.py:208} INFO - Processing /usr/local/python/3.12.1/lib/python3.12/site-packages/airflow/example_dags/example_trigger_controller_dag.py took 0.059 seconds
[2026-05-02T18:04:44.853+0000] {processor.py:186} INFO - Started process (PID=88662) to work on /usr/local/python/3.12.1/lib/python3.12/site-packages/airflow/example_dags/example_trigger_controller_dag.py
[2026-05-02T18:04:44.854+0000] {processor.py:914} INFO - Processing file /usr/local/python/3.12.1/lib/python3.12/site-packages/airflow/example_dags/example_trigger_controller_dag.py for tasks to queue
[2026-05-02T18:04:44.855+0000] {logging_mixin.py:190} INFO - [2026-05-02T18:04:44.855+0000] {dagbag.py:588} INFO - Filling up the DagBag from /usr/local/python/3.12.1/lib/python3.12/site-packages/airflow/example_dags/example_trigger_controller_dag.py
[2026-05-02T18:04:44.862+0000] {processor.py:925} INFO - DAG(s) 'example_trigger_controller_dag' retrieved from /usr/local/python/3.12.1/lib/python3.12/site-packages/airflow/example_dags/example_trigger_controller_dag.py
[2026-05-02T18:04:44.874+0000] {logging_mixin.py:190} INFO - [2026-05-02T18:04:44.873+0000] {dag.py:3239} INFO - Sync 1 DAGs
[2026-05-02T18:04:44.889+0000] {logging_mixin.py:190} INFO - [2026-05-02T18:04:44.889+0000] {dag.py:4180} INFO - Setting next_dagrun for example_trigger_controller_dag to 2021-01-01 00:00:00+00:00, run_after=2021-01-01 00:00:00+00:00
[2026-05-02T18:04:44.906+0000] {processor.py:208} INFO - Processing /usr/local/python/3.12.1/lib/python3.12/site-packages/airflow/example_dags/example_trigger_controller_dag.py took 0.059 seconds
[2026-05-02T18:05:44.004+0000] {processor.py:186} INFO - Started process (PID=89319) to work on /usr/local/python/3.12.1/lib/python3.12/site-packages/airflow/example_dags/example_trigger_controller_dag.py
[2026-05-02T18:05:44.005+0000] {processor.py:914} INFO - Processing file /usr/local/python/3.12.1/lib/python3.12/site-packages/airflow/example_dags/example_trigger_controller_dag.py for tasks to queue
[2026-05-02T18:05:44.006+0000] {logging_mixin.py:190} INFO - [2026-05-02T18:05:44.006+0000] {dagbag.py:588} INFO - Filling up the DagBag from /usr/local/python/3.12.1/lib/python3.12/site-packages/airflow/example_dags/example_trigger_controller_dag.py
[2026-05-02T18:05:44.012+0000] {processor.py:925} INFO - DAG(s) 'example_trigger_controller_dag' retrieved from /usr/local/python/3.12.1/lib/python3.12/site-packages/airflow/example_dags/example_trigger_controller_dag.py
[2026-05-02T18:05:44.029+0000] {logging_mixin.py:190} INFO - [2026-05-02T18:05:44.028+0000] {dag.py:3239} INFO - Sync 1 DAGs
[2026-05-02T18:05:44.047+0000] {logging_mixin.py:190} INFO - [2026-05-02T18:05:44.047+0000] {dag.py:4180} INFO - Setting next_dagrun for example_trigger_controller_dag to 2021-01-01 00:00:00+00:00, run_after=2021-01-01 00:00:00+00:00
[2026-05-02T18:05:44.068+0000] {processor.py:208} INFO - Processing /usr/local/python/3.12.1/lib/python3.12/site-packages/airflow/example_dags/example_trigger_controller_dag.py took 0.068 seconds
[2026-05-02T18:06:38.038+0000] {processor.py:186} INFO - Started process (PID=89837) to work on /usr/local/python/3.12.1/lib/python3.12/site-packages/airflow/example_dags/example_trigger_controller_dag.py
[2026-05-02T18:06:38.039+0000] {processor.py:914} INFO - Processing file /usr/local/python/3.12.1/lib/python3.12/site-packages/airflow/example_dags/example_trigger_controller_dag.py for tasks to queue
[2026-05-02T18:06:38.040+0000] {logging_mixin.py:190} INFO - [2026-05-02T18:06:38.039+0000] {dagbag.py:588} INFO - Filling up the DagBag from /usr/local/python/3.12.1/lib/python3.12/site-packages/airflow/example_dags/example_trigger_controller_dag.py
[2026-05-02T18:06:38.047+0000] {processor.py:925} INFO - DAG(s) 'example_trigger_controller_dag' retrieved from /usr/local/python/3.12.1/lib/python3.12/site-packages/airflow/example_dags/example_trigger_controller_dag.py
[2026-05-02T18:06:38.062+0000] {logging_mixin.py:190} INFO - [2026-05-02T18:06:38.062+0000] {dag.py:3239} INFO - Sync 1 DAGs
[2026-05-02T18:06:38.078+0000] {logging_mixin.py:190} INFO - [2026-05-02T18:06:38.078+0000] {dag.py:4180} INFO - Setting next_dagrun for example_trigger_controller_dag to 2021-01-01 00:00:00+00:00, run_after=2021-01-01 00:00:00+00:00
[2026-05-02T18:06:38.095+0000] {processor.py:208} INFO - Processing /usr/local/python/3.12.1/lib/python3.12/site-packages/airflow/example_dags/example_trigger_controller_dag.py took 0.061 seconds
[2026-05-02T18:07:27.874+0000] {processor.py:186} INFO - Started process (PID=90531) to work on /usr/local/python/3.12.1/lib/python3.12/site-packages/airflow/example_dags/example_trigger_controller_dag.py
[2026-05-02T18:07:27.875+0000] {processor.py:914} INFO - Processing file /usr/local/python/3.12.1/lib/python3.12/site-packages/airflow/example_dags/example_trigger_controller_dag.py for tasks to queue
[2026-05-02T18:07:27.877+0000] {logging_mixin.py:190} INFO - [2026-05-02T18:07:27.876+0000] {dagbag.py:588} INFO - Filling up the DagBag from /usr/local/python/3.12.1/lib/python3.12/site-packages/airflow/example_dags/example_trigger_controller_dag.py
[2026-05-02T18:07:27.884+0000] {processor.py:925} INFO - DAG(s) 'example_trigger_controller_dag' retrieved from /usr/local/python/3.12.1/lib/python3.12/site-packages/airflow/example_dags/example_trigger_controller_dag.py
[2026-05-02T18:07:27.897+0000] {logging_mixin.py:190} INFO - [2026-05-02T18:07:27.897+0000] {dag.py:3239} INFO - Sync 1 DAGs
[2026-05-02T18:07:27.912+0000] {logging_mixin.py:190} INFO - [2026-05-02T18:07:27.912+0000] {dag.py:4180} INFO - Setting next_dagrun for example_trigger_controller_dag to 2021-01-01 00:00:00+00:00, run_after=2021-01-01 00:00:00+00:00
[2026-05-02T18:07:27.930+0000] {processor.py:208} INFO - Processing /usr/local/python/3.12.1/lib/python3.12/site-packages/airflow/example_dags/example_trigger_controller_dag.py took 0.061 seconds
[2026-05-02T18:08:07.487+0000] {processor.py:186} INFO - Started process (PID=91323) to work on /usr/local/python/3.12.1/lib/python3.12/site-packages/airflow/example_dags/example_trigger_controller_dag.py
[2026-05-02T18:08:07.488+0000] {processor.py:914} INFO - Processing file /usr/local/python/3.12.1/lib/python3.12/site-packages/airflow/example_dags/example_trigger_controller_dag.py for tasks to queue
[2026-05-02T18:08:07.489+0000] {logging_mixin.py:190} INFO - [2026-05-02T18:08:07.489+0000] {dagbag.py:588} INFO - Filling up the DagBag from /usr/local/python/3.12.1/lib/python3.12/site-packages/airflow/example_dags/example_trigger_controller_dag.py
[2026-05-02T18:08:07.495+0000] {processor.py:925} INFO - DAG(s) 'example_trigger_controller_dag' retrieved from /usr/local/python/3.12.1/lib/python3.12/site-packages/airflow/example_dags/example_trigger_controller_dag.py
[2026-05-02T18:08:07.506+0000] {logging_mixin.py:190} INFO - [2026-05-02T18:08:07.506+0000] {dag.py:3239} INFO - Sync 1 DAGs
[2026-05-02T18:08:07.521+0000] {logging_mixin.py:190} INFO - [2026-05-02T18:08:07.521+0000] {dag.py:4180} INFO - Setting next_dagrun for example_trigger_controller_dag to 2021-01-01 00:00:00+00:00, run_after=2021-01-01 00:00:00+00:00
[2026-05-02T18:08:07.541+0000] {processor.py:208} INFO - Processing /usr/local/python/3.12.1/lib/python3.12/site-packages/airflow/example_dags/example_trigger_controller_dag.py took 0.058 seconds
[2026-05-02T18:08:55.813+0000] {processor.py:186} INFO - Started process (PID=92189) to work on /usr/local/python/3.12.1/lib/python3.12/site-packages/airflow/example_dags/example_trigger_controller_dag.py
[2026-05-02T18:08:55.814+0000] {processor.py:914} INFO - Processing file /usr/local/python/3.12.1/lib/python3.12/site-packages/airflow/example_dags/example_trigger_controller_dag.py for tasks to queue
[2026-05-02T18:08:55.815+0000] {logging_mixin.py:190} INFO - [2026-05-02T18:08:55.814+0000] {dagbag.py:588} INFO - Filling up the DagBag from /usr/local/python/3.12.1/lib/python3.12/site-packages/airflow/example_dags/example_trigger_controller_dag.py
[2026-05-02T18:08:55.821+0000] {processor.py:925} INFO - DAG(s) 'example_trigger_controller_dag' retrieved from /usr/local/python/3.12.1/lib/python3.12/site-packages/airflow/example_dags/example_trigger_controller_dag.py
[2026-05-02T18:08:55.832+0000] {logging_mixin.py:190} INFO - [2026-05-02T18:08:55.832+0000] {dag.py:3239} INFO - Sync 1 DAGs
[2026-05-02T18:08:55.854+0000] {logging_mixin.py:190} INFO - [2026-05-02T18:08:55.853+0000] {dag.py:4180} INFO - Setting next_dagrun for example_trigger_controller_dag to 2021-01-01 00:00:00+00:00, run_after=2021-01-01 00:00:00+00:00
[2026-05-02T18:08:55.873+0000] {processor.py:208} INFO - Processing /usr/local/python/3.12.1/lib/python3.12/site-packages/airflow/example_dags/example_trigger_controller_dag.py took 0.065 seconds
[2026-05-02T18:09:50.506+0000] {processor.py:186} INFO - Started process (PID=93035) to work on /usr/local/python/3.12.1/lib/python3.12/site-packages/airflow/example_dags/example_trigger_controller_dag.py
[2026-05-02T18:09:50.507+0000] {processor.py:914} INFO - Processing file /usr/local/python/3.12.1/lib/python3.12/site-packages/airflow/example_dags/example_trigger_controller_dag.py for tasks to queue
[2026-05-02T18:09:50.508+0000] {logging_mixin.py:190} INFO - [2026-05-02T18:09:50.508+0000] {dagbag.py:588} INFO - Filling up the DagBag from /usr/local/python/3.12.1/lib/python3.12/site-packages/airflow/example_dags/example_trigger_controller_dag.py
[2026-05-02T18:09:50.514+0000] {processor.py:925} INFO - DAG(s) 'example_trigger_controller_dag' retrieved from /usr/local/python/3.12.1/lib/python3.12/site-packages/airflow/example_dags/example_trigger_controller_dag.py
[2026-05-02T18:09:50.525+0000] {logging_mixin.py:190} INFO - [2026-05-02T18:09:50.525+0000] {dag.py:3239} INFO - Sync 1 DAGs
[2026-05-02T18:09:50.541+0000] {logging_mixin.py:190} INFO - [2026-05-02T18:09:50.541+0000] {dag.py:4180} INFO - Setting next_dagrun for example_trigger_controller_dag to 2021-01-01 00:00:00+00:00, run_after=2021-01-01 00:00:00+00:00
[2026-05-02T18:09:50.559+0000] {processor.py:208} INFO - Processing /usr/local/python/3.12.1/lib/python3.12/site-packages/airflow/example_dags/example_trigger_controller_dag.py took 0.057 seconds
[2026-05-02T18:10:41.097+0000] {processor.py:186} INFO - Started process (PID=93484) to work on /usr/local/python/3.12.1/lib/python3.12/site-packages/airflow/example_dags/example_trigger_controller_dag.py
[2026-05-02T18:10:41.097+0000] {processor.py:914} INFO - Processing file /usr/local/python/3.12.1/lib/python3.12/site-packages/airflow/example_dags/example_trigger_controller_dag.py for tasks to queue
[2026-05-02T18:10:41.098+0000] {logging_mixin.py:190} INFO - [2026-05-02T18:10:41.098+0000] {dagbag.py:588} INFO - Filling up the DagBag from /usr/local/python/3.12.1/lib/python3.12/site-packages/airflow/example_dags/example_trigger_controller_dag.py
[2026-05-02T18:10:41.104+0000] {processor.py:925} INFO - DAG(s) 'example_trigger_controller_dag' retrieved from /usr/local/python/3.12.1/lib/python3.12/site-packages/airflow/example_dags/example_trigger_controller_dag.py
[2026-05-02T18:10:41.116+0000] {logging_mixin.py:190} INFO - [2026-05-02T18:10:41.116+0000] {dag.py:3239} INFO - Sync 1 DAGs
[2026-05-02T18:10:41.133+0000] {logging_mixin.py:190} INFO - [2026-05-02T18:10:41.133+0000] {dag.py:4180} INFO - Setting next_dagrun for example_trigger_controller_dag to 2021-01-01 00:00:00+00:00, run_after=2021-01-01 00:00:00+00:00
[2026-05-02T18:10:41.153+0000] {processor.py:208} INFO - Processing /usr/local/python/3.12.1/lib/python3.12/site-packages/airflow/example_dags/example_trigger_controller_dag.py took 0.061 seconds
[2026-05-02T18:11:35.274+0000] {processor.py:186} INFO - Started process (PID=93962) to work on /usr/local/python/3.12.1/lib/python3.12/site-packages/airflow/example_dags/example_trigger_controller_dag.py
[2026-05-02T18:11:35.275+0000] {processor.py:914} INFO - Processing file /usr/local/python/3.12.1/lib/python3.12/site-packages/airflow/example_dags/example_trigger_controller_dag.py for tasks to queue
[2026-05-02T18:11:35.276+0000] {logging_mixin.py:190} INFO - [2026-05-02T18:11:35.275+0000] {dagbag.py:588} INFO - Filling up the DagBag from /usr/local/python/3.12.1/lib/python3.12/site-packages/airflow/example_dags/example_trigger_controller_dag.py
[2026-05-02T18:11:35.284+0000] {processor.py:925} INFO - DAG(s) 'example_trigger_controller_dag' retrieved from /usr/local/python/3.12.1/lib/python3.12/site-packages/airflow/example_dags/example_trigger_controller_dag.py
[2026-05-02T18:11:35.296+0000] {logging_mixin.py:190} INFO - [2026-05-02T18:11:35.296+0000] {dag.py:3239} INFO - Sync 1 DAGs
[2026-05-02T18:11:35.311+0000] {logging_mixin.py:190} INFO - [2026-05-02T18:11:35.311+0000] {dag.py:4180} INFO - Setting next_dagrun for example_trigger_controller_dag to 2021-01-01 00:00:00+00:00, run_after=2021-01-01 00:00:00+00:00
[2026-05-02T18:11:35.328+0000] {processor.py:208} INFO - Processing /usr/local/python/3.12.1/lib/python3.12/site-packages/airflow/example_dags/example_trigger_controller_dag.py took 0.059 seconds
[2026-05-02T18:12:28.884+0000] {processor.py:186} INFO - Started process (PID=94471) to work on /usr/local/python/3.12.1/lib/python3.12/site-packages/airflow/example_dags/example_trigger_controller_dag.py
[2026-05-02T18:12:28.885+0000] {processor.py:914} INFO - Processing file /usr/local/python/3.12.1/lib/python3.12/site-packages/airflow/example_dags/example_trigger_controller_dag.py for tasks to queue
[2026-05-02T18:12:28.886+0000] {logging_mixin.py:190} INFO - [2026-05-02T18:12:28.885+0000] {dagbag.py:588} INFO - Filling up the DagBag from /usr/local/python/3.12.1/lib/python3.12/site-packages/airflow/example_dags/example_trigger_controller_dag.py
[2026-05-02T18:12:28.892+0000] {processor.py:925} INFO - DAG(s) 'example_trigger_controller_dag' retrieved from /usr/local/python/3.12.1/lib/python3.12/site-packages/airflow/example_dags/example_trigger_controller_dag.py
[2026-05-02T18:12:28.904+0000] {logging_mixin.py:190} INFO - [2026-05-02T18:12:28.904+0000] {dag.py:3239} INFO - Sync 1 DAGs
[2026-05-02T18:12:28.920+0000] {logging_mixin.py:190} INFO - [2026-05-02T18:12:28.920+0000] {dag.py:4180} INFO - Setting next_dagrun for example_trigger_controller_dag to 2021-01-01 00:00:00+00:00, run_after=2021-01-01 00:00:00+00:00
[2026-05-02T18:12:28.937+0000] {processor.py:208} INFO - Processing /usr/local/python/3.12.1/lib/python3.12/site-packages/airflow/example_dags/example_trigger_controller_dag.py took 0.058 seconds
[2026-05-02T18:13:09.628+0000] {processor.py:186} INFO - Started process (PID=95057) to work on /usr/local/python/3.12.1/lib/python3.12/site-packages/airflow/example_dags/example_trigger_controller_dag.py
[2026-05-02T18:13:09.629+0000] {processor.py:914} INFO - Processing file /usr/local/python/3.12.1/lib/python3.12/site-packages/airflow/example_dags/example_trigger_controller_dag.py for tasks to queue
[2026-05-02T18:13:09.631+0000] {logging_mixin.py:190} INFO - [2026-05-02T18:13:09.630+0000] {dagbag.py:588} INFO - Filling up the DagBag from /usr/local/python/3.12.1/lib/python3.12/site-packages/airflow/example_dags/example_trigger_controller_dag.py
[2026-05-02T18:13:09.638+0000] {processor.py:925} INFO - DAG(s) 'example_trigger_controller_dag' retrieved from /usr/local/python/3.12.1/lib/python3.12/site-packages/airflow/example_dags/example_trigger_controller_dag.py
[2026-05-02T18:13:09.654+0000] {logging_mixin.py:190} INFO - [2026-05-02T18:13:09.654+0000] {dag.py:3239} INFO - Sync 1 DAGs
[2026-05-02T18:13:09.704+0000] {logging_mixin.py:190} INFO - [2026-05-02T18:13:09.704+0000] {dag.py:4180} INFO - Setting next_dagrun for example_trigger_controller_dag to 2021-01-01 00:00:00+00:00, run_after=2021-01-01 00:00:00+00:00
[2026-05-02T18:13:09.766+0000] {processor.py:208} INFO - Processing /usr/local/python/3.12.1/lib/python3.12/site-packages/airflow/example_dags/example_trigger_controller_dag.py took 0.145 seconds
[2026-05-02T18:14:17.364+0000] {processor.py:186} INFO - Started process (PID=95853) to work on /usr/local/python/3.12.1/lib/python3.12/site-packages/airflow/example_dags/example_trigger_controller_dag.py
[2026-05-02T18:14:17.366+0000] {processor.py:914} INFO - Processing file /usr/local/python/3.12.1/lib/python3.12/site-packages/airflow/example_dags/example_trigger_controller_dag.py for tasks to queue
[2026-05-02T18:14:17.367+0000] {logging_mixin.py:190} INFO - [2026-05-02T18:14:17.366+0000] {dagbag.py:588} INFO - Filling up the DagBag from /usr/local/python/3.12.1/lib/python3.12/site-packages/airflow/example_dags/example_trigger_controller_dag.py
[2026-05-02T18:14:17.381+0000] {processor.py:925} INFO - DAG(s) 'example_trigger_controller_dag' retrieved from /usr/local/python/3.12.1/lib/python3.12/site-packages/airflow/example_dags/example_trigger_controller_dag.py
[2026-05-02T18:14:17.401+0000] {logging_mixin.py:190} INFO - [2026-05-02T18:14:17.401+0000] {dag.py:3239} INFO - Sync 1 DAGs
[2026-05-02T18:14:17.426+0000] {logging_mixin.py:190} INFO - [2026-05-02T18:14:17.426+0000] {dag.py:4180} INFO - Setting next_dagrun for example_trigger_controller_dag to 2021-01-01 00:00:00+00:00, run_after=2021-01-01 00:00:00+00:00
[2026-05-02T18:14:17.445+0000] {processor.py:208} INFO - Processing /usr/local/python/3.12.1/lib/python3.12/site-packages/airflow/example_dags/example_trigger_controller_dag.py took 0.094 seconds
[2026-05-02T18:15:15.994+0000] {processor.py:186} INFO - Started process (PID=96476) to work on /usr/local/python/3.12.1/lib/python3.12/site-packages/airflow/example_dags/example_trigger_controller_dag.py
[2026-05-02T18:15:15.995+0000] {processor.py:914} INFO - Processing file /usr/local/python/3.12.1/lib/python3.12/site-packages/airflow/example_dags/example_trigger_controller_dag.py for tasks to queue
[2026-05-02T18:15:15.995+0000] {logging_mixin.py:190} INFO - [2026-05-02T18:15:15.995+0000] {dagbag.py:588} INFO - Filling up the DagBag from /usr/local/python/3.12.1/lib/python3.12/site-packages/airflow/example_dags/example_trigger_controller_dag.py
[2026-05-02T18:15:16.001+0000] {processor.py:925} INFO - DAG(s) 'example_trigger_controller_dag' retrieved from /usr/local/python/3.12.1/lib/python3.12/site-packages/airflow/example_dags/example_trigger_controller_dag.py
[2026-05-02T18:15:16.017+0000] {logging_mixin.py:190} INFO - [2026-05-02T18:15:16.017+0000] {dag.py:3239} INFO - Sync 1 DAGs
[2026-05-02T18:15:16.044+0000] {logging_mixin.py:190} INFO - [2026-05-02T18:15:16.043+0000] {dag.py:4180} INFO - Setting next_dagrun for example_trigger_controller_dag to 2021-01-01 00:00:00+00:00, run_after=2021-01-01 00:00:00+00:00
[2026-05-02T18:15:16.106+0000] {processor.py:208} INFO - Processing /usr/local/python/3.12.1/lib/python3.12/site-packages/airflow/example_dags/example_trigger_controller_dag.py took 0.118 seconds
[2026-05-02T18:16:20.177+0000] {processor.py:186} INFO - Started process (PID=97522) to work on /usr/local/python/3.12.1/lib/python3.12/site-packages/airflow/example_dags/example_trigger_controller_dag.py
[2026-05-02T18:16:20.178+0000] {processor.py:914} INFO - Processing file /usr/local/python/3.12.1/lib/python3.12/site-packages/airflow/example_dags/example_trigger_controller_dag.py for tasks to queue
[2026-05-02T18:16:20.179+0000] {logging_mixin.py:190} INFO - [2026-05-02T18:16:20.179+0000] {dagbag.py:588} INFO - Filling up the DagBag from /usr/local/python/3.12.1/lib/python3.12/site-packages/airflow/example_dags/example_trigger_controller_dag.py
[2026-05-02T18:16:20.187+0000] {processor.py:925} INFO - DAG(s) 'example_trigger_controller_dag' retrieved from /usr/local/python/3.12.1/lib/python3.12/site-packages/airflow/example_dags/example_trigger_controller_dag.py
[2026-05-02T18:16:20.205+0000] {logging_mixin.py:190} INFO - [2026-05-02T18:16:20.204+0000] {dag.py:3239} INFO - Sync 1 DAGs
[2026-05-02T18:16:20.227+0000] {logging_mixin.py:190} INFO - [2026-05-02T18:16:20.227+0000] {dag.py:4180} INFO - Setting next_dagrun for example_trigger_controller_dag to 2021-01-01 00:00:00+00:00, run_after=2021-01-01 00:00:00+00:00
[2026-05-02T18:16:20.249+0000] {processor.py:208} INFO - Processing /usr/local/python/3.12.1/lib/python3.12/site-packages/airflow/example_dags/example_trigger_controller_dag.py took 0.078 seconds
[2026-05-02T18:17:20.657+0000] {processor.py:186} INFO - Started process (PID=98170) to work on /usr/local/python/3.12.1/lib/python3.12/site-packages/airflow/example_dags/example_trigger_controller_dag.py
[2026-05-02T18:17:20.657+0000] {processor.py:914} INFO - Processing file /usr/local/python/3.12.1/lib/python3.12/site-packages/airflow/example_dags/example_trigger_controller_dag.py for tasks to queue
[2026-05-02T18:17:20.659+0000] {logging_mixin.py:190} INFO - [2026-05-02T18:17:20.658+0000] {dagbag.py:588} INFO - Filling up the DagBag from /usr/local/python/3.12.1/lib/python3.12/site-packages/airflow/example_dags/example_trigger_controller_dag.py
[2026-05-02T18:17:20.666+0000] {processor.py:925} INFO - DAG(s) 'example_trigger_controller_dag' retrieved from /usr/local/python/3.12.1/lib/python3.12/site-packages/airflow/example_dags/example_trigger_controller_dag.py
[2026-05-02T18:17:20.678+0000] {logging_mixin.py:190} INFO - [2026-05-02T18:17:20.678+0000] {dag.py:3239} INFO - Sync 1 DAGs
[2026-05-02T18:17:20.694+0000] {logging_mixin.py:190} INFO - [2026-05-02T18:17:20.694+0000] {dag.py:4180} INFO - Setting next_dagrun for example_trigger_controller_dag to 2021-01-01 00:00:00+00:00, run_after=2021-01-01 00:00:00+00:00
[2026-05-02T18:17:20.711+0000] {processor.py:208} INFO - Processing /usr/local/python/3.12.1/lib/python3.12/site-packages/airflow/example_dags/example_trigger_controller_dag.py took 0.060 seconds
[2026-05-02T18:18:20.731+0000] {processor.py:186} INFO - Started process (PID=98896) to work on /usr/local/python/3.12.1/lib/python3.12/site-packages/airflow/example_dags/example_trigger_controller_dag.py
[2026-05-02T18:18:20.731+0000] {processor.py:914} INFO - Processing file /usr/local/python/3.12.1/lib/python3.12/site-packages/airflow/example_dags/example_trigger_controller_dag.py for tasks to queue
[2026-05-02T18:18:20.732+0000] {logging_mixin.py:190} INFO - [2026-05-02T18:18:20.732+0000] {dagbag.py:588} INFO - Filling up the DagBag from /usr/local/python/3.12.1/lib/python3.12/site-packages/airflow/example_dags/example_trigger_controller_dag.py
[2026-05-02T18:18:20.738+0000] {processor.py:925} INFO - DAG(s) 'example_trigger_controller_dag' retrieved from /usr/local/python/3.12.1/lib/python3.12/site-packages/airflow/example_dags/example_trigger_controller_dag.py
[2026-05-02T18:18:20.760+0000] {logging_mixin.py:190} INFO - [2026-05-02T18:18:20.759+0000] {dag.py:3239} INFO - Sync 1 DAGs
[2026-05-02T18:18:20.783+0000] {logging_mixin.py:190} INFO - [2026-05-02T18:18:20.782+0000] {dag.py:4180} INFO - Setting next_dagrun for example_trigger_controller_dag to 2021-01-01 00:00:00+00:00, run_after=2021-01-01 00:00:00+00:00
[2026-05-02T18:18:20.813+0000] {processor.py:208} INFO - Processing /usr/local/python/3.12.1/lib/python3.12/site-packages/airflow/example_dags/example_trigger_controller_dag.py took 0.087 seconds
[2026-05-02T18:19:20.140+0000] {processor.py:186} INFO - Started process (PID=99672) to work on /usr/local/python/3.12.1/lib/python3.12/site-packages/airflow/example_dags/example_trigger_controller_dag.py
[2026-05-02T18:19:20.141+0000] {processor.py:914} INFO - Processing file /usr/local/python/3.12.1/lib/python3.12/site-packages/airflow/example_dags/example_trigger_controller_dag.py for tasks to queue
[2026-05-02T18:19:20.142+0000] {logging_mixin.py:190} INFO - [2026-05-02T18:19:20.142+0000] {dagbag.py:588} INFO - Filling up the DagBag from /usr/local/python/3.12.1/lib/python3.12/site-packages/airflow/example_dags/example_trigger_controller_dag.py
[2026-05-02T18:19:20.150+0000] {processor.py:925} INFO - DAG(s) 'example_trigger_controller_dag' retrieved from /usr/local/python/3.12.1/lib/python3.12/site-packages/airflow/example_dags/example_trigger_controller_dag.py
[2026-05-02T18:19:20.163+0000] {logging_mixin.py:190} INFO - [2026-05-02T18:19:20.163+0000] {dag.py:3239} INFO - Sync 1 DAGs
[2026-05-02T18:19:20.179+0000] {logging_mixin.py:190} INFO - [2026-05-02T18:19:20.179+0000] {dag.py:4180} INFO - Setting next_dagrun for example_trigger_controller_dag to 2021-01-01 00:00:00+00:00, run_after=2021-01-01 00:00:00+00:00
[2026-05-02T18:19:20.321+0000] {processor.py:208} INFO - Processing /usr/local/python/3.12.1/lib/python3.12/site-packages/airflow/example_dags/example_trigger_controller_dag.py took 0.186 seconds
[2026-05-02T18:20:17.233+0000] {processor.py:186} INFO - Started process (PID=100334) to work on /usr/local/python/3.12.1/lib/python3.12/site-packages/airflow/example_dags/example_trigger_controller_dag.py
[2026-05-02T18:20:17.234+0000] {processor.py:914} INFO - Processing file /usr/local/python/3.12.1/lib/python3.12/site-packages/airflow/example_dags/example_trigger_controller_dag.py for tasks to queue
[2026-05-02T18:20:17.234+0000] {logging_mixin.py:190} INFO - [2026-05-02T18:20:17.234+0000] {dagbag.py:588} INFO - Filling up the DagBag from /usr/local/python/3.12.1/lib/python3.12/site-packages/airflow/example_dags/example_trigger_controller_dag.py
[2026-05-02T18:20:17.241+0000] {processor.py:925} INFO - DAG(s) 'example_trigger_controller_dag' retrieved from /usr/local/python/3.12.1/lib/python3.12/site-packages/airflow/example_dags/example_trigger_controller_dag.py
[2026-05-02T18:20:17.256+0000] {logging_mixin.py:190} INFO - [2026-05-02T18:20:17.256+0000] {dag.py:3239} INFO - Sync 1 DAGs
[2026-05-02T18:20:17.273+0000] {logging_mixin.py:190} INFO - [2026-05-02T18:20:17.273+0000] {dag.py:4180} INFO - Setting next_dagrun for example_trigger_controller_dag to 2021-01-01 00:00:00+00:00, run_after=2021-01-01 00:00:00+00:00
[2026-05-02T18:20:17.290+0000] {processor.py:208} INFO - Processing /usr/local/python/3.12.1/lib/python3.12/site-packages/airflow/example_dags/example_trigger_controller_dag.py took 0.063 seconds
[2026-05-02T18:21:13.572+0000] {processor.py:186} INFO - Started process (PID=100826) to work on /usr/local/python/3.12.1/lib/python3.12/site-packages/airflow/example_dags/example_trigger_controller_dag.py
[2026-05-02T18:21:13.573+0000] {processor.py:914} INFO - Processing file /usr/local/python/3.12.1/lib/python3.12/site-packages/airflow/example_dags/example_trigger_controller_dag.py for tasks to queue
[2026-05-02T18:21:13.574+0000] {logging_mixin.py:190} INFO - [2026-05-02T18:21:13.573+0000] {dagbag.py:588} INFO - Filling up the DagBag from /usr/local/python/3.12.1/lib/python3.12/site-packages/airflow/example_dags/example_trigger_controller_dag.py
[2026-05-02T18:21:13.579+0000] {processor.py:925} INFO - DAG(s) 'example_trigger_controller_dag' retrieved from /usr/local/python/3.12.1/lib/python3.12/site-packages/airflow/example_dags/example_trigger_controller_dag.py
[2026-05-02T18:21:13.591+0000] {logging_mixin.py:190} INFO - [2026-05-02T18:21:13.590+0000] {dag.py:3239} INFO - Sync 1 DAGs
[2026-05-02T18:21:13.606+0000] {logging_mixin.py:190} INFO - [2026-05-02T18:21:13.606+0000] {dag.py:4180} INFO - Setting next_dagrun for example_trigger_controller_dag to 2021-01-01 00:00:00+00:00, run_after=2021-01-01 00:00:00+00:00
[2026-05-02T18:21:13.622+0000] {processor.py:208} INFO - Processing /usr/local/python/3.12.1/lib/python3.12/site-packages/airflow/example_dags/example_trigger_controller_dag.py took 0.055 seconds
[2026-05-02T18:22:27.287+0000] {processor.py:186} INFO - Started process (PID=101876) to work on /usr/local/python/3.12.1/lib/python3.12/site-packages/airflow/example_dags/example_trigger_controller_dag.py
[2026-05-02T18:22:27.288+0000] {processor.py:914} INFO - Processing file /usr/local/python/3.12.1/lib/python3.12/site-packages/airflow/example_dags/example_trigger_controller_dag.py for tasks to queue
[2026-05-02T18:22:27.289+0000] {logging_mixin.py:190} INFO - [2026-05-02T18:22:27.289+0000] {dagbag.py:588} INFO - Filling up the DagBag from /usr/local/python/3.12.1/lib/python3.12/site-packages/airflow/example_dags/example_trigger_controller_dag.py
[2026-05-02T18:22:27.295+0000] {processor.py:925} INFO - DAG(s) 'example_trigger_controller_dag' retrieved from /usr/local/python/3.12.1/lib/python3.12/site-packages/airflow/example_dags/example_trigger_controller_dag.py
[2026-05-02T18:22:27.306+0000] {logging_mixin.py:190} INFO - [2026-05-02T18:22:27.306+0000] {dag.py:3239} INFO - Sync 1 DAGs
[2026-05-02T18:22:27.331+0000] {logging_mixin.py:190} INFO - [2026-05-02T18:22:27.331+0000] {dag.py:4180} INFO - Setting next_dagrun for example_trigger_controller_dag to 2021-01-01 00:00:00+00:00, run_after=2021-01-01 00:00:00+00:00
[2026-05-02T18:22:27.350+0000] {processor.py:208} INFO - Processing /usr/local/python/3.12.1/lib/python3.12/site-packages/airflow/example_dags/example_trigger_controller_dag.py took 0.068 seconds
[2026-05-02T18:23:36.635+0000] {processor.py:186} INFO - Started process (PID=102635) to work on /usr/local/python/3.12.1/lib/python3.12/site-packages/airflow/example_dags/example_trigger_controller_dag.py
[2026-05-02T18:23:36.635+0000] {processor.py:914} INFO - Processing file /usr/local/python/3.12.1/lib/python3.12/site-packages/airflow/example_dags/example_trigger_controller_dag.py for tasks to queue
[2026-05-02T18:23:36.636+0000] {logging_mixin.py:190} INFO - [2026-05-02T18:23:36.636+0000] {dagbag.py:588} INFO - Filling up the DagBag from /usr/local/python/3.12.1/lib/python3.12/site-packages/airflow/example_dags/example_trigger_controller_dag.py
[2026-05-02T18:23:36.761+0000] {processor.py:925} INFO - DAG(s) 'example_trigger_controller_dag' retrieved from /usr/local/python/3.12.1/lib/python3.12/site-packages/airflow/example_dags/example_trigger_controller_dag.py
[2026-05-02T18:23:36.770+0000] {logging_mixin.py:190} INFO - [2026-05-02T18:23:36.769+0000] {dag.py:3239} INFO - Sync 1 DAGs
[2026-05-02T18:23:36.784+0000] {logging_mixin.py:190} INFO - [2026-05-02T18:23:36.784+0000] {dag.py:4180} INFO - Setting next_dagrun for example_trigger_controller_dag to 2021-01-01 00:00:00+00:00, run_after=2021-01-01 00:00:00+00:00
[2026-05-02T18:23:36.801+0000] {processor.py:208} INFO - Processing /usr/local/python/3.12.1/lib/python3.12/site-packages/airflow/example_dags/example_trigger_controller_dag.py took 0.171 seconds
[2026-05-02T18:24:34.321+0000] {processor.py:186} INFO - Started process (PID=103167) to work on /usr/local/python/3.12.1/lib/python3.12/site-packages/airflow/example_dags/example_trigger_controller_dag.py
[2026-05-02T18:24:34.322+0000] {processor.py:914} INFO - Processing file /usr/local/python/3.12.1/lib/python3.12/site-packages/airflow/example_dags/example_trigger_controller_dag.py for tasks to queue
[2026-05-02T18:24:34.323+0000] {logging_mixin.py:190} INFO - [2026-05-02T18:24:34.322+0000] {dagbag.py:588} INFO - Filling up the DagBag from /usr/local/python/3.12.1/lib/python3.12/site-packages/airflow/example_dags/example_trigger_controller_dag.py
[2026-05-02T18:24:34.328+0000] {processor.py:925} INFO - DAG(s) 'example_trigger_controller_dag' retrieved from /usr/local/python/3.12.1/lib/python3.12/site-packages/airflow/example_dags/example_trigger_controller_dag.py
[2026-05-02T18:24:34.341+0000] {logging_mixin.py:190} INFO - [2026-05-02T18:24:34.340+0000] {dag.py:3239} INFO - Sync 1 DAGs
[2026-05-02T18:24:34.362+0000] {logging_mixin.py:190} INFO - [2026-05-02T18:24:34.362+0000] {dag.py:4180} INFO - Setting next_dagrun for example_trigger_controller_dag to 2021-01-01 00:00:00+00:00, run_after=2021-01-01 00:00:00+00:00
[2026-05-02T18:24:34.378+0000] {processor.py:208} INFO - Processing /usr/local/python/3.12.1/lib/python3.12/site-packages/airflow/example_dags/example_trigger_controller_dag.py took 0.062 seconds
[2026-05-02T18:25:28.924+0000] {processor.py:186} INFO - Started process (PID=103943) to work on /usr/local/python/3.12.1/lib/python3.12/site-packages/airflow/example_dags/example_trigger_controller_dag.py
[2026-05-02T18:25:28.925+0000] {processor.py:914} INFO - Processing file /usr/local/python/3.12.1/lib/python3.12/site-packages/airflow/example_dags/example_trigger_controller_dag.py for tasks to queue
[2026-05-02T18:25:28.926+0000] {logging_mixin.py:190} INFO - [2026-05-02T18:25:28.926+0000] {dagbag.py:588} INFO - Filling up the DagBag from /usr/local/python/3.12.1/lib/python3.12/site-packages/airflow/example_dags/example_trigger_controller_dag.py
[2026-05-02T18:25:28.933+0000] {processor.py:925} INFO - DAG(s) 'example_trigger_controller_dag' retrieved from /usr/local/python/3.12.1/lib/python3.12/site-packages/airflow/example_dags/example_trigger_controller_dag.py
[2026-05-02T18:25:28.948+0000] {logging_mixin.py:190} INFO - [2026-05-02T18:25:28.948+0000] {dag.py:3239} INFO - Sync 1 DAGs
[2026-05-02T18:25:28.967+0000] {logging_mixin.py:190} INFO - [2026-05-02T18:25:28.967+0000] {dag.py:4180} INFO - Setting next_dagrun for example_trigger_controller_dag to 2021-01-01 00:00:00+00:00, run_after=2021-01-01 00:00:00+00:00
[2026-05-02T18:25:28.983+0000] {processor.py:208} INFO - Processing /usr/local/python/3.12.1/lib/python3.12/site-packages/airflow/example_dags/example_trigger_controller_dag.py took 0.063 seconds
[2026-05-02T18:26:25.218+0000] {processor.py:186} INFO - Started process (PID=104523) to work on /usr/local/python/3.12.1/lib/python3.12/site-packages/airflow/example_dags/example_trigger_controller_dag.py
[2026-05-02T18:26:25.219+0000] {processor.py:914} INFO - Processing file /usr/local/python/3.12.1/lib/python3.12/site-packages/airflow/example_dags/example_trigger_controller_dag.py for tasks to queue
[2026-05-02T18:26:25.220+0000] {logging_mixin.py:190} INFO - [2026-05-02T18:26:25.220+0000] {dagbag.py:588} INFO - Filling up the DagBag from /usr/local/python/3.12.1/lib/python3.12/site-packages/airflow/example_dags/example_trigger_controller_dag.py
[2026-05-02T18:26:25.226+0000] {processor.py:925} INFO - DAG(s) 'example_trigger_controller_dag' retrieved from /usr/local/python/3.12.1/lib/python3.12/site-packages/airflow/example_dags/example_trigger_controller_dag.py
[2026-05-02T18:26:25.238+0000] {logging_mixin.py:190} INFO - [2026-05-02T18:26:25.237+0000] {dag.py:3239} INFO - Sync 1 DAGs
[2026-05-02T18:26:25.254+0000] {logging_mixin.py:190} INFO - [2026-05-02T18:26:25.253+0000] {dag.py:4180} INFO - Setting next_dagrun for example_trigger_controller_dag to 2021-01-01 00:00:00+00:00, run_after=2021-01-01 00:00:00+00:00
[2026-05-02T18:26:25.274+0000] {processor.py:208} INFO - Processing /usr/local/python/3.12.1/lib/python3.12/site-packages/airflow/example_dags/example_trigger_controller_dag.py took 0.060 seconds
[2026-05-02T18:27:25.754+0000] {processor.py:186} INFO - Started process (PID=105169) to work on /usr/local/python/3.12.1/lib/python3.12/site-packages/airflow/example_dags/example_trigger_controller_dag.py
[2026-05-02T18:27:25.756+0000] {processor.py:914} INFO - Processing file /usr/local/python/3.12.1/lib/python3.12/site-packages/airflow/example_dags/example_trigger_controller_dag.py for tasks to queue
[2026-05-02T18:27:25.759+0000] {logging_mixin.py:190} INFO - [2026-05-02T18:27:25.758+0000] {dagbag.py:588} INFO - Filling up the DagBag from /usr/local/python/3.12.1/lib/python3.12/site-packages/airflow/example_dags/example_trigger_controller_dag.py
[2026-05-02T18:27:25.767+0000] {processor.py:925} INFO - DAG(s) 'example_trigger_controller_dag' retrieved from /usr/local/python/3.12.1/lib/python3.12/site-packages/airflow/example_dags/example_trigger_controller_dag.py
[2026-05-02T18:27:25.783+0000] {logging_mixin.py:190} INFO - [2026-05-02T18:27:25.783+0000] {dag.py:3239} INFO - Sync 1 DAGs
[2026-05-02T18:27:25.800+0000] {logging_mixin.py:190} INFO - [2026-05-02T18:27:25.800+0000] {dag.py:4180} INFO - Setting next_dagrun for example_trigger_controller_dag to 2021-01-01 00:00:00+00:00, run_after=2021-01-01 00:00:00+00:00
[2026-05-02T18:27:25.817+0000] {processor.py:208} INFO - Processing /usr/local/python/3.12.1/lib/python3.12/site-packages/airflow/example_dags/example_trigger_controller_dag.py took 0.069 seconds
[2026-05-02T18:28:30.904+0000] {processor.py:186} INFO - Started process (PID=106261) to work on /usr/local/python/3.12.1/lib/python3.12/site-packages/airflow/example_dags/example_trigger_controller_dag.py
[2026-05-02T18:28:30.905+0000] {processor.py:914} INFO - Processing file /usr/local/python/3.12.1/lib/python3.12/site-packages/airflow/example_dags/example_trigger_controller_dag.py for tasks to queue
[2026-05-02T18:28:30.906+0000] {logging_mixin.py:190} INFO - [2026-05-02T18:28:30.905+0000] {dagbag.py:588} INFO - Filling up the DagBag from /usr/local/python/3.12.1/lib/python3.12/site-packages/airflow/example_dags/example_trigger_controller_dag.py
[2026-05-02T18:28:30.912+0000] {processor.py:925} INFO - DAG(s) 'example_trigger_controller_dag' retrieved from /usr/local/python/3.12.1/lib/python3.12/site-packages/airflow/example_dags/example_trigger_controller_dag.py
[2026-05-02T18:28:30.923+0000] {logging_mixin.py:190} INFO - [2026-05-02T18:28:30.923+0000] {dag.py:3239} INFO - Sync 1 DAGs
[2026-05-02T18:28:30.939+0000] {logging_mixin.py:190} INFO - [2026-05-02T18:28:30.939+0000] {dag.py:4180} INFO - Setting next_dagrun for example_trigger_controller_dag to 2021-01-01 00:00:00+00:00, run_after=2021-01-01 00:00:00+00:00
[2026-05-02T18:28:30.979+0000] {processor.py:208} INFO - Processing /usr/local/python/3.12.1/lib/python3.12/site-packages/airflow/example_dags/example_trigger_controller_dag.py took 0.079 seconds
[2026-05-02T18:29:27.964+0000] {processor.py:186} INFO - Started process (PID=106899) to work on /usr/local/python/3.12.1/lib/python3.12/site-packages/airflow/example_dags/example_trigger_controller_dag.py
[2026-05-02T18:29:27.965+0000] {processor.py:914} INFO - Processing file /usr/local/python/3.12.1/lib/python3.12/site-packages/airflow/example_dags/example_trigger_controller_dag.py for tasks to queue
[2026-05-02T18:29:27.966+0000] {logging_mixin.py:190} INFO - [2026-05-02T18:29:27.966+0000] {dagbag.py:588} INFO - Filling up the DagBag from /usr/local/python/3.12.1/lib/python3.12/site-packages/airflow/example_dags/example_trigger_controller_dag.py
[2026-05-02T18:29:27.972+0000] {processor.py:925} INFO - DAG(s) 'example_trigger_controller_dag' retrieved from /usr/local/python/3.12.1/lib/python3.12/site-packages/airflow/example_dags/example_trigger_controller_dag.py
[2026-05-02T18:29:27.984+0000] {logging_mixin.py:190} INFO - [2026-05-02T18:29:27.984+0000] {dag.py:3239} INFO - Sync 1 DAGs
[2026-05-02T18:29:28.006+0000] {logging_mixin.py:190} INFO - [2026-05-02T18:29:28.005+0000] {dag.py:4180} INFO - Setting next_dagrun for example_trigger_controller_dag to 2021-01-01 00:00:00+00:00, run_after=2021-01-01 00:00:00+00:00
[2026-05-02T18:29:28.024+0000] {processor.py:208} INFO - Processing /usr/local/python/3.12.1/lib/python3.12/site-packages/airflow/example_dags/example_trigger_controller_dag.py took 0.064 seconds
[2026-05-02T18:30:21.970+0000] {processor.py:186} INFO - Started process (PID=107393) to work on /usr/local/python/3.12.1/lib/python3.12/site-packages/airflow/example_dags/example_trigger_controller_dag.py
[2026-05-02T18:30:21.971+0000] {processor.py:914} INFO - Processing file /usr/local/python/3.12.1/lib/python3.12/site-packages/airflow/example_dags/example_trigger_controller_dag.py for tasks to queue
[2026-05-02T18:30:21.972+0000] {logging_mixin.py:190} INFO - [2026-05-02T18:30:21.972+0000] {dagbag.py:588} INFO - Filling up the DagBag from /usr/local/python/3.12.1/lib/python3.12/site-packages/airflow/example_dags/example_trigger_controller_dag.py
[2026-05-02T18:30:21.978+0000] {processor.py:925} INFO - DAG(s) 'example_trigger_controller_dag' retrieved from /usr/local/python/3.12.1/lib/python3.12/site-packages/airflow/example_dags/example_trigger_controller_dag.py
[2026-05-02T18:30:21.991+0000] {logging_mixin.py:190} INFO - [2026-05-02T18:30:21.990+0000] {dag.py:3239} INFO - Sync 1 DAGs
[2026-05-02T18:30:22.008+0000] {logging_mixin.py:190} INFO - [2026-05-02T18:30:22.008+0000] {dag.py:4180} INFO - Setting next_dagrun for example_trigger_controller_dag to 2021-01-01 00:00:00+00:00, run_after=2021-01-01 00:00:00+00:00
[2026-05-02T18:30:22.025+0000] {processor.py:208} INFO - Processing /usr/local/python/3.12.1/lib/python3.12/site-packages/airflow/example_dags/example_trigger_controller_dag.py took 0.061 seconds
[2026-05-02T18:31:18.308+0000] {processor.py:186} INFO - Started process (PID=107863) to work on /usr/local/python/3.12.1/lib/python3.12/site-packages/airflow/example_dags/example_trigger_controller_dag.py
[2026-05-02T18:31:18.309+0000] {processor.py:914} INFO - Processing file /usr/local/python/3.12.1/lib/python3.12/site-packages/airflow/example_dags/example_trigger_controller_dag.py for tasks to queue
[2026-05-02T18:31:18.310+0000] {logging_mixin.py:190} INFO - [2026-05-02T18:31:18.310+0000] {dagbag.py:588} INFO - Filling up the DagBag from /usr/local/python/3.12.1/lib/python3.12/site-packages/airflow/example_dags/example_trigger_controller_dag.py
[2026-05-02T18:31:18.316+0000] {processor.py:925} INFO - DAG(s) 'example_trigger_controller_dag' retrieved from /usr/local/python/3.12.1/lib/python3.12/site-packages/airflow/example_dags/example_trigger_controller_dag.py
[2026-05-02T18:31:18.327+0000] {logging_mixin.py:190} INFO - [2026-05-02T18:31:18.327+0000] {dag.py:3239} INFO - Sync 1 DAGs
[2026-05-02T18:31:18.344+0000] {logging_mixin.py:190} INFO - [2026-05-02T18:31:18.344+0000] {dag.py:4180} INFO - Setting next_dagrun for example_trigger_controller_dag to 2021-01-01 00:00:00+00:00, run_after=2021-01-01 00:00:00+00:00
[2026-05-02T18:31:18.373+0000] {processor.py:208} INFO - Processing /usr/local/python/3.12.1/lib/python3.12/site-packages/airflow/example_dags/example_trigger_controller_dag.py took 0.069 seconds
[2026-05-02T18:32:13.529+0000] {processor.py:186} INFO - Started process (PID=108389) to work on /usr/local/python/3.12.1/lib/python3.12/site-packages/airflow/example_dags/example_trigger_controller_dag.py
[2026-05-02T18:32:13.531+0000] {processor.py:914} INFO - Processing file /usr/local/python/3.12.1/lib/python3.12/site-packages/airflow/example_dags/example_trigger_controller_dag.py for tasks to queue
[2026-05-02T18:32:13.532+0000] {logging_mixin.py:190} INFO - [2026-05-02T18:32:13.532+0000] {dagbag.py:588} INFO - Filling up the DagBag from /usr/local/python/3.12.1/lib/python3.12/site-packages/airflow/example_dags/example_trigger_controller_dag.py
[2026-05-02T18:32:13.541+0000] {processor.py:925} INFO - DAG(s) 'example_trigger_controller_dag' retrieved from /usr/local/python/3.12.1/lib/python3.12/site-packages/airflow/example_dags/example_trigger_controller_dag.py
[2026-05-02T18:32:13.557+0000] {logging_mixin.py:190} INFO - [2026-05-02T18:32:13.557+0000] {dag.py:3239} INFO - Sync 1 DAGs
[2026-05-02T18:32:13.612+0000] {logging_mixin.py:190} INFO - [2026-05-02T18:32:13.611+0000] {dag.py:4180} INFO - Setting next_dagrun for example_trigger_controller_dag to 2021-01-01 00:00:00+00:00, run_after=2021-01-01 00:00:00+00:00
[2026-05-02T18:32:13.651+0000] {processor.py:208} INFO - Processing /usr/local/python/3.12.1/lib/python3.12/site-packages/airflow/example_dags/example_trigger_controller_dag.py took 0.128 seconds
[2026-05-02T18:33:14.636+0000] {processor.py:186} INFO - Started process (PID=109071) to work on /usr/local/python/3.12.1/lib/python3.12/site-packages/airflow/example_dags/example_trigger_controller_dag.py
[2026-05-02T18:33:14.637+0000] {processor.py:914} INFO - Processing file /usr/local/python/3.12.1/lib/python3.12/site-packages/airflow/example_dags/example_trigger_controller_dag.py for tasks to queue
[2026-05-02T18:33:14.638+0000] {logging_mixin.py:190} INFO - [2026-05-02T18:33:14.637+0000] {dagbag.py:588} INFO - Filling up the DagBag from /usr/local/python/3.12.1/lib/python3.12/site-packages/airflow/example_dags/example_trigger_controller_dag.py
[2026-05-02T18:33:14.645+0000] {processor.py:925} INFO - DAG(s) 'example_trigger_controller_dag' retrieved from /usr/local/python/3.12.1/lib/python3.12/site-packages/airflow/example_dags/example_trigger_controller_dag.py
[2026-05-02T18:33:14.660+0000] {logging_mixin.py:190} INFO - [2026-05-02T18:33:14.660+0000] {dag.py:3239} INFO - Sync 1 DAGs
[2026-05-02T18:33:14.683+0000] {logging_mixin.py:190} INFO - [2026-05-02T18:33:14.683+0000] {dag.py:4180} INFO - Setting next_dagrun for example_trigger_controller_dag to 2021-01-01 00:00:00+00:00, run_after=2021-01-01 00:00:00+00:00
[2026-05-02T18:33:14.700+0000] {processor.py:208} INFO - Processing /usr/local/python/3.12.1/lib/python3.12/site-packages/airflow/example_dags/example_trigger_controller_dag.py took 0.070 seconds
[2026-05-02T18:34:16.299+0000] {processor.py:186} INFO - Started process (PID=109867) to work on /usr/local/python/3.12.1/lib/python3.12/site-packages/airflow/example_dags/example_trigger_controller_dag.py
[2026-05-02T18:34:16.301+0000] {processor.py:914} INFO - Processing file /usr/local/python/3.12.1/lib/python3.12/site-packages/airflow/example_dags/example_trigger_controller_dag.py for tasks to queue
[2026-05-02T18:34:16.303+0000] {logging_mixin.py:190} INFO - [2026-05-02T18:34:16.303+0000] {dagbag.py:588} INFO - Filling up the DagBag from /usr/local/python/3.12.1/lib/python3.12/site-packages/airflow/example_dags/example_trigger_controller_dag.py
[2026-05-02T18:34:16.312+0000] {processor.py:925} INFO - DAG(s) 'example_trigger_controller_dag' retrieved from /usr/local/python/3.12.1/lib/python3.12/site-packages/airflow/example_dags/example_trigger_controller_dag.py
[2026-05-02T18:34:16.333+0000] {logging_mixin.py:190} INFO - [2026-05-02T18:34:16.333+0000] {dag.py:3239} INFO - Sync 1 DAGs
[2026-05-02T18:34:16.379+0000] {logging_mixin.py:190} INFO - [2026-05-02T18:34:16.379+0000] {dag.py:4180} INFO - Setting next_dagrun for example_trigger_controller_dag to 2021-01-01 00:00:00+00:00, run_after=2021-01-01 00:00:00+00:00
[2026-05-02T18:34:16.405+0000] {processor.py:208} INFO - Processing /usr/local/python/3.12.1/lib/python3.12/site-packages/airflow/example_dags/example_trigger_controller_dag.py took 0.119 seconds
[2026-05-02T18:35:24.027+0000] {processor.py:186} INFO - Started process (PID=110814) to work on /usr/local/python/3.12.1/lib/python3.12/site-packages/airflow/example_dags/example_trigger_controller_dag.py
[2026-05-02T18:35:24.027+0000] {processor.py:914} INFO - Processing file /usr/local/python/3.12.1/lib/python3.12/site-packages/airflow/example_dags/example_trigger_controller_dag.py for tasks to queue
[2026-05-02T18:35:24.028+0000] {logging_mixin.py:190} INFO - [2026-05-02T18:35:24.028+0000] {dagbag.py:588} INFO - Filling up the DagBag from /usr/local/python/3.12.1/lib/python3.12/site-packages/airflow/example_dags/example_trigger_controller_dag.py
[2026-05-02T18:35:24.035+0000] {processor.py:925} INFO - DAG(s) 'example_trigger_controller_dag' retrieved from /usr/local/python/3.12.1/lib/python3.12/site-packages/airflow/example_dags/example_trigger_controller_dag.py
[2026-05-02T18:35:24.049+0000] {logging_mixin.py:190} INFO - [2026-05-02T18:35:24.048+0000] {dag.py:3239} INFO - Sync 1 DAGs
[2026-05-02T18:35:24.069+0000] {logging_mixin.py:190} INFO - [2026-05-02T18:35:24.069+0000] {dag.py:4180} INFO - Setting next_dagrun for example_trigger_controller_dag to 2021-01-01 00:00:00+00:00, run_after=2021-01-01 00:00:00+00:00
[2026-05-02T18:35:24.086+0000] {processor.py:208} INFO - Processing /usr/local/python/3.12.1/lib/python3.12/site-packages/airflow/example_dags/example_trigger_controller_dag.py took 0.064 seconds
[2026-05-02T18:36:16.272+0000] {processor.py:186} INFO - Started process (PID=111272) to work on /usr/local/python/3.12.1/lib/python3.12/site-packages/airflow/example_dags/example_trigger_controller_dag.py
[2026-05-02T18:36:16.273+0000] {processor.py:914} INFO - Processing file /usr/local/python/3.12.1/lib/python3.12/site-packages/airflow/example_dags/example_trigger_controller_dag.py for tasks to queue
[2026-05-02T18:36:16.274+0000] {logging_mixin.py:190} INFO - [2026-05-02T18:36:16.273+0000] {dagbag.py:588} INFO - Filling up the DagBag from /usr/local/python/3.12.1/lib/python3.12/site-packages/airflow/example_dags/example_trigger_controller_dag.py
[2026-05-02T18:36:16.280+0000] {processor.py:925} INFO - DAG(s) 'example_trigger_controller_dag' retrieved from /usr/local/python/3.12.1/lib/python3.12/site-packages/airflow/example_dags/example_trigger_controller_dag.py
[2026-05-02T18:36:16.291+0000] {logging_mixin.py:190} INFO - [2026-05-02T18:36:16.291+0000] {dag.py:3239} INFO - Sync 1 DAGs
[2026-05-02T18:36:16.307+0000] {logging_mixin.py:190} INFO - [2026-05-02T18:36:16.307+0000] {dag.py:4180} INFO - Setting next_dagrun for example_trigger_controller_dag to 2021-01-01 00:00:00+00:00, run_after=2021-01-01 00:00:00+00:00
[2026-05-02T18:36:16.324+0000] {processor.py:208} INFO - Processing /usr/local/python/3.12.1/lib/python3.12/site-packages/airflow/example_dags/example_trigger_controller_dag.py took 0.056 seconds
[2026-05-02T18:37:06.830+0000] {processor.py:186} INFO - Started process (PID=111751) to work on /usr/local/python/3.12.1/lib/python3.12/site-packages/airflow/example_dags/example_trigger_controller_dag.py
[2026-05-02T18:37:06.830+0000] {processor.py:914} INFO - Processing file /usr/local/python/3.12.1/lib/python3.12/site-packages/airflow/example_dags/example_trigger_controller_dag.py for tasks to queue
[2026-05-02T18:37:06.831+0000] {logging_mixin.py:190} INFO - [2026-05-02T18:37:06.831+0000] {dagbag.py:588} INFO - Filling up the DagBag from /usr/local/python/3.12.1/lib/python3.12/site-packages/airflow/example_dags/example_trigger_controller_dag.py
[2026-05-02T18:37:06.840+0000] {processor.py:925} INFO - DAG(s) 'example_trigger_controller_dag' retrieved from /usr/local/python/3.12.1/lib/python3.12/site-packages/airflow/example_dags/example_trigger_controller_dag.py
[2026-05-02T18:37:06.858+0000] {logging_mixin.py:190} INFO - [2026-05-02T18:37:06.857+0000] {dag.py:3239} INFO - Sync 1 DAGs
[2026-05-02T18:37:06.889+0000] {logging_mixin.py:190} INFO - [2026-05-02T18:37:06.888+0000] {dag.py:4180} INFO - Setting next_dagrun for example_trigger_controller_dag to 2021-01-01 00:00:00+00:00, run_after=2021-01-01 00:00:00+00:00
[2026-05-02T18:37:06.917+0000] {processor.py:208} INFO - Processing /usr/local/python/3.12.1/lib/python3.12/site-packages/airflow/example_dags/example_trigger_controller_dag.py took 0.092 seconds
