[2026-05-02T16:28:01.835+0000] {processor.py:186} INFO - Started process (PID=17718) to work on /usr/local/python/3.12.1/lib/python3.12/site-packages/airflow/example_dags/example_params_ui_tutorial.py
[2026-05-02T16:28:01.836+0000] {processor.py:914} INFO - Processing file /usr/local/python/3.12.1/lib/python3.12/site-packages/airflow/example_dags/example_params_ui_tutorial.py for tasks to queue
[2026-05-02T16:28:01.837+0000] {logging_mixin.py:190} INFO - [2026-05-02T16:28:01.837+0000] {dagbag.py:588} INFO - Filling up the DagBag from /usr/local/python/3.12.1/lib/python3.12/site-packages/airflow/example_dags/example_params_ui_tutorial.py
[2026-05-02T16:28:01.844+0000] {processor.py:925} INFO - DAG(s) 'example_params_ui_tutorial' retrieved from /usr/local/python/3.12.1/lib/python3.12/site-packages/airflow/example_dags/example_params_ui_tutorial.py
[2026-05-02T16:28:01.959+0000] {logging_mixin.py:190} INFO - [2026-05-02T16:28:01.958+0000] {override.py:1900} INFO - Created Permission View: can delete on DAG:example_params_ui_tutorial
[2026-05-02T16:28:01.968+0000] {logging_mixin.py:190} INFO - [2026-05-02T16:28:01.968+0000] {override.py:1900} INFO - Created Permission View: can edit on DAG:example_params_ui_tutorial
[2026-05-02T16:28:01.974+0000] {logging_mixin.py:190} INFO - [2026-05-02T16:28:01.974+0000] {override.py:1900} INFO - Created Permission View: can read on DAG:example_params_ui_tutorial
[2026-05-02T16:28:01.985+0000] {logging_mixin.py:190} INFO - [2026-05-02T16:28:01.985+0000] {override.py:1900} INFO - Created Permission View: can delete on DAG Run:example_params_ui_tutorial
[2026-05-02T16:28:01.992+0000] {logging_mixin.py:190} INFO - [2026-05-02T16:28:01.992+0000] {override.py:1900} INFO - Created Permission View: can create on DAG Run:example_params_ui_tutorial
[2026-05-02T16:28:01.999+0000] {logging_mixin.py:190} INFO - [2026-05-02T16:28:01.999+0000] {override.py:1900} INFO - Created Permission View: menu access on DAG Run:example_params_ui_tutorial
[2026-05-02T16:28:02.006+0000] {logging_mixin.py:190} INFO - [2026-05-02T16:28:02.006+0000] {override.py:1900} INFO - Created Permission View: can read on DAG Run:example_params_ui_tutorial
[2026-05-02T16:28:02.006+0000] {logging_mixin.py:190} INFO - [2026-05-02T16:28:02.006+0000] {dag.py:3239} INFO - Sync 1 DAGs
[2026-05-02T16:28:02.016+0000] {logging_mixin.py:190} INFO - [2026-05-02T16:28:02.016+0000] {dag.py:3262} INFO - Creating ORM DAG for example_params_ui_tutorial
[2026-05-02T16:28:02.017+0000] {logging_mixin.py:190} INFO - [2026-05-02T16:28:02.017+0000] {dag.py:4180} INFO - Setting next_dagrun for example_params_ui_tutorial to None, run_after=None
[2026-05-02T16:28:02.033+0000] {processor.py:208} INFO - Processing /usr/local/python/3.12.1/lib/python3.12/site-packages/airflow/example_dags/example_params_ui_tutorial.py took 0.202 seconds
[2026-05-02T16:29:06.781+0000] {processor.py:186} INFO - Started process (PID=18390) to work on /usr/local/python/3.12.1/lib/python3.12/site-packages/airflow/example_dags/example_params_ui_tutorial.py
[2026-05-02T16:29:06.781+0000] {processor.py:914} INFO - Processing file /usr/local/python/3.12.1/lib/python3.12/site-packages/airflow/example_dags/example_params_ui_tutorial.py for tasks to queue
[2026-05-02T16:29:06.783+0000] {logging_mixin.py:190} INFO - [2026-05-02T16:29:06.783+0000] {dagbag.py:588} INFO - Filling up the DagBag from /usr/local/python/3.12.1/lib/python3.12/site-packages/airflow/example_dags/example_params_ui_tutorial.py
[2026-05-02T16:29:06.800+0000] {processor.py:925} INFO - DAG(s) 'example_params_ui_tutorial' retrieved from /usr/local/python/3.12.1/lib/python3.12/site-packages/airflow/example_dags/example_params_ui_tutorial.py
[2026-05-02T16:29:06.840+0000] {logging_mixin.py:190} INFO - [2026-05-02T16:29:06.840+0000] {dag.py:3239} INFO - Sync 1 DAGs
[2026-05-02T16:29:06.853+0000] {logging_mixin.py:190} INFO - [2026-05-02T16:29:06.853+0000] {dag.py:4180} INFO - Setting next_dagrun for example_params_ui_tutorial to None, run_after=None
[2026-05-02T16:29:06.878+0000] {processor.py:208} INFO - Processing /usr/local/python/3.12.1/lib/python3.12/site-packages/airflow/example_dags/example_params_ui_tutorial.py took 0.104 seconds
[2026-05-02T16:30:09.205+0000] {processor.py:186} INFO - Started process (PID=18946) to work on /usr/local/python/3.12.1/lib/python3.12/site-packages/airflow/example_dags/example_params_ui_tutorial.py
[2026-05-02T16:30:09.206+0000] {processor.py:914} INFO - Processing file /usr/local/python/3.12.1/lib/python3.12/site-packages/airflow/example_dags/example_params_ui_tutorial.py for tasks to queue
[2026-05-02T16:30:09.207+0000] {logging_mixin.py:190} INFO - [2026-05-02T16:30:09.207+0000] {dagbag.py:588} INFO - Filling up the DagBag from /usr/local/python/3.12.1/lib/python3.12/site-packages/airflow/example_dags/example_params_ui_tutorial.py
[2026-05-02T16:30:09.214+0000] {processor.py:925} INFO - DAG(s) 'example_params_ui_tutorial' retrieved from /usr/local/python/3.12.1/lib/python3.12/site-packages/airflow/example_dags/example_params_ui_tutorial.py
[2026-05-02T16:30:09.248+0000] {logging_mixin.py:190} INFO - [2026-05-02T16:30:09.248+0000] {dag.py:3239} INFO - Sync 1 DAGs
[2026-05-02T16:30:09.261+0000] {logging_mixin.py:190} INFO - [2026-05-02T16:30:09.261+0000] {dag.py:4180} INFO - Setting next_dagrun for example_params_ui_tutorial to None, run_after=None
[2026-05-02T16:30:09.375+0000] {processor.py:208} INFO - Processing /usr/local/python/3.12.1/lib/python3.12/site-packages/airflow/example_dags/example_params_ui_tutorial.py took 0.173 seconds
[2026-05-02T16:32:54.765+0000] {processor.py:186} INFO - Started process (PID=20692) to work on /usr/local/python/3.12.1/lib/python3.12/site-packages/airflow/example_dags/example_params_ui_tutorial.py
[2026-05-02T16:32:54.766+0000] {processor.py:914} INFO - Processing file /usr/local/python/3.12.1/lib/python3.12/site-packages/airflow/example_dags/example_params_ui_tutorial.py for tasks to queue
[2026-05-02T16:32:54.768+0000] {logging_mixin.py:190} INFO - [2026-05-02T16:32:54.768+0000] {dagbag.py:588} INFO - Filling up the DagBag from /usr/local/python/3.12.1/lib/python3.12/site-packages/airflow/example_dags/example_params_ui_tutorial.py
[2026-05-02T16:32:54.780+0000] {processor.py:925} INFO - DAG(s) 'example_params_ui_tutorial' retrieved from /usr/local/python/3.12.1/lib/python3.12/site-packages/airflow/example_dags/example_params_ui_tutorial.py
[2026-05-02T16:32:54.836+0000] {logging_mixin.py:190} INFO - [2026-05-02T16:32:54.835+0000] {dag.py:3239} INFO - Sync 1 DAGs
[2026-05-02T16:32:54.851+0000] {logging_mixin.py:190} INFO - [2026-05-02T16:32:54.851+0000] {dag.py:4180} INFO - Setting next_dagrun for example_params_ui_tutorial to None, run_after=None
[2026-05-02T16:32:54.921+0000] {processor.py:208} INFO - Processing /usr/local/python/3.12.1/lib/python3.12/site-packages/airflow/example_dags/example_params_ui_tutorial.py took 0.163 seconds
[2026-05-02T16:33:58.898+0000] {processor.py:186} INFO - Started process (PID=21730) to work on /usr/local/python/3.12.1/lib/python3.12/site-packages/airflow/example_dags/example_params_ui_tutorial.py
[2026-05-02T16:33:58.898+0000] {processor.py:914} INFO - Processing file /usr/local/python/3.12.1/lib/python3.12/site-packages/airflow/example_dags/example_params_ui_tutorial.py for tasks to queue
[2026-05-02T16:33:58.900+0000] {logging_mixin.py:190} INFO - [2026-05-02T16:33:58.900+0000] {dagbag.py:588} INFO - Filling up the DagBag from /usr/local/python/3.12.1/lib/python3.12/site-packages/airflow/example_dags/example_params_ui_tutorial.py
[2026-05-02T16:33:58.908+0000] {processor.py:925} INFO - DAG(s) 'example_params_ui_tutorial' retrieved from /usr/local/python/3.12.1/lib/python3.12/site-packages/airflow/example_dags/example_params_ui_tutorial.py
[2026-05-02T16:33:58.941+0000] {logging_mixin.py:190} INFO - [2026-05-02T16:33:58.941+0000] {dag.py:3239} INFO - Sync 1 DAGs
[2026-05-02T16:33:58.952+0000] {logging_mixin.py:190} INFO - [2026-05-02T16:33:58.952+0000] {dag.py:4180} INFO - Setting next_dagrun for example_params_ui_tutorial to None, run_after=None
[2026-05-02T16:33:58.969+0000] {processor.py:208} INFO - Processing /usr/local/python/3.12.1/lib/python3.12/site-packages/airflow/example_dags/example_params_ui_tutorial.py took 0.076 seconds
[2026-05-02T16:35:08.527+0000] {processor.py:186} INFO - Started process (PID=22814) to work on /usr/local/python/3.12.1/lib/python3.12/site-packages/airflow/example_dags/example_params_ui_tutorial.py
[2026-05-02T16:35:08.528+0000] {processor.py:914} INFO - Processing file /usr/local/python/3.12.1/lib/python3.12/site-packages/airflow/example_dags/example_params_ui_tutorial.py for tasks to queue
[2026-05-02T16:35:08.530+0000] {logging_mixin.py:190} INFO - [2026-05-02T16:35:08.529+0000] {dagbag.py:588} INFO - Filling up the DagBag from /usr/local/python/3.12.1/lib/python3.12/site-packages/airflow/example_dags/example_params_ui_tutorial.py
[2026-05-02T16:35:08.537+0000] {processor.py:925} INFO - DAG(s) 'example_params_ui_tutorial' retrieved from /usr/local/python/3.12.1/lib/python3.12/site-packages/airflow/example_dags/example_params_ui_tutorial.py
[2026-05-02T16:35:08.569+0000] {logging_mixin.py:190} INFO - [2026-05-02T16:35:08.569+0000] {dag.py:3239} INFO - Sync 1 DAGs
[2026-05-02T16:35:08.578+0000] {logging_mixin.py:190} INFO - [2026-05-02T16:35:08.578+0000] {dag.py:4180} INFO - Setting next_dagrun for example_params_ui_tutorial to None, run_after=None
[2026-05-02T16:35:08.596+0000] {processor.py:208} INFO - Processing /usr/local/python/3.12.1/lib/python3.12/site-packages/airflow/example_dags/example_params_ui_tutorial.py took 0.073 seconds
[2026-05-02T16:36:06.313+0000] {processor.py:186} INFO - Started process (PID=23446) to work on /usr/local/python/3.12.1/lib/python3.12/site-packages/airflow/example_dags/example_params_ui_tutorial.py
[2026-05-02T16:36:06.314+0000] {processor.py:914} INFO - Processing file /usr/local/python/3.12.1/lib/python3.12/site-packages/airflow/example_dags/example_params_ui_tutorial.py for tasks to queue
[2026-05-02T16:36:06.316+0000] {logging_mixin.py:190} INFO - [2026-05-02T16:36:06.315+0000] {dagbag.py:588} INFO - Filling up the DagBag from /usr/local/python/3.12.1/lib/python3.12/site-packages/airflow/example_dags/example_params_ui_tutorial.py
[2026-05-02T16:36:06.323+0000] {processor.py:925} INFO - DAG(s) 'example_params_ui_tutorial' retrieved from /usr/local/python/3.12.1/lib/python3.12/site-packages/airflow/example_dags/example_params_ui_tutorial.py
[2026-05-02T16:36:06.370+0000] {logging_mixin.py:190} INFO - [2026-05-02T16:36:06.368+0000] {dag.py:3239} INFO - Sync 1 DAGs
[2026-05-02T16:36:06.400+0000] {logging_mixin.py:190} INFO - [2026-05-02T16:36:06.399+0000] {dag.py:4180} INFO - Setting next_dagrun for example_params_ui_tutorial to None, run_after=None
[2026-05-02T16:36:06.432+0000] {processor.py:208} INFO - Processing /usr/local/python/3.12.1/lib/python3.12/site-packages/airflow/example_dags/example_params_ui_tutorial.py took 0.123 seconds
[2026-05-02T16:37:00.537+0000] {processor.py:186} INFO - Started process (PID=23997) to work on /usr/local/python/3.12.1/lib/python3.12/site-packages/airflow/example_dags/example_params_ui_tutorial.py
[2026-05-02T16:37:00.538+0000] {processor.py:914} INFO - Processing file /usr/local/python/3.12.1/lib/python3.12/site-packages/airflow/example_dags/example_params_ui_tutorial.py for tasks to queue
[2026-05-02T16:37:00.540+0000] {logging_mixin.py:190} INFO - [2026-05-02T16:37:00.540+0000] {dagbag.py:588} INFO - Filling up the DagBag from /usr/local/python/3.12.1/lib/python3.12/site-packages/airflow/example_dags/example_params_ui_tutorial.py
[2026-05-02T16:37:00.551+0000] {processor.py:925} INFO - DAG(s) 'example_params_ui_tutorial' retrieved from /usr/local/python/3.12.1/lib/python3.12/site-packages/airflow/example_dags/example_params_ui_tutorial.py
[2026-05-02T16:37:00.584+0000] {logging_mixin.py:190} INFO - [2026-05-02T16:37:00.584+0000] {dag.py:3239} INFO - Sync 1 DAGs
[2026-05-02T16:37:00.595+0000] {logging_mixin.py:190} INFO - [2026-05-02T16:37:00.594+0000] {dag.py:4180} INFO - Setting next_dagrun for example_params_ui_tutorial to None, run_after=None
[2026-05-02T16:37:00.612+0000] {processor.py:208} INFO - Processing /usr/local/python/3.12.1/lib/python3.12/site-packages/airflow/example_dags/example_params_ui_tutorial.py took 0.079 seconds
[2026-05-02T16:37:54.604+0000] {processor.py:186} INFO - Started process (PID=24558) to work on /usr/local/python/3.12.1/lib/python3.12/site-packages/airflow/example_dags/example_params_ui_tutorial.py
[2026-05-02T16:37:54.604+0000] {processor.py:914} INFO - Processing file /usr/local/python/3.12.1/lib/python3.12/site-packages/airflow/example_dags/example_params_ui_tutorial.py for tasks to queue
[2026-05-02T16:37:54.606+0000] {logging_mixin.py:190} INFO - [2026-05-02T16:37:54.606+0000] {dagbag.py:588} INFO - Filling up the DagBag from /usr/local/python/3.12.1/lib/python3.12/site-packages/airflow/example_dags/example_params_ui_tutorial.py
[2026-05-02T16:37:54.613+0000] {processor.py:925} INFO - DAG(s) 'example_params_ui_tutorial' retrieved from /usr/local/python/3.12.1/lib/python3.12/site-packages/airflow/example_dags/example_params_ui_tutorial.py
[2026-05-02T16:37:54.662+0000] {logging_mixin.py:190} INFO - [2026-05-02T16:37:54.662+0000] {dag.py:3239} INFO - Sync 1 DAGs
[2026-05-02T16:37:54.680+0000] {logging_mixin.py:190} INFO - [2026-05-02T16:37:54.680+0000] {dag.py:4180} INFO - Setting next_dagrun for example_params_ui_tutorial to None, run_after=None
[2026-05-02T16:37:54.698+0000] {processor.py:208} INFO - Processing /usr/local/python/3.12.1/lib/python3.12/site-packages/airflow/example_dags/example_params_ui_tutorial.py took 0.098 seconds
[2026-05-02T16:38:51.317+0000] {processor.py:186} INFO - Started process (PID=25221) to work on /usr/local/python/3.12.1/lib/python3.12/site-packages/airflow/example_dags/example_params_ui_tutorial.py
[2026-05-02T16:38:51.317+0000] {processor.py:914} INFO - Processing file /usr/local/python/3.12.1/lib/python3.12/site-packages/airflow/example_dags/example_params_ui_tutorial.py for tasks to queue
[2026-05-02T16:38:51.319+0000] {logging_mixin.py:190} INFO - [2026-05-02T16:38:51.319+0000] {dagbag.py:588} INFO - Filling up the DagBag from /usr/local/python/3.12.1/lib/python3.12/site-packages/airflow/example_dags/example_params_ui_tutorial.py
[2026-05-02T16:38:51.326+0000] {processor.py:925} INFO - DAG(s) 'example_params_ui_tutorial' retrieved from /usr/local/python/3.12.1/lib/python3.12/site-packages/airflow/example_dags/example_params_ui_tutorial.py
[2026-05-02T16:38:51.358+0000] {logging_mixin.py:190} INFO - [2026-05-02T16:38:51.358+0000] {dag.py:3239} INFO - Sync 1 DAGs
[2026-05-02T16:38:51.367+0000] {logging_mixin.py:190} INFO - [2026-05-02T16:38:51.367+0000] {dag.py:4180} INFO - Setting next_dagrun for example_params_ui_tutorial to None, run_after=None
[2026-05-02T16:38:51.384+0000] {processor.py:208} INFO - Processing /usr/local/python/3.12.1/lib/python3.12/site-packages/airflow/example_dags/example_params_ui_tutorial.py took 0.071 seconds
[2026-05-02T16:39:54.653+0000] {processor.py:186} INFO - Started process (PID=25966) to work on /usr/local/python/3.12.1/lib/python3.12/site-packages/airflow/example_dags/example_params_ui_tutorial.py
[2026-05-02T16:39:54.653+0000] {processor.py:914} INFO - Processing file /usr/local/python/3.12.1/lib/python3.12/site-packages/airflow/example_dags/example_params_ui_tutorial.py for tasks to queue
[2026-05-02T16:39:54.654+0000] {logging_mixin.py:190} INFO - [2026-05-02T16:39:54.654+0000] {dagbag.py:588} INFO - Filling up the DagBag from /usr/local/python/3.12.1/lib/python3.12/site-packages/airflow/example_dags/example_params_ui_tutorial.py
[2026-05-02T16:39:54.663+0000] {processor.py:925} INFO - DAG(s) 'example_params_ui_tutorial' retrieved from /usr/local/python/3.12.1/lib/python3.12/site-packages/airflow/example_dags/example_params_ui_tutorial.py
[2026-05-02T16:39:54.702+0000] {logging_mixin.py:190} INFO - [2026-05-02T16:39:54.701+0000] {dag.py:3239} INFO - Sync 1 DAGs
[2026-05-02T16:39:54.719+0000] {logging_mixin.py:190} INFO - [2026-05-02T16:39:54.719+0000] {dag.py:4180} INFO - Setting next_dagrun for example_params_ui_tutorial to None, run_after=None
[2026-05-02T16:39:54.742+0000] {processor.py:208} INFO - Processing /usr/local/python/3.12.1/lib/python3.12/site-packages/airflow/example_dags/example_params_ui_tutorial.py took 0.093 seconds
[2026-05-02T16:40:48.874+0000] {processor.py:186} INFO - Started process (PID=26466) to work on /usr/local/python/3.12.1/lib/python3.12/site-packages/airflow/example_dags/example_params_ui_tutorial.py
[2026-05-02T16:40:48.874+0000] {processor.py:914} INFO - Processing file /usr/local/python/3.12.1/lib/python3.12/site-packages/airflow/example_dags/example_params_ui_tutorial.py for tasks to queue
[2026-05-02T16:40:48.875+0000] {logging_mixin.py:190} INFO - [2026-05-02T16:40:48.875+0000] {dagbag.py:588} INFO - Filling up the DagBag from /usr/local/python/3.12.1/lib/python3.12/site-packages/airflow/example_dags/example_params_ui_tutorial.py
[2026-05-02T16:40:48.883+0000] {processor.py:925} INFO - DAG(s) 'example_params_ui_tutorial' retrieved from /usr/local/python/3.12.1/lib/python3.12/site-packages/airflow/example_dags/example_params_ui_tutorial.py
[2026-05-02T16:40:48.915+0000] {logging_mixin.py:190} INFO - [2026-05-02T16:40:48.915+0000] {dag.py:3239} INFO - Sync 1 DAGs
[2026-05-02T16:40:48.925+0000] {logging_mixin.py:190} INFO - [2026-05-02T16:40:48.925+0000] {dag.py:4180} INFO - Setting next_dagrun for example_params_ui_tutorial to None, run_after=None
[2026-05-02T16:40:48.942+0000] {processor.py:208} INFO - Processing /usr/local/python/3.12.1/lib/python3.12/site-packages/airflow/example_dags/example_params_ui_tutorial.py took 0.074 seconds
[2026-05-02T16:41:43.270+0000] {processor.py:186} INFO - Started process (PID=26997) to work on /usr/local/python/3.12.1/lib/python3.12/site-packages/airflow/example_dags/example_params_ui_tutorial.py
[2026-05-02T16:41:43.271+0000] {processor.py:914} INFO - Processing file /usr/local/python/3.12.1/lib/python3.12/site-packages/airflow/example_dags/example_params_ui_tutorial.py for tasks to queue
[2026-05-02T16:41:43.272+0000] {logging_mixin.py:190} INFO - [2026-05-02T16:41:43.271+0000] {dagbag.py:588} INFO - Filling up the DagBag from /usr/local/python/3.12.1/lib/python3.12/site-packages/airflow/example_dags/example_params_ui_tutorial.py
[2026-05-02T16:41:43.279+0000] {processor.py:925} INFO - DAG(s) 'example_params_ui_tutorial' retrieved from /usr/local/python/3.12.1/lib/python3.12/site-packages/airflow/example_dags/example_params_ui_tutorial.py
[2026-05-02T16:41:43.312+0000] {logging_mixin.py:190} INFO - [2026-05-02T16:41:43.312+0000] {dag.py:3239} INFO - Sync 1 DAGs
[2026-05-02T16:41:43.323+0000] {logging_mixin.py:190} INFO - [2026-05-02T16:41:43.323+0000] {dag.py:4180} INFO - Setting next_dagrun for example_params_ui_tutorial to None, run_after=None
[2026-05-02T16:41:43.341+0000] {processor.py:208} INFO - Processing /usr/local/python/3.12.1/lib/python3.12/site-packages/airflow/example_dags/example_params_ui_tutorial.py took 0.075 seconds
[2026-05-02T16:42:37.430+0000] {processor.py:186} INFO - Started process (PID=27540) to work on /usr/local/python/3.12.1/lib/python3.12/site-packages/airflow/example_dags/example_params_ui_tutorial.py
[2026-05-02T16:42:37.431+0000] {processor.py:914} INFO - Processing file /usr/local/python/3.12.1/lib/python3.12/site-packages/airflow/example_dags/example_params_ui_tutorial.py for tasks to queue
[2026-05-02T16:42:37.432+0000] {logging_mixin.py:190} INFO - [2026-05-02T16:42:37.432+0000] {dagbag.py:588} INFO - Filling up the DagBag from /usr/local/python/3.12.1/lib/python3.12/site-packages/airflow/example_dags/example_params_ui_tutorial.py
[2026-05-02T16:42:37.439+0000] {processor.py:925} INFO - DAG(s) 'example_params_ui_tutorial' retrieved from /usr/local/python/3.12.1/lib/python3.12/site-packages/airflow/example_dags/example_params_ui_tutorial.py
[2026-05-02T16:42:37.473+0000] {logging_mixin.py:190} INFO - [2026-05-02T16:42:37.473+0000] {dag.py:3239} INFO - Sync 1 DAGs
[2026-05-02T16:42:37.483+0000] {logging_mixin.py:190} INFO - [2026-05-02T16:42:37.483+0000] {dag.py:4180} INFO - Setting next_dagrun for example_params_ui_tutorial to None, run_after=None
[2026-05-02T16:42:37.500+0000] {processor.py:208} INFO - Processing /usr/local/python/3.12.1/lib/python3.12/site-packages/airflow/example_dags/example_params_ui_tutorial.py took 0.074 seconds
[2026-05-02T16:43:31.836+0000] {processor.py:186} INFO - Started process (PID=28132) to work on /usr/local/python/3.12.1/lib/python3.12/site-packages/airflow/example_dags/example_params_ui_tutorial.py
[2026-05-02T16:43:31.837+0000] {processor.py:914} INFO - Processing file /usr/local/python/3.12.1/lib/python3.12/site-packages/airflow/example_dags/example_params_ui_tutorial.py for tasks to queue
[2026-05-02T16:43:31.837+0000] {logging_mixin.py:190} INFO - [2026-05-02T16:43:31.837+0000] {dagbag.py:588} INFO - Filling up the DagBag from /usr/local/python/3.12.1/lib/python3.12/site-packages/airflow/example_dags/example_params_ui_tutorial.py
[2026-05-02T16:43:31.845+0000] {processor.py:925} INFO - DAG(s) 'example_params_ui_tutorial' retrieved from /usr/local/python/3.12.1/lib/python3.12/site-packages/airflow/example_dags/example_params_ui_tutorial.py
[2026-05-02T16:43:31.878+0000] {logging_mixin.py:190} INFO - [2026-05-02T16:43:31.878+0000] {dag.py:3239} INFO - Sync 1 DAGs
[2026-05-02T16:43:31.888+0000] {logging_mixin.py:190} INFO - [2026-05-02T16:43:31.888+0000] {dag.py:4180} INFO - Setting next_dagrun for example_params_ui_tutorial to None, run_after=None
[2026-05-02T16:43:31.905+0000] {processor.py:208} INFO - Processing /usr/local/python/3.12.1/lib/python3.12/site-packages/airflow/example_dags/example_params_ui_tutorial.py took 0.073 seconds
[2026-05-02T16:44:39.119+0000] {processor.py:186} INFO - Started process (PID=29188) to work on /usr/local/python/3.12.1/lib/python3.12/site-packages/airflow/example_dags/example_params_ui_tutorial.py
[2026-05-02T16:44:39.120+0000] {processor.py:914} INFO - Processing file /usr/local/python/3.12.1/lib/python3.12/site-packages/airflow/example_dags/example_params_ui_tutorial.py for tasks to queue
[2026-05-02T16:44:39.122+0000] {logging_mixin.py:190} INFO - [2026-05-02T16:44:39.122+0000] {dagbag.py:588} INFO - Filling up the DagBag from /usr/local/python/3.12.1/lib/python3.12/site-packages/airflow/example_dags/example_params_ui_tutorial.py
[2026-05-02T16:44:39.134+0000] {processor.py:925} INFO - DAG(s) 'example_params_ui_tutorial' retrieved from /usr/local/python/3.12.1/lib/python3.12/site-packages/airflow/example_dags/example_params_ui_tutorial.py
[2026-05-02T16:44:39.198+0000] {logging_mixin.py:190} INFO - [2026-05-02T16:44:39.198+0000] {dag.py:3239} INFO - Sync 1 DAGs
[2026-05-02T16:44:39.226+0000] {logging_mixin.py:190} INFO - [2026-05-02T16:44:39.226+0000] {dag.py:4180} INFO - Setting next_dagrun for example_params_ui_tutorial to None, run_after=None
[2026-05-02T16:44:39.257+0000] {processor.py:208} INFO - Processing /usr/local/python/3.12.1/lib/python3.12/site-packages/airflow/example_dags/example_params_ui_tutorial.py took 0.145 seconds
[2026-05-02T16:45:36.940+0000] {processor.py:186} INFO - Started process (PID=30041) to work on /usr/local/python/3.12.1/lib/python3.12/site-packages/airflow/example_dags/example_params_ui_tutorial.py
[2026-05-02T16:45:36.941+0000] {processor.py:914} INFO - Processing file /usr/local/python/3.12.1/lib/python3.12/site-packages/airflow/example_dags/example_params_ui_tutorial.py for tasks to queue
[2026-05-02T16:45:36.942+0000] {logging_mixin.py:190} INFO - [2026-05-02T16:45:36.941+0000] {dagbag.py:588} INFO - Filling up the DagBag from /usr/local/python/3.12.1/lib/python3.12/site-packages/airflow/example_dags/example_params_ui_tutorial.py
[2026-05-02T16:45:36.951+0000] {processor.py:925} INFO - DAG(s) 'example_params_ui_tutorial' retrieved from /usr/local/python/3.12.1/lib/python3.12/site-packages/airflow/example_dags/example_params_ui_tutorial.py
[2026-05-02T16:45:36.984+0000] {logging_mixin.py:190} INFO - [2026-05-02T16:45:36.984+0000] {dag.py:3239} INFO - Sync 1 DAGs
[2026-05-02T16:45:36.995+0000] {logging_mixin.py:190} INFO - [2026-05-02T16:45:36.995+0000] {dag.py:4180} INFO - Setting next_dagrun for example_params_ui_tutorial to None, run_after=None
[2026-05-02T16:45:37.012+0000] {processor.py:208} INFO - Processing /usr/local/python/3.12.1/lib/python3.12/site-packages/airflow/example_dags/example_params_ui_tutorial.py took 0.076 seconds
[2026-05-02T16:46:27.409+0000] {processor.py:186} INFO - Started process (PID=30557) to work on /usr/local/python/3.12.1/lib/python3.12/site-packages/airflow/example_dags/example_params_ui_tutorial.py
[2026-05-02T16:46:27.409+0000] {processor.py:914} INFO - Processing file /usr/local/python/3.12.1/lib/python3.12/site-packages/airflow/example_dags/example_params_ui_tutorial.py for tasks to queue
[2026-05-02T16:46:27.410+0000] {logging_mixin.py:190} INFO - [2026-05-02T16:46:27.410+0000] {dagbag.py:588} INFO - Filling up the DagBag from /usr/local/python/3.12.1/lib/python3.12/site-packages/airflow/example_dags/example_params_ui_tutorial.py
[2026-05-02T16:46:27.417+0000] {processor.py:925} INFO - DAG(s) 'example_params_ui_tutorial' retrieved from /usr/local/python/3.12.1/lib/python3.12/site-packages/airflow/example_dags/example_params_ui_tutorial.py
[2026-05-02T16:46:27.456+0000] {logging_mixin.py:190} INFO - [2026-05-02T16:46:27.455+0000] {dag.py:3239} INFO - Sync 1 DAGs
[2026-05-02T16:46:27.475+0000] {logging_mixin.py:190} INFO - [2026-05-02T16:46:27.475+0000] {dag.py:4180} INFO - Setting next_dagrun for example_params_ui_tutorial to None, run_after=None
[2026-05-02T16:46:27.511+0000] {processor.py:208} INFO - Processing /usr/local/python/3.12.1/lib/python3.12/site-packages/airflow/example_dags/example_params_ui_tutorial.py took 0.107 seconds
[2026-05-02T16:47:22.541+0000] {processor.py:186} INFO - Started process (PID=30984) to work on /usr/local/python/3.12.1/lib/python3.12/site-packages/airflow/example_dags/example_params_ui_tutorial.py
[2026-05-02T16:47:22.542+0000] {processor.py:914} INFO - Processing file /usr/local/python/3.12.1/lib/python3.12/site-packages/airflow/example_dags/example_params_ui_tutorial.py for tasks to queue
[2026-05-02T16:47:22.543+0000] {logging_mixin.py:190} INFO - [2026-05-02T16:47:22.542+0000] {dagbag.py:588} INFO - Filling up the DagBag from /usr/local/python/3.12.1/lib/python3.12/site-packages/airflow/example_dags/example_params_ui_tutorial.py
[2026-05-02T16:47:22.550+0000] {processor.py:925} INFO - DAG(s) 'example_params_ui_tutorial' retrieved from /usr/local/python/3.12.1/lib/python3.12/site-packages/airflow/example_dags/example_params_ui_tutorial.py
[2026-05-02T16:47:22.581+0000] {logging_mixin.py:190} INFO - [2026-05-02T16:47:22.581+0000] {dag.py:3239} INFO - Sync 1 DAGs
[2026-05-02T16:47:22.591+0000] {logging_mixin.py:190} INFO - [2026-05-02T16:47:22.591+0000] {dag.py:4180} INFO - Setting next_dagrun for example_params_ui_tutorial to None, run_after=None
[2026-05-02T16:47:22.608+0000] {processor.py:208} INFO - Processing /usr/local/python/3.12.1/lib/python3.12/site-packages/airflow/example_dags/example_params_ui_tutorial.py took 0.071 seconds
[2026-05-02T16:48:15.647+0000] {processor.py:186} INFO - Started process (PID=31516) to work on /usr/local/python/3.12.1/lib/python3.12/site-packages/airflow/example_dags/example_params_ui_tutorial.py
[2026-05-02T16:48:15.648+0000] {processor.py:914} INFO - Processing file /usr/local/python/3.12.1/lib/python3.12/site-packages/airflow/example_dags/example_params_ui_tutorial.py for tasks to queue
[2026-05-02T16:48:15.649+0000] {logging_mixin.py:190} INFO - [2026-05-02T16:48:15.648+0000] {dagbag.py:588} INFO - Filling up the DagBag from /usr/local/python/3.12.1/lib/python3.12/site-packages/airflow/example_dags/example_params_ui_tutorial.py
[2026-05-02T16:48:15.656+0000] {processor.py:925} INFO - DAG(s) 'example_params_ui_tutorial' retrieved from /usr/local/python/3.12.1/lib/python3.12/site-packages/airflow/example_dags/example_params_ui_tutorial.py
[2026-05-02T16:48:15.687+0000] {logging_mixin.py:190} INFO - [2026-05-02T16:48:15.687+0000] {dag.py:3239} INFO - Sync 1 DAGs
[2026-05-02T16:48:15.698+0000] {logging_mixin.py:190} INFO - [2026-05-02T16:48:15.698+0000] {dag.py:4180} INFO - Setting next_dagrun for example_params_ui_tutorial to None, run_after=None
[2026-05-02T16:48:15.716+0000] {processor.py:208} INFO - Processing /usr/local/python/3.12.1/lib/python3.12/site-packages/airflow/example_dags/example_params_ui_tutorial.py took 0.074 seconds
[2026-05-02T16:49:06.445+0000] {processor.py:186} INFO - Started process (PID=32088) to work on /usr/local/python/3.12.1/lib/python3.12/site-packages/airflow/example_dags/example_params_ui_tutorial.py
[2026-05-02T16:49:06.445+0000] {processor.py:914} INFO - Processing file /usr/local/python/3.12.1/lib/python3.12/site-packages/airflow/example_dags/example_params_ui_tutorial.py for tasks to queue
[2026-05-02T16:49:06.446+0000] {logging_mixin.py:190} INFO - [2026-05-02T16:49:06.446+0000] {dagbag.py:588} INFO - Filling up the DagBag from /usr/local/python/3.12.1/lib/python3.12/site-packages/airflow/example_dags/example_params_ui_tutorial.py
[2026-05-02T16:49:06.453+0000] {processor.py:925} INFO - DAG(s) 'example_params_ui_tutorial' retrieved from /usr/local/python/3.12.1/lib/python3.12/site-packages/airflow/example_dags/example_params_ui_tutorial.py
[2026-05-02T16:49:06.484+0000] {logging_mixin.py:190} INFO - [2026-05-02T16:49:06.484+0000] {dag.py:3239} INFO - Sync 1 DAGs
[2026-05-02T16:49:06.494+0000] {logging_mixin.py:190} INFO - [2026-05-02T16:49:06.494+0000] {dag.py:4180} INFO - Setting next_dagrun for example_params_ui_tutorial to None, run_after=None
[2026-05-02T16:49:06.511+0000] {processor.py:208} INFO - Processing /usr/local/python/3.12.1/lib/python3.12/site-packages/airflow/example_dags/example_params_ui_tutorial.py took 0.071 seconds
[2026-05-02T16:50:02.261+0000] {processor.py:186} INFO - Started process (PID=32590) to work on /usr/local/python/3.12.1/lib/python3.12/site-packages/airflow/example_dags/example_params_ui_tutorial.py
[2026-05-02T16:50:02.262+0000] {processor.py:914} INFO - Processing file /usr/local/python/3.12.1/lib/python3.12/site-packages/airflow/example_dags/example_params_ui_tutorial.py for tasks to queue
[2026-05-02T16:50:02.263+0000] {logging_mixin.py:190} INFO - [2026-05-02T16:50:02.263+0000] {dagbag.py:588} INFO - Filling up the DagBag from /usr/local/python/3.12.1/lib/python3.12/site-packages/airflow/example_dags/example_params_ui_tutorial.py
[2026-05-02T16:50:02.270+0000] {processor.py:925} INFO - DAG(s) 'example_params_ui_tutorial' retrieved from /usr/local/python/3.12.1/lib/python3.12/site-packages/airflow/example_dags/example_params_ui_tutorial.py
[2026-05-02T16:50:02.302+0000] {logging_mixin.py:190} INFO - [2026-05-02T16:50:02.301+0000] {dag.py:3239} INFO - Sync 1 DAGs
[2026-05-02T16:50:02.312+0000] {logging_mixin.py:190} INFO - [2026-05-02T16:50:02.312+0000] {dag.py:4180} INFO - Setting next_dagrun for example_params_ui_tutorial to None, run_after=None
[2026-05-02T16:50:02.329+0000] {processor.py:208} INFO - Processing /usr/local/python/3.12.1/lib/python3.12/site-packages/airflow/example_dags/example_params_ui_tutorial.py took 0.072 seconds
[2026-05-02T16:50:55.274+0000] {processor.py:186} INFO - Started process (PID=33061) to work on /usr/local/python/3.12.1/lib/python3.12/site-packages/airflow/example_dags/example_params_ui_tutorial.py
[2026-05-02T16:50:55.275+0000] {processor.py:914} INFO - Processing file /usr/local/python/3.12.1/lib/python3.12/site-packages/airflow/example_dags/example_params_ui_tutorial.py for tasks to queue
[2026-05-02T16:50:55.276+0000] {logging_mixin.py:190} INFO - [2026-05-02T16:50:55.275+0000] {dagbag.py:588} INFO - Filling up the DagBag from /usr/local/python/3.12.1/lib/python3.12/site-packages/airflow/example_dags/example_params_ui_tutorial.py
[2026-05-02T16:50:55.283+0000] {processor.py:925} INFO - DAG(s) 'example_params_ui_tutorial' retrieved from /usr/local/python/3.12.1/lib/python3.12/site-packages/airflow/example_dags/example_params_ui_tutorial.py
[2026-05-02T16:50:55.314+0000] {logging_mixin.py:190} INFO - [2026-05-02T16:50:55.314+0000] {dag.py:3239} INFO - Sync 1 DAGs
[2026-05-02T16:50:55.325+0000] {logging_mixin.py:190} INFO - [2026-05-02T16:50:55.325+0000] {dag.py:4180} INFO - Setting next_dagrun for example_params_ui_tutorial to None, run_after=None
[2026-05-02T16:50:55.342+0000] {processor.py:208} INFO - Processing /usr/local/python/3.12.1/lib/python3.12/site-packages/airflow/example_dags/example_params_ui_tutorial.py took 0.072 seconds
[2026-05-02T16:51:46.873+0000] {processor.py:186} INFO - Started process (PID=33518) to work on /usr/local/python/3.12.1/lib/python3.12/site-packages/airflow/example_dags/example_params_ui_tutorial.py
[2026-05-02T16:51:46.874+0000] {processor.py:914} INFO - Processing file /usr/local/python/3.12.1/lib/python3.12/site-packages/airflow/example_dags/example_params_ui_tutorial.py for tasks to queue
[2026-05-02T16:51:46.874+0000] {logging_mixin.py:190} INFO - [2026-05-02T16:51:46.874+0000] {dagbag.py:588} INFO - Filling up the DagBag from /usr/local/python/3.12.1/lib/python3.12/site-packages/airflow/example_dags/example_params_ui_tutorial.py
[2026-05-02T16:51:46.881+0000] {processor.py:925} INFO - DAG(s) 'example_params_ui_tutorial' retrieved from /usr/local/python/3.12.1/lib/python3.12/site-packages/airflow/example_dags/example_params_ui_tutorial.py
[2026-05-02T16:51:46.913+0000] {logging_mixin.py:190} INFO - [2026-05-02T16:51:46.912+0000] {dag.py:3239} INFO - Sync 1 DAGs
[2026-05-02T16:51:46.927+0000] {logging_mixin.py:190} INFO - [2026-05-02T16:51:46.927+0000] {dag.py:4180} INFO - Setting next_dagrun for example_params_ui_tutorial to None, run_after=None
[2026-05-02T16:51:46.953+0000] {processor.py:208} INFO - Processing /usr/local/python/3.12.1/lib/python3.12/site-packages/airflow/example_dags/example_params_ui_tutorial.py took 0.084 seconds
[2026-05-02T16:52:40.486+0000] {processor.py:186} INFO - Started process (PID=34043) to work on /usr/local/python/3.12.1/lib/python3.12/site-packages/airflow/example_dags/example_params_ui_tutorial.py
[2026-05-02T16:52:40.487+0000] {processor.py:914} INFO - Processing file /usr/local/python/3.12.1/lib/python3.12/site-packages/airflow/example_dags/example_params_ui_tutorial.py for tasks to queue
[2026-05-02T16:52:40.487+0000] {logging_mixin.py:190} INFO - [2026-05-02T16:52:40.487+0000] {dagbag.py:588} INFO - Filling up the DagBag from /usr/local/python/3.12.1/lib/python3.12/site-packages/airflow/example_dags/example_params_ui_tutorial.py
[2026-05-02T16:52:40.494+0000] {processor.py:925} INFO - DAG(s) 'example_params_ui_tutorial' retrieved from /usr/local/python/3.12.1/lib/python3.12/site-packages/airflow/example_dags/example_params_ui_tutorial.py
[2026-05-02T16:52:40.565+0000] {logging_mixin.py:190} INFO - [2026-05-02T16:52:40.564+0000] {dag.py:3239} INFO - Sync 1 DAGs
[2026-05-02T16:52:40.586+0000] {logging_mixin.py:190} INFO - [2026-05-02T16:52:40.586+0000] {dag.py:4180} INFO - Setting next_dagrun for example_params_ui_tutorial to None, run_after=None
[2026-05-02T16:52:40.604+0000] {processor.py:208} INFO - Processing /usr/local/python/3.12.1/lib/python3.12/site-packages/airflow/example_dags/example_params_ui_tutorial.py took 0.122 seconds
[2026-05-02T16:53:34.284+0000] {processor.py:186} INFO - Started process (PID=34533) to work on /usr/local/python/3.12.1/lib/python3.12/site-packages/airflow/example_dags/example_params_ui_tutorial.py
[2026-05-02T16:53:34.285+0000] {processor.py:914} INFO - Processing file /usr/local/python/3.12.1/lib/python3.12/site-packages/airflow/example_dags/example_params_ui_tutorial.py for tasks to queue
[2026-05-02T16:53:34.286+0000] {logging_mixin.py:190} INFO - [2026-05-02T16:53:34.286+0000] {dagbag.py:588} INFO - Filling up the DagBag from /usr/local/python/3.12.1/lib/python3.12/site-packages/airflow/example_dags/example_params_ui_tutorial.py
[2026-05-02T16:53:34.294+0000] {processor.py:925} INFO - DAG(s) 'example_params_ui_tutorial' retrieved from /usr/local/python/3.12.1/lib/python3.12/site-packages/airflow/example_dags/example_params_ui_tutorial.py
[2026-05-02T16:53:34.328+0000] {logging_mixin.py:190} INFO - [2026-05-02T16:53:34.328+0000] {dag.py:3239} INFO - Sync 1 DAGs
[2026-05-02T16:53:34.339+0000] {logging_mixin.py:190} INFO - [2026-05-02T16:53:34.339+0000] {dag.py:4180} INFO - Setting next_dagrun for example_params_ui_tutorial to None, run_after=None
[2026-05-02T16:53:34.359+0000] {processor.py:208} INFO - Processing /usr/local/python/3.12.1/lib/python3.12/site-packages/airflow/example_dags/example_params_ui_tutorial.py took 0.079 seconds
[2026-05-02T16:54:26.984+0000] {processor.py:186} INFO - Started process (PID=35128) to work on /usr/local/python/3.12.1/lib/python3.12/site-packages/airflow/example_dags/example_params_ui_tutorial.py
[2026-05-02T16:54:26.984+0000] {processor.py:914} INFO - Processing file /usr/local/python/3.12.1/lib/python3.12/site-packages/airflow/example_dags/example_params_ui_tutorial.py for tasks to queue
[2026-05-02T16:54:26.985+0000] {logging_mixin.py:190} INFO - [2026-05-02T16:54:26.985+0000] {dagbag.py:588} INFO - Filling up the DagBag from /usr/local/python/3.12.1/lib/python3.12/site-packages/airflow/example_dags/example_params_ui_tutorial.py
[2026-05-02T16:54:26.993+0000] {processor.py:925} INFO - DAG(s) 'example_params_ui_tutorial' retrieved from /usr/local/python/3.12.1/lib/python3.12/site-packages/airflow/example_dags/example_params_ui_tutorial.py
[2026-05-02T16:54:27.025+0000] {logging_mixin.py:190} INFO - [2026-05-02T16:54:27.025+0000] {dag.py:3239} INFO - Sync 1 DAGs
[2026-05-02T16:54:27.035+0000] {logging_mixin.py:190} INFO - [2026-05-02T16:54:27.035+0000] {dag.py:4180} INFO - Setting next_dagrun for example_params_ui_tutorial to None, run_after=None
[2026-05-02T16:54:27.052+0000] {processor.py:208} INFO - Processing /usr/local/python/3.12.1/lib/python3.12/site-packages/airflow/example_dags/example_params_ui_tutorial.py took 0.073 seconds
[2026-05-02T16:55:19.857+0000] {processor.py:186} INFO - Started process (PID=35518) to work on /usr/local/python/3.12.1/lib/python3.12/site-packages/airflow/example_dags/example_params_ui_tutorial.py
[2026-05-02T16:55:19.858+0000] {processor.py:914} INFO - Processing file /usr/local/python/3.12.1/lib/python3.12/site-packages/airflow/example_dags/example_params_ui_tutorial.py for tasks to queue
[2026-05-02T16:55:19.859+0000] {logging_mixin.py:190} INFO - [2026-05-02T16:55:19.859+0000] {dagbag.py:588} INFO - Filling up the DagBag from /usr/local/python/3.12.1/lib/python3.12/site-packages/airflow/example_dags/example_params_ui_tutorial.py
[2026-05-02T16:55:19.866+0000] {processor.py:925} INFO - DAG(s) 'example_params_ui_tutorial' retrieved from /usr/local/python/3.12.1/lib/python3.12/site-packages/airflow/example_dags/example_params_ui_tutorial.py
[2026-05-02T16:55:19.899+0000] {logging_mixin.py:190} INFO - [2026-05-02T16:55:19.899+0000] {dag.py:3239} INFO - Sync 1 DAGs
[2026-05-02T16:55:19.909+0000] {logging_mixin.py:190} INFO - [2026-05-02T16:55:19.909+0000] {dag.py:4180} INFO - Setting next_dagrun for example_params_ui_tutorial to None, run_after=None
[2026-05-02T16:55:19.928+0000] {processor.py:208} INFO - Processing /usr/local/python/3.12.1/lib/python3.12/site-packages/airflow/example_dags/example_params_ui_tutorial.py took 0.075 seconds
[2026-05-02T16:56:12.277+0000] {processor.py:186} INFO - Started process (PID=35985) to work on /usr/local/python/3.12.1/lib/python3.12/site-packages/airflow/example_dags/example_params_ui_tutorial.py
[2026-05-02T16:56:12.278+0000] {processor.py:914} INFO - Processing file /usr/local/python/3.12.1/lib/python3.12/site-packages/airflow/example_dags/example_params_ui_tutorial.py for tasks to queue
[2026-05-02T16:56:12.279+0000] {logging_mixin.py:190} INFO - [2026-05-02T16:56:12.279+0000] {dagbag.py:588} INFO - Filling up the DagBag from /usr/local/python/3.12.1/lib/python3.12/site-packages/airflow/example_dags/example_params_ui_tutorial.py
[2026-05-02T16:56:12.289+0000] {processor.py:925} INFO - DAG(s) 'example_params_ui_tutorial' retrieved from /usr/local/python/3.12.1/lib/python3.12/site-packages/airflow/example_dags/example_params_ui_tutorial.py
[2026-05-02T16:56:12.322+0000] {logging_mixin.py:190} INFO - [2026-05-02T16:56:12.322+0000] {dag.py:3239} INFO - Sync 1 DAGs
[2026-05-02T16:56:12.333+0000] {logging_mixin.py:190} INFO - [2026-05-02T16:56:12.333+0000] {dag.py:4180} INFO - Setting next_dagrun for example_params_ui_tutorial to None, run_after=None
[2026-05-02T16:56:12.350+0000] {processor.py:208} INFO - Processing /usr/local/python/3.12.1/lib/python3.12/site-packages/airflow/example_dags/example_params_ui_tutorial.py took 0.077 seconds
[2026-05-02T16:57:01.981+0000] {processor.py:186} INFO - Started process (PID=36430) to work on /usr/local/python/3.12.1/lib/python3.12/site-packages/airflow/example_dags/example_params_ui_tutorial.py
[2026-05-02T16:57:01.982+0000] {processor.py:914} INFO - Processing file /usr/local/python/3.12.1/lib/python3.12/site-packages/airflow/example_dags/example_params_ui_tutorial.py for tasks to queue
[2026-05-02T16:57:01.983+0000] {logging_mixin.py:190} INFO - [2026-05-02T16:57:01.982+0000] {dagbag.py:588} INFO - Filling up the DagBag from /usr/local/python/3.12.1/lib/python3.12/site-packages/airflow/example_dags/example_params_ui_tutorial.py
[2026-05-02T16:57:01.990+0000] {processor.py:925} INFO - DAG(s) 'example_params_ui_tutorial' retrieved from /usr/local/python/3.12.1/lib/python3.12/site-packages/airflow/example_dags/example_params_ui_tutorial.py
[2026-05-02T16:57:02.023+0000] {logging_mixin.py:190} INFO - [2026-05-02T16:57:02.022+0000] {dag.py:3239} INFO - Sync 1 DAGs
[2026-05-02T16:57:02.033+0000] {logging_mixin.py:190} INFO - [2026-05-02T16:57:02.033+0000] {dag.py:4180} INFO - Setting next_dagrun for example_params_ui_tutorial to None, run_after=None
[2026-05-02T16:57:02.050+0000] {processor.py:208} INFO - Processing /usr/local/python/3.12.1/lib/python3.12/site-packages/airflow/example_dags/example_params_ui_tutorial.py took 0.073 seconds
[2026-05-02T16:57:53.641+0000] {processor.py:186} INFO - Started process (PID=36949) to work on /usr/local/python/3.12.1/lib/python3.12/site-packages/airflow/example_dags/example_params_ui_tutorial.py
[2026-05-02T16:57:53.641+0000] {processor.py:914} INFO - Processing file /usr/local/python/3.12.1/lib/python3.12/site-packages/airflow/example_dags/example_params_ui_tutorial.py for tasks to queue
[2026-05-02T16:57:53.642+0000] {logging_mixin.py:190} INFO - [2026-05-02T16:57:53.642+0000] {dagbag.py:588} INFO - Filling up the DagBag from /usr/local/python/3.12.1/lib/python3.12/site-packages/airflow/example_dags/example_params_ui_tutorial.py
[2026-05-02T16:57:53.650+0000] {processor.py:925} INFO - DAG(s) 'example_params_ui_tutorial' retrieved from /usr/local/python/3.12.1/lib/python3.12/site-packages/airflow/example_dags/example_params_ui_tutorial.py
[2026-05-02T16:57:53.681+0000] {logging_mixin.py:190} INFO - [2026-05-02T16:57:53.681+0000] {dag.py:3239} INFO - Sync 1 DAGs
[2026-05-02T16:57:53.692+0000] {logging_mixin.py:190} INFO - [2026-05-02T16:57:53.692+0000] {dag.py:4180} INFO - Setting next_dagrun for example_params_ui_tutorial to None, run_after=None
[2026-05-02T16:57:53.708+0000] {processor.py:208} INFO - Processing /usr/local/python/3.12.1/lib/python3.12/site-packages/airflow/example_dags/example_params_ui_tutorial.py took 0.072 seconds
[2026-05-02T16:58:45.462+0000] {processor.py:186} INFO - Started process (PID=37411) to work on /usr/local/python/3.12.1/lib/python3.12/site-packages/airflow/example_dags/example_params_ui_tutorial.py
[2026-05-02T16:58:45.463+0000] {processor.py:914} INFO - Processing file /usr/local/python/3.12.1/lib/python3.12/site-packages/airflow/example_dags/example_params_ui_tutorial.py for tasks to queue
[2026-05-02T16:58:45.464+0000] {logging_mixin.py:190} INFO - [2026-05-02T16:58:45.463+0000] {dagbag.py:588} INFO - Filling up the DagBag from /usr/local/python/3.12.1/lib/python3.12/site-packages/airflow/example_dags/example_params_ui_tutorial.py
[2026-05-02T16:58:45.471+0000] {processor.py:925} INFO - DAG(s) 'example_params_ui_tutorial' retrieved from /usr/local/python/3.12.1/lib/python3.12/site-packages/airflow/example_dags/example_params_ui_tutorial.py
[2026-05-02T16:58:45.503+0000] {logging_mixin.py:190} INFO - [2026-05-02T16:58:45.503+0000] {dag.py:3239} INFO - Sync 1 DAGs
[2026-05-02T16:58:45.513+0000] {logging_mixin.py:190} INFO - [2026-05-02T16:58:45.513+0000] {dag.py:4180} INFO - Setting next_dagrun for example_params_ui_tutorial to None, run_after=None
[2026-05-02T16:58:45.531+0000] {processor.py:208} INFO - Processing /usr/local/python/3.12.1/lib/python3.12/site-packages/airflow/example_dags/example_params_ui_tutorial.py took 0.074 seconds
[2026-05-02T16:59:37.244+0000] {processor.py:186} INFO - Started process (PID=37868) to work on /usr/local/python/3.12.1/lib/python3.12/site-packages/airflow/example_dags/example_params_ui_tutorial.py
[2026-05-02T16:59:37.245+0000] {processor.py:914} INFO - Processing file /usr/local/python/3.12.1/lib/python3.12/site-packages/airflow/example_dags/example_params_ui_tutorial.py for tasks to queue
[2026-05-02T16:59:37.246+0000] {logging_mixin.py:190} INFO - [2026-05-02T16:59:37.246+0000] {dagbag.py:588} INFO - Filling up the DagBag from /usr/local/python/3.12.1/lib/python3.12/site-packages/airflow/example_dags/example_params_ui_tutorial.py
[2026-05-02T16:59:37.257+0000] {processor.py:925} INFO - DAG(s) 'example_params_ui_tutorial' retrieved from /usr/local/python/3.12.1/lib/python3.12/site-packages/airflow/example_dags/example_params_ui_tutorial.py
[2026-05-02T16:59:37.289+0000] {logging_mixin.py:190} INFO - [2026-05-02T16:59:37.289+0000] {dag.py:3239} INFO - Sync 1 DAGs
[2026-05-02T16:59:37.302+0000] {logging_mixin.py:190} INFO - [2026-05-02T16:59:37.302+0000] {dag.py:4180} INFO - Setting next_dagrun for example_params_ui_tutorial to None, run_after=None
[2026-05-02T16:59:37.320+0000] {processor.py:208} INFO - Processing /usr/local/python/3.12.1/lib/python3.12/site-packages/airflow/example_dags/example_params_ui_tutorial.py took 0.081 seconds
[2026-05-02T17:00:27.270+0000] {processor.py:186} INFO - Started process (PID=38310) to work on /usr/local/python/3.12.1/lib/python3.12/site-packages/airflow/example_dags/example_params_ui_tutorial.py
[2026-05-02T17:00:27.270+0000] {processor.py:914} INFO - Processing file /usr/local/python/3.12.1/lib/python3.12/site-packages/airflow/example_dags/example_params_ui_tutorial.py for tasks to queue
[2026-05-02T17:00:27.271+0000] {logging_mixin.py:190} INFO - [2026-05-02T17:00:27.271+0000] {dagbag.py:588} INFO - Filling up the DagBag from /usr/local/python/3.12.1/lib/python3.12/site-packages/airflow/example_dags/example_params_ui_tutorial.py
[2026-05-02T17:00:27.279+0000] {processor.py:925} INFO - DAG(s) 'example_params_ui_tutorial' retrieved from /usr/local/python/3.12.1/lib/python3.12/site-packages/airflow/example_dags/example_params_ui_tutorial.py
[2026-05-02T17:00:27.353+0000] {logging_mixin.py:190} INFO - [2026-05-02T17:00:27.353+0000] {dag.py:3239} INFO - Sync 1 DAGs
[2026-05-02T17:00:27.398+0000] {logging_mixin.py:190} INFO - [2026-05-02T17:00:27.398+0000] {dag.py:4180} INFO - Setting next_dagrun for example_params_ui_tutorial to None, run_after=None
[2026-05-02T17:00:27.435+0000] {processor.py:208} INFO - Processing /usr/local/python/3.12.1/lib/python3.12/site-packages/airflow/example_dags/example_params_ui_tutorial.py took 0.170 seconds
[2026-05-02T17:01:20.203+0000] {processor.py:186} INFO - Started process (PID=38721) to work on /usr/local/python/3.12.1/lib/python3.12/site-packages/airflow/example_dags/example_params_ui_tutorial.py
[2026-05-02T17:01:20.204+0000] {processor.py:914} INFO - Processing file /usr/local/python/3.12.1/lib/python3.12/site-packages/airflow/example_dags/example_params_ui_tutorial.py for tasks to queue
[2026-05-02T17:01:20.205+0000] {logging_mixin.py:190} INFO - [2026-05-02T17:01:20.204+0000] {dagbag.py:588} INFO - Filling up the DagBag from /usr/local/python/3.12.1/lib/python3.12/site-packages/airflow/example_dags/example_params_ui_tutorial.py
[2026-05-02T17:01:20.212+0000] {processor.py:925} INFO - DAG(s) 'example_params_ui_tutorial' retrieved from /usr/local/python/3.12.1/lib/python3.12/site-packages/airflow/example_dags/example_params_ui_tutorial.py
[2026-05-02T17:01:20.246+0000] {logging_mixin.py:190} INFO - [2026-05-02T17:01:20.245+0000] {dag.py:3239} INFO - Sync 1 DAGs
[2026-05-02T17:01:20.260+0000] {logging_mixin.py:190} INFO - [2026-05-02T17:01:20.260+0000] {dag.py:4180} INFO - Setting next_dagrun for example_params_ui_tutorial to None, run_after=None
[2026-05-02T17:01:20.277+0000] {processor.py:208} INFO - Processing /usr/local/python/3.12.1/lib/python3.12/site-packages/airflow/example_dags/example_params_ui_tutorial.py took 0.079 seconds
[2026-05-02T17:02:13.245+0000] {processor.py:186} INFO - Started process (PID=39184) to work on /usr/local/python/3.12.1/lib/python3.12/site-packages/airflow/example_dags/example_params_ui_tutorial.py
[2026-05-02T17:02:13.245+0000] {processor.py:914} INFO - Processing file /usr/local/python/3.12.1/lib/python3.12/site-packages/airflow/example_dags/example_params_ui_tutorial.py for tasks to queue
[2026-05-02T17:02:13.247+0000] {logging_mixin.py:190} INFO - [2026-05-02T17:02:13.246+0000] {dagbag.py:588} INFO - Filling up the DagBag from /usr/local/python/3.12.1/lib/python3.12/site-packages/airflow/example_dags/example_params_ui_tutorial.py
[2026-05-02T17:02:13.256+0000] {processor.py:925} INFO - DAG(s) 'example_params_ui_tutorial' retrieved from /usr/local/python/3.12.1/lib/python3.12/site-packages/airflow/example_dags/example_params_ui_tutorial.py
[2026-05-02T17:02:13.318+0000] {logging_mixin.py:190} INFO - [2026-05-02T17:02:13.318+0000] {dag.py:3239} INFO - Sync 1 DAGs
[2026-05-02T17:02:13.331+0000] {logging_mixin.py:190} INFO - [2026-05-02T17:02:13.331+0000] {dag.py:4180} INFO - Setting next_dagrun for example_params_ui_tutorial to None, run_after=None
[2026-05-02T17:02:13.385+0000] {processor.py:208} INFO - Processing /usr/local/python/3.12.1/lib/python3.12/site-packages/airflow/example_dags/example_params_ui_tutorial.py took 0.145 seconds
[2026-05-02T17:03:02.818+0000] {processor.py:186} INFO - Started process (PID=39692) to work on /usr/local/python/3.12.1/lib/python3.12/site-packages/airflow/example_dags/example_params_ui_tutorial.py
[2026-05-02T17:03:02.819+0000] {processor.py:914} INFO - Processing file /usr/local/python/3.12.1/lib/python3.12/site-packages/airflow/example_dags/example_params_ui_tutorial.py for tasks to queue
[2026-05-02T17:03:02.820+0000] {logging_mixin.py:190} INFO - [2026-05-02T17:03:02.819+0000] {dagbag.py:588} INFO - Filling up the DagBag from /usr/local/python/3.12.1/lib/python3.12/site-packages/airflow/example_dags/example_params_ui_tutorial.py
[2026-05-02T17:03:02.827+0000] {processor.py:925} INFO - DAG(s) 'example_params_ui_tutorial' retrieved from /usr/local/python/3.12.1/lib/python3.12/site-packages/airflow/example_dags/example_params_ui_tutorial.py
[2026-05-02T17:03:02.866+0000] {logging_mixin.py:190} INFO - [2026-05-02T17:03:02.866+0000] {dag.py:3239} INFO - Sync 1 DAGs
[2026-05-02T17:03:02.876+0000] {logging_mixin.py:190} INFO - [2026-05-02T17:03:02.876+0000] {dag.py:4180} INFO - Setting next_dagrun for example_params_ui_tutorial to None, run_after=None
[2026-05-02T17:03:02.893+0000] {processor.py:208} INFO - Processing /usr/local/python/3.12.1/lib/python3.12/site-packages/airflow/example_dags/example_params_ui_tutorial.py took 0.080 seconds
[2026-05-02T17:03:50.111+0000] {processor.py:186} INFO - Started process (PID=40119) to work on /usr/local/python/3.12.1/lib/python3.12/site-packages/airflow/example_dags/example_params_ui_tutorial.py
[2026-05-02T17:03:50.111+0000] {processor.py:914} INFO - Processing file /usr/local/python/3.12.1/lib/python3.12/site-packages/airflow/example_dags/example_params_ui_tutorial.py for tasks to queue
[2026-05-02T17:03:50.112+0000] {logging_mixin.py:190} INFO - [2026-05-02T17:03:50.112+0000] {dagbag.py:588} INFO - Filling up the DagBag from /usr/local/python/3.12.1/lib/python3.12/site-packages/airflow/example_dags/example_params_ui_tutorial.py
[2026-05-02T17:03:50.120+0000] {processor.py:925} INFO - DAG(s) 'example_params_ui_tutorial' retrieved from /usr/local/python/3.12.1/lib/python3.12/site-packages/airflow/example_dags/example_params_ui_tutorial.py
[2026-05-02T17:03:50.158+0000] {logging_mixin.py:190} INFO - [2026-05-02T17:03:50.158+0000] {dag.py:3239} INFO - Sync 1 DAGs
[2026-05-02T17:03:50.169+0000] {logging_mixin.py:190} INFO - [2026-05-02T17:03:50.169+0000] {dag.py:4180} INFO - Setting next_dagrun for example_params_ui_tutorial to None, run_after=None
[2026-05-02T17:03:50.187+0000] {processor.py:208} INFO - Processing /usr/local/python/3.12.1/lib/python3.12/site-packages/airflow/example_dags/example_params_ui_tutorial.py took 0.080 seconds
[2026-05-02T17:04:44.168+0000] {processor.py:186} INFO - Started process (PID=40590) to work on /usr/local/python/3.12.1/lib/python3.12/site-packages/airflow/example_dags/example_params_ui_tutorial.py
[2026-05-02T17:04:44.169+0000] {processor.py:914} INFO - Processing file /usr/local/python/3.12.1/lib/python3.12/site-packages/airflow/example_dags/example_params_ui_tutorial.py for tasks to queue
[2026-05-02T17:04:44.170+0000] {logging_mixin.py:190} INFO - [2026-05-02T17:04:44.170+0000] {dagbag.py:588} INFO - Filling up the DagBag from /usr/local/python/3.12.1/lib/python3.12/site-packages/airflow/example_dags/example_params_ui_tutorial.py
[2026-05-02T17:04:44.178+0000] {processor.py:925} INFO - DAG(s) 'example_params_ui_tutorial' retrieved from /usr/local/python/3.12.1/lib/python3.12/site-packages/airflow/example_dags/example_params_ui_tutorial.py
[2026-05-02T17:04:44.210+0000] {logging_mixin.py:190} INFO - [2026-05-02T17:04:44.210+0000] {dag.py:3239} INFO - Sync 1 DAGs
[2026-05-02T17:04:44.221+0000] {logging_mixin.py:190} INFO - [2026-05-02T17:04:44.221+0000] {dag.py:4180} INFO - Setting next_dagrun for example_params_ui_tutorial to None, run_after=None
[2026-05-02T17:04:44.239+0000] {processor.py:208} INFO - Processing /usr/local/python/3.12.1/lib/python3.12/site-packages/airflow/example_dags/example_params_ui_tutorial.py took 0.075 seconds
[2026-05-02T17:05:40.468+0000] {processor.py:186} INFO - Started process (PID=41103) to work on /usr/local/python/3.12.1/lib/python3.12/site-packages/airflow/example_dags/example_params_ui_tutorial.py
[2026-05-02T17:05:40.471+0000] {processor.py:914} INFO - Processing file /usr/local/python/3.12.1/lib/python3.12/site-packages/airflow/example_dags/example_params_ui_tutorial.py for tasks to queue
[2026-05-02T17:05:40.472+0000] {logging_mixin.py:190} INFO - [2026-05-02T17:05:40.472+0000] {dagbag.py:588} INFO - Filling up the DagBag from /usr/local/python/3.12.1/lib/python3.12/site-packages/airflow/example_dags/example_params_ui_tutorial.py
[2026-05-02T17:05:40.485+0000] {processor.py:925} INFO - DAG(s) 'example_params_ui_tutorial' retrieved from /usr/local/python/3.12.1/lib/python3.12/site-packages/airflow/example_dags/example_params_ui_tutorial.py
[2026-05-02T17:05:40.537+0000] {logging_mixin.py:190} INFO - [2026-05-02T17:05:40.537+0000] {dag.py:3239} INFO - Sync 1 DAGs
[2026-05-02T17:05:40.553+0000] {logging_mixin.py:190} INFO - [2026-05-02T17:05:40.552+0000] {dag.py:4180} INFO - Setting next_dagrun for example_params_ui_tutorial to None, run_after=None
[2026-05-02T17:05:40.580+0000] {processor.py:208} INFO - Processing /usr/local/python/3.12.1/lib/python3.12/site-packages/airflow/example_dags/example_params_ui_tutorial.py took 0.118 seconds
[2026-05-02T17:06:32.795+0000] {processor.py:186} INFO - Started process (PID=41803) to work on /usr/local/python/3.12.1/lib/python3.12/site-packages/airflow/example_dags/example_params_ui_tutorial.py
[2026-05-02T17:06:32.796+0000] {processor.py:914} INFO - Processing file /usr/local/python/3.12.1/lib/python3.12/site-packages/airflow/example_dags/example_params_ui_tutorial.py for tasks to queue
[2026-05-02T17:06:32.797+0000] {logging_mixin.py:190} INFO - [2026-05-02T17:06:32.797+0000] {dagbag.py:588} INFO - Filling up the DagBag from /usr/local/python/3.12.1/lib/python3.12/site-packages/airflow/example_dags/example_params_ui_tutorial.py
[2026-05-02T17:06:32.805+0000] {processor.py:925} INFO - DAG(s) 'example_params_ui_tutorial' retrieved from /usr/local/python/3.12.1/lib/python3.12/site-packages/airflow/example_dags/example_params_ui_tutorial.py
[2026-05-02T17:06:32.837+0000] {logging_mixin.py:190} INFO - [2026-05-02T17:06:32.837+0000] {dag.py:3239} INFO - Sync 1 DAGs
[2026-05-02T17:06:32.853+0000] {logging_mixin.py:190} INFO - [2026-05-02T17:06:32.853+0000] {dag.py:4180} INFO - Setting next_dagrun for example_params_ui_tutorial to None, run_after=None
[2026-05-02T17:06:32.874+0000] {processor.py:208} INFO - Processing /usr/local/python/3.12.1/lib/python3.12/site-packages/airflow/example_dags/example_params_ui_tutorial.py took 0.084 seconds
[2026-05-02T17:07:28.313+0000] {processor.py:186} INFO - Started process (PID=42282) to work on /usr/local/python/3.12.1/lib/python3.12/site-packages/airflow/example_dags/example_params_ui_tutorial.py
[2026-05-02T17:07:28.314+0000] {processor.py:914} INFO - Processing file /usr/local/python/3.12.1/lib/python3.12/site-packages/airflow/example_dags/example_params_ui_tutorial.py for tasks to queue
[2026-05-02T17:07:28.314+0000] {logging_mixin.py:190} INFO - [2026-05-02T17:07:28.314+0000] {dagbag.py:588} INFO - Filling up the DagBag from /usr/local/python/3.12.1/lib/python3.12/site-packages/airflow/example_dags/example_params_ui_tutorial.py
[2026-05-02T17:07:28.322+0000] {processor.py:925} INFO - DAG(s) 'example_params_ui_tutorial' retrieved from /usr/local/python/3.12.1/lib/python3.12/site-packages/airflow/example_dags/example_params_ui_tutorial.py
[2026-05-02T17:07:28.367+0000] {logging_mixin.py:190} INFO - [2026-05-02T17:07:28.367+0000] {dag.py:3239} INFO - Sync 1 DAGs
[2026-05-02T17:07:28.381+0000] {logging_mixin.py:190} INFO - [2026-05-02T17:07:28.381+0000] {dag.py:4180} INFO - Setting next_dagrun for example_params_ui_tutorial to None, run_after=None
[2026-05-02T17:07:28.399+0000] {processor.py:208} INFO - Processing /usr/local/python/3.12.1/lib/python3.12/site-packages/airflow/example_dags/example_params_ui_tutorial.py took 0.091 seconds
[2026-05-02T17:08:36.065+0000] {processor.py:186} INFO - Started process (PID=43357) to work on /usr/local/python/3.12.1/lib/python3.12/site-packages/airflow/example_dags/example_params_ui_tutorial.py
[2026-05-02T17:08:36.066+0000] {processor.py:914} INFO - Processing file /usr/local/python/3.12.1/lib/python3.12/site-packages/airflow/example_dags/example_params_ui_tutorial.py for tasks to queue
[2026-05-02T17:08:36.066+0000] {logging_mixin.py:190} INFO - [2026-05-02T17:08:36.066+0000] {dagbag.py:588} INFO - Filling up the DagBag from /usr/local/python/3.12.1/lib/python3.12/site-packages/airflow/example_dags/example_params_ui_tutorial.py
[2026-05-02T17:08:36.076+0000] {processor.py:925} INFO - DAG(s) 'example_params_ui_tutorial' retrieved from /usr/local/python/3.12.1/lib/python3.12/site-packages/airflow/example_dags/example_params_ui_tutorial.py
[2026-05-02T17:08:36.109+0000] {logging_mixin.py:190} INFO - [2026-05-02T17:08:36.108+0000] {dag.py:3239} INFO - Sync 1 DAGs
[2026-05-02T17:08:36.120+0000] {logging_mixin.py:190} INFO - [2026-05-02T17:08:36.119+0000] {dag.py:4180} INFO - Setting next_dagrun for example_params_ui_tutorial to None, run_after=None
[2026-05-02T17:08:36.288+0000] {processor.py:208} INFO - Processing /usr/local/python/3.12.1/lib/python3.12/site-packages/airflow/example_dags/example_params_ui_tutorial.py took 0.227 seconds
[2026-05-02T17:09:41.682+0000] {processor.py:186} INFO - Started process (PID=44217) to work on /usr/local/python/3.12.1/lib/python3.12/site-packages/airflow/example_dags/example_params_ui_tutorial.py
[2026-05-02T17:09:41.683+0000] {processor.py:914} INFO - Processing file /usr/local/python/3.12.1/lib/python3.12/site-packages/airflow/example_dags/example_params_ui_tutorial.py for tasks to queue
[2026-05-02T17:09:41.684+0000] {logging_mixin.py:190} INFO - [2026-05-02T17:09:41.684+0000] {dagbag.py:588} INFO - Filling up the DagBag from /usr/local/python/3.12.1/lib/python3.12/site-packages/airflow/example_dags/example_params_ui_tutorial.py
[2026-05-02T17:09:41.694+0000] {processor.py:925} INFO - DAG(s) 'example_params_ui_tutorial' retrieved from /usr/local/python/3.12.1/lib/python3.12/site-packages/airflow/example_dags/example_params_ui_tutorial.py
[2026-05-02T17:09:41.725+0000] {logging_mixin.py:190} INFO - [2026-05-02T17:09:41.725+0000] {dag.py:3239} INFO - Sync 1 DAGs
[2026-05-02T17:09:41.739+0000] {logging_mixin.py:190} INFO - [2026-05-02T17:09:41.738+0000] {dag.py:4180} INFO - Setting next_dagrun for example_params_ui_tutorial to None, run_after=None
[2026-05-02T17:09:41.878+0000] {processor.py:208} INFO - Processing /usr/local/python/3.12.1/lib/python3.12/site-packages/airflow/example_dags/example_params_ui_tutorial.py took 0.201 seconds
[2026-05-02T17:10:41.268+0000] {processor.py:186} INFO - Started process (PID=44731) to work on /usr/local/python/3.12.1/lib/python3.12/site-packages/airflow/example_dags/example_params_ui_tutorial.py
[2026-05-02T17:10:41.269+0000] {processor.py:914} INFO - Processing file /usr/local/python/3.12.1/lib/python3.12/site-packages/airflow/example_dags/example_params_ui_tutorial.py for tasks to queue
[2026-05-02T17:10:41.270+0000] {logging_mixin.py:190} INFO - [2026-05-02T17:10:41.269+0000] {dagbag.py:588} INFO - Filling up the DagBag from /usr/local/python/3.12.1/lib/python3.12/site-packages/airflow/example_dags/example_params_ui_tutorial.py
[2026-05-02T17:10:41.277+0000] {processor.py:925} INFO - DAG(s) 'example_params_ui_tutorial' retrieved from /usr/local/python/3.12.1/lib/python3.12/site-packages/airflow/example_dags/example_params_ui_tutorial.py
[2026-05-02T17:10:41.346+0000] {logging_mixin.py:190} INFO - [2026-05-02T17:10:41.346+0000] {dag.py:3239} INFO - Sync 1 DAGs
[2026-05-02T17:10:41.373+0000] {logging_mixin.py:190} INFO - [2026-05-02T17:10:41.372+0000] {dag.py:4180} INFO - Setting next_dagrun for example_params_ui_tutorial to None, run_after=None
[2026-05-02T17:10:41.393+0000] {processor.py:208} INFO - Processing /usr/local/python/3.12.1/lib/python3.12/site-packages/airflow/example_dags/example_params_ui_tutorial.py took 0.130 seconds
[2026-05-02T17:11:34.563+0000] {processor.py:186} INFO - Started process (PID=45230) to work on /usr/local/python/3.12.1/lib/python3.12/site-packages/airflow/example_dags/example_params_ui_tutorial.py
[2026-05-02T17:11:34.564+0000] {processor.py:914} INFO - Processing file /usr/local/python/3.12.1/lib/python3.12/site-packages/airflow/example_dags/example_params_ui_tutorial.py for tasks to queue
[2026-05-02T17:11:34.565+0000] {logging_mixin.py:190} INFO - [2026-05-02T17:11:34.564+0000] {dagbag.py:588} INFO - Filling up the DagBag from /usr/local/python/3.12.1/lib/python3.12/site-packages/airflow/example_dags/example_params_ui_tutorial.py
[2026-05-02T17:11:34.573+0000] {processor.py:925} INFO - DAG(s) 'example_params_ui_tutorial' retrieved from /usr/local/python/3.12.1/lib/python3.12/site-packages/airflow/example_dags/example_params_ui_tutorial.py
[2026-05-02T17:11:34.607+0000] {logging_mixin.py:190} INFO - [2026-05-02T17:11:34.607+0000] {dag.py:3239} INFO - Sync 1 DAGs
[2026-05-02T17:11:34.618+0000] {logging_mixin.py:190} INFO - [2026-05-02T17:11:34.617+0000] {dag.py:4180} INFO - Setting next_dagrun for example_params_ui_tutorial to None, run_after=None
[2026-05-02T17:11:34.635+0000] {processor.py:208} INFO - Processing /usr/local/python/3.12.1/lib/python3.12/site-packages/airflow/example_dags/example_params_ui_tutorial.py took 0.078 seconds
[2026-05-02T17:12:28.806+0000] {processor.py:186} INFO - Started process (PID=45728) to work on /usr/local/python/3.12.1/lib/python3.12/site-packages/airflow/example_dags/example_params_ui_tutorial.py
[2026-05-02T17:12:28.807+0000] {processor.py:914} INFO - Processing file /usr/local/python/3.12.1/lib/python3.12/site-packages/airflow/example_dags/example_params_ui_tutorial.py for tasks to queue
[2026-05-02T17:12:28.808+0000] {logging_mixin.py:190} INFO - [2026-05-02T17:12:28.807+0000] {dagbag.py:588} INFO - Filling up the DagBag from /usr/local/python/3.12.1/lib/python3.12/site-packages/airflow/example_dags/example_params_ui_tutorial.py
[2026-05-02T17:12:28.815+0000] {processor.py:925} INFO - DAG(s) 'example_params_ui_tutorial' retrieved from /usr/local/python/3.12.1/lib/python3.12/site-packages/airflow/example_dags/example_params_ui_tutorial.py
[2026-05-02T17:12:28.851+0000] {logging_mixin.py:190} INFO - [2026-05-02T17:12:28.850+0000] {dag.py:3239} INFO - Sync 1 DAGs
[2026-05-02T17:12:28.863+0000] {logging_mixin.py:190} INFO - [2026-05-02T17:12:28.863+0000] {dag.py:4180} INFO - Setting next_dagrun for example_params_ui_tutorial to None, run_after=None
[2026-05-02T17:12:28.879+0000] {processor.py:208} INFO - Processing /usr/local/python/3.12.1/lib/python3.12/site-packages/airflow/example_dags/example_params_ui_tutorial.py took 0.078 seconds
[2026-05-02T17:13:31.278+0000] {processor.py:186} INFO - Started process (PID=46751) to work on /usr/local/python/3.12.1/lib/python3.12/site-packages/airflow/example_dags/example_params_ui_tutorial.py
[2026-05-02T17:13:31.279+0000] {processor.py:914} INFO - Processing file /usr/local/python/3.12.1/lib/python3.12/site-packages/airflow/example_dags/example_params_ui_tutorial.py for tasks to queue
[2026-05-02T17:13:31.280+0000] {logging_mixin.py:190} INFO - [2026-05-02T17:13:31.279+0000] {dagbag.py:588} INFO - Filling up the DagBag from /usr/local/python/3.12.1/lib/python3.12/site-packages/airflow/example_dags/example_params_ui_tutorial.py
[2026-05-02T17:13:31.287+0000] {processor.py:925} INFO - DAG(s) 'example_params_ui_tutorial' retrieved from /usr/local/python/3.12.1/lib/python3.12/site-packages/airflow/example_dags/example_params_ui_tutorial.py
[2026-05-02T17:13:31.319+0000] {logging_mixin.py:190} INFO - [2026-05-02T17:13:31.319+0000] {dag.py:3239} INFO - Sync 1 DAGs
[2026-05-02T17:13:31.330+0000] {logging_mixin.py:190} INFO - [2026-05-02T17:13:31.329+0000] {dag.py:4180} INFO - Setting next_dagrun for example_params_ui_tutorial to None, run_after=None
[2026-05-02T17:13:31.348+0000] {processor.py:208} INFO - Processing /usr/local/python/3.12.1/lib/python3.12/site-packages/airflow/example_dags/example_params_ui_tutorial.py took 0.075 seconds
[2026-05-02T17:14:32.400+0000] {processor.py:186} INFO - Started process (PID=47968) to work on /usr/local/python/3.12.1/lib/python3.12/site-packages/airflow/example_dags/example_params_ui_tutorial.py
[2026-05-02T17:14:32.401+0000] {processor.py:914} INFO - Processing file /usr/local/python/3.12.1/lib/python3.12/site-packages/airflow/example_dags/example_params_ui_tutorial.py for tasks to queue
[2026-05-02T17:14:32.402+0000] {logging_mixin.py:190} INFO - [2026-05-02T17:14:32.402+0000] {dagbag.py:588} INFO - Filling up the DagBag from /usr/local/python/3.12.1/lib/python3.12/site-packages/airflow/example_dags/example_params_ui_tutorial.py
[2026-05-02T17:14:32.413+0000] {processor.py:925} INFO - DAG(s) 'example_params_ui_tutorial' retrieved from /usr/local/python/3.12.1/lib/python3.12/site-packages/airflow/example_dags/example_params_ui_tutorial.py
[2026-05-02T17:14:32.485+0000] {logging_mixin.py:190} INFO - [2026-05-02T17:14:32.484+0000] {dag.py:3239} INFO - Sync 1 DAGs
[2026-05-02T17:14:32.503+0000] {logging_mixin.py:190} INFO - [2026-05-02T17:14:32.502+0000] {dag.py:4180} INFO - Setting next_dagrun for example_params_ui_tutorial to None, run_after=None
[2026-05-02T17:14:32.556+0000] {processor.py:208} INFO - Processing /usr/local/python/3.12.1/lib/python3.12/site-packages/airflow/example_dags/example_params_ui_tutorial.py took 0.163 seconds
[2026-05-02T17:15:25.883+0000] {processor.py:186} INFO - Started process (PID=49013) to work on /usr/local/python/3.12.1/lib/python3.12/site-packages/airflow/example_dags/example_params_ui_tutorial.py
[2026-05-02T17:15:25.884+0000] {processor.py:914} INFO - Processing file /usr/local/python/3.12.1/lib/python3.12/site-packages/airflow/example_dags/example_params_ui_tutorial.py for tasks to queue
[2026-05-02T17:15:25.885+0000] {logging_mixin.py:190} INFO - [2026-05-02T17:15:25.885+0000] {dagbag.py:588} INFO - Filling up the DagBag from /usr/local/python/3.12.1/lib/python3.12/site-packages/airflow/example_dags/example_params_ui_tutorial.py
[2026-05-02T17:15:25.892+0000] {processor.py:925} INFO - DAG(s) 'example_params_ui_tutorial' retrieved from /usr/local/python/3.12.1/lib/python3.12/site-packages/airflow/example_dags/example_params_ui_tutorial.py
[2026-05-02T17:15:25.926+0000] {logging_mixin.py:190} INFO - [2026-05-02T17:15:25.926+0000] {dag.py:3239} INFO - Sync 1 DAGs
[2026-05-02T17:15:25.937+0000] {logging_mixin.py:190} INFO - [2026-05-02T17:15:25.937+0000] {dag.py:4180} INFO - Setting next_dagrun for example_params_ui_tutorial to None, run_after=None
[2026-05-02T17:15:25.957+0000] {processor.py:208} INFO - Processing /usr/local/python/3.12.1/lib/python3.12/site-packages/airflow/example_dags/example_params_ui_tutorial.py took 0.078 seconds
[2026-05-02T17:16:20.765+0000] {processor.py:186} INFO - Started process (PID=50114) to work on /usr/local/python/3.12.1/lib/python3.12/site-packages/airflow/example_dags/example_params_ui_tutorial.py
[2026-05-02T17:16:20.766+0000] {processor.py:914} INFO - Processing file /usr/local/python/3.12.1/lib/python3.12/site-packages/airflow/example_dags/example_params_ui_tutorial.py for tasks to queue
[2026-05-02T17:16:20.767+0000] {logging_mixin.py:190} INFO - [2026-05-02T17:16:20.767+0000] {dagbag.py:588} INFO - Filling up the DagBag from /usr/local/python/3.12.1/lib/python3.12/site-packages/airflow/example_dags/example_params_ui_tutorial.py
[2026-05-02T17:16:20.775+0000] {processor.py:925} INFO - DAG(s) 'example_params_ui_tutorial' retrieved from /usr/local/python/3.12.1/lib/python3.12/site-packages/airflow/example_dags/example_params_ui_tutorial.py
[2026-05-02T17:16:20.806+0000] {logging_mixin.py:190} INFO - [2026-05-02T17:16:20.805+0000] {dag.py:3239} INFO - Sync 1 DAGs
[2026-05-02T17:16:20.817+0000] {logging_mixin.py:190} INFO - [2026-05-02T17:16:20.817+0000] {dag.py:4180} INFO - Setting next_dagrun for example_params_ui_tutorial to None, run_after=None
[2026-05-02T17:16:20.847+0000] {processor.py:208} INFO - Processing /usr/local/python/3.12.1/lib/python3.12/site-packages/airflow/example_dags/example_params_ui_tutorial.py took 0.088 seconds
[2026-05-02T17:17:15.867+0000] {processor.py:186} INFO - Started process (PID=51190) to work on /usr/local/python/3.12.1/lib/python3.12/site-packages/airflow/example_dags/example_params_ui_tutorial.py
[2026-05-02T17:17:15.868+0000] {processor.py:914} INFO - Processing file /usr/local/python/3.12.1/lib/python3.12/site-packages/airflow/example_dags/example_params_ui_tutorial.py for tasks to queue
[2026-05-02T17:17:15.869+0000] {logging_mixin.py:190} INFO - [2026-05-02T17:17:15.869+0000] {dagbag.py:588} INFO - Filling up the DagBag from /usr/local/python/3.12.1/lib/python3.12/site-packages/airflow/example_dags/example_params_ui_tutorial.py
[2026-05-02T17:17:15.876+0000] {processor.py:925} INFO - DAG(s) 'example_params_ui_tutorial' retrieved from /usr/local/python/3.12.1/lib/python3.12/site-packages/airflow/example_dags/example_params_ui_tutorial.py
[2026-05-02T17:17:15.907+0000] {logging_mixin.py:190} INFO - [2026-05-02T17:17:15.907+0000] {dag.py:3239} INFO - Sync 1 DAGs
[2026-05-02T17:17:15.918+0000] {logging_mixin.py:190} INFO - [2026-05-02T17:17:15.917+0000] {dag.py:4180} INFO - Setting next_dagrun for example_params_ui_tutorial to None, run_after=None
[2026-05-02T17:17:15.939+0000] {processor.py:208} INFO - Processing /usr/local/python/3.12.1/lib/python3.12/site-packages/airflow/example_dags/example_params_ui_tutorial.py took 0.076 seconds
[2026-05-02T17:18:06.506+0000] {processor.py:186} INFO - Started process (PID=52210) to work on /usr/local/python/3.12.1/lib/python3.12/site-packages/airflow/example_dags/example_params_ui_tutorial.py
[2026-05-02T17:18:06.507+0000] {processor.py:914} INFO - Processing file /usr/local/python/3.12.1/lib/python3.12/site-packages/airflow/example_dags/example_params_ui_tutorial.py for tasks to queue
[2026-05-02T17:18:06.508+0000] {logging_mixin.py:190} INFO - [2026-05-02T17:18:06.508+0000] {dagbag.py:588} INFO - Filling up the DagBag from /usr/local/python/3.12.1/lib/python3.12/site-packages/airflow/example_dags/example_params_ui_tutorial.py
[2026-05-02T17:18:06.516+0000] {processor.py:925} INFO - DAG(s) 'example_params_ui_tutorial' retrieved from /usr/local/python/3.12.1/lib/python3.12/site-packages/airflow/example_dags/example_params_ui_tutorial.py
[2026-05-02T17:18:06.551+0000] {logging_mixin.py:190} INFO - [2026-05-02T17:18:06.551+0000] {dag.py:3239} INFO - Sync 1 DAGs
[2026-05-02T17:18:06.563+0000] {logging_mixin.py:190} INFO - [2026-05-02T17:18:06.563+0000] {dag.py:4180} INFO - Setting next_dagrun for example_params_ui_tutorial to None, run_after=None
[2026-05-02T17:18:06.581+0000] {processor.py:208} INFO - Processing /usr/local/python/3.12.1/lib/python3.12/site-packages/airflow/example_dags/example_params_ui_tutorial.py took 0.079 seconds
[2026-05-02T17:19:08.586+0000] {processor.py:186} INFO - Started process (PID=53450) to work on /usr/local/python/3.12.1/lib/python3.12/site-packages/airflow/example_dags/example_params_ui_tutorial.py
[2026-05-02T17:19:08.589+0000] {processor.py:914} INFO - Processing file /usr/local/python/3.12.1/lib/python3.12/site-packages/airflow/example_dags/example_params_ui_tutorial.py for tasks to queue
[2026-05-02T17:19:08.591+0000] {logging_mixin.py:190} INFO - [2026-05-02T17:19:08.590+0000] {dagbag.py:588} INFO - Filling up the DagBag from /usr/local/python/3.12.1/lib/python3.12/site-packages/airflow/example_dags/example_params_ui_tutorial.py
[2026-05-02T17:19:08.605+0000] {processor.py:925} INFO - DAG(s) 'example_params_ui_tutorial' retrieved from /usr/local/python/3.12.1/lib/python3.12/site-packages/airflow/example_dags/example_params_ui_tutorial.py
[2026-05-02T17:19:08.646+0000] {logging_mixin.py:190} INFO - [2026-05-02T17:19:08.646+0000] {dag.py:3239} INFO - Sync 1 DAGs
[2026-05-02T17:19:08.660+0000] {logging_mixin.py:190} INFO - [2026-05-02T17:19:08.659+0000] {dag.py:4180} INFO - Setting next_dagrun for example_params_ui_tutorial to None, run_after=None
[2026-05-02T17:19:08.677+0000] {processor.py:208} INFO - Processing /usr/local/python/3.12.1/lib/python3.12/site-packages/airflow/example_dags/example_params_ui_tutorial.py took 0.096 seconds
[2026-05-02T17:20:05.122+0000] {processor.py:186} INFO - Started process (PID=54557) to work on /usr/local/python/3.12.1/lib/python3.12/site-packages/airflow/example_dags/example_params_ui_tutorial.py
[2026-05-02T17:20:05.123+0000] {processor.py:914} INFO - Processing file /usr/local/python/3.12.1/lib/python3.12/site-packages/airflow/example_dags/example_params_ui_tutorial.py for tasks to queue
[2026-05-02T17:20:05.124+0000] {logging_mixin.py:190} INFO - [2026-05-02T17:20:05.124+0000] {dagbag.py:588} INFO - Filling up the DagBag from /usr/local/python/3.12.1/lib/python3.12/site-packages/airflow/example_dags/example_params_ui_tutorial.py
[2026-05-02T17:20:05.132+0000] {processor.py:925} INFO - DAG(s) 'example_params_ui_tutorial' retrieved from /usr/local/python/3.12.1/lib/python3.12/site-packages/airflow/example_dags/example_params_ui_tutorial.py
[2026-05-02T17:20:05.171+0000] {logging_mixin.py:190} INFO - [2026-05-02T17:20:05.171+0000] {dag.py:3239} INFO - Sync 1 DAGs
[2026-05-02T17:20:05.181+0000] {logging_mixin.py:190} INFO - [2026-05-02T17:20:05.181+0000] {dag.py:4180} INFO - Setting next_dagrun for example_params_ui_tutorial to None, run_after=None
[2026-05-02T17:20:05.200+0000] {processor.py:208} INFO - Processing /usr/local/python/3.12.1/lib/python3.12/site-packages/airflow/example_dags/example_params_ui_tutorial.py took 0.082 seconds
[2026-05-02T17:20:59.507+0000] {processor.py:186} INFO - Started process (PID=55628) to work on /usr/local/python/3.12.1/lib/python3.12/site-packages/airflow/example_dags/example_params_ui_tutorial.py
[2026-05-02T17:20:59.508+0000] {processor.py:914} INFO - Processing file /usr/local/python/3.12.1/lib/python3.12/site-packages/airflow/example_dags/example_params_ui_tutorial.py for tasks to queue
[2026-05-02T17:20:59.509+0000] {logging_mixin.py:190} INFO - [2026-05-02T17:20:59.509+0000] {dagbag.py:588} INFO - Filling up the DagBag from /usr/local/python/3.12.1/lib/python3.12/site-packages/airflow/example_dags/example_params_ui_tutorial.py
[2026-05-02T17:20:59.522+0000] {processor.py:925} INFO - DAG(s) 'example_params_ui_tutorial' retrieved from /usr/local/python/3.12.1/lib/python3.12/site-packages/airflow/example_dags/example_params_ui_tutorial.py
[2026-05-02T17:20:59.589+0000] {logging_mixin.py:190} INFO - [2026-05-02T17:20:59.589+0000] {dag.py:3239} INFO - Sync 1 DAGs
[2026-05-02T17:20:59.602+0000] {logging_mixin.py:190} INFO - [2026-05-02T17:20:59.602+0000] {dag.py:4180} INFO - Setting next_dagrun for example_params_ui_tutorial to None, run_after=None
[2026-05-02T17:20:59.624+0000] {processor.py:208} INFO - Processing /usr/local/python/3.12.1/lib/python3.12/site-packages/airflow/example_dags/example_params_ui_tutorial.py took 0.124 seconds
[2026-05-02T17:21:54.515+0000] {processor.py:186} INFO - Started process (PID=56713) to work on /usr/local/python/3.12.1/lib/python3.12/site-packages/airflow/example_dags/example_params_ui_tutorial.py
[2026-05-02T17:21:54.516+0000] {processor.py:914} INFO - Processing file /usr/local/python/3.12.1/lib/python3.12/site-packages/airflow/example_dags/example_params_ui_tutorial.py for tasks to queue
[2026-05-02T17:21:54.517+0000] {logging_mixin.py:190} INFO - [2026-05-02T17:21:54.517+0000] {dagbag.py:588} INFO - Filling up the DagBag from /usr/local/python/3.12.1/lib/python3.12/site-packages/airflow/example_dags/example_params_ui_tutorial.py
[2026-05-02T17:21:54.525+0000] {processor.py:925} INFO - DAG(s) 'example_params_ui_tutorial' retrieved from /usr/local/python/3.12.1/lib/python3.12/site-packages/airflow/example_dags/example_params_ui_tutorial.py
[2026-05-02T17:21:54.564+0000] {logging_mixin.py:190} INFO - [2026-05-02T17:21:54.564+0000] {dag.py:3239} INFO - Sync 1 DAGs
[2026-05-02T17:21:54.574+0000] {logging_mixin.py:190} INFO - [2026-05-02T17:21:54.574+0000] {dag.py:4180} INFO - Setting next_dagrun for example_params_ui_tutorial to None, run_after=None
[2026-05-02T17:21:54.591+0000] {processor.py:208} INFO - Processing /usr/local/python/3.12.1/lib/python3.12/site-packages/airflow/example_dags/example_params_ui_tutorial.py took 0.081 seconds
[2026-05-02T17:22:45.304+0000] {processor.py:186} INFO - Started process (PID=57705) to work on /usr/local/python/3.12.1/lib/python3.12/site-packages/airflow/example_dags/example_params_ui_tutorial.py
[2026-05-02T17:22:45.305+0000] {processor.py:914} INFO - Processing file /usr/local/python/3.12.1/lib/python3.12/site-packages/airflow/example_dags/example_params_ui_tutorial.py for tasks to queue
[2026-05-02T17:22:45.306+0000] {logging_mixin.py:190} INFO - [2026-05-02T17:22:45.306+0000] {dagbag.py:588} INFO - Filling up the DagBag from /usr/local/python/3.12.1/lib/python3.12/site-packages/airflow/example_dags/example_params_ui_tutorial.py
[2026-05-02T17:22:45.314+0000] {processor.py:925} INFO - DAG(s) 'example_params_ui_tutorial' retrieved from /usr/local/python/3.12.1/lib/python3.12/site-packages/airflow/example_dags/example_params_ui_tutorial.py
[2026-05-02T17:22:45.350+0000] {logging_mixin.py:190} INFO - [2026-05-02T17:22:45.350+0000] {dag.py:3239} INFO - Sync 1 DAGs
[2026-05-02T17:22:45.363+0000] {logging_mixin.py:190} INFO - [2026-05-02T17:22:45.363+0000] {dag.py:4180} INFO - Setting next_dagrun for example_params_ui_tutorial to None, run_after=None
[2026-05-02T17:22:45.380+0000] {processor.py:208} INFO - Processing /usr/local/python/3.12.1/lib/python3.12/site-packages/airflow/example_dags/example_params_ui_tutorial.py took 0.080 seconds
[2026-05-02T17:23:39.478+0000] {processor.py:186} INFO - Started process (PID=58801) to work on /usr/local/python/3.12.1/lib/python3.12/site-packages/airflow/example_dags/example_params_ui_tutorial.py
[2026-05-02T17:23:39.478+0000] {processor.py:914} INFO - Processing file /usr/local/python/3.12.1/lib/python3.12/site-packages/airflow/example_dags/example_params_ui_tutorial.py for tasks to queue
[2026-05-02T17:23:39.480+0000] {logging_mixin.py:190} INFO - [2026-05-02T17:23:39.479+0000] {dagbag.py:588} INFO - Filling up the DagBag from /usr/local/python/3.12.1/lib/python3.12/site-packages/airflow/example_dags/example_params_ui_tutorial.py
[2026-05-02T17:23:39.487+0000] {processor.py:925} INFO - DAG(s) 'example_params_ui_tutorial' retrieved from /usr/local/python/3.12.1/lib/python3.12/site-packages/airflow/example_dags/example_params_ui_tutorial.py
[2026-05-02T17:23:39.519+0000] {logging_mixin.py:190} INFO - [2026-05-02T17:23:39.519+0000] {dag.py:3239} INFO - Sync 1 DAGs
[2026-05-02T17:23:39.530+0000] {logging_mixin.py:190} INFO - [2026-05-02T17:23:39.530+0000] {dag.py:4180} INFO - Setting next_dagrun for example_params_ui_tutorial to None, run_after=None
[2026-05-02T17:23:39.548+0000] {processor.py:208} INFO - Processing /usr/local/python/3.12.1/lib/python3.12/site-packages/airflow/example_dags/example_params_ui_tutorial.py took 0.075 seconds
[2026-05-02T17:24:37.337+0000] {processor.py:186} INFO - Started process (PID=59296) to work on /usr/local/python/3.12.1/lib/python3.12/site-packages/airflow/example_dags/example_params_ui_tutorial.py
[2026-05-02T17:24:37.338+0000] {processor.py:914} INFO - Processing file /usr/local/python/3.12.1/lib/python3.12/site-packages/airflow/example_dags/example_params_ui_tutorial.py for tasks to queue
[2026-05-02T17:24:37.339+0000] {logging_mixin.py:190} INFO - [2026-05-02T17:24:37.339+0000] {dagbag.py:588} INFO - Filling up the DagBag from /usr/local/python/3.12.1/lib/python3.12/site-packages/airflow/example_dags/example_params_ui_tutorial.py
[2026-05-02T17:24:37.349+0000] {processor.py:925} INFO - DAG(s) 'example_params_ui_tutorial' retrieved from /usr/local/python/3.12.1/lib/python3.12/site-packages/airflow/example_dags/example_params_ui_tutorial.py
[2026-05-02T17:24:37.387+0000] {logging_mixin.py:190} INFO - [2026-05-02T17:24:37.386+0000] {dag.py:3239} INFO - Sync 1 DAGs
[2026-05-02T17:24:37.398+0000] {logging_mixin.py:190} INFO - [2026-05-02T17:24:37.398+0000] {dag.py:4180} INFO - Setting next_dagrun for example_params_ui_tutorial to None, run_after=None
[2026-05-02T17:24:37.415+0000] {processor.py:208} INFO - Processing /usr/local/python/3.12.1/lib/python3.12/site-packages/airflow/example_dags/example_params_ui_tutorial.py took 0.082 seconds
[2026-05-02T17:25:31.728+0000] {processor.py:186} INFO - Started process (PID=59790) to work on /usr/local/python/3.12.1/lib/python3.12/site-packages/airflow/example_dags/example_params_ui_tutorial.py
[2026-05-02T17:25:31.729+0000] {processor.py:914} INFO - Processing file /usr/local/python/3.12.1/lib/python3.12/site-packages/airflow/example_dags/example_params_ui_tutorial.py for tasks to queue
[2026-05-02T17:25:31.730+0000] {logging_mixin.py:190} INFO - [2026-05-02T17:25:31.729+0000] {dagbag.py:588} INFO - Filling up the DagBag from /usr/local/python/3.12.1/lib/python3.12/site-packages/airflow/example_dags/example_params_ui_tutorial.py
[2026-05-02T17:25:31.737+0000] {processor.py:925} INFO - DAG(s) 'example_params_ui_tutorial' retrieved from /usr/local/python/3.12.1/lib/python3.12/site-packages/airflow/example_dags/example_params_ui_tutorial.py
[2026-05-02T17:25:31.770+0000] {logging_mixin.py:190} INFO - [2026-05-02T17:25:31.770+0000] {dag.py:3239} INFO - Sync 1 DAGs
[2026-05-02T17:25:31.783+0000] {logging_mixin.py:190} INFO - [2026-05-02T17:25:31.783+0000] {dag.py:4180} INFO - Setting next_dagrun for example_params_ui_tutorial to None, run_after=None
[2026-05-02T17:25:31.802+0000] {processor.py:208} INFO - Processing /usr/local/python/3.12.1/lib/python3.12/site-packages/airflow/example_dags/example_params_ui_tutorial.py took 0.078 seconds
[2026-05-02T17:26:25.694+0000] {processor.py:186} INFO - Started process (PID=60201) to work on /usr/local/python/3.12.1/lib/python3.12/site-packages/airflow/example_dags/example_params_ui_tutorial.py
[2026-05-02T17:26:25.694+0000] {processor.py:914} INFO - Processing file /usr/local/python/3.12.1/lib/python3.12/site-packages/airflow/example_dags/example_params_ui_tutorial.py for tasks to queue
[2026-05-02T17:26:25.695+0000] {logging_mixin.py:190} INFO - [2026-05-02T17:26:25.695+0000] {dagbag.py:588} INFO - Filling up the DagBag from /usr/local/python/3.12.1/lib/python3.12/site-packages/airflow/example_dags/example_params_ui_tutorial.py
[2026-05-02T17:26:25.703+0000] {processor.py:925} INFO - DAG(s) 'example_params_ui_tutorial' retrieved from /usr/local/python/3.12.1/lib/python3.12/site-packages/airflow/example_dags/example_params_ui_tutorial.py
[2026-05-02T17:26:25.735+0000] {logging_mixin.py:190} INFO - [2026-05-02T17:26:25.735+0000] {dag.py:3239} INFO - Sync 1 DAGs
[2026-05-02T17:26:25.747+0000] {logging_mixin.py:190} INFO - [2026-05-02T17:26:25.747+0000] {dag.py:4180} INFO - Setting next_dagrun for example_params_ui_tutorial to None, run_after=None
[2026-05-02T17:26:25.766+0000] {processor.py:208} INFO - Processing /usr/local/python/3.12.1/lib/python3.12/site-packages/airflow/example_dags/example_params_ui_tutorial.py took 0.077 seconds
[2026-05-02T17:27:16.720+0000] {processor.py:186} INFO - Started process (PID=60656) to work on /usr/local/python/3.12.1/lib/python3.12/site-packages/airflow/example_dags/example_params_ui_tutorial.py
[2026-05-02T17:27:16.721+0000] {processor.py:914} INFO - Processing file /usr/local/python/3.12.1/lib/python3.12/site-packages/airflow/example_dags/example_params_ui_tutorial.py for tasks to queue
[2026-05-02T17:27:16.722+0000] {logging_mixin.py:190} INFO - [2026-05-02T17:27:16.722+0000] {dagbag.py:588} INFO - Filling up the DagBag from /usr/local/python/3.12.1/lib/python3.12/site-packages/airflow/example_dags/example_params_ui_tutorial.py
[2026-05-02T17:27:16.733+0000] {processor.py:925} INFO - DAG(s) 'example_params_ui_tutorial' retrieved from /usr/local/python/3.12.1/lib/python3.12/site-packages/airflow/example_dags/example_params_ui_tutorial.py
[2026-05-02T17:27:16.770+0000] {logging_mixin.py:190} INFO - [2026-05-02T17:27:16.770+0000] {dag.py:3239} INFO - Sync 1 DAGs
[2026-05-02T17:27:16.781+0000] {logging_mixin.py:190} INFO - [2026-05-02T17:27:16.781+0000] {dag.py:4180} INFO - Setting next_dagrun for example_params_ui_tutorial to None, run_after=None
[2026-05-02T17:27:16.797+0000] {processor.py:208} INFO - Processing /usr/local/python/3.12.1/lib/python3.12/site-packages/airflow/example_dags/example_params_ui_tutorial.py took 0.082 seconds
[2026-05-02T17:28:08.371+0000] {processor.py:186} INFO - Started process (PID=61169) to work on /usr/local/python/3.12.1/lib/python3.12/site-packages/airflow/example_dags/example_params_ui_tutorial.py
[2026-05-02T17:28:08.374+0000] {processor.py:914} INFO - Processing file /usr/local/python/3.12.1/lib/python3.12/site-packages/airflow/example_dags/example_params_ui_tutorial.py for tasks to queue
[2026-05-02T17:28:08.375+0000] {logging_mixin.py:190} INFO - [2026-05-02T17:28:08.375+0000] {dagbag.py:588} INFO - Filling up the DagBag from /usr/local/python/3.12.1/lib/python3.12/site-packages/airflow/example_dags/example_params_ui_tutorial.py
[2026-05-02T17:28:08.387+0000] {processor.py:925} INFO - DAG(s) 'example_params_ui_tutorial' retrieved from /usr/local/python/3.12.1/lib/python3.12/site-packages/airflow/example_dags/example_params_ui_tutorial.py
[2026-05-02T17:28:08.454+0000] {logging_mixin.py:190} INFO - [2026-05-02T17:28:08.453+0000] {dag.py:3239} INFO - Sync 1 DAGs
[2026-05-02T17:28:08.481+0000] {logging_mixin.py:190} INFO - [2026-05-02T17:28:08.479+0000] {dag.py:4180} INFO - Setting next_dagrun for example_params_ui_tutorial to None, run_after=None
[2026-05-02T17:28:08.502+0000] {processor.py:208} INFO - Processing /usr/local/python/3.12.1/lib/python3.12/site-packages/airflow/example_dags/example_params_ui_tutorial.py took 0.136 seconds
[2026-05-02T17:29:01.382+0000] {processor.py:186} INFO - Started process (PID=61639) to work on /usr/local/python/3.12.1/lib/python3.12/site-packages/airflow/example_dags/example_params_ui_tutorial.py
[2026-05-02T17:29:01.383+0000] {processor.py:914} INFO - Processing file /usr/local/python/3.12.1/lib/python3.12/site-packages/airflow/example_dags/example_params_ui_tutorial.py for tasks to queue
[2026-05-02T17:29:01.384+0000] {logging_mixin.py:190} INFO - [2026-05-02T17:29:01.384+0000] {dagbag.py:588} INFO - Filling up the DagBag from /usr/local/python/3.12.1/lib/python3.12/site-packages/airflow/example_dags/example_params_ui_tutorial.py
[2026-05-02T17:29:01.392+0000] {processor.py:925} INFO - DAG(s) 'example_params_ui_tutorial' retrieved from /usr/local/python/3.12.1/lib/python3.12/site-packages/airflow/example_dags/example_params_ui_tutorial.py
[2026-05-02T17:29:01.448+0000] {logging_mixin.py:190} INFO - [2026-05-02T17:29:01.448+0000] {dag.py:3239} INFO - Sync 1 DAGs
[2026-05-02T17:29:01.461+0000] {logging_mixin.py:190} INFO - [2026-05-02T17:29:01.461+0000] {dag.py:4180} INFO - Setting next_dagrun for example_params_ui_tutorial to None, run_after=None
[2026-05-02T17:29:01.479+0000] {processor.py:208} INFO - Processing /usr/local/python/3.12.1/lib/python3.12/site-packages/airflow/example_dags/example_params_ui_tutorial.py took 0.101 seconds
[2026-05-02T17:29:52.595+0000] {processor.py:186} INFO - Started process (PID=62096) to work on /usr/local/python/3.12.1/lib/python3.12/site-packages/airflow/example_dags/example_params_ui_tutorial.py
[2026-05-02T17:29:52.596+0000] {processor.py:914} INFO - Processing file /usr/local/python/3.12.1/lib/python3.12/site-packages/airflow/example_dags/example_params_ui_tutorial.py for tasks to queue
[2026-05-02T17:29:52.598+0000] {logging_mixin.py:190} INFO - [2026-05-02T17:29:52.597+0000] {dagbag.py:588} INFO - Filling up the DagBag from /usr/local/python/3.12.1/lib/python3.12/site-packages/airflow/example_dags/example_params_ui_tutorial.py
[2026-05-02T17:29:52.605+0000] {processor.py:925} INFO - DAG(s) 'example_params_ui_tutorial' retrieved from /usr/local/python/3.12.1/lib/python3.12/site-packages/airflow/example_dags/example_params_ui_tutorial.py
[2026-05-02T17:29:52.645+0000] {logging_mixin.py:190} INFO - [2026-05-02T17:29:52.645+0000] {dag.py:3239} INFO - Sync 1 DAGs
[2026-05-02T17:29:52.660+0000] {logging_mixin.py:190} INFO - [2026-05-02T17:29:52.659+0000] {dag.py:4180} INFO - Setting next_dagrun for example_params_ui_tutorial to None, run_after=None
[2026-05-02T17:29:52.677+0000] {processor.py:208} INFO - Processing /usr/local/python/3.12.1/lib/python3.12/site-packages/airflow/example_dags/example_params_ui_tutorial.py took 0.088 seconds
[2026-05-02T17:30:46.953+0000] {processor.py:186} INFO - Started process (PID=62709) to work on /usr/local/python/3.12.1/lib/python3.12/site-packages/airflow/example_dags/example_params_ui_tutorial.py
[2026-05-02T17:30:46.954+0000] {processor.py:914} INFO - Processing file /usr/local/python/3.12.1/lib/python3.12/site-packages/airflow/example_dags/example_params_ui_tutorial.py for tasks to queue
[2026-05-02T17:30:46.955+0000] {logging_mixin.py:190} INFO - [2026-05-02T17:30:46.955+0000] {dagbag.py:588} INFO - Filling up the DagBag from /usr/local/python/3.12.1/lib/python3.12/site-packages/airflow/example_dags/example_params_ui_tutorial.py
[2026-05-02T17:30:46.963+0000] {processor.py:925} INFO - DAG(s) 'example_params_ui_tutorial' retrieved from /usr/local/python/3.12.1/lib/python3.12/site-packages/airflow/example_dags/example_params_ui_tutorial.py
[2026-05-02T17:30:46.996+0000] {logging_mixin.py:190} INFO - [2026-05-02T17:30:46.996+0000] {dag.py:3239} INFO - Sync 1 DAGs
[2026-05-02T17:30:47.007+0000] {logging_mixin.py:190} INFO - [2026-05-02T17:30:47.006+0000] {dag.py:4180} INFO - Setting next_dagrun for example_params_ui_tutorial to None, run_after=None
[2026-05-02T17:30:47.025+0000] {processor.py:208} INFO - Processing /usr/local/python/3.12.1/lib/python3.12/site-packages/airflow/example_dags/example_params_ui_tutorial.py took 0.078 seconds
[2026-05-02T17:31:42.322+0000] {processor.py:186} INFO - Started process (PID=63187) to work on /usr/local/python/3.12.1/lib/python3.12/site-packages/airflow/example_dags/example_params_ui_tutorial.py
[2026-05-02T17:31:42.323+0000] {processor.py:914} INFO - Processing file /usr/local/python/3.12.1/lib/python3.12/site-packages/airflow/example_dags/example_params_ui_tutorial.py for tasks to queue
[2026-05-02T17:31:42.324+0000] {logging_mixin.py:190} INFO - [2026-05-02T17:31:42.324+0000] {dagbag.py:588} INFO - Filling up the DagBag from /usr/local/python/3.12.1/lib/python3.12/site-packages/airflow/example_dags/example_params_ui_tutorial.py
[2026-05-02T17:31:42.347+0000] {processor.py:925} INFO - DAG(s) 'example_params_ui_tutorial' retrieved from /usr/local/python/3.12.1/lib/python3.12/site-packages/airflow/example_dags/example_params_ui_tutorial.py
[2026-05-02T17:31:42.384+0000] {logging_mixin.py:190} INFO - [2026-05-02T17:31:42.384+0000] {dag.py:3239} INFO - Sync 1 DAGs
[2026-05-02T17:31:42.394+0000] {logging_mixin.py:190} INFO - [2026-05-02T17:31:42.394+0000] {dag.py:4180} INFO - Setting next_dagrun for example_params_ui_tutorial to None, run_after=None
[2026-05-02T17:31:42.411+0000] {processor.py:208} INFO - Processing /usr/local/python/3.12.1/lib/python3.12/site-packages/airflow/example_dags/example_params_ui_tutorial.py took 0.096 seconds
[2026-05-02T17:32:35.880+0000] {processor.py:186} INFO - Started process (PID=63897) to work on /usr/local/python/3.12.1/lib/python3.12/site-packages/airflow/example_dags/example_params_ui_tutorial.py
[2026-05-02T17:32:35.881+0000] {processor.py:914} INFO - Processing file /usr/local/python/3.12.1/lib/python3.12/site-packages/airflow/example_dags/example_params_ui_tutorial.py for tasks to queue
[2026-05-02T17:32:35.881+0000] {logging_mixin.py:190} INFO - [2026-05-02T17:32:35.881+0000] {dagbag.py:588} INFO - Filling up the DagBag from /usr/local/python/3.12.1/lib/python3.12/site-packages/airflow/example_dags/example_params_ui_tutorial.py
[2026-05-02T17:32:35.889+0000] {processor.py:925} INFO - DAG(s) 'example_params_ui_tutorial' retrieved from /usr/local/python/3.12.1/lib/python3.12/site-packages/airflow/example_dags/example_params_ui_tutorial.py
[2026-05-02T17:32:35.920+0000] {logging_mixin.py:190} INFO - [2026-05-02T17:32:35.920+0000] {dag.py:3239} INFO - Sync 1 DAGs
[2026-05-02T17:32:35.930+0000] {logging_mixin.py:190} INFO - [2026-05-02T17:32:35.930+0000] {dag.py:4180} INFO - Setting next_dagrun for example_params_ui_tutorial to None, run_after=None
[2026-05-02T17:32:35.952+0000] {processor.py:208} INFO - Processing /usr/local/python/3.12.1/lib/python3.12/site-packages/airflow/example_dags/example_params_ui_tutorial.py took 0.076 seconds
[2026-05-02T17:33:30.344+0000] {processor.py:186} INFO - Started process (PID=64396) to work on /usr/local/python/3.12.1/lib/python3.12/site-packages/airflow/example_dags/example_params_ui_tutorial.py
[2026-05-02T17:33:30.345+0000] {processor.py:914} INFO - Processing file /usr/local/python/3.12.1/lib/python3.12/site-packages/airflow/example_dags/example_params_ui_tutorial.py for tasks to queue
[2026-05-02T17:33:30.346+0000] {logging_mixin.py:190} INFO - [2026-05-02T17:33:30.346+0000] {dagbag.py:588} INFO - Filling up the DagBag from /usr/local/python/3.12.1/lib/python3.12/site-packages/airflow/example_dags/example_params_ui_tutorial.py
[2026-05-02T17:33:30.354+0000] {processor.py:925} INFO - DAG(s) 'example_params_ui_tutorial' retrieved from /usr/local/python/3.12.1/lib/python3.12/site-packages/airflow/example_dags/example_params_ui_tutorial.py
[2026-05-02T17:33:30.391+0000] {logging_mixin.py:190} INFO - [2026-05-02T17:33:30.391+0000] {dag.py:3239} INFO - Sync 1 DAGs
[2026-05-02T17:33:30.402+0000] {logging_mixin.py:190} INFO - [2026-05-02T17:33:30.402+0000] {dag.py:4180} INFO - Setting next_dagrun for example_params_ui_tutorial to None, run_after=None
[2026-05-02T17:33:30.420+0000] {processor.py:208} INFO - Processing /usr/local/python/3.12.1/lib/python3.12/site-packages/airflow/example_dags/example_params_ui_tutorial.py took 0.081 seconds
[2026-05-02T17:34:21.524+0000] {processor.py:186} INFO - Started process (PID=64903) to work on /usr/local/python/3.12.1/lib/python3.12/site-packages/airflow/example_dags/example_params_ui_tutorial.py
[2026-05-02T17:34:21.525+0000] {processor.py:914} INFO - Processing file /usr/local/python/3.12.1/lib/python3.12/site-packages/airflow/example_dags/example_params_ui_tutorial.py for tasks to queue
[2026-05-02T17:34:21.526+0000] {logging_mixin.py:190} INFO - [2026-05-02T17:34:21.526+0000] {dagbag.py:588} INFO - Filling up the DagBag from /usr/local/python/3.12.1/lib/python3.12/site-packages/airflow/example_dags/example_params_ui_tutorial.py
[2026-05-02T17:34:21.534+0000] {processor.py:925} INFO - DAG(s) 'example_params_ui_tutorial' retrieved from /usr/local/python/3.12.1/lib/python3.12/site-packages/airflow/example_dags/example_params_ui_tutorial.py
[2026-05-02T17:34:21.590+0000] {logging_mixin.py:190} INFO - [2026-05-02T17:34:21.590+0000] {dag.py:3239} INFO - Sync 1 DAGs
[2026-05-02T17:34:21.604+0000] {logging_mixin.py:190} INFO - [2026-05-02T17:34:21.604+0000] {dag.py:4180} INFO - Setting next_dagrun for example_params_ui_tutorial to None, run_after=None
[2026-05-02T17:34:21.624+0000] {processor.py:208} INFO - Processing /usr/local/python/3.12.1/lib/python3.12/site-packages/airflow/example_dags/example_params_ui_tutorial.py took 0.107 seconds
[2026-05-02T17:35:35.340+0000] {processor.py:186} INFO - Started process (PID=66263) to work on /usr/local/python/3.12.1/lib/python3.12/site-packages/airflow/example_dags/example_params_ui_tutorial.py
[2026-05-02T17:35:35.341+0000] {processor.py:914} INFO - Processing file /usr/local/python/3.12.1/lib/python3.12/site-packages/airflow/example_dags/example_params_ui_tutorial.py for tasks to queue
[2026-05-02T17:35:35.342+0000] {logging_mixin.py:190} INFO - [2026-05-02T17:35:35.342+0000] {dagbag.py:588} INFO - Filling up the DagBag from /usr/local/python/3.12.1/lib/python3.12/site-packages/airflow/example_dags/example_params_ui_tutorial.py
[2026-05-02T17:35:35.355+0000] {processor.py:925} INFO - DAG(s) 'example_params_ui_tutorial' retrieved from /usr/local/python/3.12.1/lib/python3.12/site-packages/airflow/example_dags/example_params_ui_tutorial.py
[2026-05-02T17:35:35.391+0000] {logging_mixin.py:190} INFO - [2026-05-02T17:35:35.391+0000] {dag.py:3239} INFO - Sync 1 DAGs
[2026-05-02T17:35:35.402+0000] {logging_mixin.py:190} INFO - [2026-05-02T17:35:35.401+0000] {dag.py:4180} INFO - Setting next_dagrun for example_params_ui_tutorial to None, run_after=None
[2026-05-02T17:35:35.418+0000] {processor.py:208} INFO - Processing /usr/local/python/3.12.1/lib/python3.12/site-packages/airflow/example_dags/example_params_ui_tutorial.py took 0.086 seconds
[2026-05-02T17:36:28.063+0000] {processor.py:186} INFO - Started process (PID=66783) to work on /usr/local/python/3.12.1/lib/python3.12/site-packages/airflow/example_dags/example_params_ui_tutorial.py
[2026-05-02T17:36:28.063+0000] {processor.py:914} INFO - Processing file /usr/local/python/3.12.1/lib/python3.12/site-packages/airflow/example_dags/example_params_ui_tutorial.py for tasks to queue
[2026-05-02T17:36:28.064+0000] {logging_mixin.py:190} INFO - [2026-05-02T17:36:28.064+0000] {dagbag.py:588} INFO - Filling up the DagBag from /usr/local/python/3.12.1/lib/python3.12/site-packages/airflow/example_dags/example_params_ui_tutorial.py
[2026-05-02T17:36:28.072+0000] {processor.py:925} INFO - DAG(s) 'example_params_ui_tutorial' retrieved from /usr/local/python/3.12.1/lib/python3.12/site-packages/airflow/example_dags/example_params_ui_tutorial.py
[2026-05-02T17:36:28.104+0000] {logging_mixin.py:190} INFO - [2026-05-02T17:36:28.104+0000] {dag.py:3239} INFO - Sync 1 DAGs
[2026-05-02T17:36:28.116+0000] {logging_mixin.py:190} INFO - [2026-05-02T17:36:28.115+0000] {dag.py:4180} INFO - Setting next_dagrun for example_params_ui_tutorial to None, run_after=None
[2026-05-02T17:36:28.152+0000] {processor.py:208} INFO - Processing /usr/local/python/3.12.1/lib/python3.12/site-packages/airflow/example_dags/example_params_ui_tutorial.py took 0.094 seconds
[2026-05-02T17:37:29.866+0000] {processor.py:186} INFO - Started process (PID=67832) to work on /usr/local/python/3.12.1/lib/python3.12/site-packages/airflow/example_dags/example_params_ui_tutorial.py
[2026-05-02T17:37:29.866+0000] {processor.py:914} INFO - Processing file /usr/local/python/3.12.1/lib/python3.12/site-packages/airflow/example_dags/example_params_ui_tutorial.py for tasks to queue
[2026-05-02T17:37:29.867+0000] {logging_mixin.py:190} INFO - [2026-05-02T17:37:29.867+0000] {dagbag.py:588} INFO - Filling up the DagBag from /usr/local/python/3.12.1/lib/python3.12/site-packages/airflow/example_dags/example_params_ui_tutorial.py
[2026-05-02T17:37:29.875+0000] {processor.py:925} INFO - DAG(s) 'example_params_ui_tutorial' retrieved from /usr/local/python/3.12.1/lib/python3.12/site-packages/airflow/example_dags/example_params_ui_tutorial.py
[2026-05-02T17:37:29.907+0000] {logging_mixin.py:190} INFO - [2026-05-02T17:37:29.907+0000] {dag.py:3239} INFO - Sync 1 DAGs
[2026-05-02T17:37:29.918+0000] {logging_mixin.py:190} INFO - [2026-05-02T17:37:29.918+0000] {dag.py:4180} INFO - Setting next_dagrun for example_params_ui_tutorial to None, run_after=None
[2026-05-02T17:37:29.938+0000] {processor.py:208} INFO - Processing /usr/local/python/3.12.1/lib/python3.12/site-packages/airflow/example_dags/example_params_ui_tutorial.py took 0.077 seconds
[2026-05-02T17:38:33.165+0000] {processor.py:186} INFO - Started process (PID=68481) to work on /usr/local/python/3.12.1/lib/python3.12/site-packages/airflow/example_dags/example_params_ui_tutorial.py
[2026-05-02T17:38:33.165+0000] {processor.py:914} INFO - Processing file /usr/local/python/3.12.1/lib/python3.12/site-packages/airflow/example_dags/example_params_ui_tutorial.py for tasks to queue
[2026-05-02T17:38:33.166+0000] {logging_mixin.py:190} INFO - [2026-05-02T17:38:33.166+0000] {dagbag.py:588} INFO - Filling up the DagBag from /usr/local/python/3.12.1/lib/python3.12/site-packages/airflow/example_dags/example_params_ui_tutorial.py
[2026-05-02T17:38:33.174+0000] {processor.py:925} INFO - DAG(s) 'example_params_ui_tutorial' retrieved from /usr/local/python/3.12.1/lib/python3.12/site-packages/airflow/example_dags/example_params_ui_tutorial.py
[2026-05-02T17:38:33.207+0000] {logging_mixin.py:190} INFO - [2026-05-02T17:38:33.207+0000] {dag.py:3239} INFO - Sync 1 DAGs
[2026-05-02T17:38:33.220+0000] {logging_mixin.py:190} INFO - [2026-05-02T17:38:33.220+0000] {dag.py:4180} INFO - Setting next_dagrun for example_params_ui_tutorial to None, run_after=None
[2026-05-02T17:38:33.239+0000] {processor.py:208} INFO - Processing /usr/local/python/3.12.1/lib/python3.12/site-packages/airflow/example_dags/example_params_ui_tutorial.py took 0.079 seconds
[2026-05-02T17:39:24.309+0000] {processor.py:186} INFO - Started process (PID=68869) to work on /usr/local/python/3.12.1/lib/python3.12/site-packages/airflow/example_dags/example_params_ui_tutorial.py
[2026-05-02T17:39:24.310+0000] {processor.py:914} INFO - Processing file /usr/local/python/3.12.1/lib/python3.12/site-packages/airflow/example_dags/example_params_ui_tutorial.py for tasks to queue
[2026-05-02T17:39:24.311+0000] {logging_mixin.py:190} INFO - [2026-05-02T17:39:24.311+0000] {dagbag.py:588} INFO - Filling up the DagBag from /usr/local/python/3.12.1/lib/python3.12/site-packages/airflow/example_dags/example_params_ui_tutorial.py
[2026-05-02T17:39:24.319+0000] {processor.py:925} INFO - DAG(s) 'example_params_ui_tutorial' retrieved from /usr/local/python/3.12.1/lib/python3.12/site-packages/airflow/example_dags/example_params_ui_tutorial.py
[2026-05-02T17:39:24.377+0000] {logging_mixin.py:190} INFO - [2026-05-02T17:39:24.376+0000] {dag.py:3239} INFO - Sync 1 DAGs
[2026-05-02T17:39:24.398+0000] {logging_mixin.py:190} INFO - [2026-05-02T17:39:24.398+0000] {dag.py:4180} INFO - Setting next_dagrun for example_params_ui_tutorial to None, run_after=None
[2026-05-02T17:39:24.434+0000] {processor.py:208} INFO - Processing /usr/local/python/3.12.1/lib/python3.12/site-packages/airflow/example_dags/example_params_ui_tutorial.py took 0.130 seconds
[2026-05-02T17:40:18.201+0000] {processor.py:186} INFO - Started process (PID=69399) to work on /usr/local/python/3.12.1/lib/python3.12/site-packages/airflow/example_dags/example_params_ui_tutorial.py
[2026-05-02T17:40:18.202+0000] {processor.py:914} INFO - Processing file /usr/local/python/3.12.1/lib/python3.12/site-packages/airflow/example_dags/example_params_ui_tutorial.py for tasks to queue
[2026-05-02T17:40:18.203+0000] {logging_mixin.py:190} INFO - [2026-05-02T17:40:18.202+0000] {dagbag.py:588} INFO - Filling up the DagBag from /usr/local/python/3.12.1/lib/python3.12/site-packages/airflow/example_dags/example_params_ui_tutorial.py
[2026-05-02T17:40:18.211+0000] {processor.py:925} INFO - DAG(s) 'example_params_ui_tutorial' retrieved from /usr/local/python/3.12.1/lib/python3.12/site-packages/airflow/example_dags/example_params_ui_tutorial.py
[2026-05-02T17:40:18.249+0000] {logging_mixin.py:190} INFO - [2026-05-02T17:40:18.248+0000] {dag.py:3239} INFO - Sync 1 DAGs
[2026-05-02T17:40:18.263+0000] {logging_mixin.py:190} INFO - [2026-05-02T17:40:18.262+0000] {dag.py:4180} INFO - Setting next_dagrun for example_params_ui_tutorial to None, run_after=None
[2026-05-02T17:40:18.279+0000] {processor.py:208} INFO - Processing /usr/local/python/3.12.1/lib/python3.12/site-packages/airflow/example_dags/example_params_ui_tutorial.py took 0.083 seconds
[2026-05-02T17:41:13.590+0000] {processor.py:186} INFO - Started process (PID=69894) to work on /usr/local/python/3.12.1/lib/python3.12/site-packages/airflow/example_dags/example_params_ui_tutorial.py
[2026-05-02T17:41:13.591+0000] {processor.py:914} INFO - Processing file /usr/local/python/3.12.1/lib/python3.12/site-packages/airflow/example_dags/example_params_ui_tutorial.py for tasks to queue
[2026-05-02T17:41:13.592+0000] {logging_mixin.py:190} INFO - [2026-05-02T17:41:13.592+0000] {dagbag.py:588} INFO - Filling up the DagBag from /usr/local/python/3.12.1/lib/python3.12/site-packages/airflow/example_dags/example_params_ui_tutorial.py
[2026-05-02T17:41:13.599+0000] {processor.py:925} INFO - DAG(s) 'example_params_ui_tutorial' retrieved from /usr/local/python/3.12.1/lib/python3.12/site-packages/airflow/example_dags/example_params_ui_tutorial.py
[2026-05-02T17:41:13.632+0000] {logging_mixin.py:190} INFO - [2026-05-02T17:41:13.631+0000] {dag.py:3239} INFO - Sync 1 DAGs
[2026-05-02T17:41:13.643+0000] {logging_mixin.py:190} INFO - [2026-05-02T17:41:13.643+0000] {dag.py:4180} INFO - Setting next_dagrun for example_params_ui_tutorial to None, run_after=None
[2026-05-02T17:41:13.664+0000] {processor.py:208} INFO - Processing /usr/local/python/3.12.1/lib/python3.12/site-packages/airflow/example_dags/example_params_ui_tutorial.py took 0.078 seconds
[2026-05-02T17:42:05.774+0000] {processor.py:186} INFO - Started process (PID=70472) to work on /usr/local/python/3.12.1/lib/python3.12/site-packages/airflow/example_dags/example_params_ui_tutorial.py
[2026-05-02T17:42:05.775+0000] {processor.py:914} INFO - Processing file /usr/local/python/3.12.1/lib/python3.12/site-packages/airflow/example_dags/example_params_ui_tutorial.py for tasks to queue
[2026-05-02T17:42:05.776+0000] {logging_mixin.py:190} INFO - [2026-05-02T17:42:05.776+0000] {dagbag.py:588} INFO - Filling up the DagBag from /usr/local/python/3.12.1/lib/python3.12/site-packages/airflow/example_dags/example_params_ui_tutorial.py
[2026-05-02T17:42:05.783+0000] {processor.py:925} INFO - DAG(s) 'example_params_ui_tutorial' retrieved from /usr/local/python/3.12.1/lib/python3.12/site-packages/airflow/example_dags/example_params_ui_tutorial.py
[2026-05-02T17:42:05.815+0000] {logging_mixin.py:190} INFO - [2026-05-02T17:42:05.815+0000] {dag.py:3239} INFO - Sync 1 DAGs
[2026-05-02T17:42:05.826+0000] {logging_mixin.py:190} INFO - [2026-05-02T17:42:05.826+0000] {dag.py:4180} INFO - Setting next_dagrun for example_params_ui_tutorial to None, run_after=None
[2026-05-02T17:42:05.846+0000] {processor.py:208} INFO - Processing /usr/local/python/3.12.1/lib/python3.12/site-packages/airflow/example_dags/example_params_ui_tutorial.py took 0.077 seconds
[2026-05-02T17:43:06.234+0000] {processor.py:186} INFO - Started process (PID=71194) to work on /usr/local/python/3.12.1/lib/python3.12/site-packages/airflow/example_dags/example_params_ui_tutorial.py
[2026-05-02T17:43:06.235+0000] {processor.py:914} INFO - Processing file /usr/local/python/3.12.1/lib/python3.12/site-packages/airflow/example_dags/example_params_ui_tutorial.py for tasks to queue
[2026-05-02T17:43:06.236+0000] {logging_mixin.py:190} INFO - [2026-05-02T17:43:06.236+0000] {dagbag.py:588} INFO - Filling up the DagBag from /usr/local/python/3.12.1/lib/python3.12/site-packages/airflow/example_dags/example_params_ui_tutorial.py
[2026-05-02T17:43:06.245+0000] {processor.py:925} INFO - DAG(s) 'example_params_ui_tutorial' retrieved from /usr/local/python/3.12.1/lib/python3.12/site-packages/airflow/example_dags/example_params_ui_tutorial.py
[2026-05-02T17:43:06.285+0000] {logging_mixin.py:190} INFO - [2026-05-02T17:43:06.285+0000] {dag.py:3239} INFO - Sync 1 DAGs
[2026-05-02T17:43:06.295+0000] {logging_mixin.py:190} INFO - [2026-05-02T17:43:06.295+0000] {dag.py:4180} INFO - Setting next_dagrun for example_params_ui_tutorial to None, run_after=None
[2026-05-02T17:43:06.313+0000] {processor.py:208} INFO - Processing /usr/local/python/3.12.1/lib/python3.12/site-packages/airflow/example_dags/example_params_ui_tutorial.py took 0.083 seconds
[2026-05-02T17:44:02.337+0000] {processor.py:186} INFO - Started process (PID=71735) to work on /usr/local/python/3.12.1/lib/python3.12/site-packages/airflow/example_dags/example_params_ui_tutorial.py
[2026-05-02T17:44:02.338+0000] {processor.py:914} INFO - Processing file /usr/local/python/3.12.1/lib/python3.12/site-packages/airflow/example_dags/example_params_ui_tutorial.py for tasks to queue
[2026-05-02T17:44:02.339+0000] {logging_mixin.py:190} INFO - [2026-05-02T17:44:02.339+0000] {dagbag.py:588} INFO - Filling up the DagBag from /usr/local/python/3.12.1/lib/python3.12/site-packages/airflow/example_dags/example_params_ui_tutorial.py
[2026-05-02T17:44:02.347+0000] {processor.py:925} INFO - DAG(s) 'example_params_ui_tutorial' retrieved from /usr/local/python/3.12.1/lib/python3.12/site-packages/airflow/example_dags/example_params_ui_tutorial.py
[2026-05-02T17:44:02.385+0000] {logging_mixin.py:190} INFO - [2026-05-02T17:44:02.384+0000] {dag.py:3239} INFO - Sync 1 DAGs
[2026-05-02T17:44:02.395+0000] {logging_mixin.py:190} INFO - [2026-05-02T17:44:02.395+0000] {dag.py:4180} INFO - Setting next_dagrun for example_params_ui_tutorial to None, run_after=None
[2026-05-02T17:44:02.412+0000] {processor.py:208} INFO - Processing /usr/local/python/3.12.1/lib/python3.12/site-packages/airflow/example_dags/example_params_ui_tutorial.py took 0.080 seconds
[2026-05-02T17:44:52.561+0000] {processor.py:186} INFO - Started process (PID=72228) to work on /usr/local/python/3.12.1/lib/python3.12/site-packages/airflow/example_dags/example_params_ui_tutorial.py
[2026-05-02T17:44:52.561+0000] {processor.py:914} INFO - Processing file /usr/local/python/3.12.1/lib/python3.12/site-packages/airflow/example_dags/example_params_ui_tutorial.py for tasks to queue
[2026-05-02T17:44:52.562+0000] {logging_mixin.py:190} INFO - [2026-05-02T17:44:52.562+0000] {dagbag.py:588} INFO - Filling up the DagBag from /usr/local/python/3.12.1/lib/python3.12/site-packages/airflow/example_dags/example_params_ui_tutorial.py
[2026-05-02T17:44:52.570+0000] {processor.py:925} INFO - DAG(s) 'example_params_ui_tutorial' retrieved from /usr/local/python/3.12.1/lib/python3.12/site-packages/airflow/example_dags/example_params_ui_tutorial.py
[2026-05-02T17:44:52.601+0000] {logging_mixin.py:190} INFO - [2026-05-02T17:44:52.601+0000] {dag.py:3239} INFO - Sync 1 DAGs
[2026-05-02T17:44:52.612+0000] {logging_mixin.py:190} INFO - [2026-05-02T17:44:52.612+0000] {dag.py:4180} INFO - Setting next_dagrun for example_params_ui_tutorial to None, run_after=None
[2026-05-02T17:44:52.629+0000] {processor.py:208} INFO - Processing /usr/local/python/3.12.1/lib/python3.12/site-packages/airflow/example_dags/example_params_ui_tutorial.py took 0.074 seconds
[2026-05-02T17:45:49.243+0000] {processor.py:186} INFO - Started process (PID=73174) to work on /usr/local/python/3.12.1/lib/python3.12/site-packages/airflow/example_dags/example_params_ui_tutorial.py
[2026-05-02T17:45:49.245+0000] {processor.py:914} INFO - Processing file /usr/local/python/3.12.1/lib/python3.12/site-packages/airflow/example_dags/example_params_ui_tutorial.py for tasks to queue
[2026-05-02T17:45:49.246+0000] {logging_mixin.py:190} INFO - [2026-05-02T17:45:49.246+0000] {dagbag.py:588} INFO - Filling up the DagBag from /usr/local/python/3.12.1/lib/python3.12/site-packages/airflow/example_dags/example_params_ui_tutorial.py
[2026-05-02T17:45:49.262+0000] {processor.py:925} INFO - DAG(s) 'example_params_ui_tutorial' retrieved from /usr/local/python/3.12.1/lib/python3.12/site-packages/airflow/example_dags/example_params_ui_tutorial.py
[2026-05-02T17:45:49.335+0000] {logging_mixin.py:190} INFO - [2026-05-02T17:45:49.334+0000] {dag.py:3239} INFO - Sync 1 DAGs
[2026-05-02T17:45:49.382+0000] {logging_mixin.py:190} INFO - [2026-05-02T17:45:49.382+0000] {dag.py:4180} INFO - Setting next_dagrun for example_params_ui_tutorial to None, run_after=None
[2026-05-02T17:45:49.432+0000] {processor.py:208} INFO - Processing /usr/local/python/3.12.1/lib/python3.12/site-packages/airflow/example_dags/example_params_ui_tutorial.py took 0.194 seconds
[2026-05-02T17:46:48.203+0000] {processor.py:186} INFO - Started process (PID=73748) to work on /usr/local/python/3.12.1/lib/python3.12/site-packages/airflow/example_dags/example_params_ui_tutorial.py
[2026-05-02T17:46:48.204+0000] {processor.py:914} INFO - Processing file /usr/local/python/3.12.1/lib/python3.12/site-packages/airflow/example_dags/example_params_ui_tutorial.py for tasks to queue
[2026-05-02T17:46:48.205+0000] {logging_mixin.py:190} INFO - [2026-05-02T17:46:48.204+0000] {dagbag.py:588} INFO - Filling up the DagBag from /usr/local/python/3.12.1/lib/python3.12/site-packages/airflow/example_dags/example_params_ui_tutorial.py
[2026-05-02T17:46:48.212+0000] {processor.py:925} INFO - DAG(s) 'example_params_ui_tutorial' retrieved from /usr/local/python/3.12.1/lib/python3.12/site-packages/airflow/example_dags/example_params_ui_tutorial.py
[2026-05-02T17:46:48.247+0000] {logging_mixin.py:190} INFO - [2026-05-02T17:46:48.246+0000] {dag.py:3239} INFO - Sync 1 DAGs
[2026-05-02T17:46:48.261+0000] {logging_mixin.py:190} INFO - [2026-05-02T17:46:48.260+0000] {dag.py:4180} INFO - Setting next_dagrun for example_params_ui_tutorial to None, run_after=None
[2026-05-02T17:46:48.278+0000] {processor.py:208} INFO - Processing /usr/local/python/3.12.1/lib/python3.12/site-packages/airflow/example_dags/example_params_ui_tutorial.py took 0.079 seconds
[2026-05-02T17:47:51.681+0000] {processor.py:186} INFO - Started process (PID=74584) to work on /usr/local/python/3.12.1/lib/python3.12/site-packages/airflow/example_dags/example_params_ui_tutorial.py
[2026-05-02T17:47:51.681+0000] {processor.py:914} INFO - Processing file /usr/local/python/3.12.1/lib/python3.12/site-packages/airflow/example_dags/example_params_ui_tutorial.py for tasks to queue
[2026-05-02T17:47:51.682+0000] {logging_mixin.py:190} INFO - [2026-05-02T17:47:51.682+0000] {dagbag.py:588} INFO - Filling up the DagBag from /usr/local/python/3.12.1/lib/python3.12/site-packages/airflow/example_dags/example_params_ui_tutorial.py
[2026-05-02T17:47:51.690+0000] {processor.py:925} INFO - DAG(s) 'example_params_ui_tutorial' retrieved from /usr/local/python/3.12.1/lib/python3.12/site-packages/airflow/example_dags/example_params_ui_tutorial.py
[2026-05-02T17:47:51.722+0000] {logging_mixin.py:190} INFO - [2026-05-02T17:47:51.722+0000] {dag.py:3239} INFO - Sync 1 DAGs
[2026-05-02T17:47:51.732+0000] {logging_mixin.py:190} INFO - [2026-05-02T17:47:51.732+0000] {dag.py:4180} INFO - Setting next_dagrun for example_params_ui_tutorial to None, run_after=None
[2026-05-02T17:47:51.751+0000] {processor.py:208} INFO - Processing /usr/local/python/3.12.1/lib/python3.12/site-packages/airflow/example_dags/example_params_ui_tutorial.py took 0.075 seconds
[2026-05-02T17:48:45.836+0000] {processor.py:186} INFO - Started process (PID=75067) to work on /usr/local/python/3.12.1/lib/python3.12/site-packages/airflow/example_dags/example_params_ui_tutorial.py
[2026-05-02T17:48:45.837+0000] {processor.py:914} INFO - Processing file /usr/local/python/3.12.1/lib/python3.12/site-packages/airflow/example_dags/example_params_ui_tutorial.py for tasks to queue
[2026-05-02T17:48:45.838+0000] {logging_mixin.py:190} INFO - [2026-05-02T17:48:45.838+0000] {dagbag.py:588} INFO - Filling up the DagBag from /usr/local/python/3.12.1/lib/python3.12/site-packages/airflow/example_dags/example_params_ui_tutorial.py
[2026-05-02T17:48:45.847+0000] {processor.py:925} INFO - DAG(s) 'example_params_ui_tutorial' retrieved from /usr/local/python/3.12.1/lib/python3.12/site-packages/airflow/example_dags/example_params_ui_tutorial.py
[2026-05-02T17:48:45.882+0000] {logging_mixin.py:190} INFO - [2026-05-02T17:48:45.882+0000] {dag.py:3239} INFO - Sync 1 DAGs
[2026-05-02T17:48:45.892+0000] {logging_mixin.py:190} INFO - [2026-05-02T17:48:45.892+0000] {dag.py:4180} INFO - Setting next_dagrun for example_params_ui_tutorial to None, run_after=None
[2026-05-02T17:48:45.909+0000] {processor.py:208} INFO - Processing /usr/local/python/3.12.1/lib/python3.12/site-packages/airflow/example_dags/example_params_ui_tutorial.py took 0.077 seconds
[2026-05-02T17:49:48.414+0000] {processor.py:186} INFO - Started process (PID=75982) to work on /usr/local/python/3.12.1/lib/python3.12/site-packages/airflow/example_dags/example_params_ui_tutorial.py
[2026-05-02T17:49:48.415+0000] {processor.py:914} INFO - Processing file /usr/local/python/3.12.1/lib/python3.12/site-packages/airflow/example_dags/example_params_ui_tutorial.py for tasks to queue
[2026-05-02T17:49:48.416+0000] {logging_mixin.py:190} INFO - [2026-05-02T17:49:48.416+0000] {dagbag.py:588} INFO - Filling up the DagBag from /usr/local/python/3.12.1/lib/python3.12/site-packages/airflow/example_dags/example_params_ui_tutorial.py
[2026-05-02T17:49:48.424+0000] {processor.py:925} INFO - DAG(s) 'example_params_ui_tutorial' retrieved from /usr/local/python/3.12.1/lib/python3.12/site-packages/airflow/example_dags/example_params_ui_tutorial.py
[2026-05-02T17:49:48.463+0000] {logging_mixin.py:190} INFO - [2026-05-02T17:49:48.463+0000] {dag.py:3239} INFO - Sync 1 DAGs
[2026-05-02T17:49:48.473+0000] {logging_mixin.py:190} INFO - [2026-05-02T17:49:48.473+0000] {dag.py:4180} INFO - Setting next_dagrun for example_params_ui_tutorial to None, run_after=None
[2026-05-02T17:49:48.490+0000] {processor.py:208} INFO - Processing /usr/local/python/3.12.1/lib/python3.12/site-packages/airflow/example_dags/example_params_ui_tutorial.py took 0.080 seconds
[2026-05-02T17:51:04.972+0000] {processor.py:186} INFO - Started process (PID=77196) to work on /usr/local/python/3.12.1/lib/python3.12/site-packages/airflow/example_dags/example_params_ui_tutorial.py
[2026-05-02T17:51:04.973+0000] {processor.py:914} INFO - Processing file /usr/local/python/3.12.1/lib/python3.12/site-packages/airflow/example_dags/example_params_ui_tutorial.py for tasks to queue
[2026-05-02T17:51:04.973+0000] {logging_mixin.py:190} INFO - [2026-05-02T17:51:04.973+0000] {dagbag.py:588} INFO - Filling up the DagBag from /usr/local/python/3.12.1/lib/python3.12/site-packages/airflow/example_dags/example_params_ui_tutorial.py
[2026-05-02T17:51:04.981+0000] {processor.py:925} INFO - DAG(s) 'example_params_ui_tutorial' retrieved from /usr/local/python/3.12.1/lib/python3.12/site-packages/airflow/example_dags/example_params_ui_tutorial.py
[2026-05-02T17:51:05.014+0000] {logging_mixin.py:190} INFO - [2026-05-02T17:51:05.013+0000] {dag.py:3239} INFO - Sync 1 DAGs
[2026-05-02T17:51:05.027+0000] {logging_mixin.py:190} INFO - [2026-05-02T17:51:05.027+0000] {dag.py:4180} INFO - Setting next_dagrun for example_params_ui_tutorial to None, run_after=None
[2026-05-02T17:51:05.049+0000] {processor.py:208} INFO - Processing /usr/local/python/3.12.1/lib/python3.12/site-packages/airflow/example_dags/example_params_ui_tutorial.py took 0.082 seconds
[2026-05-02T17:52:01.570+0000] {processor.py:186} INFO - Started process (PID=77745) to work on /usr/local/python/3.12.1/lib/python3.12/site-packages/airflow/example_dags/example_params_ui_tutorial.py
[2026-05-02T17:52:01.570+0000] {processor.py:914} INFO - Processing file /usr/local/python/3.12.1/lib/python3.12/site-packages/airflow/example_dags/example_params_ui_tutorial.py for tasks to queue
[2026-05-02T17:52:01.571+0000] {logging_mixin.py:190} INFO - [2026-05-02T17:52:01.571+0000] {dagbag.py:588} INFO - Filling up the DagBag from /usr/local/python/3.12.1/lib/python3.12/site-packages/airflow/example_dags/example_params_ui_tutorial.py
[2026-05-02T17:52:01.578+0000] {processor.py:925} INFO - DAG(s) 'example_params_ui_tutorial' retrieved from /usr/local/python/3.12.1/lib/python3.12/site-packages/airflow/example_dags/example_params_ui_tutorial.py
[2026-05-02T17:52:01.611+0000] {logging_mixin.py:190} INFO - [2026-05-02T17:52:01.610+0000] {dag.py:3239} INFO - Sync 1 DAGs
[2026-05-02T17:52:01.621+0000] {logging_mixin.py:190} INFO - [2026-05-02T17:52:01.621+0000] {dag.py:4180} INFO - Setting next_dagrun for example_params_ui_tutorial to None, run_after=None
[2026-05-02T17:52:01.639+0000] {processor.py:208} INFO - Processing /usr/local/python/3.12.1/lib/python3.12/site-packages/airflow/example_dags/example_params_ui_tutorial.py took 0.074 seconds
[2026-05-02T17:52:53.659+0000] {processor.py:186} INFO - Started process (PID=78520) to work on /usr/local/python/3.12.1/lib/python3.12/site-packages/airflow/example_dags/example_params_ui_tutorial.py
[2026-05-02T17:52:53.660+0000] {processor.py:914} INFO - Processing file /usr/local/python/3.12.1/lib/python3.12/site-packages/airflow/example_dags/example_params_ui_tutorial.py for tasks to queue
[2026-05-02T17:52:53.661+0000] {logging_mixin.py:190} INFO - [2026-05-02T17:52:53.661+0000] {dagbag.py:588} INFO - Filling up the DagBag from /usr/local/python/3.12.1/lib/python3.12/site-packages/airflow/example_dags/example_params_ui_tutorial.py
[2026-05-02T17:52:53.671+0000] {processor.py:925} INFO - DAG(s) 'example_params_ui_tutorial' retrieved from /usr/local/python/3.12.1/lib/python3.12/site-packages/airflow/example_dags/example_params_ui_tutorial.py
[2026-05-02T17:52:53.743+0000] {logging_mixin.py:190} INFO - [2026-05-02T17:52:53.743+0000] {dag.py:3239} INFO - Sync 1 DAGs
[2026-05-02T17:52:53.758+0000] {logging_mixin.py:190} INFO - [2026-05-02T17:52:53.758+0000] {dag.py:4180} INFO - Setting next_dagrun for example_params_ui_tutorial to None, run_after=None
[2026-05-02T17:52:53.775+0000] {processor.py:208} INFO - Processing /usr/local/python/3.12.1/lib/python3.12/site-packages/airflow/example_dags/example_params_ui_tutorial.py took 0.123 seconds
[2026-05-02T17:54:00.466+0000] {processor.py:186} INFO - Started process (PID=79636) to work on /usr/local/python/3.12.1/lib/python3.12/site-packages/airflow/example_dags/example_params_ui_tutorial.py
[2026-05-02T17:54:00.467+0000] {processor.py:914} INFO - Processing file /usr/local/python/3.12.1/lib/python3.12/site-packages/airflow/example_dags/example_params_ui_tutorial.py for tasks to queue
[2026-05-02T17:54:00.468+0000] {logging_mixin.py:190} INFO - [2026-05-02T17:54:00.467+0000] {dagbag.py:588} INFO - Filling up the DagBag from /usr/local/python/3.12.1/lib/python3.12/site-packages/airflow/example_dags/example_params_ui_tutorial.py
[2026-05-02T17:54:00.476+0000] {processor.py:925} INFO - DAG(s) 'example_params_ui_tutorial' retrieved from /usr/local/python/3.12.1/lib/python3.12/site-packages/airflow/example_dags/example_params_ui_tutorial.py
[2026-05-02T17:54:00.526+0000] {logging_mixin.py:190} INFO - [2026-05-02T17:54:00.526+0000] {dag.py:3239} INFO - Sync 1 DAGs
[2026-05-02T17:54:00.542+0000] {logging_mixin.py:190} INFO - [2026-05-02T17:54:00.542+0000] {dag.py:4180} INFO - Setting next_dagrun for example_params_ui_tutorial to None, run_after=None
[2026-05-02T17:54:00.577+0000] {processor.py:208} INFO - Processing /usr/local/python/3.12.1/lib/python3.12/site-packages/airflow/example_dags/example_params_ui_tutorial.py took 0.115 seconds
[2026-05-02T17:55:09.452+0000] {processor.py:186} INFO - Started process (PID=80521) to work on /usr/local/python/3.12.1/lib/python3.12/site-packages/airflow/example_dags/example_params_ui_tutorial.py
[2026-05-02T17:55:09.453+0000] {processor.py:914} INFO - Processing file /usr/local/python/3.12.1/lib/python3.12/site-packages/airflow/example_dags/example_params_ui_tutorial.py for tasks to queue
[2026-05-02T17:55:09.454+0000] {logging_mixin.py:190} INFO - [2026-05-02T17:55:09.454+0000] {dagbag.py:588} INFO - Filling up the DagBag from /usr/local/python/3.12.1/lib/python3.12/site-packages/airflow/example_dags/example_params_ui_tutorial.py
[2026-05-02T17:55:09.464+0000] {processor.py:925} INFO - DAG(s) 'example_params_ui_tutorial' retrieved from /usr/local/python/3.12.1/lib/python3.12/site-packages/airflow/example_dags/example_params_ui_tutorial.py
[2026-05-02T17:55:09.512+0000] {logging_mixin.py:190} INFO - [2026-05-02T17:55:09.512+0000] {dag.py:3239} INFO - Sync 1 DAGs
[2026-05-02T17:55:09.524+0000] {logging_mixin.py:190} INFO - [2026-05-02T17:55:09.524+0000] {dag.py:4180} INFO - Setting next_dagrun for example_params_ui_tutorial to None, run_after=None
[2026-05-02T17:55:09.542+0000] {processor.py:208} INFO - Processing /usr/local/python/3.12.1/lib/python3.12/site-packages/airflow/example_dags/example_params_ui_tutorial.py took 0.096 seconds
[2026-05-02T17:56:20.732+0000] {processor.py:186} INFO - Started process (PID=81432) to work on /usr/local/python/3.12.1/lib/python3.12/site-packages/airflow/example_dags/example_params_ui_tutorial.py
[2026-05-02T17:56:20.733+0000] {processor.py:914} INFO - Processing file /usr/local/python/3.12.1/lib/python3.12/site-packages/airflow/example_dags/example_params_ui_tutorial.py for tasks to queue
[2026-05-02T17:56:20.735+0000] {logging_mixin.py:190} INFO - [2026-05-02T17:56:20.734+0000] {dagbag.py:588} INFO - Filling up the DagBag from /usr/local/python/3.12.1/lib/python3.12/site-packages/airflow/example_dags/example_params_ui_tutorial.py
[2026-05-02T17:56:20.747+0000] {processor.py:925} INFO - DAG(s) 'example_params_ui_tutorial' retrieved from /usr/local/python/3.12.1/lib/python3.12/site-packages/airflow/example_dags/example_params_ui_tutorial.py
[2026-05-02T17:56:20.801+0000] {logging_mixin.py:190} INFO - [2026-05-02T17:56:20.800+0000] {dag.py:3239} INFO - Sync 1 DAGs
[2026-05-02T17:56:20.812+0000] {logging_mixin.py:190} INFO - [2026-05-02T17:56:20.812+0000] {dag.py:4180} INFO - Setting next_dagrun for example_params_ui_tutorial to None, run_after=None
[2026-05-02T17:56:20.832+0000] {processor.py:208} INFO - Processing /usr/local/python/3.12.1/lib/python3.12/site-packages/airflow/example_dags/example_params_ui_tutorial.py took 0.106 seconds
[2026-05-02T17:57:17.429+0000] {processor.py:186} INFO - Started process (PID=82210) to work on /usr/local/python/3.12.1/lib/python3.12/site-packages/airflow/example_dags/example_params_ui_tutorial.py
[2026-05-02T17:57:17.430+0000] {processor.py:914} INFO - Processing file /usr/local/python/3.12.1/lib/python3.12/site-packages/airflow/example_dags/example_params_ui_tutorial.py for tasks to queue
[2026-05-02T17:57:17.431+0000] {logging_mixin.py:190} INFO - [2026-05-02T17:57:17.431+0000] {dagbag.py:588} INFO - Filling up the DagBag from /usr/local/python/3.12.1/lib/python3.12/site-packages/airflow/example_dags/example_params_ui_tutorial.py
[2026-05-02T17:57:17.441+0000] {processor.py:925} INFO - DAG(s) 'example_params_ui_tutorial' retrieved from /usr/local/python/3.12.1/lib/python3.12/site-packages/airflow/example_dags/example_params_ui_tutorial.py
[2026-05-02T17:57:17.478+0000] {logging_mixin.py:190} INFO - [2026-05-02T17:57:17.478+0000] {dag.py:3239} INFO - Sync 1 DAGs
[2026-05-02T17:57:17.488+0000] {logging_mixin.py:190} INFO - [2026-05-02T17:57:17.488+0000] {dag.py:4180} INFO - Setting next_dagrun for example_params_ui_tutorial to None, run_after=None
[2026-05-02T17:57:17.505+0000] {processor.py:208} INFO - Processing /usr/local/python/3.12.1/lib/python3.12/site-packages/airflow/example_dags/example_params_ui_tutorial.py took 0.080 seconds
[2026-05-02T17:58:30.968+0000] {processor.py:186} INFO - Started process (PID=83820) to work on /usr/local/python/3.12.1/lib/python3.12/site-packages/airflow/example_dags/example_params_ui_tutorial.py
[2026-05-02T17:58:30.969+0000] {processor.py:914} INFO - Processing file /usr/local/python/3.12.1/lib/python3.12/site-packages/airflow/example_dags/example_params_ui_tutorial.py for tasks to queue
[2026-05-02T17:58:30.970+0000] {logging_mixin.py:190} INFO - [2026-05-02T17:58:30.969+0000] {dagbag.py:588} INFO - Filling up the DagBag from /usr/local/python/3.12.1/lib/python3.12/site-packages/airflow/example_dags/example_params_ui_tutorial.py
[2026-05-02T17:58:30.977+0000] {processor.py:925} INFO - DAG(s) 'example_params_ui_tutorial' retrieved from /usr/local/python/3.12.1/lib/python3.12/site-packages/airflow/example_dags/example_params_ui_tutorial.py
[2026-05-02T17:58:31.015+0000] {logging_mixin.py:190} INFO - [2026-05-02T17:58:31.015+0000] {dag.py:3239} INFO - Sync 1 DAGs
[2026-05-02T17:58:31.025+0000] {logging_mixin.py:190} INFO - [2026-05-02T17:58:31.025+0000] {dag.py:4180} INFO - Setting next_dagrun for example_params_ui_tutorial to None, run_after=None
[2026-05-02T17:58:31.042+0000] {processor.py:208} INFO - Processing /usr/local/python/3.12.1/lib/python3.12/site-packages/airflow/example_dags/example_params_ui_tutorial.py took 0.079 seconds
[2026-05-02T17:59:30.639+0000] {processor.py:186} INFO - Started process (PID=84409) to work on /usr/local/python/3.12.1/lib/python3.12/site-packages/airflow/example_dags/example_params_ui_tutorial.py
[2026-05-02T17:59:30.640+0000] {processor.py:914} INFO - Processing file /usr/local/python/3.12.1/lib/python3.12/site-packages/airflow/example_dags/example_params_ui_tutorial.py for tasks to queue
[2026-05-02T17:59:30.641+0000] {logging_mixin.py:190} INFO - [2026-05-02T17:59:30.641+0000] {dagbag.py:588} INFO - Filling up the DagBag from /usr/local/python/3.12.1/lib/python3.12/site-packages/airflow/example_dags/example_params_ui_tutorial.py
[2026-05-02T17:59:30.651+0000] {processor.py:925} INFO - DAG(s) 'example_params_ui_tutorial' retrieved from /usr/local/python/3.12.1/lib/python3.12/site-packages/airflow/example_dags/example_params_ui_tutorial.py
[2026-05-02T17:59:30.688+0000] {logging_mixin.py:190} INFO - [2026-05-02T17:59:30.688+0000] {dag.py:3239} INFO - Sync 1 DAGs
[2026-05-02T17:59:30.700+0000] {logging_mixin.py:190} INFO - [2026-05-02T17:59:30.699+0000] {dag.py:4180} INFO - Setting next_dagrun for example_params_ui_tutorial to None, run_after=None
[2026-05-02T17:59:30.718+0000] {processor.py:208} INFO - Processing /usr/local/python/3.12.1/lib/python3.12/site-packages/airflow/example_dags/example_params_ui_tutorial.py took 0.083 seconds
[2026-05-02T18:00:32.624+0000] {processor.py:186} INFO - Started process (PID=85194) to work on /usr/local/python/3.12.1/lib/python3.12/site-packages/airflow/example_dags/example_params_ui_tutorial.py
[2026-05-02T18:00:32.625+0000] {processor.py:914} INFO - Processing file /usr/local/python/3.12.1/lib/python3.12/site-packages/airflow/example_dags/example_params_ui_tutorial.py for tasks to queue
[2026-05-02T18:00:32.626+0000] {logging_mixin.py:190} INFO - [2026-05-02T18:00:32.625+0000] {dagbag.py:588} INFO - Filling up the DagBag from /usr/local/python/3.12.1/lib/python3.12/site-packages/airflow/example_dags/example_params_ui_tutorial.py
[2026-05-02T18:00:32.633+0000] {processor.py:925} INFO - DAG(s) 'example_params_ui_tutorial' retrieved from /usr/local/python/3.12.1/lib/python3.12/site-packages/airflow/example_dags/example_params_ui_tutorial.py
[2026-05-02T18:00:32.693+0000] {logging_mixin.py:190} INFO - [2026-05-02T18:00:32.693+0000] {dag.py:3239} INFO - Sync 1 DAGs
[2026-05-02T18:00:32.709+0000] {logging_mixin.py:190} INFO - [2026-05-02T18:00:32.709+0000] {dag.py:4180} INFO - Setting next_dagrun for example_params_ui_tutorial to None, run_after=None
[2026-05-02T18:00:32.733+0000] {processor.py:208} INFO - Processing /usr/local/python/3.12.1/lib/python3.12/site-packages/airflow/example_dags/example_params_ui_tutorial.py took 0.113 seconds
[2026-05-02T18:01:32.119+0000] {processor.py:186} INFO - Started process (PID=85883) to work on /usr/local/python/3.12.1/lib/python3.12/site-packages/airflow/example_dags/example_params_ui_tutorial.py
[2026-05-02T18:01:32.119+0000] {processor.py:914} INFO - Processing file /usr/local/python/3.12.1/lib/python3.12/site-packages/airflow/example_dags/example_params_ui_tutorial.py for tasks to queue
[2026-05-02T18:01:32.120+0000] {logging_mixin.py:190} INFO - [2026-05-02T18:01:32.120+0000] {dagbag.py:588} INFO - Filling up the DagBag from /usr/local/python/3.12.1/lib/python3.12/site-packages/airflow/example_dags/example_params_ui_tutorial.py
[2026-05-02T18:01:32.128+0000] {processor.py:925} INFO - DAG(s) 'example_params_ui_tutorial' retrieved from /usr/local/python/3.12.1/lib/python3.12/site-packages/airflow/example_dags/example_params_ui_tutorial.py
[2026-05-02T18:01:32.166+0000] {logging_mixin.py:190} INFO - [2026-05-02T18:01:32.166+0000] {dag.py:3239} INFO - Sync 1 DAGs
[2026-05-02T18:01:32.176+0000] {logging_mixin.py:190} INFO - [2026-05-02T18:01:32.176+0000] {dag.py:4180} INFO - Setting next_dagrun for example_params_ui_tutorial to None, run_after=None
[2026-05-02T18:01:32.195+0000] {processor.py:208} INFO - Processing /usr/local/python/3.12.1/lib/python3.12/site-packages/airflow/example_dags/example_params_ui_tutorial.py took 0.081 seconds
[2026-05-02T18:02:21.162+0000] {processor.py:186} INFO - Started process (PID=86519) to work on /usr/local/python/3.12.1/lib/python3.12/site-packages/airflow/example_dags/example_params_ui_tutorial.py
[2026-05-02T18:02:21.163+0000] {processor.py:914} INFO - Processing file /usr/local/python/3.12.1/lib/python3.12/site-packages/airflow/example_dags/example_params_ui_tutorial.py for tasks to queue
[2026-05-02T18:02:21.164+0000] {logging_mixin.py:190} INFO - [2026-05-02T18:02:21.164+0000] {dagbag.py:588} INFO - Filling up the DagBag from /usr/local/python/3.12.1/lib/python3.12/site-packages/airflow/example_dags/example_params_ui_tutorial.py
[2026-05-02T18:02:21.171+0000] {processor.py:925} INFO - DAG(s) 'example_params_ui_tutorial' retrieved from /usr/local/python/3.12.1/lib/python3.12/site-packages/airflow/example_dags/example_params_ui_tutorial.py
[2026-05-02T18:02:21.203+0000] {logging_mixin.py:190} INFO - [2026-05-02T18:02:21.203+0000] {dag.py:3239} INFO - Sync 1 DAGs
[2026-05-02T18:02:21.213+0000] {logging_mixin.py:190} INFO - [2026-05-02T18:02:21.213+0000] {dag.py:4180} INFO - Setting next_dagrun for example_params_ui_tutorial to None, run_after=None
[2026-05-02T18:02:21.230+0000] {processor.py:208} INFO - Processing /usr/local/python/3.12.1/lib/python3.12/site-packages/airflow/example_dags/example_params_ui_tutorial.py took 0.073 seconds
[2026-05-02T18:03:21.876+0000] {processor.py:186} INFO - Started process (PID=87618) to work on /usr/local/python/3.12.1/lib/python3.12/site-packages/airflow/example_dags/example_params_ui_tutorial.py
[2026-05-02T18:03:21.877+0000] {processor.py:914} INFO - Processing file /usr/local/python/3.12.1/lib/python3.12/site-packages/airflow/example_dags/example_params_ui_tutorial.py for tasks to queue
[2026-05-02T18:03:21.878+0000] {logging_mixin.py:190} INFO - [2026-05-02T18:03:21.877+0000] {dagbag.py:588} INFO - Filling up the DagBag from /usr/local/python/3.12.1/lib/python3.12/site-packages/airflow/example_dags/example_params_ui_tutorial.py
[2026-05-02T18:03:21.885+0000] {processor.py:925} INFO - DAG(s) 'example_params_ui_tutorial' retrieved from /usr/local/python/3.12.1/lib/python3.12/site-packages/airflow/example_dags/example_params_ui_tutorial.py
[2026-05-02T18:03:21.917+0000] {logging_mixin.py:190} INFO - [2026-05-02T18:03:21.917+0000] {dag.py:3239} INFO - Sync 1 DAGs
[2026-05-02T18:03:21.927+0000] {logging_mixin.py:190} INFO - [2026-05-02T18:03:21.927+0000] {dag.py:4180} INFO - Setting next_dagrun for example_params_ui_tutorial to None, run_after=None
[2026-05-02T18:03:21.945+0000] {processor.py:208} INFO - Processing /usr/local/python/3.12.1/lib/python3.12/site-packages/airflow/example_dags/example_params_ui_tutorial.py took 0.074 seconds
[2026-05-02T18:04:27.844+0000] {processor.py:186} INFO - Started process (PID=88459) to work on /usr/local/python/3.12.1/lib/python3.12/site-packages/airflow/example_dags/example_params_ui_tutorial.py
[2026-05-02T18:04:27.846+0000] {processor.py:914} INFO - Processing file /usr/local/python/3.12.1/lib/python3.12/site-packages/airflow/example_dags/example_params_ui_tutorial.py for tasks to queue
[2026-05-02T18:04:27.847+0000] {logging_mixin.py:190} INFO - [2026-05-02T18:04:27.847+0000] {dagbag.py:588} INFO - Filling up the DagBag from /usr/local/python/3.12.1/lib/python3.12/site-packages/airflow/example_dags/example_params_ui_tutorial.py
[2026-05-02T18:04:27.869+0000] {processor.py:925} INFO - DAG(s) 'example_params_ui_tutorial' retrieved from /usr/local/python/3.12.1/lib/python3.12/site-packages/airflow/example_dags/example_params_ui_tutorial.py
[2026-05-02T18:04:27.927+0000] {logging_mixin.py:190} INFO - [2026-05-02T18:04:27.927+0000] {dag.py:3239} INFO - Sync 1 DAGs
[2026-05-02T18:04:27.940+0000] {logging_mixin.py:190} INFO - [2026-05-02T18:04:27.940+0000] {dag.py:4180} INFO - Setting next_dagrun for example_params_ui_tutorial to None, run_after=None
[2026-05-02T18:04:27.988+0000] {processor.py:208} INFO - Processing /usr/local/python/3.12.1/lib/python3.12/site-packages/airflow/example_dags/example_params_ui_tutorial.py took 0.152 seconds
[2026-05-02T18:05:21.459+0000] {processor.py:186} INFO - Started process (PID=89072) to work on /usr/local/python/3.12.1/lib/python3.12/site-packages/airflow/example_dags/example_params_ui_tutorial.py
[2026-05-02T18:05:21.460+0000] {processor.py:914} INFO - Processing file /usr/local/python/3.12.1/lib/python3.12/site-packages/airflow/example_dags/example_params_ui_tutorial.py for tasks to queue
[2026-05-02T18:05:21.461+0000] {logging_mixin.py:190} INFO - [2026-05-02T18:05:21.460+0000] {dagbag.py:588} INFO - Filling up the DagBag from /usr/local/python/3.12.1/lib/python3.12/site-packages/airflow/example_dags/example_params_ui_tutorial.py
[2026-05-02T18:05:21.468+0000] {processor.py:925} INFO - DAG(s) 'example_params_ui_tutorial' retrieved from /usr/local/python/3.12.1/lib/python3.12/site-packages/airflow/example_dags/example_params_ui_tutorial.py
[2026-05-02T18:05:21.499+0000] {logging_mixin.py:190} INFO - [2026-05-02T18:05:21.499+0000] {dag.py:3239} INFO - Sync 1 DAGs
[2026-05-02T18:05:21.510+0000] {logging_mixin.py:190} INFO - [2026-05-02T18:05:21.510+0000] {dag.py:4180} INFO - Setting next_dagrun for example_params_ui_tutorial to None, run_after=None
[2026-05-02T18:05:21.526+0000] {processor.py:208} INFO - Processing /usr/local/python/3.12.1/lib/python3.12/site-packages/airflow/example_dags/example_params_ui_tutorial.py took 0.074 seconds
[2026-05-02T18:06:17.232+0000] {processor.py:186} INFO - Started process (PID=89597) to work on /usr/local/python/3.12.1/lib/python3.12/site-packages/airflow/example_dags/example_params_ui_tutorial.py
[2026-05-02T18:06:17.233+0000] {processor.py:914} INFO - Processing file /usr/local/python/3.12.1/lib/python3.12/site-packages/airflow/example_dags/example_params_ui_tutorial.py for tasks to queue
[2026-05-02T18:06:17.234+0000] {logging_mixin.py:190} INFO - [2026-05-02T18:06:17.234+0000] {dagbag.py:588} INFO - Filling up the DagBag from /usr/local/python/3.12.1/lib/python3.12/site-packages/airflow/example_dags/example_params_ui_tutorial.py
[2026-05-02T18:06:17.242+0000] {processor.py:925} INFO - DAG(s) 'example_params_ui_tutorial' retrieved from /usr/local/python/3.12.1/lib/python3.12/site-packages/airflow/example_dags/example_params_ui_tutorial.py
[2026-05-02T18:06:17.282+0000] {logging_mixin.py:190} INFO - [2026-05-02T18:06:17.282+0000] {dag.py:3239} INFO - Sync 1 DAGs
[2026-05-02T18:06:17.293+0000] {logging_mixin.py:190} INFO - [2026-05-02T18:06:17.293+0000] {dag.py:4180} INFO - Setting next_dagrun for example_params_ui_tutorial to None, run_after=None
[2026-05-02T18:06:17.312+0000] {processor.py:208} INFO - Processing /usr/local/python/3.12.1/lib/python3.12/site-packages/airflow/example_dags/example_params_ui_tutorial.py took 0.084 seconds
[2026-05-02T18:07:08.723+0000] {processor.py:186} INFO - Started process (PID=90385) to work on /usr/local/python/3.12.1/lib/python3.12/site-packages/airflow/example_dags/example_params_ui_tutorial.py
[2026-05-02T18:07:08.724+0000] {processor.py:914} INFO - Processing file /usr/local/python/3.12.1/lib/python3.12/site-packages/airflow/example_dags/example_params_ui_tutorial.py for tasks to queue
[2026-05-02T18:07:08.725+0000] {logging_mixin.py:190} INFO - [2026-05-02T18:07:08.725+0000] {dagbag.py:588} INFO - Filling up the DagBag from /usr/local/python/3.12.1/lib/python3.12/site-packages/airflow/example_dags/example_params_ui_tutorial.py
[2026-05-02T18:07:08.732+0000] {processor.py:925} INFO - DAG(s) 'example_params_ui_tutorial' retrieved from /usr/local/python/3.12.1/lib/python3.12/site-packages/airflow/example_dags/example_params_ui_tutorial.py
[2026-05-02T18:07:08.769+0000] {logging_mixin.py:190} INFO - [2026-05-02T18:07:08.769+0000] {dag.py:3239} INFO - Sync 1 DAGs
[2026-05-02T18:07:08.780+0000] {logging_mixin.py:190} INFO - [2026-05-02T18:07:08.780+0000] {dag.py:4180} INFO - Setting next_dagrun for example_params_ui_tutorial to None, run_after=None
[2026-05-02T18:07:08.798+0000] {processor.py:208} INFO - Processing /usr/local/python/3.12.1/lib/python3.12/site-packages/airflow/example_dags/example_params_ui_tutorial.py took 0.079 seconds
[2026-05-02T18:08:13.795+0000] {processor.py:186} INFO - Started process (PID=91438) to work on /usr/local/python/3.12.1/lib/python3.12/site-packages/airflow/example_dags/example_params_ui_tutorial.py
[2026-05-02T18:08:13.796+0000] {processor.py:914} INFO - Processing file /usr/local/python/3.12.1/lib/python3.12/site-packages/airflow/example_dags/example_params_ui_tutorial.py for tasks to queue
[2026-05-02T18:08:13.798+0000] {logging_mixin.py:190} INFO - [2026-05-02T18:08:13.797+0000] {dagbag.py:588} INFO - Filling up the DagBag from /usr/local/python/3.12.1/lib/python3.12/site-packages/airflow/example_dags/example_params_ui_tutorial.py
[2026-05-02T18:08:13.805+0000] {processor.py:925} INFO - DAG(s) 'example_params_ui_tutorial' retrieved from /usr/local/python/3.12.1/lib/python3.12/site-packages/airflow/example_dags/example_params_ui_tutorial.py
[2026-05-02T18:08:13.838+0000] {logging_mixin.py:190} INFO - [2026-05-02T18:08:13.838+0000] {dag.py:3239} INFO - Sync 1 DAGs
[2026-05-02T18:08:13.850+0000] {logging_mixin.py:190} INFO - [2026-05-02T18:08:13.850+0000] {dag.py:4180} INFO - Setting next_dagrun for example_params_ui_tutorial to None, run_after=None
[2026-05-02T18:08:13.869+0000] {processor.py:208} INFO - Processing /usr/local/python/3.12.1/lib/python3.12/site-packages/airflow/example_dags/example_params_ui_tutorial.py took 0.080 seconds
[2026-05-02T18:09:17.272+0000] {processor.py:186} INFO - Started process (PID=92617) to work on /usr/local/python/3.12.1/lib/python3.12/site-packages/airflow/example_dags/example_params_ui_tutorial.py
[2026-05-02T18:09:17.273+0000] {processor.py:914} INFO - Processing file /usr/local/python/3.12.1/lib/python3.12/site-packages/airflow/example_dags/example_params_ui_tutorial.py for tasks to queue
[2026-05-02T18:09:17.274+0000] {logging_mixin.py:190} INFO - [2026-05-02T18:09:17.273+0000] {dagbag.py:588} INFO - Filling up the DagBag from /usr/local/python/3.12.1/lib/python3.12/site-packages/airflow/example_dags/example_params_ui_tutorial.py
[2026-05-02T18:09:17.281+0000] {processor.py:925} INFO - DAG(s) 'example_params_ui_tutorial' retrieved from /usr/local/python/3.12.1/lib/python3.12/site-packages/airflow/example_dags/example_params_ui_tutorial.py
[2026-05-02T18:09:17.314+0000] {logging_mixin.py:190} INFO - [2026-05-02T18:09:17.314+0000] {dag.py:3239} INFO - Sync 1 DAGs
[2026-05-02T18:09:17.324+0000] {logging_mixin.py:190} INFO - [2026-05-02T18:09:17.324+0000] {dag.py:4180} INFO - Setting next_dagrun for example_params_ui_tutorial to None, run_after=None
[2026-05-02T18:09:17.342+0000] {processor.py:208} INFO - Processing /usr/local/python/3.12.1/lib/python3.12/site-packages/airflow/example_dags/example_params_ui_tutorial.py took 0.077 seconds
[2026-05-02T18:10:12.172+0000] {processor.py:186} INFO - Started process (PID=93199) to work on /usr/local/python/3.12.1/lib/python3.12/site-packages/airflow/example_dags/example_params_ui_tutorial.py
[2026-05-02T18:10:12.173+0000] {processor.py:914} INFO - Processing file /usr/local/python/3.12.1/lib/python3.12/site-packages/airflow/example_dags/example_params_ui_tutorial.py for tasks to queue
[2026-05-02T18:10:12.174+0000] {logging_mixin.py:190} INFO - [2026-05-02T18:10:12.173+0000] {dagbag.py:588} INFO - Filling up the DagBag from /usr/local/python/3.12.1/lib/python3.12/site-packages/airflow/example_dags/example_params_ui_tutorial.py
[2026-05-02T18:10:12.181+0000] {processor.py:925} INFO - DAG(s) 'example_params_ui_tutorial' retrieved from /usr/local/python/3.12.1/lib/python3.12/site-packages/airflow/example_dags/example_params_ui_tutorial.py
[2026-05-02T18:10:12.215+0000] {logging_mixin.py:190} INFO - [2026-05-02T18:10:12.214+0000] {dag.py:3239} INFO - Sync 1 DAGs
[2026-05-02T18:10:12.225+0000] {logging_mixin.py:190} INFO - [2026-05-02T18:10:12.225+0000] {dag.py:4180} INFO - Setting next_dagrun for example_params_ui_tutorial to None, run_after=None
[2026-05-02T18:10:12.243+0000] {processor.py:208} INFO - Processing /usr/local/python/3.12.1/lib/python3.12/site-packages/airflow/example_dags/example_params_ui_tutorial.py took 0.076 seconds
[2026-05-02T18:11:18.273+0000] {processor.py:186} INFO - Started process (PID=93785) to work on /usr/local/python/3.12.1/lib/python3.12/site-packages/airflow/example_dags/example_params_ui_tutorial.py
[2026-05-02T18:11:18.273+0000] {processor.py:914} INFO - Processing file /usr/local/python/3.12.1/lib/python3.12/site-packages/airflow/example_dags/example_params_ui_tutorial.py for tasks to queue
[2026-05-02T18:11:18.274+0000] {logging_mixin.py:190} INFO - [2026-05-02T18:11:18.274+0000] {dagbag.py:588} INFO - Filling up the DagBag from /usr/local/python/3.12.1/lib/python3.12/site-packages/airflow/example_dags/example_params_ui_tutorial.py
[2026-05-02T18:11:18.282+0000] {processor.py:925} INFO - DAG(s) 'example_params_ui_tutorial' retrieved from /usr/local/python/3.12.1/lib/python3.12/site-packages/airflow/example_dags/example_params_ui_tutorial.py
[2026-05-02T18:11:18.321+0000] {logging_mixin.py:190} INFO - [2026-05-02T18:11:18.321+0000] {dag.py:3239} INFO - Sync 1 DAGs
[2026-05-02T18:11:18.333+0000] {logging_mixin.py:190} INFO - [2026-05-02T18:11:18.333+0000] {dag.py:4180} INFO - Setting next_dagrun for example_params_ui_tutorial to None, run_after=None
[2026-05-02T18:11:18.351+0000] {processor.py:208} INFO - Processing /usr/local/python/3.12.1/lib/python3.12/site-packages/airflow/example_dags/example_params_ui_tutorial.py took 0.083 seconds
[2026-05-02T18:12:11.770+0000] {processor.py:186} INFO - Started process (PID=94249) to work on /usr/local/python/3.12.1/lib/python3.12/site-packages/airflow/example_dags/example_params_ui_tutorial.py
[2026-05-02T18:12:11.771+0000] {processor.py:914} INFO - Processing file /usr/local/python/3.12.1/lib/python3.12/site-packages/airflow/example_dags/example_params_ui_tutorial.py for tasks to queue
[2026-05-02T18:12:11.772+0000] {logging_mixin.py:190} INFO - [2026-05-02T18:12:11.772+0000] {dagbag.py:588} INFO - Filling up the DagBag from /usr/local/python/3.12.1/lib/python3.12/site-packages/airflow/example_dags/example_params_ui_tutorial.py
[2026-05-02T18:12:11.779+0000] {processor.py:925} INFO - DAG(s) 'example_params_ui_tutorial' retrieved from /usr/local/python/3.12.1/lib/python3.12/site-packages/airflow/example_dags/example_params_ui_tutorial.py
[2026-05-02T18:12:11.811+0000] {logging_mixin.py:190} INFO - [2026-05-02T18:12:11.811+0000] {dag.py:3239} INFO - Sync 1 DAGs
[2026-05-02T18:12:11.821+0000] {logging_mixin.py:190} INFO - [2026-05-02T18:12:11.821+0000] {dag.py:4180} INFO - Setting next_dagrun for example_params_ui_tutorial to None, run_after=None
[2026-05-02T18:12:11.839+0000] {processor.py:208} INFO - Processing /usr/local/python/3.12.1/lib/python3.12/site-packages/airflow/example_dags/example_params_ui_tutorial.py took 0.073 seconds
[2026-05-02T18:13:12.958+0000] {processor.py:186} INFO - Started process (PID=95083) to work on /usr/local/python/3.12.1/lib/python3.12/site-packages/airflow/example_dags/example_params_ui_tutorial.py
[2026-05-02T18:13:12.958+0000] {processor.py:914} INFO - Processing file /usr/local/python/3.12.1/lib/python3.12/site-packages/airflow/example_dags/example_params_ui_tutorial.py for tasks to queue
[2026-05-02T18:13:12.960+0000] {logging_mixin.py:190} INFO - [2026-05-02T18:13:12.959+0000] {dagbag.py:588} INFO - Filling up the DagBag from /usr/local/python/3.12.1/lib/python3.12/site-packages/airflow/example_dags/example_params_ui_tutorial.py
[2026-05-02T18:13:12.967+0000] {processor.py:925} INFO - DAG(s) 'example_params_ui_tutorial' retrieved from /usr/local/python/3.12.1/lib/python3.12/site-packages/airflow/example_dags/example_params_ui_tutorial.py
[2026-05-02T18:13:13.004+0000] {logging_mixin.py:190} INFO - [2026-05-02T18:13:13.004+0000] {dag.py:3239} INFO - Sync 1 DAGs
[2026-05-02T18:13:13.014+0000] {logging_mixin.py:190} INFO - [2026-05-02T18:13:13.014+0000] {dag.py:4180} INFO - Setting next_dagrun for example_params_ui_tutorial to None, run_after=None
[2026-05-02T18:13:13.033+0000] {processor.py:208} INFO - Processing /usr/local/python/3.12.1/lib/python3.12/site-packages/airflow/example_dags/example_params_ui_tutorial.py took 0.080 seconds
[2026-05-02T18:14:20.330+0000] {processor.py:186} INFO - Started process (PID=95878) to work on /usr/local/python/3.12.1/lib/python3.12/site-packages/airflow/example_dags/example_params_ui_tutorial.py
[2026-05-02T18:14:20.339+0000] {processor.py:914} INFO - Processing file /usr/local/python/3.12.1/lib/python3.12/site-packages/airflow/example_dags/example_params_ui_tutorial.py for tasks to queue
[2026-05-02T18:14:20.340+0000] {logging_mixin.py:190} INFO - [2026-05-02T18:14:20.340+0000] {dagbag.py:588} INFO - Filling up the DagBag from /usr/local/python/3.12.1/lib/python3.12/site-packages/airflow/example_dags/example_params_ui_tutorial.py
[2026-05-02T18:14:20.369+0000] {processor.py:925} INFO - DAG(s) 'example_params_ui_tutorial' retrieved from /usr/local/python/3.12.1/lib/python3.12/site-packages/airflow/example_dags/example_params_ui_tutorial.py
[2026-05-02T18:14:20.569+0000] {logging_mixin.py:190} INFO - [2026-05-02T18:14:20.568+0000] {dag.py:3239} INFO - Sync 1 DAGs
[2026-05-02T18:14:20.600+0000] {logging_mixin.py:190} INFO - [2026-05-02T18:14:20.600+0000] {dag.py:4180} INFO - Setting next_dagrun for example_params_ui_tutorial to None, run_after=None
[2026-05-02T18:14:20.634+0000] {processor.py:208} INFO - Processing /usr/local/python/3.12.1/lib/python3.12/site-packages/airflow/example_dags/example_params_ui_tutorial.py took 0.324 seconds
[2026-05-02T18:15:20.713+0000] {processor.py:186} INFO - Started process (PID=96509) to work on /usr/local/python/3.12.1/lib/python3.12/site-packages/airflow/example_dags/example_params_ui_tutorial.py
[2026-05-02T18:15:20.714+0000] {processor.py:914} INFO - Processing file /usr/local/python/3.12.1/lib/python3.12/site-packages/airflow/example_dags/example_params_ui_tutorial.py for tasks to queue
[2026-05-02T18:15:20.715+0000] {logging_mixin.py:190} INFO - [2026-05-02T18:15:20.714+0000] {dagbag.py:588} INFO - Filling up the DagBag from /usr/local/python/3.12.1/lib/python3.12/site-packages/airflow/example_dags/example_params_ui_tutorial.py
[2026-05-02T18:15:20.722+0000] {processor.py:925} INFO - DAG(s) 'example_params_ui_tutorial' retrieved from /usr/local/python/3.12.1/lib/python3.12/site-packages/airflow/example_dags/example_params_ui_tutorial.py
[2026-05-02T18:15:20.761+0000] {logging_mixin.py:190} INFO - [2026-05-02T18:15:20.761+0000] {dag.py:3239} INFO - Sync 1 DAGs
[2026-05-02T18:15:20.771+0000] {logging_mixin.py:190} INFO - [2026-05-02T18:15:20.771+0000] {dag.py:4180} INFO - Setting next_dagrun for example_params_ui_tutorial to None, run_after=None
[2026-05-02T18:15:20.790+0000] {processor.py:208} INFO - Processing /usr/local/python/3.12.1/lib/python3.12/site-packages/airflow/example_dags/example_params_ui_tutorial.py took 0.082 seconds
[2026-05-02T18:16:24.824+0000] {processor.py:186} INFO - Started process (PID=97627) to work on /usr/local/python/3.12.1/lib/python3.12/site-packages/airflow/example_dags/example_params_ui_tutorial.py
[2026-05-02T18:16:24.824+0000] {processor.py:914} INFO - Processing file /usr/local/python/3.12.1/lib/python3.12/site-packages/airflow/example_dags/example_params_ui_tutorial.py for tasks to queue
[2026-05-02T18:16:24.825+0000] {logging_mixin.py:190} INFO - [2026-05-02T18:16:24.825+0000] {dagbag.py:588} INFO - Filling up the DagBag from /usr/local/python/3.12.1/lib/python3.12/site-packages/airflow/example_dags/example_params_ui_tutorial.py
[2026-05-02T18:16:24.833+0000] {processor.py:925} INFO - DAG(s) 'example_params_ui_tutorial' retrieved from /usr/local/python/3.12.1/lib/python3.12/site-packages/airflow/example_dags/example_params_ui_tutorial.py
[2026-05-02T18:16:24.870+0000] {logging_mixin.py:190} INFO - [2026-05-02T18:16:24.870+0000] {dag.py:3239} INFO - Sync 1 DAGs
[2026-05-02T18:16:24.881+0000] {logging_mixin.py:190} INFO - [2026-05-02T18:16:24.881+0000] {dag.py:4180} INFO - Setting next_dagrun for example_params_ui_tutorial to None, run_after=None
[2026-05-02T18:16:24.898+0000] {processor.py:208} INFO - Processing /usr/local/python/3.12.1/lib/python3.12/site-packages/airflow/example_dags/example_params_ui_tutorial.py took 0.079 seconds
[2026-05-02T18:17:24.205+0000] {processor.py:186} INFO - Started process (PID=98197) to work on /usr/local/python/3.12.1/lib/python3.12/site-packages/airflow/example_dags/example_params_ui_tutorial.py
[2026-05-02T18:17:24.205+0000] {processor.py:914} INFO - Processing file /usr/local/python/3.12.1/lib/python3.12/site-packages/airflow/example_dags/example_params_ui_tutorial.py for tasks to queue
[2026-05-02T18:17:24.206+0000] {logging_mixin.py:190} INFO - [2026-05-02T18:17:24.206+0000] {dagbag.py:588} INFO - Filling up the DagBag from /usr/local/python/3.12.1/lib/python3.12/site-packages/airflow/example_dags/example_params_ui_tutorial.py
[2026-05-02T18:17:24.214+0000] {processor.py:925} INFO - DAG(s) 'example_params_ui_tutorial' retrieved from /usr/local/python/3.12.1/lib/python3.12/site-packages/airflow/example_dags/example_params_ui_tutorial.py
[2026-05-02T18:17:24.248+0000] {logging_mixin.py:190} INFO - [2026-05-02T18:17:24.248+0000] {dag.py:3239} INFO - Sync 1 DAGs
[2026-05-02T18:17:24.261+0000] {logging_mixin.py:190} INFO - [2026-05-02T18:17:24.261+0000] {dag.py:4180} INFO - Setting next_dagrun for example_params_ui_tutorial to None, run_after=None
[2026-05-02T18:17:24.278+0000] {processor.py:208} INFO - Processing /usr/local/python/3.12.1/lib/python3.12/site-packages/airflow/example_dags/example_params_ui_tutorial.py took 0.080 seconds
[2026-05-02T18:18:27.070+0000] {processor.py:186} INFO - Started process (PID=98950) to work on /usr/local/python/3.12.1/lib/python3.12/site-packages/airflow/example_dags/example_params_ui_tutorial.py
[2026-05-02T18:18:27.071+0000] {processor.py:914} INFO - Processing file /usr/local/python/3.12.1/lib/python3.12/site-packages/airflow/example_dags/example_params_ui_tutorial.py for tasks to queue
[2026-05-02T18:18:27.072+0000] {logging_mixin.py:190} INFO - [2026-05-02T18:18:27.071+0000] {dagbag.py:588} INFO - Filling up the DagBag from /usr/local/python/3.12.1/lib/python3.12/site-packages/airflow/example_dags/example_params_ui_tutorial.py
[2026-05-02T18:18:27.079+0000] {processor.py:925} INFO - DAG(s) 'example_params_ui_tutorial' retrieved from /usr/local/python/3.12.1/lib/python3.12/site-packages/airflow/example_dags/example_params_ui_tutorial.py
[2026-05-02T18:18:27.111+0000] {logging_mixin.py:190} INFO - [2026-05-02T18:18:27.111+0000] {dag.py:3239} INFO - Sync 1 DAGs
[2026-05-02T18:18:27.126+0000] {logging_mixin.py:190} INFO - [2026-05-02T18:18:27.126+0000] {dag.py:4180} INFO - Setting next_dagrun for example_params_ui_tutorial to None, run_after=None
[2026-05-02T18:18:27.148+0000] {processor.py:208} INFO - Processing /usr/local/python/3.12.1/lib/python3.12/site-packages/airflow/example_dags/example_params_ui_tutorial.py took 0.083 seconds
[2026-05-02T18:19:26.915+0000] {processor.py:186} INFO - Started process (PID=99769) to work on /usr/local/python/3.12.1/lib/python3.12/site-packages/airflow/example_dags/example_params_ui_tutorial.py
[2026-05-02T18:19:26.915+0000] {processor.py:914} INFO - Processing file /usr/local/python/3.12.1/lib/python3.12/site-packages/airflow/example_dags/example_params_ui_tutorial.py for tasks to queue
[2026-05-02T18:19:26.916+0000] {logging_mixin.py:190} INFO - [2026-05-02T18:19:26.916+0000] {dagbag.py:588} INFO - Filling up the DagBag from /usr/local/python/3.12.1/lib/python3.12/site-packages/airflow/example_dags/example_params_ui_tutorial.py
[2026-05-02T18:19:26.924+0000] {processor.py:925} INFO - DAG(s) 'example_params_ui_tutorial' retrieved from /usr/local/python/3.12.1/lib/python3.12/site-packages/airflow/example_dags/example_params_ui_tutorial.py
[2026-05-02T18:19:26.963+0000] {logging_mixin.py:190} INFO - [2026-05-02T18:19:26.963+0000] {dag.py:3239} INFO - Sync 1 DAGs
[2026-05-02T18:19:27.091+0000] {logging_mixin.py:190} INFO - [2026-05-02T18:19:27.091+0000] {dag.py:4180} INFO - Setting next_dagrun for example_params_ui_tutorial to None, run_after=None
[2026-05-02T18:19:27.118+0000] {processor.py:208} INFO - Processing /usr/local/python/3.12.1/lib/python3.12/site-packages/airflow/example_dags/example_params_ui_tutorial.py took 0.207 seconds
[2026-05-02T18:20:23.186+0000] {processor.py:186} INFO - Started process (PID=100382) to work on /usr/local/python/3.12.1/lib/python3.12/site-packages/airflow/example_dags/example_params_ui_tutorial.py
[2026-05-02T18:20:23.187+0000] {processor.py:914} INFO - Processing file /usr/local/python/3.12.1/lib/python3.12/site-packages/airflow/example_dags/example_params_ui_tutorial.py for tasks to queue
[2026-05-02T18:20:23.189+0000] {logging_mixin.py:190} INFO - [2026-05-02T18:20:23.188+0000] {dagbag.py:588} INFO - Filling up the DagBag from /usr/local/python/3.12.1/lib/python3.12/site-packages/airflow/example_dags/example_params_ui_tutorial.py
[2026-05-02T18:20:23.203+0000] {processor.py:925} INFO - DAG(s) 'example_params_ui_tutorial' retrieved from /usr/local/python/3.12.1/lib/python3.12/site-packages/airflow/example_dags/example_params_ui_tutorial.py
[2026-05-02T18:20:23.258+0000] {logging_mixin.py:190} INFO - [2026-05-02T18:20:23.258+0000] {dag.py:3239} INFO - Sync 1 DAGs
[2026-05-02T18:20:23.275+0000] {logging_mixin.py:190} INFO - [2026-05-02T18:20:23.275+0000] {dag.py:4180} INFO - Setting next_dagrun for example_params_ui_tutorial to None, run_after=None
[2026-05-02T18:20:23.310+0000] {processor.py:208} INFO - Processing /usr/local/python/3.12.1/lib/python3.12/site-packages/airflow/example_dags/example_params_ui_tutorial.py took 0.135 seconds
[2026-05-02T18:21:22.264+0000] {processor.py:186} INFO - Started process (PID=100989) to work on /usr/local/python/3.12.1/lib/python3.12/site-packages/airflow/example_dags/example_params_ui_tutorial.py
[2026-05-02T18:21:22.265+0000] {processor.py:914} INFO - Processing file /usr/local/python/3.12.1/lib/python3.12/site-packages/airflow/example_dags/example_params_ui_tutorial.py for tasks to queue
[2026-05-02T18:21:22.273+0000] {logging_mixin.py:190} INFO - [2026-05-02T18:21:22.267+0000] {dagbag.py:588} INFO - Filling up the DagBag from /usr/local/python/3.12.1/lib/python3.12/site-packages/airflow/example_dags/example_params_ui_tutorial.py
[2026-05-02T18:21:22.318+0000] {processor.py:925} INFO - DAG(s) 'example_params_ui_tutorial' retrieved from /usr/local/python/3.12.1/lib/python3.12/site-packages/airflow/example_dags/example_params_ui_tutorial.py
[2026-05-02T18:21:22.374+0000] {logging_mixin.py:190} INFO - [2026-05-02T18:21:22.374+0000] {dag.py:3239} INFO - Sync 1 DAGs
[2026-05-02T18:21:22.390+0000] {logging_mixin.py:190} INFO - [2026-05-02T18:21:22.390+0000] {dag.py:4180} INFO - Setting next_dagrun for example_params_ui_tutorial to None, run_after=None
[2026-05-02T18:21:22.416+0000] {processor.py:208} INFO - Processing /usr/local/python/3.12.1/lib/python3.12/site-packages/airflow/example_dags/example_params_ui_tutorial.py took 0.164 seconds
[2026-05-02T18:22:32.374+0000] {processor.py:186} INFO - Started process (PID=101988) to work on /usr/local/python/3.12.1/lib/python3.12/site-packages/airflow/example_dags/example_params_ui_tutorial.py
[2026-05-02T18:22:32.374+0000] {processor.py:914} INFO - Processing file /usr/local/python/3.12.1/lib/python3.12/site-packages/airflow/example_dags/example_params_ui_tutorial.py for tasks to queue
[2026-05-02T18:22:32.375+0000] {logging_mixin.py:190} INFO - [2026-05-02T18:22:32.375+0000] {dagbag.py:588} INFO - Filling up the DagBag from /usr/local/python/3.12.1/lib/python3.12/site-packages/airflow/example_dags/example_params_ui_tutorial.py
[2026-05-02T18:22:32.383+0000] {processor.py:925} INFO - DAG(s) 'example_params_ui_tutorial' retrieved from /usr/local/python/3.12.1/lib/python3.12/site-packages/airflow/example_dags/example_params_ui_tutorial.py
[2026-05-02T18:22:32.431+0000] {logging_mixin.py:190} INFO - [2026-05-02T18:22:32.431+0000] {dag.py:3239} INFO - Sync 1 DAGs
[2026-05-02T18:22:32.442+0000] {logging_mixin.py:190} INFO - [2026-05-02T18:22:32.441+0000] {dag.py:4180} INFO - Setting next_dagrun for example_params_ui_tutorial to None, run_after=None
[2026-05-02T18:22:32.482+0000] {processor.py:208} INFO - Processing /usr/local/python/3.12.1/lib/python3.12/site-packages/airflow/example_dags/example_params_ui_tutorial.py took 0.113 seconds
[2026-05-02T18:23:47.118+0000] {processor.py:186} INFO - Started process (PID=102722) to work on /usr/local/python/3.12.1/lib/python3.12/site-packages/airflow/example_dags/example_params_ui_tutorial.py
[2026-05-02T18:23:47.118+0000] {processor.py:914} INFO - Processing file /usr/local/python/3.12.1/lib/python3.12/site-packages/airflow/example_dags/example_params_ui_tutorial.py for tasks to queue
[2026-05-02T18:23:47.119+0000] {logging_mixin.py:190} INFO - [2026-05-02T18:23:47.119+0000] {dagbag.py:588} INFO - Filling up the DagBag from /usr/local/python/3.12.1/lib/python3.12/site-packages/airflow/example_dags/example_params_ui_tutorial.py
[2026-05-02T18:23:47.127+0000] {processor.py:925} INFO - DAG(s) 'example_params_ui_tutorial' retrieved from /usr/local/python/3.12.1/lib/python3.12/site-packages/airflow/example_dags/example_params_ui_tutorial.py
[2026-05-02T18:23:47.169+0000] {logging_mixin.py:190} INFO - [2026-05-02T18:23:47.168+0000] {dag.py:3239} INFO - Sync 1 DAGs
[2026-05-02T18:23:47.179+0000] {logging_mixin.py:190} INFO - [2026-05-02T18:23:47.179+0000] {dag.py:4180} INFO - Setting next_dagrun for example_params_ui_tutorial to None, run_after=None
[2026-05-02T18:23:47.196+0000] {processor.py:208} INFO - Processing /usr/local/python/3.12.1/lib/python3.12/site-packages/airflow/example_dags/example_params_ui_tutorial.py took 0.083 seconds
[2026-05-02T18:24:44.116+0000] {processor.py:186} INFO - Started process (PID=103294) to work on /usr/local/python/3.12.1/lib/python3.12/site-packages/airflow/example_dags/example_params_ui_tutorial.py
[2026-05-02T18:24:44.117+0000] {processor.py:914} INFO - Processing file /usr/local/python/3.12.1/lib/python3.12/site-packages/airflow/example_dags/example_params_ui_tutorial.py for tasks to queue
[2026-05-02T18:24:44.118+0000] {logging_mixin.py:190} INFO - [2026-05-02T18:24:44.118+0000] {dagbag.py:588} INFO - Filling up the DagBag from /usr/local/python/3.12.1/lib/python3.12/site-packages/airflow/example_dags/example_params_ui_tutorial.py
[2026-05-02T18:24:44.129+0000] {processor.py:925} INFO - DAG(s) 'example_params_ui_tutorial' retrieved from /usr/local/python/3.12.1/lib/python3.12/site-packages/airflow/example_dags/example_params_ui_tutorial.py
[2026-05-02T18:24:44.204+0000] {logging_mixin.py:190} INFO - [2026-05-02T18:24:44.204+0000] {dag.py:3239} INFO - Sync 1 DAGs
[2026-05-02T18:24:44.236+0000] {logging_mixin.py:190} INFO - [2026-05-02T18:24:44.236+0000] {dag.py:4180} INFO - Setting next_dagrun for example_params_ui_tutorial to None, run_after=None
[2026-05-02T18:24:44.292+0000] {processor.py:208} INFO - Processing /usr/local/python/3.12.1/lib/python3.12/site-packages/airflow/example_dags/example_params_ui_tutorial.py took 0.184 seconds
[2026-05-02T18:25:38.235+0000] {processor.py:186} INFO - Started process (PID=104069) to work on /usr/local/python/3.12.1/lib/python3.12/site-packages/airflow/example_dags/example_params_ui_tutorial.py
[2026-05-02T18:25:38.236+0000] {processor.py:914} INFO - Processing file /usr/local/python/3.12.1/lib/python3.12/site-packages/airflow/example_dags/example_params_ui_tutorial.py for tasks to queue
[2026-05-02T18:25:38.238+0000] {logging_mixin.py:190} INFO - [2026-05-02T18:25:38.237+0000] {dagbag.py:588} INFO - Filling up the DagBag from /usr/local/python/3.12.1/lib/python3.12/site-packages/airflow/example_dags/example_params_ui_tutorial.py
[2026-05-02T18:25:38.248+0000] {processor.py:925} INFO - DAG(s) 'example_params_ui_tutorial' retrieved from /usr/local/python/3.12.1/lib/python3.12/site-packages/airflow/example_dags/example_params_ui_tutorial.py
[2026-05-02T18:25:38.283+0000] {logging_mixin.py:190} INFO - [2026-05-02T18:25:38.282+0000] {dag.py:3239} INFO - Sync 1 DAGs
[2026-05-02T18:25:38.293+0000] {logging_mixin.py:190} INFO - [2026-05-02T18:25:38.292+0000] {dag.py:4180} INFO - Setting next_dagrun for example_params_ui_tutorial to None, run_after=None
[2026-05-02T18:25:38.309+0000] {processor.py:208} INFO - Processing /usr/local/python/3.12.1/lib/python3.12/site-packages/airflow/example_dags/example_params_ui_tutorial.py took 0.080 seconds
[2026-05-02T18:26:34.194+0000] {processor.py:186} INFO - Started process (PID=104690) to work on /usr/local/python/3.12.1/lib/python3.12/site-packages/airflow/example_dags/example_params_ui_tutorial.py
[2026-05-02T18:26:34.194+0000] {processor.py:914} INFO - Processing file /usr/local/python/3.12.1/lib/python3.12/site-packages/airflow/example_dags/example_params_ui_tutorial.py for tasks to queue
[2026-05-02T18:26:34.195+0000] {logging_mixin.py:190} INFO - [2026-05-02T18:26:34.195+0000] {dagbag.py:588} INFO - Filling up the DagBag from /usr/local/python/3.12.1/lib/python3.12/site-packages/airflow/example_dags/example_params_ui_tutorial.py
[2026-05-02T18:26:34.202+0000] {processor.py:925} INFO - DAG(s) 'example_params_ui_tutorial' retrieved from /usr/local/python/3.12.1/lib/python3.12/site-packages/airflow/example_dags/example_params_ui_tutorial.py
[2026-05-02T18:26:34.237+0000] {logging_mixin.py:190} INFO - [2026-05-02T18:26:34.236+0000] {dag.py:3239} INFO - Sync 1 DAGs
[2026-05-02T18:26:34.254+0000] {logging_mixin.py:190} INFO - [2026-05-02T18:26:34.254+0000] {dag.py:4180} INFO - Setting next_dagrun for example_params_ui_tutorial to None, run_after=None
[2026-05-02T18:26:34.285+0000] {processor.py:208} INFO - Processing /usr/local/python/3.12.1/lib/python3.12/site-packages/airflow/example_dags/example_params_ui_tutorial.py took 0.096 seconds
[2026-05-02T18:27:35.338+0000] {processor.py:186} INFO - Started process (PID=105372) to work on /usr/local/python/3.12.1/lib/python3.12/site-packages/airflow/example_dags/example_params_ui_tutorial.py
[2026-05-02T18:27:35.339+0000] {processor.py:914} INFO - Processing file /usr/local/python/3.12.1/lib/python3.12/site-packages/airflow/example_dags/example_params_ui_tutorial.py for tasks to queue
[2026-05-02T18:27:35.340+0000] {logging_mixin.py:190} INFO - [2026-05-02T18:27:35.339+0000] {dagbag.py:588} INFO - Filling up the DagBag from /usr/local/python/3.12.1/lib/python3.12/site-packages/airflow/example_dags/example_params_ui_tutorial.py
[2026-05-02T18:27:35.350+0000] {processor.py:925} INFO - DAG(s) 'example_params_ui_tutorial' retrieved from /usr/local/python/3.12.1/lib/python3.12/site-packages/airflow/example_dags/example_params_ui_tutorial.py
[2026-05-02T18:27:35.392+0000] {logging_mixin.py:190} INFO - [2026-05-02T18:27:35.392+0000] {dag.py:3239} INFO - Sync 1 DAGs
[2026-05-02T18:27:35.402+0000] {logging_mixin.py:190} INFO - [2026-05-02T18:27:35.402+0000] {dag.py:4180} INFO - Setting next_dagrun for example_params_ui_tutorial to None, run_after=None
[2026-05-02T18:27:35.419+0000] {processor.py:208} INFO - Processing /usr/local/python/3.12.1/lib/python3.12/site-packages/airflow/example_dags/example_params_ui_tutorial.py took 0.085 seconds
[2026-05-02T18:28:39.972+0000] {processor.py:186} INFO - Started process (PID=106446) to work on /usr/local/python/3.12.1/lib/python3.12/site-packages/airflow/example_dags/example_params_ui_tutorial.py
[2026-05-02T18:28:39.972+0000] {processor.py:914} INFO - Processing file /usr/local/python/3.12.1/lib/python3.12/site-packages/airflow/example_dags/example_params_ui_tutorial.py for tasks to queue
[2026-05-02T18:28:39.973+0000] {logging_mixin.py:190} INFO - [2026-05-02T18:28:39.973+0000] {dagbag.py:588} INFO - Filling up the DagBag from /usr/local/python/3.12.1/lib/python3.12/site-packages/airflow/example_dags/example_params_ui_tutorial.py
[2026-05-02T18:28:39.981+0000] {processor.py:925} INFO - DAG(s) 'example_params_ui_tutorial' retrieved from /usr/local/python/3.12.1/lib/python3.12/site-packages/airflow/example_dags/example_params_ui_tutorial.py
[2026-05-02T18:28:40.020+0000] {logging_mixin.py:190} INFO - [2026-05-02T18:28:40.019+0000] {dag.py:3239} INFO - Sync 1 DAGs
[2026-05-02T18:28:40.030+0000] {logging_mixin.py:190} INFO - [2026-05-02T18:28:40.030+0000] {dag.py:4180} INFO - Setting next_dagrun for example_params_ui_tutorial to None, run_after=None
[2026-05-02T18:28:40.086+0000] {processor.py:208} INFO - Processing /usr/local/python/3.12.1/lib/python3.12/site-packages/airflow/example_dags/example_params_ui_tutorial.py took 0.119 seconds
[2026-05-02T18:29:37.834+0000] {processor.py:186} INFO - Started process (PID=107040) to work on /usr/local/python/3.12.1/lib/python3.12/site-packages/airflow/example_dags/example_params_ui_tutorial.py
[2026-05-02T18:29:37.835+0000] {processor.py:914} INFO - Processing file /usr/local/python/3.12.1/lib/python3.12/site-packages/airflow/example_dags/example_params_ui_tutorial.py for tasks to queue
[2026-05-02T18:29:37.836+0000] {logging_mixin.py:190} INFO - [2026-05-02T18:29:37.835+0000] {dagbag.py:588} INFO - Filling up the DagBag from /usr/local/python/3.12.1/lib/python3.12/site-packages/airflow/example_dags/example_params_ui_tutorial.py
[2026-05-02T18:29:37.846+0000] {processor.py:925} INFO - DAG(s) 'example_params_ui_tutorial' retrieved from /usr/local/python/3.12.1/lib/python3.12/site-packages/airflow/example_dags/example_params_ui_tutorial.py
[2026-05-02T18:29:37.882+0000] {logging_mixin.py:190} INFO - [2026-05-02T18:29:37.882+0000] {dag.py:3239} INFO - Sync 1 DAGs
[2026-05-02T18:29:37.893+0000] {logging_mixin.py:190} INFO - [2026-05-02T18:29:37.892+0000] {dag.py:4180} INFO - Setting next_dagrun for example_params_ui_tutorial to None, run_after=None
[2026-05-02T18:29:37.910+0000] {processor.py:208} INFO - Processing /usr/local/python/3.12.1/lib/python3.12/site-packages/airflow/example_dags/example_params_ui_tutorial.py took 0.080 seconds
[2026-05-02T18:30:30.996+0000] {processor.py:186} INFO - Started process (PID=107505) to work on /usr/local/python/3.12.1/lib/python3.12/site-packages/airflow/example_dags/example_params_ui_tutorial.py
[2026-05-02T18:30:30.997+0000] {processor.py:914} INFO - Processing file /usr/local/python/3.12.1/lib/python3.12/site-packages/airflow/example_dags/example_params_ui_tutorial.py for tasks to queue
[2026-05-02T18:30:30.998+0000] {logging_mixin.py:190} INFO - [2026-05-02T18:30:30.998+0000] {dagbag.py:588} INFO - Filling up the DagBag from /usr/local/python/3.12.1/lib/python3.12/site-packages/airflow/example_dags/example_params_ui_tutorial.py
[2026-05-02T18:30:31.011+0000] {processor.py:925} INFO - DAG(s) 'example_params_ui_tutorial' retrieved from /usr/local/python/3.12.1/lib/python3.12/site-packages/airflow/example_dags/example_params_ui_tutorial.py
[2026-05-02T18:30:31.111+0000] {logging_mixin.py:190} INFO - [2026-05-02T18:30:31.109+0000] {dag.py:3239} INFO - Sync 1 DAGs
[2026-05-02T18:30:31.129+0000] {logging_mixin.py:190} INFO - [2026-05-02T18:30:31.129+0000] {dag.py:4180} INFO - Setting next_dagrun for example_params_ui_tutorial to None, run_after=None
[2026-05-02T18:30:31.185+0000] {processor.py:208} INFO - Processing /usr/local/python/3.12.1/lib/python3.12/site-packages/airflow/example_dags/example_params_ui_tutorial.py took 0.201 seconds
[2026-05-02T18:31:27.315+0000] {processor.py:186} INFO - Started process (PID=107940) to work on /usr/local/python/3.12.1/lib/python3.12/site-packages/airflow/example_dags/example_params_ui_tutorial.py
[2026-05-02T18:31:27.316+0000] {processor.py:914} INFO - Processing file /usr/local/python/3.12.1/lib/python3.12/site-packages/airflow/example_dags/example_params_ui_tutorial.py for tasks to queue
[2026-05-02T18:31:27.317+0000] {logging_mixin.py:190} INFO - [2026-05-02T18:31:27.317+0000] {dagbag.py:588} INFO - Filling up the DagBag from /usr/local/python/3.12.1/lib/python3.12/site-packages/airflow/example_dags/example_params_ui_tutorial.py
[2026-05-02T18:31:27.325+0000] {processor.py:925} INFO - DAG(s) 'example_params_ui_tutorial' retrieved from /usr/local/python/3.12.1/lib/python3.12/site-packages/airflow/example_dags/example_params_ui_tutorial.py
[2026-05-02T18:31:27.365+0000] {logging_mixin.py:190} INFO - [2026-05-02T18:31:27.365+0000] {dag.py:3239} INFO - Sync 1 DAGs
[2026-05-02T18:31:27.376+0000] {logging_mixin.py:190} INFO - [2026-05-02T18:31:27.375+0000] {dag.py:4180} INFO - Setting next_dagrun for example_params_ui_tutorial to None, run_after=None
[2026-05-02T18:31:27.393+0000] {processor.py:208} INFO - Processing /usr/local/python/3.12.1/lib/python3.12/site-packages/airflow/example_dags/example_params_ui_tutorial.py took 0.082 seconds
[2026-05-02T18:32:22.986+0000] {processor.py:186} INFO - Started process (PID=108454) to work on /usr/local/python/3.12.1/lib/python3.12/site-packages/airflow/example_dags/example_params_ui_tutorial.py
[2026-05-02T18:32:22.987+0000] {processor.py:914} INFO - Processing file /usr/local/python/3.12.1/lib/python3.12/site-packages/airflow/example_dags/example_params_ui_tutorial.py for tasks to queue
[2026-05-02T18:32:22.988+0000] {logging_mixin.py:190} INFO - [2026-05-02T18:32:22.988+0000] {dagbag.py:588} INFO - Filling up the DagBag from /usr/local/python/3.12.1/lib/python3.12/site-packages/airflow/example_dags/example_params_ui_tutorial.py
[2026-05-02T18:32:22.997+0000] {processor.py:925} INFO - DAG(s) 'example_params_ui_tutorial' retrieved from /usr/local/python/3.12.1/lib/python3.12/site-packages/airflow/example_dags/example_params_ui_tutorial.py
[2026-05-02T18:32:23.029+0000] {logging_mixin.py:190} INFO - [2026-05-02T18:32:23.029+0000] {dag.py:3239} INFO - Sync 1 DAGs
[2026-05-02T18:32:23.039+0000] {logging_mixin.py:190} INFO - [2026-05-02T18:32:23.039+0000] {dag.py:4180} INFO - Setting next_dagrun for example_params_ui_tutorial to None, run_after=None
[2026-05-02T18:32:23.060+0000] {processor.py:208} INFO - Processing /usr/local/python/3.12.1/lib/python3.12/site-packages/airflow/example_dags/example_params_ui_tutorial.py took 0.078 seconds
[2026-05-02T18:33:23.986+0000] {processor.py:186} INFO - Started process (PID=109262) to work on /usr/local/python/3.12.1/lib/python3.12/site-packages/airflow/example_dags/example_params_ui_tutorial.py
[2026-05-02T18:33:23.987+0000] {processor.py:914} INFO - Processing file /usr/local/python/3.12.1/lib/python3.12/site-packages/airflow/example_dags/example_params_ui_tutorial.py for tasks to queue
[2026-05-02T18:33:23.988+0000] {logging_mixin.py:190} INFO - [2026-05-02T18:33:23.987+0000] {dagbag.py:588} INFO - Filling up the DagBag from /usr/local/python/3.12.1/lib/python3.12/site-packages/airflow/example_dags/example_params_ui_tutorial.py
[2026-05-02T18:33:23.996+0000] {processor.py:925} INFO - DAG(s) 'example_params_ui_tutorial' retrieved from /usr/local/python/3.12.1/lib/python3.12/site-packages/airflow/example_dags/example_params_ui_tutorial.py
[2026-05-02T18:33:24.027+0000] {logging_mixin.py:190} INFO - [2026-05-02T18:33:24.027+0000] {dag.py:3239} INFO - Sync 1 DAGs
[2026-05-02T18:33:24.037+0000] {logging_mixin.py:190} INFO - [2026-05-02T18:33:24.037+0000] {dag.py:4180} INFO - Setting next_dagrun for example_params_ui_tutorial to None, run_after=None
[2026-05-02T18:33:24.056+0000] {processor.py:208} INFO - Processing /usr/local/python/3.12.1/lib/python3.12/site-packages/airflow/example_dags/example_params_ui_tutorial.py took 0.074 seconds
[2026-05-02T18:34:26.086+0000] {processor.py:186} INFO - Started process (PID=110020) to work on /usr/local/python/3.12.1/lib/python3.12/site-packages/airflow/example_dags/example_params_ui_tutorial.py
[2026-05-02T18:34:26.087+0000] {processor.py:914} INFO - Processing file /usr/local/python/3.12.1/lib/python3.12/site-packages/airflow/example_dags/example_params_ui_tutorial.py for tasks to queue
[2026-05-02T18:34:26.088+0000] {logging_mixin.py:190} INFO - [2026-05-02T18:34:26.087+0000] {dagbag.py:588} INFO - Filling up the DagBag from /usr/local/python/3.12.1/lib/python3.12/site-packages/airflow/example_dags/example_params_ui_tutorial.py
[2026-05-02T18:34:26.095+0000] {processor.py:925} INFO - DAG(s) 'example_params_ui_tutorial' retrieved from /usr/local/python/3.12.1/lib/python3.12/site-packages/airflow/example_dags/example_params_ui_tutorial.py
[2026-05-02T18:34:26.133+0000] {logging_mixin.py:190} INFO - [2026-05-02T18:34:26.133+0000] {dag.py:3239} INFO - Sync 1 DAGs
[2026-05-02T18:34:26.146+0000] {logging_mixin.py:190} INFO - [2026-05-02T18:34:26.146+0000] {dag.py:4180} INFO - Setting next_dagrun for example_params_ui_tutorial to None, run_after=None
[2026-05-02T18:34:26.165+0000] {processor.py:208} INFO - Processing /usr/local/python/3.12.1/lib/python3.12/site-packages/airflow/example_dags/example_params_ui_tutorial.py took 0.083 seconds
[2026-05-02T18:35:33.019+0000] {processor.py:186} INFO - Started process (PID=110946) to work on /usr/local/python/3.12.1/lib/python3.12/site-packages/airflow/example_dags/example_params_ui_tutorial.py
[2026-05-02T18:35:33.020+0000] {processor.py:914} INFO - Processing file /usr/local/python/3.12.1/lib/python3.12/site-packages/airflow/example_dags/example_params_ui_tutorial.py for tasks to queue
[2026-05-02T18:35:33.021+0000] {logging_mixin.py:190} INFO - [2026-05-02T18:35:33.020+0000] {dagbag.py:588} INFO - Filling up the DagBag from /usr/local/python/3.12.1/lib/python3.12/site-packages/airflow/example_dags/example_params_ui_tutorial.py
[2026-05-02T18:35:33.029+0000] {processor.py:925} INFO - DAG(s) 'example_params_ui_tutorial' retrieved from /usr/local/python/3.12.1/lib/python3.12/site-packages/airflow/example_dags/example_params_ui_tutorial.py
[2026-05-02T18:35:33.067+0000] {logging_mixin.py:190} INFO - [2026-05-02T18:35:33.067+0000] {dag.py:3239} INFO - Sync 1 DAGs
[2026-05-02T18:35:33.078+0000] {logging_mixin.py:190} INFO - [2026-05-02T18:35:33.077+0000] {dag.py:4180} INFO - Setting next_dagrun for example_params_ui_tutorial to None, run_after=None
[2026-05-02T18:35:33.094+0000] {processor.py:208} INFO - Processing /usr/local/python/3.12.1/lib/python3.12/site-packages/airflow/example_dags/example_params_ui_tutorial.py took 0.080 seconds
[2026-05-02T18:36:24.917+0000] {processor.py:186} INFO - Started process (PID=111349) to work on /usr/local/python/3.12.1/lib/python3.12/site-packages/airflow/example_dags/example_params_ui_tutorial.py
[2026-05-02T18:36:24.919+0000] {processor.py:914} INFO - Processing file /usr/local/python/3.12.1/lib/python3.12/site-packages/airflow/example_dags/example_params_ui_tutorial.py for tasks to queue
[2026-05-02T18:36:24.921+0000] {logging_mixin.py:190} INFO - [2026-05-02T18:36:24.921+0000] {dagbag.py:588} INFO - Filling up the DagBag from /usr/local/python/3.12.1/lib/python3.12/site-packages/airflow/example_dags/example_params_ui_tutorial.py
[2026-05-02T18:36:24.950+0000] {processor.py:925} INFO - DAG(s) 'example_params_ui_tutorial' retrieved from /usr/local/python/3.12.1/lib/python3.12/site-packages/airflow/example_dags/example_params_ui_tutorial.py
[2026-05-02T18:36:25.111+0000] {logging_mixin.py:190} INFO - [2026-05-02T18:36:25.110+0000] {dag.py:3239} INFO - Sync 1 DAGs
[2026-05-02T18:36:25.128+0000] {logging_mixin.py:190} INFO - [2026-05-02T18:36:25.128+0000] {dag.py:4180} INFO - Setting next_dagrun for example_params_ui_tutorial to None, run_after=None
[2026-05-02T18:36:25.170+0000] {processor.py:208} INFO - Processing /usr/local/python/3.12.1/lib/python3.12/site-packages/airflow/example_dags/example_params_ui_tutorial.py took 0.272 seconds
[2026-05-02T18:37:16.105+0000] {processor.py:186} INFO - Started process (PID=111858) to work on /usr/local/python/3.12.1/lib/python3.12/site-packages/airflow/example_dags/example_params_ui_tutorial.py
[2026-05-02T18:37:16.106+0000] {processor.py:914} INFO - Processing file /usr/local/python/3.12.1/lib/python3.12/site-packages/airflow/example_dags/example_params_ui_tutorial.py for tasks to queue
[2026-05-02T18:37:16.107+0000] {logging_mixin.py:190} INFO - [2026-05-02T18:37:16.107+0000] {dagbag.py:588} INFO - Filling up the DagBag from /usr/local/python/3.12.1/lib/python3.12/site-packages/airflow/example_dags/example_params_ui_tutorial.py
[2026-05-02T18:37:16.118+0000] {processor.py:925} INFO - DAG(s) 'example_params_ui_tutorial' retrieved from /usr/local/python/3.12.1/lib/python3.12/site-packages/airflow/example_dags/example_params_ui_tutorial.py
[2026-05-02T18:37:16.194+0000] {logging_mixin.py:190} INFO - [2026-05-02T18:37:16.193+0000] {dag.py:3239} INFO - Sync 1 DAGs
[2026-05-02T18:37:16.208+0000] {logging_mixin.py:190} INFO - [2026-05-02T18:37:16.208+0000] {dag.py:4180} INFO - Setting next_dagrun for example_params_ui_tutorial to None, run_after=None
[2026-05-02T18:37:16.227+0000] {processor.py:208} INFO - Processing /usr/local/python/3.12.1/lib/python3.12/site-packages/airflow/example_dags/example_params_ui_tutorial.py took 0.129 seconds
[2026-05-02T18:38:10.490+0000] {processor.py:186} INFO - Started process (PID=112733) to work on /usr/local/python/3.12.1/lib/python3.12/site-packages/airflow/example_dags/example_params_ui_tutorial.py
[2026-05-02T18:38:10.491+0000] {processor.py:914} INFO - Processing file /usr/local/python/3.12.1/lib/python3.12/site-packages/airflow/example_dags/example_params_ui_tutorial.py for tasks to queue
[2026-05-02T18:38:10.494+0000] {logging_mixin.py:190} INFO - [2026-05-02T18:38:10.492+0000] {dagbag.py:588} INFO - Filling up the DagBag from /usr/local/python/3.12.1/lib/python3.12/site-packages/airflow/example_dags/example_params_ui_tutorial.py
[2026-05-02T18:38:10.523+0000] {processor.py:925} INFO - DAG(s) 'example_params_ui_tutorial' retrieved from /usr/local/python/3.12.1/lib/python3.12/site-packages/airflow/example_dags/example_params_ui_tutorial.py
[2026-05-02T18:38:10.625+0000] {logging_mixin.py:190} INFO - [2026-05-02T18:38:10.624+0000] {dag.py:3239} INFO - Sync 1 DAGs
[2026-05-02T18:38:10.639+0000] {logging_mixin.py:190} INFO - [2026-05-02T18:38:10.639+0000] {dag.py:4180} INFO - Setting next_dagrun for example_params_ui_tutorial to None, run_after=None
[2026-05-02T18:38:10.665+0000] {processor.py:208} INFO - Processing /usr/local/python/3.12.1/lib/python3.12/site-packages/airflow/example_dags/example_params_ui_tutorial.py took 0.189 seconds
[2026-05-02T18:39:07.355+0000] {processor.py:186} INFO - Started process (PID=113350) to work on /usr/local/python/3.12.1/lib/python3.12/site-packages/airflow/example_dags/example_params_ui_tutorial.py
[2026-05-02T18:39:07.356+0000] {processor.py:914} INFO - Processing file /usr/local/python/3.12.1/lib/python3.12/site-packages/airflow/example_dags/example_params_ui_tutorial.py for tasks to queue
[2026-05-02T18:39:07.357+0000] {logging_mixin.py:190} INFO - [2026-05-02T18:39:07.357+0000] {dagbag.py:588} INFO - Filling up the DagBag from /usr/local/python/3.12.1/lib/python3.12/site-packages/airflow/example_dags/example_params_ui_tutorial.py
[2026-05-02T18:39:07.366+0000] {processor.py:925} INFO - DAG(s) 'example_params_ui_tutorial' retrieved from /usr/local/python/3.12.1/lib/python3.12/site-packages/airflow/example_dags/example_params_ui_tutorial.py
[2026-05-02T18:39:07.398+0000] {logging_mixin.py:190} INFO - [2026-05-02T18:39:07.398+0000] {dag.py:3239} INFO - Sync 1 DAGs
[2026-05-02T18:39:07.412+0000] {logging_mixin.py:190} INFO - [2026-05-02T18:39:07.411+0000] {dag.py:4180} INFO - Setting next_dagrun for example_params_ui_tutorial to None, run_after=None
[2026-05-02T18:39:07.433+0000] {processor.py:208} INFO - Processing /usr/local/python/3.12.1/lib/python3.12/site-packages/airflow/example_dags/example_params_ui_tutorial.py took 0.084 seconds
[2026-05-02T18:39:57.913+0000] {processor.py:186} INFO - Started process (PID=113804) to work on /usr/local/python/3.12.1/lib/python3.12/site-packages/airflow/example_dags/example_params_ui_tutorial.py
[2026-05-02T18:39:57.914+0000] {processor.py:914} INFO - Processing file /usr/local/python/3.12.1/lib/python3.12/site-packages/airflow/example_dags/example_params_ui_tutorial.py for tasks to queue
[2026-05-02T18:39:57.915+0000] {logging_mixin.py:190} INFO - [2026-05-02T18:39:57.914+0000] {dagbag.py:588} INFO - Filling up the DagBag from /usr/local/python/3.12.1/lib/python3.12/site-packages/airflow/example_dags/example_params_ui_tutorial.py
[2026-05-02T18:39:57.923+0000] {processor.py:925} INFO - DAG(s) 'example_params_ui_tutorial' retrieved from /usr/local/python/3.12.1/lib/python3.12/site-packages/airflow/example_dags/example_params_ui_tutorial.py
[2026-05-02T18:39:57.963+0000] {logging_mixin.py:190} INFO - [2026-05-02T18:39:57.963+0000] {dag.py:3239} INFO - Sync 1 DAGs
[2026-05-02T18:39:57.974+0000] {logging_mixin.py:190} INFO - [2026-05-02T18:39:57.974+0000] {dag.py:4180} INFO - Setting next_dagrun for example_params_ui_tutorial to None, run_after=None
[2026-05-02T18:39:57.991+0000] {processor.py:208} INFO - Processing /usr/local/python/3.12.1/lib/python3.12/site-packages/airflow/example_dags/example_params_ui_tutorial.py took 0.083 seconds
[2026-05-02T18:40:47.474+0000] {processor.py:186} INFO - Started process (PID=114251) to work on /usr/local/python/3.12.1/lib/python3.12/site-packages/airflow/example_dags/example_params_ui_tutorial.py
[2026-05-02T18:40:47.475+0000] {processor.py:914} INFO - Processing file /usr/local/python/3.12.1/lib/python3.12/site-packages/airflow/example_dags/example_params_ui_tutorial.py for tasks to queue
[2026-05-02T18:40:47.476+0000] {logging_mixin.py:190} INFO - [2026-05-02T18:40:47.476+0000] {dagbag.py:588} INFO - Filling up the DagBag from /usr/local/python/3.12.1/lib/python3.12/site-packages/airflow/example_dags/example_params_ui_tutorial.py
[2026-05-02T18:40:47.483+0000] {processor.py:925} INFO - DAG(s) 'example_params_ui_tutorial' retrieved from /usr/local/python/3.12.1/lib/python3.12/site-packages/airflow/example_dags/example_params_ui_tutorial.py
[2026-05-02T18:40:47.514+0000] {logging_mixin.py:190} INFO - [2026-05-02T18:40:47.514+0000] {dag.py:3239} INFO - Sync 1 DAGs
[2026-05-02T18:40:47.524+0000] {logging_mixin.py:190} INFO - [2026-05-02T18:40:47.524+0000] {dag.py:4180} INFO - Setting next_dagrun for example_params_ui_tutorial to None, run_after=None
[2026-05-02T18:40:47.541+0000] {processor.py:208} INFO - Processing /usr/local/python/3.12.1/lib/python3.12/site-packages/airflow/example_dags/example_params_ui_tutorial.py took 0.071 seconds
[2026-05-02T18:41:38.281+0000] {processor.py:186} INFO - Started process (PID=114702) to work on /usr/local/python/3.12.1/lib/python3.12/site-packages/airflow/example_dags/example_params_ui_tutorial.py
[2026-05-02T18:41:38.282+0000] {processor.py:914} INFO - Processing file /usr/local/python/3.12.1/lib/python3.12/site-packages/airflow/example_dags/example_params_ui_tutorial.py for tasks to queue
[2026-05-02T18:41:38.283+0000] {logging_mixin.py:190} INFO - [2026-05-02T18:41:38.282+0000] {dagbag.py:588} INFO - Filling up the DagBag from /usr/local/python/3.12.1/lib/python3.12/site-packages/airflow/example_dags/example_params_ui_tutorial.py
[2026-05-02T18:41:38.291+0000] {processor.py:925} INFO - DAG(s) 'example_params_ui_tutorial' retrieved from /usr/local/python/3.12.1/lib/python3.12/site-packages/airflow/example_dags/example_params_ui_tutorial.py
[2026-05-02T18:41:38.323+0000] {logging_mixin.py:190} INFO - [2026-05-02T18:41:38.323+0000] {dag.py:3239} INFO - Sync 1 DAGs
[2026-05-02T18:41:38.333+0000] {logging_mixin.py:190} INFO - [2026-05-02T18:41:38.333+0000] {dag.py:4180} INFO - Setting next_dagrun for example_params_ui_tutorial to None, run_after=None
[2026-05-02T18:41:38.351+0000] {processor.py:208} INFO - Processing /usr/local/python/3.12.1/lib/python3.12/site-packages/airflow/example_dags/example_params_ui_tutorial.py took 0.075 seconds
[2026-05-02T18:42:32.562+0000] {processor.py:186} INFO - Started process (PID=115176) to work on /usr/local/python/3.12.1/lib/python3.12/site-packages/airflow/example_dags/example_params_ui_tutorial.py
[2026-05-02T18:42:32.562+0000] {processor.py:914} INFO - Processing file /usr/local/python/3.12.1/lib/python3.12/site-packages/airflow/example_dags/example_params_ui_tutorial.py for tasks to queue
[2026-05-02T18:42:32.564+0000] {logging_mixin.py:190} INFO - [2026-05-02T18:42:32.563+0000] {dagbag.py:588} INFO - Filling up the DagBag from /usr/local/python/3.12.1/lib/python3.12/site-packages/airflow/example_dags/example_params_ui_tutorial.py
[2026-05-02T18:42:32.575+0000] {processor.py:925} INFO - DAG(s) 'example_params_ui_tutorial' retrieved from /usr/local/python/3.12.1/lib/python3.12/site-packages/airflow/example_dags/example_params_ui_tutorial.py
[2026-05-02T18:42:32.631+0000] {logging_mixin.py:190} INFO - [2026-05-02T18:42:32.631+0000] {dag.py:3239} INFO - Sync 1 DAGs
[2026-05-02T18:42:32.643+0000] {logging_mixin.py:190} INFO - [2026-05-02T18:42:32.643+0000] {dag.py:4180} INFO - Setting next_dagrun for example_params_ui_tutorial to None, run_after=None
[2026-05-02T18:42:32.665+0000] {processor.py:208} INFO - Processing /usr/local/python/3.12.1/lib/python3.12/site-packages/airflow/example_dags/example_params_ui_tutorial.py took 0.109 seconds
[2026-05-02T18:43:20.607+0000] {processor.py:186} INFO - Started process (PID=115615) to work on /usr/local/python/3.12.1/lib/python3.12/site-packages/airflow/example_dags/example_params_ui_tutorial.py
[2026-05-02T18:43:20.608+0000] {processor.py:914} INFO - Processing file /usr/local/python/3.12.1/lib/python3.12/site-packages/airflow/example_dags/example_params_ui_tutorial.py for tasks to queue
[2026-05-02T18:43:20.609+0000] {logging_mixin.py:190} INFO - [2026-05-02T18:43:20.609+0000] {dagbag.py:588} INFO - Filling up the DagBag from /usr/local/python/3.12.1/lib/python3.12/site-packages/airflow/example_dags/example_params_ui_tutorial.py
[2026-05-02T18:43:20.616+0000] {processor.py:925} INFO - DAG(s) 'example_params_ui_tutorial' retrieved from /usr/local/python/3.12.1/lib/python3.12/site-packages/airflow/example_dags/example_params_ui_tutorial.py
[2026-05-02T18:43:20.674+0000] {logging_mixin.py:190} INFO - [2026-05-02T18:43:20.674+0000] {dag.py:3239} INFO - Sync 1 DAGs
[2026-05-02T18:43:20.686+0000] {logging_mixin.py:190} INFO - [2026-05-02T18:43:20.686+0000] {dag.py:4180} INFO - Setting next_dagrun for example_params_ui_tutorial to None, run_after=None
[2026-05-02T18:43:20.703+0000] {processor.py:208} INFO - Processing /usr/local/python/3.12.1/lib/python3.12/site-packages/airflow/example_dags/example_params_ui_tutorial.py took 0.100 seconds
[2026-05-02T18:44:13.329+0000] {processor.py:186} INFO - Started process (PID=116073) to work on /usr/local/python/3.12.1/lib/python3.12/site-packages/airflow/example_dags/example_params_ui_tutorial.py
[2026-05-02T18:44:13.330+0000] {processor.py:914} INFO - Processing file /usr/local/python/3.12.1/lib/python3.12/site-packages/airflow/example_dags/example_params_ui_tutorial.py for tasks to queue
[2026-05-02T18:44:13.331+0000] {logging_mixin.py:190} INFO - [2026-05-02T18:44:13.331+0000] {dagbag.py:588} INFO - Filling up the DagBag from /usr/local/python/3.12.1/lib/python3.12/site-packages/airflow/example_dags/example_params_ui_tutorial.py
[2026-05-02T18:44:13.339+0000] {processor.py:925} INFO - DAG(s) 'example_params_ui_tutorial' retrieved from /usr/local/python/3.12.1/lib/python3.12/site-packages/airflow/example_dags/example_params_ui_tutorial.py
[2026-05-02T18:44:13.376+0000] {logging_mixin.py:190} INFO - [2026-05-02T18:44:13.376+0000] {dag.py:3239} INFO - Sync 1 DAGs
[2026-05-02T18:44:13.387+0000] {logging_mixin.py:190} INFO - [2026-05-02T18:44:13.387+0000] {dag.py:4180} INFO - Setting next_dagrun for example_params_ui_tutorial to None, run_after=None
[2026-05-02T18:44:13.405+0000] {processor.py:208} INFO - Processing /usr/local/python/3.12.1/lib/python3.12/site-packages/airflow/example_dags/example_params_ui_tutorial.py took 0.080 seconds
[2026-05-02T18:45:06.804+0000] {processor.py:186} INFO - Started process (PID=116540) to work on /usr/local/python/3.12.1/lib/python3.12/site-packages/airflow/example_dags/example_params_ui_tutorial.py
[2026-05-02T18:45:06.805+0000] {processor.py:914} INFO - Processing file /usr/local/python/3.12.1/lib/python3.12/site-packages/airflow/example_dags/example_params_ui_tutorial.py for tasks to queue
[2026-05-02T18:45:06.806+0000] {logging_mixin.py:190} INFO - [2026-05-02T18:45:06.806+0000] {dagbag.py:588} INFO - Filling up the DagBag from /usr/local/python/3.12.1/lib/python3.12/site-packages/airflow/example_dags/example_params_ui_tutorial.py
[2026-05-02T18:45:06.813+0000] {processor.py:925} INFO - DAG(s) 'example_params_ui_tutorial' retrieved from /usr/local/python/3.12.1/lib/python3.12/site-packages/airflow/example_dags/example_params_ui_tutorial.py
[2026-05-02T18:45:06.847+0000] {logging_mixin.py:190} INFO - [2026-05-02T18:45:06.847+0000] {dag.py:3239} INFO - Sync 1 DAGs
[2026-05-02T18:45:06.861+0000] {logging_mixin.py:190} INFO - [2026-05-02T18:45:06.860+0000] {dag.py:4180} INFO - Setting next_dagrun for example_params_ui_tutorial to None, run_after=None
[2026-05-02T18:45:06.878+0000] {processor.py:208} INFO - Processing /usr/local/python/3.12.1/lib/python3.12/site-packages/airflow/example_dags/example_params_ui_tutorial.py took 0.078 seconds
[2026-05-02T18:46:00.404+0000] {processor.py:186} INFO - Started process (PID=117024) to work on /usr/local/python/3.12.1/lib/python3.12/site-packages/airflow/example_dags/example_params_ui_tutorial.py
[2026-05-02T18:46:00.406+0000] {processor.py:914} INFO - Processing file /usr/local/python/3.12.1/lib/python3.12/site-packages/airflow/example_dags/example_params_ui_tutorial.py for tasks to queue
[2026-05-02T18:46:00.407+0000] {logging_mixin.py:190} INFO - [2026-05-02T18:46:00.406+0000] {dagbag.py:588} INFO - Filling up the DagBag from /usr/local/python/3.12.1/lib/python3.12/site-packages/airflow/example_dags/example_params_ui_tutorial.py
[2026-05-02T18:46:00.417+0000] {processor.py:925} INFO - DAG(s) 'example_params_ui_tutorial' retrieved from /usr/local/python/3.12.1/lib/python3.12/site-packages/airflow/example_dags/example_params_ui_tutorial.py
[2026-05-02T18:46:00.477+0000] {logging_mixin.py:190} INFO - [2026-05-02T18:46:00.477+0000] {dag.py:3239} INFO - Sync 1 DAGs
[2026-05-02T18:46:00.487+0000] {logging_mixin.py:190} INFO - [2026-05-02T18:46:00.487+0000] {dag.py:4180} INFO - Setting next_dagrun for example_params_ui_tutorial to None, run_after=None
[2026-05-02T18:46:00.504+0000] {processor.py:208} INFO - Processing /usr/local/python/3.12.1/lib/python3.12/site-packages/airflow/example_dags/example_params_ui_tutorial.py took 0.107 seconds
[2026-05-02T18:46:54.062+0000] {processor.py:186} INFO - Started process (PID=117487) to work on /usr/local/python/3.12.1/lib/python3.12/site-packages/airflow/example_dags/example_params_ui_tutorial.py
[2026-05-02T18:46:54.063+0000] {processor.py:914} INFO - Processing file /usr/local/python/3.12.1/lib/python3.12/site-packages/airflow/example_dags/example_params_ui_tutorial.py for tasks to queue
[2026-05-02T18:46:54.064+0000] {logging_mixin.py:190} INFO - [2026-05-02T18:46:54.064+0000] {dagbag.py:588} INFO - Filling up the DagBag from /usr/local/python/3.12.1/lib/python3.12/site-packages/airflow/example_dags/example_params_ui_tutorial.py
[2026-05-02T18:46:54.071+0000] {processor.py:925} INFO - DAG(s) 'example_params_ui_tutorial' retrieved from /usr/local/python/3.12.1/lib/python3.12/site-packages/airflow/example_dags/example_params_ui_tutorial.py
[2026-05-02T18:46:54.103+0000] {logging_mixin.py:190} INFO - [2026-05-02T18:46:54.103+0000] {dag.py:3239} INFO - Sync 1 DAGs
[2026-05-02T18:46:54.113+0000] {logging_mixin.py:190} INFO - [2026-05-02T18:46:54.113+0000] {dag.py:4180} INFO - Setting next_dagrun for example_params_ui_tutorial to None, run_after=None
[2026-05-02T18:46:54.131+0000] {processor.py:208} INFO - Processing /usr/local/python/3.12.1/lib/python3.12/site-packages/airflow/example_dags/example_params_ui_tutorial.py took 0.074 seconds
[2026-05-02T18:47:42.302+0000] {processor.py:186} INFO - Started process (PID=117982) to work on /usr/local/python/3.12.1/lib/python3.12/site-packages/airflow/example_dags/example_params_ui_tutorial.py
[2026-05-02T18:47:42.303+0000] {processor.py:914} INFO - Processing file /usr/local/python/3.12.1/lib/python3.12/site-packages/airflow/example_dags/example_params_ui_tutorial.py for tasks to queue
[2026-05-02T18:47:42.304+0000] {logging_mixin.py:190} INFO - [2026-05-02T18:47:42.303+0000] {dagbag.py:588} INFO - Filling up the DagBag from /usr/local/python/3.12.1/lib/python3.12/site-packages/airflow/example_dags/example_params_ui_tutorial.py
[2026-05-02T18:47:42.311+0000] {processor.py:925} INFO - DAG(s) 'example_params_ui_tutorial' retrieved from /usr/local/python/3.12.1/lib/python3.12/site-packages/airflow/example_dags/example_params_ui_tutorial.py
[2026-05-02T18:47:42.343+0000] {logging_mixin.py:190} INFO - [2026-05-02T18:47:42.343+0000] {dag.py:3239} INFO - Sync 1 DAGs
[2026-05-02T18:47:42.358+0000] {logging_mixin.py:190} INFO - [2026-05-02T18:47:42.358+0000] {dag.py:4180} INFO - Setting next_dagrun for example_params_ui_tutorial to None, run_after=None
[2026-05-02T18:47:42.377+0000] {processor.py:208} INFO - Processing /usr/local/python/3.12.1/lib/python3.12/site-packages/airflow/example_dags/example_params_ui_tutorial.py took 0.079 seconds
[2026-05-02T18:48:33.769+0000] {processor.py:186} INFO - Started process (PID=118436) to work on /usr/local/python/3.12.1/lib/python3.12/site-packages/airflow/example_dags/example_params_ui_tutorial.py
[2026-05-02T18:48:33.770+0000] {processor.py:914} INFO - Processing file /usr/local/python/3.12.1/lib/python3.12/site-packages/airflow/example_dags/example_params_ui_tutorial.py for tasks to queue
[2026-05-02T18:48:33.771+0000] {logging_mixin.py:190} INFO - [2026-05-02T18:48:33.770+0000] {dagbag.py:588} INFO - Filling up the DagBag from /usr/local/python/3.12.1/lib/python3.12/site-packages/airflow/example_dags/example_params_ui_tutorial.py
[2026-05-02T18:48:33.778+0000] {processor.py:925} INFO - DAG(s) 'example_params_ui_tutorial' retrieved from /usr/local/python/3.12.1/lib/python3.12/site-packages/airflow/example_dags/example_params_ui_tutorial.py
[2026-05-02T18:48:33.811+0000] {logging_mixin.py:190} INFO - [2026-05-02T18:48:33.810+0000] {dag.py:3239} INFO - Sync 1 DAGs
[2026-05-02T18:48:33.821+0000] {logging_mixin.py:190} INFO - [2026-05-02T18:48:33.821+0000] {dag.py:4180} INFO - Setting next_dagrun for example_params_ui_tutorial to None, run_after=None
[2026-05-02T18:48:33.838+0000] {processor.py:208} INFO - Processing /usr/local/python/3.12.1/lib/python3.12/site-packages/airflow/example_dags/example_params_ui_tutorial.py took 0.073 seconds
[2026-05-02T18:49:25.303+0000] {processor.py:186} INFO - Started process (PID=118835) to work on /usr/local/python/3.12.1/lib/python3.12/site-packages/airflow/example_dags/example_params_ui_tutorial.py
[2026-05-02T18:49:25.304+0000] {processor.py:914} INFO - Processing file /usr/local/python/3.12.1/lib/python3.12/site-packages/airflow/example_dags/example_params_ui_tutorial.py for tasks to queue
[2026-05-02T18:49:25.305+0000] {logging_mixin.py:190} INFO - [2026-05-02T18:49:25.305+0000] {dagbag.py:588} INFO - Filling up the DagBag from /usr/local/python/3.12.1/lib/python3.12/site-packages/airflow/example_dags/example_params_ui_tutorial.py
[2026-05-02T18:49:25.312+0000] {processor.py:925} INFO - DAG(s) 'example_params_ui_tutorial' retrieved from /usr/local/python/3.12.1/lib/python3.12/site-packages/airflow/example_dags/example_params_ui_tutorial.py
[2026-05-02T18:49:25.347+0000] {logging_mixin.py:190} INFO - [2026-05-02T18:49:25.347+0000] {dag.py:3239} INFO - Sync 1 DAGs
[2026-05-02T18:49:25.361+0000] {logging_mixin.py:190} INFO - [2026-05-02T18:49:25.361+0000] {dag.py:4180} INFO - Setting next_dagrun for example_params_ui_tutorial to None, run_after=None
[2026-05-02T18:49:25.380+0000] {processor.py:208} INFO - Processing /usr/local/python/3.12.1/lib/python3.12/site-packages/airflow/example_dags/example_params_ui_tutorial.py took 0.082 seconds
[2026-05-02T18:50:16.906+0000] {processor.py:186} INFO - Started process (PID=119286) to work on /usr/local/python/3.12.1/lib/python3.12/site-packages/airflow/example_dags/example_params_ui_tutorial.py
[2026-05-02T18:50:16.906+0000] {processor.py:914} INFO - Processing file /usr/local/python/3.12.1/lib/python3.12/site-packages/airflow/example_dags/example_params_ui_tutorial.py for tasks to queue
[2026-05-02T18:50:16.907+0000] {logging_mixin.py:190} INFO - [2026-05-02T18:50:16.907+0000] {dagbag.py:588} INFO - Filling up the DagBag from /usr/local/python/3.12.1/lib/python3.12/site-packages/airflow/example_dags/example_params_ui_tutorial.py
[2026-05-02T18:50:16.915+0000] {processor.py:925} INFO - DAG(s) 'example_params_ui_tutorial' retrieved from /usr/local/python/3.12.1/lib/python3.12/site-packages/airflow/example_dags/example_params_ui_tutorial.py
[2026-05-02T18:50:16.952+0000] {logging_mixin.py:190} INFO - [2026-05-02T18:50:16.951+0000] {dag.py:3239} INFO - Sync 1 DAGs
[2026-05-02T18:50:16.964+0000] {logging_mixin.py:190} INFO - [2026-05-02T18:50:16.964+0000] {dag.py:4180} INFO - Setting next_dagrun for example_params_ui_tutorial to None, run_after=None
[2026-05-02T18:50:16.982+0000] {processor.py:208} INFO - Processing /usr/local/python/3.12.1/lib/python3.12/site-packages/airflow/example_dags/example_params_ui_tutorial.py took 0.080 seconds
[2026-05-02T18:51:06.264+0000] {processor.py:186} INFO - Started process (PID=119733) to work on /usr/local/python/3.12.1/lib/python3.12/site-packages/airflow/example_dags/example_params_ui_tutorial.py
[2026-05-02T18:51:06.264+0000] {processor.py:914} INFO - Processing file /usr/local/python/3.12.1/lib/python3.12/site-packages/airflow/example_dags/example_params_ui_tutorial.py for tasks to queue
[2026-05-02T18:51:06.265+0000] {logging_mixin.py:190} INFO - [2026-05-02T18:51:06.265+0000] {dagbag.py:588} INFO - Filling up the DagBag from /usr/local/python/3.12.1/lib/python3.12/site-packages/airflow/example_dags/example_params_ui_tutorial.py
[2026-05-02T18:51:06.273+0000] {processor.py:925} INFO - DAG(s) 'example_params_ui_tutorial' retrieved from /usr/local/python/3.12.1/lib/python3.12/site-packages/airflow/example_dags/example_params_ui_tutorial.py
[2026-05-02T18:51:06.308+0000] {logging_mixin.py:190} INFO - [2026-05-02T18:51:06.308+0000] {dag.py:3239} INFO - Sync 1 DAGs
[2026-05-02T18:51:06.318+0000] {logging_mixin.py:190} INFO - [2026-05-02T18:51:06.318+0000] {dag.py:4180} INFO - Setting next_dagrun for example_params_ui_tutorial to None, run_after=None
[2026-05-02T18:51:06.335+0000] {processor.py:208} INFO - Processing /usr/local/python/3.12.1/lib/python3.12/site-packages/airflow/example_dags/example_params_ui_tutorial.py took 0.076 seconds
[2026-05-02T18:51:58.976+0000] {processor.py:186} INFO - Started process (PID=120196) to work on /usr/local/python/3.12.1/lib/python3.12/site-packages/airflow/example_dags/example_params_ui_tutorial.py
[2026-05-02T18:51:58.978+0000] {processor.py:914} INFO - Processing file /usr/local/python/3.12.1/lib/python3.12/site-packages/airflow/example_dags/example_params_ui_tutorial.py for tasks to queue
[2026-05-02T18:51:58.980+0000] {logging_mixin.py:190} INFO - [2026-05-02T18:51:58.979+0000] {dagbag.py:588} INFO - Filling up the DagBag from /usr/local/python/3.12.1/lib/python3.12/site-packages/airflow/example_dags/example_params_ui_tutorial.py
[2026-05-02T18:51:58.987+0000] {processor.py:925} INFO - DAG(s) 'example_params_ui_tutorial' retrieved from /usr/local/python/3.12.1/lib/python3.12/site-packages/airflow/example_dags/example_params_ui_tutorial.py
[2026-05-02T18:51:59.020+0000] {logging_mixin.py:190} INFO - [2026-05-02T18:51:59.020+0000] {dag.py:3239} INFO - Sync 1 DAGs
[2026-05-02T18:51:59.031+0000] {logging_mixin.py:190} INFO - [2026-05-02T18:51:59.031+0000] {dag.py:4180} INFO - Setting next_dagrun for example_params_ui_tutorial to None, run_after=None
[2026-05-02T18:51:59.051+0000] {processor.py:208} INFO - Processing /usr/local/python/3.12.1/lib/python3.12/site-packages/airflow/example_dags/example_params_ui_tutorial.py took 0.089 seconds
[2026-05-02T18:52:49.836+0000] {processor.py:186} INFO - Started process (PID=120709) to work on /usr/local/python/3.12.1/lib/python3.12/site-packages/airflow/example_dags/example_params_ui_tutorial.py
[2026-05-02T18:52:49.837+0000] {processor.py:914} INFO - Processing file /usr/local/python/3.12.1/lib/python3.12/site-packages/airflow/example_dags/example_params_ui_tutorial.py for tasks to queue
[2026-05-02T18:52:49.838+0000] {logging_mixin.py:190} INFO - [2026-05-02T18:52:49.837+0000] {dagbag.py:588} INFO - Filling up the DagBag from /usr/local/python/3.12.1/lib/python3.12/site-packages/airflow/example_dags/example_params_ui_tutorial.py
[2026-05-02T18:52:49.847+0000] {processor.py:925} INFO - DAG(s) 'example_params_ui_tutorial' retrieved from /usr/local/python/3.12.1/lib/python3.12/site-packages/airflow/example_dags/example_params_ui_tutorial.py
[2026-05-02T18:52:49.881+0000] {logging_mixin.py:190} INFO - [2026-05-02T18:52:49.881+0000] {dag.py:3239} INFO - Sync 1 DAGs
[2026-05-02T18:52:49.892+0000] {logging_mixin.py:190} INFO - [2026-05-02T18:52:49.891+0000] {dag.py:4180} INFO - Setting next_dagrun for example_params_ui_tutorial to None, run_after=None
[2026-05-02T18:52:49.908+0000] {processor.py:208} INFO - Processing /usr/local/python/3.12.1/lib/python3.12/site-packages/airflow/example_dags/example_params_ui_tutorial.py took 0.077 seconds
[2026-05-02T18:53:38.707+0000] {processor.py:186} INFO - Started process (PID=121150) to work on /usr/local/python/3.12.1/lib/python3.12/site-packages/airflow/example_dags/example_params_ui_tutorial.py
[2026-05-02T18:53:38.708+0000] {processor.py:914} INFO - Processing file /usr/local/python/3.12.1/lib/python3.12/site-packages/airflow/example_dags/example_params_ui_tutorial.py for tasks to queue
[2026-05-02T18:53:38.709+0000] {logging_mixin.py:190} INFO - [2026-05-02T18:53:38.708+0000] {dagbag.py:588} INFO - Filling up the DagBag from /usr/local/python/3.12.1/lib/python3.12/site-packages/airflow/example_dags/example_params_ui_tutorial.py
[2026-05-02T18:53:38.716+0000] {processor.py:925} INFO - DAG(s) 'example_params_ui_tutorial' retrieved from /usr/local/python/3.12.1/lib/python3.12/site-packages/airflow/example_dags/example_params_ui_tutorial.py
[2026-05-02T18:53:38.752+0000] {logging_mixin.py:190} INFO - [2026-05-02T18:53:38.752+0000] {dag.py:3239} INFO - Sync 1 DAGs
[2026-05-02T18:53:38.765+0000] {logging_mixin.py:190} INFO - [2026-05-02T18:53:38.764+0000] {dag.py:4180} INFO - Setting next_dagrun for example_params_ui_tutorial to None, run_after=None
[2026-05-02T18:53:38.781+0000] {processor.py:208} INFO - Processing /usr/local/python/3.12.1/lib/python3.12/site-packages/airflow/example_dags/example_params_ui_tutorial.py took 0.079 seconds
[2026-05-02T18:54:32.238+0000] {processor.py:186} INFO - Started process (PID=121622) to work on /usr/local/python/3.12.1/lib/python3.12/site-packages/airflow/example_dags/example_params_ui_tutorial.py
[2026-05-02T18:54:32.239+0000] {processor.py:914} INFO - Processing file /usr/local/python/3.12.1/lib/python3.12/site-packages/airflow/example_dags/example_params_ui_tutorial.py for tasks to queue
[2026-05-02T18:54:32.240+0000] {logging_mixin.py:190} INFO - [2026-05-02T18:54:32.239+0000] {dagbag.py:588} INFO - Filling up the DagBag from /usr/local/python/3.12.1/lib/python3.12/site-packages/airflow/example_dags/example_params_ui_tutorial.py
[2026-05-02T18:54:32.249+0000] {processor.py:925} INFO - DAG(s) 'example_params_ui_tutorial' retrieved from /usr/local/python/3.12.1/lib/python3.12/site-packages/airflow/example_dags/example_params_ui_tutorial.py
[2026-05-02T18:54:32.284+0000] {logging_mixin.py:190} INFO - [2026-05-02T18:54:32.284+0000] {dag.py:3239} INFO - Sync 1 DAGs
[2026-05-02T18:54:32.294+0000] {logging_mixin.py:190} INFO - [2026-05-02T18:54:32.294+0000] {dag.py:4180} INFO - Setting next_dagrun for example_params_ui_tutorial to None, run_after=None
[2026-05-02T18:54:32.311+0000] {processor.py:208} INFO - Processing /usr/local/python/3.12.1/lib/python3.12/site-packages/airflow/example_dags/example_params_ui_tutorial.py took 0.078 seconds
[2026-05-02T18:55:22.722+0000] {processor.py:186} INFO - Started process (PID=122013) to work on /usr/local/python/3.12.1/lib/python3.12/site-packages/airflow/example_dags/example_params_ui_tutorial.py
[2026-05-02T18:55:22.723+0000] {processor.py:914} INFO - Processing file /usr/local/python/3.12.1/lib/python3.12/site-packages/airflow/example_dags/example_params_ui_tutorial.py for tasks to queue
[2026-05-02T18:55:22.724+0000] {logging_mixin.py:190} INFO - [2026-05-02T18:55:22.723+0000] {dagbag.py:588} INFO - Filling up the DagBag from /usr/local/python/3.12.1/lib/python3.12/site-packages/airflow/example_dags/example_params_ui_tutorial.py
[2026-05-02T18:55:22.731+0000] {processor.py:925} INFO - DAG(s) 'example_params_ui_tutorial' retrieved from /usr/local/python/3.12.1/lib/python3.12/site-packages/airflow/example_dags/example_params_ui_tutorial.py
[2026-05-02T18:55:22.770+0000] {logging_mixin.py:190} INFO - [2026-05-02T18:55:22.770+0000] {dag.py:3239} INFO - Sync 1 DAGs
[2026-05-02T18:55:22.781+0000] {logging_mixin.py:190} INFO - [2026-05-02T18:55:22.780+0000] {dag.py:4180} INFO - Setting next_dagrun for example_params_ui_tutorial to None, run_after=None
[2026-05-02T18:55:22.798+0000] {processor.py:208} INFO - Processing /usr/local/python/3.12.1/lib/python3.12/site-packages/airflow/example_dags/example_params_ui_tutorial.py took 0.082 seconds
[2026-05-02T18:56:13.013+0000] {processor.py:186} INFO - Started process (PID=122460) to work on /usr/local/python/3.12.1/lib/python3.12/site-packages/airflow/example_dags/example_params_ui_tutorial.py
[2026-05-02T18:56:13.014+0000] {processor.py:914} INFO - Processing file /usr/local/python/3.12.1/lib/python3.12/site-packages/airflow/example_dags/example_params_ui_tutorial.py for tasks to queue
[2026-05-02T18:56:13.015+0000] {logging_mixin.py:190} INFO - [2026-05-02T18:56:13.014+0000] {dagbag.py:588} INFO - Filling up the DagBag from /usr/local/python/3.12.1/lib/python3.12/site-packages/airflow/example_dags/example_params_ui_tutorial.py
[2026-05-02T18:56:13.024+0000] {processor.py:925} INFO - DAG(s) 'example_params_ui_tutorial' retrieved from /usr/local/python/3.12.1/lib/python3.12/site-packages/airflow/example_dags/example_params_ui_tutorial.py
[2026-05-02T18:56:13.087+0000] {logging_mixin.py:190} INFO - [2026-05-02T18:56:13.087+0000] {dag.py:3239} INFO - Sync 1 DAGs
[2026-05-02T18:56:13.097+0000] {logging_mixin.py:190} INFO - [2026-05-02T18:56:13.097+0000] {dag.py:4180} INFO - Setting next_dagrun for example_params_ui_tutorial to None, run_after=None
[2026-05-02T18:56:13.117+0000] {processor.py:208} INFO - Processing /usr/local/python/3.12.1/lib/python3.12/site-packages/airflow/example_dags/example_params_ui_tutorial.py took 0.111 seconds
[2026-05-02T18:57:04.467+0000] {processor.py:186} INFO - Started process (PID=122920) to work on /usr/local/python/3.12.1/lib/python3.12/site-packages/airflow/example_dags/example_params_ui_tutorial.py
[2026-05-02T18:57:04.468+0000] {processor.py:914} INFO - Processing file /usr/local/python/3.12.1/lib/python3.12/site-packages/airflow/example_dags/example_params_ui_tutorial.py for tasks to queue
[2026-05-02T18:57:04.469+0000] {logging_mixin.py:190} INFO - [2026-05-02T18:57:04.469+0000] {dagbag.py:588} INFO - Filling up the DagBag from /usr/local/python/3.12.1/lib/python3.12/site-packages/airflow/example_dags/example_params_ui_tutorial.py
[2026-05-02T18:57:04.477+0000] {processor.py:925} INFO - DAG(s) 'example_params_ui_tutorial' retrieved from /usr/local/python/3.12.1/lib/python3.12/site-packages/airflow/example_dags/example_params_ui_tutorial.py
[2026-05-02T18:57:04.509+0000] {logging_mixin.py:190} INFO - [2026-05-02T18:57:04.509+0000] {dag.py:3239} INFO - Sync 1 DAGs
[2026-05-02T18:57:04.520+0000] {logging_mixin.py:190} INFO - [2026-05-02T18:57:04.519+0000] {dag.py:4180} INFO - Setting next_dagrun for example_params_ui_tutorial to None, run_after=None
[2026-05-02T18:57:04.536+0000] {processor.py:208} INFO - Processing /usr/local/python/3.12.1/lib/python3.12/site-packages/airflow/example_dags/example_params_ui_tutorial.py took 0.074 seconds
[2026-05-02T18:57:57.063+0000] {processor.py:186} INFO - Started process (PID=123439) to work on /usr/local/python/3.12.1/lib/python3.12/site-packages/airflow/example_dags/example_params_ui_tutorial.py
[2026-05-02T18:57:57.063+0000] {processor.py:914} INFO - Processing file /usr/local/python/3.12.1/lib/python3.12/site-packages/airflow/example_dags/example_params_ui_tutorial.py for tasks to queue
[2026-05-02T18:57:57.064+0000] {logging_mixin.py:190} INFO - [2026-05-02T18:57:57.064+0000] {dagbag.py:588} INFO - Filling up the DagBag from /usr/local/python/3.12.1/lib/python3.12/site-packages/airflow/example_dags/example_params_ui_tutorial.py
[2026-05-02T18:57:57.072+0000] {processor.py:925} INFO - DAG(s) 'example_params_ui_tutorial' retrieved from /usr/local/python/3.12.1/lib/python3.12/site-packages/airflow/example_dags/example_params_ui_tutorial.py
[2026-05-02T18:57:57.104+0000] {logging_mixin.py:190} INFO - [2026-05-02T18:57:57.104+0000] {dag.py:3239} INFO - Sync 1 DAGs
[2026-05-02T18:57:57.115+0000] {logging_mixin.py:190} INFO - [2026-05-02T18:57:57.115+0000] {dag.py:4180} INFO - Setting next_dagrun for example_params_ui_tutorial to None, run_after=None
[2026-05-02T18:57:57.132+0000] {processor.py:208} INFO - Processing /usr/local/python/3.12.1/lib/python3.12/site-packages/airflow/example_dags/example_params_ui_tutorial.py took 0.074 seconds
[2026-05-02T18:58:48.670+0000] {processor.py:186} INFO - Started process (PID=123896) to work on /usr/local/python/3.12.1/lib/python3.12/site-packages/airflow/example_dags/example_params_ui_tutorial.py
[2026-05-02T18:58:48.671+0000] {processor.py:914} INFO - Processing file /usr/local/python/3.12.1/lib/python3.12/site-packages/airflow/example_dags/example_params_ui_tutorial.py for tasks to queue
[2026-05-02T18:58:48.672+0000] {logging_mixin.py:190} INFO - [2026-05-02T18:58:48.671+0000] {dagbag.py:588} INFO - Filling up the DagBag from /usr/local/python/3.12.1/lib/python3.12/site-packages/airflow/example_dags/example_params_ui_tutorial.py
[2026-05-02T18:58:48.679+0000] {processor.py:925} INFO - DAG(s) 'example_params_ui_tutorial' retrieved from /usr/local/python/3.12.1/lib/python3.12/site-packages/airflow/example_dags/example_params_ui_tutorial.py
[2026-05-02T18:58:48.711+0000] {logging_mixin.py:190} INFO - [2026-05-02T18:58:48.711+0000] {dag.py:3239} INFO - Sync 1 DAGs
[2026-05-02T18:58:48.721+0000] {logging_mixin.py:190} INFO - [2026-05-02T18:58:48.721+0000] {dag.py:4180} INFO - Setting next_dagrun for example_params_ui_tutorial to None, run_after=None
[2026-05-02T18:58:48.740+0000] {processor.py:208} INFO - Processing /usr/local/python/3.12.1/lib/python3.12/site-packages/airflow/example_dags/example_params_ui_tutorial.py took 0.075 seconds
[2026-05-02T18:59:37.113+0000] {processor.py:186} INFO - Started process (PID=124336) to work on /usr/local/python/3.12.1/lib/python3.12/site-packages/airflow/example_dags/example_params_ui_tutorial.py
[2026-05-02T18:59:37.114+0000] {processor.py:914} INFO - Processing file /usr/local/python/3.12.1/lib/python3.12/site-packages/airflow/example_dags/example_params_ui_tutorial.py for tasks to queue
[2026-05-02T18:59:37.115+0000] {logging_mixin.py:190} INFO - [2026-05-02T18:59:37.115+0000] {dagbag.py:588} INFO - Filling up the DagBag from /usr/local/python/3.12.1/lib/python3.12/site-packages/airflow/example_dags/example_params_ui_tutorial.py
[2026-05-02T18:59:37.123+0000] {processor.py:925} INFO - DAG(s) 'example_params_ui_tutorial' retrieved from /usr/local/python/3.12.1/lib/python3.12/site-packages/airflow/example_dags/example_params_ui_tutorial.py
[2026-05-02T18:59:37.163+0000] {logging_mixin.py:190} INFO - [2026-05-02T18:59:37.163+0000] {dag.py:3239} INFO - Sync 1 DAGs
[2026-05-02T18:59:37.176+0000] {logging_mixin.py:190} INFO - [2026-05-02T18:59:37.176+0000] {dag.py:4180} INFO - Setting next_dagrun for example_params_ui_tutorial to None, run_after=None
[2026-05-02T18:59:37.196+0000] {processor.py:208} INFO - Processing /usr/local/python/3.12.1/lib/python3.12/site-packages/airflow/example_dags/example_params_ui_tutorial.py took 0.090 seconds
[2026-05-02T19:00:30.185+0000] {processor.py:186} INFO - Started process (PID=124738) to work on /usr/local/python/3.12.1/lib/python3.12/site-packages/airflow/example_dags/example_params_ui_tutorial.py
[2026-05-02T19:00:30.186+0000] {processor.py:914} INFO - Processing file /usr/local/python/3.12.1/lib/python3.12/site-packages/airflow/example_dags/example_params_ui_tutorial.py for tasks to queue
[2026-05-02T19:00:30.187+0000] {logging_mixin.py:190} INFO - [2026-05-02T19:00:30.186+0000] {dagbag.py:588} INFO - Filling up the DagBag from /usr/local/python/3.12.1/lib/python3.12/site-packages/airflow/example_dags/example_params_ui_tutorial.py
[2026-05-02T19:00:30.194+0000] {processor.py:925} INFO - DAG(s) 'example_params_ui_tutorial' retrieved from /usr/local/python/3.12.1/lib/python3.12/site-packages/airflow/example_dags/example_params_ui_tutorial.py
[2026-05-02T19:00:30.231+0000] {logging_mixin.py:190} INFO - [2026-05-02T19:00:30.231+0000] {dag.py:3239} INFO - Sync 1 DAGs
[2026-05-02T19:00:30.243+0000] {logging_mixin.py:190} INFO - [2026-05-02T19:00:30.243+0000] {dag.py:4180} INFO - Setting next_dagrun for example_params_ui_tutorial to None, run_after=None
[2026-05-02T19:00:30.263+0000] {processor.py:208} INFO - Processing /usr/local/python/3.12.1/lib/python3.12/site-packages/airflow/example_dags/example_params_ui_tutorial.py took 0.082 seconds
[2026-05-02T19:01:24.567+0000] {processor.py:186} INFO - Started process (PID=125202) to work on /usr/local/python/3.12.1/lib/python3.12/site-packages/airflow/example_dags/example_params_ui_tutorial.py
[2026-05-02T19:01:24.568+0000] {processor.py:914} INFO - Processing file /usr/local/python/3.12.1/lib/python3.12/site-packages/airflow/example_dags/example_params_ui_tutorial.py for tasks to queue
[2026-05-02T19:01:24.569+0000] {logging_mixin.py:190} INFO - [2026-05-02T19:01:24.568+0000] {dagbag.py:588} INFO - Filling up the DagBag from /usr/local/python/3.12.1/lib/python3.12/site-packages/airflow/example_dags/example_params_ui_tutorial.py
[2026-05-02T19:01:24.576+0000] {processor.py:925} INFO - DAG(s) 'example_params_ui_tutorial' retrieved from /usr/local/python/3.12.1/lib/python3.12/site-packages/airflow/example_dags/example_params_ui_tutorial.py
[2026-05-02T19:01:24.634+0000] {logging_mixin.py:190} INFO - [2026-05-02T19:01:24.633+0000] {dag.py:3239} INFO - Sync 1 DAGs
[2026-05-02T19:01:24.664+0000] {logging_mixin.py:190} INFO - [2026-05-02T19:01:24.664+0000] {dag.py:4180} INFO - Setting next_dagrun for example_params_ui_tutorial to None, run_after=None
[2026-05-02T19:01:24.701+0000] {processor.py:208} INFO - Processing /usr/local/python/3.12.1/lib/python3.12/site-packages/airflow/example_dags/example_params_ui_tutorial.py took 0.139 seconds
[2026-05-02T19:02:15.296+0000] {processor.py:186} INFO - Started process (PID=125670) to work on /usr/local/python/3.12.1/lib/python3.12/site-packages/airflow/example_dags/example_params_ui_tutorial.py
[2026-05-02T19:02:15.296+0000] {processor.py:914} INFO - Processing file /usr/local/python/3.12.1/lib/python3.12/site-packages/airflow/example_dags/example_params_ui_tutorial.py for tasks to queue
[2026-05-02T19:02:15.297+0000] {logging_mixin.py:190} INFO - [2026-05-02T19:02:15.297+0000] {dagbag.py:588} INFO - Filling up the DagBag from /usr/local/python/3.12.1/lib/python3.12/site-packages/airflow/example_dags/example_params_ui_tutorial.py
[2026-05-02T19:02:15.305+0000] {processor.py:925} INFO - DAG(s) 'example_params_ui_tutorial' retrieved from /usr/local/python/3.12.1/lib/python3.12/site-packages/airflow/example_dags/example_params_ui_tutorial.py
[2026-05-02T19:02:15.336+0000] {logging_mixin.py:190} INFO - [2026-05-02T19:02:15.336+0000] {dag.py:3239} INFO - Sync 1 DAGs
[2026-05-02T19:02:15.353+0000] {logging_mixin.py:190} INFO - [2026-05-02T19:02:15.353+0000] {dag.py:4180} INFO - Setting next_dagrun for example_params_ui_tutorial to None, run_after=None
[2026-05-02T19:02:15.377+0000] {processor.py:208} INFO - Processing /usr/local/python/3.12.1/lib/python3.12/site-packages/airflow/example_dags/example_params_ui_tutorial.py took 0.086 seconds
[2026-05-02T19:03:03.389+0000] {processor.py:186} INFO - Started process (PID=126171) to work on /usr/local/python/3.12.1/lib/python3.12/site-packages/airflow/example_dags/example_params_ui_tutorial.py
[2026-05-02T19:03:03.390+0000] {processor.py:914} INFO - Processing file /usr/local/python/3.12.1/lib/python3.12/site-packages/airflow/example_dags/example_params_ui_tutorial.py for tasks to queue
[2026-05-02T19:03:03.391+0000] {logging_mixin.py:190} INFO - [2026-05-02T19:03:03.391+0000] {dagbag.py:588} INFO - Filling up the DagBag from /usr/local/python/3.12.1/lib/python3.12/site-packages/airflow/example_dags/example_params_ui_tutorial.py
[2026-05-02T19:03:03.399+0000] {processor.py:925} INFO - DAG(s) 'example_params_ui_tutorial' retrieved from /usr/local/python/3.12.1/lib/python3.12/site-packages/airflow/example_dags/example_params_ui_tutorial.py
[2026-05-02T19:03:03.441+0000] {logging_mixin.py:190} INFO - [2026-05-02T19:03:03.441+0000] {dag.py:3239} INFO - Sync 1 DAGs
[2026-05-02T19:03:03.456+0000] {logging_mixin.py:190} INFO - [2026-05-02T19:03:03.456+0000] {dag.py:4180} INFO - Setting next_dagrun for example_params_ui_tutorial to None, run_after=None
[2026-05-02T19:03:03.475+0000] {processor.py:208} INFO - Processing /usr/local/python/3.12.1/lib/python3.12/site-packages/airflow/example_dags/example_params_ui_tutorial.py took 0.090 seconds
[2026-05-02T19:03:55.418+0000] {processor.py:186} INFO - Started process (PID=126636) to work on /usr/local/python/3.12.1/lib/python3.12/site-packages/airflow/example_dags/example_params_ui_tutorial.py
[2026-05-02T19:03:55.419+0000] {processor.py:914} INFO - Processing file /usr/local/python/3.12.1/lib/python3.12/site-packages/airflow/example_dags/example_params_ui_tutorial.py for tasks to queue
[2026-05-02T19:03:55.420+0000] {logging_mixin.py:190} INFO - [2026-05-02T19:03:55.419+0000] {dagbag.py:588} INFO - Filling up the DagBag from /usr/local/python/3.12.1/lib/python3.12/site-packages/airflow/example_dags/example_params_ui_tutorial.py
[2026-05-02T19:03:55.429+0000] {processor.py:925} INFO - DAG(s) 'example_params_ui_tutorial' retrieved from /usr/local/python/3.12.1/lib/python3.12/site-packages/airflow/example_dags/example_params_ui_tutorial.py
[2026-05-02T19:03:55.468+0000] {logging_mixin.py:190} INFO - [2026-05-02T19:03:55.468+0000] {dag.py:3239} INFO - Sync 1 DAGs
[2026-05-02T19:03:55.478+0000] {logging_mixin.py:190} INFO - [2026-05-02T19:03:55.478+0000] {dag.py:4180} INFO - Setting next_dagrun for example_params_ui_tutorial to None, run_after=None
[2026-05-02T19:03:55.496+0000] {processor.py:208} INFO - Processing /usr/local/python/3.12.1/lib/python3.12/site-packages/airflow/example_dags/example_params_ui_tutorial.py took 0.083 seconds
