[2026-05-02T16:28:14.074+0000] {processor.py:186} INFO - Started process (PID=17926) to work on /usr/local/python/3.12.1/lib/python3.12/site-packages/airflow/example_dags/example_dynamic_task_mapping_with_no_taskflow_operators.py
[2026-05-02T16:28:14.075+0000] {processor.py:914} INFO - Processing file /usr/local/python/3.12.1/lib/python3.12/site-packages/airflow/example_dags/example_dynamic_task_mapping_with_no_taskflow_operators.py for tasks to queue
[2026-05-02T16:28:14.076+0000] {logging_mixin.py:190} INFO - [2026-05-02T16:28:14.076+0000] {dagbag.py:588} INFO - Filling up the DagBag from /usr/local/python/3.12.1/lib/python3.12/site-packages/airflow/example_dags/example_dynamic_task_mapping_with_no_taskflow_operators.py
[2026-05-02T16:28:14.082+0000] {processor.py:925} INFO - DAG(s) 'example_dynamic_task_mapping_with_no_taskflow_operators' retrieved from /usr/local/python/3.12.1/lib/python3.12/site-packages/airflow/example_dags/example_dynamic_task_mapping_with_no_taskflow_operators.py
[2026-05-02T16:28:14.171+0000] {logging_mixin.py:190} INFO - [2026-05-02T16:28:14.170+0000] {override.py:1900} INFO - Created Permission View: can delete on DAG:example_dynamic_task_mapping_with_no_taskflow_operators
[2026-05-02T16:28:14.181+0000] {logging_mixin.py:190} INFO - [2026-05-02T16:28:14.181+0000] {override.py:1900} INFO - Created Permission View: can edit on DAG:example_dynamic_task_mapping_with_no_taskflow_operators
[2026-05-02T16:28:14.188+0000] {logging_mixin.py:190} INFO - [2026-05-02T16:28:14.188+0000] {override.py:1900} INFO - Created Permission View: can read on DAG:example_dynamic_task_mapping_with_no_taskflow_operators
[2026-05-02T16:28:14.200+0000] {logging_mixin.py:190} INFO - [2026-05-02T16:28:14.200+0000] {override.py:1900} INFO - Created Permission View: can delete on DAG Run:example_dynamic_task_mapping_with_no_taskflow_operators
[2026-05-02T16:28:14.207+0000] {logging_mixin.py:190} INFO - [2026-05-02T16:28:14.207+0000] {override.py:1900} INFO - Created Permission View: can create on DAG Run:example_dynamic_task_mapping_with_no_taskflow_operators
[2026-05-02T16:28:14.214+0000] {logging_mixin.py:190} INFO - [2026-05-02T16:28:14.214+0000] {override.py:1900} INFO - Created Permission View: menu access on DAG Run:example_dynamic_task_mapping_with_no_taskflow_operators
[2026-05-02T16:28:14.221+0000] {logging_mixin.py:190} INFO - [2026-05-02T16:28:14.221+0000] {override.py:1900} INFO - Created Permission View: can read on DAG Run:example_dynamic_task_mapping_with_no_taskflow_operators
[2026-05-02T16:28:14.221+0000] {logging_mixin.py:190} INFO - [2026-05-02T16:28:14.221+0000] {dag.py:3239} INFO - Sync 1 DAGs
[2026-05-02T16:28:14.230+0000] {logging_mixin.py:190} INFO - [2026-05-02T16:28:14.230+0000] {dag.py:3262} INFO - Creating ORM DAG for example_dynamic_task_mapping_with_no_taskflow_operators
[2026-05-02T16:28:14.230+0000] {logging_mixin.py:190} INFO - [2026-05-02T16:28:14.230+0000] {dag.py:4180} INFO - Setting next_dagrun for example_dynamic_task_mapping_with_no_taskflow_operators to None, run_after=None
[2026-05-02T16:28:14.266+0000] {processor.py:208} INFO - Processing /usr/local/python/3.12.1/lib/python3.12/site-packages/airflow/example_dags/example_dynamic_task_mapping_with_no_taskflow_operators.py took 0.196 seconds
[2026-05-02T16:29:21.232+0000] {processor.py:186} INFO - Started process (PID=18505) to work on /usr/local/python/3.12.1/lib/python3.12/site-packages/airflow/example_dags/example_dynamic_task_mapping_with_no_taskflow_operators.py
[2026-05-02T16:29:21.233+0000] {processor.py:914} INFO - Processing file /usr/local/python/3.12.1/lib/python3.12/site-packages/airflow/example_dags/example_dynamic_task_mapping_with_no_taskflow_operators.py for tasks to queue
[2026-05-02T16:29:21.235+0000] {logging_mixin.py:190} INFO - [2026-05-02T16:29:21.234+0000] {dagbag.py:588} INFO - Filling up the DagBag from /usr/local/python/3.12.1/lib/python3.12/site-packages/airflow/example_dags/example_dynamic_task_mapping_with_no_taskflow_operators.py
[2026-05-02T16:29:21.240+0000] {processor.py:925} INFO - DAG(s) 'example_dynamic_task_mapping_with_no_taskflow_operators' retrieved from /usr/local/python/3.12.1/lib/python3.12/site-packages/airflow/example_dags/example_dynamic_task_mapping_with_no_taskflow_operators.py
[2026-05-02T16:29:21.252+0000] {logging_mixin.py:190} INFO - [2026-05-02T16:29:21.251+0000] {dag.py:3239} INFO - Sync 1 DAGs
[2026-05-02T16:29:21.261+0000] {logging_mixin.py:190} INFO - [2026-05-02T16:29:21.261+0000] {dag.py:4180} INFO - Setting next_dagrun for example_dynamic_task_mapping_with_no_taskflow_operators to None, run_after=None
[2026-05-02T16:29:21.277+0000] {processor.py:208} INFO - Processing /usr/local/python/3.12.1/lib/python3.12/site-packages/airflow/example_dags/example_dynamic_task_mapping_with_no_taskflow_operators.py took 0.050 seconds
[2026-05-02T16:30:19.497+0000] {processor.py:186} INFO - Started process (PID=19024) to work on /usr/local/python/3.12.1/lib/python3.12/site-packages/airflow/example_dags/example_dynamic_task_mapping_with_no_taskflow_operators.py
[2026-05-02T16:30:19.497+0000] {processor.py:914} INFO - Processing file /usr/local/python/3.12.1/lib/python3.12/site-packages/airflow/example_dags/example_dynamic_task_mapping_with_no_taskflow_operators.py for tasks to queue
[2026-05-02T16:30:19.499+0000] {logging_mixin.py:190} INFO - [2026-05-02T16:30:19.498+0000] {dagbag.py:588} INFO - Filling up the DagBag from /usr/local/python/3.12.1/lib/python3.12/site-packages/airflow/example_dags/example_dynamic_task_mapping_with_no_taskflow_operators.py
[2026-05-02T16:30:19.505+0000] {processor.py:925} INFO - DAG(s) 'example_dynamic_task_mapping_with_no_taskflow_operators' retrieved from /usr/local/python/3.12.1/lib/python3.12/site-packages/airflow/example_dags/example_dynamic_task_mapping_with_no_taskflow_operators.py
[2026-05-02T16:30:19.519+0000] {logging_mixin.py:190} INFO - [2026-05-02T16:30:19.519+0000] {dag.py:3239} INFO - Sync 1 DAGs
[2026-05-02T16:30:19.537+0000] {logging_mixin.py:190} INFO - [2026-05-02T16:30:19.537+0000] {dag.py:4180} INFO - Setting next_dagrun for example_dynamic_task_mapping_with_no_taskflow_operators to None, run_after=None
[2026-05-02T16:30:19.661+0000] {processor.py:208} INFO - Processing /usr/local/python/3.12.1/lib/python3.12/site-packages/airflow/example_dags/example_dynamic_task_mapping_with_no_taskflow_operators.py took 0.169 seconds
[2026-05-02T16:33:04.336+0000] {processor.py:186} INFO - Started process (PID=20829) to work on /usr/local/python/3.12.1/lib/python3.12/site-packages/airflow/example_dags/example_dynamic_task_mapping_with_no_taskflow_operators.py
[2026-05-02T16:33:04.337+0000] {processor.py:914} INFO - Processing file /usr/local/python/3.12.1/lib/python3.12/site-packages/airflow/example_dags/example_dynamic_task_mapping_with_no_taskflow_operators.py for tasks to queue
[2026-05-02T16:33:04.339+0000] {logging_mixin.py:190} INFO - [2026-05-02T16:33:04.339+0000] {dagbag.py:588} INFO - Filling up the DagBag from /usr/local/python/3.12.1/lib/python3.12/site-packages/airflow/example_dags/example_dynamic_task_mapping_with_no_taskflow_operators.py
[2026-05-02T16:33:04.345+0000] {processor.py:925} INFO - DAG(s) 'example_dynamic_task_mapping_with_no_taskflow_operators' retrieved from /usr/local/python/3.12.1/lib/python3.12/site-packages/airflow/example_dags/example_dynamic_task_mapping_with_no_taskflow_operators.py
[2026-05-02T16:33:04.357+0000] {logging_mixin.py:190} INFO - [2026-05-02T16:33:04.357+0000] {dag.py:3239} INFO - Sync 1 DAGs
[2026-05-02T16:33:04.368+0000] {logging_mixin.py:190} INFO - [2026-05-02T16:33:04.368+0000] {dag.py:4180} INFO - Setting next_dagrun for example_dynamic_task_mapping_with_no_taskflow_operators to None, run_after=None
[2026-05-02T16:33:04.385+0000] {processor.py:208} INFO - Processing /usr/local/python/3.12.1/lib/python3.12/site-packages/airflow/example_dags/example_dynamic_task_mapping_with_no_taskflow_operators.py took 0.053 seconds
[2026-05-02T16:34:12.595+0000] {processor.py:186} INFO - Started process (PID=21828) to work on /usr/local/python/3.12.1/lib/python3.12/site-packages/airflow/example_dags/example_dynamic_task_mapping_with_no_taskflow_operators.py
[2026-05-02T16:34:12.596+0000] {processor.py:914} INFO - Processing file /usr/local/python/3.12.1/lib/python3.12/site-packages/airflow/example_dags/example_dynamic_task_mapping_with_no_taskflow_operators.py for tasks to queue
[2026-05-02T16:34:12.598+0000] {logging_mixin.py:190} INFO - [2026-05-02T16:34:12.598+0000] {dagbag.py:588} INFO - Filling up the DagBag from /usr/local/python/3.12.1/lib/python3.12/site-packages/airflow/example_dags/example_dynamic_task_mapping_with_no_taskflow_operators.py
[2026-05-02T16:34:12.604+0000] {processor.py:925} INFO - DAG(s) 'example_dynamic_task_mapping_with_no_taskflow_operators' retrieved from /usr/local/python/3.12.1/lib/python3.12/site-packages/airflow/example_dags/example_dynamic_task_mapping_with_no_taskflow_operators.py
[2026-05-02T16:34:12.616+0000] {logging_mixin.py:190} INFO - [2026-05-02T16:34:12.616+0000] {dag.py:3239} INFO - Sync 1 DAGs
[2026-05-02T16:34:12.626+0000] {logging_mixin.py:190} INFO - [2026-05-02T16:34:12.626+0000] {dag.py:4180} INFO - Setting next_dagrun for example_dynamic_task_mapping_with_no_taskflow_operators to None, run_after=None
[2026-05-02T16:34:12.644+0000] {processor.py:208} INFO - Processing /usr/local/python/3.12.1/lib/python3.12/site-packages/airflow/example_dags/example_dynamic_task_mapping_with_no_taskflow_operators.py took 0.053 seconds
[2026-05-02T16:35:17.734+0000] {processor.py:186} INFO - Started process (PID=23006) to work on /usr/local/python/3.12.1/lib/python3.12/site-packages/airflow/example_dags/example_dynamic_task_mapping_with_no_taskflow_operators.py
[2026-05-02T16:35:17.734+0000] {processor.py:914} INFO - Processing file /usr/local/python/3.12.1/lib/python3.12/site-packages/airflow/example_dags/example_dynamic_task_mapping_with_no_taskflow_operators.py for tasks to queue
[2026-05-02T16:35:17.736+0000] {logging_mixin.py:190} INFO - [2026-05-02T16:35:17.735+0000] {dagbag.py:588} INFO - Filling up the DagBag from /usr/local/python/3.12.1/lib/python3.12/site-packages/airflow/example_dags/example_dynamic_task_mapping_with_no_taskflow_operators.py
[2026-05-02T16:35:17.742+0000] {processor.py:925} INFO - DAG(s) 'example_dynamic_task_mapping_with_no_taskflow_operators' retrieved from /usr/local/python/3.12.1/lib/python3.12/site-packages/airflow/example_dags/example_dynamic_task_mapping_with_no_taskflow_operators.py
[2026-05-02T16:35:17.754+0000] {logging_mixin.py:190} INFO - [2026-05-02T16:35:17.754+0000] {dag.py:3239} INFO - Sync 1 DAGs
[2026-05-02T16:35:17.764+0000] {logging_mixin.py:190} INFO - [2026-05-02T16:35:17.764+0000] {dag.py:4180} INFO - Setting next_dagrun for example_dynamic_task_mapping_with_no_taskflow_operators to None, run_after=None
[2026-05-02T16:35:17.780+0000] {processor.py:208} INFO - Processing /usr/local/python/3.12.1/lib/python3.12/site-packages/airflow/example_dags/example_dynamic_task_mapping_with_no_taskflow_operators.py took 0.051 seconds
[2026-05-02T16:36:14.273+0000] {processor.py:186} INFO - Started process (PID=23498) to work on /usr/local/python/3.12.1/lib/python3.12/site-packages/airflow/example_dags/example_dynamic_task_mapping_with_no_taskflow_operators.py
[2026-05-02T16:36:14.274+0000] {processor.py:914} INFO - Processing file /usr/local/python/3.12.1/lib/python3.12/site-packages/airflow/example_dags/example_dynamic_task_mapping_with_no_taskflow_operators.py for tasks to queue
[2026-05-02T16:36:14.276+0000] {logging_mixin.py:190} INFO - [2026-05-02T16:36:14.275+0000] {dagbag.py:588} INFO - Filling up the DagBag from /usr/local/python/3.12.1/lib/python3.12/site-packages/airflow/example_dags/example_dynamic_task_mapping_with_no_taskflow_operators.py
[2026-05-02T16:36:14.282+0000] {processor.py:925} INFO - DAG(s) 'example_dynamic_task_mapping_with_no_taskflow_operators' retrieved from /usr/local/python/3.12.1/lib/python3.12/site-packages/airflow/example_dags/example_dynamic_task_mapping_with_no_taskflow_operators.py
[2026-05-02T16:36:14.294+0000] {logging_mixin.py:190} INFO - [2026-05-02T16:36:14.293+0000] {dag.py:3239} INFO - Sync 1 DAGs
[2026-05-02T16:36:14.303+0000] {logging_mixin.py:190} INFO - [2026-05-02T16:36:14.303+0000] {dag.py:4180} INFO - Setting next_dagrun for example_dynamic_task_mapping_with_no_taskflow_operators to None, run_after=None
[2026-05-02T16:36:14.320+0000] {processor.py:208} INFO - Processing /usr/local/python/3.12.1/lib/python3.12/site-packages/airflow/example_dags/example_dynamic_task_mapping_with_no_taskflow_operators.py took 0.051 seconds
[2026-05-02T16:37:09.704+0000] {processor.py:186} INFO - Started process (PID=24063) to work on /usr/local/python/3.12.1/lib/python3.12/site-packages/airflow/example_dags/example_dynamic_task_mapping_with_no_taskflow_operators.py
[2026-05-02T16:37:09.705+0000] {processor.py:914} INFO - Processing file /usr/local/python/3.12.1/lib/python3.12/site-packages/airflow/example_dags/example_dynamic_task_mapping_with_no_taskflow_operators.py for tasks to queue
[2026-05-02T16:37:09.707+0000] {logging_mixin.py:190} INFO - [2026-05-02T16:37:09.707+0000] {dagbag.py:588} INFO - Filling up the DagBag from /usr/local/python/3.12.1/lib/python3.12/site-packages/airflow/example_dags/example_dynamic_task_mapping_with_no_taskflow_operators.py
[2026-05-02T16:37:09.716+0000] {processor.py:925} INFO - DAG(s) 'example_dynamic_task_mapping_with_no_taskflow_operators' retrieved from /usr/local/python/3.12.1/lib/python3.12/site-packages/airflow/example_dags/example_dynamic_task_mapping_with_no_taskflow_operators.py
[2026-05-02T16:37:09.741+0000] {logging_mixin.py:190} INFO - [2026-05-02T16:37:09.741+0000] {dag.py:3239} INFO - Sync 1 DAGs
[2026-05-02T16:37:09.756+0000] {logging_mixin.py:190} INFO - [2026-05-02T16:37:09.756+0000] {dag.py:4180} INFO - Setting next_dagrun for example_dynamic_task_mapping_with_no_taskflow_operators to None, run_after=None
[2026-05-02T16:37:09.778+0000] {processor.py:208} INFO - Processing /usr/local/python/3.12.1/lib/python3.12/site-packages/airflow/example_dags/example_dynamic_task_mapping_with_no_taskflow_operators.py took 0.080 seconds
[2026-05-02T16:38:03.597+0000] {processor.py:186} INFO - Started process (PID=24634) to work on /usr/local/python/3.12.1/lib/python3.12/site-packages/airflow/example_dags/example_dynamic_task_mapping_with_no_taskflow_operators.py
[2026-05-02T16:38:03.598+0000] {processor.py:914} INFO - Processing file /usr/local/python/3.12.1/lib/python3.12/site-packages/airflow/example_dags/example_dynamic_task_mapping_with_no_taskflow_operators.py for tasks to queue
[2026-05-02T16:38:03.599+0000] {logging_mixin.py:190} INFO - [2026-05-02T16:38:03.599+0000] {dagbag.py:588} INFO - Filling up the DagBag from /usr/local/python/3.12.1/lib/python3.12/site-packages/airflow/example_dags/example_dynamic_task_mapping_with_no_taskflow_operators.py
[2026-05-02T16:38:03.606+0000] {processor.py:925} INFO - DAG(s) 'example_dynamic_task_mapping_with_no_taskflow_operators' retrieved from /usr/local/python/3.12.1/lib/python3.12/site-packages/airflow/example_dags/example_dynamic_task_mapping_with_no_taskflow_operators.py
[2026-05-02T16:38:03.618+0000] {logging_mixin.py:190} INFO - [2026-05-02T16:38:03.618+0000] {dag.py:3239} INFO - Sync 1 DAGs
[2026-05-02T16:38:03.628+0000] {logging_mixin.py:190} INFO - [2026-05-02T16:38:03.628+0000] {dag.py:4180} INFO - Setting next_dagrun for example_dynamic_task_mapping_with_no_taskflow_operators to None, run_after=None
[2026-05-02T16:38:03.645+0000] {processor.py:208} INFO - Processing /usr/local/python/3.12.1/lib/python3.12/site-packages/airflow/example_dags/example_dynamic_task_mapping_with_no_taskflow_operators.py took 0.052 seconds
[2026-05-02T16:39:00.305+0000] {processor.py:186} INFO - Started process (PID=25304) to work on /usr/local/python/3.12.1/lib/python3.12/site-packages/airflow/example_dags/example_dynamic_task_mapping_with_no_taskflow_operators.py
[2026-05-02T16:39:00.305+0000] {processor.py:914} INFO - Processing file /usr/local/python/3.12.1/lib/python3.12/site-packages/airflow/example_dags/example_dynamic_task_mapping_with_no_taskflow_operators.py for tasks to queue
[2026-05-02T16:39:00.307+0000] {logging_mixin.py:190} INFO - [2026-05-02T16:39:00.307+0000] {dagbag.py:588} INFO - Filling up the DagBag from /usr/local/python/3.12.1/lib/python3.12/site-packages/airflow/example_dags/example_dynamic_task_mapping_with_no_taskflow_operators.py
[2026-05-02T16:39:00.314+0000] {processor.py:925} INFO - DAG(s) 'example_dynamic_task_mapping_with_no_taskflow_operators' retrieved from /usr/local/python/3.12.1/lib/python3.12/site-packages/airflow/example_dags/example_dynamic_task_mapping_with_no_taskflow_operators.py
[2026-05-02T16:39:00.328+0000] {logging_mixin.py:190} INFO - [2026-05-02T16:39:00.328+0000] {dag.py:3239} INFO - Sync 1 DAGs
[2026-05-02T16:39:00.338+0000] {logging_mixin.py:190} INFO - [2026-05-02T16:39:00.338+0000] {dag.py:4180} INFO - Setting next_dagrun for example_dynamic_task_mapping_with_no_taskflow_operators to None, run_after=None
[2026-05-02T16:39:00.355+0000] {processor.py:208} INFO - Processing /usr/local/python/3.12.1/lib/python3.12/site-packages/airflow/example_dags/example_dynamic_task_mapping_with_no_taskflow_operators.py took 0.055 seconds
[2026-05-02T16:40:03.325+0000] {processor.py:186} INFO - Started process (PID=26042) to work on /usr/local/python/3.12.1/lib/python3.12/site-packages/airflow/example_dags/example_dynamic_task_mapping_with_no_taskflow_operators.py
[2026-05-02T16:40:03.326+0000] {processor.py:914} INFO - Processing file /usr/local/python/3.12.1/lib/python3.12/site-packages/airflow/example_dags/example_dynamic_task_mapping_with_no_taskflow_operators.py for tasks to queue
[2026-05-02T16:40:03.327+0000] {logging_mixin.py:190} INFO - [2026-05-02T16:40:03.327+0000] {dagbag.py:588} INFO - Filling up the DagBag from /usr/local/python/3.12.1/lib/python3.12/site-packages/airflow/example_dags/example_dynamic_task_mapping_with_no_taskflow_operators.py
[2026-05-02T16:40:03.334+0000] {processor.py:925} INFO - DAG(s) 'example_dynamic_task_mapping_with_no_taskflow_operators' retrieved from /usr/local/python/3.12.1/lib/python3.12/site-packages/airflow/example_dags/example_dynamic_task_mapping_with_no_taskflow_operators.py
[2026-05-02T16:40:03.345+0000] {logging_mixin.py:190} INFO - [2026-05-02T16:40:03.345+0000] {dag.py:3239} INFO - Sync 1 DAGs
[2026-05-02T16:40:03.354+0000] {logging_mixin.py:190} INFO - [2026-05-02T16:40:03.354+0000] {dag.py:4180} INFO - Setting next_dagrun for example_dynamic_task_mapping_with_no_taskflow_operators to None, run_after=None
[2026-05-02T16:40:03.370+0000] {processor.py:208} INFO - Processing /usr/local/python/3.12.1/lib/python3.12/site-packages/airflow/example_dags/example_dynamic_task_mapping_with_no_taskflow_operators.py took 0.049 seconds
[2026-05-02T16:40:57.845+0000] {processor.py:186} INFO - Started process (PID=26542) to work on /usr/local/python/3.12.1/lib/python3.12/site-packages/airflow/example_dags/example_dynamic_task_mapping_with_no_taskflow_operators.py
[2026-05-02T16:40:57.846+0000] {processor.py:914} INFO - Processing file /usr/local/python/3.12.1/lib/python3.12/site-packages/airflow/example_dags/example_dynamic_task_mapping_with_no_taskflow_operators.py for tasks to queue
[2026-05-02T16:40:57.847+0000] {logging_mixin.py:190} INFO - [2026-05-02T16:40:57.846+0000] {dagbag.py:588} INFO - Filling up the DagBag from /usr/local/python/3.12.1/lib/python3.12/site-packages/airflow/example_dags/example_dynamic_task_mapping_with_no_taskflow_operators.py
[2026-05-02T16:40:57.854+0000] {processor.py:925} INFO - DAG(s) 'example_dynamic_task_mapping_with_no_taskflow_operators' retrieved from /usr/local/python/3.12.1/lib/python3.12/site-packages/airflow/example_dags/example_dynamic_task_mapping_with_no_taskflow_operators.py
[2026-05-02T16:40:57.867+0000] {logging_mixin.py:190} INFO - [2026-05-02T16:40:57.867+0000] {dag.py:3239} INFO - Sync 1 DAGs
[2026-05-02T16:40:57.877+0000] {logging_mixin.py:190} INFO - [2026-05-02T16:40:57.877+0000] {dag.py:4180} INFO - Setting next_dagrun for example_dynamic_task_mapping_with_no_taskflow_operators to None, run_after=None
[2026-05-02T16:40:57.895+0000] {processor.py:208} INFO - Processing /usr/local/python/3.12.1/lib/python3.12/site-packages/airflow/example_dags/example_dynamic_task_mapping_with_no_taskflow_operators.py took 0.054 seconds
[2026-05-02T16:41:51.889+0000] {processor.py:186} INFO - Started process (PID=27056) to work on /usr/local/python/3.12.1/lib/python3.12/site-packages/airflow/example_dags/example_dynamic_task_mapping_with_no_taskflow_operators.py
[2026-05-02T16:41:51.890+0000] {processor.py:914} INFO - Processing file /usr/local/python/3.12.1/lib/python3.12/site-packages/airflow/example_dags/example_dynamic_task_mapping_with_no_taskflow_operators.py for tasks to queue
[2026-05-02T16:41:51.892+0000] {logging_mixin.py:190} INFO - [2026-05-02T16:41:51.891+0000] {dagbag.py:588} INFO - Filling up the DagBag from /usr/local/python/3.12.1/lib/python3.12/site-packages/airflow/example_dags/example_dynamic_task_mapping_with_no_taskflow_operators.py
[2026-05-02T16:41:51.903+0000] {processor.py:925} INFO - DAG(s) 'example_dynamic_task_mapping_with_no_taskflow_operators' retrieved from /usr/local/python/3.12.1/lib/python3.12/site-packages/airflow/example_dags/example_dynamic_task_mapping_with_no_taskflow_operators.py
[2026-05-02T16:41:51.922+0000] {logging_mixin.py:190} INFO - [2026-05-02T16:41:51.922+0000] {dag.py:3239} INFO - Sync 1 DAGs
[2026-05-02T16:41:51.940+0000] {logging_mixin.py:190} INFO - [2026-05-02T16:41:51.940+0000] {dag.py:4180} INFO - Setting next_dagrun for example_dynamic_task_mapping_with_no_taskflow_operators to None, run_after=None
[2026-05-02T16:41:51.976+0000] {processor.py:208} INFO - Processing /usr/local/python/3.12.1/lib/python3.12/site-packages/airflow/example_dags/example_dynamic_task_mapping_with_no_taskflow_operators.py took 0.092 seconds
[2026-05-02T16:42:46.404+0000] {processor.py:186} INFO - Started process (PID=27611) to work on /usr/local/python/3.12.1/lib/python3.12/site-packages/airflow/example_dags/example_dynamic_task_mapping_with_no_taskflow_operators.py
[2026-05-02T16:42:46.405+0000] {processor.py:914} INFO - Processing file /usr/local/python/3.12.1/lib/python3.12/site-packages/airflow/example_dags/example_dynamic_task_mapping_with_no_taskflow_operators.py for tasks to queue
[2026-05-02T16:42:46.406+0000] {logging_mixin.py:190} INFO - [2026-05-02T16:42:46.405+0000] {dagbag.py:588} INFO - Filling up the DagBag from /usr/local/python/3.12.1/lib/python3.12/site-packages/airflow/example_dags/example_dynamic_task_mapping_with_no_taskflow_operators.py
[2026-05-02T16:42:46.413+0000] {processor.py:925} INFO - DAG(s) 'example_dynamic_task_mapping_with_no_taskflow_operators' retrieved from /usr/local/python/3.12.1/lib/python3.12/site-packages/airflow/example_dags/example_dynamic_task_mapping_with_no_taskflow_operators.py
[2026-05-02T16:42:46.426+0000] {logging_mixin.py:190} INFO - [2026-05-02T16:42:46.425+0000] {dag.py:3239} INFO - Sync 1 DAGs
[2026-05-02T16:42:46.437+0000] {logging_mixin.py:190} INFO - [2026-05-02T16:42:46.436+0000] {dag.py:4180} INFO - Setting next_dagrun for example_dynamic_task_mapping_with_no_taskflow_operators to None, run_after=None
[2026-05-02T16:42:46.453+0000] {processor.py:208} INFO - Processing /usr/local/python/3.12.1/lib/python3.12/site-packages/airflow/example_dags/example_dynamic_task_mapping_with_no_taskflow_operators.py took 0.053 seconds
[2026-05-02T16:43:39.629+0000] {processor.py:186} INFO - Started process (PID=28288) to work on /usr/local/python/3.12.1/lib/python3.12/site-packages/airflow/example_dags/example_dynamic_task_mapping_with_no_taskflow_operators.py
[2026-05-02T16:43:39.630+0000] {processor.py:914} INFO - Processing file /usr/local/python/3.12.1/lib/python3.12/site-packages/airflow/example_dags/example_dynamic_task_mapping_with_no_taskflow_operators.py for tasks to queue
[2026-05-02T16:43:39.631+0000] {logging_mixin.py:190} INFO - [2026-05-02T16:43:39.631+0000] {dagbag.py:588} INFO - Filling up the DagBag from /usr/local/python/3.12.1/lib/python3.12/site-packages/airflow/example_dags/example_dynamic_task_mapping_with_no_taskflow_operators.py
[2026-05-02T16:43:39.644+0000] {processor.py:925} INFO - DAG(s) 'example_dynamic_task_mapping_with_no_taskflow_operators' retrieved from /usr/local/python/3.12.1/lib/python3.12/site-packages/airflow/example_dags/example_dynamic_task_mapping_with_no_taskflow_operators.py
[2026-05-02T16:43:39.679+0000] {logging_mixin.py:190} INFO - [2026-05-02T16:43:39.678+0000] {dag.py:3239} INFO - Sync 1 DAGs
[2026-05-02T16:43:39.712+0000] {logging_mixin.py:190} INFO - [2026-05-02T16:43:39.711+0000] {dag.py:4180} INFO - Setting next_dagrun for example_dynamic_task_mapping_with_no_taskflow_operators to None, run_after=None
[2026-05-02T16:43:39.752+0000] {processor.py:208} INFO - Processing /usr/local/python/3.12.1/lib/python3.12/site-packages/airflow/example_dags/example_dynamic_task_mapping_with_no_taskflow_operators.py took 0.130 seconds
[2026-05-02T16:44:50.042+0000] {processor.py:186} INFO - Started process (PID=29404) to work on /usr/local/python/3.12.1/lib/python3.12/site-packages/airflow/example_dags/example_dynamic_task_mapping_with_no_taskflow_operators.py
[2026-05-02T16:44:50.043+0000] {processor.py:914} INFO - Processing file /usr/local/python/3.12.1/lib/python3.12/site-packages/airflow/example_dags/example_dynamic_task_mapping_with_no_taskflow_operators.py for tasks to queue
[2026-05-02T16:44:50.044+0000] {logging_mixin.py:190} INFO - [2026-05-02T16:44:50.043+0000] {dagbag.py:588} INFO - Filling up the DagBag from /usr/local/python/3.12.1/lib/python3.12/site-packages/airflow/example_dags/example_dynamic_task_mapping_with_no_taskflow_operators.py
[2026-05-02T16:44:50.058+0000] {processor.py:925} INFO - DAG(s) 'example_dynamic_task_mapping_with_no_taskflow_operators' retrieved from /usr/local/python/3.12.1/lib/python3.12/site-packages/airflow/example_dags/example_dynamic_task_mapping_with_no_taskflow_operators.py
[2026-05-02T16:44:50.082+0000] {logging_mixin.py:190} INFO - [2026-05-02T16:44:50.081+0000] {dag.py:3239} INFO - Sync 1 DAGs
[2026-05-02T16:44:50.098+0000] {logging_mixin.py:190} INFO - [2026-05-02T16:44:50.098+0000] {dag.py:4180} INFO - Setting next_dagrun for example_dynamic_task_mapping_with_no_taskflow_operators to None, run_after=None
[2026-05-02T16:44:50.126+0000] {processor.py:208} INFO - Processing /usr/local/python/3.12.1/lib/python3.12/site-packages/airflow/example_dags/example_dynamic_task_mapping_with_no_taskflow_operators.py took 0.090 seconds
[2026-05-02T16:45:46.219+0000] {processor.py:186} INFO - Started process (PID=30100) to work on /usr/local/python/3.12.1/lib/python3.12/site-packages/airflow/example_dags/example_dynamic_task_mapping_with_no_taskflow_operators.py
[2026-05-02T16:45:46.220+0000] {processor.py:914} INFO - Processing file /usr/local/python/3.12.1/lib/python3.12/site-packages/airflow/example_dags/example_dynamic_task_mapping_with_no_taskflow_operators.py for tasks to queue
[2026-05-02T16:45:46.222+0000] {logging_mixin.py:190} INFO - [2026-05-02T16:45:46.221+0000] {dagbag.py:588} INFO - Filling up the DagBag from /usr/local/python/3.12.1/lib/python3.12/site-packages/airflow/example_dags/example_dynamic_task_mapping_with_no_taskflow_operators.py
[2026-05-02T16:45:46.230+0000] {processor.py:925} INFO - DAG(s) 'example_dynamic_task_mapping_with_no_taskflow_operators' retrieved from /usr/local/python/3.12.1/lib/python3.12/site-packages/airflow/example_dags/example_dynamic_task_mapping_with_no_taskflow_operators.py
[2026-05-02T16:45:46.253+0000] {logging_mixin.py:190} INFO - [2026-05-02T16:45:46.253+0000] {dag.py:3239} INFO - Sync 1 DAGs
[2026-05-02T16:45:46.270+0000] {logging_mixin.py:190} INFO - [2026-05-02T16:45:46.269+0000] {dag.py:4180} INFO - Setting next_dagrun for example_dynamic_task_mapping_with_no_taskflow_operators to None, run_after=None
[2026-05-02T16:45:46.295+0000] {processor.py:208} INFO - Processing /usr/local/python/3.12.1/lib/python3.12/site-packages/airflow/example_dags/example_dynamic_task_mapping_with_no_taskflow_operators.py took 0.085 seconds
[2026-05-02T16:46:35.956+0000] {processor.py:186} INFO - Started process (PID=30627) to work on /usr/local/python/3.12.1/lib/python3.12/site-packages/airflow/example_dags/example_dynamic_task_mapping_with_no_taskflow_operators.py
[2026-05-02T16:46:35.957+0000] {processor.py:914} INFO - Processing file /usr/local/python/3.12.1/lib/python3.12/site-packages/airflow/example_dags/example_dynamic_task_mapping_with_no_taskflow_operators.py for tasks to queue
[2026-05-02T16:46:35.958+0000] {logging_mixin.py:190} INFO - [2026-05-02T16:46:35.958+0000] {dagbag.py:588} INFO - Filling up the DagBag from /usr/local/python/3.12.1/lib/python3.12/site-packages/airflow/example_dags/example_dynamic_task_mapping_with_no_taskflow_operators.py
[2026-05-02T16:46:35.969+0000] {processor.py:925} INFO - DAG(s) 'example_dynamic_task_mapping_with_no_taskflow_operators' retrieved from /usr/local/python/3.12.1/lib/python3.12/site-packages/airflow/example_dags/example_dynamic_task_mapping_with_no_taskflow_operators.py
[2026-05-02T16:46:35.987+0000] {logging_mixin.py:190} INFO - [2026-05-02T16:46:35.987+0000] {dag.py:3239} INFO - Sync 1 DAGs
[2026-05-02T16:46:36.004+0000] {logging_mixin.py:190} INFO - [2026-05-02T16:46:36.003+0000] {dag.py:4180} INFO - Setting next_dagrun for example_dynamic_task_mapping_with_no_taskflow_operators to None, run_after=None
[2026-05-02T16:46:36.031+0000] {processor.py:208} INFO - Processing /usr/local/python/3.12.1/lib/python3.12/site-packages/airflow/example_dags/example_dynamic_task_mapping_with_no_taskflow_operators.py took 0.083 seconds
[2026-05-02T16:47:31.672+0000] {processor.py:186} INFO - Started process (PID=31177) to work on /usr/local/python/3.12.1/lib/python3.12/site-packages/airflow/example_dags/example_dynamic_task_mapping_with_no_taskflow_operators.py
[2026-05-02T16:47:31.673+0000] {processor.py:914} INFO - Processing file /usr/local/python/3.12.1/lib/python3.12/site-packages/airflow/example_dags/example_dynamic_task_mapping_with_no_taskflow_operators.py for tasks to queue
[2026-05-02T16:47:31.674+0000] {logging_mixin.py:190} INFO - [2026-05-02T16:47:31.673+0000] {dagbag.py:588} INFO - Filling up the DagBag from /usr/local/python/3.12.1/lib/python3.12/site-packages/airflow/example_dags/example_dynamic_task_mapping_with_no_taskflow_operators.py
[2026-05-02T16:47:31.680+0000] {processor.py:925} INFO - DAG(s) 'example_dynamic_task_mapping_with_no_taskflow_operators' retrieved from /usr/local/python/3.12.1/lib/python3.12/site-packages/airflow/example_dags/example_dynamic_task_mapping_with_no_taskflow_operators.py
[2026-05-02T16:47:31.692+0000] {logging_mixin.py:190} INFO - [2026-05-02T16:47:31.692+0000] {dag.py:3239} INFO - Sync 1 DAGs
[2026-05-02T16:47:31.705+0000] {logging_mixin.py:190} INFO - [2026-05-02T16:47:31.705+0000] {dag.py:4180} INFO - Setting next_dagrun for example_dynamic_task_mapping_with_no_taskflow_operators to None, run_after=None
[2026-05-02T16:47:31.722+0000] {processor.py:208} INFO - Processing /usr/local/python/3.12.1/lib/python3.12/site-packages/airflow/example_dags/example_dynamic_task_mapping_with_no_taskflow_operators.py took 0.055 seconds
[2026-05-02T16:48:24.809+0000] {processor.py:186} INFO - Started process (PID=31607) to work on /usr/local/python/3.12.1/lib/python3.12/site-packages/airflow/example_dags/example_dynamic_task_mapping_with_no_taskflow_operators.py
[2026-05-02T16:48:24.811+0000] {processor.py:914} INFO - Processing file /usr/local/python/3.12.1/lib/python3.12/site-packages/airflow/example_dags/example_dynamic_task_mapping_with_no_taskflow_operators.py for tasks to queue
[2026-05-02T16:48:24.812+0000] {logging_mixin.py:190} INFO - [2026-05-02T16:48:24.812+0000] {dagbag.py:588} INFO - Filling up the DagBag from /usr/local/python/3.12.1/lib/python3.12/site-packages/airflow/example_dags/example_dynamic_task_mapping_with_no_taskflow_operators.py
[2026-05-02T16:48:24.826+0000] {processor.py:925} INFO - DAG(s) 'example_dynamic_task_mapping_with_no_taskflow_operators' retrieved from /usr/local/python/3.12.1/lib/python3.12/site-packages/airflow/example_dags/example_dynamic_task_mapping_with_no_taskflow_operators.py
[2026-05-02T16:48:24.846+0000] {logging_mixin.py:190} INFO - [2026-05-02T16:48:24.846+0000] {dag.py:3239} INFO - Sync 1 DAGs
[2026-05-02T16:48:24.862+0000] {logging_mixin.py:190} INFO - [2026-05-02T16:48:24.862+0000] {dag.py:4180} INFO - Setting next_dagrun for example_dynamic_task_mapping_with_no_taskflow_operators to None, run_after=None
[2026-05-02T16:48:24.881+0000] {processor.py:208} INFO - Processing /usr/local/python/3.12.1/lib/python3.12/site-packages/airflow/example_dags/example_dynamic_task_mapping_with_no_taskflow_operators.py took 0.081 seconds
[2026-05-02T16:49:15.797+0000] {processor.py:186} INFO - Started process (PID=32166) to work on /usr/local/python/3.12.1/lib/python3.12/site-packages/airflow/example_dags/example_dynamic_task_mapping_with_no_taskflow_operators.py
[2026-05-02T16:49:15.797+0000] {processor.py:914} INFO - Processing file /usr/local/python/3.12.1/lib/python3.12/site-packages/airflow/example_dags/example_dynamic_task_mapping_with_no_taskflow_operators.py for tasks to queue
[2026-05-02T16:49:15.798+0000] {logging_mixin.py:190} INFO - [2026-05-02T16:49:15.798+0000] {dagbag.py:588} INFO - Filling up the DagBag from /usr/local/python/3.12.1/lib/python3.12/site-packages/airflow/example_dags/example_dynamic_task_mapping_with_no_taskflow_operators.py
[2026-05-02T16:49:15.805+0000] {processor.py:925} INFO - DAG(s) 'example_dynamic_task_mapping_with_no_taskflow_operators' retrieved from /usr/local/python/3.12.1/lib/python3.12/site-packages/airflow/example_dags/example_dynamic_task_mapping_with_no_taskflow_operators.py
[2026-05-02T16:49:15.817+0000] {logging_mixin.py:190} INFO - [2026-05-02T16:49:15.817+0000] {dag.py:3239} INFO - Sync 1 DAGs
[2026-05-02T16:49:15.827+0000] {logging_mixin.py:190} INFO - [2026-05-02T16:49:15.827+0000] {dag.py:4180} INFO - Setting next_dagrun for example_dynamic_task_mapping_with_no_taskflow_operators to None, run_after=None
[2026-05-02T16:49:15.843+0000] {processor.py:208} INFO - Processing /usr/local/python/3.12.1/lib/python3.12/site-packages/airflow/example_dags/example_dynamic_task_mapping_with_no_taskflow_operators.py took 0.051 seconds
[2026-05-02T16:50:10.165+0000] {processor.py:186} INFO - Started process (PID=32644) to work on /usr/local/python/3.12.1/lib/python3.12/site-packages/airflow/example_dags/example_dynamic_task_mapping_with_no_taskflow_operators.py
[2026-05-02T16:50:10.166+0000] {processor.py:914} INFO - Processing file /usr/local/python/3.12.1/lib/python3.12/site-packages/airflow/example_dags/example_dynamic_task_mapping_with_no_taskflow_operators.py for tasks to queue
[2026-05-02T16:50:10.167+0000] {logging_mixin.py:190} INFO - [2026-05-02T16:50:10.167+0000] {dagbag.py:588} INFO - Filling up the DagBag from /usr/local/python/3.12.1/lib/python3.12/site-packages/airflow/example_dags/example_dynamic_task_mapping_with_no_taskflow_operators.py
[2026-05-02T16:50:10.174+0000] {processor.py:925} INFO - DAG(s) 'example_dynamic_task_mapping_with_no_taskflow_operators' retrieved from /usr/local/python/3.12.1/lib/python3.12/site-packages/airflow/example_dags/example_dynamic_task_mapping_with_no_taskflow_operators.py
[2026-05-02T16:50:10.186+0000] {logging_mixin.py:190} INFO - [2026-05-02T16:50:10.185+0000] {dag.py:3239} INFO - Sync 1 DAGs
[2026-05-02T16:50:10.195+0000] {logging_mixin.py:190} INFO - [2026-05-02T16:50:10.195+0000] {dag.py:4180} INFO - Setting next_dagrun for example_dynamic_task_mapping_with_no_taskflow_operators to None, run_after=None
[2026-05-02T16:50:10.213+0000] {processor.py:208} INFO - Processing /usr/local/python/3.12.1/lib/python3.12/site-packages/airflow/example_dags/example_dynamic_task_mapping_with_no_taskflow_operators.py took 0.052 seconds
[2026-05-02T16:51:03.894+0000] {processor.py:186} INFO - Started process (PID=33132) to work on /usr/local/python/3.12.1/lib/python3.12/site-packages/airflow/example_dags/example_dynamic_task_mapping_with_no_taskflow_operators.py
[2026-05-02T16:51:03.895+0000] {processor.py:914} INFO - Processing file /usr/local/python/3.12.1/lib/python3.12/site-packages/airflow/example_dags/example_dynamic_task_mapping_with_no_taskflow_operators.py for tasks to queue
[2026-05-02T16:51:03.896+0000] {logging_mixin.py:190} INFO - [2026-05-02T16:51:03.896+0000] {dagbag.py:588} INFO - Filling up the DagBag from /usr/local/python/3.12.1/lib/python3.12/site-packages/airflow/example_dags/example_dynamic_task_mapping_with_no_taskflow_operators.py
[2026-05-02T16:51:03.903+0000] {processor.py:925} INFO - DAG(s) 'example_dynamic_task_mapping_with_no_taskflow_operators' retrieved from /usr/local/python/3.12.1/lib/python3.12/site-packages/airflow/example_dags/example_dynamic_task_mapping_with_no_taskflow_operators.py
[2026-05-02T16:51:03.916+0000] {logging_mixin.py:190} INFO - [2026-05-02T16:51:03.915+0000] {dag.py:3239} INFO - Sync 1 DAGs
[2026-05-02T16:51:03.926+0000] {logging_mixin.py:190} INFO - [2026-05-02T16:51:03.926+0000] {dag.py:4180} INFO - Setting next_dagrun for example_dynamic_task_mapping_with_no_taskflow_operators to None, run_after=None
[2026-05-02T16:51:03.943+0000] {processor.py:208} INFO - Processing /usr/local/python/3.12.1/lib/python3.12/site-packages/airflow/example_dags/example_dynamic_task_mapping_with_no_taskflow_operators.py took 0.053 seconds
[2026-05-02T16:51:56.024+0000] {processor.py:186} INFO - Started process (PID=33589) to work on /usr/local/python/3.12.1/lib/python3.12/site-packages/airflow/example_dags/example_dynamic_task_mapping_with_no_taskflow_operators.py
[2026-05-02T16:51:56.025+0000] {processor.py:914} INFO - Processing file /usr/local/python/3.12.1/lib/python3.12/site-packages/airflow/example_dags/example_dynamic_task_mapping_with_no_taskflow_operators.py for tasks to queue
[2026-05-02T16:51:56.026+0000] {logging_mixin.py:190} INFO - [2026-05-02T16:51:56.026+0000] {dagbag.py:588} INFO - Filling up the DagBag from /usr/local/python/3.12.1/lib/python3.12/site-packages/airflow/example_dags/example_dynamic_task_mapping_with_no_taskflow_operators.py
[2026-05-02T16:51:56.033+0000] {processor.py:925} INFO - DAG(s) 'example_dynamic_task_mapping_with_no_taskflow_operators' retrieved from /usr/local/python/3.12.1/lib/python3.12/site-packages/airflow/example_dags/example_dynamic_task_mapping_with_no_taskflow_operators.py
[2026-05-02T16:51:56.044+0000] {logging_mixin.py:190} INFO - [2026-05-02T16:51:56.044+0000] {dag.py:3239} INFO - Sync 1 DAGs
[2026-05-02T16:51:56.054+0000] {logging_mixin.py:190} INFO - [2026-05-02T16:51:56.053+0000] {dag.py:4180} INFO - Setting next_dagrun for example_dynamic_task_mapping_with_no_taskflow_operators to None, run_after=None
[2026-05-02T16:51:56.071+0000] {processor.py:208} INFO - Processing /usr/local/python/3.12.1/lib/python3.12/site-packages/airflow/example_dags/example_dynamic_task_mapping_with_no_taskflow_operators.py took 0.051 seconds
[2026-05-02T16:52:49.484+0000] {processor.py:186} INFO - Started process (PID=34120) to work on /usr/local/python/3.12.1/lib/python3.12/site-packages/airflow/example_dags/example_dynamic_task_mapping_with_no_taskflow_operators.py
[2026-05-02T16:52:49.485+0000] {processor.py:914} INFO - Processing file /usr/local/python/3.12.1/lib/python3.12/site-packages/airflow/example_dags/example_dynamic_task_mapping_with_no_taskflow_operators.py for tasks to queue
[2026-05-02T16:52:49.487+0000] {logging_mixin.py:190} INFO - [2026-05-02T16:52:49.486+0000] {dagbag.py:588} INFO - Filling up the DagBag from /usr/local/python/3.12.1/lib/python3.12/site-packages/airflow/example_dags/example_dynamic_task_mapping_with_no_taskflow_operators.py
[2026-05-02T16:52:49.495+0000] {processor.py:925} INFO - DAG(s) 'example_dynamic_task_mapping_with_no_taskflow_operators' retrieved from /usr/local/python/3.12.1/lib/python3.12/site-packages/airflow/example_dags/example_dynamic_task_mapping_with_no_taskflow_operators.py
[2026-05-02T16:52:49.507+0000] {logging_mixin.py:190} INFO - [2026-05-02T16:52:49.507+0000] {dag.py:3239} INFO - Sync 1 DAGs
[2026-05-02T16:52:49.517+0000] {logging_mixin.py:190} INFO - [2026-05-02T16:52:49.517+0000] {dag.py:4180} INFO - Setting next_dagrun for example_dynamic_task_mapping_with_no_taskflow_operators to None, run_after=None
[2026-05-02T16:52:49.536+0000] {processor.py:208} INFO - Processing /usr/local/python/3.12.1/lib/python3.12/site-packages/airflow/example_dags/example_dynamic_task_mapping_with_no_taskflow_operators.py took 0.056 seconds
[2026-05-02T16:53:43.583+0000] {processor.py:186} INFO - Started process (PID=34593) to work on /usr/local/python/3.12.1/lib/python3.12/site-packages/airflow/example_dags/example_dynamic_task_mapping_with_no_taskflow_operators.py
[2026-05-02T16:53:43.584+0000] {processor.py:914} INFO - Processing file /usr/local/python/3.12.1/lib/python3.12/site-packages/airflow/example_dags/example_dynamic_task_mapping_with_no_taskflow_operators.py for tasks to queue
[2026-05-02T16:53:43.585+0000] {logging_mixin.py:190} INFO - [2026-05-02T16:53:43.585+0000] {dagbag.py:588} INFO - Filling up the DagBag from /usr/local/python/3.12.1/lib/python3.12/site-packages/airflow/example_dags/example_dynamic_task_mapping_with_no_taskflow_operators.py
[2026-05-02T16:53:43.592+0000] {processor.py:925} INFO - DAG(s) 'example_dynamic_task_mapping_with_no_taskflow_operators' retrieved from /usr/local/python/3.12.1/lib/python3.12/site-packages/airflow/example_dags/example_dynamic_task_mapping_with_no_taskflow_operators.py
[2026-05-02T16:53:43.603+0000] {logging_mixin.py:190} INFO - [2026-05-02T16:53:43.603+0000] {dag.py:3239} INFO - Sync 1 DAGs
[2026-05-02T16:53:43.613+0000] {logging_mixin.py:190} INFO - [2026-05-02T16:53:43.613+0000] {dag.py:4180} INFO - Setting next_dagrun for example_dynamic_task_mapping_with_no_taskflow_operators to None, run_after=None
[2026-05-02T16:53:43.631+0000] {processor.py:208} INFO - Processing /usr/local/python/3.12.1/lib/python3.12/site-packages/airflow/example_dags/example_dynamic_task_mapping_with_no_taskflow_operators.py took 0.052 seconds
[2026-05-02T16:54:36.311+0000] {processor.py:186} INFO - Started process (PID=35191) to work on /usr/local/python/3.12.1/lib/python3.12/site-packages/airflow/example_dags/example_dynamic_task_mapping_with_no_taskflow_operators.py
[2026-05-02T16:54:36.311+0000] {processor.py:914} INFO - Processing file /usr/local/python/3.12.1/lib/python3.12/site-packages/airflow/example_dags/example_dynamic_task_mapping_with_no_taskflow_operators.py for tasks to queue
[2026-05-02T16:54:36.312+0000] {logging_mixin.py:190} INFO - [2026-05-02T16:54:36.312+0000] {dagbag.py:588} INFO - Filling up the DagBag from /usr/local/python/3.12.1/lib/python3.12/site-packages/airflow/example_dags/example_dynamic_task_mapping_with_no_taskflow_operators.py
[2026-05-02T16:54:36.319+0000] {processor.py:925} INFO - DAG(s) 'example_dynamic_task_mapping_with_no_taskflow_operators' retrieved from /usr/local/python/3.12.1/lib/python3.12/site-packages/airflow/example_dags/example_dynamic_task_mapping_with_no_taskflow_operators.py
[2026-05-02T16:54:36.332+0000] {logging_mixin.py:190} INFO - [2026-05-02T16:54:36.332+0000] {dag.py:3239} INFO - Sync 1 DAGs
[2026-05-02T16:54:36.342+0000] {logging_mixin.py:190} INFO - [2026-05-02T16:54:36.342+0000] {dag.py:4180} INFO - Setting next_dagrun for example_dynamic_task_mapping_with_no_taskflow_operators to None, run_after=None
[2026-05-02T16:54:36.358+0000] {processor.py:208} INFO - Processing /usr/local/python/3.12.1/lib/python3.12/site-packages/airflow/example_dags/example_dynamic_task_mapping_with_no_taskflow_operators.py took 0.052 seconds
[2026-05-02T16:55:28.258+0000] {processor.py:186} INFO - Started process (PID=35648) to work on /usr/local/python/3.12.1/lib/python3.12/site-packages/airflow/example_dags/example_dynamic_task_mapping_with_no_taskflow_operators.py
[2026-05-02T16:55:28.259+0000] {processor.py:914} INFO - Processing file /usr/local/python/3.12.1/lib/python3.12/site-packages/airflow/example_dags/example_dynamic_task_mapping_with_no_taskflow_operators.py for tasks to queue
[2026-05-02T16:55:28.260+0000] {logging_mixin.py:190} INFO - [2026-05-02T16:55:28.260+0000] {dagbag.py:588} INFO - Filling up the DagBag from /usr/local/python/3.12.1/lib/python3.12/site-packages/airflow/example_dags/example_dynamic_task_mapping_with_no_taskflow_operators.py
[2026-05-02T16:55:28.267+0000] {processor.py:925} INFO - DAG(s) 'example_dynamic_task_mapping_with_no_taskflow_operators' retrieved from /usr/local/python/3.12.1/lib/python3.12/site-packages/airflow/example_dags/example_dynamic_task_mapping_with_no_taskflow_operators.py
[2026-05-02T16:55:28.278+0000] {logging_mixin.py:190} INFO - [2026-05-02T16:55:28.278+0000] {dag.py:3239} INFO - Sync 1 DAGs
[2026-05-02T16:55:28.288+0000] {logging_mixin.py:190} INFO - [2026-05-02T16:55:28.288+0000] {dag.py:4180} INFO - Setting next_dagrun for example_dynamic_task_mapping_with_no_taskflow_operators to None, run_after=None
[2026-05-02T16:55:28.306+0000] {processor.py:208} INFO - Processing /usr/local/python/3.12.1/lib/python3.12/site-packages/airflow/example_dags/example_dynamic_task_mapping_with_no_taskflow_operators.py took 0.052 seconds
[2026-05-02T16:56:21.631+0000] {processor.py:186} INFO - Started process (PID=36057) to work on /usr/local/python/3.12.1/lib/python3.12/site-packages/airflow/example_dags/example_dynamic_task_mapping_with_no_taskflow_operators.py
[2026-05-02T16:56:21.632+0000] {processor.py:914} INFO - Processing file /usr/local/python/3.12.1/lib/python3.12/site-packages/airflow/example_dags/example_dynamic_task_mapping_with_no_taskflow_operators.py for tasks to queue
[2026-05-02T16:56:21.633+0000] {logging_mixin.py:190} INFO - [2026-05-02T16:56:21.633+0000] {dagbag.py:588} INFO - Filling up the DagBag from /usr/local/python/3.12.1/lib/python3.12/site-packages/airflow/example_dags/example_dynamic_task_mapping_with_no_taskflow_operators.py
[2026-05-02T16:56:21.640+0000] {processor.py:925} INFO - DAG(s) 'example_dynamic_task_mapping_with_no_taskflow_operators' retrieved from /usr/local/python/3.12.1/lib/python3.12/site-packages/airflow/example_dags/example_dynamic_task_mapping_with_no_taskflow_operators.py
[2026-05-02T16:56:21.651+0000] {logging_mixin.py:190} INFO - [2026-05-02T16:56:21.651+0000] {dag.py:3239} INFO - Sync 1 DAGs
[2026-05-02T16:56:21.661+0000] {logging_mixin.py:190} INFO - [2026-05-02T16:56:21.660+0000] {dag.py:4180} INFO - Setting next_dagrun for example_dynamic_task_mapping_with_no_taskflow_operators to None, run_after=None
[2026-05-02T16:56:21.678+0000] {processor.py:208} INFO - Processing /usr/local/python/3.12.1/lib/python3.12/site-packages/airflow/example_dags/example_dynamic_task_mapping_with_no_taskflow_operators.py took 0.051 seconds
[2026-05-02T16:57:33.366+0000] {processor.py:186} INFO - Started process (PID=36794) to work on /usr/local/python/3.12.1/lib/python3.12/site-packages/airflow/example_dags/example_dynamic_task_mapping_with_no_taskflow_operators.py
[2026-05-02T16:57:33.367+0000] {processor.py:914} INFO - Processing file /usr/local/python/3.12.1/lib/python3.12/site-packages/airflow/example_dags/example_dynamic_task_mapping_with_no_taskflow_operators.py for tasks to queue
[2026-05-02T16:57:33.368+0000] {logging_mixin.py:190} INFO - [2026-05-02T16:57:33.368+0000] {dagbag.py:588} INFO - Filling up the DagBag from /usr/local/python/3.12.1/lib/python3.12/site-packages/airflow/example_dags/example_dynamic_task_mapping_with_no_taskflow_operators.py
[2026-05-02T16:57:33.375+0000] {processor.py:925} INFO - DAG(s) 'example_dynamic_task_mapping_with_no_taskflow_operators' retrieved from /usr/local/python/3.12.1/lib/python3.12/site-packages/airflow/example_dags/example_dynamic_task_mapping_with_no_taskflow_operators.py
[2026-05-02T16:57:33.386+0000] {logging_mixin.py:190} INFO - [2026-05-02T16:57:33.386+0000] {dag.py:3239} INFO - Sync 1 DAGs
[2026-05-02T16:57:33.396+0000] {logging_mixin.py:190} INFO - [2026-05-02T16:57:33.396+0000] {dag.py:4180} INFO - Setting next_dagrun for example_dynamic_task_mapping_with_no_taskflow_operators to None, run_after=None
[2026-05-02T16:57:33.413+0000] {processor.py:208} INFO - Processing /usr/local/python/3.12.1/lib/python3.12/site-packages/airflow/example_dags/example_dynamic_task_mapping_with_no_taskflow_operators.py took 0.050 seconds
[2026-05-02T16:58:25.976+0000] {processor.py:186} INFO - Started process (PID=37217) to work on /usr/local/python/3.12.1/lib/python3.12/site-packages/airflow/example_dags/example_dynamic_task_mapping_with_no_taskflow_operators.py
[2026-05-02T16:58:25.976+0000] {processor.py:914} INFO - Processing file /usr/local/python/3.12.1/lib/python3.12/site-packages/airflow/example_dags/example_dynamic_task_mapping_with_no_taskflow_operators.py for tasks to queue
[2026-05-02T16:58:25.977+0000] {logging_mixin.py:190} INFO - [2026-05-02T16:58:25.977+0000] {dagbag.py:588} INFO - Filling up the DagBag from /usr/local/python/3.12.1/lib/python3.12/site-packages/airflow/example_dags/example_dynamic_task_mapping_with_no_taskflow_operators.py
[2026-05-02T16:58:25.984+0000] {processor.py:925} INFO - DAG(s) 'example_dynamic_task_mapping_with_no_taskflow_operators' retrieved from /usr/local/python/3.12.1/lib/python3.12/site-packages/airflow/example_dags/example_dynamic_task_mapping_with_no_taskflow_operators.py
[2026-05-02T16:58:25.997+0000] {logging_mixin.py:190} INFO - [2026-05-02T16:58:25.996+0000] {dag.py:3239} INFO - Sync 1 DAGs
[2026-05-02T16:58:26.007+0000] {logging_mixin.py:190} INFO - [2026-05-02T16:58:26.006+0000] {dag.py:4180} INFO - Setting next_dagrun for example_dynamic_task_mapping_with_no_taskflow_operators to None, run_after=None
[2026-05-02T16:58:26.024+0000] {processor.py:208} INFO - Processing /usr/local/python/3.12.1/lib/python3.12/site-packages/airflow/example_dags/example_dynamic_task_mapping_with_no_taskflow_operators.py took 0.052 seconds
[2026-05-02T16:59:16.953+0000] {processor.py:186} INFO - Started process (PID=37654) to work on /usr/local/python/3.12.1/lib/python3.12/site-packages/airflow/example_dags/example_dynamic_task_mapping_with_no_taskflow_operators.py
[2026-05-02T16:59:16.954+0000] {processor.py:914} INFO - Processing file /usr/local/python/3.12.1/lib/python3.12/site-packages/airflow/example_dags/example_dynamic_task_mapping_with_no_taskflow_operators.py for tasks to queue
[2026-05-02T16:59:16.955+0000] {logging_mixin.py:190} INFO - [2026-05-02T16:59:16.955+0000] {dagbag.py:588} INFO - Filling up the DagBag from /usr/local/python/3.12.1/lib/python3.12/site-packages/airflow/example_dags/example_dynamic_task_mapping_with_no_taskflow_operators.py
[2026-05-02T16:59:16.963+0000] {processor.py:925} INFO - DAG(s) 'example_dynamic_task_mapping_with_no_taskflow_operators' retrieved from /usr/local/python/3.12.1/lib/python3.12/site-packages/airflow/example_dags/example_dynamic_task_mapping_with_no_taskflow_operators.py
[2026-05-02T16:59:16.975+0000] {logging_mixin.py:190} INFO - [2026-05-02T16:59:16.975+0000] {dag.py:3239} INFO - Sync 1 DAGs
[2026-05-02T16:59:16.985+0000] {logging_mixin.py:190} INFO - [2026-05-02T16:59:16.985+0000] {dag.py:4180} INFO - Setting next_dagrun for example_dynamic_task_mapping_with_no_taskflow_operators to None, run_after=None
[2026-05-02T16:59:17.003+0000] {processor.py:208} INFO - Processing /usr/local/python/3.12.1/lib/python3.12/site-packages/airflow/example_dags/example_dynamic_task_mapping_with_no_taskflow_operators.py took 0.056 seconds
[2026-05-02T17:00:08.730+0000] {processor.py:186} INFO - Started process (PID=38110) to work on /usr/local/python/3.12.1/lib/python3.12/site-packages/airflow/example_dags/example_dynamic_task_mapping_with_no_taskflow_operators.py
[2026-05-02T17:00:08.731+0000] {processor.py:914} INFO - Processing file /usr/local/python/3.12.1/lib/python3.12/site-packages/airflow/example_dags/example_dynamic_task_mapping_with_no_taskflow_operators.py for tasks to queue
[2026-05-02T17:00:08.732+0000] {logging_mixin.py:190} INFO - [2026-05-02T17:00:08.732+0000] {dagbag.py:588} INFO - Filling up the DagBag from /usr/local/python/3.12.1/lib/python3.12/site-packages/airflow/example_dags/example_dynamic_task_mapping_with_no_taskflow_operators.py
[2026-05-02T17:00:08.739+0000] {processor.py:925} INFO - DAG(s) 'example_dynamic_task_mapping_with_no_taskflow_operators' retrieved from /usr/local/python/3.12.1/lib/python3.12/site-packages/airflow/example_dags/example_dynamic_task_mapping_with_no_taskflow_operators.py
[2026-05-02T17:00:08.754+0000] {logging_mixin.py:190} INFO - [2026-05-02T17:00:08.754+0000] {dag.py:3239} INFO - Sync 1 DAGs
[2026-05-02T17:00:08.767+0000] {logging_mixin.py:190} INFO - [2026-05-02T17:00:08.767+0000] {dag.py:4180} INFO - Setting next_dagrun for example_dynamic_task_mapping_with_no_taskflow_operators to None, run_after=None
[2026-05-02T17:00:08.785+0000] {processor.py:208} INFO - Processing /usr/local/python/3.12.1/lib/python3.12/site-packages/airflow/example_dags/example_dynamic_task_mapping_with_no_taskflow_operators.py took 0.059 seconds
[2026-05-02T17:01:00.932+0000] {processor.py:186} INFO - Started process (PID=38576) to work on /usr/local/python/3.12.1/lib/python3.12/site-packages/airflow/example_dags/example_dynamic_task_mapping_with_no_taskflow_operators.py
[2026-05-02T17:01:00.932+0000] {processor.py:914} INFO - Processing file /usr/local/python/3.12.1/lib/python3.12/site-packages/airflow/example_dags/example_dynamic_task_mapping_with_no_taskflow_operators.py for tasks to queue
[2026-05-02T17:01:00.933+0000] {logging_mixin.py:190} INFO - [2026-05-02T17:01:00.933+0000] {dagbag.py:588} INFO - Filling up the DagBag from /usr/local/python/3.12.1/lib/python3.12/site-packages/airflow/example_dags/example_dynamic_task_mapping_with_no_taskflow_operators.py
[2026-05-02T17:01:00.940+0000] {processor.py:925} INFO - DAG(s) 'example_dynamic_task_mapping_with_no_taskflow_operators' retrieved from /usr/local/python/3.12.1/lib/python3.12/site-packages/airflow/example_dags/example_dynamic_task_mapping_with_no_taskflow_operators.py
[2026-05-02T17:01:00.955+0000] {logging_mixin.py:190} INFO - [2026-05-02T17:01:00.955+0000] {dag.py:3239} INFO - Sync 1 DAGs
[2026-05-02T17:01:00.966+0000] {logging_mixin.py:190} INFO - [2026-05-02T17:01:00.966+0000] {dag.py:4180} INFO - Setting next_dagrun for example_dynamic_task_mapping_with_no_taskflow_operators to None, run_after=None
[2026-05-02T17:01:00.985+0000] {processor.py:208} INFO - Processing /usr/local/python/3.12.1/lib/python3.12/site-packages/airflow/example_dags/example_dynamic_task_mapping_with_no_taskflow_operators.py took 0.057 seconds
[2026-05-02T17:01:54.705+0000] {processor.py:186} INFO - Started process (PID=39051) to work on /usr/local/python/3.12.1/lib/python3.12/site-packages/airflow/example_dags/example_dynamic_task_mapping_with_no_taskflow_operators.py
[2026-05-02T17:01:54.706+0000] {processor.py:914} INFO - Processing file /usr/local/python/3.12.1/lib/python3.12/site-packages/airflow/example_dags/example_dynamic_task_mapping_with_no_taskflow_operators.py for tasks to queue
[2026-05-02T17:01:54.707+0000] {logging_mixin.py:190} INFO - [2026-05-02T17:01:54.707+0000] {dagbag.py:588} INFO - Filling up the DagBag from /usr/local/python/3.12.1/lib/python3.12/site-packages/airflow/example_dags/example_dynamic_task_mapping_with_no_taskflow_operators.py
[2026-05-02T17:01:54.717+0000] {processor.py:925} INFO - DAG(s) 'example_dynamic_task_mapping_with_no_taskflow_operators' retrieved from /usr/local/python/3.12.1/lib/python3.12/site-packages/airflow/example_dags/example_dynamic_task_mapping_with_no_taskflow_operators.py
[2026-05-02T17:01:54.750+0000] {logging_mixin.py:190} INFO - [2026-05-02T17:01:54.750+0000] {dag.py:3239} INFO - Sync 1 DAGs
[2026-05-02T17:01:54.781+0000] {logging_mixin.py:190} INFO - [2026-05-02T17:01:54.780+0000] {dag.py:4180} INFO - Setting next_dagrun for example_dynamic_task_mapping_with_no_taskflow_operators to None, run_after=None
[2026-05-02T17:01:54.807+0000] {processor.py:208} INFO - Processing /usr/local/python/3.12.1/lib/python3.12/site-packages/airflow/example_dags/example_dynamic_task_mapping_with_no_taskflow_operators.py took 0.107 seconds
[2026-05-02T17:02:43.814+0000] {processor.py:186} INFO - Started process (PID=39540) to work on /usr/local/python/3.12.1/lib/python3.12/site-packages/airflow/example_dags/example_dynamic_task_mapping_with_no_taskflow_operators.py
[2026-05-02T17:02:43.815+0000] {processor.py:914} INFO - Processing file /usr/local/python/3.12.1/lib/python3.12/site-packages/airflow/example_dags/example_dynamic_task_mapping_with_no_taskflow_operators.py for tasks to queue
[2026-05-02T17:02:43.816+0000] {logging_mixin.py:190} INFO - [2026-05-02T17:02:43.816+0000] {dagbag.py:588} INFO - Filling up the DagBag from /usr/local/python/3.12.1/lib/python3.12/site-packages/airflow/example_dags/example_dynamic_task_mapping_with_no_taskflow_operators.py
[2026-05-02T17:02:43.823+0000] {processor.py:925} INFO - DAG(s) 'example_dynamic_task_mapping_with_no_taskflow_operators' retrieved from /usr/local/python/3.12.1/lib/python3.12/site-packages/airflow/example_dags/example_dynamic_task_mapping_with_no_taskflow_operators.py
[2026-05-02T17:02:43.836+0000] {logging_mixin.py:190} INFO - [2026-05-02T17:02:43.835+0000] {dag.py:3239} INFO - Sync 1 DAGs
[2026-05-02T17:02:43.848+0000] {logging_mixin.py:190} INFO - [2026-05-02T17:02:43.848+0000] {dag.py:4180} INFO - Setting next_dagrun for example_dynamic_task_mapping_with_no_taskflow_operators to None, run_after=None
[2026-05-02T17:02:43.867+0000] {processor.py:208} INFO - Processing /usr/local/python/3.12.1/lib/python3.12/site-packages/airflow/example_dags/example_dynamic_task_mapping_with_no_taskflow_operators.py took 0.057 seconds
[2026-05-02T17:03:54.476+0000] {processor.py:186} INFO - Started process (PID=40146) to work on /usr/local/python/3.12.1/lib/python3.12/site-packages/airflow/example_dags/example_dynamic_task_mapping_with_no_taskflow_operators.py
[2026-05-02T17:03:54.476+0000] {processor.py:914} INFO - Processing file /usr/local/python/3.12.1/lib/python3.12/site-packages/airflow/example_dags/example_dynamic_task_mapping_with_no_taskflow_operators.py for tasks to queue
[2026-05-02T17:03:54.477+0000] {logging_mixin.py:190} INFO - [2026-05-02T17:03:54.477+0000] {dagbag.py:588} INFO - Filling up the DagBag from /usr/local/python/3.12.1/lib/python3.12/site-packages/airflow/example_dags/example_dynamic_task_mapping_with_no_taskflow_operators.py
[2026-05-02T17:03:54.484+0000] {processor.py:925} INFO - DAG(s) 'example_dynamic_task_mapping_with_no_taskflow_operators' retrieved from /usr/local/python/3.12.1/lib/python3.12/site-packages/airflow/example_dags/example_dynamic_task_mapping_with_no_taskflow_operators.py
[2026-05-02T17:03:54.496+0000] {logging_mixin.py:190} INFO - [2026-05-02T17:03:54.496+0000] {dag.py:3239} INFO - Sync 1 DAGs
[2026-05-02T17:03:54.506+0000] {logging_mixin.py:190} INFO - [2026-05-02T17:03:54.506+0000] {dag.py:4180} INFO - Setting next_dagrun for example_dynamic_task_mapping_with_no_taskflow_operators to None, run_after=None
[2026-05-02T17:03:54.523+0000] {processor.py:208} INFO - Processing /usr/local/python/3.12.1/lib/python3.12/site-packages/airflow/example_dags/example_dynamic_task_mapping_with_no_taskflow_operators.py took 0.052 seconds
[2026-05-02T17:04:48.168+0000] {processor.py:186} INFO - Started process (PID=40633) to work on /usr/local/python/3.12.1/lib/python3.12/site-packages/airflow/example_dags/example_dynamic_task_mapping_with_no_taskflow_operators.py
[2026-05-02T17:04:48.169+0000] {processor.py:914} INFO - Processing file /usr/local/python/3.12.1/lib/python3.12/site-packages/airflow/example_dags/example_dynamic_task_mapping_with_no_taskflow_operators.py for tasks to queue
[2026-05-02T17:04:48.170+0000] {logging_mixin.py:190} INFO - [2026-05-02T17:04:48.169+0000] {dagbag.py:588} INFO - Filling up the DagBag from /usr/local/python/3.12.1/lib/python3.12/site-packages/airflow/example_dags/example_dynamic_task_mapping_with_no_taskflow_operators.py
[2026-05-02T17:04:48.177+0000] {processor.py:925} INFO - DAG(s) 'example_dynamic_task_mapping_with_no_taskflow_operators' retrieved from /usr/local/python/3.12.1/lib/python3.12/site-packages/airflow/example_dags/example_dynamic_task_mapping_with_no_taskflow_operators.py
[2026-05-02T17:04:48.189+0000] {logging_mixin.py:190} INFO - [2026-05-02T17:04:48.188+0000] {dag.py:3239} INFO - Sync 1 DAGs
[2026-05-02T17:04:48.199+0000] {logging_mixin.py:190} INFO - [2026-05-02T17:04:48.199+0000] {dag.py:4180} INFO - Setting next_dagrun for example_dynamic_task_mapping_with_no_taskflow_operators to None, run_after=None
[2026-05-02T17:04:48.216+0000] {processor.py:208} INFO - Processing /usr/local/python/3.12.1/lib/python3.12/site-packages/airflow/example_dags/example_dynamic_task_mapping_with_no_taskflow_operators.py took 0.053 seconds
[2026-05-02T17:05:44.808+0000] {processor.py:186} INFO - Started process (PID=41124) to work on /usr/local/python/3.12.1/lib/python3.12/site-packages/airflow/example_dags/example_dynamic_task_mapping_with_no_taskflow_operators.py
[2026-05-02T17:05:44.809+0000] {processor.py:914} INFO - Processing file /usr/local/python/3.12.1/lib/python3.12/site-packages/airflow/example_dags/example_dynamic_task_mapping_with_no_taskflow_operators.py for tasks to queue
[2026-05-02T17:05:44.810+0000] {logging_mixin.py:190} INFO - [2026-05-02T17:05:44.810+0000] {dagbag.py:588} INFO - Filling up the DagBag from /usr/local/python/3.12.1/lib/python3.12/site-packages/airflow/example_dags/example_dynamic_task_mapping_with_no_taskflow_operators.py
[2026-05-02T17:05:44.817+0000] {processor.py:925} INFO - DAG(s) 'example_dynamic_task_mapping_with_no_taskflow_operators' retrieved from /usr/local/python/3.12.1/lib/python3.12/site-packages/airflow/example_dags/example_dynamic_task_mapping_with_no_taskflow_operators.py
[2026-05-02T17:05:44.828+0000] {logging_mixin.py:190} INFO - [2026-05-02T17:05:44.828+0000] {dag.py:3239} INFO - Sync 1 DAGs
[2026-05-02T17:05:44.838+0000] {logging_mixin.py:190} INFO - [2026-05-02T17:05:44.838+0000] {dag.py:4180} INFO - Setting next_dagrun for example_dynamic_task_mapping_with_no_taskflow_operators to None, run_after=None
[2026-05-02T17:05:44.857+0000] {processor.py:208} INFO - Processing /usr/local/python/3.12.1/lib/python3.12/site-packages/airflow/example_dags/example_dynamic_task_mapping_with_no_taskflow_operators.py took 0.054 seconds
[2026-05-02T17:06:36.792+0000] {processor.py:186} INFO - Started process (PID=41829) to work on /usr/local/python/3.12.1/lib/python3.12/site-packages/airflow/example_dags/example_dynamic_task_mapping_with_no_taskflow_operators.py
[2026-05-02T17:06:36.793+0000] {processor.py:914} INFO - Processing file /usr/local/python/3.12.1/lib/python3.12/site-packages/airflow/example_dags/example_dynamic_task_mapping_with_no_taskflow_operators.py for tasks to queue
[2026-05-02T17:06:36.794+0000] {logging_mixin.py:190} INFO - [2026-05-02T17:06:36.794+0000] {dagbag.py:588} INFO - Filling up the DagBag from /usr/local/python/3.12.1/lib/python3.12/site-packages/airflow/example_dags/example_dynamic_task_mapping_with_no_taskflow_operators.py
[2026-05-02T17:06:36.801+0000] {processor.py:925} INFO - DAG(s) 'example_dynamic_task_mapping_with_no_taskflow_operators' retrieved from /usr/local/python/3.12.1/lib/python3.12/site-packages/airflow/example_dags/example_dynamic_task_mapping_with_no_taskflow_operators.py
[2026-05-02T17:06:36.814+0000] {logging_mixin.py:190} INFO - [2026-05-02T17:06:36.813+0000] {dag.py:3239} INFO - Sync 1 DAGs
[2026-05-02T17:06:36.824+0000] {logging_mixin.py:190} INFO - [2026-05-02T17:06:36.823+0000] {dag.py:4180} INFO - Setting next_dagrun for example_dynamic_task_mapping_with_no_taskflow_operators to None, run_after=None
[2026-05-02T17:06:36.841+0000] {processor.py:208} INFO - Processing /usr/local/python/3.12.1/lib/python3.12/site-packages/airflow/example_dags/example_dynamic_task_mapping_with_no_taskflow_operators.py took 0.053 seconds
[2026-05-02T17:07:31.605+0000] {processor.py:186} INFO - Started process (PID=42344) to work on /usr/local/python/3.12.1/lib/python3.12/site-packages/airflow/example_dags/example_dynamic_task_mapping_with_no_taskflow_operators.py
[2026-05-02T17:07:31.606+0000] {processor.py:914} INFO - Processing file /usr/local/python/3.12.1/lib/python3.12/site-packages/airflow/example_dags/example_dynamic_task_mapping_with_no_taskflow_operators.py for tasks to queue
[2026-05-02T17:07:31.607+0000] {logging_mixin.py:190} INFO - [2026-05-02T17:07:31.606+0000] {dagbag.py:588} INFO - Filling up the DagBag from /usr/local/python/3.12.1/lib/python3.12/site-packages/airflow/example_dags/example_dynamic_task_mapping_with_no_taskflow_operators.py
[2026-05-02T17:07:31.614+0000] {processor.py:925} INFO - DAG(s) 'example_dynamic_task_mapping_with_no_taskflow_operators' retrieved from /usr/local/python/3.12.1/lib/python3.12/site-packages/airflow/example_dags/example_dynamic_task_mapping_with_no_taskflow_operators.py
[2026-05-02T17:07:31.625+0000] {logging_mixin.py:190} INFO - [2026-05-02T17:07:31.625+0000] {dag.py:3239} INFO - Sync 1 DAGs
[2026-05-02T17:07:31.639+0000] {logging_mixin.py:190} INFO - [2026-05-02T17:07:31.639+0000] {dag.py:4180} INFO - Setting next_dagrun for example_dynamic_task_mapping_with_no_taskflow_operators to None, run_after=None
[2026-05-02T17:07:31.660+0000] {processor.py:208} INFO - Processing /usr/local/python/3.12.1/lib/python3.12/site-packages/airflow/example_dags/example_dynamic_task_mapping_with_no_taskflow_operators.py took 0.060 seconds
[2026-05-02T17:08:40.872+0000] {processor.py:186} INFO - Started process (PID=43450) to work on /usr/local/python/3.12.1/lib/python3.12/site-packages/airflow/example_dags/example_dynamic_task_mapping_with_no_taskflow_operators.py
[2026-05-02T17:08:40.873+0000] {processor.py:914} INFO - Processing file /usr/local/python/3.12.1/lib/python3.12/site-packages/airflow/example_dags/example_dynamic_task_mapping_with_no_taskflow_operators.py for tasks to queue
[2026-05-02T17:08:40.875+0000] {logging_mixin.py:190} INFO - [2026-05-02T17:08:40.874+0000] {dagbag.py:588} INFO - Filling up the DagBag from /usr/local/python/3.12.1/lib/python3.12/site-packages/airflow/example_dags/example_dynamic_task_mapping_with_no_taskflow_operators.py
[2026-05-02T17:08:40.883+0000] {processor.py:925} INFO - DAG(s) 'example_dynamic_task_mapping_with_no_taskflow_operators' retrieved from /usr/local/python/3.12.1/lib/python3.12/site-packages/airflow/example_dags/example_dynamic_task_mapping_with_no_taskflow_operators.py
[2026-05-02T17:08:40.895+0000] {logging_mixin.py:190} INFO - [2026-05-02T17:08:40.895+0000] {dag.py:3239} INFO - Sync 1 DAGs
[2026-05-02T17:08:40.905+0000] {logging_mixin.py:190} INFO - [2026-05-02T17:08:40.905+0000] {dag.py:4180} INFO - Setting next_dagrun for example_dynamic_task_mapping_with_no_taskflow_operators to None, run_after=None
[2026-05-02T17:08:41.058+0000] {processor.py:208} INFO - Processing /usr/local/python/3.12.1/lib/python3.12/site-packages/airflow/example_dags/example_dynamic_task_mapping_with_no_taskflow_operators.py took 0.192 seconds
[2026-05-02T17:09:46.157+0000] {processor.py:186} INFO - Started process (PID=44262) to work on /usr/local/python/3.12.1/lib/python3.12/site-packages/airflow/example_dags/example_dynamic_task_mapping_with_no_taskflow_operators.py
[2026-05-02T17:09:46.158+0000] {processor.py:914} INFO - Processing file /usr/local/python/3.12.1/lib/python3.12/site-packages/airflow/example_dags/example_dynamic_task_mapping_with_no_taskflow_operators.py for tasks to queue
[2026-05-02T17:09:46.159+0000] {logging_mixin.py:190} INFO - [2026-05-02T17:09:46.159+0000] {dagbag.py:588} INFO - Filling up the DagBag from /usr/local/python/3.12.1/lib/python3.12/site-packages/airflow/example_dags/example_dynamic_task_mapping_with_no_taskflow_operators.py
[2026-05-02T17:09:46.167+0000] {processor.py:925} INFO - DAG(s) 'example_dynamic_task_mapping_with_no_taskflow_operators' retrieved from /usr/local/python/3.12.1/lib/python3.12/site-packages/airflow/example_dags/example_dynamic_task_mapping_with_no_taskflow_operators.py
[2026-05-02T17:09:46.179+0000] {logging_mixin.py:190} INFO - [2026-05-02T17:09:46.179+0000] {dag.py:3239} INFO - Sync 1 DAGs
[2026-05-02T17:09:46.189+0000] {logging_mixin.py:190} INFO - [2026-05-02T17:09:46.189+0000] {dag.py:4180} INFO - Setting next_dagrun for example_dynamic_task_mapping_with_no_taskflow_operators to None, run_after=None
[2026-05-02T17:09:46.338+0000] {processor.py:208} INFO - Processing /usr/local/python/3.12.1/lib/python3.12/site-packages/airflow/example_dags/example_dynamic_task_mapping_with_no_taskflow_operators.py took 0.187 seconds
[2026-05-02T17:10:45.285+0000] {processor.py:186} INFO - Started process (PID=44774) to work on /usr/local/python/3.12.1/lib/python3.12/site-packages/airflow/example_dags/example_dynamic_task_mapping_with_no_taskflow_operators.py
[2026-05-02T17:10:45.286+0000] {processor.py:914} INFO - Processing file /usr/local/python/3.12.1/lib/python3.12/site-packages/airflow/example_dags/example_dynamic_task_mapping_with_no_taskflow_operators.py for tasks to queue
[2026-05-02T17:10:45.287+0000] {logging_mixin.py:190} INFO - [2026-05-02T17:10:45.287+0000] {dagbag.py:588} INFO - Filling up the DagBag from /usr/local/python/3.12.1/lib/python3.12/site-packages/airflow/example_dags/example_dynamic_task_mapping_with_no_taskflow_operators.py
[2026-05-02T17:10:45.295+0000] {processor.py:925} INFO - DAG(s) 'example_dynamic_task_mapping_with_no_taskflow_operators' retrieved from /usr/local/python/3.12.1/lib/python3.12/site-packages/airflow/example_dags/example_dynamic_task_mapping_with_no_taskflow_operators.py
[2026-05-02T17:10:45.307+0000] {logging_mixin.py:190} INFO - [2026-05-02T17:10:45.307+0000] {dag.py:3239} INFO - Sync 1 DAGs
[2026-05-02T17:10:45.318+0000] {logging_mixin.py:190} INFO - [2026-05-02T17:10:45.318+0000] {dag.py:4180} INFO - Setting next_dagrun for example_dynamic_task_mapping_with_no_taskflow_operators to None, run_after=None
[2026-05-02T17:10:45.335+0000] {processor.py:208} INFO - Processing /usr/local/python/3.12.1/lib/python3.12/site-packages/airflow/example_dags/example_dynamic_task_mapping_with_no_taskflow_operators.py took 0.055 seconds
[2026-05-02T17:11:39.189+0000] {processor.py:186} INFO - Started process (PID=45258) to work on /usr/local/python/3.12.1/lib/python3.12/site-packages/airflow/example_dags/example_dynamic_task_mapping_with_no_taskflow_operators.py
[2026-05-02T17:11:39.189+0000] {processor.py:914} INFO - Processing file /usr/local/python/3.12.1/lib/python3.12/site-packages/airflow/example_dags/example_dynamic_task_mapping_with_no_taskflow_operators.py for tasks to queue
[2026-05-02T17:11:39.190+0000] {logging_mixin.py:190} INFO - [2026-05-02T17:11:39.190+0000] {dagbag.py:588} INFO - Filling up the DagBag from /usr/local/python/3.12.1/lib/python3.12/site-packages/airflow/example_dags/example_dynamic_task_mapping_with_no_taskflow_operators.py
[2026-05-02T17:11:39.198+0000] {processor.py:925} INFO - DAG(s) 'example_dynamic_task_mapping_with_no_taskflow_operators' retrieved from /usr/local/python/3.12.1/lib/python3.12/site-packages/airflow/example_dags/example_dynamic_task_mapping_with_no_taskflow_operators.py
[2026-05-02T17:11:39.210+0000] {logging_mixin.py:190} INFO - [2026-05-02T17:11:39.210+0000] {dag.py:3239} INFO - Sync 1 DAGs
[2026-05-02T17:11:39.220+0000] {logging_mixin.py:190} INFO - [2026-05-02T17:11:39.220+0000] {dag.py:4180} INFO - Setting next_dagrun for example_dynamic_task_mapping_with_no_taskflow_operators to None, run_after=None
[2026-05-02T17:11:39.237+0000] {processor.py:208} INFO - Processing /usr/local/python/3.12.1/lib/python3.12/site-packages/airflow/example_dags/example_dynamic_task_mapping_with_no_taskflow_operators.py took 0.052 seconds
[2026-05-02T17:12:32.442+0000] {processor.py:186} INFO - Started process (PID=45813) to work on /usr/local/python/3.12.1/lib/python3.12/site-packages/airflow/example_dags/example_dynamic_task_mapping_with_no_taskflow_operators.py
[2026-05-02T17:12:32.442+0000] {processor.py:914} INFO - Processing file /usr/local/python/3.12.1/lib/python3.12/site-packages/airflow/example_dags/example_dynamic_task_mapping_with_no_taskflow_operators.py for tasks to queue
[2026-05-02T17:12:32.444+0000] {logging_mixin.py:190} INFO - [2026-05-02T17:12:32.443+0000] {dagbag.py:588} INFO - Filling up the DagBag from /usr/local/python/3.12.1/lib/python3.12/site-packages/airflow/example_dags/example_dynamic_task_mapping_with_no_taskflow_operators.py
[2026-05-02T17:12:32.453+0000] {processor.py:925} INFO - DAG(s) 'example_dynamic_task_mapping_with_no_taskflow_operators' retrieved from /usr/local/python/3.12.1/lib/python3.12/site-packages/airflow/example_dags/example_dynamic_task_mapping_with_no_taskflow_operators.py
[2026-05-02T17:12:32.467+0000] {logging_mixin.py:190} INFO - [2026-05-02T17:12:32.466+0000] {dag.py:3239} INFO - Sync 1 DAGs
[2026-05-02T17:12:32.476+0000] {logging_mixin.py:190} INFO - [2026-05-02T17:12:32.476+0000] {dag.py:4180} INFO - Setting next_dagrun for example_dynamic_task_mapping_with_no_taskflow_operators to None, run_after=None
[2026-05-02T17:12:32.494+0000] {processor.py:208} INFO - Processing /usr/local/python/3.12.1/lib/python3.12/site-packages/airflow/example_dags/example_dynamic_task_mapping_with_no_taskflow_operators.py took 0.058 seconds
[2026-05-02T17:13:38.175+0000] {processor.py:186} INFO - Started process (PID=46928) to work on /usr/local/python/3.12.1/lib/python3.12/site-packages/airflow/example_dags/example_dynamic_task_mapping_with_no_taskflow_operators.py
[2026-05-02T17:13:38.176+0000] {processor.py:914} INFO - Processing file /usr/local/python/3.12.1/lib/python3.12/site-packages/airflow/example_dags/example_dynamic_task_mapping_with_no_taskflow_operators.py for tasks to queue
[2026-05-02T17:13:38.177+0000] {logging_mixin.py:190} INFO - [2026-05-02T17:13:38.176+0000] {dagbag.py:588} INFO - Filling up the DagBag from /usr/local/python/3.12.1/lib/python3.12/site-packages/airflow/example_dags/example_dynamic_task_mapping_with_no_taskflow_operators.py
[2026-05-02T17:13:38.184+0000] {processor.py:925} INFO - DAG(s) 'example_dynamic_task_mapping_with_no_taskflow_operators' retrieved from /usr/local/python/3.12.1/lib/python3.12/site-packages/airflow/example_dags/example_dynamic_task_mapping_with_no_taskflow_operators.py
[2026-05-02T17:13:38.196+0000] {logging_mixin.py:190} INFO - [2026-05-02T17:13:38.195+0000] {dag.py:3239} INFO - Sync 1 DAGs
[2026-05-02T17:13:38.206+0000] {logging_mixin.py:190} INFO - [2026-05-02T17:13:38.205+0000] {dag.py:4180} INFO - Setting next_dagrun for example_dynamic_task_mapping_with_no_taskflow_operators to None, run_after=None
[2026-05-02T17:13:38.223+0000] {processor.py:208} INFO - Processing /usr/local/python/3.12.1/lib/python3.12/site-packages/airflow/example_dags/example_dynamic_task_mapping_with_no_taskflow_operators.py took 0.053 seconds
[2026-05-02T17:14:37.109+0000] {processor.py:186} INFO - Started process (PID=48058) to work on /usr/local/python/3.12.1/lib/python3.12/site-packages/airflow/example_dags/example_dynamic_task_mapping_with_no_taskflow_operators.py
[2026-05-02T17:14:37.110+0000] {processor.py:914} INFO - Processing file /usr/local/python/3.12.1/lib/python3.12/site-packages/airflow/example_dags/example_dynamic_task_mapping_with_no_taskflow_operators.py for tasks to queue
[2026-05-02T17:14:37.111+0000] {logging_mixin.py:190} INFO - [2026-05-02T17:14:37.110+0000] {dagbag.py:588} INFO - Filling up the DagBag from /usr/local/python/3.12.1/lib/python3.12/site-packages/airflow/example_dags/example_dynamic_task_mapping_with_no_taskflow_operators.py
[2026-05-02T17:14:37.118+0000] {processor.py:925} INFO - DAG(s) 'example_dynamic_task_mapping_with_no_taskflow_operators' retrieved from /usr/local/python/3.12.1/lib/python3.12/site-packages/airflow/example_dags/example_dynamic_task_mapping_with_no_taskflow_operators.py
[2026-05-02T17:14:37.130+0000] {logging_mixin.py:190} INFO - [2026-05-02T17:14:37.129+0000] {dag.py:3239} INFO - Sync 1 DAGs
[2026-05-02T17:14:37.139+0000] {logging_mixin.py:190} INFO - [2026-05-02T17:14:37.139+0000] {dag.py:4180} INFO - Setting next_dagrun for example_dynamic_task_mapping_with_no_taskflow_operators to None, run_after=None
[2026-05-02T17:14:37.157+0000] {processor.py:208} INFO - Processing /usr/local/python/3.12.1/lib/python3.12/site-packages/airflow/example_dags/example_dynamic_task_mapping_with_no_taskflow_operators.py took 0.053 seconds
[2026-05-02T17:15:29.567+0000] {processor.py:186} INFO - Started process (PID=49115) to work on /usr/local/python/3.12.1/lib/python3.12/site-packages/airflow/example_dags/example_dynamic_task_mapping_with_no_taskflow_operators.py
[2026-05-02T17:15:29.567+0000] {processor.py:914} INFO - Processing file /usr/local/python/3.12.1/lib/python3.12/site-packages/airflow/example_dags/example_dynamic_task_mapping_with_no_taskflow_operators.py for tasks to queue
[2026-05-02T17:15:29.569+0000] {logging_mixin.py:190} INFO - [2026-05-02T17:15:29.568+0000] {dagbag.py:588} INFO - Filling up the DagBag from /usr/local/python/3.12.1/lib/python3.12/site-packages/airflow/example_dags/example_dynamic_task_mapping_with_no_taskflow_operators.py
[2026-05-02T17:15:29.576+0000] {processor.py:925} INFO - DAG(s) 'example_dynamic_task_mapping_with_no_taskflow_operators' retrieved from /usr/local/python/3.12.1/lib/python3.12/site-packages/airflow/example_dags/example_dynamic_task_mapping_with_no_taskflow_operators.py
[2026-05-02T17:15:29.591+0000] {logging_mixin.py:190} INFO - [2026-05-02T17:15:29.591+0000] {dag.py:3239} INFO - Sync 1 DAGs
[2026-05-02T17:15:29.601+0000] {logging_mixin.py:190} INFO - [2026-05-02T17:15:29.601+0000] {dag.py:4180} INFO - Setting next_dagrun for example_dynamic_task_mapping_with_no_taskflow_operators to None, run_after=None
[2026-05-02T17:15:29.620+0000] {processor.py:208} INFO - Processing /usr/local/python/3.12.1/lib/python3.12/site-packages/airflow/example_dags/example_dynamic_task_mapping_with_no_taskflow_operators.py took 0.057 seconds
[2026-05-02T17:16:25.236+0000] {processor.py:186} INFO - Started process (PID=50200) to work on /usr/local/python/3.12.1/lib/python3.12/site-packages/airflow/example_dags/example_dynamic_task_mapping_with_no_taskflow_operators.py
[2026-05-02T17:16:25.237+0000] {processor.py:914} INFO - Processing file /usr/local/python/3.12.1/lib/python3.12/site-packages/airflow/example_dags/example_dynamic_task_mapping_with_no_taskflow_operators.py for tasks to queue
[2026-05-02T17:16:25.238+0000] {logging_mixin.py:190} INFO - [2026-05-02T17:16:25.238+0000] {dagbag.py:588} INFO - Filling up the DagBag from /usr/local/python/3.12.1/lib/python3.12/site-packages/airflow/example_dags/example_dynamic_task_mapping_with_no_taskflow_operators.py
[2026-05-02T17:16:25.246+0000] {processor.py:925} INFO - DAG(s) 'example_dynamic_task_mapping_with_no_taskflow_operators' retrieved from /usr/local/python/3.12.1/lib/python3.12/site-packages/airflow/example_dags/example_dynamic_task_mapping_with_no_taskflow_operators.py
[2026-05-02T17:16:25.261+0000] {logging_mixin.py:190} INFO - [2026-05-02T17:16:25.261+0000] {dag.py:3239} INFO - Sync 1 DAGs
[2026-05-02T17:16:25.272+0000] {logging_mixin.py:190} INFO - [2026-05-02T17:16:25.271+0000] {dag.py:4180} INFO - Setting next_dagrun for example_dynamic_task_mapping_with_no_taskflow_operators to None, run_after=None
[2026-05-02T17:16:25.288+0000] {processor.py:208} INFO - Processing /usr/local/python/3.12.1/lib/python3.12/site-packages/airflow/example_dags/example_dynamic_task_mapping_with_no_taskflow_operators.py took 0.057 seconds
[2026-05-02T17:17:21.562+0000] {processor.py:186} INFO - Started process (PID=51326) to work on /usr/local/python/3.12.1/lib/python3.12/site-packages/airflow/example_dags/example_dynamic_task_mapping_with_no_taskflow_operators.py
[2026-05-02T17:17:21.565+0000] {processor.py:914} INFO - Processing file /usr/local/python/3.12.1/lib/python3.12/site-packages/airflow/example_dags/example_dynamic_task_mapping_with_no_taskflow_operators.py for tasks to queue
[2026-05-02T17:17:21.566+0000] {logging_mixin.py:190} INFO - [2026-05-02T17:17:21.566+0000] {dagbag.py:588} INFO - Filling up the DagBag from /usr/local/python/3.12.1/lib/python3.12/site-packages/airflow/example_dags/example_dynamic_task_mapping_with_no_taskflow_operators.py
[2026-05-02T17:17:21.576+0000] {processor.py:925} INFO - DAG(s) 'example_dynamic_task_mapping_with_no_taskflow_operators' retrieved from /usr/local/python/3.12.1/lib/python3.12/site-packages/airflow/example_dags/example_dynamic_task_mapping_with_no_taskflow_operators.py
[2026-05-02T17:17:21.593+0000] {logging_mixin.py:190} INFO - [2026-05-02T17:17:21.593+0000] {dag.py:3239} INFO - Sync 1 DAGs
[2026-05-02T17:17:21.603+0000] {logging_mixin.py:190} INFO - [2026-05-02T17:17:21.603+0000] {dag.py:4180} INFO - Setting next_dagrun for example_dynamic_task_mapping_with_no_taskflow_operators to None, run_after=None
[2026-05-02T17:17:21.620+0000] {processor.py:208} INFO - Processing /usr/local/python/3.12.1/lib/python3.12/site-packages/airflow/example_dags/example_dynamic_task_mapping_with_no_taskflow_operators.py took 0.068 seconds
[2026-05-02T17:18:12.486+0000] {processor.py:186} INFO - Started process (PID=52323) to work on /usr/local/python/3.12.1/lib/python3.12/site-packages/airflow/example_dags/example_dynamic_task_mapping_with_no_taskflow_operators.py
[2026-05-02T17:18:12.489+0000] {processor.py:914} INFO - Processing file /usr/local/python/3.12.1/lib/python3.12/site-packages/airflow/example_dags/example_dynamic_task_mapping_with_no_taskflow_operators.py for tasks to queue
[2026-05-02T17:18:12.492+0000] {logging_mixin.py:190} INFO - [2026-05-02T17:18:12.490+0000] {dagbag.py:588} INFO - Filling up the DagBag from /usr/local/python/3.12.1/lib/python3.12/site-packages/airflow/example_dags/example_dynamic_task_mapping_with_no_taskflow_operators.py
[2026-05-02T17:18:12.517+0000] {processor.py:925} INFO - DAG(s) 'example_dynamic_task_mapping_with_no_taskflow_operators' retrieved from /usr/local/python/3.12.1/lib/python3.12/site-packages/airflow/example_dags/example_dynamic_task_mapping_with_no_taskflow_operators.py
[2026-05-02T17:18:12.560+0000] {logging_mixin.py:190} INFO - [2026-05-02T17:18:12.559+0000] {dag.py:3239} INFO - Sync 1 DAGs
[2026-05-02T17:18:12.576+0000] {logging_mixin.py:190} INFO - [2026-05-02T17:18:12.576+0000] {dag.py:4180} INFO - Setting next_dagrun for example_dynamic_task_mapping_with_no_taskflow_operators to None, run_after=None
[2026-05-02T17:18:12.592+0000] {processor.py:208} INFO - Processing /usr/local/python/3.12.1/lib/python3.12/site-packages/airflow/example_dags/example_dynamic_task_mapping_with_no_taskflow_operators.py took 0.121 seconds
[2026-05-02T17:19:15.258+0000] {processor.py:186} INFO - Started process (PID=53569) to work on /usr/local/python/3.12.1/lib/python3.12/site-packages/airflow/example_dags/example_dynamic_task_mapping_with_no_taskflow_operators.py
[2026-05-02T17:19:15.259+0000] {processor.py:914} INFO - Processing file /usr/local/python/3.12.1/lib/python3.12/site-packages/airflow/example_dags/example_dynamic_task_mapping_with_no_taskflow_operators.py for tasks to queue
[2026-05-02T17:19:15.260+0000] {logging_mixin.py:190} INFO - [2026-05-02T17:19:15.259+0000] {dagbag.py:588} INFO - Filling up the DagBag from /usr/local/python/3.12.1/lib/python3.12/site-packages/airflow/example_dags/example_dynamic_task_mapping_with_no_taskflow_operators.py
[2026-05-02T17:19:15.267+0000] {processor.py:925} INFO - DAG(s) 'example_dynamic_task_mapping_with_no_taskflow_operators' retrieved from /usr/local/python/3.12.1/lib/python3.12/site-packages/airflow/example_dags/example_dynamic_task_mapping_with_no_taskflow_operators.py
[2026-05-02T17:19:15.281+0000] {logging_mixin.py:190} INFO - [2026-05-02T17:19:15.281+0000] {dag.py:3239} INFO - Sync 1 DAGs
[2026-05-02T17:19:15.290+0000] {logging_mixin.py:190} INFO - [2026-05-02T17:19:15.290+0000] {dag.py:4180} INFO - Setting next_dagrun for example_dynamic_task_mapping_with_no_taskflow_operators to None, run_after=None
[2026-05-02T17:19:15.307+0000] {processor.py:208} INFO - Processing /usr/local/python/3.12.1/lib/python3.12/site-packages/airflow/example_dags/example_dynamic_task_mapping_with_no_taskflow_operators.py took 0.054 seconds
[2026-05-02T17:20:13.087+0000] {processor.py:186} INFO - Started process (PID=54723) to work on /usr/local/python/3.12.1/lib/python3.12/site-packages/airflow/example_dags/example_dynamic_task_mapping_with_no_taskflow_operators.py
[2026-05-02T17:20:13.088+0000] {processor.py:914} INFO - Processing file /usr/local/python/3.12.1/lib/python3.12/site-packages/airflow/example_dags/example_dynamic_task_mapping_with_no_taskflow_operators.py for tasks to queue
[2026-05-02T17:20:13.089+0000] {logging_mixin.py:190} INFO - [2026-05-02T17:20:13.089+0000] {dagbag.py:588} INFO - Filling up the DagBag from /usr/local/python/3.12.1/lib/python3.12/site-packages/airflow/example_dags/example_dynamic_task_mapping_with_no_taskflow_operators.py
[2026-05-02T17:20:13.096+0000] {processor.py:925} INFO - DAG(s) 'example_dynamic_task_mapping_with_no_taskflow_operators' retrieved from /usr/local/python/3.12.1/lib/python3.12/site-packages/airflow/example_dags/example_dynamic_task_mapping_with_no_taskflow_operators.py
[2026-05-02T17:20:13.108+0000] {logging_mixin.py:190} INFO - [2026-05-02T17:20:13.108+0000] {dag.py:3239} INFO - Sync 1 DAGs
[2026-05-02T17:20:13.119+0000] {logging_mixin.py:190} INFO - [2026-05-02T17:20:13.119+0000] {dag.py:4180} INFO - Setting next_dagrun for example_dynamic_task_mapping_with_no_taskflow_operators to None, run_after=None
[2026-05-02T17:20:13.136+0000] {processor.py:208} INFO - Processing /usr/local/python/3.12.1/lib/python3.12/site-packages/airflow/example_dags/example_dynamic_task_mapping_with_no_taskflow_operators.py took 0.053 seconds
[2026-05-02T17:21:08.097+0000] {processor.py:186} INFO - Started process (PID=55815) to work on /usr/local/python/3.12.1/lib/python3.12/site-packages/airflow/example_dags/example_dynamic_task_mapping_with_no_taskflow_operators.py
[2026-05-02T17:21:08.098+0000] {processor.py:914} INFO - Processing file /usr/local/python/3.12.1/lib/python3.12/site-packages/airflow/example_dags/example_dynamic_task_mapping_with_no_taskflow_operators.py for tasks to queue
[2026-05-02T17:21:08.099+0000] {logging_mixin.py:190} INFO - [2026-05-02T17:21:08.098+0000] {dagbag.py:588} INFO - Filling up the DagBag from /usr/local/python/3.12.1/lib/python3.12/site-packages/airflow/example_dags/example_dynamic_task_mapping_with_no_taskflow_operators.py
[2026-05-02T17:21:08.106+0000] {processor.py:925} INFO - DAG(s) 'example_dynamic_task_mapping_with_no_taskflow_operators' retrieved from /usr/local/python/3.12.1/lib/python3.12/site-packages/airflow/example_dags/example_dynamic_task_mapping_with_no_taskflow_operators.py
[2026-05-02T17:21:08.119+0000] {logging_mixin.py:190} INFO - [2026-05-02T17:21:08.119+0000] {dag.py:3239} INFO - Sync 1 DAGs
[2026-05-02T17:21:08.132+0000] {logging_mixin.py:190} INFO - [2026-05-02T17:21:08.132+0000] {dag.py:4180} INFO - Setting next_dagrun for example_dynamic_task_mapping_with_no_taskflow_operators to None, run_after=None
[2026-05-02T17:21:08.177+0000] {processor.py:208} INFO - Processing /usr/local/python/3.12.1/lib/python3.12/site-packages/airflow/example_dags/example_dynamic_task_mapping_with_no_taskflow_operators.py took 0.085 seconds
[2026-05-02T17:22:02.056+0000] {processor.py:186} INFO - Started process (PID=56856) to work on /usr/local/python/3.12.1/lib/python3.12/site-packages/airflow/example_dags/example_dynamic_task_mapping_with_no_taskflow_operators.py
[2026-05-02T17:22:02.057+0000] {processor.py:914} INFO - Processing file /usr/local/python/3.12.1/lib/python3.12/site-packages/airflow/example_dags/example_dynamic_task_mapping_with_no_taskflow_operators.py for tasks to queue
[2026-05-02T17:22:02.058+0000] {logging_mixin.py:190} INFO - [2026-05-02T17:22:02.058+0000] {dagbag.py:588} INFO - Filling up the DagBag from /usr/local/python/3.12.1/lib/python3.12/site-packages/airflow/example_dags/example_dynamic_task_mapping_with_no_taskflow_operators.py
[2026-05-02T17:22:02.066+0000] {processor.py:925} INFO - DAG(s) 'example_dynamic_task_mapping_with_no_taskflow_operators' retrieved from /usr/local/python/3.12.1/lib/python3.12/site-packages/airflow/example_dags/example_dynamic_task_mapping_with_no_taskflow_operators.py
[2026-05-02T17:22:02.078+0000] {logging_mixin.py:190} INFO - [2026-05-02T17:22:02.078+0000] {dag.py:3239} INFO - Sync 1 DAGs
[2026-05-02T17:22:02.089+0000] {logging_mixin.py:190} INFO - [2026-05-02T17:22:02.089+0000] {dag.py:4180} INFO - Setting next_dagrun for example_dynamic_task_mapping_with_no_taskflow_operators to None, run_after=None
[2026-05-02T17:22:02.106+0000] {processor.py:208} INFO - Processing /usr/local/python/3.12.1/lib/python3.12/site-packages/airflow/example_dags/example_dynamic_task_mapping_with_no_taskflow_operators.py took 0.056 seconds
[2026-05-02T17:23:16.636+0000] {processor.py:186} INFO - Started process (PID=58335) to work on /usr/local/python/3.12.1/lib/python3.12/site-packages/airflow/example_dags/example_dynamic_task_mapping_with_no_taskflow_operators.py
[2026-05-02T17:23:16.637+0000] {processor.py:914} INFO - Processing file /usr/local/python/3.12.1/lib/python3.12/site-packages/airflow/example_dags/example_dynamic_task_mapping_with_no_taskflow_operators.py for tasks to queue
[2026-05-02T17:23:16.638+0000] {logging_mixin.py:190} INFO - [2026-05-02T17:23:16.637+0000] {dagbag.py:588} INFO - Filling up the DagBag from /usr/local/python/3.12.1/lib/python3.12/site-packages/airflow/example_dags/example_dynamic_task_mapping_with_no_taskflow_operators.py
[2026-05-02T17:23:16.647+0000] {processor.py:925} INFO - DAG(s) 'example_dynamic_task_mapping_with_no_taskflow_operators' retrieved from /usr/local/python/3.12.1/lib/python3.12/site-packages/airflow/example_dags/example_dynamic_task_mapping_with_no_taskflow_operators.py
[2026-05-02T17:23:16.662+0000] {logging_mixin.py:190} INFO - [2026-05-02T17:23:16.662+0000] {dag.py:3239} INFO - Sync 1 DAGs
[2026-05-02T17:23:16.672+0000] {logging_mixin.py:190} INFO - [2026-05-02T17:23:16.672+0000] {dag.py:4180} INFO - Setting next_dagrun for example_dynamic_task_mapping_with_no_taskflow_operators to None, run_after=None
[2026-05-02T17:23:16.688+0000] {processor.py:208} INFO - Processing /usr/local/python/3.12.1/lib/python3.12/site-packages/airflow/example_dags/example_dynamic_task_mapping_with_no_taskflow_operators.py took 0.058 seconds
[2026-05-02T17:24:14.084+0000] {processor.py:186} INFO - Started process (PID=59061) to work on /usr/local/python/3.12.1/lib/python3.12/site-packages/airflow/example_dags/example_dynamic_task_mapping_with_no_taskflow_operators.py
[2026-05-02T17:24:14.084+0000] {processor.py:914} INFO - Processing file /usr/local/python/3.12.1/lib/python3.12/site-packages/airflow/example_dags/example_dynamic_task_mapping_with_no_taskflow_operators.py for tasks to queue
[2026-05-02T17:24:14.085+0000] {logging_mixin.py:190} INFO - [2026-05-02T17:24:14.085+0000] {dagbag.py:588} INFO - Filling up the DagBag from /usr/local/python/3.12.1/lib/python3.12/site-packages/airflow/example_dags/example_dynamic_task_mapping_with_no_taskflow_operators.py
[2026-05-02T17:24:14.093+0000] {processor.py:925} INFO - DAG(s) 'example_dynamic_task_mapping_with_no_taskflow_operators' retrieved from /usr/local/python/3.12.1/lib/python3.12/site-packages/airflow/example_dags/example_dynamic_task_mapping_with_no_taskflow_operators.py
[2026-05-02T17:24:14.105+0000] {logging_mixin.py:190} INFO - [2026-05-02T17:24:14.105+0000] {dag.py:3239} INFO - Sync 1 DAGs
[2026-05-02T17:24:14.115+0000] {logging_mixin.py:190} INFO - [2026-05-02T17:24:14.115+0000] {dag.py:4180} INFO - Setting next_dagrun for example_dynamic_task_mapping_with_no_taskflow_operators to None, run_after=None
[2026-05-02T17:24:14.132+0000] {processor.py:208} INFO - Processing /usr/local/python/3.12.1/lib/python3.12/site-packages/airflow/example_dags/example_dynamic_task_mapping_with_no_taskflow_operators.py took 0.053 seconds
[2026-05-02T17:25:09.376+0000] {processor.py:186} INFO - Started process (PID=59543) to work on /usr/local/python/3.12.1/lib/python3.12/site-packages/airflow/example_dags/example_dynamic_task_mapping_with_no_taskflow_operators.py
[2026-05-02T17:25:09.376+0000] {processor.py:914} INFO - Processing file /usr/local/python/3.12.1/lib/python3.12/site-packages/airflow/example_dags/example_dynamic_task_mapping_with_no_taskflow_operators.py for tasks to queue
[2026-05-02T17:25:09.377+0000] {logging_mixin.py:190} INFO - [2026-05-02T17:25:09.377+0000] {dagbag.py:588} INFO - Filling up the DagBag from /usr/local/python/3.12.1/lib/python3.12/site-packages/airflow/example_dags/example_dynamic_task_mapping_with_no_taskflow_operators.py
[2026-05-02T17:25:09.384+0000] {processor.py:925} INFO - DAG(s) 'example_dynamic_task_mapping_with_no_taskflow_operators' retrieved from /usr/local/python/3.12.1/lib/python3.12/site-packages/airflow/example_dags/example_dynamic_task_mapping_with_no_taskflow_operators.py
[2026-05-02T17:25:09.396+0000] {logging_mixin.py:190} INFO - [2026-05-02T17:25:09.396+0000] {dag.py:3239} INFO - Sync 1 DAGs
[2026-05-02T17:25:09.406+0000] {logging_mixin.py:190} INFO - [2026-05-02T17:25:09.406+0000] {dag.py:4180} INFO - Setting next_dagrun for example_dynamic_task_mapping_with_no_taskflow_operators to None, run_after=None
[2026-05-02T17:25:09.426+0000] {processor.py:208} INFO - Processing /usr/local/python/3.12.1/lib/python3.12/site-packages/airflow/example_dags/example_dynamic_task_mapping_with_no_taskflow_operators.py took 0.054 seconds
[2026-05-02T17:26:02.129+0000] {processor.py:186} INFO - Started process (PID=60030) to work on /usr/local/python/3.12.1/lib/python3.12/site-packages/airflow/example_dags/example_dynamic_task_mapping_with_no_taskflow_operators.py
[2026-05-02T17:26:02.130+0000] {processor.py:914} INFO - Processing file /usr/local/python/3.12.1/lib/python3.12/site-packages/airflow/example_dags/example_dynamic_task_mapping_with_no_taskflow_operators.py for tasks to queue
[2026-05-02T17:26:02.131+0000] {logging_mixin.py:190} INFO - [2026-05-02T17:26:02.130+0000] {dagbag.py:588} INFO - Filling up the DagBag from /usr/local/python/3.12.1/lib/python3.12/site-packages/airflow/example_dags/example_dynamic_task_mapping_with_no_taskflow_operators.py
[2026-05-02T17:26:02.138+0000] {processor.py:925} INFO - DAG(s) 'example_dynamic_task_mapping_with_no_taskflow_operators' retrieved from /usr/local/python/3.12.1/lib/python3.12/site-packages/airflow/example_dags/example_dynamic_task_mapping_with_no_taskflow_operators.py
[2026-05-02T17:26:02.155+0000] {logging_mixin.py:190} INFO - [2026-05-02T17:26:02.155+0000] {dag.py:3239} INFO - Sync 1 DAGs
[2026-05-02T17:26:02.165+0000] {logging_mixin.py:190} INFO - [2026-05-02T17:26:02.165+0000] {dag.py:4180} INFO - Setting next_dagrun for example_dynamic_task_mapping_with_no_taskflow_operators to None, run_after=None
[2026-05-02T17:26:02.182+0000] {processor.py:208} INFO - Processing /usr/local/python/3.12.1/lib/python3.12/site-packages/airflow/example_dags/example_dynamic_task_mapping_with_no_taskflow_operators.py took 0.058 seconds
[2026-05-02T17:26:54.062+0000] {processor.py:186} INFO - Started process (PID=60485) to work on /usr/local/python/3.12.1/lib/python3.12/site-packages/airflow/example_dags/example_dynamic_task_mapping_with_no_taskflow_operators.py
[2026-05-02T17:26:54.063+0000] {processor.py:914} INFO - Processing file /usr/local/python/3.12.1/lib/python3.12/site-packages/airflow/example_dags/example_dynamic_task_mapping_with_no_taskflow_operators.py for tasks to queue
[2026-05-02T17:26:54.064+0000] {logging_mixin.py:190} INFO - [2026-05-02T17:26:54.063+0000] {dagbag.py:588} INFO - Filling up the DagBag from /usr/local/python/3.12.1/lib/python3.12/site-packages/airflow/example_dags/example_dynamic_task_mapping_with_no_taskflow_operators.py
[2026-05-02T17:26:54.071+0000] {processor.py:925} INFO - DAG(s) 'example_dynamic_task_mapping_with_no_taskflow_operators' retrieved from /usr/local/python/3.12.1/lib/python3.12/site-packages/airflow/example_dags/example_dynamic_task_mapping_with_no_taskflow_operators.py
[2026-05-02T17:26:54.082+0000] {logging_mixin.py:190} INFO - [2026-05-02T17:26:54.082+0000] {dag.py:3239} INFO - Sync 1 DAGs
[2026-05-02T17:26:54.092+0000] {logging_mixin.py:190} INFO - [2026-05-02T17:26:54.092+0000] {dag.py:4180} INFO - Setting next_dagrun for example_dynamic_task_mapping_with_no_taskflow_operators to None, run_after=None
[2026-05-02T17:26:54.109+0000] {processor.py:208} INFO - Processing /usr/local/python/3.12.1/lib/python3.12/site-packages/airflow/example_dags/example_dynamic_task_mapping_with_no_taskflow_operators.py took 0.052 seconds
[2026-05-02T17:27:45.550+0000] {processor.py:186} INFO - Started process (PID=61001) to work on /usr/local/python/3.12.1/lib/python3.12/site-packages/airflow/example_dags/example_dynamic_task_mapping_with_no_taskflow_operators.py
[2026-05-02T17:27:45.551+0000] {processor.py:914} INFO - Processing file /usr/local/python/3.12.1/lib/python3.12/site-packages/airflow/example_dags/example_dynamic_task_mapping_with_no_taskflow_operators.py for tasks to queue
[2026-05-02T17:27:45.552+0000] {logging_mixin.py:190} INFO - [2026-05-02T17:27:45.551+0000] {dagbag.py:588} INFO - Filling up the DagBag from /usr/local/python/3.12.1/lib/python3.12/site-packages/airflow/example_dags/example_dynamic_task_mapping_with_no_taskflow_operators.py
[2026-05-02T17:27:45.581+0000] {processor.py:925} INFO - DAG(s) 'example_dynamic_task_mapping_with_no_taskflow_operators' retrieved from /usr/local/python/3.12.1/lib/python3.12/site-packages/airflow/example_dags/example_dynamic_task_mapping_with_no_taskflow_operators.py
[2026-05-02T17:27:45.622+0000] {logging_mixin.py:190} INFO - [2026-05-02T17:27:45.621+0000] {dag.py:3239} INFO - Sync 1 DAGs
[2026-05-02T17:27:45.637+0000] {logging_mixin.py:190} INFO - [2026-05-02T17:27:45.637+0000] {dag.py:4180} INFO - Setting next_dagrun for example_dynamic_task_mapping_with_no_taskflow_operators to None, run_after=None
[2026-05-02T17:27:45.669+0000] {processor.py:208} INFO - Processing /usr/local/python/3.12.1/lib/python3.12/site-packages/airflow/example_dags/example_dynamic_task_mapping_with_no_taskflow_operators.py took 0.126 seconds
[2026-05-02T17:28:37.652+0000] {processor.py:186} INFO - Started process (PID=61463) to work on /usr/local/python/3.12.1/lib/python3.12/site-packages/airflow/example_dags/example_dynamic_task_mapping_with_no_taskflow_operators.py
[2026-05-02T17:28:37.652+0000] {processor.py:914} INFO - Processing file /usr/local/python/3.12.1/lib/python3.12/site-packages/airflow/example_dags/example_dynamic_task_mapping_with_no_taskflow_operators.py for tasks to queue
[2026-05-02T17:28:37.654+0000] {logging_mixin.py:190} INFO - [2026-05-02T17:28:37.653+0000] {dagbag.py:588} INFO - Filling up the DagBag from /usr/local/python/3.12.1/lib/python3.12/site-packages/airflow/example_dags/example_dynamic_task_mapping_with_no_taskflow_operators.py
[2026-05-02T17:28:37.662+0000] {processor.py:925} INFO - DAG(s) 'example_dynamic_task_mapping_with_no_taskflow_operators' retrieved from /usr/local/python/3.12.1/lib/python3.12/site-packages/airflow/example_dags/example_dynamic_task_mapping_with_no_taskflow_operators.py
[2026-05-02T17:28:37.678+0000] {logging_mixin.py:190} INFO - [2026-05-02T17:28:37.678+0000] {dag.py:3239} INFO - Sync 1 DAGs
[2026-05-02T17:28:37.692+0000] {logging_mixin.py:190} INFO - [2026-05-02T17:28:37.692+0000] {dag.py:4180} INFO - Setting next_dagrun for example_dynamic_task_mapping_with_no_taskflow_operators to None, run_after=None
[2026-05-02T17:28:37.709+0000] {processor.py:208} INFO - Processing /usr/local/python/3.12.1/lib/python3.12/site-packages/airflow/example_dags/example_dynamic_task_mapping_with_no_taskflow_operators.py took 0.062 seconds
[2026-05-02T17:29:30.874+0000] {processor.py:186} INFO - Started process (PID=61927) to work on /usr/local/python/3.12.1/lib/python3.12/site-packages/airflow/example_dags/example_dynamic_task_mapping_with_no_taskflow_operators.py
[2026-05-02T17:29:30.875+0000] {processor.py:914} INFO - Processing file /usr/local/python/3.12.1/lib/python3.12/site-packages/airflow/example_dags/example_dynamic_task_mapping_with_no_taskflow_operators.py for tasks to queue
[2026-05-02T17:29:30.876+0000] {logging_mixin.py:190} INFO - [2026-05-02T17:29:30.875+0000] {dagbag.py:588} INFO - Filling up the DagBag from /usr/local/python/3.12.1/lib/python3.12/site-packages/airflow/example_dags/example_dynamic_task_mapping_with_no_taskflow_operators.py
[2026-05-02T17:29:30.883+0000] {processor.py:925} INFO - DAG(s) 'example_dynamic_task_mapping_with_no_taskflow_operators' retrieved from /usr/local/python/3.12.1/lib/python3.12/site-packages/airflow/example_dags/example_dynamic_task_mapping_with_no_taskflow_operators.py
[2026-05-02T17:29:30.894+0000] {logging_mixin.py:190} INFO - [2026-05-02T17:29:30.894+0000] {dag.py:3239} INFO - Sync 1 DAGs
[2026-05-02T17:29:30.904+0000] {logging_mixin.py:190} INFO - [2026-05-02T17:29:30.903+0000] {dag.py:4180} INFO - Setting next_dagrun for example_dynamic_task_mapping_with_no_taskflow_operators to None, run_after=None
[2026-05-02T17:29:30.921+0000] {processor.py:208} INFO - Processing /usr/local/python/3.12.1/lib/python3.12/site-packages/airflow/example_dags/example_dynamic_task_mapping_with_no_taskflow_operators.py took 0.051 seconds
[2026-05-02T17:30:22.906+0000] {processor.py:186} INFO - Started process (PID=62325) to work on /usr/local/python/3.12.1/lib/python3.12/site-packages/airflow/example_dags/example_dynamic_task_mapping_with_no_taskflow_operators.py
[2026-05-02T17:30:22.907+0000] {processor.py:914} INFO - Processing file /usr/local/python/3.12.1/lib/python3.12/site-packages/airflow/example_dags/example_dynamic_task_mapping_with_no_taskflow_operators.py for tasks to queue
[2026-05-02T17:30:22.908+0000] {logging_mixin.py:190} INFO - [2026-05-02T17:30:22.908+0000] {dagbag.py:588} INFO - Filling up the DagBag from /usr/local/python/3.12.1/lib/python3.12/site-packages/airflow/example_dags/example_dynamic_task_mapping_with_no_taskflow_operators.py
[2026-05-02T17:30:22.918+0000] {processor.py:925} INFO - DAG(s) 'example_dynamic_task_mapping_with_no_taskflow_operators' retrieved from /usr/local/python/3.12.1/lib/python3.12/site-packages/airflow/example_dags/example_dynamic_task_mapping_with_no_taskflow_operators.py
[2026-05-02T17:30:22.930+0000] {logging_mixin.py:190} INFO - [2026-05-02T17:30:22.930+0000] {dag.py:3239} INFO - Sync 1 DAGs
[2026-05-02T17:30:22.940+0000] {logging_mixin.py:190} INFO - [2026-05-02T17:30:22.940+0000] {dag.py:4180} INFO - Setting next_dagrun for example_dynamic_task_mapping_with_no_taskflow_operators to None, run_after=None
[2026-05-02T17:30:22.960+0000] {processor.py:208} INFO - Processing /usr/local/python/3.12.1/lib/python3.12/site-packages/airflow/example_dags/example_dynamic_task_mapping_with_no_taskflow_operators.py took 0.059 seconds
[2026-05-02T17:31:19.598+0000] {processor.py:186} INFO - Started process (PID=62957) to work on /usr/local/python/3.12.1/lib/python3.12/site-packages/airflow/example_dags/example_dynamic_task_mapping_with_no_taskflow_operators.py
[2026-05-02T17:31:19.599+0000] {processor.py:914} INFO - Processing file /usr/local/python/3.12.1/lib/python3.12/site-packages/airflow/example_dags/example_dynamic_task_mapping_with_no_taskflow_operators.py for tasks to queue
[2026-05-02T17:31:19.601+0000] {logging_mixin.py:190} INFO - [2026-05-02T17:31:19.600+0000] {dagbag.py:588} INFO - Filling up the DagBag from /usr/local/python/3.12.1/lib/python3.12/site-packages/airflow/example_dags/example_dynamic_task_mapping_with_no_taskflow_operators.py
[2026-05-02T17:31:19.611+0000] {processor.py:925} INFO - DAG(s) 'example_dynamic_task_mapping_with_no_taskflow_operators' retrieved from /usr/local/python/3.12.1/lib/python3.12/site-packages/airflow/example_dags/example_dynamic_task_mapping_with_no_taskflow_operators.py
[2026-05-02T17:31:19.623+0000] {logging_mixin.py:190} INFO - [2026-05-02T17:31:19.623+0000] {dag.py:3239} INFO - Sync 1 DAGs
[2026-05-02T17:31:19.633+0000] {logging_mixin.py:190} INFO - [2026-05-02T17:31:19.633+0000] {dag.py:4180} INFO - Setting next_dagrun for example_dynamic_task_mapping_with_no_taskflow_operators to None, run_after=None
[2026-05-02T17:31:19.652+0000] {processor.py:208} INFO - Processing /usr/local/python/3.12.1/lib/python3.12/site-packages/airflow/example_dags/example_dynamic_task_mapping_with_no_taskflow_operators.py took 0.060 seconds
[2026-05-02T17:32:14.601+0000] {processor.py:186} INFO - Started process (PID=63613) to work on /usr/local/python/3.12.1/lib/python3.12/site-packages/airflow/example_dags/example_dynamic_task_mapping_with_no_taskflow_operators.py
[2026-05-02T17:32:14.602+0000] {processor.py:914} INFO - Processing file /usr/local/python/3.12.1/lib/python3.12/site-packages/airflow/example_dags/example_dynamic_task_mapping_with_no_taskflow_operators.py for tasks to queue
[2026-05-02T17:32:14.603+0000] {logging_mixin.py:190} INFO - [2026-05-02T17:32:14.603+0000] {dagbag.py:588} INFO - Filling up the DagBag from /usr/local/python/3.12.1/lib/python3.12/site-packages/airflow/example_dags/example_dynamic_task_mapping_with_no_taskflow_operators.py
[2026-05-02T17:32:14.610+0000] {processor.py:925} INFO - DAG(s) 'example_dynamic_task_mapping_with_no_taskflow_operators' retrieved from /usr/local/python/3.12.1/lib/python3.12/site-packages/airflow/example_dags/example_dynamic_task_mapping_with_no_taskflow_operators.py
[2026-05-02T17:32:14.622+0000] {logging_mixin.py:190} INFO - [2026-05-02T17:32:14.622+0000] {dag.py:3239} INFO - Sync 1 DAGs
[2026-05-02T17:32:14.633+0000] {logging_mixin.py:190} INFO - [2026-05-02T17:32:14.633+0000] {dag.py:4180} INFO - Setting next_dagrun for example_dynamic_task_mapping_with_no_taskflow_operators to None, run_after=None
[2026-05-02T17:32:14.651+0000] {processor.py:208} INFO - Processing /usr/local/python/3.12.1/lib/python3.12/site-packages/airflow/example_dags/example_dynamic_task_mapping_with_no_taskflow_operators.py took 0.055 seconds
[2026-05-02T17:33:07.225+0000] {processor.py:186} INFO - Started process (PID=64132) to work on /usr/local/python/3.12.1/lib/python3.12/site-packages/airflow/example_dags/example_dynamic_task_mapping_with_no_taskflow_operators.py
[2026-05-02T17:33:07.225+0000] {processor.py:914} INFO - Processing file /usr/local/python/3.12.1/lib/python3.12/site-packages/airflow/example_dags/example_dynamic_task_mapping_with_no_taskflow_operators.py for tasks to queue
[2026-05-02T17:33:07.226+0000] {logging_mixin.py:190} INFO - [2026-05-02T17:33:07.226+0000] {dagbag.py:588} INFO - Filling up the DagBag from /usr/local/python/3.12.1/lib/python3.12/site-packages/airflow/example_dags/example_dynamic_task_mapping_with_no_taskflow_operators.py
[2026-05-02T17:33:07.234+0000] {processor.py:925} INFO - DAG(s) 'example_dynamic_task_mapping_with_no_taskflow_operators' retrieved from /usr/local/python/3.12.1/lib/python3.12/site-packages/airflow/example_dags/example_dynamic_task_mapping_with_no_taskflow_operators.py
[2026-05-02T17:33:07.248+0000] {logging_mixin.py:190} INFO - [2026-05-02T17:33:07.248+0000] {dag.py:3239} INFO - Sync 1 DAGs
[2026-05-02T17:33:07.262+0000] {logging_mixin.py:190} INFO - [2026-05-02T17:33:07.262+0000] {dag.py:4180} INFO - Setting next_dagrun for example_dynamic_task_mapping_with_no_taskflow_operators to None, run_after=None
[2026-05-02T17:33:07.279+0000] {processor.py:208} INFO - Processing /usr/local/python/3.12.1/lib/python3.12/site-packages/airflow/example_dags/example_dynamic_task_mapping_with_no_taskflow_operators.py took 0.059 seconds
[2026-05-02T17:33:58.809+0000] {processor.py:186} INFO - Started process (PID=64595) to work on /usr/local/python/3.12.1/lib/python3.12/site-packages/airflow/example_dags/example_dynamic_task_mapping_with_no_taskflow_operators.py
[2026-05-02T17:33:58.810+0000] {processor.py:914} INFO - Processing file /usr/local/python/3.12.1/lib/python3.12/site-packages/airflow/example_dags/example_dynamic_task_mapping_with_no_taskflow_operators.py for tasks to queue
[2026-05-02T17:33:58.811+0000] {logging_mixin.py:190} INFO - [2026-05-02T17:33:58.811+0000] {dagbag.py:588} INFO - Filling up the DagBag from /usr/local/python/3.12.1/lib/python3.12/site-packages/airflow/example_dags/example_dynamic_task_mapping_with_no_taskflow_operators.py
[2026-05-02T17:33:58.819+0000] {processor.py:925} INFO - DAG(s) 'example_dynamic_task_mapping_with_no_taskflow_operators' retrieved from /usr/local/python/3.12.1/lib/python3.12/site-packages/airflow/example_dags/example_dynamic_task_mapping_with_no_taskflow_operators.py
[2026-05-02T17:33:58.831+0000] {logging_mixin.py:190} INFO - [2026-05-02T17:33:58.831+0000] {dag.py:3239} INFO - Sync 1 DAGs
[2026-05-02T17:33:58.842+0000] {logging_mixin.py:190} INFO - [2026-05-02T17:33:58.842+0000] {dag.py:4180} INFO - Setting next_dagrun for example_dynamic_task_mapping_with_no_taskflow_operators to None, run_after=None
[2026-05-02T17:33:58.861+0000] {processor.py:208} INFO - Processing /usr/local/python/3.12.1/lib/python3.12/site-packages/airflow/example_dags/example_dynamic_task_mapping_with_no_taskflow_operators.py took 0.057 seconds
[2026-05-02T17:35:06.671+0000] {processor.py:186} INFO - Started process (PID=65737) to work on /usr/local/python/3.12.1/lib/python3.12/site-packages/airflow/example_dags/example_dynamic_task_mapping_with_no_taskflow_operators.py
[2026-05-02T17:35:06.672+0000] {processor.py:914} INFO - Processing file /usr/local/python/3.12.1/lib/python3.12/site-packages/airflow/example_dags/example_dynamic_task_mapping_with_no_taskflow_operators.py for tasks to queue
[2026-05-02T17:35:06.673+0000] {logging_mixin.py:190} INFO - [2026-05-02T17:35:06.673+0000] {dagbag.py:588} INFO - Filling up the DagBag from /usr/local/python/3.12.1/lib/python3.12/site-packages/airflow/example_dags/example_dynamic_task_mapping_with_no_taskflow_operators.py
[2026-05-02T17:35:06.681+0000] {processor.py:925} INFO - DAG(s) 'example_dynamic_task_mapping_with_no_taskflow_operators' retrieved from /usr/local/python/3.12.1/lib/python3.12/site-packages/airflow/example_dags/example_dynamic_task_mapping_with_no_taskflow_operators.py
[2026-05-02T17:35:06.692+0000] {logging_mixin.py:190} INFO - [2026-05-02T17:35:06.692+0000] {dag.py:3239} INFO - Sync 1 DAGs
[2026-05-02T17:35:06.702+0000] {logging_mixin.py:190} INFO - [2026-05-02T17:35:06.702+0000] {dag.py:4180} INFO - Setting next_dagrun for example_dynamic_task_mapping_with_no_taskflow_operators to None, run_after=None
[2026-05-02T17:35:06.719+0000] {processor.py:208} INFO - Processing /usr/local/python/3.12.1/lib/python3.12/site-packages/airflow/example_dags/example_dynamic_task_mapping_with_no_taskflow_operators.py took 0.055 seconds
[2026-05-02T17:36:03.557+0000] {processor.py:186} INFO - Started process (PID=66479) to work on /usr/local/python/3.12.1/lib/python3.12/site-packages/airflow/example_dags/example_dynamic_task_mapping_with_no_taskflow_operators.py
[2026-05-02T17:36:03.557+0000] {processor.py:914} INFO - Processing file /usr/local/python/3.12.1/lib/python3.12/site-packages/airflow/example_dags/example_dynamic_task_mapping_with_no_taskflow_operators.py for tasks to queue
[2026-05-02T17:36:03.559+0000] {logging_mixin.py:190} INFO - [2026-05-02T17:36:03.558+0000] {dagbag.py:588} INFO - Filling up the DagBag from /usr/local/python/3.12.1/lib/python3.12/site-packages/airflow/example_dags/example_dynamic_task_mapping_with_no_taskflow_operators.py
[2026-05-02T17:36:03.568+0000] {processor.py:925} INFO - DAG(s) 'example_dynamic_task_mapping_with_no_taskflow_operators' retrieved from /usr/local/python/3.12.1/lib/python3.12/site-packages/airflow/example_dags/example_dynamic_task_mapping_with_no_taskflow_operators.py
[2026-05-02T17:36:03.580+0000] {logging_mixin.py:190} INFO - [2026-05-02T17:36:03.580+0000] {dag.py:3239} INFO - Sync 1 DAGs
[2026-05-02T17:36:03.589+0000] {logging_mixin.py:190} INFO - [2026-05-02T17:36:03.589+0000] {dag.py:4180} INFO - Setting next_dagrun for example_dynamic_task_mapping_with_no_taskflow_operators to None, run_after=None
[2026-05-02T17:36:03.606+0000] {processor.py:208} INFO - Processing /usr/local/python/3.12.1/lib/python3.12/site-packages/airflow/example_dags/example_dynamic_task_mapping_with_no_taskflow_operators.py took 0.053 seconds
[2026-05-02T17:36:56.134+0000] {processor.py:186} INFO - Started process (PID=67180) to work on /usr/local/python/3.12.1/lib/python3.12/site-packages/airflow/example_dags/example_dynamic_task_mapping_with_no_taskflow_operators.py
[2026-05-02T17:36:56.135+0000] {processor.py:914} INFO - Processing file /usr/local/python/3.12.1/lib/python3.12/site-packages/airflow/example_dags/example_dynamic_task_mapping_with_no_taskflow_operators.py for tasks to queue
[2026-05-02T17:36:56.136+0000] {logging_mixin.py:190} INFO - [2026-05-02T17:36:56.135+0000] {dagbag.py:588} INFO - Filling up the DagBag from /usr/local/python/3.12.1/lib/python3.12/site-packages/airflow/example_dags/example_dynamic_task_mapping_with_no_taskflow_operators.py
[2026-05-02T17:36:56.149+0000] {processor.py:925} INFO - DAG(s) 'example_dynamic_task_mapping_with_no_taskflow_operators' retrieved from /usr/local/python/3.12.1/lib/python3.12/site-packages/airflow/example_dags/example_dynamic_task_mapping_with_no_taskflow_operators.py
[2026-05-02T17:36:56.177+0000] {logging_mixin.py:190} INFO - [2026-05-02T17:36:56.176+0000] {dag.py:3239} INFO - Sync 1 DAGs
[2026-05-02T17:36:56.196+0000] {logging_mixin.py:190} INFO - [2026-05-02T17:36:56.196+0000] {dag.py:4180} INFO - Setting next_dagrun for example_dynamic_task_mapping_with_no_taskflow_operators to None, run_after=None
[2026-05-02T17:36:56.223+0000] {processor.py:208} INFO - Processing /usr/local/python/3.12.1/lib/python3.12/site-packages/airflow/example_dags/example_dynamic_task_mapping_with_no_taskflow_operators.py took 0.094 seconds
[2026-05-02T17:38:03.693+0000] {processor.py:186} INFO - Started process (PID=68187) to work on /usr/local/python/3.12.1/lib/python3.12/site-packages/airflow/example_dags/example_dynamic_task_mapping_with_no_taskflow_operators.py
[2026-05-02T17:38:03.694+0000] {processor.py:914} INFO - Processing file /usr/local/python/3.12.1/lib/python3.12/site-packages/airflow/example_dags/example_dynamic_task_mapping_with_no_taskflow_operators.py for tasks to queue
[2026-05-02T17:38:03.695+0000] {logging_mixin.py:190} INFO - [2026-05-02T17:38:03.694+0000] {dagbag.py:588} INFO - Filling up the DagBag from /usr/local/python/3.12.1/lib/python3.12/site-packages/airflow/example_dags/example_dynamic_task_mapping_with_no_taskflow_operators.py
[2026-05-02T17:38:03.702+0000] {processor.py:925} INFO - DAG(s) 'example_dynamic_task_mapping_with_no_taskflow_operators' retrieved from /usr/local/python/3.12.1/lib/python3.12/site-packages/airflow/example_dags/example_dynamic_task_mapping_with_no_taskflow_operators.py
[2026-05-02T17:38:03.714+0000] {logging_mixin.py:190} INFO - [2026-05-02T17:38:03.714+0000] {dag.py:3239} INFO - Sync 1 DAGs
[2026-05-02T17:38:03.723+0000] {logging_mixin.py:190} INFO - [2026-05-02T17:38:03.723+0000] {dag.py:4180} INFO - Setting next_dagrun for example_dynamic_task_mapping_with_no_taskflow_operators to None, run_after=None
[2026-05-02T17:38:03.744+0000] {processor.py:208} INFO - Processing /usr/local/python/3.12.1/lib/python3.12/site-packages/airflow/example_dags/example_dynamic_task_mapping_with_no_taskflow_operators.py took 0.056 seconds
[2026-05-02T17:38:57.887+0000] {processor.py:186} INFO - Started process (PID=68679) to work on /usr/local/python/3.12.1/lib/python3.12/site-packages/airflow/example_dags/example_dynamic_task_mapping_with_no_taskflow_operators.py
[2026-05-02T17:38:57.888+0000] {processor.py:914} INFO - Processing file /usr/local/python/3.12.1/lib/python3.12/site-packages/airflow/example_dags/example_dynamic_task_mapping_with_no_taskflow_operators.py for tasks to queue
[2026-05-02T17:38:57.889+0000] {logging_mixin.py:190} INFO - [2026-05-02T17:38:57.889+0000] {dagbag.py:588} INFO - Filling up the DagBag from /usr/local/python/3.12.1/lib/python3.12/site-packages/airflow/example_dags/example_dynamic_task_mapping_with_no_taskflow_operators.py
[2026-05-02T17:38:57.897+0000] {processor.py:925} INFO - DAG(s) 'example_dynamic_task_mapping_with_no_taskflow_operators' retrieved from /usr/local/python/3.12.1/lib/python3.12/site-packages/airflow/example_dags/example_dynamic_task_mapping_with_no_taskflow_operators.py
[2026-05-02T17:38:57.909+0000] {logging_mixin.py:190} INFO - [2026-05-02T17:38:57.909+0000] {dag.py:3239} INFO - Sync 1 DAGs
[2026-05-02T17:38:57.920+0000] {logging_mixin.py:190} INFO - [2026-05-02T17:38:57.919+0000] {dag.py:4180} INFO - Setting next_dagrun for example_dynamic_task_mapping_with_no_taskflow_operators to None, run_after=None
[2026-05-02T17:38:57.939+0000] {processor.py:208} INFO - Processing /usr/local/python/3.12.1/lib/python3.12/site-packages/airflow/example_dags/example_dynamic_task_mapping_with_no_taskflow_operators.py took 0.056 seconds
[2026-05-02T17:39:51.279+0000] {processor.py:186} INFO - Started process (PID=69160) to work on /usr/local/python/3.12.1/lib/python3.12/site-packages/airflow/example_dags/example_dynamic_task_mapping_with_no_taskflow_operators.py
[2026-05-02T17:39:51.280+0000] {processor.py:914} INFO - Processing file /usr/local/python/3.12.1/lib/python3.12/site-packages/airflow/example_dags/example_dynamic_task_mapping_with_no_taskflow_operators.py for tasks to queue
[2026-05-02T17:39:51.281+0000] {logging_mixin.py:190} INFO - [2026-05-02T17:39:51.281+0000] {dagbag.py:588} INFO - Filling up the DagBag from /usr/local/python/3.12.1/lib/python3.12/site-packages/airflow/example_dags/example_dynamic_task_mapping_with_no_taskflow_operators.py
[2026-05-02T17:39:51.288+0000] {processor.py:925} INFO - DAG(s) 'example_dynamic_task_mapping_with_no_taskflow_operators' retrieved from /usr/local/python/3.12.1/lib/python3.12/site-packages/airflow/example_dags/example_dynamic_task_mapping_with_no_taskflow_operators.py
[2026-05-02T17:39:51.301+0000] {logging_mixin.py:190} INFO - [2026-05-02T17:39:51.301+0000] {dag.py:3239} INFO - Sync 1 DAGs
[2026-05-02T17:39:51.314+0000] {logging_mixin.py:190} INFO - [2026-05-02T17:39:51.313+0000] {dag.py:4180} INFO - Setting next_dagrun for example_dynamic_task_mapping_with_no_taskflow_operators to None, run_after=None
[2026-05-02T17:39:51.332+0000] {processor.py:208} INFO - Processing /usr/local/python/3.12.1/lib/python3.12/site-packages/airflow/example_dags/example_dynamic_task_mapping_with_no_taskflow_operators.py took 0.058 seconds
[2026-05-02T17:40:43.886+0000] {processor.py:186} INFO - Started process (PID=69663) to work on /usr/local/python/3.12.1/lib/python3.12/site-packages/airflow/example_dags/example_dynamic_task_mapping_with_no_taskflow_operators.py
[2026-05-02T17:40:43.886+0000] {processor.py:914} INFO - Processing file /usr/local/python/3.12.1/lib/python3.12/site-packages/airflow/example_dags/example_dynamic_task_mapping_with_no_taskflow_operators.py for tasks to queue
[2026-05-02T17:40:43.887+0000] {logging_mixin.py:190} INFO - [2026-05-02T17:40:43.887+0000] {dagbag.py:588} INFO - Filling up the DagBag from /usr/local/python/3.12.1/lib/python3.12/site-packages/airflow/example_dags/example_dynamic_task_mapping_with_no_taskflow_operators.py
[2026-05-02T17:40:43.894+0000] {processor.py:925} INFO - DAG(s) 'example_dynamic_task_mapping_with_no_taskflow_operators' retrieved from /usr/local/python/3.12.1/lib/python3.12/site-packages/airflow/example_dags/example_dynamic_task_mapping_with_no_taskflow_operators.py
[2026-05-02T17:40:43.906+0000] {logging_mixin.py:190} INFO - [2026-05-02T17:40:43.906+0000] {dag.py:3239} INFO - Sync 1 DAGs
[2026-05-02T17:40:43.916+0000] {logging_mixin.py:190} INFO - [2026-05-02T17:40:43.916+0000] {dag.py:4180} INFO - Setting next_dagrun for example_dynamic_task_mapping_with_no_taskflow_operators to None, run_after=None
[2026-05-02T17:40:43.937+0000] {processor.py:208} INFO - Processing /usr/local/python/3.12.1/lib/python3.12/site-packages/airflow/example_dags/example_dynamic_task_mapping_with_no_taskflow_operators.py took 0.056 seconds
[2026-05-02T17:41:37.854+0000] {processor.py:186} INFO - Started process (PID=70131) to work on /usr/local/python/3.12.1/lib/python3.12/site-packages/airflow/example_dags/example_dynamic_task_mapping_with_no_taskflow_operators.py
[2026-05-02T17:41:37.855+0000] {processor.py:914} INFO - Processing file /usr/local/python/3.12.1/lib/python3.12/site-packages/airflow/example_dags/example_dynamic_task_mapping_with_no_taskflow_operators.py for tasks to queue
[2026-05-02T17:41:37.857+0000] {logging_mixin.py:190} INFO - [2026-05-02T17:41:37.856+0000] {dagbag.py:588} INFO - Filling up the DagBag from /usr/local/python/3.12.1/lib/python3.12/site-packages/airflow/example_dags/example_dynamic_task_mapping_with_no_taskflow_operators.py
[2026-05-02T17:41:37.868+0000] {processor.py:925} INFO - DAG(s) 'example_dynamic_task_mapping_with_no_taskflow_operators' retrieved from /usr/local/python/3.12.1/lib/python3.12/site-packages/airflow/example_dags/example_dynamic_task_mapping_with_no_taskflow_operators.py
[2026-05-02T17:41:37.898+0000] {logging_mixin.py:190} INFO - [2026-05-02T17:41:37.897+0000] {dag.py:3239} INFO - Sync 1 DAGs
[2026-05-02T17:41:37.908+0000] {logging_mixin.py:190} INFO - [2026-05-02T17:41:37.908+0000] {dag.py:4180} INFO - Setting next_dagrun for example_dynamic_task_mapping_with_no_taskflow_operators to None, run_after=None
[2026-05-02T17:41:37.925+0000] {processor.py:208} INFO - Processing /usr/local/python/3.12.1/lib/python3.12/site-packages/airflow/example_dags/example_dynamic_task_mapping_with_no_taskflow_operators.py took 0.084 seconds
[2026-05-02T17:42:37.031+0000] {processor.py:186} INFO - Started process (PID=70962) to work on /usr/local/python/3.12.1/lib/python3.12/site-packages/airflow/example_dags/example_dynamic_task_mapping_with_no_taskflow_operators.py
[2026-05-02T17:42:37.031+0000] {processor.py:914} INFO - Processing file /usr/local/python/3.12.1/lib/python3.12/site-packages/airflow/example_dags/example_dynamic_task_mapping_with_no_taskflow_operators.py for tasks to queue
[2026-05-02T17:42:37.032+0000] {logging_mixin.py:190} INFO - [2026-05-02T17:42:37.032+0000] {dagbag.py:588} INFO - Filling up the DagBag from /usr/local/python/3.12.1/lib/python3.12/site-packages/airflow/example_dags/example_dynamic_task_mapping_with_no_taskflow_operators.py
[2026-05-02T17:42:37.039+0000] {processor.py:925} INFO - DAG(s) 'example_dynamic_task_mapping_with_no_taskflow_operators' retrieved from /usr/local/python/3.12.1/lib/python3.12/site-packages/airflow/example_dags/example_dynamic_task_mapping_with_no_taskflow_operators.py
[2026-05-02T17:42:37.055+0000] {logging_mixin.py:190} INFO - [2026-05-02T17:42:37.055+0000] {dag.py:3239} INFO - Sync 1 DAGs
[2026-05-02T17:42:37.066+0000] {logging_mixin.py:190} INFO - [2026-05-02T17:42:37.066+0000] {dag.py:4180} INFO - Setting next_dagrun for example_dynamic_task_mapping_with_no_taskflow_operators to None, run_after=None
[2026-05-02T17:42:37.083+0000] {processor.py:208} INFO - Processing /usr/local/python/3.12.1/lib/python3.12/site-packages/airflow/example_dags/example_dynamic_task_mapping_with_no_taskflow_operators.py took 0.057 seconds
[2026-05-02T17:43:32.554+0000] {processor.py:186} INFO - Started process (PID=71483) to work on /usr/local/python/3.12.1/lib/python3.12/site-packages/airflow/example_dags/example_dynamic_task_mapping_with_no_taskflow_operators.py
[2026-05-02T17:43:32.555+0000] {processor.py:914} INFO - Processing file /usr/local/python/3.12.1/lib/python3.12/site-packages/airflow/example_dags/example_dynamic_task_mapping_with_no_taskflow_operators.py for tasks to queue
[2026-05-02T17:43:32.557+0000] {logging_mixin.py:190} INFO - [2026-05-02T17:43:32.556+0000] {dagbag.py:588} INFO - Filling up the DagBag from /usr/local/python/3.12.1/lib/python3.12/site-packages/airflow/example_dags/example_dynamic_task_mapping_with_no_taskflow_operators.py
[2026-05-02T17:43:32.579+0000] {processor.py:925} INFO - DAG(s) 'example_dynamic_task_mapping_with_no_taskflow_operators' retrieved from /usr/local/python/3.12.1/lib/python3.12/site-packages/airflow/example_dags/example_dynamic_task_mapping_with_no_taskflow_operators.py
[2026-05-02T17:43:32.597+0000] {logging_mixin.py:190} INFO - [2026-05-02T17:43:32.597+0000] {dag.py:3239} INFO - Sync 1 DAGs
[2026-05-02T17:43:32.624+0000] {logging_mixin.py:190} INFO - [2026-05-02T17:43:32.624+0000] {dag.py:4180} INFO - Setting next_dagrun for example_dynamic_task_mapping_with_no_taskflow_operators to None, run_after=None
[2026-05-02T17:43:32.643+0000] {processor.py:208} INFO - Processing /usr/local/python/3.12.1/lib/python3.12/site-packages/airflow/example_dags/example_dynamic_task_mapping_with_no_taskflow_operators.py took 0.097 seconds
[2026-05-02T17:44:25.483+0000] {processor.py:186} INFO - Started process (PID=71907) to work on /usr/local/python/3.12.1/lib/python3.12/site-packages/airflow/example_dags/example_dynamic_task_mapping_with_no_taskflow_operators.py
[2026-05-02T17:44:25.483+0000] {processor.py:914} INFO - Processing file /usr/local/python/3.12.1/lib/python3.12/site-packages/airflow/example_dags/example_dynamic_task_mapping_with_no_taskflow_operators.py for tasks to queue
[2026-05-02T17:44:25.484+0000] {logging_mixin.py:190} INFO - [2026-05-02T17:44:25.484+0000] {dagbag.py:588} INFO - Filling up the DagBag from /usr/local/python/3.12.1/lib/python3.12/site-packages/airflow/example_dags/example_dynamic_task_mapping_with_no_taskflow_operators.py
[2026-05-02T17:44:25.491+0000] {processor.py:925} INFO - DAG(s) 'example_dynamic_task_mapping_with_no_taskflow_operators' retrieved from /usr/local/python/3.12.1/lib/python3.12/site-packages/airflow/example_dags/example_dynamic_task_mapping_with_no_taskflow_operators.py
[2026-05-02T17:44:25.503+0000] {logging_mixin.py:190} INFO - [2026-05-02T17:44:25.503+0000] {dag.py:3239} INFO - Sync 1 DAGs
[2026-05-02T17:44:25.513+0000] {logging_mixin.py:190} INFO - [2026-05-02T17:44:25.512+0000] {dag.py:4180} INFO - Setting next_dagrun for example_dynamic_task_mapping_with_no_taskflow_operators to None, run_after=None
[2026-05-02T17:44:25.530+0000] {processor.py:208} INFO - Processing /usr/local/python/3.12.1/lib/python3.12/site-packages/airflow/example_dags/example_dynamic_task_mapping_with_no_taskflow_operators.py took 0.051 seconds
[2026-05-02T17:45:18.221+0000] {processor.py:186} INFO - Started process (PID=72727) to work on /usr/local/python/3.12.1/lib/python3.12/site-packages/airflow/example_dags/example_dynamic_task_mapping_with_no_taskflow_operators.py
[2026-05-02T17:45:18.222+0000] {processor.py:914} INFO - Processing file /usr/local/python/3.12.1/lib/python3.12/site-packages/airflow/example_dags/example_dynamic_task_mapping_with_no_taskflow_operators.py for tasks to queue
[2026-05-02T17:45:18.223+0000] {logging_mixin.py:190} INFO - [2026-05-02T17:45:18.223+0000] {dagbag.py:588} INFO - Filling up the DagBag from /usr/local/python/3.12.1/lib/python3.12/site-packages/airflow/example_dags/example_dynamic_task_mapping_with_no_taskflow_operators.py
[2026-05-02T17:45:18.231+0000] {processor.py:925} INFO - DAG(s) 'example_dynamic_task_mapping_with_no_taskflow_operators' retrieved from /usr/local/python/3.12.1/lib/python3.12/site-packages/airflow/example_dags/example_dynamic_task_mapping_with_no_taskflow_operators.py
[2026-05-02T17:45:18.244+0000] {logging_mixin.py:190} INFO - [2026-05-02T17:45:18.244+0000] {dag.py:3239} INFO - Sync 1 DAGs
[2026-05-02T17:45:18.257+0000] {logging_mixin.py:190} INFO - [2026-05-02T17:45:18.257+0000] {dag.py:4180} INFO - Setting next_dagrun for example_dynamic_task_mapping_with_no_taskflow_operators to None, run_after=None
[2026-05-02T17:45:18.278+0000] {processor.py:208} INFO - Processing /usr/local/python/3.12.1/lib/python3.12/site-packages/airflow/example_dags/example_dynamic_task_mapping_with_no_taskflow_operators.py took 0.062 seconds
[2026-05-02T17:46:25.877+0000] {processor.py:186} INFO - Started process (PID=73497) to work on /usr/local/python/3.12.1/lib/python3.12/site-packages/airflow/example_dags/example_dynamic_task_mapping_with_no_taskflow_operators.py
[2026-05-02T17:46:25.877+0000] {processor.py:914} INFO - Processing file /usr/local/python/3.12.1/lib/python3.12/site-packages/airflow/example_dags/example_dynamic_task_mapping_with_no_taskflow_operators.py for tasks to queue
[2026-05-02T17:46:25.878+0000] {logging_mixin.py:190} INFO - [2026-05-02T17:46:25.878+0000] {dagbag.py:588} INFO - Filling up the DagBag from /usr/local/python/3.12.1/lib/python3.12/site-packages/airflow/example_dags/example_dynamic_task_mapping_with_no_taskflow_operators.py
[2026-05-02T17:46:25.885+0000] {processor.py:925} INFO - DAG(s) 'example_dynamic_task_mapping_with_no_taskflow_operators' retrieved from /usr/local/python/3.12.1/lib/python3.12/site-packages/airflow/example_dags/example_dynamic_task_mapping_with_no_taskflow_operators.py
[2026-05-02T17:46:25.897+0000] {logging_mixin.py:190} INFO - [2026-05-02T17:46:25.897+0000] {dag.py:3239} INFO - Sync 1 DAGs
[2026-05-02T17:46:25.909+0000] {logging_mixin.py:190} INFO - [2026-05-02T17:46:25.909+0000] {dag.py:4180} INFO - Setting next_dagrun for example_dynamic_task_mapping_with_no_taskflow_operators to None, run_after=None
[2026-05-02T17:46:25.927+0000] {processor.py:208} INFO - Processing /usr/local/python/3.12.1/lib/python3.12/site-packages/airflow/example_dags/example_dynamic_task_mapping_with_no_taskflow_operators.py took 0.055 seconds
[2026-05-02T17:47:30.340+0000] {processor.py:186} INFO - Started process (PID=74235) to work on /usr/local/python/3.12.1/lib/python3.12/site-packages/airflow/example_dags/example_dynamic_task_mapping_with_no_taskflow_operators.py
[2026-05-02T17:47:30.341+0000] {processor.py:914} INFO - Processing file /usr/local/python/3.12.1/lib/python3.12/site-packages/airflow/example_dags/example_dynamic_task_mapping_with_no_taskflow_operators.py for tasks to queue
[2026-05-02T17:47:30.342+0000] {logging_mixin.py:190} INFO - [2026-05-02T17:47:30.342+0000] {dagbag.py:588} INFO - Filling up the DagBag from /usr/local/python/3.12.1/lib/python3.12/site-packages/airflow/example_dags/example_dynamic_task_mapping_with_no_taskflow_operators.py
[2026-05-02T17:47:30.351+0000] {processor.py:925} INFO - DAG(s) 'example_dynamic_task_mapping_with_no_taskflow_operators' retrieved from /usr/local/python/3.12.1/lib/python3.12/site-packages/airflow/example_dags/example_dynamic_task_mapping_with_no_taskflow_operators.py
[2026-05-02T17:47:30.367+0000] {logging_mixin.py:190} INFO - [2026-05-02T17:47:30.367+0000] {dag.py:3239} INFO - Sync 1 DAGs
[2026-05-02T17:47:30.377+0000] {logging_mixin.py:190} INFO - [2026-05-02T17:47:30.377+0000] {dag.py:4180} INFO - Setting next_dagrun for example_dynamic_task_mapping_with_no_taskflow_operators to None, run_after=None
[2026-05-02T17:47:30.394+0000] {processor.py:208} INFO - Processing /usr/local/python/3.12.1/lib/python3.12/site-packages/airflow/example_dags/example_dynamic_task_mapping_with_no_taskflow_operators.py took 0.058 seconds
[2026-05-02T17:48:27.217+0000] {processor.py:186} INFO - Started process (PID=74854) to work on /usr/local/python/3.12.1/lib/python3.12/site-packages/airflow/example_dags/example_dynamic_task_mapping_with_no_taskflow_operators.py
[2026-05-02T17:48:27.218+0000] {processor.py:914} INFO - Processing file /usr/local/python/3.12.1/lib/python3.12/site-packages/airflow/example_dags/example_dynamic_task_mapping_with_no_taskflow_operators.py for tasks to queue
[2026-05-02T17:48:27.219+0000] {logging_mixin.py:190} INFO - [2026-05-02T17:48:27.219+0000] {dagbag.py:588} INFO - Filling up the DagBag from /usr/local/python/3.12.1/lib/python3.12/site-packages/airflow/example_dags/example_dynamic_task_mapping_with_no_taskflow_operators.py
[2026-05-02T17:48:27.226+0000] {processor.py:925} INFO - DAG(s) 'example_dynamic_task_mapping_with_no_taskflow_operators' retrieved from /usr/local/python/3.12.1/lib/python3.12/site-packages/airflow/example_dags/example_dynamic_task_mapping_with_no_taskflow_operators.py
[2026-05-02T17:48:27.238+0000] {logging_mixin.py:190} INFO - [2026-05-02T17:48:27.238+0000] {dag.py:3239} INFO - Sync 1 DAGs
[2026-05-02T17:48:27.251+0000] {logging_mixin.py:190} INFO - [2026-05-02T17:48:27.251+0000] {dag.py:4180} INFO - Setting next_dagrun for example_dynamic_task_mapping_with_no_taskflow_operators to None, run_after=None
[2026-05-02T17:48:27.269+0000] {processor.py:208} INFO - Processing /usr/local/python/3.12.1/lib/python3.12/site-packages/airflow/example_dags/example_dynamic_task_mapping_with_no_taskflow_operators.py took 0.056 seconds
[2026-05-02T17:49:22.490+0000] {processor.py:186} INFO - Started process (PID=75514) to work on /usr/local/python/3.12.1/lib/python3.12/site-packages/airflow/example_dags/example_dynamic_task_mapping_with_no_taskflow_operators.py
[2026-05-02T17:49:22.491+0000] {processor.py:914} INFO - Processing file /usr/local/python/3.12.1/lib/python3.12/site-packages/airflow/example_dags/example_dynamic_task_mapping_with_no_taskflow_operators.py for tasks to queue
[2026-05-02T17:49:22.492+0000] {logging_mixin.py:190} INFO - [2026-05-02T17:49:22.491+0000] {dagbag.py:588} INFO - Filling up the DagBag from /usr/local/python/3.12.1/lib/python3.12/site-packages/airflow/example_dags/example_dynamic_task_mapping_with_no_taskflow_operators.py
[2026-05-02T17:49:22.499+0000] {processor.py:925} INFO - DAG(s) 'example_dynamic_task_mapping_with_no_taskflow_operators' retrieved from /usr/local/python/3.12.1/lib/python3.12/site-packages/airflow/example_dags/example_dynamic_task_mapping_with_no_taskflow_operators.py
[2026-05-02T17:49:22.511+0000] {logging_mixin.py:190} INFO - [2026-05-02T17:49:22.511+0000] {dag.py:3239} INFO - Sync 1 DAGs
[2026-05-02T17:49:22.522+0000] {logging_mixin.py:190} INFO - [2026-05-02T17:49:22.522+0000] {dag.py:4180} INFO - Setting next_dagrun for example_dynamic_task_mapping_with_no_taskflow_operators to None, run_after=None
[2026-05-02T17:49:22.541+0000] {processor.py:208} INFO - Processing /usr/local/python/3.12.1/lib/python3.12/site-packages/airflow/example_dags/example_dynamic_task_mapping_with_no_taskflow_operators.py took 0.055 seconds
[2026-05-02T17:50:40.355+0000] {processor.py:186} INFO - Started process (PID=77000) to work on /usr/local/python/3.12.1/lib/python3.12/site-packages/airflow/example_dags/example_dynamic_task_mapping_with_no_taskflow_operators.py
[2026-05-02T17:50:40.356+0000] {processor.py:914} INFO - Processing file /usr/local/python/3.12.1/lib/python3.12/site-packages/airflow/example_dags/example_dynamic_task_mapping_with_no_taskflow_operators.py for tasks to queue
[2026-05-02T17:50:40.357+0000] {logging_mixin.py:190} INFO - [2026-05-02T17:50:40.357+0000] {dagbag.py:588} INFO - Filling up the DagBag from /usr/local/python/3.12.1/lib/python3.12/site-packages/airflow/example_dags/example_dynamic_task_mapping_with_no_taskflow_operators.py
[2026-05-02T17:50:40.371+0000] {processor.py:925} INFO - DAG(s) 'example_dynamic_task_mapping_with_no_taskflow_operators' retrieved from /usr/local/python/3.12.1/lib/python3.12/site-packages/airflow/example_dags/example_dynamic_task_mapping_with_no_taskflow_operators.py
[2026-05-02T17:50:40.412+0000] {logging_mixin.py:190} INFO - [2026-05-02T17:50:40.411+0000] {dag.py:3239} INFO - Sync 1 DAGs
[2026-05-02T17:50:40.426+0000] {logging_mixin.py:190} INFO - [2026-05-02T17:50:40.425+0000] {dag.py:4180} INFO - Setting next_dagrun for example_dynamic_task_mapping_with_no_taskflow_operators to None, run_after=None
[2026-05-02T17:50:40.460+0000] {processor.py:208} INFO - Processing /usr/local/python/3.12.1/lib/python3.12/site-packages/airflow/example_dags/example_dynamic_task_mapping_with_no_taskflow_operators.py took 0.112 seconds
[2026-05-02T17:51:41.371+0000] {processor.py:186} INFO - Started process (PID=77526) to work on /usr/local/python/3.12.1/lib/python3.12/site-packages/airflow/example_dags/example_dynamic_task_mapping_with_no_taskflow_operators.py
[2026-05-02T17:51:41.372+0000] {processor.py:914} INFO - Processing file /usr/local/python/3.12.1/lib/python3.12/site-packages/airflow/example_dags/example_dynamic_task_mapping_with_no_taskflow_operators.py for tasks to queue
[2026-05-02T17:51:41.373+0000] {logging_mixin.py:190} INFO - [2026-05-02T17:51:41.373+0000] {dagbag.py:588} INFO - Filling up the DagBag from /usr/local/python/3.12.1/lib/python3.12/site-packages/airflow/example_dags/example_dynamic_task_mapping_with_no_taskflow_operators.py
[2026-05-02T17:51:41.380+0000] {processor.py:925} INFO - DAG(s) 'example_dynamic_task_mapping_with_no_taskflow_operators' retrieved from /usr/local/python/3.12.1/lib/python3.12/site-packages/airflow/example_dags/example_dynamic_task_mapping_with_no_taskflow_operators.py
[2026-05-02T17:51:41.393+0000] {logging_mixin.py:190} INFO - [2026-05-02T17:51:41.393+0000] {dag.py:3239} INFO - Sync 1 DAGs
[2026-05-02T17:51:41.403+0000] {logging_mixin.py:190} INFO - [2026-05-02T17:51:41.403+0000] {dag.py:4180} INFO - Setting next_dagrun for example_dynamic_task_mapping_with_no_taskflow_operators to None, run_after=None
[2026-05-02T17:51:41.421+0000] {processor.py:208} INFO - Processing /usr/local/python/3.12.1/lib/python3.12/site-packages/airflow/example_dags/example_dynamic_task_mapping_with_no_taskflow_operators.py took 0.054 seconds
[2026-05-02T17:52:37.133+0000] {processor.py:186} INFO - Started process (PID=78270) to work on /usr/local/python/3.12.1/lib/python3.12/site-packages/airflow/example_dags/example_dynamic_task_mapping_with_no_taskflow_operators.py
[2026-05-02T17:52:37.134+0000] {processor.py:914} INFO - Processing file /usr/local/python/3.12.1/lib/python3.12/site-packages/airflow/example_dags/example_dynamic_task_mapping_with_no_taskflow_operators.py for tasks to queue
[2026-05-02T17:52:37.135+0000] {logging_mixin.py:190} INFO - [2026-05-02T17:52:37.135+0000] {dagbag.py:588} INFO - Filling up the DagBag from /usr/local/python/3.12.1/lib/python3.12/site-packages/airflow/example_dags/example_dynamic_task_mapping_with_no_taskflow_operators.py
[2026-05-02T17:52:37.143+0000] {processor.py:925} INFO - DAG(s) 'example_dynamic_task_mapping_with_no_taskflow_operators' retrieved from /usr/local/python/3.12.1/lib/python3.12/site-packages/airflow/example_dags/example_dynamic_task_mapping_with_no_taskflow_operators.py
[2026-05-02T17:52:37.159+0000] {logging_mixin.py:190} INFO - [2026-05-02T17:52:37.158+0000] {dag.py:3239} INFO - Sync 1 DAGs
[2026-05-02T17:52:37.169+0000] {logging_mixin.py:190} INFO - [2026-05-02T17:52:37.169+0000] {dag.py:4180} INFO - Setting next_dagrun for example_dynamic_task_mapping_with_no_taskflow_operators to None, run_after=None
[2026-05-02T17:52:37.185+0000] {processor.py:208} INFO - Processing /usr/local/python/3.12.1/lib/python3.12/site-packages/airflow/example_dags/example_dynamic_task_mapping_with_no_taskflow_operators.py took 0.056 seconds
[2026-05-02T17:53:38.671+0000] {processor.py:186} INFO - Started process (PID=79410) to work on /usr/local/python/3.12.1/lib/python3.12/site-packages/airflow/example_dags/example_dynamic_task_mapping_with_no_taskflow_operators.py
[2026-05-02T17:53:38.672+0000] {processor.py:914} INFO - Processing file /usr/local/python/3.12.1/lib/python3.12/site-packages/airflow/example_dags/example_dynamic_task_mapping_with_no_taskflow_operators.py for tasks to queue
[2026-05-02T17:53:38.673+0000] {logging_mixin.py:190} INFO - [2026-05-02T17:53:38.673+0000] {dagbag.py:588} INFO - Filling up the DagBag from /usr/local/python/3.12.1/lib/python3.12/site-packages/airflow/example_dags/example_dynamic_task_mapping_with_no_taskflow_operators.py
[2026-05-02T17:53:38.680+0000] {processor.py:925} INFO - DAG(s) 'example_dynamic_task_mapping_with_no_taskflow_operators' retrieved from /usr/local/python/3.12.1/lib/python3.12/site-packages/airflow/example_dags/example_dynamic_task_mapping_with_no_taskflow_operators.py
[2026-05-02T17:53:38.691+0000] {logging_mixin.py:190} INFO - [2026-05-02T17:53:38.691+0000] {dag.py:3239} INFO - Sync 1 DAGs
[2026-05-02T17:53:38.701+0000] {logging_mixin.py:190} INFO - [2026-05-02T17:53:38.701+0000] {dag.py:4180} INFO - Setting next_dagrun for example_dynamic_task_mapping_with_no_taskflow_operators to None, run_after=None
[2026-05-02T17:53:38.718+0000] {processor.py:208} INFO - Processing /usr/local/python/3.12.1/lib/python3.12/site-packages/airflow/example_dags/example_dynamic_task_mapping_with_no_taskflow_operators.py took 0.051 seconds
[2026-05-02T17:54:38.550+0000] {processor.py:186} INFO - Started process (PID=80018) to work on /usr/local/python/3.12.1/lib/python3.12/site-packages/airflow/example_dags/example_dynamic_task_mapping_with_no_taskflow_operators.py
[2026-05-02T17:54:38.551+0000] {processor.py:914} INFO - Processing file /usr/local/python/3.12.1/lib/python3.12/site-packages/airflow/example_dags/example_dynamic_task_mapping_with_no_taskflow_operators.py for tasks to queue
[2026-05-02T17:54:38.552+0000] {logging_mixin.py:190} INFO - [2026-05-02T17:54:38.552+0000] {dagbag.py:588} INFO - Filling up the DagBag from /usr/local/python/3.12.1/lib/python3.12/site-packages/airflow/example_dags/example_dynamic_task_mapping_with_no_taskflow_operators.py
[2026-05-02T17:54:38.562+0000] {processor.py:925} INFO - DAG(s) 'example_dynamic_task_mapping_with_no_taskflow_operators' retrieved from /usr/local/python/3.12.1/lib/python3.12/site-packages/airflow/example_dags/example_dynamic_task_mapping_with_no_taskflow_operators.py
[2026-05-02T17:54:38.575+0000] {logging_mixin.py:190} INFO - [2026-05-02T17:54:38.575+0000] {dag.py:3239} INFO - Sync 1 DAGs
[2026-05-02T17:54:38.585+0000] {logging_mixin.py:190} INFO - [2026-05-02T17:54:38.584+0000] {dag.py:4180} INFO - Setting next_dagrun for example_dynamic_task_mapping_with_no_taskflow_operators to None, run_after=None
[2026-05-02T17:54:38.603+0000] {processor.py:208} INFO - Processing /usr/local/python/3.12.1/lib/python3.12/site-packages/airflow/example_dags/example_dynamic_task_mapping_with_no_taskflow_operators.py took 0.058 seconds
[2026-05-02T17:55:57.394+0000] {processor.py:186} INFO - Started process (PID=81242) to work on /usr/local/python/3.12.1/lib/python3.12/site-packages/airflow/example_dags/example_dynamic_task_mapping_with_no_taskflow_operators.py
[2026-05-02T17:55:57.395+0000] {processor.py:914} INFO - Processing file /usr/local/python/3.12.1/lib/python3.12/site-packages/airflow/example_dags/example_dynamic_task_mapping_with_no_taskflow_operators.py for tasks to queue
[2026-05-02T17:55:57.397+0000] {logging_mixin.py:190} INFO - [2026-05-02T17:55:57.396+0000] {dagbag.py:588} INFO - Filling up the DagBag from /usr/local/python/3.12.1/lib/python3.12/site-packages/airflow/example_dags/example_dynamic_task_mapping_with_no_taskflow_operators.py
[2026-05-02T17:55:57.409+0000] {processor.py:925} INFO - DAG(s) 'example_dynamic_task_mapping_with_no_taskflow_operators' retrieved from /usr/local/python/3.12.1/lib/python3.12/site-packages/airflow/example_dags/example_dynamic_task_mapping_with_no_taskflow_operators.py
[2026-05-02T17:55:57.428+0000] {logging_mixin.py:190} INFO - [2026-05-02T17:55:57.427+0000] {dag.py:3239} INFO - Sync 1 DAGs
[2026-05-02T17:55:57.446+0000] {logging_mixin.py:190} INFO - [2026-05-02T17:55:57.446+0000] {dag.py:4180} INFO - Setting next_dagrun for example_dynamic_task_mapping_with_no_taskflow_operators to None, run_after=None
[2026-05-02T17:55:57.483+0000] {processor.py:208} INFO - Processing /usr/local/python/3.12.1/lib/python3.12/site-packages/airflow/example_dags/example_dynamic_task_mapping_with_no_taskflow_operators.py took 0.100 seconds
[2026-05-02T17:56:54.426+0000] {processor.py:186} INFO - Started process (PID=81859) to work on /usr/local/python/3.12.1/lib/python3.12/site-packages/airflow/example_dags/example_dynamic_task_mapping_with_no_taskflow_operators.py
[2026-05-02T17:56:54.426+0000] {processor.py:914} INFO - Processing file /usr/local/python/3.12.1/lib/python3.12/site-packages/airflow/example_dags/example_dynamic_task_mapping_with_no_taskflow_operators.py for tasks to queue
[2026-05-02T17:56:54.428+0000] {logging_mixin.py:190} INFO - [2026-05-02T17:56:54.427+0000] {dagbag.py:588} INFO - Filling up the DagBag from /usr/local/python/3.12.1/lib/python3.12/site-packages/airflow/example_dags/example_dynamic_task_mapping_with_no_taskflow_operators.py
[2026-05-02T17:56:54.435+0000] {processor.py:925} INFO - DAG(s) 'example_dynamic_task_mapping_with_no_taskflow_operators' retrieved from /usr/local/python/3.12.1/lib/python3.12/site-packages/airflow/example_dags/example_dynamic_task_mapping_with_no_taskflow_operators.py
[2026-05-02T17:56:54.451+0000] {logging_mixin.py:190} INFO - [2026-05-02T17:56:54.451+0000] {dag.py:3239} INFO - Sync 1 DAGs
[2026-05-02T17:56:54.468+0000] {logging_mixin.py:190} INFO - [2026-05-02T17:56:54.468+0000] {dag.py:4180} INFO - Setting next_dagrun for example_dynamic_task_mapping_with_no_taskflow_operators to None, run_after=None
[2026-05-02T17:56:54.485+0000] {processor.py:208} INFO - Processing /usr/local/python/3.12.1/lib/python3.12/site-packages/airflow/example_dags/example_dynamic_task_mapping_with_no_taskflow_operators.py took 0.066 seconds
[2026-05-02T17:57:58.429+0000] {processor.py:186} INFO - Started process (PID=83446) to work on /usr/local/python/3.12.1/lib/python3.12/site-packages/airflow/example_dags/example_dynamic_task_mapping_with_no_taskflow_operators.py
[2026-05-02T17:57:58.430+0000] {processor.py:914} INFO - Processing file /usr/local/python/3.12.1/lib/python3.12/site-packages/airflow/example_dags/example_dynamic_task_mapping_with_no_taskflow_operators.py for tasks to queue
[2026-05-02T17:57:58.431+0000] {logging_mixin.py:190} INFO - [2026-05-02T17:57:58.431+0000] {dagbag.py:588} INFO - Filling up the DagBag from /usr/local/python/3.12.1/lib/python3.12/site-packages/airflow/example_dags/example_dynamic_task_mapping_with_no_taskflow_operators.py
[2026-05-02T17:57:58.438+0000] {processor.py:925} INFO - DAG(s) 'example_dynamic_task_mapping_with_no_taskflow_operators' retrieved from /usr/local/python/3.12.1/lib/python3.12/site-packages/airflow/example_dags/example_dynamic_task_mapping_with_no_taskflow_operators.py
[2026-05-02T17:57:58.454+0000] {logging_mixin.py:190} INFO - [2026-05-02T17:57:58.454+0000] {dag.py:3239} INFO - Sync 1 DAGs
[2026-05-02T17:57:58.466+0000] {logging_mixin.py:190} INFO - [2026-05-02T17:57:58.466+0000] {dag.py:4180} INFO - Setting next_dagrun for example_dynamic_task_mapping_with_no_taskflow_operators to None, run_after=None
[2026-05-02T17:57:58.482+0000] {processor.py:208} INFO - Processing /usr/local/python/3.12.1/lib/python3.12/site-packages/airflow/example_dags/example_dynamic_task_mapping_with_no_taskflow_operators.py took 0.058 seconds
[2026-05-02T17:59:02.492+0000] {processor.py:186} INFO - Started process (PID=84136) to work on /usr/local/python/3.12.1/lib/python3.12/site-packages/airflow/example_dags/example_dynamic_task_mapping_with_no_taskflow_operators.py
[2026-05-02T17:59:02.492+0000] {processor.py:914} INFO - Processing file /usr/local/python/3.12.1/lib/python3.12/site-packages/airflow/example_dags/example_dynamic_task_mapping_with_no_taskflow_operators.py for tasks to queue
[2026-05-02T17:59:02.493+0000] {logging_mixin.py:190} INFO - [2026-05-02T17:59:02.493+0000] {dagbag.py:588} INFO - Filling up the DagBag from /usr/local/python/3.12.1/lib/python3.12/site-packages/airflow/example_dags/example_dynamic_task_mapping_with_no_taskflow_operators.py
[2026-05-02T17:59:02.500+0000] {processor.py:925} INFO - DAG(s) 'example_dynamic_task_mapping_with_no_taskflow_operators' retrieved from /usr/local/python/3.12.1/lib/python3.12/site-packages/airflow/example_dags/example_dynamic_task_mapping_with_no_taskflow_operators.py
[2026-05-02T17:59:02.515+0000] {logging_mixin.py:190} INFO - [2026-05-02T17:59:02.515+0000] {dag.py:3239} INFO - Sync 1 DAGs
[2026-05-02T17:59:02.525+0000] {logging_mixin.py:190} INFO - [2026-05-02T17:59:02.525+0000] {dag.py:4180} INFO - Setting next_dagrun for example_dynamic_task_mapping_with_no_taskflow_operators to None, run_after=None
[2026-05-02T17:59:02.542+0000] {processor.py:208} INFO - Processing /usr/local/python/3.12.1/lib/python3.12/site-packages/airflow/example_dags/example_dynamic_task_mapping_with_no_taskflow_operators.py took 0.055 seconds
[2026-05-02T17:59:59.279+0000] {processor.py:186} INFO - Started process (PID=84644) to work on /usr/local/python/3.12.1/lib/python3.12/site-packages/airflow/example_dags/example_dynamic_task_mapping_with_no_taskflow_operators.py
[2026-05-02T17:59:59.280+0000] {processor.py:914} INFO - Processing file /usr/local/python/3.12.1/lib/python3.12/site-packages/airflow/example_dags/example_dynamic_task_mapping_with_no_taskflow_operators.py for tasks to queue
[2026-05-02T17:59:59.281+0000] {logging_mixin.py:190} INFO - [2026-05-02T17:59:59.280+0000] {dagbag.py:588} INFO - Filling up the DagBag from /usr/local/python/3.12.1/lib/python3.12/site-packages/airflow/example_dags/example_dynamic_task_mapping_with_no_taskflow_operators.py
[2026-05-02T17:59:59.288+0000] {processor.py:925} INFO - DAG(s) 'example_dynamic_task_mapping_with_no_taskflow_operators' retrieved from /usr/local/python/3.12.1/lib/python3.12/site-packages/airflow/example_dags/example_dynamic_task_mapping_with_no_taskflow_operators.py
[2026-05-02T17:59:59.299+0000] {logging_mixin.py:190} INFO - [2026-05-02T17:59:59.299+0000] {dag.py:3239} INFO - Sync 1 DAGs
[2026-05-02T17:59:59.309+0000] {logging_mixin.py:190} INFO - [2026-05-02T17:59:59.309+0000] {dag.py:4180} INFO - Setting next_dagrun for example_dynamic_task_mapping_with_no_taskflow_operators to None, run_after=None
[2026-05-02T17:59:59.326+0000] {processor.py:208} INFO - Processing /usr/local/python/3.12.1/lib/python3.12/site-packages/airflow/example_dags/example_dynamic_task_mapping_with_no_taskflow_operators.py took 0.051 seconds
[2026-05-02T18:01:10.041+0000] {processor.py:186} INFO - Started process (PID=85608) to work on /usr/local/python/3.12.1/lib/python3.12/site-packages/airflow/example_dags/example_dynamic_task_mapping_with_no_taskflow_operators.py
[2026-05-02T18:01:10.042+0000] {processor.py:914} INFO - Processing file /usr/local/python/3.12.1/lib/python3.12/site-packages/airflow/example_dags/example_dynamic_task_mapping_with_no_taskflow_operators.py for tasks to queue
[2026-05-02T18:01:10.043+0000] {logging_mixin.py:190} INFO - [2026-05-02T18:01:10.043+0000] {dagbag.py:588} INFO - Filling up the DagBag from /usr/local/python/3.12.1/lib/python3.12/site-packages/airflow/example_dags/example_dynamic_task_mapping_with_no_taskflow_operators.py
[2026-05-02T18:01:10.052+0000] {processor.py:925} INFO - DAG(s) 'example_dynamic_task_mapping_with_no_taskflow_operators' retrieved from /usr/local/python/3.12.1/lib/python3.12/site-packages/airflow/example_dags/example_dynamic_task_mapping_with_no_taskflow_operators.py
[2026-05-02T18:01:10.070+0000] {logging_mixin.py:190} INFO - [2026-05-02T18:01:10.070+0000] {dag.py:3239} INFO - Sync 1 DAGs
[2026-05-02T18:01:10.085+0000] {logging_mixin.py:190} INFO - [2026-05-02T18:01:10.084+0000] {dag.py:4180} INFO - Setting next_dagrun for example_dynamic_task_mapping_with_no_taskflow_operators to None, run_after=None
[2026-05-02T18:01:10.101+0000] {processor.py:208} INFO - Processing /usr/local/python/3.12.1/lib/python3.12/site-packages/airflow/example_dags/example_dynamic_task_mapping_with_no_taskflow_operators.py took 0.065 seconds
[2026-05-02T18:02:04.316+0000] {processor.py:186} INFO - Started process (PID=86287) to work on /usr/local/python/3.12.1/lib/python3.12/site-packages/airflow/example_dags/example_dynamic_task_mapping_with_no_taskflow_operators.py
[2026-05-02T18:02:04.316+0000] {processor.py:914} INFO - Processing file /usr/local/python/3.12.1/lib/python3.12/site-packages/airflow/example_dags/example_dynamic_task_mapping_with_no_taskflow_operators.py for tasks to queue
[2026-05-02T18:02:04.317+0000] {logging_mixin.py:190} INFO - [2026-05-02T18:02:04.317+0000] {dagbag.py:588} INFO - Filling up the DagBag from /usr/local/python/3.12.1/lib/python3.12/site-packages/airflow/example_dags/example_dynamic_task_mapping_with_no_taskflow_operators.py
[2026-05-02T18:02:04.325+0000] {processor.py:925} INFO - DAG(s) 'example_dynamic_task_mapping_with_no_taskflow_operators' retrieved from /usr/local/python/3.12.1/lib/python3.12/site-packages/airflow/example_dags/example_dynamic_task_mapping_with_no_taskflow_operators.py
[2026-05-02T18:02:04.336+0000] {logging_mixin.py:190} INFO - [2026-05-02T18:02:04.336+0000] {dag.py:3239} INFO - Sync 1 DAGs
[2026-05-02T18:02:04.349+0000] {logging_mixin.py:190} INFO - [2026-05-02T18:02:04.348+0000] {dag.py:4180} INFO - Setting next_dagrun for example_dynamic_task_mapping_with_no_taskflow_operators to None, run_after=None
[2026-05-02T18:02:04.367+0000] {processor.py:208} INFO - Processing /usr/local/python/3.12.1/lib/python3.12/site-packages/airflow/example_dags/example_dynamic_task_mapping_with_no_taskflow_operators.py took 0.056 seconds
[2026-05-02T18:03:29.739+0000] {processor.py:186} INFO - Started process (PID=87787) to work on /usr/local/python/3.12.1/lib/python3.12/site-packages/airflow/example_dags/example_dynamic_task_mapping_with_no_taskflow_operators.py
[2026-05-02T18:03:29.741+0000] {processor.py:914} INFO - Processing file /usr/local/python/3.12.1/lib/python3.12/site-packages/airflow/example_dags/example_dynamic_task_mapping_with_no_taskflow_operators.py for tasks to queue
[2026-05-02T18:03:29.742+0000] {logging_mixin.py:190} INFO - [2026-05-02T18:03:29.741+0000] {dagbag.py:588} INFO - Filling up the DagBag from /usr/local/python/3.12.1/lib/python3.12/site-packages/airflow/example_dags/example_dynamic_task_mapping_with_no_taskflow_operators.py
[2026-05-02T18:03:29.751+0000] {processor.py:925} INFO - DAG(s) 'example_dynamic_task_mapping_with_no_taskflow_operators' retrieved from /usr/local/python/3.12.1/lib/python3.12/site-packages/airflow/example_dags/example_dynamic_task_mapping_with_no_taskflow_operators.py
[2026-05-02T18:03:29.765+0000] {logging_mixin.py:190} INFO - [2026-05-02T18:03:29.765+0000] {dag.py:3239} INFO - Sync 1 DAGs
[2026-05-02T18:03:29.775+0000] {logging_mixin.py:190} INFO - [2026-05-02T18:03:29.774+0000] {dag.py:4180} INFO - Setting next_dagrun for example_dynamic_task_mapping_with_no_taskflow_operators to None, run_after=None
[2026-05-02T18:03:29.791+0000] {processor.py:208} INFO - Processing /usr/local/python/3.12.1/lib/python3.12/site-packages/airflow/example_dags/example_dynamic_task_mapping_with_no_taskflow_operators.py took 0.056 seconds
[2026-05-02T18:04:33.994+0000] {processor.py:186} INFO - Started process (PID=88573) to work on /usr/local/python/3.12.1/lib/python3.12/site-packages/airflow/example_dags/example_dynamic_task_mapping_with_no_taskflow_operators.py
[2026-05-02T18:04:33.995+0000] {processor.py:914} INFO - Processing file /usr/local/python/3.12.1/lib/python3.12/site-packages/airflow/example_dags/example_dynamic_task_mapping_with_no_taskflow_operators.py for tasks to queue
[2026-05-02T18:04:33.996+0000] {logging_mixin.py:190} INFO - [2026-05-02T18:04:33.995+0000] {dagbag.py:588} INFO - Filling up the DagBag from /usr/local/python/3.12.1/lib/python3.12/site-packages/airflow/example_dags/example_dynamic_task_mapping_with_no_taskflow_operators.py
[2026-05-02T18:04:34.003+0000] {processor.py:925} INFO - DAG(s) 'example_dynamic_task_mapping_with_no_taskflow_operators' retrieved from /usr/local/python/3.12.1/lib/python3.12/site-packages/airflow/example_dags/example_dynamic_task_mapping_with_no_taskflow_operators.py
[2026-05-02T18:04:34.015+0000] {logging_mixin.py:190} INFO - [2026-05-02T18:04:34.015+0000] {dag.py:3239} INFO - Sync 1 DAGs
[2026-05-02T18:04:34.026+0000] {logging_mixin.py:190} INFO - [2026-05-02T18:04:34.026+0000] {dag.py:4180} INFO - Setting next_dagrun for example_dynamic_task_mapping_with_no_taskflow_operators to None, run_after=None
[2026-05-02T18:04:34.053+0000] {processor.py:208} INFO - Processing /usr/local/python/3.12.1/lib/python3.12/site-packages/airflow/example_dags/example_dynamic_task_mapping_with_no_taskflow_operators.py took 0.064 seconds
[2026-05-02T18:05:27.857+0000] {processor.py:186} INFO - Started process (PID=89113) to work on /usr/local/python/3.12.1/lib/python3.12/site-packages/airflow/example_dags/example_dynamic_task_mapping_with_no_taskflow_operators.py
[2026-05-02T18:05:27.858+0000] {processor.py:914} INFO - Processing file /usr/local/python/3.12.1/lib/python3.12/site-packages/airflow/example_dags/example_dynamic_task_mapping_with_no_taskflow_operators.py for tasks to queue
[2026-05-02T18:05:27.859+0000] {logging_mixin.py:190} INFO - [2026-05-02T18:05:27.859+0000] {dagbag.py:588} INFO - Filling up the DagBag from /usr/local/python/3.12.1/lib/python3.12/site-packages/airflow/example_dags/example_dynamic_task_mapping_with_no_taskflow_operators.py
[2026-05-02T18:05:27.869+0000] {processor.py:925} INFO - DAG(s) 'example_dynamic_task_mapping_with_no_taskflow_operators' retrieved from /usr/local/python/3.12.1/lib/python3.12/site-packages/airflow/example_dags/example_dynamic_task_mapping_with_no_taskflow_operators.py
[2026-05-02T18:05:27.885+0000] {logging_mixin.py:190} INFO - [2026-05-02T18:05:27.885+0000] {dag.py:3239} INFO - Sync 1 DAGs
[2026-05-02T18:05:27.901+0000] {logging_mixin.py:190} INFO - [2026-05-02T18:05:27.900+0000] {dag.py:4180} INFO - Setting next_dagrun for example_dynamic_task_mapping_with_no_taskflow_operators to None, run_after=None
[2026-05-02T18:05:27.923+0000] {processor.py:208} INFO - Processing /usr/local/python/3.12.1/lib/python3.12/site-packages/airflow/example_dags/example_dynamic_task_mapping_with_no_taskflow_operators.py took 0.073 seconds
[2026-05-02T18:06:23.550+0000] {processor.py:186} INFO - Started process (PID=89657) to work on /usr/local/python/3.12.1/lib/python3.12/site-packages/airflow/example_dags/example_dynamic_task_mapping_with_no_taskflow_operators.py
[2026-05-02T18:06:23.551+0000] {processor.py:914} INFO - Processing file /usr/local/python/3.12.1/lib/python3.12/site-packages/airflow/example_dags/example_dynamic_task_mapping_with_no_taskflow_operators.py for tasks to queue
[2026-05-02T18:06:23.552+0000] {logging_mixin.py:190} INFO - [2026-05-02T18:06:23.551+0000] {dagbag.py:588} INFO - Filling up the DagBag from /usr/local/python/3.12.1/lib/python3.12/site-packages/airflow/example_dags/example_dynamic_task_mapping_with_no_taskflow_operators.py
[2026-05-02T18:06:23.561+0000] {processor.py:925} INFO - DAG(s) 'example_dynamic_task_mapping_with_no_taskflow_operators' retrieved from /usr/local/python/3.12.1/lib/python3.12/site-packages/airflow/example_dags/example_dynamic_task_mapping_with_no_taskflow_operators.py
[2026-05-02T18:06:23.575+0000] {logging_mixin.py:190} INFO - [2026-05-02T18:06:23.575+0000] {dag.py:3239} INFO - Sync 1 DAGs
[2026-05-02T18:06:23.591+0000] {logging_mixin.py:190} INFO - [2026-05-02T18:06:23.591+0000] {dag.py:4180} INFO - Setting next_dagrun for example_dynamic_task_mapping_with_no_taskflow_operators to None, run_after=None
[2026-05-02T18:06:23.619+0000] {processor.py:208} INFO - Processing /usr/local/python/3.12.1/lib/python3.12/site-packages/airflow/example_dags/example_dynamic_task_mapping_with_no_taskflow_operators.py took 0.075 seconds
[2026-05-02T18:07:14.126+0000] {processor.py:186} INFO - Started process (PID=90431) to work on /usr/local/python/3.12.1/lib/python3.12/site-packages/airflow/example_dags/example_dynamic_task_mapping_with_no_taskflow_operators.py
[2026-05-02T18:07:14.126+0000] {processor.py:914} INFO - Processing file /usr/local/python/3.12.1/lib/python3.12/site-packages/airflow/example_dags/example_dynamic_task_mapping_with_no_taskflow_operators.py for tasks to queue
[2026-05-02T18:07:14.127+0000] {logging_mixin.py:190} INFO - [2026-05-02T18:07:14.127+0000] {dagbag.py:588} INFO - Filling up the DagBag from /usr/local/python/3.12.1/lib/python3.12/site-packages/airflow/example_dags/example_dynamic_task_mapping_with_no_taskflow_operators.py
[2026-05-02T18:07:14.135+0000] {processor.py:925} INFO - DAG(s) 'example_dynamic_task_mapping_with_no_taskflow_operators' retrieved from /usr/local/python/3.12.1/lib/python3.12/site-packages/airflow/example_dags/example_dynamic_task_mapping_with_no_taskflow_operators.py
[2026-05-02T18:07:14.149+0000] {logging_mixin.py:190} INFO - [2026-05-02T18:07:14.149+0000] {dag.py:3239} INFO - Sync 1 DAGs
[2026-05-02T18:07:14.164+0000] {logging_mixin.py:190} INFO - [2026-05-02T18:07:14.164+0000] {dag.py:4180} INFO - Setting next_dagrun for example_dynamic_task_mapping_with_no_taskflow_operators to None, run_after=None
[2026-05-02T18:07:14.208+0000] {processor.py:208} INFO - Processing /usr/local/python/3.12.1/lib/python3.12/site-packages/airflow/example_dags/example_dynamic_task_mapping_with_no_taskflow_operators.py took 0.087 seconds
[2026-05-02T18:08:25.725+0000] {processor.py:186} INFO - Started process (PID=91597) to work on /usr/local/python/3.12.1/lib/python3.12/site-packages/airflow/example_dags/example_dynamic_task_mapping_with_no_taskflow_operators.py
[2026-05-02T18:08:25.726+0000] {processor.py:914} INFO - Processing file /usr/local/python/3.12.1/lib/python3.12/site-packages/airflow/example_dags/example_dynamic_task_mapping_with_no_taskflow_operators.py for tasks to queue
[2026-05-02T18:08:25.729+0000] {logging_mixin.py:190} INFO - [2026-05-02T18:08:25.727+0000] {dagbag.py:588} INFO - Filling up the DagBag from /usr/local/python/3.12.1/lib/python3.12/site-packages/airflow/example_dags/example_dynamic_task_mapping_with_no_taskflow_operators.py
[2026-05-02T18:08:25.744+0000] {processor.py:925} INFO - DAG(s) 'example_dynamic_task_mapping_with_no_taskflow_operators' retrieved from /usr/local/python/3.12.1/lib/python3.12/site-packages/airflow/example_dags/example_dynamic_task_mapping_with_no_taskflow_operators.py
[2026-05-02T18:08:25.769+0000] {logging_mixin.py:190} INFO - [2026-05-02T18:08:25.769+0000] {dag.py:3239} INFO - Sync 1 DAGs
[2026-05-02T18:08:25.789+0000] {logging_mixin.py:190} INFO - [2026-05-02T18:08:25.789+0000] {dag.py:4180} INFO - Setting next_dagrun for example_dynamic_task_mapping_with_no_taskflow_operators to None, run_after=None
[2026-05-02T18:08:25.806+0000] {processor.py:208} INFO - Processing /usr/local/python/3.12.1/lib/python3.12/site-packages/airflow/example_dags/example_dynamic_task_mapping_with_no_taskflow_operators.py took 0.087 seconds
[2026-05-02T18:09:37.901+0000] {processor.py:186} INFO - Started process (PID=92933) to work on /usr/local/python/3.12.1/lib/python3.12/site-packages/airflow/example_dags/example_dynamic_task_mapping_with_no_taskflow_operators.py
[2026-05-02T18:09:37.902+0000] {processor.py:914} INFO - Processing file /usr/local/python/3.12.1/lib/python3.12/site-packages/airflow/example_dags/example_dynamic_task_mapping_with_no_taskflow_operators.py for tasks to queue
[2026-05-02T18:09:37.903+0000] {logging_mixin.py:190} INFO - [2026-05-02T18:09:37.902+0000] {dagbag.py:588} INFO - Filling up the DagBag from /usr/local/python/3.12.1/lib/python3.12/site-packages/airflow/example_dags/example_dynamic_task_mapping_with_no_taskflow_operators.py
[2026-05-02T18:09:37.910+0000] {processor.py:925} INFO - DAG(s) 'example_dynamic_task_mapping_with_no_taskflow_operators' retrieved from /usr/local/python/3.12.1/lib/python3.12/site-packages/airflow/example_dags/example_dynamic_task_mapping_with_no_taskflow_operators.py
[2026-05-02T18:09:37.922+0000] {logging_mixin.py:190} INFO - [2026-05-02T18:09:37.922+0000] {dag.py:3239} INFO - Sync 1 DAGs
[2026-05-02T18:09:37.932+0000] {logging_mixin.py:190} INFO - [2026-05-02T18:09:37.932+0000] {dag.py:4180} INFO - Setting next_dagrun for example_dynamic_task_mapping_with_no_taskflow_operators to None, run_after=None
[2026-05-02T18:09:37.949+0000] {processor.py:208} INFO - Processing /usr/local/python/3.12.1/lib/python3.12/site-packages/airflow/example_dags/example_dynamic_task_mapping_with_no_taskflow_operators.py took 0.053 seconds
[2026-05-02T18:10:30.744+0000] {processor.py:186} INFO - Started process (PID=93403) to work on /usr/local/python/3.12.1/lib/python3.12/site-packages/airflow/example_dags/example_dynamic_task_mapping_with_no_taskflow_operators.py
[2026-05-02T18:10:30.745+0000] {processor.py:914} INFO - Processing file /usr/local/python/3.12.1/lib/python3.12/site-packages/airflow/example_dags/example_dynamic_task_mapping_with_no_taskflow_operators.py for tasks to queue
[2026-05-02T18:10:30.746+0000] {logging_mixin.py:190} INFO - [2026-05-02T18:10:30.746+0000] {dagbag.py:588} INFO - Filling up the DagBag from /usr/local/python/3.12.1/lib/python3.12/site-packages/airflow/example_dags/example_dynamic_task_mapping_with_no_taskflow_operators.py
[2026-05-02T18:10:30.755+0000] {processor.py:925} INFO - DAG(s) 'example_dynamic_task_mapping_with_no_taskflow_operators' retrieved from /usr/local/python/3.12.1/lib/python3.12/site-packages/airflow/example_dags/example_dynamic_task_mapping_with_no_taskflow_operators.py
[2026-05-02T18:10:30.768+0000] {logging_mixin.py:190} INFO - [2026-05-02T18:10:30.768+0000] {dag.py:3239} INFO - Sync 1 DAGs
[2026-05-02T18:10:30.778+0000] {logging_mixin.py:190} INFO - [2026-05-02T18:10:30.778+0000] {dag.py:4180} INFO - Setting next_dagrun for example_dynamic_task_mapping_with_no_taskflow_operators to None, run_after=None
[2026-05-02T18:10:30.795+0000] {processor.py:208} INFO - Processing /usr/local/python/3.12.1/lib/python3.12/site-packages/airflow/example_dags/example_dynamic_task_mapping_with_no_taskflow_operators.py took 0.056 seconds
[2026-05-02T18:11:27.306+0000] {processor.py:186} INFO - Started process (PID=93857) to work on /usr/local/python/3.12.1/lib/python3.12/site-packages/airflow/example_dags/example_dynamic_task_mapping_with_no_taskflow_operators.py
[2026-05-02T18:11:27.307+0000] {processor.py:914} INFO - Processing file /usr/local/python/3.12.1/lib/python3.12/site-packages/airflow/example_dags/example_dynamic_task_mapping_with_no_taskflow_operators.py for tasks to queue
[2026-05-02T18:11:27.308+0000] {logging_mixin.py:190} INFO - [2026-05-02T18:11:27.308+0000] {dagbag.py:588} INFO - Filling up the DagBag from /usr/local/python/3.12.1/lib/python3.12/site-packages/airflow/example_dags/example_dynamic_task_mapping_with_no_taskflow_operators.py
[2026-05-02T18:11:27.322+0000] {processor.py:925} INFO - DAG(s) 'example_dynamic_task_mapping_with_no_taskflow_operators' retrieved from /usr/local/python/3.12.1/lib/python3.12/site-packages/airflow/example_dags/example_dynamic_task_mapping_with_no_taskflow_operators.py
[2026-05-02T18:11:27.340+0000] {logging_mixin.py:190} INFO - [2026-05-02T18:11:27.339+0000] {dag.py:3239} INFO - Sync 1 DAGs
[2026-05-02T18:11:27.355+0000] {logging_mixin.py:190} INFO - [2026-05-02T18:11:27.355+0000] {dag.py:4180} INFO - Setting next_dagrun for example_dynamic_task_mapping_with_no_taskflow_operators to None, run_after=None
[2026-05-02T18:11:27.376+0000] {processor.py:208} INFO - Processing /usr/local/python/3.12.1/lib/python3.12/site-packages/airflow/example_dags/example_dynamic_task_mapping_with_no_taskflow_operators.py took 0.077 seconds
[2026-05-02T18:12:20.760+0000] {processor.py:186} INFO - Started process (PID=94314) to work on /usr/local/python/3.12.1/lib/python3.12/site-packages/airflow/example_dags/example_dynamic_task_mapping_with_no_taskflow_operators.py
[2026-05-02T18:12:20.761+0000] {processor.py:914} INFO - Processing file /usr/local/python/3.12.1/lib/python3.12/site-packages/airflow/example_dags/example_dynamic_task_mapping_with_no_taskflow_operators.py for tasks to queue
[2026-05-02T18:12:20.762+0000] {logging_mixin.py:190} INFO - [2026-05-02T18:12:20.762+0000] {dagbag.py:588} INFO - Filling up the DagBag from /usr/local/python/3.12.1/lib/python3.12/site-packages/airflow/example_dags/example_dynamic_task_mapping_with_no_taskflow_operators.py
[2026-05-02T18:12:20.769+0000] {processor.py:925} INFO - DAG(s) 'example_dynamic_task_mapping_with_no_taskflow_operators' retrieved from /usr/local/python/3.12.1/lib/python3.12/site-packages/airflow/example_dags/example_dynamic_task_mapping_with_no_taskflow_operators.py
[2026-05-02T18:12:20.781+0000] {logging_mixin.py:190} INFO - [2026-05-02T18:12:20.781+0000] {dag.py:3239} INFO - Sync 1 DAGs
[2026-05-02T18:12:20.792+0000] {logging_mixin.py:190} INFO - [2026-05-02T18:12:20.792+0000] {dag.py:4180} INFO - Setting next_dagrun for example_dynamic_task_mapping_with_no_taskflow_operators to None, run_after=None
[2026-05-02T18:12:20.809+0000] {processor.py:208} INFO - Processing /usr/local/python/3.12.1/lib/python3.12/site-packages/airflow/example_dags/example_dynamic_task_mapping_with_no_taskflow_operators.py took 0.054 seconds
[2026-05-02T18:13:22.118+0000] {processor.py:186} INFO - Started process (PID=95159) to work on /usr/local/python/3.12.1/lib/python3.12/site-packages/airflow/example_dags/example_dynamic_task_mapping_with_no_taskflow_operators.py
[2026-05-02T18:13:22.119+0000] {processor.py:914} INFO - Processing file /usr/local/python/3.12.1/lib/python3.12/site-packages/airflow/example_dags/example_dynamic_task_mapping_with_no_taskflow_operators.py for tasks to queue
[2026-05-02T18:13:22.120+0000] {logging_mixin.py:190} INFO - [2026-05-02T18:13:22.120+0000] {dagbag.py:588} INFO - Filling up the DagBag from /usr/local/python/3.12.1/lib/python3.12/site-packages/airflow/example_dags/example_dynamic_task_mapping_with_no_taskflow_operators.py
[2026-05-02T18:13:22.127+0000] {processor.py:925} INFO - DAG(s) 'example_dynamic_task_mapping_with_no_taskflow_operators' retrieved from /usr/local/python/3.12.1/lib/python3.12/site-packages/airflow/example_dags/example_dynamic_task_mapping_with_no_taskflow_operators.py
[2026-05-02T18:13:22.139+0000] {logging_mixin.py:190} INFO - [2026-05-02T18:13:22.138+0000] {dag.py:3239} INFO - Sync 1 DAGs
[2026-05-02T18:13:22.150+0000] {logging_mixin.py:190} INFO - [2026-05-02T18:13:22.150+0000] {dag.py:4180} INFO - Setting next_dagrun for example_dynamic_task_mapping_with_no_taskflow_operators to None, run_after=None
[2026-05-02T18:13:22.169+0000] {processor.py:208} INFO - Processing /usr/local/python/3.12.1/lib/python3.12/site-packages/airflow/example_dags/example_dynamic_task_mapping_with_no_taskflow_operators.py took 0.055 seconds
[2026-05-02T18:14:30.541+0000] {processor.py:186} INFO - Started process (PID=96023) to work on /usr/local/python/3.12.1/lib/python3.12/site-packages/airflow/example_dags/example_dynamic_task_mapping_with_no_taskflow_operators.py
[2026-05-02T18:14:30.542+0000] {processor.py:914} INFO - Processing file /usr/local/python/3.12.1/lib/python3.12/site-packages/airflow/example_dags/example_dynamic_task_mapping_with_no_taskflow_operators.py for tasks to queue
[2026-05-02T18:14:30.543+0000] {logging_mixin.py:190} INFO - [2026-05-02T18:14:30.543+0000] {dagbag.py:588} INFO - Filling up the DagBag from /usr/local/python/3.12.1/lib/python3.12/site-packages/airflow/example_dags/example_dynamic_task_mapping_with_no_taskflow_operators.py
[2026-05-02T18:14:30.562+0000] {processor.py:925} INFO - DAG(s) 'example_dynamic_task_mapping_with_no_taskflow_operators' retrieved from /usr/local/python/3.12.1/lib/python3.12/site-packages/airflow/example_dags/example_dynamic_task_mapping_with_no_taskflow_operators.py
[2026-05-02T18:14:30.579+0000] {logging_mixin.py:190} INFO - [2026-05-02T18:14:30.578+0000] {dag.py:3239} INFO - Sync 1 DAGs
[2026-05-02T18:14:30.589+0000] {logging_mixin.py:190} INFO - [2026-05-02T18:14:30.589+0000] {dag.py:4180} INFO - Setting next_dagrun for example_dynamic_task_mapping_with_no_taskflow_operators to None, run_after=None
[2026-05-02T18:14:30.611+0000] {processor.py:208} INFO - Processing /usr/local/python/3.12.1/lib/python3.12/site-packages/airflow/example_dags/example_dynamic_task_mapping_with_no_taskflow_operators.py took 0.075 seconds
[2026-05-02T18:15:29.988+0000] {processor.py:186} INFO - Started process (PID=96606) to work on /usr/local/python/3.12.1/lib/python3.12/site-packages/airflow/example_dags/example_dynamic_task_mapping_with_no_taskflow_operators.py
[2026-05-02T18:15:29.989+0000] {processor.py:914} INFO - Processing file /usr/local/python/3.12.1/lib/python3.12/site-packages/airflow/example_dags/example_dynamic_task_mapping_with_no_taskflow_operators.py for tasks to queue
[2026-05-02T18:15:29.990+0000] {logging_mixin.py:190} INFO - [2026-05-02T18:15:29.990+0000] {dagbag.py:588} INFO - Filling up the DagBag from /usr/local/python/3.12.1/lib/python3.12/site-packages/airflow/example_dags/example_dynamic_task_mapping_with_no_taskflow_operators.py
[2026-05-02T18:15:30.000+0000] {processor.py:925} INFO - DAG(s) 'example_dynamic_task_mapping_with_no_taskflow_operators' retrieved from /usr/local/python/3.12.1/lib/python3.12/site-packages/airflow/example_dags/example_dynamic_task_mapping_with_no_taskflow_operators.py
[2026-05-02T18:15:30.013+0000] {logging_mixin.py:190} INFO - [2026-05-02T18:15:30.012+0000] {dag.py:3239} INFO - Sync 1 DAGs
[2026-05-02T18:15:30.022+0000] {logging_mixin.py:190} INFO - [2026-05-02T18:15:30.022+0000] {dag.py:4180} INFO - Setting next_dagrun for example_dynamic_task_mapping_with_no_taskflow_operators to None, run_after=None
[2026-05-02T18:15:30.040+0000] {processor.py:208} INFO - Processing /usr/local/python/3.12.1/lib/python3.12/site-packages/airflow/example_dags/example_dynamic_task_mapping_with_no_taskflow_operators.py took 0.056 seconds
[2026-05-02T18:16:32.886+0000] {processor.py:186} INFO - Started process (PID=97794) to work on /usr/local/python/3.12.1/lib/python3.12/site-packages/airflow/example_dags/example_dynamic_task_mapping_with_no_taskflow_operators.py
[2026-05-02T18:16:32.887+0000] {processor.py:914} INFO - Processing file /usr/local/python/3.12.1/lib/python3.12/site-packages/airflow/example_dags/example_dynamic_task_mapping_with_no_taskflow_operators.py for tasks to queue
[2026-05-02T18:16:32.888+0000] {logging_mixin.py:190} INFO - [2026-05-02T18:16:32.888+0000] {dagbag.py:588} INFO - Filling up the DagBag from /usr/local/python/3.12.1/lib/python3.12/site-packages/airflow/example_dags/example_dynamic_task_mapping_with_no_taskflow_operators.py
[2026-05-02T18:16:32.895+0000] {processor.py:925} INFO - DAG(s) 'example_dynamic_task_mapping_with_no_taskflow_operators' retrieved from /usr/local/python/3.12.1/lib/python3.12/site-packages/airflow/example_dags/example_dynamic_task_mapping_with_no_taskflow_operators.py
[2026-05-02T18:16:32.907+0000] {logging_mixin.py:190} INFO - [2026-05-02T18:16:32.907+0000] {dag.py:3239} INFO - Sync 1 DAGs
[2026-05-02T18:16:32.918+0000] {logging_mixin.py:190} INFO - [2026-05-02T18:16:32.917+0000] {dag.py:4180} INFO - Setting next_dagrun for example_dynamic_task_mapping_with_no_taskflow_operators to None, run_after=None
[2026-05-02T18:16:32.935+0000] {processor.py:208} INFO - Processing /usr/local/python/3.12.1/lib/python3.12/site-packages/airflow/example_dags/example_dynamic_task_mapping_with_no_taskflow_operators.py took 0.053 seconds
[2026-05-02T18:17:33.632+0000] {processor.py:186} INFO - Started process (PID=98339) to work on /usr/local/python/3.12.1/lib/python3.12/site-packages/airflow/example_dags/example_dynamic_task_mapping_with_no_taskflow_operators.py
[2026-05-02T18:17:33.632+0000] {processor.py:914} INFO - Processing file /usr/local/python/3.12.1/lib/python3.12/site-packages/airflow/example_dags/example_dynamic_task_mapping_with_no_taskflow_operators.py for tasks to queue
[2026-05-02T18:17:33.633+0000] {logging_mixin.py:190} INFO - [2026-05-02T18:17:33.633+0000] {dagbag.py:588} INFO - Filling up the DagBag from /usr/local/python/3.12.1/lib/python3.12/site-packages/airflow/example_dags/example_dynamic_task_mapping_with_no_taskflow_operators.py
[2026-05-02T18:17:33.641+0000] {processor.py:925} INFO - DAG(s) 'example_dynamic_task_mapping_with_no_taskflow_operators' retrieved from /usr/local/python/3.12.1/lib/python3.12/site-packages/airflow/example_dags/example_dynamic_task_mapping_with_no_taskflow_operators.py
[2026-05-02T18:17:33.655+0000] {logging_mixin.py:190} INFO - [2026-05-02T18:17:33.655+0000] {dag.py:3239} INFO - Sync 1 DAGs
[2026-05-02T18:17:33.666+0000] {logging_mixin.py:190} INFO - [2026-05-02T18:17:33.666+0000] {dag.py:4180} INFO - Setting next_dagrun for example_dynamic_task_mapping_with_no_taskflow_operators to None, run_after=None
[2026-05-02T18:17:33.686+0000] {processor.py:208} INFO - Processing /usr/local/python/3.12.1/lib/python3.12/site-packages/airflow/example_dags/example_dynamic_task_mapping_with_no_taskflow_operators.py took 0.059 seconds
[2026-05-02T18:18:36.233+0000] {processor.py:186} INFO - Started process (PID=99071) to work on /usr/local/python/3.12.1/lib/python3.12/site-packages/airflow/example_dags/example_dynamic_task_mapping_with_no_taskflow_operators.py
[2026-05-02T18:18:36.234+0000] {processor.py:914} INFO - Processing file /usr/local/python/3.12.1/lib/python3.12/site-packages/airflow/example_dags/example_dynamic_task_mapping_with_no_taskflow_operators.py for tasks to queue
[2026-05-02T18:18:36.236+0000] {logging_mixin.py:190} INFO - [2026-05-02T18:18:36.235+0000] {dagbag.py:588} INFO - Filling up the DagBag from /usr/local/python/3.12.1/lib/python3.12/site-packages/airflow/example_dags/example_dynamic_task_mapping_with_no_taskflow_operators.py
[2026-05-02T18:18:36.244+0000] {processor.py:925} INFO - DAG(s) 'example_dynamic_task_mapping_with_no_taskflow_operators' retrieved from /usr/local/python/3.12.1/lib/python3.12/site-packages/airflow/example_dags/example_dynamic_task_mapping_with_no_taskflow_operators.py
[2026-05-02T18:18:36.260+0000] {logging_mixin.py:190} INFO - [2026-05-02T18:18:36.260+0000] {dag.py:3239} INFO - Sync 1 DAGs
[2026-05-02T18:18:36.271+0000] {logging_mixin.py:190} INFO - [2026-05-02T18:18:36.271+0000] {dag.py:4180} INFO - Setting next_dagrun for example_dynamic_task_mapping_with_no_taskflow_operators to None, run_after=None
[2026-05-02T18:18:36.306+0000] {processor.py:208} INFO - Processing /usr/local/python/3.12.1/lib/python3.12/site-packages/airflow/example_dags/example_dynamic_task_mapping_with_no_taskflow_operators.py took 0.079 seconds
[2026-05-02T18:19:37.061+0000] {processor.py:186} INFO - Started process (PID=99906) to work on /usr/local/python/3.12.1/lib/python3.12/site-packages/airflow/example_dags/example_dynamic_task_mapping_with_no_taskflow_operators.py
[2026-05-02T18:19:37.062+0000] {processor.py:914} INFO - Processing file /usr/local/python/3.12.1/lib/python3.12/site-packages/airflow/example_dags/example_dynamic_task_mapping_with_no_taskflow_operators.py for tasks to queue
[2026-05-02T18:19:37.063+0000] {logging_mixin.py:190} INFO - [2026-05-02T18:19:37.062+0000] {dagbag.py:588} INFO - Filling up the DagBag from /usr/local/python/3.12.1/lib/python3.12/site-packages/airflow/example_dags/example_dynamic_task_mapping_with_no_taskflow_operators.py
[2026-05-02T18:19:37.070+0000] {processor.py:925} INFO - DAG(s) 'example_dynamic_task_mapping_with_no_taskflow_operators' retrieved from /usr/local/python/3.12.1/lib/python3.12/site-packages/airflow/example_dags/example_dynamic_task_mapping_with_no_taskflow_operators.py
[2026-05-02T18:19:37.082+0000] {logging_mixin.py:190} INFO - [2026-05-02T18:19:37.082+0000] {dag.py:3239} INFO - Sync 1 DAGs
[2026-05-02T18:19:37.092+0000] {logging_mixin.py:190} INFO - [2026-05-02T18:19:37.092+0000] {dag.py:4180} INFO - Setting next_dagrun for example_dynamic_task_mapping_with_no_taskflow_operators to None, run_after=None
[2026-05-02T18:19:37.108+0000] {processor.py:208} INFO - Processing /usr/local/python/3.12.1/lib/python3.12/site-packages/airflow/example_dags/example_dynamic_task_mapping_with_no_taskflow_operators.py took 0.053 seconds
[2026-05-02T18:20:33.209+0000] {processor.py:186} INFO - Started process (PID=100519) to work on /usr/local/python/3.12.1/lib/python3.12/site-packages/airflow/example_dags/example_dynamic_task_mapping_with_no_taskflow_operators.py
[2026-05-02T18:20:33.210+0000] {processor.py:914} INFO - Processing file /usr/local/python/3.12.1/lib/python3.12/site-packages/airflow/example_dags/example_dynamic_task_mapping_with_no_taskflow_operators.py for tasks to queue
[2026-05-02T18:20:33.211+0000] {logging_mixin.py:190} INFO - [2026-05-02T18:20:33.210+0000] {dagbag.py:588} INFO - Filling up the DagBag from /usr/local/python/3.12.1/lib/python3.12/site-packages/airflow/example_dags/example_dynamic_task_mapping_with_no_taskflow_operators.py
[2026-05-02T18:20:33.218+0000] {processor.py:925} INFO - DAG(s) 'example_dynamic_task_mapping_with_no_taskflow_operators' retrieved from /usr/local/python/3.12.1/lib/python3.12/site-packages/airflow/example_dags/example_dynamic_task_mapping_with_no_taskflow_operators.py
[2026-05-02T18:20:33.231+0000] {logging_mixin.py:190} INFO - [2026-05-02T18:20:33.230+0000] {dag.py:3239} INFO - Sync 1 DAGs
[2026-05-02T18:20:33.242+0000] {logging_mixin.py:190} INFO - [2026-05-02T18:20:33.241+0000] {dag.py:4180} INFO - Setting next_dagrun for example_dynamic_task_mapping_with_no_taskflow_operators to None, run_after=None
[2026-05-02T18:20:33.378+0000] {processor.py:208} INFO - Processing /usr/local/python/3.12.1/lib/python3.12/site-packages/airflow/example_dags/example_dynamic_task_mapping_with_no_taskflow_operators.py took 0.173 seconds
[2026-05-02T18:21:31.075+0000] {processor.py:186} INFO - Started process (PID=101152) to work on /usr/local/python/3.12.1/lib/python3.12/site-packages/airflow/example_dags/example_dynamic_task_mapping_with_no_taskflow_operators.py
[2026-05-02T18:21:31.076+0000] {processor.py:914} INFO - Processing file /usr/local/python/3.12.1/lib/python3.12/site-packages/airflow/example_dags/example_dynamic_task_mapping_with_no_taskflow_operators.py for tasks to queue
[2026-05-02T18:21:31.077+0000] {logging_mixin.py:190} INFO - [2026-05-02T18:21:31.076+0000] {dagbag.py:588} INFO - Filling up the DagBag from /usr/local/python/3.12.1/lib/python3.12/site-packages/airflow/example_dags/example_dynamic_task_mapping_with_no_taskflow_operators.py
[2026-05-02T18:21:31.084+0000] {processor.py:925} INFO - DAG(s) 'example_dynamic_task_mapping_with_no_taskflow_operators' retrieved from /usr/local/python/3.12.1/lib/python3.12/site-packages/airflow/example_dags/example_dynamic_task_mapping_with_no_taskflow_operators.py
[2026-05-02T18:21:31.096+0000] {logging_mixin.py:190} INFO - [2026-05-02T18:21:31.096+0000] {dag.py:3239} INFO - Sync 1 DAGs
[2026-05-02T18:21:31.110+0000] {logging_mixin.py:190} INFO - [2026-05-02T18:21:31.110+0000] {dag.py:4180} INFO - Setting next_dagrun for example_dynamic_task_mapping_with_no_taskflow_operators to None, run_after=None
[2026-05-02T18:21:31.141+0000] {processor.py:208} INFO - Processing /usr/local/python/3.12.1/lib/python3.12/site-packages/airflow/example_dags/example_dynamic_task_mapping_with_no_taskflow_operators.py took 0.071 seconds
[2026-05-02T18:22:41.591+0000] {processor.py:186} INFO - Started process (PID=102123) to work on /usr/local/python/3.12.1/lib/python3.12/site-packages/airflow/example_dags/example_dynamic_task_mapping_with_no_taskflow_operators.py
[2026-05-02T18:22:41.592+0000] {processor.py:914} INFO - Processing file /usr/local/python/3.12.1/lib/python3.12/site-packages/airflow/example_dags/example_dynamic_task_mapping_with_no_taskflow_operators.py for tasks to queue
[2026-05-02T18:22:41.593+0000] {logging_mixin.py:190} INFO - [2026-05-02T18:22:41.593+0000] {dagbag.py:588} INFO - Filling up the DagBag from /usr/local/python/3.12.1/lib/python3.12/site-packages/airflow/example_dags/example_dynamic_task_mapping_with_no_taskflow_operators.py
[2026-05-02T18:22:41.606+0000] {processor.py:925} INFO - DAG(s) 'example_dynamic_task_mapping_with_no_taskflow_operators' retrieved from /usr/local/python/3.12.1/lib/python3.12/site-packages/airflow/example_dags/example_dynamic_task_mapping_with_no_taskflow_operators.py
[2026-05-02T18:22:41.627+0000] {logging_mixin.py:190} INFO - [2026-05-02T18:22:41.627+0000] {dag.py:3239} INFO - Sync 1 DAGs
[2026-05-02T18:22:41.647+0000] {logging_mixin.py:190} INFO - [2026-05-02T18:22:41.647+0000] {dag.py:4180} INFO - Setting next_dagrun for example_dynamic_task_mapping_with_no_taskflow_operators to None, run_after=None
[2026-05-02T18:22:41.670+0000] {processor.py:208} INFO - Processing /usr/local/python/3.12.1/lib/python3.12/site-packages/airflow/example_dags/example_dynamic_task_mapping_with_no_taskflow_operators.py took 0.088 seconds
[2026-05-02T18:23:55.895+0000] {processor.py:186} INFO - Started process (PID=102793) to work on /usr/local/python/3.12.1/lib/python3.12/site-packages/airflow/example_dags/example_dynamic_task_mapping_with_no_taskflow_operators.py
[2026-05-02T18:23:55.896+0000] {processor.py:914} INFO - Processing file /usr/local/python/3.12.1/lib/python3.12/site-packages/airflow/example_dags/example_dynamic_task_mapping_with_no_taskflow_operators.py for tasks to queue
[2026-05-02T18:23:55.897+0000] {logging_mixin.py:190} INFO - [2026-05-02T18:23:55.897+0000] {dagbag.py:588} INFO - Filling up the DagBag from /usr/local/python/3.12.1/lib/python3.12/site-packages/airflow/example_dags/example_dynamic_task_mapping_with_no_taskflow_operators.py
[2026-05-02T18:23:55.904+0000] {processor.py:925} INFO - DAG(s) 'example_dynamic_task_mapping_with_no_taskflow_operators' retrieved from /usr/local/python/3.12.1/lib/python3.12/site-packages/airflow/example_dags/example_dynamic_task_mapping_with_no_taskflow_operators.py
[2026-05-02T18:23:55.916+0000] {logging_mixin.py:190} INFO - [2026-05-02T18:23:55.916+0000] {dag.py:3239} INFO - Sync 1 DAGs
[2026-05-02T18:23:55.925+0000] {logging_mixin.py:190} INFO - [2026-05-02T18:23:55.925+0000] {dag.py:4180} INFO - Setting next_dagrun for example_dynamic_task_mapping_with_no_taskflow_operators to None, run_after=None
[2026-05-02T18:23:55.942+0000] {processor.py:208} INFO - Processing /usr/local/python/3.12.1/lib/python3.12/site-packages/airflow/example_dags/example_dynamic_task_mapping_with_no_taskflow_operators.py took 0.051 seconds
[2026-05-02T18:24:52.534+0000] {processor.py:186} INFO - Started process (PID=103437) to work on /usr/local/python/3.12.1/lib/python3.12/site-packages/airflow/example_dags/example_dynamic_task_mapping_with_no_taskflow_operators.py
[2026-05-02T18:24:52.535+0000] {processor.py:914} INFO - Processing file /usr/local/python/3.12.1/lib/python3.12/site-packages/airflow/example_dags/example_dynamic_task_mapping_with_no_taskflow_operators.py for tasks to queue
[2026-05-02T18:24:52.536+0000] {logging_mixin.py:190} INFO - [2026-05-02T18:24:52.536+0000] {dagbag.py:588} INFO - Filling up the DagBag from /usr/local/python/3.12.1/lib/python3.12/site-packages/airflow/example_dags/example_dynamic_task_mapping_with_no_taskflow_operators.py
[2026-05-02T18:24:52.544+0000] {processor.py:925} INFO - DAG(s) 'example_dynamic_task_mapping_with_no_taskflow_operators' retrieved from /usr/local/python/3.12.1/lib/python3.12/site-packages/airflow/example_dags/example_dynamic_task_mapping_with_no_taskflow_operators.py
[2026-05-02T18:24:52.560+0000] {logging_mixin.py:190} INFO - [2026-05-02T18:24:52.560+0000] {dag.py:3239} INFO - Sync 1 DAGs
[2026-05-02T18:24:52.570+0000] {logging_mixin.py:190} INFO - [2026-05-02T18:24:52.570+0000] {dag.py:4180} INFO - Setting next_dagrun for example_dynamic_task_mapping_with_no_taskflow_operators to None, run_after=None
[2026-05-02T18:24:52.586+0000] {processor.py:208} INFO - Processing /usr/local/python/3.12.1/lib/python3.12/site-packages/airflow/example_dags/example_dynamic_task_mapping_with_no_taskflow_operators.py took 0.056 seconds
[2026-05-02T18:25:47.510+0000] {processor.py:186} INFO - Started process (PID=104147) to work on /usr/local/python/3.12.1/lib/python3.12/site-packages/airflow/example_dags/example_dynamic_task_mapping_with_no_taskflow_operators.py
[2026-05-02T18:25:47.510+0000] {processor.py:914} INFO - Processing file /usr/local/python/3.12.1/lib/python3.12/site-packages/airflow/example_dags/example_dynamic_task_mapping_with_no_taskflow_operators.py for tasks to queue
[2026-05-02T18:25:47.511+0000] {logging_mixin.py:190} INFO - [2026-05-02T18:25:47.511+0000] {dagbag.py:588} INFO - Filling up the DagBag from /usr/local/python/3.12.1/lib/python3.12/site-packages/airflow/example_dags/example_dynamic_task_mapping_with_no_taskflow_operators.py
[2026-05-02T18:25:47.519+0000] {processor.py:925} INFO - DAG(s) 'example_dynamic_task_mapping_with_no_taskflow_operators' retrieved from /usr/local/python/3.12.1/lib/python3.12/site-packages/airflow/example_dags/example_dynamic_task_mapping_with_no_taskflow_operators.py
[2026-05-02T18:25:47.531+0000] {logging_mixin.py:190} INFO - [2026-05-02T18:25:47.530+0000] {dag.py:3239} INFO - Sync 1 DAGs
[2026-05-02T18:25:47.540+0000] {logging_mixin.py:190} INFO - [2026-05-02T18:25:47.540+0000] {dag.py:4180} INFO - Setting next_dagrun for example_dynamic_task_mapping_with_no_taskflow_operators to None, run_after=None
[2026-05-02T18:25:47.559+0000] {processor.py:208} INFO - Processing /usr/local/python/3.12.1/lib/python3.12/site-packages/airflow/example_dags/example_dynamic_task_mapping_with_no_taskflow_operators.py took 0.054 seconds
[2026-05-02T18:27:04.667+0000] {processor.py:186} INFO - Started process (PID=104945) to work on /usr/local/python/3.12.1/lib/python3.12/site-packages/airflow/example_dags/example_dynamic_task_mapping_with_no_taskflow_operators.py
[2026-05-02T18:27:04.667+0000] {processor.py:914} INFO - Processing file /usr/local/python/3.12.1/lib/python3.12/site-packages/airflow/example_dags/example_dynamic_task_mapping_with_no_taskflow_operators.py for tasks to queue
[2026-05-02T18:27:04.668+0000] {logging_mixin.py:190} INFO - [2026-05-02T18:27:04.668+0000] {dagbag.py:588} INFO - Filling up the DagBag from /usr/local/python/3.12.1/lib/python3.12/site-packages/airflow/example_dags/example_dynamic_task_mapping_with_no_taskflow_operators.py
[2026-05-02T18:27:04.675+0000] {processor.py:925} INFO - DAG(s) 'example_dynamic_task_mapping_with_no_taskflow_operators' retrieved from /usr/local/python/3.12.1/lib/python3.12/site-packages/airflow/example_dags/example_dynamic_task_mapping_with_no_taskflow_operators.py
[2026-05-02T18:27:04.687+0000] {logging_mixin.py:190} INFO - [2026-05-02T18:27:04.687+0000] {dag.py:3239} INFO - Sync 1 DAGs
[2026-05-02T18:27:04.697+0000] {logging_mixin.py:190} INFO - [2026-05-02T18:27:04.697+0000] {dag.py:4180} INFO - Setting next_dagrun for example_dynamic_task_mapping_with_no_taskflow_operators to None, run_after=None
[2026-05-02T18:27:04.715+0000] {processor.py:208} INFO - Processing /usr/local/python/3.12.1/lib/python3.12/site-packages/airflow/example_dags/example_dynamic_task_mapping_with_no_taskflow_operators.py took 0.053 seconds
[2026-05-02T18:28:01.524+0000] {processor.py:186} INFO - Started process (PID=105695) to work on /usr/local/python/3.12.1/lib/python3.12/site-packages/airflow/example_dags/example_dynamic_task_mapping_with_no_taskflow_operators.py
[2026-05-02T18:28:01.525+0000] {processor.py:914} INFO - Processing file /usr/local/python/3.12.1/lib/python3.12/site-packages/airflow/example_dags/example_dynamic_task_mapping_with_no_taskflow_operators.py for tasks to queue
[2026-05-02T18:28:01.526+0000] {logging_mixin.py:190} INFO - [2026-05-02T18:28:01.525+0000] {dagbag.py:588} INFO - Filling up the DagBag from /usr/local/python/3.12.1/lib/python3.12/site-packages/airflow/example_dags/example_dynamic_task_mapping_with_no_taskflow_operators.py
[2026-05-02T18:28:01.533+0000] {processor.py:925} INFO - DAG(s) 'example_dynamic_task_mapping_with_no_taskflow_operators' retrieved from /usr/local/python/3.12.1/lib/python3.12/site-packages/airflow/example_dags/example_dynamic_task_mapping_with_no_taskflow_operators.py
[2026-05-02T18:28:01.546+0000] {logging_mixin.py:190} INFO - [2026-05-02T18:28:01.546+0000] {dag.py:3239} INFO - Sync 1 DAGs
[2026-05-02T18:28:01.560+0000] {logging_mixin.py:190} INFO - [2026-05-02T18:28:01.560+0000] {dag.py:4180} INFO - Setting next_dagrun for example_dynamic_task_mapping_with_no_taskflow_operators to None, run_after=None
[2026-05-02T18:28:01.577+0000] {processor.py:208} INFO - Processing /usr/local/python/3.12.1/lib/python3.12/site-packages/airflow/example_dags/example_dynamic_task_mapping_with_no_taskflow_operators.py took 0.057 seconds
[2026-05-02T18:29:07.671+0000] {processor.py:186} INFO - Started process (PID=106740) to work on /usr/local/python/3.12.1/lib/python3.12/site-packages/airflow/example_dags/example_dynamic_task_mapping_with_no_taskflow_operators.py
[2026-05-02T18:29:07.671+0000] {processor.py:914} INFO - Processing file /usr/local/python/3.12.1/lib/python3.12/site-packages/airflow/example_dags/example_dynamic_task_mapping_with_no_taskflow_operators.py for tasks to queue
[2026-05-02T18:29:07.672+0000] {logging_mixin.py:190} INFO - [2026-05-02T18:29:07.672+0000] {dagbag.py:588} INFO - Filling up the DagBag from /usr/local/python/3.12.1/lib/python3.12/site-packages/airflow/example_dags/example_dynamic_task_mapping_with_no_taskflow_operators.py
[2026-05-02T18:29:07.680+0000] {processor.py:925} INFO - DAG(s) 'example_dynamic_task_mapping_with_no_taskflow_operators' retrieved from /usr/local/python/3.12.1/lib/python3.12/site-packages/airflow/example_dags/example_dynamic_task_mapping_with_no_taskflow_operators.py
[2026-05-02T18:29:07.692+0000] {logging_mixin.py:190} INFO - [2026-05-02T18:29:07.691+0000] {dag.py:3239} INFO - Sync 1 DAGs
[2026-05-02T18:29:07.701+0000] {logging_mixin.py:190} INFO - [2026-05-02T18:29:07.701+0000] {dag.py:4180} INFO - Setting next_dagrun for example_dynamic_task_mapping_with_no_taskflow_operators to None, run_after=None
[2026-05-02T18:29:07.718+0000] {processor.py:208} INFO - Processing /usr/local/python/3.12.1/lib/python3.12/site-packages/airflow/example_dags/example_dynamic_task_mapping_with_no_taskflow_operators.py took 0.052 seconds
[2026-05-02T18:30:01.368+0000] {processor.py:186} INFO - Started process (PID=107232) to work on /usr/local/python/3.12.1/lib/python3.12/site-packages/airflow/example_dags/example_dynamic_task_mapping_with_no_taskflow_operators.py
[2026-05-02T18:30:01.368+0000] {processor.py:914} INFO - Processing file /usr/local/python/3.12.1/lib/python3.12/site-packages/airflow/example_dags/example_dynamic_task_mapping_with_no_taskflow_operators.py for tasks to queue
[2026-05-02T18:30:01.369+0000] {logging_mixin.py:190} INFO - [2026-05-02T18:30:01.369+0000] {dagbag.py:588} INFO - Filling up the DagBag from /usr/local/python/3.12.1/lib/python3.12/site-packages/airflow/example_dags/example_dynamic_task_mapping_with_no_taskflow_operators.py
[2026-05-02T18:30:01.377+0000] {processor.py:925} INFO - DAG(s) 'example_dynamic_task_mapping_with_no_taskflow_operators' retrieved from /usr/local/python/3.12.1/lib/python3.12/site-packages/airflow/example_dags/example_dynamic_task_mapping_with_no_taskflow_operators.py
[2026-05-02T18:30:01.389+0000] {logging_mixin.py:190} INFO - [2026-05-02T18:30:01.389+0000] {dag.py:3239} INFO - Sync 1 DAGs
[2026-05-02T18:30:01.399+0000] {logging_mixin.py:190} INFO - [2026-05-02T18:30:01.399+0000] {dag.py:4180} INFO - Setting next_dagrun for example_dynamic_task_mapping_with_no_taskflow_operators to None, run_after=None
[2026-05-02T18:30:01.420+0000] {processor.py:208} INFO - Processing /usr/local/python/3.12.1/lib/python3.12/site-packages/airflow/example_dags/example_dynamic_task_mapping_with_no_taskflow_operators.py took 0.057 seconds
[2026-05-02T18:30:58.898+0000] {processor.py:186} INFO - Started process (PID=107717) to work on /usr/local/python/3.12.1/lib/python3.12/site-packages/airflow/example_dags/example_dynamic_task_mapping_with_no_taskflow_operators.py
[2026-05-02T18:30:58.898+0000] {processor.py:914} INFO - Processing file /usr/local/python/3.12.1/lib/python3.12/site-packages/airflow/example_dags/example_dynamic_task_mapping_with_no_taskflow_operators.py for tasks to queue
[2026-05-02T18:30:58.899+0000] {logging_mixin.py:190} INFO - [2026-05-02T18:30:58.899+0000] {dagbag.py:588} INFO - Filling up the DagBag from /usr/local/python/3.12.1/lib/python3.12/site-packages/airflow/example_dags/example_dynamic_task_mapping_with_no_taskflow_operators.py
[2026-05-02T18:30:58.906+0000] {processor.py:925} INFO - DAG(s) 'example_dynamic_task_mapping_with_no_taskflow_operators' retrieved from /usr/local/python/3.12.1/lib/python3.12/site-packages/airflow/example_dags/example_dynamic_task_mapping_with_no_taskflow_operators.py
[2026-05-02T18:30:58.921+0000] {logging_mixin.py:190} INFO - [2026-05-02T18:30:58.921+0000] {dag.py:3239} INFO - Sync 1 DAGs
[2026-05-02T18:30:58.931+0000] {logging_mixin.py:190} INFO - [2026-05-02T18:30:58.930+0000] {dag.py:4180} INFO - Setting next_dagrun for example_dynamic_task_mapping_with_no_taskflow_operators to None, run_after=None
[2026-05-02T18:30:58.950+0000] {processor.py:208} INFO - Processing /usr/local/python/3.12.1/lib/python3.12/site-packages/airflow/example_dags/example_dynamic_task_mapping_with_no_taskflow_operators.py took 0.056 seconds
[2026-05-02T18:31:54.809+0000] {processor.py:186} INFO - Started process (PID=108233) to work on /usr/local/python/3.12.1/lib/python3.12/site-packages/airflow/example_dags/example_dynamic_task_mapping_with_no_taskflow_operators.py
[2026-05-02T18:31:54.809+0000] {processor.py:914} INFO - Processing file /usr/local/python/3.12.1/lib/python3.12/site-packages/airflow/example_dags/example_dynamic_task_mapping_with_no_taskflow_operators.py for tasks to queue
[2026-05-02T18:31:54.810+0000] {logging_mixin.py:190} INFO - [2026-05-02T18:31:54.810+0000] {dagbag.py:588} INFO - Filling up the DagBag from /usr/local/python/3.12.1/lib/python3.12/site-packages/airflow/example_dags/example_dynamic_task_mapping_with_no_taskflow_operators.py
[2026-05-02T18:31:54.818+0000] {processor.py:925} INFO - DAG(s) 'example_dynamic_task_mapping_with_no_taskflow_operators' retrieved from /usr/local/python/3.12.1/lib/python3.12/site-packages/airflow/example_dags/example_dynamic_task_mapping_with_no_taskflow_operators.py
[2026-05-02T18:31:54.830+0000] {logging_mixin.py:190} INFO - [2026-05-02T18:31:54.830+0000] {dag.py:3239} INFO - Sync 1 DAGs
[2026-05-02T18:31:54.845+0000] {logging_mixin.py:190} INFO - [2026-05-02T18:31:54.845+0000] {dag.py:4180} INFO - Setting next_dagrun for example_dynamic_task_mapping_with_no_taskflow_operators to None, run_after=None
[2026-05-02T18:31:54.866+0000] {processor.py:208} INFO - Processing /usr/local/python/3.12.1/lib/python3.12/site-packages/airflow/example_dags/example_dynamic_task_mapping_with_no_taskflow_operators.py took 0.062 seconds
[2026-05-02T18:32:55.673+0000] {processor.py:186} INFO - Started process (PID=108931) to work on /usr/local/python/3.12.1/lib/python3.12/site-packages/airflow/example_dags/example_dynamic_task_mapping_with_no_taskflow_operators.py
[2026-05-02T18:32:55.677+0000] {processor.py:914} INFO - Processing file /usr/local/python/3.12.1/lib/python3.12/site-packages/airflow/example_dags/example_dynamic_task_mapping_with_no_taskflow_operators.py for tasks to queue
[2026-05-02T18:32:55.678+0000] {logging_mixin.py:190} INFO - [2026-05-02T18:32:55.678+0000] {dagbag.py:588} INFO - Filling up the DagBag from /usr/local/python/3.12.1/lib/python3.12/site-packages/airflow/example_dags/example_dynamic_task_mapping_with_no_taskflow_operators.py
[2026-05-02T18:32:55.696+0000] {processor.py:925} INFO - DAG(s) 'example_dynamic_task_mapping_with_no_taskflow_operators' retrieved from /usr/local/python/3.12.1/lib/python3.12/site-packages/airflow/example_dags/example_dynamic_task_mapping_with_no_taskflow_operators.py
[2026-05-02T18:32:55.715+0000] {logging_mixin.py:190} INFO - [2026-05-02T18:32:55.714+0000] {dag.py:3239} INFO - Sync 1 DAGs
[2026-05-02T18:32:55.757+0000] {logging_mixin.py:190} INFO - [2026-05-02T18:32:55.756+0000] {dag.py:4180} INFO - Setting next_dagrun for example_dynamic_task_mapping_with_no_taskflow_operators to None, run_after=None
[2026-05-02T18:32:55.815+0000] {processor.py:208} INFO - Processing /usr/local/python/3.12.1/lib/python3.12/site-packages/airflow/example_dags/example_dynamic_task_mapping_with_no_taskflow_operators.py took 0.164 seconds
[2026-05-02T18:33:56.837+0000] {processor.py:186} INFO - Started process (PID=109722) to work on /usr/local/python/3.12.1/lib/python3.12/site-packages/airflow/example_dags/example_dynamic_task_mapping_with_no_taskflow_operators.py
[2026-05-02T18:33:56.838+0000] {processor.py:914} INFO - Processing file /usr/local/python/3.12.1/lib/python3.12/site-packages/airflow/example_dags/example_dynamic_task_mapping_with_no_taskflow_operators.py for tasks to queue
[2026-05-02T18:33:56.840+0000] {logging_mixin.py:190} INFO - [2026-05-02T18:33:56.840+0000] {dagbag.py:588} INFO - Filling up the DagBag from /usr/local/python/3.12.1/lib/python3.12/site-packages/airflow/example_dags/example_dynamic_task_mapping_with_no_taskflow_operators.py
[2026-05-02T18:33:56.851+0000] {processor.py:925} INFO - DAG(s) 'example_dynamic_task_mapping_with_no_taskflow_operators' retrieved from /usr/local/python/3.12.1/lib/python3.12/site-packages/airflow/example_dags/example_dynamic_task_mapping_with_no_taskflow_operators.py
[2026-05-02T18:33:56.871+0000] {logging_mixin.py:190} INFO - [2026-05-02T18:33:56.871+0000] {dag.py:3239} INFO - Sync 1 DAGs
[2026-05-02T18:33:56.890+0000] {logging_mixin.py:190} INFO - [2026-05-02T18:33:56.889+0000] {dag.py:4180} INFO - Setting next_dagrun for example_dynamic_task_mapping_with_no_taskflow_operators to None, run_after=None
[2026-05-02T18:33:56.921+0000] {processor.py:208} INFO - Processing /usr/local/python/3.12.1/lib/python3.12/site-packages/airflow/example_dags/example_dynamic_task_mapping_with_no_taskflow_operators.py took 0.090 seconds
[2026-05-02T18:35:06.345+0000] {processor.py:186} INFO - Started process (PID=110678) to work on /usr/local/python/3.12.1/lib/python3.12/site-packages/airflow/example_dags/example_dynamic_task_mapping_with_no_taskflow_operators.py
[2026-05-02T18:35:06.346+0000] {processor.py:914} INFO - Processing file /usr/local/python/3.12.1/lib/python3.12/site-packages/airflow/example_dags/example_dynamic_task_mapping_with_no_taskflow_operators.py for tasks to queue
[2026-05-02T18:35:06.347+0000] {logging_mixin.py:190} INFO - [2026-05-02T18:35:06.347+0000] {dagbag.py:588} INFO - Filling up the DagBag from /usr/local/python/3.12.1/lib/python3.12/site-packages/airflow/example_dags/example_dynamic_task_mapping_with_no_taskflow_operators.py
[2026-05-02T18:35:06.356+0000] {processor.py:925} INFO - DAG(s) 'example_dynamic_task_mapping_with_no_taskflow_operators' retrieved from /usr/local/python/3.12.1/lib/python3.12/site-packages/airflow/example_dags/example_dynamic_task_mapping_with_no_taskflow_operators.py
[2026-05-02T18:35:06.370+0000] {logging_mixin.py:190} INFO - [2026-05-02T18:35:06.369+0000] {dag.py:3239} INFO - Sync 1 DAGs
[2026-05-02T18:35:06.380+0000] {logging_mixin.py:190} INFO - [2026-05-02T18:35:06.380+0000] {dag.py:4180} INFO - Setting next_dagrun for example_dynamic_task_mapping_with_no_taskflow_operators to None, run_after=None
[2026-05-02T18:35:06.397+0000] {processor.py:208} INFO - Processing /usr/local/python/3.12.1/lib/python3.12/site-packages/airflow/example_dags/example_dynamic_task_mapping_with_no_taskflow_operators.py took 0.057 seconds
[2026-05-02T18:36:02.315+0000] {processor.py:186} INFO - Started process (PID=111175) to work on /usr/local/python/3.12.1/lib/python3.12/site-packages/airflow/example_dags/example_dynamic_task_mapping_with_no_taskflow_operators.py
[2026-05-02T18:36:02.316+0000] {processor.py:914} INFO - Processing file /usr/local/python/3.12.1/lib/python3.12/site-packages/airflow/example_dags/example_dynamic_task_mapping_with_no_taskflow_operators.py for tasks to queue
[2026-05-02T18:36:02.318+0000] {logging_mixin.py:190} INFO - [2026-05-02T18:36:02.317+0000] {dagbag.py:588} INFO - Filling up the DagBag from /usr/local/python/3.12.1/lib/python3.12/site-packages/airflow/example_dags/example_dynamic_task_mapping_with_no_taskflow_operators.py
[2026-05-02T18:36:02.331+0000] {processor.py:925} INFO - DAG(s) 'example_dynamic_task_mapping_with_no_taskflow_operators' retrieved from /usr/local/python/3.12.1/lib/python3.12/site-packages/airflow/example_dags/example_dynamic_task_mapping_with_no_taskflow_operators.py
[2026-05-02T18:36:02.349+0000] {logging_mixin.py:190} INFO - [2026-05-02T18:36:02.349+0000] {dag.py:3239} INFO - Sync 1 DAGs
[2026-05-02T18:36:02.362+0000] {logging_mixin.py:190} INFO - [2026-05-02T18:36:02.362+0000] {dag.py:4180} INFO - Setting next_dagrun for example_dynamic_task_mapping_with_no_taskflow_operators to None, run_after=None
[2026-05-02T18:36:02.380+0000] {processor.py:208} INFO - Processing /usr/local/python/3.12.1/lib/python3.12/site-packages/airflow/example_dags/example_dynamic_task_mapping_with_no_taskflow_operators.py took 0.075 seconds
[2026-05-02T18:36:54.479+0000] {processor.py:186} INFO - Started process (PID=111660) to work on /usr/local/python/3.12.1/lib/python3.12/site-packages/airflow/example_dags/example_dynamic_task_mapping_with_no_taskflow_operators.py
[2026-05-02T18:36:54.480+0000] {processor.py:914} INFO - Processing file /usr/local/python/3.12.1/lib/python3.12/site-packages/airflow/example_dags/example_dynamic_task_mapping_with_no_taskflow_operators.py for tasks to queue
[2026-05-02T18:36:54.481+0000] {logging_mixin.py:190} INFO - [2026-05-02T18:36:54.480+0000] {dagbag.py:588} INFO - Filling up the DagBag from /usr/local/python/3.12.1/lib/python3.12/site-packages/airflow/example_dags/example_dynamic_task_mapping_with_no_taskflow_operators.py
[2026-05-02T18:36:54.488+0000] {processor.py:925} INFO - DAG(s) 'example_dynamic_task_mapping_with_no_taskflow_operators' retrieved from /usr/local/python/3.12.1/lib/python3.12/site-packages/airflow/example_dags/example_dynamic_task_mapping_with_no_taskflow_operators.py
[2026-05-02T18:36:54.500+0000] {logging_mixin.py:190} INFO - [2026-05-02T18:36:54.500+0000] {dag.py:3239} INFO - Sync 1 DAGs
[2026-05-02T18:36:54.510+0000] {logging_mixin.py:190} INFO - [2026-05-02T18:36:54.510+0000] {dag.py:4180} INFO - Setting next_dagrun for example_dynamic_task_mapping_with_no_taskflow_operators to None, run_after=None
[2026-05-02T18:36:54.527+0000] {processor.py:208} INFO - Processing /usr/local/python/3.12.1/lib/python3.12/site-packages/airflow/example_dags/example_dynamic_task_mapping_with_no_taskflow_operators.py took 0.053 seconds
