[2026-05-02T16:27:58.026+0000] {processor.py:186} INFO - Started process (PID=17632) to work on /usr/local/python/3.12.1/lib/python3.12/site-packages/airflow/example_dags/example_python_operator.py
[2026-05-02T16:27:58.027+0000] {processor.py:914} INFO - Processing file /usr/local/python/3.12.1/lib/python3.12/site-packages/airflow/example_dags/example_python_operator.py for tasks to queue
[2026-05-02T16:27:58.029+0000] {logging_mixin.py:190} INFO - [2026-05-02T16:27:58.029+0000] {dagbag.py:588} INFO - Filling up the DagBag from /usr/local/python/3.12.1/lib/python3.12/site-packages/airflow/example_dags/example_python_operator.py
[2026-05-02T16:27:58.044+0000] {processor.py:925} INFO - DAG(s) 'example_python_operator' retrieved from /usr/local/python/3.12.1/lib/python3.12/site-packages/airflow/example_dags/example_python_operator.py
[2026-05-02T16:27:58.136+0000] {logging_mixin.py:190} INFO - [2026-05-02T16:27:58.135+0000] {override.py:1900} INFO - Created Permission View: can delete on DAG:example_python_operator
[2026-05-02T16:27:58.144+0000] {logging_mixin.py:190} INFO - [2026-05-02T16:27:58.144+0000] {override.py:1900} INFO - Created Permission View: can edit on DAG:example_python_operator
[2026-05-02T16:27:58.151+0000] {logging_mixin.py:190} INFO - [2026-05-02T16:27:58.151+0000] {override.py:1900} INFO - Created Permission View: can read on DAG:example_python_operator
[2026-05-02T16:27:58.161+0000] {logging_mixin.py:190} INFO - [2026-05-02T16:27:58.161+0000] {override.py:1900} INFO - Created Permission View: can delete on DAG Run:example_python_operator
[2026-05-02T16:27:58.168+0000] {logging_mixin.py:190} INFO - [2026-05-02T16:27:58.167+0000] {override.py:1900} INFO - Created Permission View: can create on DAG Run:example_python_operator
[2026-05-02T16:27:58.174+0000] {logging_mixin.py:190} INFO - [2026-05-02T16:27:58.174+0000] {override.py:1900} INFO - Created Permission View: menu access on DAG Run:example_python_operator
[2026-05-02T16:27:58.181+0000] {logging_mixin.py:190} INFO - [2026-05-02T16:27:58.180+0000] {override.py:1900} INFO - Created Permission View: can read on DAG Run:example_python_operator
[2026-05-02T16:27:58.181+0000] {logging_mixin.py:190} INFO - [2026-05-02T16:27:58.181+0000] {dag.py:3239} INFO - Sync 1 DAGs
[2026-05-02T16:27:58.191+0000] {logging_mixin.py:190} INFO - [2026-05-02T16:27:58.191+0000] {dag.py:3262} INFO - Creating ORM DAG for example_python_operator
[2026-05-02T16:27:58.192+0000] {logging_mixin.py:190} INFO - [2026-05-02T16:27:58.191+0000] {dag.py:4180} INFO - Setting next_dagrun for example_python_operator to None, run_after=None
[2026-05-02T16:27:58.209+0000] {processor.py:208} INFO - Processing /usr/local/python/3.12.1/lib/python3.12/site-packages/airflow/example_dags/example_python_operator.py took 0.189 seconds
[2026-05-02T16:29:03.621+0000] {processor.py:186} INFO - Started process (PID=18369) to work on /usr/local/python/3.12.1/lib/python3.12/site-packages/airflow/example_dags/example_python_operator.py
[2026-05-02T16:29:03.621+0000] {processor.py:914} INFO - Processing file /usr/local/python/3.12.1/lib/python3.12/site-packages/airflow/example_dags/example_python_operator.py for tasks to queue
[2026-05-02T16:29:03.623+0000] {logging_mixin.py:190} INFO - [2026-05-02T16:29:03.623+0000] {dagbag.py:588} INFO - Filling up the DagBag from /usr/local/python/3.12.1/lib/python3.12/site-packages/airflow/example_dags/example_python_operator.py
[2026-05-02T16:29:03.633+0000] {processor.py:925} INFO - DAG(s) 'example_python_operator' retrieved from /usr/local/python/3.12.1/lib/python3.12/site-packages/airflow/example_dags/example_python_operator.py
[2026-05-02T16:29:03.646+0000] {logging_mixin.py:190} INFO - [2026-05-02T16:29:03.646+0000] {dag.py:3239} INFO - Sync 1 DAGs
[2026-05-02T16:29:03.656+0000] {logging_mixin.py:190} INFO - [2026-05-02T16:29:03.655+0000] {dag.py:4180} INFO - Setting next_dagrun for example_python_operator to None, run_after=None
[2026-05-02T16:29:03.672+0000] {processor.py:208} INFO - Processing /usr/local/python/3.12.1/lib/python3.12/site-packages/airflow/example_dags/example_python_operator.py took 0.056 seconds
[2026-05-02T16:30:01.260+0000] {processor.py:186} INFO - Started process (PID=18876) to work on /usr/local/python/3.12.1/lib/python3.12/site-packages/airflow/example_dags/example_python_operator.py
[2026-05-02T16:30:01.260+0000] {processor.py:914} INFO - Processing file /usr/local/python/3.12.1/lib/python3.12/site-packages/airflow/example_dags/example_python_operator.py for tasks to queue
[2026-05-02T16:30:01.262+0000] {logging_mixin.py:190} INFO - [2026-05-02T16:30:01.262+0000] {dagbag.py:588} INFO - Filling up the DagBag from /usr/local/python/3.12.1/lib/python3.12/site-packages/airflow/example_dags/example_python_operator.py
[2026-05-02T16:30:01.273+0000] {processor.py:925} INFO - DAG(s) 'example_python_operator' retrieved from /usr/local/python/3.12.1/lib/python3.12/site-packages/airflow/example_dags/example_python_operator.py
[2026-05-02T16:30:01.287+0000] {logging_mixin.py:190} INFO - [2026-05-02T16:30:01.287+0000] {dag.py:3239} INFO - Sync 1 DAGs
[2026-05-02T16:30:01.297+0000] {logging_mixin.py:190} INFO - [2026-05-02T16:30:01.297+0000] {dag.py:4180} INFO - Setting next_dagrun for example_python_operator to None, run_after=None
[2026-05-02T16:30:01.314+0000] {processor.py:208} INFO - Processing /usr/local/python/3.12.1/lib/python3.12/site-packages/airflow/example_dags/example_python_operator.py took 0.060 seconds
[2026-05-02T16:32:52.004+0000] {processor.py:186} INFO - Started process (PID=20614) to work on /usr/local/python/3.12.1/lib/python3.12/site-packages/airflow/example_dags/example_python_operator.py
[2026-05-02T16:32:52.010+0000] {processor.py:914} INFO - Processing file /usr/local/python/3.12.1/lib/python3.12/site-packages/airflow/example_dags/example_python_operator.py for tasks to queue
[2026-05-02T16:32:52.014+0000] {logging_mixin.py:190} INFO - [2026-05-02T16:32:52.013+0000] {dagbag.py:588} INFO - Filling up the DagBag from /usr/local/python/3.12.1/lib/python3.12/site-packages/airflow/example_dags/example_python_operator.py
[2026-05-02T16:32:52.039+0000] {processor.py:925} INFO - DAG(s) 'example_python_operator' retrieved from /usr/local/python/3.12.1/lib/python3.12/site-packages/airflow/example_dags/example_python_operator.py
[2026-05-02T16:32:52.244+0000] {logging_mixin.py:190} INFO - [2026-05-02T16:32:52.244+0000] {dag.py:3239} INFO - Sync 1 DAGs
[2026-05-02T16:32:52.274+0000] {logging_mixin.py:190} INFO - [2026-05-02T16:32:52.274+0000] {dag.py:4180} INFO - Setting next_dagrun for example_python_operator to None, run_after=None
[2026-05-02T16:32:52.358+0000] {processor.py:208} INFO - Processing /usr/local/python/3.12.1/lib/python3.12/site-packages/airflow/example_dags/example_python_operator.py took 0.362 seconds
[2026-05-02T16:33:56.305+0000] {processor.py:186} INFO - Started process (PID=21713) to work on /usr/local/python/3.12.1/lib/python3.12/site-packages/airflow/example_dags/example_python_operator.py
[2026-05-02T16:33:56.306+0000] {processor.py:914} INFO - Processing file /usr/local/python/3.12.1/lib/python3.12/site-packages/airflow/example_dags/example_python_operator.py for tasks to queue
[2026-05-02T16:33:56.307+0000] {logging_mixin.py:190} INFO - [2026-05-02T16:33:56.307+0000] {dagbag.py:588} INFO - Filling up the DagBag from /usr/local/python/3.12.1/lib/python3.12/site-packages/airflow/example_dags/example_python_operator.py
[2026-05-02T16:33:56.317+0000] {processor.py:925} INFO - DAG(s) 'example_python_operator' retrieved from /usr/local/python/3.12.1/lib/python3.12/site-packages/airflow/example_dags/example_python_operator.py
[2026-05-02T16:33:56.337+0000] {logging_mixin.py:190} INFO - [2026-05-02T16:33:56.336+0000] {dag.py:3239} INFO - Sync 1 DAGs
[2026-05-02T16:33:56.347+0000] {logging_mixin.py:190} INFO - [2026-05-02T16:33:56.347+0000] {dag.py:4180} INFO - Setting next_dagrun for example_python_operator to None, run_after=None
[2026-05-02T16:33:56.368+0000] {processor.py:208} INFO - Processing /usr/local/python/3.12.1/lib/python3.12/site-packages/airflow/example_dags/example_python_operator.py took 0.070 seconds
[2026-05-02T16:34:59.514+0000] {processor.py:186} INFO - Started process (PID=22645) to work on /usr/local/python/3.12.1/lib/python3.12/site-packages/airflow/example_dags/example_python_operator.py
[2026-05-02T16:34:59.515+0000] {processor.py:914} INFO - Processing file /usr/local/python/3.12.1/lib/python3.12/site-packages/airflow/example_dags/example_python_operator.py for tasks to queue
[2026-05-02T16:34:59.516+0000] {logging_mixin.py:190} INFO - [2026-05-02T16:34:59.516+0000] {dagbag.py:588} INFO - Filling up the DagBag from /usr/local/python/3.12.1/lib/python3.12/site-packages/airflow/example_dags/example_python_operator.py
[2026-05-02T16:34:59.527+0000] {processor.py:925} INFO - DAG(s) 'example_python_operator' retrieved from /usr/local/python/3.12.1/lib/python3.12/site-packages/airflow/example_dags/example_python_operator.py
[2026-05-02T16:34:59.541+0000] {logging_mixin.py:190} INFO - [2026-05-02T16:34:59.541+0000] {dag.py:3239} INFO - Sync 1 DAGs
[2026-05-02T16:34:59.551+0000] {logging_mixin.py:190} INFO - [2026-05-02T16:34:59.551+0000] {dag.py:4180} INFO - Setting next_dagrun for example_python_operator to None, run_after=None
[2026-05-02T16:34:59.568+0000] {processor.py:208} INFO - Processing /usr/local/python/3.12.1/lib/python3.12/site-packages/airflow/example_dags/example_python_operator.py took 0.058 seconds
[2026-05-02T16:35:57.759+0000] {processor.py:186} INFO - Started process (PID=23370) to work on /usr/local/python/3.12.1/lib/python3.12/site-packages/airflow/example_dags/example_python_operator.py
[2026-05-02T16:35:57.760+0000] {processor.py:914} INFO - Processing file /usr/local/python/3.12.1/lib/python3.12/site-packages/airflow/example_dags/example_python_operator.py for tasks to queue
[2026-05-02T16:35:57.761+0000] {logging_mixin.py:190} INFO - [2026-05-02T16:35:57.761+0000] {dagbag.py:588} INFO - Filling up the DagBag from /usr/local/python/3.12.1/lib/python3.12/site-packages/airflow/example_dags/example_python_operator.py
[2026-05-02T16:35:57.771+0000] {processor.py:925} INFO - DAG(s) 'example_python_operator' retrieved from /usr/local/python/3.12.1/lib/python3.12/site-packages/airflow/example_dags/example_python_operator.py
[2026-05-02T16:35:57.785+0000] {logging_mixin.py:190} INFO - [2026-05-02T16:35:57.785+0000] {dag.py:3239} INFO - Sync 1 DAGs
[2026-05-02T16:35:57.795+0000] {logging_mixin.py:190} INFO - [2026-05-02T16:35:57.795+0000] {dag.py:4180} INFO - Setting next_dagrun for example_python_operator to None, run_after=None
[2026-05-02T16:35:57.812+0000] {processor.py:208} INFO - Processing /usr/local/python/3.12.1/lib/python3.12/site-packages/airflow/example_dags/example_python_operator.py took 0.057 seconds
[2026-05-02T16:36:51.480+0000] {processor.py:186} INFO - Started process (PID=23858) to work on /usr/local/python/3.12.1/lib/python3.12/site-packages/airflow/example_dags/example_python_operator.py
[2026-05-02T16:36:51.481+0000] {processor.py:914} INFO - Processing file /usr/local/python/3.12.1/lib/python3.12/site-packages/airflow/example_dags/example_python_operator.py for tasks to queue
[2026-05-02T16:36:51.483+0000] {logging_mixin.py:190} INFO - [2026-05-02T16:36:51.483+0000] {dagbag.py:588} INFO - Filling up the DagBag from /usr/local/python/3.12.1/lib/python3.12/site-packages/airflow/example_dags/example_python_operator.py
[2026-05-02T16:36:51.494+0000] {processor.py:925} INFO - DAG(s) 'example_python_operator' retrieved from /usr/local/python/3.12.1/lib/python3.12/site-packages/airflow/example_dags/example_python_operator.py
[2026-05-02T16:36:51.508+0000] {logging_mixin.py:190} INFO - [2026-05-02T16:36:51.508+0000] {dag.py:3239} INFO - Sync 1 DAGs
[2026-05-02T16:36:51.518+0000] {logging_mixin.py:190} INFO - [2026-05-02T16:36:51.518+0000] {dag.py:4180} INFO - Setting next_dagrun for example_python_operator to None, run_after=None
[2026-05-02T16:36:51.536+0000] {processor.py:208} INFO - Processing /usr/local/python/3.12.1/lib/python3.12/site-packages/airflow/example_dags/example_python_operator.py took 0.060 seconds
[2026-05-02T16:37:51.152+0000] {processor.py:186} INFO - Started process (PID=24534) to work on /usr/local/python/3.12.1/lib/python3.12/site-packages/airflow/example_dags/example_python_operator.py
[2026-05-02T16:37:51.153+0000] {processor.py:914} INFO - Processing file /usr/local/python/3.12.1/lib/python3.12/site-packages/airflow/example_dags/example_python_operator.py for tasks to queue
[2026-05-02T16:37:51.155+0000] {logging_mixin.py:190} INFO - [2026-05-02T16:37:51.155+0000] {dagbag.py:588} INFO - Filling up the DagBag from /usr/local/python/3.12.1/lib/python3.12/site-packages/airflow/example_dags/example_python_operator.py
[2026-05-02T16:37:51.165+0000] {processor.py:925} INFO - DAG(s) 'example_python_operator' retrieved from /usr/local/python/3.12.1/lib/python3.12/site-packages/airflow/example_dags/example_python_operator.py
[2026-05-02T16:37:51.179+0000] {logging_mixin.py:190} INFO - [2026-05-02T16:37:51.178+0000] {dag.py:3239} INFO - Sync 1 DAGs
[2026-05-02T16:37:51.188+0000] {logging_mixin.py:190} INFO - [2026-05-02T16:37:51.188+0000] {dag.py:4180} INFO - Setting next_dagrun for example_python_operator to None, run_after=None
[2026-05-02T16:37:51.205+0000] {processor.py:208} INFO - Processing /usr/local/python/3.12.1/lib/python3.12/site-packages/airflow/example_dags/example_python_operator.py took 0.057 seconds
[2026-05-02T16:38:48.449+0000] {processor.py:186} INFO - Started process (PID=25209) to work on /usr/local/python/3.12.1/lib/python3.12/site-packages/airflow/example_dags/example_python_operator.py
[2026-05-02T16:38:48.450+0000] {processor.py:914} INFO - Processing file /usr/local/python/3.12.1/lib/python3.12/site-packages/airflow/example_dags/example_python_operator.py for tasks to queue
[2026-05-02T16:38:48.452+0000] {logging_mixin.py:190} INFO - [2026-05-02T16:38:48.451+0000] {dagbag.py:588} INFO - Filling up the DagBag from /usr/local/python/3.12.1/lib/python3.12/site-packages/airflow/example_dags/example_python_operator.py
[2026-05-02T16:38:48.462+0000] {processor.py:925} INFO - DAG(s) 'example_python_operator' retrieved from /usr/local/python/3.12.1/lib/python3.12/site-packages/airflow/example_dags/example_python_operator.py
[2026-05-02T16:38:48.476+0000] {logging_mixin.py:190} INFO - [2026-05-02T16:38:48.476+0000] {dag.py:3239} INFO - Sync 1 DAGs
[2026-05-02T16:38:48.486+0000] {logging_mixin.py:190} INFO - [2026-05-02T16:38:48.486+0000] {dag.py:4180} INFO - Setting next_dagrun for example_python_operator to None, run_after=None
[2026-05-02T16:38:48.504+0000] {processor.py:208} INFO - Processing /usr/local/python/3.12.1/lib/python3.12/site-packages/airflow/example_dags/example_python_operator.py took 0.059 seconds
[2026-05-02T16:39:51.959+0000] {processor.py:186} INFO - Started process (PID=25948) to work on /usr/local/python/3.12.1/lib/python3.12/site-packages/airflow/example_dags/example_python_operator.py
[2026-05-02T16:39:51.960+0000] {processor.py:914} INFO - Processing file /usr/local/python/3.12.1/lib/python3.12/site-packages/airflow/example_dags/example_python_operator.py for tasks to queue
[2026-05-02T16:39:51.961+0000] {logging_mixin.py:190} INFO - [2026-05-02T16:39:51.960+0000] {dagbag.py:588} INFO - Filling up the DagBag from /usr/local/python/3.12.1/lib/python3.12/site-packages/airflow/example_dags/example_python_operator.py
[2026-05-02T16:39:51.970+0000] {processor.py:925} INFO - DAG(s) 'example_python_operator' retrieved from /usr/local/python/3.12.1/lib/python3.12/site-packages/airflow/example_dags/example_python_operator.py
[2026-05-02T16:39:51.984+0000] {logging_mixin.py:190} INFO - [2026-05-02T16:39:51.984+0000] {dag.py:3239} INFO - Sync 1 DAGs
[2026-05-02T16:39:51.995+0000] {logging_mixin.py:190} INFO - [2026-05-02T16:39:51.995+0000] {dag.py:4180} INFO - Setting next_dagrun for example_python_operator to None, run_after=None
[2026-05-02T16:39:52.012+0000] {processor.py:208} INFO - Processing /usr/local/python/3.12.1/lib/python3.12/site-packages/airflow/example_dags/example_python_operator.py took 0.057 seconds
[2026-05-02T16:40:45.342+0000] {processor.py:186} INFO - Started process (PID=26442) to work on /usr/local/python/3.12.1/lib/python3.12/site-packages/airflow/example_dags/example_python_operator.py
[2026-05-02T16:40:45.343+0000] {processor.py:914} INFO - Processing file /usr/local/python/3.12.1/lib/python3.12/site-packages/airflow/example_dags/example_python_operator.py for tasks to queue
[2026-05-02T16:40:45.344+0000] {logging_mixin.py:190} INFO - [2026-05-02T16:40:45.343+0000] {dagbag.py:588} INFO - Filling up the DagBag from /usr/local/python/3.12.1/lib/python3.12/site-packages/airflow/example_dags/example_python_operator.py
[2026-05-02T16:40:45.354+0000] {processor.py:925} INFO - DAG(s) 'example_python_operator' retrieved from /usr/local/python/3.12.1/lib/python3.12/site-packages/airflow/example_dags/example_python_operator.py
[2026-05-02T16:40:45.368+0000] {logging_mixin.py:190} INFO - [2026-05-02T16:40:45.367+0000] {dag.py:3239} INFO - Sync 1 DAGs
[2026-05-02T16:40:45.378+0000] {logging_mixin.py:190} INFO - [2026-05-02T16:40:45.378+0000] {dag.py:4180} INFO - Setting next_dagrun for example_python_operator to None, run_after=None
[2026-05-02T16:40:45.394+0000] {processor.py:208} INFO - Processing /usr/local/python/3.12.1/lib/python3.12/site-packages/airflow/example_dags/example_python_operator.py took 0.057 seconds
[2026-05-02T16:41:40.422+0000] {processor.py:186} INFO - Started process (PID=26962) to work on /usr/local/python/3.12.1/lib/python3.12/site-packages/airflow/example_dags/example_python_operator.py
[2026-05-02T16:41:40.422+0000] {processor.py:914} INFO - Processing file /usr/local/python/3.12.1/lib/python3.12/site-packages/airflow/example_dags/example_python_operator.py for tasks to queue
[2026-05-02T16:41:40.423+0000] {logging_mixin.py:190} INFO - [2026-05-02T16:41:40.423+0000] {dagbag.py:588} INFO - Filling up the DagBag from /usr/local/python/3.12.1/lib/python3.12/site-packages/airflow/example_dags/example_python_operator.py
[2026-05-02T16:41:40.433+0000] {processor.py:925} INFO - DAG(s) 'example_python_operator' retrieved from /usr/local/python/3.12.1/lib/python3.12/site-packages/airflow/example_dags/example_python_operator.py
[2026-05-02T16:41:40.448+0000] {logging_mixin.py:190} INFO - [2026-05-02T16:41:40.447+0000] {dag.py:3239} INFO - Sync 1 DAGs
[2026-05-02T16:41:40.458+0000] {logging_mixin.py:190} INFO - [2026-05-02T16:41:40.458+0000] {dag.py:4180} INFO - Setting next_dagrun for example_python_operator to None, run_after=None
[2026-05-02T16:41:40.476+0000] {processor.py:208} INFO - Processing /usr/local/python/3.12.1/lib/python3.12/site-packages/airflow/example_dags/example_python_operator.py took 0.059 seconds
[2026-05-02T16:42:34.904+0000] {processor.py:186} INFO - Started process (PID=27528) to work on /usr/local/python/3.12.1/lib/python3.12/site-packages/airflow/example_dags/example_python_operator.py
[2026-05-02T16:42:34.905+0000] {processor.py:914} INFO - Processing file /usr/local/python/3.12.1/lib/python3.12/site-packages/airflow/example_dags/example_python_operator.py for tasks to queue
[2026-05-02T16:42:34.906+0000] {logging_mixin.py:190} INFO - [2026-05-02T16:42:34.906+0000] {dagbag.py:588} INFO - Filling up the DagBag from /usr/local/python/3.12.1/lib/python3.12/site-packages/airflow/example_dags/example_python_operator.py
[2026-05-02T16:42:34.916+0000] {processor.py:925} INFO - DAG(s) 'example_python_operator' retrieved from /usr/local/python/3.12.1/lib/python3.12/site-packages/airflow/example_dags/example_python_operator.py
[2026-05-02T16:42:34.933+0000] {logging_mixin.py:190} INFO - [2026-05-02T16:42:34.933+0000] {dag.py:3239} INFO - Sync 1 DAGs
[2026-05-02T16:42:34.944+0000] {logging_mixin.py:190} INFO - [2026-05-02T16:42:34.944+0000] {dag.py:4180} INFO - Setting next_dagrun for example_python_operator to None, run_after=None
[2026-05-02T16:42:34.961+0000] {processor.py:208} INFO - Processing /usr/local/python/3.12.1/lib/python3.12/site-packages/airflow/example_dags/example_python_operator.py took 0.061 seconds
[2026-05-02T16:43:28.299+0000] {processor.py:186} INFO - Started process (PID=28054) to work on /usr/local/python/3.12.1/lib/python3.12/site-packages/airflow/example_dags/example_python_operator.py
[2026-05-02T16:43:28.300+0000] {processor.py:914} INFO - Processing file /usr/local/python/3.12.1/lib/python3.12/site-packages/airflow/example_dags/example_python_operator.py for tasks to queue
[2026-05-02T16:43:28.301+0000] {logging_mixin.py:190} INFO - [2026-05-02T16:43:28.300+0000] {dagbag.py:588} INFO - Filling up the DagBag from /usr/local/python/3.12.1/lib/python3.12/site-packages/airflow/example_dags/example_python_operator.py
[2026-05-02T16:43:28.311+0000] {processor.py:925} INFO - DAG(s) 'example_python_operator' retrieved from /usr/local/python/3.12.1/lib/python3.12/site-packages/airflow/example_dags/example_python_operator.py
[2026-05-02T16:43:28.325+0000] {logging_mixin.py:190} INFO - [2026-05-02T16:43:28.325+0000] {dag.py:3239} INFO - Sync 1 DAGs
[2026-05-02T16:43:28.335+0000] {logging_mixin.py:190} INFO - [2026-05-02T16:43:28.335+0000] {dag.py:4180} INFO - Setting next_dagrun for example_python_operator to None, run_after=None
[2026-05-02T16:43:28.353+0000] {processor.py:208} INFO - Processing /usr/local/python/3.12.1/lib/python3.12/site-packages/airflow/example_dags/example_python_operator.py took 0.059 seconds
[2026-05-02T16:44:36.073+0000] {processor.py:186} INFO - Started process (PID=29111) to work on /usr/local/python/3.12.1/lib/python3.12/site-packages/airflow/example_dags/example_python_operator.py
[2026-05-02T16:44:36.074+0000] {processor.py:914} INFO - Processing file /usr/local/python/3.12.1/lib/python3.12/site-packages/airflow/example_dags/example_python_operator.py for tasks to queue
[2026-05-02T16:44:36.075+0000] {logging_mixin.py:190} INFO - [2026-05-02T16:44:36.074+0000] {dagbag.py:588} INFO - Filling up the DagBag from /usr/local/python/3.12.1/lib/python3.12/site-packages/airflow/example_dags/example_python_operator.py
[2026-05-02T16:44:36.084+0000] {processor.py:925} INFO - DAG(s) 'example_python_operator' retrieved from /usr/local/python/3.12.1/lib/python3.12/site-packages/airflow/example_dags/example_python_operator.py
[2026-05-02T16:44:36.098+0000] {logging_mixin.py:190} INFO - [2026-05-02T16:44:36.098+0000] {dag.py:3239} INFO - Sync 1 DAGs
[2026-05-02T16:44:36.108+0000] {logging_mixin.py:190} INFO - [2026-05-02T16:44:36.108+0000] {dag.py:4180} INFO - Setting next_dagrun for example_python_operator to None, run_after=None
[2026-05-02T16:44:36.131+0000] {processor.py:208} INFO - Processing /usr/local/python/3.12.1/lib/python3.12/site-packages/airflow/example_dags/example_python_operator.py took 0.062 seconds
[2026-05-02T16:45:34.213+0000] {processor.py:186} INFO - Started process (PID=29946) to work on /usr/local/python/3.12.1/lib/python3.12/site-packages/airflow/example_dags/example_python_operator.py
[2026-05-02T16:45:34.213+0000] {processor.py:914} INFO - Processing file /usr/local/python/3.12.1/lib/python3.12/site-packages/airflow/example_dags/example_python_operator.py for tasks to queue
[2026-05-02T16:45:34.214+0000] {logging_mixin.py:190} INFO - [2026-05-02T16:45:34.214+0000] {dagbag.py:588} INFO - Filling up the DagBag from /usr/local/python/3.12.1/lib/python3.12/site-packages/airflow/example_dags/example_python_operator.py
[2026-05-02T16:45:34.225+0000] {processor.py:925} INFO - DAG(s) 'example_python_operator' retrieved from /usr/local/python/3.12.1/lib/python3.12/site-packages/airflow/example_dags/example_python_operator.py
[2026-05-02T16:45:34.240+0000] {logging_mixin.py:190} INFO - [2026-05-02T16:45:34.239+0000] {dag.py:3239} INFO - Sync 1 DAGs
[2026-05-02T16:45:34.250+0000] {logging_mixin.py:190} INFO - [2026-05-02T16:45:34.250+0000] {dag.py:4180} INFO - Setting next_dagrun for example_python_operator to None, run_after=None
[2026-05-02T16:45:34.268+0000] {processor.py:208} INFO - Processing /usr/local/python/3.12.1/lib/python3.12/site-packages/airflow/example_dags/example_python_operator.py took 0.059 seconds
[2026-05-02T16:46:24.974+0000] {processor.py:186} INFO - Started process (PID=30495) to work on /usr/local/python/3.12.1/lib/python3.12/site-packages/airflow/example_dags/example_python_operator.py
[2026-05-02T16:46:24.975+0000] {processor.py:914} INFO - Processing file /usr/local/python/3.12.1/lib/python3.12/site-packages/airflow/example_dags/example_python_operator.py for tasks to queue
[2026-05-02T16:46:24.977+0000] {logging_mixin.py:190} INFO - [2026-05-02T16:46:24.976+0000] {dagbag.py:588} INFO - Filling up the DagBag from /usr/local/python/3.12.1/lib/python3.12/site-packages/airflow/example_dags/example_python_operator.py
[2026-05-02T16:46:24.987+0000] {processor.py:925} INFO - DAG(s) 'example_python_operator' retrieved from /usr/local/python/3.12.1/lib/python3.12/site-packages/airflow/example_dags/example_python_operator.py
[2026-05-02T16:46:25.002+0000] {logging_mixin.py:190} INFO - [2026-05-02T16:46:25.002+0000] {dag.py:3239} INFO - Sync 1 DAGs
[2026-05-02T16:46:25.012+0000] {logging_mixin.py:190} INFO - [2026-05-02T16:46:25.012+0000] {dag.py:4180} INFO - Setting next_dagrun for example_python_operator to None, run_after=None
[2026-05-02T16:46:25.030+0000] {processor.py:208} INFO - Processing /usr/local/python/3.12.1/lib/python3.12/site-packages/airflow/example_dags/example_python_operator.py took 0.061 seconds
[2026-05-02T16:47:19.080+0000] {processor.py:186} INFO - Started process (PID=30966) to work on /usr/local/python/3.12.1/lib/python3.12/site-packages/airflow/example_dags/example_python_operator.py
[2026-05-02T16:47:19.080+0000] {processor.py:914} INFO - Processing file /usr/local/python/3.12.1/lib/python3.12/site-packages/airflow/example_dags/example_python_operator.py for tasks to queue
[2026-05-02T16:47:19.081+0000] {logging_mixin.py:190} INFO - [2026-05-02T16:47:19.081+0000] {dagbag.py:588} INFO - Filling up the DagBag from /usr/local/python/3.12.1/lib/python3.12/site-packages/airflow/example_dags/example_python_operator.py
[2026-05-02T16:47:19.092+0000] {processor.py:925} INFO - DAG(s) 'example_python_operator' retrieved from /usr/local/python/3.12.1/lib/python3.12/site-packages/airflow/example_dags/example_python_operator.py
[2026-05-02T16:47:19.106+0000] {logging_mixin.py:190} INFO - [2026-05-02T16:47:19.106+0000] {dag.py:3239} INFO - Sync 1 DAGs
[2026-05-02T16:47:19.119+0000] {logging_mixin.py:190} INFO - [2026-05-02T16:47:19.119+0000] {dag.py:4180} INFO - Setting next_dagrun for example_python_operator to None, run_after=None
[2026-05-02T16:47:19.146+0000] {processor.py:208} INFO - Processing /usr/local/python/3.12.1/lib/python3.12/site-packages/airflow/example_dags/example_python_operator.py took 0.071 seconds
[2026-05-02T16:48:12.775+0000] {processor.py:186} INFO - Started process (PID=31493) to work on /usr/local/python/3.12.1/lib/python3.12/site-packages/airflow/example_dags/example_python_operator.py
[2026-05-02T16:48:12.776+0000] {processor.py:914} INFO - Processing file /usr/local/python/3.12.1/lib/python3.12/site-packages/airflow/example_dags/example_python_operator.py for tasks to queue
[2026-05-02T16:48:12.777+0000] {logging_mixin.py:190} INFO - [2026-05-02T16:48:12.776+0000] {dagbag.py:588} INFO - Filling up the DagBag from /usr/local/python/3.12.1/lib/python3.12/site-packages/airflow/example_dags/example_python_operator.py
[2026-05-02T16:48:12.787+0000] {processor.py:925} INFO - DAG(s) 'example_python_operator' retrieved from /usr/local/python/3.12.1/lib/python3.12/site-packages/airflow/example_dags/example_python_operator.py
[2026-05-02T16:48:12.802+0000] {logging_mixin.py:190} INFO - [2026-05-02T16:48:12.802+0000] {dag.py:3239} INFO - Sync 1 DAGs
[2026-05-02T16:48:12.814+0000] {logging_mixin.py:190} INFO - [2026-05-02T16:48:12.814+0000] {dag.py:4180} INFO - Setting next_dagrun for example_python_operator to None, run_after=None
[2026-05-02T16:48:12.831+0000] {processor.py:208} INFO - Processing /usr/local/python/3.12.1/lib/python3.12/site-packages/airflow/example_dags/example_python_operator.py took 0.062 seconds
[2026-05-02T16:49:05.491+0000] {processor.py:186} INFO - Started process (PID=32084) to work on /usr/local/python/3.12.1/lib/python3.12/site-packages/airflow/example_dags/example_python_operator.py
[2026-05-02T16:49:05.491+0000] {processor.py:914} INFO - Processing file /usr/local/python/3.12.1/lib/python3.12/site-packages/airflow/example_dags/example_python_operator.py for tasks to queue
[2026-05-02T16:49:05.492+0000] {logging_mixin.py:190} INFO - [2026-05-02T16:49:05.492+0000] {dagbag.py:588} INFO - Filling up the DagBag from /usr/local/python/3.12.1/lib/python3.12/site-packages/airflow/example_dags/example_python_operator.py
[2026-05-02T16:49:05.504+0000] {processor.py:925} INFO - DAG(s) 'example_python_operator' retrieved from /usr/local/python/3.12.1/lib/python3.12/site-packages/airflow/example_dags/example_python_operator.py
[2026-05-02T16:49:05.521+0000] {logging_mixin.py:190} INFO - [2026-05-02T16:49:05.521+0000] {dag.py:3239} INFO - Sync 1 DAGs
[2026-05-02T16:49:05.531+0000] {logging_mixin.py:190} INFO - [2026-05-02T16:49:05.531+0000] {dag.py:4180} INFO - Setting next_dagrun for example_python_operator to None, run_after=None
[2026-05-02T16:49:05.548+0000] {processor.py:208} INFO - Processing /usr/local/python/3.12.1/lib/python3.12/site-packages/airflow/example_dags/example_python_operator.py took 0.062 seconds
[2026-05-02T16:49:58.720+0000] {processor.py:186} INFO - Started process (PID=32553) to work on /usr/local/python/3.12.1/lib/python3.12/site-packages/airflow/example_dags/example_python_operator.py
[2026-05-02T16:49:58.721+0000] {processor.py:914} INFO - Processing file /usr/local/python/3.12.1/lib/python3.12/site-packages/airflow/example_dags/example_python_operator.py for tasks to queue
[2026-05-02T16:49:58.722+0000] {logging_mixin.py:190} INFO - [2026-05-02T16:49:58.722+0000] {dagbag.py:588} INFO - Filling up the DagBag from /usr/local/python/3.12.1/lib/python3.12/site-packages/airflow/example_dags/example_python_operator.py
[2026-05-02T16:49:58.732+0000] {processor.py:925} INFO - DAG(s) 'example_python_operator' retrieved from /usr/local/python/3.12.1/lib/python3.12/site-packages/airflow/example_dags/example_python_operator.py
[2026-05-02T16:49:58.746+0000] {logging_mixin.py:190} INFO - [2026-05-02T16:49:58.746+0000] {dag.py:3239} INFO - Sync 1 DAGs
[2026-05-02T16:49:58.757+0000] {logging_mixin.py:190} INFO - [2026-05-02T16:49:58.756+0000] {dag.py:4180} INFO - Setting next_dagrun for example_python_operator to None, run_after=None
[2026-05-02T16:49:58.774+0000] {processor.py:208} INFO - Processing /usr/local/python/3.12.1/lib/python3.12/site-packages/airflow/example_dags/example_python_operator.py took 0.058 seconds
[2026-05-02T16:50:52.413+0000] {processor.py:186} INFO - Started process (PID=33043) to work on /usr/local/python/3.12.1/lib/python3.12/site-packages/airflow/example_dags/example_python_operator.py
[2026-05-02T16:50:52.414+0000] {processor.py:914} INFO - Processing file /usr/local/python/3.12.1/lib/python3.12/site-packages/airflow/example_dags/example_python_operator.py for tasks to queue
[2026-05-02T16:50:52.415+0000] {logging_mixin.py:190} INFO - [2026-05-02T16:50:52.415+0000] {dagbag.py:588} INFO - Filling up the DagBag from /usr/local/python/3.12.1/lib/python3.12/site-packages/airflow/example_dags/example_python_operator.py
[2026-05-02T16:50:52.426+0000] {processor.py:925} INFO - DAG(s) 'example_python_operator' retrieved from /usr/local/python/3.12.1/lib/python3.12/site-packages/airflow/example_dags/example_python_operator.py
[2026-05-02T16:50:52.440+0000] {logging_mixin.py:190} INFO - [2026-05-02T16:50:52.440+0000] {dag.py:3239} INFO - Sync 1 DAGs
[2026-05-02T16:50:52.450+0000] {logging_mixin.py:190} INFO - [2026-05-02T16:50:52.450+0000] {dag.py:4180} INFO - Setting next_dagrun for example_python_operator to None, run_after=None
[2026-05-02T16:50:52.468+0000] {processor.py:208} INFO - Processing /usr/local/python/3.12.1/lib/python3.12/site-packages/airflow/example_dags/example_python_operator.py took 0.059 seconds
[2026-05-02T16:51:44.023+0000] {processor.py:186} INFO - Started process (PID=33500) to work on /usr/local/python/3.12.1/lib/python3.12/site-packages/airflow/example_dags/example_python_operator.py
[2026-05-02T16:51:44.023+0000] {processor.py:914} INFO - Processing file /usr/local/python/3.12.1/lib/python3.12/site-packages/airflow/example_dags/example_python_operator.py for tasks to queue
[2026-05-02T16:51:44.024+0000] {logging_mixin.py:190} INFO - [2026-05-02T16:51:44.024+0000] {dagbag.py:588} INFO - Filling up the DagBag from /usr/local/python/3.12.1/lib/python3.12/site-packages/airflow/example_dags/example_python_operator.py
[2026-05-02T16:51:44.034+0000] {processor.py:925} INFO - DAG(s) 'example_python_operator' retrieved from /usr/local/python/3.12.1/lib/python3.12/site-packages/airflow/example_dags/example_python_operator.py
[2026-05-02T16:51:44.048+0000] {logging_mixin.py:190} INFO - [2026-05-02T16:51:44.048+0000] {dag.py:3239} INFO - Sync 1 DAGs
[2026-05-02T16:51:44.058+0000] {logging_mixin.py:190} INFO - [2026-05-02T16:51:44.058+0000] {dag.py:4180} INFO - Setting next_dagrun for example_python_operator to None, run_after=None
[2026-05-02T16:51:44.075+0000] {processor.py:208} INFO - Processing /usr/local/python/3.12.1/lib/python3.12/site-packages/airflow/example_dags/example_python_operator.py took 0.057 seconds
[2026-05-02T16:52:37.369+0000] {processor.py:186} INFO - Started process (PID=34030) to work on /usr/local/python/3.12.1/lib/python3.12/site-packages/airflow/example_dags/example_python_operator.py
[2026-05-02T16:52:37.370+0000] {processor.py:914} INFO - Processing file /usr/local/python/3.12.1/lib/python3.12/site-packages/airflow/example_dags/example_python_operator.py for tasks to queue
[2026-05-02T16:52:37.371+0000] {logging_mixin.py:190} INFO - [2026-05-02T16:52:37.371+0000] {dagbag.py:588} INFO - Filling up the DagBag from /usr/local/python/3.12.1/lib/python3.12/site-packages/airflow/example_dags/example_python_operator.py
[2026-05-02T16:52:37.381+0000] {processor.py:925} INFO - DAG(s) 'example_python_operator' retrieved from /usr/local/python/3.12.1/lib/python3.12/site-packages/airflow/example_dags/example_python_operator.py
[2026-05-02T16:52:37.395+0000] {logging_mixin.py:190} INFO - [2026-05-02T16:52:37.395+0000] {dag.py:3239} INFO - Sync 1 DAGs
[2026-05-02T16:52:37.406+0000] {logging_mixin.py:190} INFO - [2026-05-02T16:52:37.406+0000] {dag.py:4180} INFO - Setting next_dagrun for example_python_operator to None, run_after=None
[2026-05-02T16:52:37.422+0000] {processor.py:208} INFO - Processing /usr/local/python/3.12.1/lib/python3.12/site-packages/airflow/example_dags/example_python_operator.py took 0.057 seconds
[2026-05-02T16:53:31.152+0000] {processor.py:186} INFO - Started process (PID=34503) to work on /usr/local/python/3.12.1/lib/python3.12/site-packages/airflow/example_dags/example_python_operator.py
[2026-05-02T16:53:31.153+0000] {processor.py:914} INFO - Processing file /usr/local/python/3.12.1/lib/python3.12/site-packages/airflow/example_dags/example_python_operator.py for tasks to queue
[2026-05-02T16:53:31.154+0000] {logging_mixin.py:190} INFO - [2026-05-02T16:53:31.153+0000] {dagbag.py:588} INFO - Filling up the DagBag from /usr/local/python/3.12.1/lib/python3.12/site-packages/airflow/example_dags/example_python_operator.py
[2026-05-02T16:53:31.164+0000] {processor.py:925} INFO - DAG(s) 'example_python_operator' retrieved from /usr/local/python/3.12.1/lib/python3.12/site-packages/airflow/example_dags/example_python_operator.py
[2026-05-02T16:53:31.179+0000] {logging_mixin.py:190} INFO - [2026-05-02T16:53:31.179+0000] {dag.py:3239} INFO - Sync 1 DAGs
[2026-05-02T16:53:31.189+0000] {logging_mixin.py:190} INFO - [2026-05-02T16:53:31.189+0000] {dag.py:4180} INFO - Setting next_dagrun for example_python_operator to None, run_after=None
[2026-05-02T16:53:31.206+0000] {processor.py:208} INFO - Processing /usr/local/python/3.12.1/lib/python3.12/site-packages/airflow/example_dags/example_python_operator.py took 0.059 seconds
[2026-05-02T16:54:25.314+0000] {processor.py:186} INFO - Started process (PID=35076) to work on /usr/local/python/3.12.1/lib/python3.12/site-packages/airflow/example_dags/example_python_operator.py
[2026-05-02T16:54:25.315+0000] {processor.py:914} INFO - Processing file /usr/local/python/3.12.1/lib/python3.12/site-packages/airflow/example_dags/example_python_operator.py for tasks to queue
[2026-05-02T16:54:25.316+0000] {logging_mixin.py:190} INFO - [2026-05-02T16:54:25.316+0000] {dagbag.py:588} INFO - Filling up the DagBag from /usr/local/python/3.12.1/lib/python3.12/site-packages/airflow/example_dags/example_python_operator.py
[2026-05-02T16:54:25.326+0000] {processor.py:925} INFO - DAG(s) 'example_python_operator' retrieved from /usr/local/python/3.12.1/lib/python3.12/site-packages/airflow/example_dags/example_python_operator.py
[2026-05-02T16:54:25.340+0000] {logging_mixin.py:190} INFO - [2026-05-02T16:54:25.340+0000] {dag.py:3239} INFO - Sync 1 DAGs
[2026-05-02T16:54:25.351+0000] {logging_mixin.py:190} INFO - [2026-05-02T16:54:25.351+0000] {dag.py:4180} INFO - Setting next_dagrun for example_python_operator to None, run_after=None
[2026-05-02T16:54:25.368+0000] {processor.py:208} INFO - Processing /usr/local/python/3.12.1/lib/python3.12/site-packages/airflow/example_dags/example_python_operator.py took 0.057 seconds
[2026-05-02T16:55:16.327+0000] {processor.py:186} INFO - Started process (PID=35506) to work on /usr/local/python/3.12.1/lib/python3.12/site-packages/airflow/example_dags/example_python_operator.py
[2026-05-02T16:55:16.328+0000] {processor.py:914} INFO - Processing file /usr/local/python/3.12.1/lib/python3.12/site-packages/airflow/example_dags/example_python_operator.py for tasks to queue
[2026-05-02T16:55:16.329+0000] {logging_mixin.py:190} INFO - [2026-05-02T16:55:16.328+0000] {dagbag.py:588} INFO - Filling up the DagBag from /usr/local/python/3.12.1/lib/python3.12/site-packages/airflow/example_dags/example_python_operator.py
[2026-05-02T16:55:16.339+0000] {processor.py:925} INFO - DAG(s) 'example_python_operator' retrieved from /usr/local/python/3.12.1/lib/python3.12/site-packages/airflow/example_dags/example_python_operator.py
[2026-05-02T16:55:16.353+0000] {logging_mixin.py:190} INFO - [2026-05-02T16:55:16.353+0000] {dag.py:3239} INFO - Sync 1 DAGs
[2026-05-02T16:55:16.363+0000] {logging_mixin.py:190} INFO - [2026-05-02T16:55:16.363+0000] {dag.py:4180} INFO - Setting next_dagrun for example_python_operator to None, run_after=None
[2026-05-02T16:55:16.380+0000] {processor.py:208} INFO - Processing /usr/local/python/3.12.1/lib/python3.12/site-packages/airflow/example_dags/example_python_operator.py took 0.057 seconds
[2026-05-02T16:56:10.022+0000] {processor.py:186} INFO - Started process (PID=35974) to work on /usr/local/python/3.12.1/lib/python3.12/site-packages/airflow/example_dags/example_python_operator.py
[2026-05-02T16:56:10.022+0000] {processor.py:914} INFO - Processing file /usr/local/python/3.12.1/lib/python3.12/site-packages/airflow/example_dags/example_python_operator.py for tasks to queue
[2026-05-02T16:56:10.023+0000] {logging_mixin.py:190} INFO - [2026-05-02T16:56:10.023+0000] {dagbag.py:588} INFO - Filling up the DagBag from /usr/local/python/3.12.1/lib/python3.12/site-packages/airflow/example_dags/example_python_operator.py
[2026-05-02T16:56:10.034+0000] {processor.py:925} INFO - DAG(s) 'example_python_operator' retrieved from /usr/local/python/3.12.1/lib/python3.12/site-packages/airflow/example_dags/example_python_operator.py
[2026-05-02T16:56:10.048+0000] {logging_mixin.py:190} INFO - [2026-05-02T16:56:10.048+0000] {dag.py:3239} INFO - Sync 1 DAGs
[2026-05-02T16:56:10.058+0000] {logging_mixin.py:190} INFO - [2026-05-02T16:56:10.058+0000] {dag.py:4180} INFO - Setting next_dagrun for example_python_operator to None, run_after=None
[2026-05-02T16:56:10.075+0000] {processor.py:208} INFO - Processing /usr/local/python/3.12.1/lib/python3.12/site-packages/airflow/example_dags/example_python_operator.py took 0.058 seconds
[2026-05-02T16:56:58.550+0000] {processor.py:186} INFO - Started process (PID=36406) to work on /usr/local/python/3.12.1/lib/python3.12/site-packages/airflow/example_dags/example_python_operator.py
[2026-05-02T16:56:58.551+0000] {processor.py:914} INFO - Processing file /usr/local/python/3.12.1/lib/python3.12/site-packages/airflow/example_dags/example_python_operator.py for tasks to queue
[2026-05-02T16:56:58.552+0000] {logging_mixin.py:190} INFO - [2026-05-02T16:56:58.552+0000] {dagbag.py:588} INFO - Filling up the DagBag from /usr/local/python/3.12.1/lib/python3.12/site-packages/airflow/example_dags/example_python_operator.py
[2026-05-02T16:56:58.562+0000] {processor.py:925} INFO - DAG(s) 'example_python_operator' retrieved from /usr/local/python/3.12.1/lib/python3.12/site-packages/airflow/example_dags/example_python_operator.py
[2026-05-02T16:56:58.576+0000] {logging_mixin.py:190} INFO - [2026-05-02T16:56:58.576+0000] {dag.py:3239} INFO - Sync 1 DAGs
[2026-05-02T16:56:58.585+0000] {logging_mixin.py:190} INFO - [2026-05-02T16:56:58.585+0000] {dag.py:4180} INFO - Setting next_dagrun for example_python_operator to None, run_after=None
[2026-05-02T16:56:58.602+0000] {processor.py:208} INFO - Processing /usr/local/python/3.12.1/lib/python3.12/site-packages/airflow/example_dags/example_python_operator.py took 0.056 seconds
[2026-05-02T16:57:51.091+0000] {processor.py:186} INFO - Started process (PID=36931) to work on /usr/local/python/3.12.1/lib/python3.12/site-packages/airflow/example_dags/example_python_operator.py
[2026-05-02T16:57:51.091+0000] {processor.py:914} INFO - Processing file /usr/local/python/3.12.1/lib/python3.12/site-packages/airflow/example_dags/example_python_operator.py for tasks to queue
[2026-05-02T16:57:51.092+0000] {logging_mixin.py:190} INFO - [2026-05-02T16:57:51.092+0000] {dagbag.py:588} INFO - Filling up the DagBag from /usr/local/python/3.12.1/lib/python3.12/site-packages/airflow/example_dags/example_python_operator.py
[2026-05-02T16:57:51.103+0000] {processor.py:925} INFO - DAG(s) 'example_python_operator' retrieved from /usr/local/python/3.12.1/lib/python3.12/site-packages/airflow/example_dags/example_python_operator.py
[2026-05-02T16:57:51.117+0000] {logging_mixin.py:190} INFO - [2026-05-02T16:57:51.117+0000] {dag.py:3239} INFO - Sync 1 DAGs
[2026-05-02T16:57:51.128+0000] {logging_mixin.py:190} INFO - [2026-05-02T16:57:51.128+0000] {dag.py:4180} INFO - Setting next_dagrun for example_python_operator to None, run_after=None
[2026-05-02T16:57:51.146+0000] {processor.py:208} INFO - Processing /usr/local/python/3.12.1/lib/python3.12/site-packages/airflow/example_dags/example_python_operator.py took 0.059 seconds
[2026-05-02T16:58:42.552+0000] {processor.py:186} INFO - Started process (PID=37387) to work on /usr/local/python/3.12.1/lib/python3.12/site-packages/airflow/example_dags/example_python_operator.py
[2026-05-02T16:58:42.552+0000] {processor.py:914} INFO - Processing file /usr/local/python/3.12.1/lib/python3.12/site-packages/airflow/example_dags/example_python_operator.py for tasks to queue
[2026-05-02T16:58:42.553+0000] {logging_mixin.py:190} INFO - [2026-05-02T16:58:42.553+0000] {dagbag.py:588} INFO - Filling up the DagBag from /usr/local/python/3.12.1/lib/python3.12/site-packages/airflow/example_dags/example_python_operator.py
[2026-05-02T16:58:42.563+0000] {processor.py:925} INFO - DAG(s) 'example_python_operator' retrieved from /usr/local/python/3.12.1/lib/python3.12/site-packages/airflow/example_dags/example_python_operator.py
[2026-05-02T16:58:42.577+0000] {logging_mixin.py:190} INFO - [2026-05-02T16:58:42.577+0000] {dag.py:3239} INFO - Sync 1 DAGs
[2026-05-02T16:58:42.587+0000] {logging_mixin.py:190} INFO - [2026-05-02T16:58:42.587+0000] {dag.py:4180} INFO - Setting next_dagrun for example_python_operator to None, run_after=None
[2026-05-02T16:58:42.604+0000] {processor.py:208} INFO - Processing /usr/local/python/3.12.1/lib/python3.12/site-packages/airflow/example_dags/example_python_operator.py took 0.057 seconds
[2026-05-02T16:59:34.221+0000] {processor.py:186} INFO - Started process (PID=37850) to work on /usr/local/python/3.12.1/lib/python3.12/site-packages/airflow/example_dags/example_python_operator.py
[2026-05-02T16:59:34.222+0000] {processor.py:914} INFO - Processing file /usr/local/python/3.12.1/lib/python3.12/site-packages/airflow/example_dags/example_python_operator.py for tasks to queue
[2026-05-02T16:59:34.223+0000] {logging_mixin.py:190} INFO - [2026-05-02T16:59:34.222+0000] {dagbag.py:588} INFO - Filling up the DagBag from /usr/local/python/3.12.1/lib/python3.12/site-packages/airflow/example_dags/example_python_operator.py
[2026-05-02T16:59:34.233+0000] {processor.py:925} INFO - DAG(s) 'example_python_operator' retrieved from /usr/local/python/3.12.1/lib/python3.12/site-packages/airflow/example_dags/example_python_operator.py
[2026-05-02T16:59:34.248+0000] {logging_mixin.py:190} INFO - [2026-05-02T16:59:34.248+0000] {dag.py:3239} INFO - Sync 1 DAGs
[2026-05-02T16:59:34.259+0000] {logging_mixin.py:190} INFO - [2026-05-02T16:59:34.258+0000] {dag.py:4180} INFO - Setting next_dagrun for example_python_operator to None, run_after=None
[2026-05-02T16:59:34.276+0000] {processor.py:208} INFO - Processing /usr/local/python/3.12.1/lib/python3.12/site-packages/airflow/example_dags/example_python_operator.py took 0.060 seconds
[2026-05-02T17:00:24.877+0000] {processor.py:186} INFO - Started process (PID=38239) to work on /usr/local/python/3.12.1/lib/python3.12/site-packages/airflow/example_dags/example_python_operator.py
[2026-05-02T17:00:24.877+0000] {processor.py:914} INFO - Processing file /usr/local/python/3.12.1/lib/python3.12/site-packages/airflow/example_dags/example_python_operator.py for tasks to queue
[2026-05-02T17:00:24.878+0000] {logging_mixin.py:190} INFO - [2026-05-02T17:00:24.878+0000] {dagbag.py:588} INFO - Filling up the DagBag from /usr/local/python/3.12.1/lib/python3.12/site-packages/airflow/example_dags/example_python_operator.py
[2026-05-02T17:00:24.888+0000] {processor.py:925} INFO - DAG(s) 'example_python_operator' retrieved from /usr/local/python/3.12.1/lib/python3.12/site-packages/airflow/example_dags/example_python_operator.py
[2026-05-02T17:00:24.903+0000] {logging_mixin.py:190} INFO - [2026-05-02T17:00:24.902+0000] {dag.py:3239} INFO - Sync 1 DAGs
[2026-05-02T17:00:24.913+0000] {logging_mixin.py:190} INFO - [2026-05-02T17:00:24.912+0000] {dag.py:4180} INFO - Setting next_dagrun for example_python_operator to None, run_after=None
[2026-05-02T17:00:24.929+0000] {processor.py:208} INFO - Processing /usr/local/python/3.12.1/lib/python3.12/site-packages/airflow/example_dags/example_python_operator.py took 0.057 seconds
[2026-05-02T17:01:16.685+0000] {processor.py:186} INFO - Started process (PID=38696) to work on /usr/local/python/3.12.1/lib/python3.12/site-packages/airflow/example_dags/example_python_operator.py
[2026-05-02T17:01:16.686+0000] {processor.py:914} INFO - Processing file /usr/local/python/3.12.1/lib/python3.12/site-packages/airflow/example_dags/example_python_operator.py for tasks to queue
[2026-05-02T17:01:16.686+0000] {logging_mixin.py:190} INFO - [2026-05-02T17:01:16.686+0000] {dagbag.py:588} INFO - Filling up the DagBag from /usr/local/python/3.12.1/lib/python3.12/site-packages/airflow/example_dags/example_python_operator.py
[2026-05-02T17:01:16.697+0000] {processor.py:925} INFO - DAG(s) 'example_python_operator' retrieved from /usr/local/python/3.12.1/lib/python3.12/site-packages/airflow/example_dags/example_python_operator.py
[2026-05-02T17:01:16.713+0000] {logging_mixin.py:190} INFO - [2026-05-02T17:01:16.713+0000] {dag.py:3239} INFO - Sync 1 DAGs
[2026-05-02T17:01:16.723+0000] {logging_mixin.py:190} INFO - [2026-05-02T17:01:16.723+0000] {dag.py:4180} INFO - Setting next_dagrun for example_python_operator to None, run_after=None
[2026-05-02T17:01:16.740+0000] {processor.py:208} INFO - Processing /usr/local/python/3.12.1/lib/python3.12/site-packages/airflow/example_dags/example_python_operator.py took 0.060 seconds
[2026-05-02T17:02:11.209+0000] {processor.py:186} INFO - Started process (PID=39167) to work on /usr/local/python/3.12.1/lib/python3.12/site-packages/airflow/example_dags/example_python_operator.py
[2026-05-02T17:02:11.210+0000] {processor.py:914} INFO - Processing file /usr/local/python/3.12.1/lib/python3.12/site-packages/airflow/example_dags/example_python_operator.py for tasks to queue
[2026-05-02T17:02:11.211+0000] {logging_mixin.py:190} INFO - [2026-05-02T17:02:11.211+0000] {dagbag.py:588} INFO - Filling up the DagBag from /usr/local/python/3.12.1/lib/python3.12/site-packages/airflow/example_dags/example_python_operator.py
[2026-05-02T17:02:11.221+0000] {processor.py:925} INFO - DAG(s) 'example_python_operator' retrieved from /usr/local/python/3.12.1/lib/python3.12/site-packages/airflow/example_dags/example_python_operator.py
[2026-05-02T17:02:11.235+0000] {logging_mixin.py:190} INFO - [2026-05-02T17:02:11.235+0000] {dag.py:3239} INFO - Sync 1 DAGs
[2026-05-02T17:02:11.247+0000] {logging_mixin.py:190} INFO - [2026-05-02T17:02:11.247+0000] {dag.py:4180} INFO - Setting next_dagrun for example_python_operator to None, run_after=None
[2026-05-02T17:02:11.266+0000] {processor.py:208} INFO - Processing /usr/local/python/3.12.1/lib/python3.12/site-packages/airflow/example_dags/example_python_operator.py took 0.061 seconds
[2026-05-02T17:02:59.394+0000] {processor.py:186} INFO - Started process (PID=39673) to work on /usr/local/python/3.12.1/lib/python3.12/site-packages/airflow/example_dags/example_python_operator.py
[2026-05-02T17:02:59.394+0000] {processor.py:914} INFO - Processing file /usr/local/python/3.12.1/lib/python3.12/site-packages/airflow/example_dags/example_python_operator.py for tasks to queue
[2026-05-02T17:02:59.395+0000] {logging_mixin.py:190} INFO - [2026-05-02T17:02:59.395+0000] {dagbag.py:588} INFO - Filling up the DagBag from /usr/local/python/3.12.1/lib/python3.12/site-packages/airflow/example_dags/example_python_operator.py
[2026-05-02T17:02:59.406+0000] {processor.py:925} INFO - DAG(s) 'example_python_operator' retrieved from /usr/local/python/3.12.1/lib/python3.12/site-packages/airflow/example_dags/example_python_operator.py
[2026-05-02T17:02:59.420+0000] {logging_mixin.py:190} INFO - [2026-05-02T17:02:59.420+0000] {dag.py:3239} INFO - Sync 1 DAGs
[2026-05-02T17:02:59.431+0000] {logging_mixin.py:190} INFO - [2026-05-02T17:02:59.431+0000] {dag.py:4180} INFO - Setting next_dagrun for example_python_operator to None, run_after=None
[2026-05-02T17:02:59.450+0000] {processor.py:208} INFO - Processing /usr/local/python/3.12.1/lib/python3.12/site-packages/airflow/example_dags/example_python_operator.py took 0.061 seconds
[2026-05-02T17:03:46.961+0000] {processor.py:186} INFO - Started process (PID=40107) to work on /usr/local/python/3.12.1/lib/python3.12/site-packages/airflow/example_dags/example_python_operator.py
[2026-05-02T17:03:46.962+0000] {processor.py:914} INFO - Processing file /usr/local/python/3.12.1/lib/python3.12/site-packages/airflow/example_dags/example_python_operator.py for tasks to queue
[2026-05-02T17:03:46.963+0000] {logging_mixin.py:190} INFO - [2026-05-02T17:03:46.962+0000] {dagbag.py:588} INFO - Filling up the DagBag from /usr/local/python/3.12.1/lib/python3.12/site-packages/airflow/example_dags/example_python_operator.py
[2026-05-02T17:03:46.973+0000] {processor.py:925} INFO - DAG(s) 'example_python_operator' retrieved from /usr/local/python/3.12.1/lib/python3.12/site-packages/airflow/example_dags/example_python_operator.py
[2026-05-02T17:03:46.988+0000] {logging_mixin.py:190} INFO - [2026-05-02T17:03:46.988+0000] {dag.py:3239} INFO - Sync 1 DAGs
[2026-05-02T17:03:46.999+0000] {logging_mixin.py:190} INFO - [2026-05-02T17:03:46.999+0000] {dag.py:4180} INFO - Setting next_dagrun for example_python_operator to None, run_after=None
[2026-05-02T17:03:47.017+0000] {processor.py:208} INFO - Processing /usr/local/python/3.12.1/lib/python3.12/site-packages/airflow/example_dags/example_python_operator.py took 0.062 seconds
[2026-05-02T17:04:40.967+0000] {processor.py:186} INFO - Started process (PID=40572) to work on /usr/local/python/3.12.1/lib/python3.12/site-packages/airflow/example_dags/example_python_operator.py
[2026-05-02T17:04:40.968+0000] {processor.py:914} INFO - Processing file /usr/local/python/3.12.1/lib/python3.12/site-packages/airflow/example_dags/example_python_operator.py for tasks to queue
[2026-05-02T17:04:40.969+0000] {logging_mixin.py:190} INFO - [2026-05-02T17:04:40.968+0000] {dagbag.py:588} INFO - Filling up the DagBag from /usr/local/python/3.12.1/lib/python3.12/site-packages/airflow/example_dags/example_python_operator.py
[2026-05-02T17:04:40.979+0000] {processor.py:925} INFO - DAG(s) 'example_python_operator' retrieved from /usr/local/python/3.12.1/lib/python3.12/site-packages/airflow/example_dags/example_python_operator.py
[2026-05-02T17:04:40.994+0000] {logging_mixin.py:190} INFO - [2026-05-02T17:04:40.994+0000] {dag.py:3239} INFO - Sync 1 DAGs
[2026-05-02T17:04:41.005+0000] {logging_mixin.py:190} INFO - [2026-05-02T17:04:41.005+0000] {dag.py:4180} INFO - Setting next_dagrun for example_python_operator to None, run_after=None
[2026-05-02T17:04:41.023+0000] {processor.py:208} INFO - Processing /usr/local/python/3.12.1/lib/python3.12/site-packages/airflow/example_dags/example_python_operator.py took 0.060 seconds
[2026-05-02T17:05:37.937+0000] {processor.py:186} INFO - Started process (PID=41086) to work on /usr/local/python/3.12.1/lib/python3.12/site-packages/airflow/example_dags/example_python_operator.py
[2026-05-02T17:05:37.938+0000] {processor.py:914} INFO - Processing file /usr/local/python/3.12.1/lib/python3.12/site-packages/airflow/example_dags/example_python_operator.py for tasks to queue
[2026-05-02T17:05:37.939+0000] {logging_mixin.py:190} INFO - [2026-05-02T17:05:37.939+0000] {dagbag.py:588} INFO - Filling up the DagBag from /usr/local/python/3.12.1/lib/python3.12/site-packages/airflow/example_dags/example_python_operator.py
[2026-05-02T17:05:37.950+0000] {processor.py:925} INFO - DAG(s) 'example_python_operator' retrieved from /usr/local/python/3.12.1/lib/python3.12/site-packages/airflow/example_dags/example_python_operator.py
[2026-05-02T17:05:37.968+0000] {logging_mixin.py:190} INFO - [2026-05-02T17:05:37.968+0000] {dag.py:3239} INFO - Sync 1 DAGs
[2026-05-02T17:05:37.978+0000] {logging_mixin.py:190} INFO - [2026-05-02T17:05:37.978+0000] {dag.py:4180} INFO - Setting next_dagrun for example_python_operator to None, run_after=None
[2026-05-02T17:05:37.996+0000] {processor.py:208} INFO - Processing /usr/local/python/3.12.1/lib/python3.12/site-packages/airflow/example_dags/example_python_operator.py took 0.063 seconds
[2026-05-02T17:06:29.937+0000] {processor.py:186} INFO - Started process (PID=41791) to work on /usr/local/python/3.12.1/lib/python3.12/site-packages/airflow/example_dags/example_python_operator.py
[2026-05-02T17:06:29.938+0000] {processor.py:914} INFO - Processing file /usr/local/python/3.12.1/lib/python3.12/site-packages/airflow/example_dags/example_python_operator.py for tasks to queue
[2026-05-02T17:06:29.938+0000] {logging_mixin.py:190} INFO - [2026-05-02T17:06:29.938+0000] {dagbag.py:588} INFO - Filling up the DagBag from /usr/local/python/3.12.1/lib/python3.12/site-packages/airflow/example_dags/example_python_operator.py
[2026-05-02T17:06:29.951+0000] {processor.py:925} INFO - DAG(s) 'example_python_operator' retrieved from /usr/local/python/3.12.1/lib/python3.12/site-packages/airflow/example_dags/example_python_operator.py
[2026-05-02T17:06:29.967+0000] {logging_mixin.py:190} INFO - [2026-05-02T17:06:29.967+0000] {dag.py:3239} INFO - Sync 1 DAGs
[2026-05-02T17:06:29.977+0000] {logging_mixin.py:190} INFO - [2026-05-02T17:06:29.977+0000] {dag.py:4180} INFO - Setting next_dagrun for example_python_operator to None, run_after=None
[2026-05-02T17:06:29.996+0000] {processor.py:208} INFO - Processing /usr/local/python/3.12.1/lib/python3.12/site-packages/airflow/example_dags/example_python_operator.py took 0.063 seconds
[2026-05-02T17:07:24.872+0000] {processor.py:186} INFO - Started process (PID=42204) to work on /usr/local/python/3.12.1/lib/python3.12/site-packages/airflow/example_dags/example_python_operator.py
[2026-05-02T17:07:24.873+0000] {processor.py:914} INFO - Processing file /usr/local/python/3.12.1/lib/python3.12/site-packages/airflow/example_dags/example_python_operator.py for tasks to queue
[2026-05-02T17:07:24.874+0000] {logging_mixin.py:190} INFO - [2026-05-02T17:07:24.873+0000] {dagbag.py:588} INFO - Filling up the DagBag from /usr/local/python/3.12.1/lib/python3.12/site-packages/airflow/example_dags/example_python_operator.py
[2026-05-02T17:07:24.884+0000] {processor.py:925} INFO - DAG(s) 'example_python_operator' retrieved from /usr/local/python/3.12.1/lib/python3.12/site-packages/airflow/example_dags/example_python_operator.py
[2026-05-02T17:07:24.908+0000] {logging_mixin.py:190} INFO - [2026-05-02T17:07:24.906+0000] {dag.py:3239} INFO - Sync 1 DAGs
[2026-05-02T17:07:24.925+0000] {logging_mixin.py:190} INFO - [2026-05-02T17:07:24.925+0000] {dag.py:4180} INFO - Setting next_dagrun for example_python_operator to None, run_after=None
[2026-05-02T17:07:24.950+0000] {processor.py:208} INFO - Processing /usr/local/python/3.12.1/lib/python3.12/site-packages/airflow/example_dags/example_python_operator.py took 0.082 seconds
[2026-05-02T17:08:29.642+0000] {processor.py:186} INFO - Started process (PID=43239) to work on /usr/local/python/3.12.1/lib/python3.12/site-packages/airflow/example_dags/example_python_operator.py
[2026-05-02T17:08:29.643+0000] {processor.py:914} INFO - Processing file /usr/local/python/3.12.1/lib/python3.12/site-packages/airflow/example_dags/example_python_operator.py for tasks to queue
[2026-05-02T17:08:29.644+0000] {logging_mixin.py:190} INFO - [2026-05-02T17:08:29.644+0000] {dagbag.py:588} INFO - Filling up the DagBag from /usr/local/python/3.12.1/lib/python3.12/site-packages/airflow/example_dags/example_python_operator.py
[2026-05-02T17:08:29.657+0000] {processor.py:925} INFO - DAG(s) 'example_python_operator' retrieved from /usr/local/python/3.12.1/lib/python3.12/site-packages/airflow/example_dags/example_python_operator.py
[2026-05-02T17:08:29.672+0000] {logging_mixin.py:190} INFO - [2026-05-02T17:08:29.672+0000] {dag.py:3239} INFO - Sync 1 DAGs
[2026-05-02T17:08:29.682+0000] {logging_mixin.py:190} INFO - [2026-05-02T17:08:29.681+0000] {dag.py:4180} INFO - Setting next_dagrun for example_python_operator to None, run_after=None
[2026-05-02T17:08:29.699+0000] {processor.py:208} INFO - Processing /usr/local/python/3.12.1/lib/python3.12/site-packages/airflow/example_dags/example_python_operator.py took 0.061 seconds
[2026-05-02T17:09:38.303+0000] {processor.py:186} INFO - Started process (PID=44199) to work on /usr/local/python/3.12.1/lib/python3.12/site-packages/airflow/example_dags/example_python_operator.py
[2026-05-02T17:09:38.305+0000] {processor.py:914} INFO - Processing file /usr/local/python/3.12.1/lib/python3.12/site-packages/airflow/example_dags/example_python_operator.py for tasks to queue
[2026-05-02T17:09:38.306+0000] {logging_mixin.py:190} INFO - [2026-05-02T17:09:38.306+0000] {dagbag.py:588} INFO - Filling up the DagBag from /usr/local/python/3.12.1/lib/python3.12/site-packages/airflow/example_dags/example_python_operator.py
[2026-05-02T17:09:38.316+0000] {processor.py:925} INFO - DAG(s) 'example_python_operator' retrieved from /usr/local/python/3.12.1/lib/python3.12/site-packages/airflow/example_dags/example_python_operator.py
[2026-05-02T17:09:38.330+0000] {logging_mixin.py:190} INFO - [2026-05-02T17:09:38.330+0000] {dag.py:3239} INFO - Sync 1 DAGs
[2026-05-02T17:09:38.340+0000] {logging_mixin.py:190} INFO - [2026-05-02T17:09:38.340+0000] {dag.py:4180} INFO - Setting next_dagrun for example_python_operator to None, run_after=None
[2026-05-02T17:09:38.361+0000] {processor.py:208} INFO - Processing /usr/local/python/3.12.1/lib/python3.12/site-packages/airflow/example_dags/example_python_operator.py took 0.062 seconds
[2026-05-02T17:10:37.826+0000] {processor.py:186} INFO - Started process (PID=44719) to work on /usr/local/python/3.12.1/lib/python3.12/site-packages/airflow/example_dags/example_python_operator.py
[2026-05-02T17:10:37.827+0000] {processor.py:914} INFO - Processing file /usr/local/python/3.12.1/lib/python3.12/site-packages/airflow/example_dags/example_python_operator.py for tasks to queue
[2026-05-02T17:10:37.828+0000] {logging_mixin.py:190} INFO - [2026-05-02T17:10:37.828+0000] {dagbag.py:588} INFO - Filling up the DagBag from /usr/local/python/3.12.1/lib/python3.12/site-packages/airflow/example_dags/example_python_operator.py
[2026-05-02T17:10:37.838+0000] {processor.py:925} INFO - DAG(s) 'example_python_operator' retrieved from /usr/local/python/3.12.1/lib/python3.12/site-packages/airflow/example_dags/example_python_operator.py
[2026-05-02T17:10:37.855+0000] {logging_mixin.py:190} INFO - [2026-05-02T17:10:37.854+0000] {dag.py:3239} INFO - Sync 1 DAGs
[2026-05-02T17:10:37.868+0000] {logging_mixin.py:190} INFO - [2026-05-02T17:10:37.868+0000] {dag.py:4180} INFO - Setting next_dagrun for example_python_operator to None, run_after=None
[2026-05-02T17:10:37.885+0000] {processor.py:208} INFO - Processing /usr/local/python/3.12.1/lib/python3.12/site-packages/airflow/example_dags/example_python_operator.py took 0.063 seconds
[2026-05-02T17:11:31.121+0000] {processor.py:186} INFO - Started process (PID=45187) to work on /usr/local/python/3.12.1/lib/python3.12/site-packages/airflow/example_dags/example_python_operator.py
[2026-05-02T17:11:31.123+0000] {processor.py:914} INFO - Processing file /usr/local/python/3.12.1/lib/python3.12/site-packages/airflow/example_dags/example_python_operator.py for tasks to queue
[2026-05-02T17:11:31.124+0000] {logging_mixin.py:190} INFO - [2026-05-02T17:11:31.124+0000] {dagbag.py:588} INFO - Filling up the DagBag from /usr/local/python/3.12.1/lib/python3.12/site-packages/airflow/example_dags/example_python_operator.py
[2026-05-02T17:11:31.144+0000] {processor.py:925} INFO - DAG(s) 'example_python_operator' retrieved from /usr/local/python/3.12.1/lib/python3.12/site-packages/airflow/example_dags/example_python_operator.py
[2026-05-02T17:11:31.179+0000] {logging_mixin.py:190} INFO - [2026-05-02T17:11:31.179+0000] {dag.py:3239} INFO - Sync 1 DAGs
[2026-05-02T17:11:31.228+0000] {logging_mixin.py:190} INFO - [2026-05-02T17:11:31.228+0000] {dag.py:4180} INFO - Setting next_dagrun for example_python_operator to None, run_after=None
[2026-05-02T17:11:31.276+0000] {processor.py:208} INFO - Processing /usr/local/python/3.12.1/lib/python3.12/site-packages/airflow/example_dags/example_python_operator.py took 0.163 seconds
[2026-05-02T17:12:26.213+0000] {processor.py:186} INFO - Started process (PID=45710) to work on /usr/local/python/3.12.1/lib/python3.12/site-packages/airflow/example_dags/example_python_operator.py
[2026-05-02T17:12:26.214+0000] {processor.py:914} INFO - Processing file /usr/local/python/3.12.1/lib/python3.12/site-packages/airflow/example_dags/example_python_operator.py for tasks to queue
[2026-05-02T17:12:26.215+0000] {logging_mixin.py:190} INFO - [2026-05-02T17:12:26.215+0000] {dagbag.py:588} INFO - Filling up the DagBag from /usr/local/python/3.12.1/lib/python3.12/site-packages/airflow/example_dags/example_python_operator.py
[2026-05-02T17:12:26.225+0000] {processor.py:925} INFO - DAG(s) 'example_python_operator' retrieved from /usr/local/python/3.12.1/lib/python3.12/site-packages/airflow/example_dags/example_python_operator.py
[2026-05-02T17:12:26.239+0000] {logging_mixin.py:190} INFO - [2026-05-02T17:12:26.239+0000] {dag.py:3239} INFO - Sync 1 DAGs
[2026-05-02T17:12:26.253+0000] {logging_mixin.py:190} INFO - [2026-05-02T17:12:26.252+0000] {dag.py:4180} INFO - Setting next_dagrun for example_python_operator to None, run_after=None
[2026-05-02T17:12:26.272+0000] {processor.py:208} INFO - Processing /usr/local/python/3.12.1/lib/python3.12/site-packages/airflow/example_dags/example_python_operator.py took 0.063 seconds
[2026-05-02T17:13:29.292+0000] {processor.py:186} INFO - Started process (PID=46740) to work on /usr/local/python/3.12.1/lib/python3.12/site-packages/airflow/example_dags/example_python_operator.py
[2026-05-02T17:13:29.292+0000] {processor.py:914} INFO - Processing file /usr/local/python/3.12.1/lib/python3.12/site-packages/airflow/example_dags/example_python_operator.py for tasks to queue
[2026-05-02T17:13:29.293+0000] {logging_mixin.py:190} INFO - [2026-05-02T17:13:29.293+0000] {dagbag.py:588} INFO - Filling up the DagBag from /usr/local/python/3.12.1/lib/python3.12/site-packages/airflow/example_dags/example_python_operator.py
[2026-05-02T17:13:29.304+0000] {processor.py:925} INFO - DAG(s) 'example_python_operator' retrieved from /usr/local/python/3.12.1/lib/python3.12/site-packages/airflow/example_dags/example_python_operator.py
[2026-05-02T17:13:29.320+0000] {logging_mixin.py:190} INFO - [2026-05-02T17:13:29.320+0000] {dag.py:3239} INFO - Sync 1 DAGs
[2026-05-02T17:13:29.330+0000] {logging_mixin.py:190} INFO - [2026-05-02T17:13:29.330+0000] {dag.py:4180} INFO - Setting next_dagrun for example_python_operator to None, run_after=None
[2026-05-02T17:13:29.350+0000] {processor.py:208} INFO - Processing /usr/local/python/3.12.1/lib/python3.12/site-packages/airflow/example_dags/example_python_operator.py took 0.063 seconds
[2026-05-02T17:14:30.402+0000] {processor.py:186} INFO - Started process (PID=47935) to work on /usr/local/python/3.12.1/lib/python3.12/site-packages/airflow/example_dags/example_python_operator.py
[2026-05-02T17:14:30.403+0000] {processor.py:914} INFO - Processing file /usr/local/python/3.12.1/lib/python3.12/site-packages/airflow/example_dags/example_python_operator.py for tasks to queue
[2026-05-02T17:14:30.405+0000] {logging_mixin.py:190} INFO - [2026-05-02T17:14:30.404+0000] {dagbag.py:588} INFO - Filling up the DagBag from /usr/local/python/3.12.1/lib/python3.12/site-packages/airflow/example_dags/example_python_operator.py
[2026-05-02T17:14:30.416+0000] {processor.py:925} INFO - DAG(s) 'example_python_operator' retrieved from /usr/local/python/3.12.1/lib/python3.12/site-packages/airflow/example_dags/example_python_operator.py
[2026-05-02T17:14:30.431+0000] {logging_mixin.py:190} INFO - [2026-05-02T17:14:30.431+0000] {dag.py:3239} INFO - Sync 1 DAGs
[2026-05-02T17:14:30.441+0000] {logging_mixin.py:190} INFO - [2026-05-02T17:14:30.441+0000] {dag.py:4180} INFO - Setting next_dagrun for example_python_operator to None, run_after=None
[2026-05-02T17:14:30.461+0000] {processor.py:208} INFO - Processing /usr/local/python/3.12.1/lib/python3.12/site-packages/airflow/example_dags/example_python_operator.py took 0.065 seconds
[2026-05-02T17:15:23.041+0000] {processor.py:186} INFO - Started process (PID=48995) to work on /usr/local/python/3.12.1/lib/python3.12/site-packages/airflow/example_dags/example_python_operator.py
[2026-05-02T17:15:23.042+0000] {processor.py:914} INFO - Processing file /usr/local/python/3.12.1/lib/python3.12/site-packages/airflow/example_dags/example_python_operator.py for tasks to queue
[2026-05-02T17:15:23.044+0000] {logging_mixin.py:190} INFO - [2026-05-02T17:15:23.043+0000] {dagbag.py:588} INFO - Filling up the DagBag from /usr/local/python/3.12.1/lib/python3.12/site-packages/airflow/example_dags/example_python_operator.py
[2026-05-02T17:15:23.069+0000] {processor.py:925} INFO - DAG(s) 'example_python_operator' retrieved from /usr/local/python/3.12.1/lib/python3.12/site-packages/airflow/example_dags/example_python_operator.py
[2026-05-02T17:15:23.092+0000] {logging_mixin.py:190} INFO - [2026-05-02T17:15:23.092+0000] {dag.py:3239} INFO - Sync 1 DAGs
[2026-05-02T17:15:23.118+0000] {logging_mixin.py:190} INFO - [2026-05-02T17:15:23.118+0000] {dag.py:4180} INFO - Setting next_dagrun for example_python_operator to None, run_after=None
[2026-05-02T17:15:23.140+0000] {processor.py:208} INFO - Processing /usr/local/python/3.12.1/lib/python3.12/site-packages/airflow/example_dags/example_python_operator.py took 0.104 seconds
[2026-05-02T17:16:17.198+0000] {processor.py:186} INFO - Started process (PID=50036) to work on /usr/local/python/3.12.1/lib/python3.12/site-packages/airflow/example_dags/example_python_operator.py
[2026-05-02T17:16:17.199+0000] {processor.py:914} INFO - Processing file /usr/local/python/3.12.1/lib/python3.12/site-packages/airflow/example_dags/example_python_operator.py for tasks to queue
[2026-05-02T17:16:17.200+0000] {logging_mixin.py:190} INFO - [2026-05-02T17:16:17.199+0000] {dagbag.py:588} INFO - Filling up the DagBag from /usr/local/python/3.12.1/lib/python3.12/site-packages/airflow/example_dags/example_python_operator.py
[2026-05-02T17:16:17.210+0000] {processor.py:925} INFO - DAG(s) 'example_python_operator' retrieved from /usr/local/python/3.12.1/lib/python3.12/site-packages/airflow/example_dags/example_python_operator.py
[2026-05-02T17:16:17.224+0000] {logging_mixin.py:190} INFO - [2026-05-02T17:16:17.224+0000] {dag.py:3239} INFO - Sync 1 DAGs
[2026-05-02T17:16:17.234+0000] {logging_mixin.py:190} INFO - [2026-05-02T17:16:17.234+0000] {dag.py:4180} INFO - Setting next_dagrun for example_python_operator to None, run_after=None
[2026-05-02T17:16:17.253+0000] {processor.py:208} INFO - Processing /usr/local/python/3.12.1/lib/python3.12/site-packages/airflow/example_dags/example_python_operator.py took 0.059 seconds
[2026-05-02T17:17:12.916+0000] {processor.py:186} INFO - Started process (PID=51172) to work on /usr/local/python/3.12.1/lib/python3.12/site-packages/airflow/example_dags/example_python_operator.py
[2026-05-02T17:17:12.916+0000] {processor.py:914} INFO - Processing file /usr/local/python/3.12.1/lib/python3.12/site-packages/airflow/example_dags/example_python_operator.py for tasks to queue
[2026-05-02T17:17:12.917+0000] {logging_mixin.py:190} INFO - [2026-05-02T17:17:12.917+0000] {dagbag.py:588} INFO - Filling up the DagBag from /usr/local/python/3.12.1/lib/python3.12/site-packages/airflow/example_dags/example_python_operator.py
[2026-05-02T17:17:12.927+0000] {processor.py:925} INFO - DAG(s) 'example_python_operator' retrieved from /usr/local/python/3.12.1/lib/python3.12/site-packages/airflow/example_dags/example_python_operator.py
[2026-05-02T17:17:12.941+0000] {logging_mixin.py:190} INFO - [2026-05-02T17:17:12.941+0000] {dag.py:3239} INFO - Sync 1 DAGs
[2026-05-02T17:17:12.955+0000] {logging_mixin.py:190} INFO - [2026-05-02T17:17:12.955+0000] {dag.py:4180} INFO - Setting next_dagrun for example_python_operator to None, run_after=None
[2026-05-02T17:17:12.973+0000] {processor.py:208} INFO - Processing /usr/local/python/3.12.1/lib/python3.12/site-packages/airflow/example_dags/example_python_operator.py took 0.062 seconds
[2026-05-02T17:18:04.083+0000] {processor.py:186} INFO - Started process (PID=52174) to work on /usr/local/python/3.12.1/lib/python3.12/site-packages/airflow/example_dags/example_python_operator.py
[2026-05-02T17:18:04.084+0000] {processor.py:914} INFO - Processing file /usr/local/python/3.12.1/lib/python3.12/site-packages/airflow/example_dags/example_python_operator.py for tasks to queue
[2026-05-02T17:18:04.085+0000] {logging_mixin.py:190} INFO - [2026-05-02T17:18:04.085+0000] {dagbag.py:588} INFO - Filling up the DagBag from /usr/local/python/3.12.1/lib/python3.12/site-packages/airflow/example_dags/example_python_operator.py
[2026-05-02T17:18:04.099+0000] {processor.py:925} INFO - DAG(s) 'example_python_operator' retrieved from /usr/local/python/3.12.1/lib/python3.12/site-packages/airflow/example_dags/example_python_operator.py
[2026-05-02T17:18:04.113+0000] {logging_mixin.py:190} INFO - [2026-05-02T17:18:04.113+0000] {dag.py:3239} INFO - Sync 1 DAGs
[2026-05-02T17:18:04.124+0000] {logging_mixin.py:190} INFO - [2026-05-02T17:18:04.124+0000] {dag.py:4180} INFO - Setting next_dagrun for example_python_operator to None, run_after=None
[2026-05-02T17:18:04.140+0000] {processor.py:208} INFO - Processing /usr/local/python/3.12.1/lib/python3.12/site-packages/airflow/example_dags/example_python_operator.py took 0.061 seconds
[2026-05-02T17:19:05.095+0000] {processor.py:186} INFO - Started process (PID=53366) to work on /usr/local/python/3.12.1/lib/python3.12/site-packages/airflow/example_dags/example_python_operator.py
[2026-05-02T17:19:05.095+0000] {processor.py:914} INFO - Processing file /usr/local/python/3.12.1/lib/python3.12/site-packages/airflow/example_dags/example_python_operator.py for tasks to queue
[2026-05-02T17:19:05.097+0000] {logging_mixin.py:190} INFO - [2026-05-02T17:19:05.096+0000] {dagbag.py:588} INFO - Filling up the DagBag from /usr/local/python/3.12.1/lib/python3.12/site-packages/airflow/example_dags/example_python_operator.py
[2026-05-02T17:19:05.108+0000] {processor.py:925} INFO - DAG(s) 'example_python_operator' retrieved from /usr/local/python/3.12.1/lib/python3.12/site-packages/airflow/example_dags/example_python_operator.py
[2026-05-02T17:19:05.128+0000] {logging_mixin.py:190} INFO - [2026-05-02T17:19:05.128+0000] {dag.py:3239} INFO - Sync 1 DAGs
[2026-05-02T17:19:05.138+0000] {logging_mixin.py:190} INFO - [2026-05-02T17:19:05.138+0000] {dag.py:4180} INFO - Setting next_dagrun for example_python_operator to None, run_after=None
[2026-05-02T17:19:05.159+0000] {processor.py:208} INFO - Processing /usr/local/python/3.12.1/lib/python3.12/site-packages/airflow/example_dags/example_python_operator.py took 0.069 seconds
[2026-05-02T17:20:01.677+0000] {processor.py:186} INFO - Started process (PID=54484) to work on /usr/local/python/3.12.1/lib/python3.12/site-packages/airflow/example_dags/example_python_operator.py
[2026-05-02T17:20:01.677+0000] {processor.py:914} INFO - Processing file /usr/local/python/3.12.1/lib/python3.12/site-packages/airflow/example_dags/example_python_operator.py for tasks to queue
[2026-05-02T17:20:01.678+0000] {logging_mixin.py:190} INFO - [2026-05-02T17:20:01.678+0000] {dagbag.py:588} INFO - Filling up the DagBag from /usr/local/python/3.12.1/lib/python3.12/site-packages/airflow/example_dags/example_python_operator.py
[2026-05-02T17:20:01.689+0000] {processor.py:925} INFO - DAG(s) 'example_python_operator' retrieved from /usr/local/python/3.12.1/lib/python3.12/site-packages/airflow/example_dags/example_python_operator.py
[2026-05-02T17:20:01.703+0000] {logging_mixin.py:190} INFO - [2026-05-02T17:20:01.703+0000] {dag.py:3239} INFO - Sync 1 DAGs
[2026-05-02T17:20:01.713+0000] {logging_mixin.py:190} INFO - [2026-05-02T17:20:01.713+0000] {dag.py:4180} INFO - Setting next_dagrun for example_python_operator to None, run_after=None
[2026-05-02T17:20:01.731+0000] {processor.py:208} INFO - Processing /usr/local/python/3.12.1/lib/python3.12/site-packages/airflow/example_dags/example_python_operator.py took 0.059 seconds
[2026-05-02T17:20:56.656+0000] {processor.py:186} INFO - Started process (PID=55575) to work on /usr/local/python/3.12.1/lib/python3.12/site-packages/airflow/example_dags/example_python_operator.py
[2026-05-02T17:20:56.657+0000] {processor.py:914} INFO - Processing file /usr/local/python/3.12.1/lib/python3.12/site-packages/airflow/example_dags/example_python_operator.py for tasks to queue
[2026-05-02T17:20:56.658+0000] {logging_mixin.py:190} INFO - [2026-05-02T17:20:56.658+0000] {dagbag.py:588} INFO - Filling up the DagBag from /usr/local/python/3.12.1/lib/python3.12/site-packages/airflow/example_dags/example_python_operator.py
[2026-05-02T17:20:56.670+0000] {processor.py:925} INFO - DAG(s) 'example_python_operator' retrieved from /usr/local/python/3.12.1/lib/python3.12/site-packages/airflow/example_dags/example_python_operator.py
[2026-05-02T17:20:56.684+0000] {logging_mixin.py:190} INFO - [2026-05-02T17:20:56.684+0000] {dag.py:3239} INFO - Sync 1 DAGs
[2026-05-02T17:20:56.697+0000] {logging_mixin.py:190} INFO - [2026-05-02T17:20:56.697+0000] {dag.py:4180} INFO - Setting next_dagrun for example_python_operator to None, run_after=None
[2026-05-02T17:20:56.715+0000] {processor.py:208} INFO - Processing /usr/local/python/3.12.1/lib/python3.12/site-packages/airflow/example_dags/example_python_operator.py took 0.065 seconds
[2026-05-02T17:21:51.128+0000] {processor.py:186} INFO - Started process (PID=56628) to work on /usr/local/python/3.12.1/lib/python3.12/site-packages/airflow/example_dags/example_python_operator.py
[2026-05-02T17:21:51.129+0000] {processor.py:914} INFO - Processing file /usr/local/python/3.12.1/lib/python3.12/site-packages/airflow/example_dags/example_python_operator.py for tasks to queue
[2026-05-02T17:21:51.130+0000] {logging_mixin.py:190} INFO - [2026-05-02T17:21:51.129+0000] {dagbag.py:588} INFO - Filling up the DagBag from /usr/local/python/3.12.1/lib/python3.12/site-packages/airflow/example_dags/example_python_operator.py
[2026-05-02T17:21:51.141+0000] {processor.py:925} INFO - DAG(s) 'example_python_operator' retrieved from /usr/local/python/3.12.1/lib/python3.12/site-packages/airflow/example_dags/example_python_operator.py
[2026-05-02T17:21:51.160+0000] {logging_mixin.py:190} INFO - [2026-05-02T17:21:51.160+0000] {dag.py:3239} INFO - Sync 1 DAGs
[2026-05-02T17:21:51.170+0000] {logging_mixin.py:190} INFO - [2026-05-02T17:21:51.170+0000] {dag.py:4180} INFO - Setting next_dagrun for example_python_operator to None, run_after=None
[2026-05-02T17:21:51.187+0000] {processor.py:208} INFO - Processing /usr/local/python/3.12.1/lib/python3.12/site-packages/airflow/example_dags/example_python_operator.py took 0.064 seconds
[2026-05-02T17:22:41.931+0000] {processor.py:186} INFO - Started process (PID=57644) to work on /usr/local/python/3.12.1/lib/python3.12/site-packages/airflow/example_dags/example_python_operator.py
[2026-05-02T17:22:41.931+0000] {processor.py:914} INFO - Processing file /usr/local/python/3.12.1/lib/python3.12/site-packages/airflow/example_dags/example_python_operator.py for tasks to queue
[2026-05-02T17:22:41.932+0000] {logging_mixin.py:190} INFO - [2026-05-02T17:22:41.932+0000] {dagbag.py:588} INFO - Filling up the DagBag from /usr/local/python/3.12.1/lib/python3.12/site-packages/airflow/example_dags/example_python_operator.py
[2026-05-02T17:22:41.944+0000] {processor.py:925} INFO - DAG(s) 'example_python_operator' retrieved from /usr/local/python/3.12.1/lib/python3.12/site-packages/airflow/example_dags/example_python_operator.py
[2026-05-02T17:22:41.962+0000] {logging_mixin.py:190} INFO - [2026-05-02T17:22:41.962+0000] {dag.py:3239} INFO - Sync 1 DAGs
[2026-05-02T17:22:41.996+0000] {logging_mixin.py:190} INFO - [2026-05-02T17:22:41.996+0000] {dag.py:4180} INFO - Setting next_dagrun for example_python_operator to None, run_after=None
[2026-05-02T17:22:42.033+0000] {processor.py:208} INFO - Processing /usr/local/python/3.12.1/lib/python3.12/site-packages/airflow/example_dags/example_python_operator.py took 0.107 seconds
[2026-05-02T17:23:36.266+0000] {processor.py:186} INFO - Started process (PID=58699) to work on /usr/local/python/3.12.1/lib/python3.12/site-packages/airflow/example_dags/example_python_operator.py
[2026-05-02T17:23:36.267+0000] {processor.py:914} INFO - Processing file /usr/local/python/3.12.1/lib/python3.12/site-packages/airflow/example_dags/example_python_operator.py for tasks to queue
[2026-05-02T17:23:36.268+0000] {logging_mixin.py:190} INFO - [2026-05-02T17:23:36.267+0000] {dagbag.py:588} INFO - Filling up the DagBag from /usr/local/python/3.12.1/lib/python3.12/site-packages/airflow/example_dags/example_python_operator.py
[2026-05-02T17:23:36.278+0000] {processor.py:925} INFO - DAG(s) 'example_python_operator' retrieved from /usr/local/python/3.12.1/lib/python3.12/site-packages/airflow/example_dags/example_python_operator.py
[2026-05-02T17:23:36.292+0000] {logging_mixin.py:190} INFO - [2026-05-02T17:23:36.292+0000] {dag.py:3239} INFO - Sync 1 DAGs
[2026-05-02T17:23:36.303+0000] {logging_mixin.py:190} INFO - [2026-05-02T17:23:36.303+0000] {dag.py:4180} INFO - Setting next_dagrun for example_python_operator to None, run_after=None
[2026-05-02T17:23:36.335+0000] {processor.py:208} INFO - Processing /usr/local/python/3.12.1/lib/python3.12/site-packages/airflow/example_dags/example_python_operator.py took 0.073 seconds
[2026-05-02T17:24:34.872+0000] {processor.py:186} INFO - Started process (PID=59285) to work on /usr/local/python/3.12.1/lib/python3.12/site-packages/airflow/example_dags/example_python_operator.py
[2026-05-02T17:24:34.872+0000] {processor.py:914} INFO - Processing file /usr/local/python/3.12.1/lib/python3.12/site-packages/airflow/example_dags/example_python_operator.py for tasks to queue
[2026-05-02T17:24:34.873+0000] {logging_mixin.py:190} INFO - [2026-05-02T17:24:34.873+0000] {dagbag.py:588} INFO - Filling up the DagBag from /usr/local/python/3.12.1/lib/python3.12/site-packages/airflow/example_dags/example_python_operator.py
[2026-05-02T17:24:34.884+0000] {processor.py:925} INFO - DAG(s) 'example_python_operator' retrieved from /usr/local/python/3.12.1/lib/python3.12/site-packages/airflow/example_dags/example_python_operator.py
[2026-05-02T17:24:34.898+0000] {logging_mixin.py:190} INFO - [2026-05-02T17:24:34.897+0000] {dag.py:3239} INFO - Sync 1 DAGs
[2026-05-02T17:24:34.908+0000] {logging_mixin.py:190} INFO - [2026-05-02T17:24:34.908+0000] {dag.py:4180} INFO - Setting next_dagrun for example_python_operator to None, run_after=None
[2026-05-02T17:24:34.924+0000] {processor.py:208} INFO - Processing /usr/local/python/3.12.1/lib/python3.12/site-packages/airflow/example_dags/example_python_operator.py took 0.057 seconds
[2026-05-02T17:25:28.871+0000] {processor.py:186} INFO - Started process (PID=59760) to work on /usr/local/python/3.12.1/lib/python3.12/site-packages/airflow/example_dags/example_python_operator.py
[2026-05-02T17:25:28.872+0000] {processor.py:914} INFO - Processing file /usr/local/python/3.12.1/lib/python3.12/site-packages/airflow/example_dags/example_python_operator.py for tasks to queue
[2026-05-02T17:25:28.872+0000] {logging_mixin.py:190} INFO - [2026-05-02T17:25:28.872+0000] {dagbag.py:588} INFO - Filling up the DagBag from /usr/local/python/3.12.1/lib/python3.12/site-packages/airflow/example_dags/example_python_operator.py
[2026-05-02T17:25:28.883+0000] {processor.py:925} INFO - DAG(s) 'example_python_operator' retrieved from /usr/local/python/3.12.1/lib/python3.12/site-packages/airflow/example_dags/example_python_operator.py
[2026-05-02T17:25:28.897+0000] {logging_mixin.py:190} INFO - [2026-05-02T17:25:28.897+0000] {dag.py:3239} INFO - Sync 1 DAGs
[2026-05-02T17:25:28.907+0000] {logging_mixin.py:190} INFO - [2026-05-02T17:25:28.907+0000] {dag.py:4180} INFO - Setting next_dagrun for example_python_operator to None, run_after=None
[2026-05-02T17:25:28.925+0000] {processor.py:208} INFO - Processing /usr/local/python/3.12.1/lib/python3.12/site-packages/airflow/example_dags/example_python_operator.py took 0.059 seconds
[2026-05-02T17:26:23.155+0000] {processor.py:186} INFO - Started process (PID=60190) to work on /usr/local/python/3.12.1/lib/python3.12/site-packages/airflow/example_dags/example_python_operator.py
[2026-05-02T17:26:23.156+0000] {processor.py:914} INFO - Processing file /usr/local/python/3.12.1/lib/python3.12/site-packages/airflow/example_dags/example_python_operator.py for tasks to queue
[2026-05-02T17:26:23.157+0000] {logging_mixin.py:190} INFO - [2026-05-02T17:26:23.157+0000] {dagbag.py:588} INFO - Filling up the DagBag from /usr/local/python/3.12.1/lib/python3.12/site-packages/airflow/example_dags/example_python_operator.py
[2026-05-02T17:26:23.168+0000] {processor.py:925} INFO - DAG(s) 'example_python_operator' retrieved from /usr/local/python/3.12.1/lib/python3.12/site-packages/airflow/example_dags/example_python_operator.py
[2026-05-02T17:26:23.182+0000] {logging_mixin.py:190} INFO - [2026-05-02T17:26:23.182+0000] {dag.py:3239} INFO - Sync 1 DAGs
[2026-05-02T17:26:23.193+0000] {logging_mixin.py:190} INFO - [2026-05-02T17:26:23.192+0000] {dag.py:4180} INFO - Setting next_dagrun for example_python_operator to None, run_after=None
[2026-05-02T17:26:23.210+0000] {processor.py:208} INFO - Processing /usr/local/python/3.12.1/lib/python3.12/site-packages/airflow/example_dags/example_python_operator.py took 0.061 seconds
[2026-05-02T17:27:14.058+0000] {processor.py:186} INFO - Started process (PID=60638) to work on /usr/local/python/3.12.1/lib/python3.12/site-packages/airflow/example_dags/example_python_operator.py
[2026-05-02T17:27:14.059+0000] {processor.py:914} INFO - Processing file /usr/local/python/3.12.1/lib/python3.12/site-packages/airflow/example_dags/example_python_operator.py for tasks to queue
[2026-05-02T17:27:14.060+0000] {logging_mixin.py:190} INFO - [2026-05-02T17:27:14.060+0000] {dagbag.py:588} INFO - Filling up the DagBag from /usr/local/python/3.12.1/lib/python3.12/site-packages/airflow/example_dags/example_python_operator.py
[2026-05-02T17:27:14.070+0000] {processor.py:925} INFO - DAG(s) 'example_python_operator' retrieved from /usr/local/python/3.12.1/lib/python3.12/site-packages/airflow/example_dags/example_python_operator.py
[2026-05-02T17:27:14.084+0000] {logging_mixin.py:190} INFO - [2026-05-02T17:27:14.084+0000] {dag.py:3239} INFO - Sync 1 DAGs
[2026-05-02T17:27:14.094+0000] {logging_mixin.py:190} INFO - [2026-05-02T17:27:14.094+0000] {dag.py:4180} INFO - Setting next_dagrun for example_python_operator to None, run_after=None
[2026-05-02T17:27:14.111+0000] {processor.py:208} INFO - Processing /usr/local/python/3.12.1/lib/python3.12/site-packages/airflow/example_dags/example_python_operator.py took 0.059 seconds
[2026-05-02T17:28:05.506+0000] {processor.py:186} INFO - Started process (PID=61152) to work on /usr/local/python/3.12.1/lib/python3.12/site-packages/airflow/example_dags/example_python_operator.py
[2026-05-02T17:28:05.506+0000] {processor.py:914} INFO - Processing file /usr/local/python/3.12.1/lib/python3.12/site-packages/airflow/example_dags/example_python_operator.py for tasks to queue
[2026-05-02T17:28:05.507+0000] {logging_mixin.py:190} INFO - [2026-05-02T17:28:05.507+0000] {dagbag.py:588} INFO - Filling up the DagBag from /usr/local/python/3.12.1/lib/python3.12/site-packages/airflow/example_dags/example_python_operator.py
[2026-05-02T17:28:05.518+0000] {processor.py:925} INFO - DAG(s) 'example_python_operator' retrieved from /usr/local/python/3.12.1/lib/python3.12/site-packages/airflow/example_dags/example_python_operator.py
[2026-05-02T17:28:05.532+0000] {logging_mixin.py:190} INFO - [2026-05-02T17:28:05.532+0000] {dag.py:3239} INFO - Sync 1 DAGs
[2026-05-02T17:28:05.544+0000] {logging_mixin.py:190} INFO - [2026-05-02T17:28:05.544+0000] {dag.py:4180} INFO - Setting next_dagrun for example_python_operator to None, run_after=None
[2026-05-02T17:28:05.564+0000] {processor.py:208} INFO - Processing /usr/local/python/3.12.1/lib/python3.12/site-packages/airflow/example_dags/example_python_operator.py took 0.063 seconds
[2026-05-02T17:28:57.947+0000] {processor.py:186} INFO - Started process (PID=61615) to work on /usr/local/python/3.12.1/lib/python3.12/site-packages/airflow/example_dags/example_python_operator.py
[2026-05-02T17:28:57.948+0000] {processor.py:914} INFO - Processing file /usr/local/python/3.12.1/lib/python3.12/site-packages/airflow/example_dags/example_python_operator.py for tasks to queue
[2026-05-02T17:28:57.949+0000] {logging_mixin.py:190} INFO - [2026-05-02T17:28:57.949+0000] {dagbag.py:588} INFO - Filling up the DagBag from /usr/local/python/3.12.1/lib/python3.12/site-packages/airflow/example_dags/example_python_operator.py
[2026-05-02T17:28:57.962+0000] {processor.py:925} INFO - DAG(s) 'example_python_operator' retrieved from /usr/local/python/3.12.1/lib/python3.12/site-packages/airflow/example_dags/example_python_operator.py
[2026-05-02T17:28:57.980+0000] {logging_mixin.py:190} INFO - [2026-05-02T17:28:57.979+0000] {dag.py:3239} INFO - Sync 1 DAGs
[2026-05-02T17:28:57.991+0000] {logging_mixin.py:190} INFO - [2026-05-02T17:28:57.991+0000] {dag.py:4180} INFO - Setting next_dagrun for example_python_operator to None, run_after=None
[2026-05-02T17:28:58.009+0000] {processor.py:208} INFO - Processing /usr/local/python/3.12.1/lib/python3.12/site-packages/airflow/example_dags/example_python_operator.py took 0.067 seconds
[2026-05-02T17:29:49.171+0000] {processor.py:186} INFO - Started process (PID=62072) to work on /usr/local/python/3.12.1/lib/python3.12/site-packages/airflow/example_dags/example_python_operator.py
[2026-05-02T17:29:49.171+0000] {processor.py:914} INFO - Processing file /usr/local/python/3.12.1/lib/python3.12/site-packages/airflow/example_dags/example_python_operator.py for tasks to queue
[2026-05-02T17:29:49.172+0000] {logging_mixin.py:190} INFO - [2026-05-02T17:29:49.172+0000] {dagbag.py:588} INFO - Filling up the DagBag from /usr/local/python/3.12.1/lib/python3.12/site-packages/airflow/example_dags/example_python_operator.py
[2026-05-02T17:29:49.183+0000] {processor.py:925} INFO - DAG(s) 'example_python_operator' retrieved from /usr/local/python/3.12.1/lib/python3.12/site-packages/airflow/example_dags/example_python_operator.py
[2026-05-02T17:29:49.197+0000] {logging_mixin.py:190} INFO - [2026-05-02T17:29:49.197+0000] {dag.py:3239} INFO - Sync 1 DAGs
[2026-05-02T17:29:49.207+0000] {logging_mixin.py:190} INFO - [2026-05-02T17:29:49.207+0000] {dag.py:4180} INFO - Setting next_dagrun for example_python_operator to None, run_after=None
[2026-05-02T17:29:49.224+0000] {processor.py:208} INFO - Processing /usr/local/python/3.12.1/lib/python3.12/site-packages/airflow/example_dags/example_python_operator.py took 0.058 seconds
[2026-05-02T17:30:43.982+0000] {processor.py:186} INFO - Started process (PID=62667) to work on /usr/local/python/3.12.1/lib/python3.12/site-packages/airflow/example_dags/example_python_operator.py
[2026-05-02T17:30:43.983+0000] {processor.py:914} INFO - Processing file /usr/local/python/3.12.1/lib/python3.12/site-packages/airflow/example_dags/example_python_operator.py for tasks to queue
[2026-05-02T17:30:43.984+0000] {logging_mixin.py:190} INFO - [2026-05-02T17:30:43.983+0000] {dagbag.py:588} INFO - Filling up the DagBag from /usr/local/python/3.12.1/lib/python3.12/site-packages/airflow/example_dags/example_python_operator.py
[2026-05-02T17:30:43.995+0000] {processor.py:925} INFO - DAG(s) 'example_python_operator' retrieved from /usr/local/python/3.12.1/lib/python3.12/site-packages/airflow/example_dags/example_python_operator.py
[2026-05-02T17:30:44.014+0000] {logging_mixin.py:190} INFO - [2026-05-02T17:30:44.014+0000] {dag.py:3239} INFO - Sync 1 DAGs
[2026-05-02T17:30:44.025+0000] {logging_mixin.py:190} INFO - [2026-05-02T17:30:44.024+0000] {dag.py:4180} INFO - Setting next_dagrun for example_python_operator to None, run_after=None
[2026-05-02T17:30:44.042+0000] {processor.py:208} INFO - Processing /usr/local/python/3.12.1/lib/python3.12/site-packages/airflow/example_dags/example_python_operator.py took 0.065 seconds
[2026-05-02T17:31:39.757+0000] {processor.py:186} INFO - Started process (PID=63166) to work on /usr/local/python/3.12.1/lib/python3.12/site-packages/airflow/example_dags/example_python_operator.py
[2026-05-02T17:31:39.757+0000] {processor.py:914} INFO - Processing file /usr/local/python/3.12.1/lib/python3.12/site-packages/airflow/example_dags/example_python_operator.py for tasks to queue
[2026-05-02T17:31:39.759+0000] {logging_mixin.py:190} INFO - [2026-05-02T17:31:39.758+0000] {dagbag.py:588} INFO - Filling up the DagBag from /usr/local/python/3.12.1/lib/python3.12/site-packages/airflow/example_dags/example_python_operator.py
[2026-05-02T17:31:39.769+0000] {processor.py:925} INFO - DAG(s) 'example_python_operator' retrieved from /usr/local/python/3.12.1/lib/python3.12/site-packages/airflow/example_dags/example_python_operator.py
[2026-05-02T17:31:39.783+0000] {logging_mixin.py:190} INFO - [2026-05-02T17:31:39.783+0000] {dag.py:3239} INFO - Sync 1 DAGs
[2026-05-02T17:31:39.793+0000] {logging_mixin.py:190} INFO - [2026-05-02T17:31:39.793+0000] {dag.py:4180} INFO - Setting next_dagrun for example_python_operator to None, run_after=None
[2026-05-02T17:31:39.823+0000] {processor.py:208} INFO - Processing /usr/local/python/3.12.1/lib/python3.12/site-packages/airflow/example_dags/example_python_operator.py took 0.072 seconds
[2026-05-02T17:32:33.479+0000] {processor.py:186} INFO - Started process (PID=63880) to work on /usr/local/python/3.12.1/lib/python3.12/site-packages/airflow/example_dags/example_python_operator.py
[2026-05-02T17:32:33.480+0000] {processor.py:914} INFO - Processing file /usr/local/python/3.12.1/lib/python3.12/site-packages/airflow/example_dags/example_python_operator.py for tasks to queue
[2026-05-02T17:32:33.481+0000] {logging_mixin.py:190} INFO - [2026-05-02T17:32:33.480+0000] {dagbag.py:588} INFO - Filling up the DagBag from /usr/local/python/3.12.1/lib/python3.12/site-packages/airflow/example_dags/example_python_operator.py
[2026-05-02T17:32:33.491+0000] {processor.py:925} INFO - DAG(s) 'example_python_operator' retrieved from /usr/local/python/3.12.1/lib/python3.12/site-packages/airflow/example_dags/example_python_operator.py
[2026-05-02T17:32:33.508+0000] {logging_mixin.py:190} INFO - [2026-05-02T17:32:33.508+0000] {dag.py:3239} INFO - Sync 1 DAGs
[2026-05-02T17:32:33.523+0000] {logging_mixin.py:190} INFO - [2026-05-02T17:32:33.523+0000] {dag.py:4180} INFO - Setting next_dagrun for example_python_operator to None, run_after=None
[2026-05-02T17:32:33.544+0000] {processor.py:208} INFO - Processing /usr/local/python/3.12.1/lib/python3.12/site-packages/airflow/example_dags/example_python_operator.py took 0.070 seconds
[2026-05-02T17:33:26.793+0000] {processor.py:186} INFO - Started process (PID=64293) to work on /usr/local/python/3.12.1/lib/python3.12/site-packages/airflow/example_dags/example_python_operator.py
[2026-05-02T17:33:26.793+0000] {processor.py:914} INFO - Processing file /usr/local/python/3.12.1/lib/python3.12/site-packages/airflow/example_dags/example_python_operator.py for tasks to queue
[2026-05-02T17:33:26.794+0000] {logging_mixin.py:190} INFO - [2026-05-02T17:33:26.794+0000] {dagbag.py:588} INFO - Filling up the DagBag from /usr/local/python/3.12.1/lib/python3.12/site-packages/airflow/example_dags/example_python_operator.py
[2026-05-02T17:33:26.805+0000] {processor.py:925} INFO - DAG(s) 'example_python_operator' retrieved from /usr/local/python/3.12.1/lib/python3.12/site-packages/airflow/example_dags/example_python_operator.py
[2026-05-02T17:33:26.819+0000] {logging_mixin.py:190} INFO - [2026-05-02T17:33:26.819+0000] {dag.py:3239} INFO - Sync 1 DAGs
[2026-05-02T17:33:26.829+0000] {logging_mixin.py:190} INFO - [2026-05-02T17:33:26.829+0000] {dag.py:4180} INFO - Setting next_dagrun for example_python_operator to None, run_after=None
[2026-05-02T17:33:26.848+0000] {processor.py:208} INFO - Processing /usr/local/python/3.12.1/lib/python3.12/site-packages/airflow/example_dags/example_python_operator.py took 0.060 seconds
[2026-05-02T17:34:18.263+0000] {processor.py:186} INFO - Started process (PID=64807) to work on /usr/local/python/3.12.1/lib/python3.12/site-packages/airflow/example_dags/example_python_operator.py
[2026-05-02T17:34:18.264+0000] {processor.py:914} INFO - Processing file /usr/local/python/3.12.1/lib/python3.12/site-packages/airflow/example_dags/example_python_operator.py for tasks to queue
[2026-05-02T17:34:18.265+0000] {logging_mixin.py:190} INFO - [2026-05-02T17:34:18.264+0000] {dagbag.py:588} INFO - Filling up the DagBag from /usr/local/python/3.12.1/lib/python3.12/site-packages/airflow/example_dags/example_python_operator.py
[2026-05-02T17:34:18.275+0000] {processor.py:925} INFO - DAG(s) 'example_python_operator' retrieved from /usr/local/python/3.12.1/lib/python3.12/site-packages/airflow/example_dags/example_python_operator.py
[2026-05-02T17:34:18.290+0000] {logging_mixin.py:190} INFO - [2026-05-02T17:34:18.290+0000] {dag.py:3239} INFO - Sync 1 DAGs
[2026-05-02T17:34:18.301+0000] {logging_mixin.py:190} INFO - [2026-05-02T17:34:18.301+0000] {dag.py:4180} INFO - Setting next_dagrun for example_python_operator to None, run_after=None
[2026-05-02T17:34:18.319+0000] {processor.py:208} INFO - Processing /usr/local/python/3.12.1/lib/python3.12/site-packages/airflow/example_dags/example_python_operator.py took 0.061 seconds
[2026-05-02T17:35:32.469+0000] {processor.py:186} INFO - Started process (PID=66210) to work on /usr/local/python/3.12.1/lib/python3.12/site-packages/airflow/example_dags/example_python_operator.py
[2026-05-02T17:35:32.469+0000] {processor.py:914} INFO - Processing file /usr/local/python/3.12.1/lib/python3.12/site-packages/airflow/example_dags/example_python_operator.py for tasks to queue
[2026-05-02T17:35:32.470+0000] {logging_mixin.py:190} INFO - [2026-05-02T17:35:32.470+0000] {dagbag.py:588} INFO - Filling up the DagBag from /usr/local/python/3.12.1/lib/python3.12/site-packages/airflow/example_dags/example_python_operator.py
[2026-05-02T17:35:32.482+0000] {processor.py:925} INFO - DAG(s) 'example_python_operator' retrieved from /usr/local/python/3.12.1/lib/python3.12/site-packages/airflow/example_dags/example_python_operator.py
[2026-05-02T17:35:32.498+0000] {logging_mixin.py:190} INFO - [2026-05-02T17:35:32.498+0000] {dag.py:3239} INFO - Sync 1 DAGs
[2026-05-02T17:35:32.509+0000] {logging_mixin.py:190} INFO - [2026-05-02T17:35:32.508+0000] {dag.py:4180} INFO - Setting next_dagrun for example_python_operator to None, run_after=None
[2026-05-02T17:35:32.526+0000] {processor.py:208} INFO - Processing /usr/local/python/3.12.1/lib/python3.12/site-packages/airflow/example_dags/example_python_operator.py took 0.062 seconds
[2026-05-02T17:36:25.309+0000] {processor.py:186} INFO - Started process (PID=66765) to work on /usr/local/python/3.12.1/lib/python3.12/site-packages/airflow/example_dags/example_python_operator.py
[2026-05-02T17:36:25.309+0000] {processor.py:914} INFO - Processing file /usr/local/python/3.12.1/lib/python3.12/site-packages/airflow/example_dags/example_python_operator.py for tasks to queue
[2026-05-02T17:36:25.310+0000] {logging_mixin.py:190} INFO - [2026-05-02T17:36:25.310+0000] {dagbag.py:588} INFO - Filling up the DagBag from /usr/local/python/3.12.1/lib/python3.12/site-packages/airflow/example_dags/example_python_operator.py
[2026-05-02T17:36:25.321+0000] {processor.py:925} INFO - DAG(s) 'example_python_operator' retrieved from /usr/local/python/3.12.1/lib/python3.12/site-packages/airflow/example_dags/example_python_operator.py
[2026-05-02T17:36:25.337+0000] {logging_mixin.py:190} INFO - [2026-05-02T17:36:25.336+0000] {dag.py:3239} INFO - Sync 1 DAGs
[2026-05-02T17:36:25.349+0000] {logging_mixin.py:190} INFO - [2026-05-02T17:36:25.349+0000] {dag.py:4180} INFO - Setting next_dagrun for example_python_operator to None, run_after=None
[2026-05-02T17:36:25.367+0000] {processor.py:208} INFO - Processing /usr/local/python/3.12.1/lib/python3.12/site-packages/airflow/example_dags/example_python_operator.py took 0.063 seconds
[2026-05-02T17:37:26.968+0000] {processor.py:186} INFO - Started process (PID=67796) to work on /usr/local/python/3.12.1/lib/python3.12/site-packages/airflow/example_dags/example_python_operator.py
[2026-05-02T17:37:26.969+0000] {processor.py:914} INFO - Processing file /usr/local/python/3.12.1/lib/python3.12/site-packages/airflow/example_dags/example_python_operator.py for tasks to queue
[2026-05-02T17:37:26.970+0000] {logging_mixin.py:190} INFO - [2026-05-02T17:37:26.970+0000] {dagbag.py:588} INFO - Filling up the DagBag from /usr/local/python/3.12.1/lib/python3.12/site-packages/airflow/example_dags/example_python_operator.py
[2026-05-02T17:37:26.981+0000] {processor.py:925} INFO - DAG(s) 'example_python_operator' retrieved from /usr/local/python/3.12.1/lib/python3.12/site-packages/airflow/example_dags/example_python_operator.py
[2026-05-02T17:37:26.996+0000] {logging_mixin.py:190} INFO - [2026-05-02T17:37:26.996+0000] {dag.py:3239} INFO - Sync 1 DAGs
[2026-05-02T17:37:27.007+0000] {logging_mixin.py:190} INFO - [2026-05-02T17:37:27.007+0000] {dag.py:4180} INFO - Setting next_dagrun for example_python_operator to None, run_after=None
[2026-05-02T17:37:27.024+0000] {processor.py:208} INFO - Processing /usr/local/python/3.12.1/lib/python3.12/site-packages/airflow/example_dags/example_python_operator.py took 0.061 seconds
[2026-05-02T17:38:30.208+0000] {processor.py:186} INFO - Started process (PID=68457) to work on /usr/local/python/3.12.1/lib/python3.12/site-packages/airflow/example_dags/example_python_operator.py
[2026-05-02T17:38:30.208+0000] {processor.py:914} INFO - Processing file /usr/local/python/3.12.1/lib/python3.12/site-packages/airflow/example_dags/example_python_operator.py for tasks to queue
[2026-05-02T17:38:30.209+0000] {logging_mixin.py:190} INFO - [2026-05-02T17:38:30.209+0000] {dagbag.py:588} INFO - Filling up the DagBag from /usr/local/python/3.12.1/lib/python3.12/site-packages/airflow/example_dags/example_python_operator.py
[2026-05-02T17:38:30.220+0000] {processor.py:925} INFO - DAG(s) 'example_python_operator' retrieved from /usr/local/python/3.12.1/lib/python3.12/site-packages/airflow/example_dags/example_python_operator.py
[2026-05-02T17:38:30.234+0000] {logging_mixin.py:190} INFO - [2026-05-02T17:38:30.234+0000] {dag.py:3239} INFO - Sync 1 DAGs
[2026-05-02T17:38:30.246+0000] {logging_mixin.py:190} INFO - [2026-05-02T17:38:30.246+0000] {dag.py:4180} INFO - Setting next_dagrun for example_python_operator to None, run_after=None
[2026-05-02T17:38:30.265+0000] {processor.py:208} INFO - Processing /usr/local/python/3.12.1/lib/python3.12/site-packages/airflow/example_dags/example_python_operator.py took 0.063 seconds
[2026-05-02T17:39:21.461+0000] {processor.py:186} INFO - Started process (PID=68852) to work on /usr/local/python/3.12.1/lib/python3.12/site-packages/airflow/example_dags/example_python_operator.py
[2026-05-02T17:39:21.462+0000] {processor.py:914} INFO - Processing file /usr/local/python/3.12.1/lib/python3.12/site-packages/airflow/example_dags/example_python_operator.py for tasks to queue
[2026-05-02T17:39:21.462+0000] {logging_mixin.py:190} INFO - [2026-05-02T17:39:21.462+0000] {dagbag.py:588} INFO - Filling up the DagBag from /usr/local/python/3.12.1/lib/python3.12/site-packages/airflow/example_dags/example_python_operator.py
[2026-05-02T17:39:21.473+0000] {processor.py:925} INFO - DAG(s) 'example_python_operator' retrieved from /usr/local/python/3.12.1/lib/python3.12/site-packages/airflow/example_dags/example_python_operator.py
[2026-05-02T17:39:21.493+0000] {logging_mixin.py:190} INFO - [2026-05-02T17:39:21.493+0000] {dag.py:3239} INFO - Sync 1 DAGs
[2026-05-02T17:39:21.513+0000] {logging_mixin.py:190} INFO - [2026-05-02T17:39:21.513+0000] {dag.py:4180} INFO - Setting next_dagrun for example_python_operator to None, run_after=None
[2026-05-02T17:39:21.539+0000] {processor.py:208} INFO - Processing /usr/local/python/3.12.1/lib/python3.12/site-packages/airflow/example_dags/example_python_operator.py took 0.084 seconds
[2026-05-02T17:40:14.752+0000] {processor.py:186} INFO - Started process (PID=69364) to work on /usr/local/python/3.12.1/lib/python3.12/site-packages/airflow/example_dags/example_python_operator.py
[2026-05-02T17:40:14.753+0000] {processor.py:914} INFO - Processing file /usr/local/python/3.12.1/lib/python3.12/site-packages/airflow/example_dags/example_python_operator.py for tasks to queue
[2026-05-02T17:40:14.755+0000] {logging_mixin.py:190} INFO - [2026-05-02T17:40:14.754+0000] {dagbag.py:588} INFO - Filling up the DagBag from /usr/local/python/3.12.1/lib/python3.12/site-packages/airflow/example_dags/example_python_operator.py
[2026-05-02T17:40:14.766+0000] {processor.py:925} INFO - DAG(s) 'example_python_operator' retrieved from /usr/local/python/3.12.1/lib/python3.12/site-packages/airflow/example_dags/example_python_operator.py
[2026-05-02T17:40:14.780+0000] {logging_mixin.py:190} INFO - [2026-05-02T17:40:14.780+0000] {dag.py:3239} INFO - Sync 1 DAGs
[2026-05-02T17:40:14.791+0000] {logging_mixin.py:190} INFO - [2026-05-02T17:40:14.791+0000] {dag.py:4180} INFO - Setting next_dagrun for example_python_operator to None, run_after=None
[2026-05-02T17:40:14.809+0000] {processor.py:208} INFO - Processing /usr/local/python/3.12.1/lib/python3.12/site-packages/airflow/example_dags/example_python_operator.py took 0.063 seconds
[2026-05-02T17:41:10.504+0000] {processor.py:186} INFO - Started process (PID=69869) to work on /usr/local/python/3.12.1/lib/python3.12/site-packages/airflow/example_dags/example_python_operator.py
[2026-05-02T17:41:10.505+0000] {processor.py:914} INFO - Processing file /usr/local/python/3.12.1/lib/python3.12/site-packages/airflow/example_dags/example_python_operator.py for tasks to queue
[2026-05-02T17:41:10.506+0000] {logging_mixin.py:190} INFO - [2026-05-02T17:41:10.506+0000] {dagbag.py:588} INFO - Filling up the DagBag from /usr/local/python/3.12.1/lib/python3.12/site-packages/airflow/example_dags/example_python_operator.py
[2026-05-02T17:41:10.518+0000] {processor.py:925} INFO - DAG(s) 'example_python_operator' retrieved from /usr/local/python/3.12.1/lib/python3.12/site-packages/airflow/example_dags/example_python_operator.py
[2026-05-02T17:41:10.532+0000] {logging_mixin.py:190} INFO - [2026-05-02T17:41:10.532+0000] {dag.py:3239} INFO - Sync 1 DAGs
[2026-05-02T17:41:10.546+0000] {logging_mixin.py:190} INFO - [2026-05-02T17:41:10.546+0000] {dag.py:4180} INFO - Setting next_dagrun for example_python_operator to None, run_after=None
[2026-05-02T17:41:10.566+0000] {processor.py:208} INFO - Processing /usr/local/python/3.12.1/lib/python3.12/site-packages/airflow/example_dags/example_python_operator.py took 0.066 seconds
[2026-05-02T17:42:03.103+0000] {processor.py:186} INFO - Started process (PID=70460) to work on /usr/local/python/3.12.1/lib/python3.12/site-packages/airflow/example_dags/example_python_operator.py
[2026-05-02T17:42:03.103+0000] {processor.py:914} INFO - Processing file /usr/local/python/3.12.1/lib/python3.12/site-packages/airflow/example_dags/example_python_operator.py for tasks to queue
[2026-05-02T17:42:03.104+0000] {logging_mixin.py:190} INFO - [2026-05-02T17:42:03.104+0000] {dagbag.py:588} INFO - Filling up the DagBag from /usr/local/python/3.12.1/lib/python3.12/site-packages/airflow/example_dags/example_python_operator.py
[2026-05-02T17:42:03.115+0000] {processor.py:925} INFO - DAG(s) 'example_python_operator' retrieved from /usr/local/python/3.12.1/lib/python3.12/site-packages/airflow/example_dags/example_python_operator.py
[2026-05-02T17:42:03.134+0000] {logging_mixin.py:190} INFO - [2026-05-02T17:42:03.133+0000] {dag.py:3239} INFO - Sync 1 DAGs
[2026-05-02T17:42:03.148+0000] {logging_mixin.py:190} INFO - [2026-05-02T17:42:03.148+0000] {dag.py:4180} INFO - Setting next_dagrun for example_python_operator to None, run_after=None
[2026-05-02T17:42:03.167+0000] {processor.py:208} INFO - Processing /usr/local/python/3.12.1/lib/python3.12/site-packages/airflow/example_dags/example_python_operator.py took 0.069 seconds
[2026-05-02T17:43:02.681+0000] {processor.py:186} INFO - Started process (PID=71170) to work on /usr/local/python/3.12.1/lib/python3.12/site-packages/airflow/example_dags/example_python_operator.py
[2026-05-02T17:43:02.682+0000] {processor.py:914} INFO - Processing file /usr/local/python/3.12.1/lib/python3.12/site-packages/airflow/example_dags/example_python_operator.py for tasks to queue
[2026-05-02T17:43:02.683+0000] {logging_mixin.py:190} INFO - [2026-05-02T17:43:02.683+0000] {dagbag.py:588} INFO - Filling up the DagBag from /usr/local/python/3.12.1/lib/python3.12/site-packages/airflow/example_dags/example_python_operator.py
[2026-05-02T17:43:02.693+0000] {processor.py:925} INFO - DAG(s) 'example_python_operator' retrieved from /usr/local/python/3.12.1/lib/python3.12/site-packages/airflow/example_dags/example_python_operator.py
[2026-05-02T17:43:02.712+0000] {logging_mixin.py:190} INFO - [2026-05-02T17:43:02.712+0000] {dag.py:3239} INFO - Sync 1 DAGs
[2026-05-02T17:43:02.723+0000] {logging_mixin.py:190} INFO - [2026-05-02T17:43:02.723+0000] {dag.py:4180} INFO - Setting next_dagrun for example_python_operator to None, run_after=None
[2026-05-02T17:43:02.740+0000] {processor.py:208} INFO - Processing /usr/local/python/3.12.1/lib/python3.12/site-packages/airflow/example_dags/example_python_operator.py took 0.063 seconds
[2026-05-02T17:43:59.680+0000] {processor.py:186} INFO - Started process (PID=71693) to work on /usr/local/python/3.12.1/lib/python3.12/site-packages/airflow/example_dags/example_python_operator.py
[2026-05-02T17:43:59.680+0000] {processor.py:914} INFO - Processing file /usr/local/python/3.12.1/lib/python3.12/site-packages/airflow/example_dags/example_python_operator.py for tasks to queue
[2026-05-02T17:43:59.681+0000] {logging_mixin.py:190} INFO - [2026-05-02T17:43:59.681+0000] {dagbag.py:588} INFO - Filling up the DagBag from /usr/local/python/3.12.1/lib/python3.12/site-packages/airflow/example_dags/example_python_operator.py
[2026-05-02T17:43:59.691+0000] {processor.py:925} INFO - DAG(s) 'example_python_operator' retrieved from /usr/local/python/3.12.1/lib/python3.12/site-packages/airflow/example_dags/example_python_operator.py
[2026-05-02T17:43:59.705+0000] {logging_mixin.py:190} INFO - [2026-05-02T17:43:59.705+0000] {dag.py:3239} INFO - Sync 1 DAGs
[2026-05-02T17:43:59.716+0000] {logging_mixin.py:190} INFO - [2026-05-02T17:43:59.716+0000] {dag.py:4180} INFO - Setting next_dagrun for example_python_operator to None, run_after=None
[2026-05-02T17:43:59.739+0000] {processor.py:208} INFO - Processing /usr/local/python/3.12.1/lib/python3.12/site-packages/airflow/example_dags/example_python_operator.py took 0.064 seconds
[2026-05-02T17:44:49.272+0000] {processor.py:186} INFO - Started process (PID=72205) to work on /usr/local/python/3.12.1/lib/python3.12/site-packages/airflow/example_dags/example_python_operator.py
[2026-05-02T17:44:49.272+0000] {processor.py:914} INFO - Processing file /usr/local/python/3.12.1/lib/python3.12/site-packages/airflow/example_dags/example_python_operator.py for tasks to queue
[2026-05-02T17:44:49.273+0000] {logging_mixin.py:190} INFO - [2026-05-02T17:44:49.273+0000] {dagbag.py:588} INFO - Filling up the DagBag from /usr/local/python/3.12.1/lib/python3.12/site-packages/airflow/example_dags/example_python_operator.py
[2026-05-02T17:44:49.284+0000] {processor.py:925} INFO - DAG(s) 'example_python_operator' retrieved from /usr/local/python/3.12.1/lib/python3.12/site-packages/airflow/example_dags/example_python_operator.py
[2026-05-02T17:44:49.298+0000] {logging_mixin.py:190} INFO - [2026-05-02T17:44:49.297+0000] {dag.py:3239} INFO - Sync 1 DAGs
[2026-05-02T17:44:49.308+0000] {logging_mixin.py:190} INFO - [2026-05-02T17:44:49.308+0000] {dag.py:4180} INFO - Setting next_dagrun for example_python_operator to None, run_after=None
[2026-05-02T17:44:49.325+0000] {processor.py:208} INFO - Processing /usr/local/python/3.12.1/lib/python3.12/site-packages/airflow/example_dags/example_python_operator.py took 0.058 seconds
[2026-05-02T17:45:46.627+0000] {processor.py:186} INFO - Started process (PID=73158) to work on /usr/local/python/3.12.1/lib/python3.12/site-packages/airflow/example_dags/example_python_operator.py
[2026-05-02T17:45:46.628+0000] {processor.py:914} INFO - Processing file /usr/local/python/3.12.1/lib/python3.12/site-packages/airflow/example_dags/example_python_operator.py for tasks to queue
[2026-05-02T17:45:46.629+0000] {logging_mixin.py:190} INFO - [2026-05-02T17:45:46.628+0000] {dagbag.py:588} INFO - Filling up the DagBag from /usr/local/python/3.12.1/lib/python3.12/site-packages/airflow/example_dags/example_python_operator.py
[2026-05-02T17:45:46.639+0000] {processor.py:925} INFO - DAG(s) 'example_python_operator' retrieved from /usr/local/python/3.12.1/lib/python3.12/site-packages/airflow/example_dags/example_python_operator.py
[2026-05-02T17:45:46.658+0000] {logging_mixin.py:190} INFO - [2026-05-02T17:45:46.658+0000] {dag.py:3239} INFO - Sync 1 DAGs
[2026-05-02T17:45:46.669+0000] {logging_mixin.py:190} INFO - [2026-05-02T17:45:46.669+0000] {dag.py:4180} INFO - Setting next_dagrun for example_python_operator to None, run_after=None
[2026-05-02T17:45:46.687+0000] {processor.py:208} INFO - Processing /usr/local/python/3.12.1/lib/python3.12/site-packages/airflow/example_dags/example_python_operator.py took 0.065 seconds
[2026-05-02T17:46:46.015+0000] {processor.py:186} INFO - Started process (PID=73732) to work on /usr/local/python/3.12.1/lib/python3.12/site-packages/airflow/example_dags/example_python_operator.py
[2026-05-02T17:46:46.015+0000] {processor.py:914} INFO - Processing file /usr/local/python/3.12.1/lib/python3.12/site-packages/airflow/example_dags/example_python_operator.py for tasks to queue
[2026-05-02T17:46:46.016+0000] {logging_mixin.py:190} INFO - [2026-05-02T17:46:46.016+0000] {dagbag.py:588} INFO - Filling up the DagBag from /usr/local/python/3.12.1/lib/python3.12/site-packages/airflow/example_dags/example_python_operator.py
[2026-05-02T17:46:46.029+0000] {processor.py:925} INFO - DAG(s) 'example_python_operator' retrieved from /usr/local/python/3.12.1/lib/python3.12/site-packages/airflow/example_dags/example_python_operator.py
[2026-05-02T17:46:46.044+0000] {logging_mixin.py:190} INFO - [2026-05-02T17:46:46.044+0000] {dag.py:3239} INFO - Sync 1 DAGs
[2026-05-02T17:46:46.059+0000] {logging_mixin.py:190} INFO - [2026-05-02T17:46:46.059+0000] {dag.py:4180} INFO - Setting next_dagrun for example_python_operator to None, run_after=None
[2026-05-02T17:46:46.078+0000] {processor.py:208} INFO - Processing /usr/local/python/3.12.1/lib/python3.12/site-packages/airflow/example_dags/example_python_operator.py took 0.067 seconds
[2026-05-02T17:47:48.849+0000] {processor.py:186} INFO - Started process (PID=74510) to work on /usr/local/python/3.12.1/lib/python3.12/site-packages/airflow/example_dags/example_python_operator.py
[2026-05-02T17:47:48.849+0000] {processor.py:914} INFO - Processing file /usr/local/python/3.12.1/lib/python3.12/site-packages/airflow/example_dags/example_python_operator.py for tasks to queue
[2026-05-02T17:47:48.851+0000] {logging_mixin.py:190} INFO - [2026-05-02T17:47:48.850+0000] {dagbag.py:588} INFO - Filling up the DagBag from /usr/local/python/3.12.1/lib/python3.12/site-packages/airflow/example_dags/example_python_operator.py
[2026-05-02T17:47:48.864+0000] {processor.py:925} INFO - DAG(s) 'example_python_operator' retrieved from /usr/local/python/3.12.1/lib/python3.12/site-packages/airflow/example_dags/example_python_operator.py
[2026-05-02T17:47:48.878+0000] {logging_mixin.py:190} INFO - [2026-05-02T17:47:48.878+0000] {dag.py:3239} INFO - Sync 1 DAGs
[2026-05-02T17:47:48.888+0000] {logging_mixin.py:190} INFO - [2026-05-02T17:47:48.888+0000] {dag.py:4180} INFO - Setting next_dagrun for example_python_operator to None, run_after=None
[2026-05-02T17:47:48.907+0000] {processor.py:208} INFO - Processing /usr/local/python/3.12.1/lib/python3.12/site-packages/airflow/example_dags/example_python_operator.py took 0.064 seconds
[2026-05-02T17:48:42.416+0000] {processor.py:186} INFO - Started process (PID=75043) to work on /usr/local/python/3.12.1/lib/python3.12/site-packages/airflow/example_dags/example_python_operator.py
[2026-05-02T17:48:42.416+0000] {processor.py:914} INFO - Processing file /usr/local/python/3.12.1/lib/python3.12/site-packages/airflow/example_dags/example_python_operator.py for tasks to queue
[2026-05-02T17:48:42.418+0000] {logging_mixin.py:190} INFO - [2026-05-02T17:48:42.417+0000] {dagbag.py:588} INFO - Filling up the DagBag from /usr/local/python/3.12.1/lib/python3.12/site-packages/airflow/example_dags/example_python_operator.py
[2026-05-02T17:48:42.433+0000] {processor.py:925} INFO - DAG(s) 'example_python_operator' retrieved from /usr/local/python/3.12.1/lib/python3.12/site-packages/airflow/example_dags/example_python_operator.py
[2026-05-02T17:48:42.458+0000] {logging_mixin.py:190} INFO - [2026-05-02T17:48:42.457+0000] {dag.py:3239} INFO - Sync 1 DAGs
[2026-05-02T17:48:42.481+0000] {logging_mixin.py:190} INFO - [2026-05-02T17:48:42.481+0000] {dag.py:4180} INFO - Setting next_dagrun for example_python_operator to None, run_after=None
[2026-05-02T17:48:42.504+0000] {processor.py:208} INFO - Processing /usr/local/python/3.12.1/lib/python3.12/site-packages/airflow/example_dags/example_python_operator.py took 0.093 seconds
[2026-05-02T17:49:44.878+0000] {processor.py:186} INFO - Started process (PID=75903) to work on /usr/local/python/3.12.1/lib/python3.12/site-packages/airflow/example_dags/example_python_operator.py
[2026-05-02T17:49:44.879+0000] {processor.py:914} INFO - Processing file /usr/local/python/3.12.1/lib/python3.12/site-packages/airflow/example_dags/example_python_operator.py for tasks to queue
[2026-05-02T17:49:44.880+0000] {logging_mixin.py:190} INFO - [2026-05-02T17:49:44.880+0000] {dagbag.py:588} INFO - Filling up the DagBag from /usr/local/python/3.12.1/lib/python3.12/site-packages/airflow/example_dags/example_python_operator.py
[2026-05-02T17:49:44.895+0000] {processor.py:925} INFO - DAG(s) 'example_python_operator' retrieved from /usr/local/python/3.12.1/lib/python3.12/site-packages/airflow/example_dags/example_python_operator.py
[2026-05-02T17:49:44.914+0000] {logging_mixin.py:190} INFO - [2026-05-02T17:49:44.914+0000] {dag.py:3239} INFO - Sync 1 DAGs
[2026-05-02T17:49:44.935+0000] {logging_mixin.py:190} INFO - [2026-05-02T17:49:44.935+0000] {dag.py:4180} INFO - Setting next_dagrun for example_python_operator to None, run_after=None
[2026-05-02T17:49:44.964+0000] {processor.py:208} INFO - Processing /usr/local/python/3.12.1/lib/python3.12/site-packages/airflow/example_dags/example_python_operator.py took 0.092 seconds
[2026-05-02T17:51:01.909+0000] {processor.py:186} INFO - Started process (PID=77184) to work on /usr/local/python/3.12.1/lib/python3.12/site-packages/airflow/example_dags/example_python_operator.py
[2026-05-02T17:51:01.910+0000] {processor.py:914} INFO - Processing file /usr/local/python/3.12.1/lib/python3.12/site-packages/airflow/example_dags/example_python_operator.py for tasks to queue
[2026-05-02T17:51:01.911+0000] {logging_mixin.py:190} INFO - [2026-05-02T17:51:01.911+0000] {dagbag.py:588} INFO - Filling up the DagBag from /usr/local/python/3.12.1/lib/python3.12/site-packages/airflow/example_dags/example_python_operator.py
[2026-05-02T17:51:01.922+0000] {processor.py:925} INFO - DAG(s) 'example_python_operator' retrieved from /usr/local/python/3.12.1/lib/python3.12/site-packages/airflow/example_dags/example_python_operator.py
[2026-05-02T17:51:01.935+0000] {logging_mixin.py:190} INFO - [2026-05-02T17:51:01.935+0000] {dag.py:3239} INFO - Sync 1 DAGs
[2026-05-02T17:51:01.947+0000] {logging_mixin.py:190} INFO - [2026-05-02T17:51:01.947+0000] {dag.py:4180} INFO - Setting next_dagrun for example_python_operator to None, run_after=None
[2026-05-02T17:51:01.967+0000] {processor.py:208} INFO - Processing /usr/local/python/3.12.1/lib/python3.12/site-packages/airflow/example_dags/example_python_operator.py took 0.062 seconds
[2026-05-02T17:51:58.726+0000] {processor.py:186} INFO - Started process (PID=77693) to work on /usr/local/python/3.12.1/lib/python3.12/site-packages/airflow/example_dags/example_python_operator.py
[2026-05-02T17:51:58.726+0000] {processor.py:914} INFO - Processing file /usr/local/python/3.12.1/lib/python3.12/site-packages/airflow/example_dags/example_python_operator.py for tasks to queue
[2026-05-02T17:51:58.727+0000] {logging_mixin.py:190} INFO - [2026-05-02T17:51:58.727+0000] {dagbag.py:588} INFO - Filling up the DagBag from /usr/local/python/3.12.1/lib/python3.12/site-packages/airflow/example_dags/example_python_operator.py
[2026-05-02T17:51:58.737+0000] {processor.py:925} INFO - DAG(s) 'example_python_operator' retrieved from /usr/local/python/3.12.1/lib/python3.12/site-packages/airflow/example_dags/example_python_operator.py
[2026-05-02T17:51:58.757+0000] {logging_mixin.py:190} INFO - [2026-05-02T17:51:58.756+0000] {dag.py:3239} INFO - Sync 1 DAGs
[2026-05-02T17:51:58.770+0000] {logging_mixin.py:190} INFO - [2026-05-02T17:51:58.769+0000] {dag.py:4180} INFO - Setting next_dagrun for example_python_operator to None, run_after=None
[2026-05-02T17:51:58.787+0000] {processor.py:208} INFO - Processing /usr/local/python/3.12.1/lib/python3.12/site-packages/airflow/example_dags/example_python_operator.py took 0.066 seconds
[2026-05-02T17:52:51.672+0000] {processor.py:186} INFO - Started process (PID=78462) to work on /usr/local/python/3.12.1/lib/python3.12/site-packages/airflow/example_dags/example_python_operator.py
[2026-05-02T17:52:51.673+0000] {processor.py:914} INFO - Processing file /usr/local/python/3.12.1/lib/python3.12/site-packages/airflow/example_dags/example_python_operator.py for tasks to queue
[2026-05-02T17:52:51.674+0000] {logging_mixin.py:190} INFO - [2026-05-02T17:52:51.674+0000] {dagbag.py:588} INFO - Filling up the DagBag from /usr/local/python/3.12.1/lib/python3.12/site-packages/airflow/example_dags/example_python_operator.py
[2026-05-02T17:52:51.684+0000] {processor.py:925} INFO - DAG(s) 'example_python_operator' retrieved from /usr/local/python/3.12.1/lib/python3.12/site-packages/airflow/example_dags/example_python_operator.py
[2026-05-02T17:52:51.698+0000] {logging_mixin.py:190} INFO - [2026-05-02T17:52:51.698+0000] {dag.py:3239} INFO - Sync 1 DAGs
[2026-05-02T17:52:51.710+0000] {logging_mixin.py:190} INFO - [2026-05-02T17:52:51.709+0000] {dag.py:4180} INFO - Setting next_dagrun for example_python_operator to None, run_after=None
[2026-05-02T17:52:51.727+0000] {processor.py:208} INFO - Processing /usr/local/python/3.12.1/lib/python3.12/site-packages/airflow/example_dags/example_python_operator.py took 0.059 seconds
[2026-05-02T17:53:57.810+0000] {processor.py:186} INFO - Started process (PID=79624) to work on /usr/local/python/3.12.1/lib/python3.12/site-packages/airflow/example_dags/example_python_operator.py
[2026-05-02T17:53:57.810+0000] {processor.py:914} INFO - Processing file /usr/local/python/3.12.1/lib/python3.12/site-packages/airflow/example_dags/example_python_operator.py for tasks to queue
[2026-05-02T17:53:57.811+0000] {logging_mixin.py:190} INFO - [2026-05-02T17:53:57.811+0000] {dagbag.py:588} INFO - Filling up the DagBag from /usr/local/python/3.12.1/lib/python3.12/site-packages/airflow/example_dags/example_python_operator.py
[2026-05-02T17:53:57.822+0000] {processor.py:925} INFO - DAG(s) 'example_python_operator' retrieved from /usr/local/python/3.12.1/lib/python3.12/site-packages/airflow/example_dags/example_python_operator.py
[2026-05-02T17:53:57.836+0000] {logging_mixin.py:190} INFO - [2026-05-02T17:53:57.836+0000] {dag.py:3239} INFO - Sync 1 DAGs
[2026-05-02T17:53:57.848+0000] {logging_mixin.py:190} INFO - [2026-05-02T17:53:57.848+0000] {dag.py:4180} INFO - Setting next_dagrun for example_python_operator to None, run_after=None
[2026-05-02T17:53:57.868+0000] {processor.py:208} INFO - Processing /usr/local/python/3.12.1/lib/python3.12/site-packages/airflow/example_dags/example_python_operator.py took 0.063 seconds
[2026-05-02T17:55:06.680+0000] {processor.py:186} INFO - Started process (PID=80491) to work on /usr/local/python/3.12.1/lib/python3.12/site-packages/airflow/example_dags/example_python_operator.py
[2026-05-02T17:55:06.685+0000] {processor.py:914} INFO - Processing file /usr/local/python/3.12.1/lib/python3.12/site-packages/airflow/example_dags/example_python_operator.py for tasks to queue
[2026-05-02T17:55:06.688+0000] {logging_mixin.py:190} INFO - [2026-05-02T17:55:06.688+0000] {dagbag.py:588} INFO - Filling up the DagBag from /usr/local/python/3.12.1/lib/python3.12/site-packages/airflow/example_dags/example_python_operator.py
[2026-05-02T17:55:06.739+0000] {processor.py:925} INFO - DAG(s) 'example_python_operator' retrieved from /usr/local/python/3.12.1/lib/python3.12/site-packages/airflow/example_dags/example_python_operator.py
[2026-05-02T17:55:06.784+0000] {logging_mixin.py:190} INFO - [2026-05-02T17:55:06.784+0000] {dag.py:3239} INFO - Sync 1 DAGs
[2026-05-02T17:55:06.804+0000] {logging_mixin.py:190} INFO - [2026-05-02T17:55:06.804+0000] {dag.py:4180} INFO - Setting next_dagrun for example_python_operator to None, run_after=None
[2026-05-02T17:55:06.829+0000] {processor.py:208} INFO - Processing /usr/local/python/3.12.1/lib/python3.12/site-packages/airflow/example_dags/example_python_operator.py took 0.160 seconds
[2026-05-02T17:56:17.918+0000] {processor.py:186} INFO - Started process (PID=81393) to work on /usr/local/python/3.12.1/lib/python3.12/site-packages/airflow/example_dags/example_python_operator.py
[2026-05-02T17:56:17.919+0000] {processor.py:914} INFO - Processing file /usr/local/python/3.12.1/lib/python3.12/site-packages/airflow/example_dags/example_python_operator.py for tasks to queue
[2026-05-02T17:56:17.920+0000] {logging_mixin.py:190} INFO - [2026-05-02T17:56:17.920+0000] {dagbag.py:588} INFO - Filling up the DagBag from /usr/local/python/3.12.1/lib/python3.12/site-packages/airflow/example_dags/example_python_operator.py
[2026-05-02T17:56:17.930+0000] {processor.py:925} INFO - DAG(s) 'example_python_operator' retrieved from /usr/local/python/3.12.1/lib/python3.12/site-packages/airflow/example_dags/example_python_operator.py
[2026-05-02T17:56:17.945+0000] {logging_mixin.py:190} INFO - [2026-05-02T17:56:17.945+0000] {dag.py:3239} INFO - Sync 1 DAGs
[2026-05-02T17:56:17.959+0000] {logging_mixin.py:190} INFO - [2026-05-02T17:56:17.959+0000] {dag.py:4180} INFO - Setting next_dagrun for example_python_operator to None, run_after=None
[2026-05-02T17:56:17.976+0000] {processor.py:208} INFO - Processing /usr/local/python/3.12.1/lib/python3.12/site-packages/airflow/example_dags/example_python_operator.py took 0.062 seconds
[2026-05-02T17:57:14.000+0000] {processor.py:186} INFO - Started process (PID=82132) to work on /usr/local/python/3.12.1/lib/python3.12/site-packages/airflow/example_dags/example_python_operator.py
[2026-05-02T17:57:14.001+0000] {processor.py:914} INFO - Processing file /usr/local/python/3.12.1/lib/python3.12/site-packages/airflow/example_dags/example_python_operator.py for tasks to queue
[2026-05-02T17:57:14.002+0000] {logging_mixin.py:190} INFO - [2026-05-02T17:57:14.002+0000] {dagbag.py:588} INFO - Filling up the DagBag from /usr/local/python/3.12.1/lib/python3.12/site-packages/airflow/example_dags/example_python_operator.py
[2026-05-02T17:57:14.012+0000] {processor.py:925} INFO - DAG(s) 'example_python_operator' retrieved from /usr/local/python/3.12.1/lib/python3.12/site-packages/airflow/example_dags/example_python_operator.py
[2026-05-02T17:57:14.026+0000] {logging_mixin.py:190} INFO - [2026-05-02T17:57:14.026+0000] {dag.py:3239} INFO - Sync 1 DAGs
[2026-05-02T17:57:14.036+0000] {logging_mixin.py:190} INFO - [2026-05-02T17:57:14.036+0000] {dag.py:4180} INFO - Setting next_dagrun for example_python_operator to None, run_after=None
[2026-05-02T17:57:14.056+0000] {processor.py:208} INFO - Processing /usr/local/python/3.12.1/lib/python3.12/site-packages/airflow/example_dags/example_python_operator.py took 0.060 seconds
[2026-05-02T17:58:27.483+0000] {processor.py:186} INFO - Started process (PID=83741) to work on /usr/local/python/3.12.1/lib/python3.12/site-packages/airflow/example_dags/example_python_operator.py
[2026-05-02T17:58:27.485+0000] {processor.py:914} INFO - Processing file /usr/local/python/3.12.1/lib/python3.12/site-packages/airflow/example_dags/example_python_operator.py for tasks to queue
[2026-05-02T17:58:27.488+0000] {logging_mixin.py:190} INFO - [2026-05-02T17:58:27.486+0000] {dagbag.py:588} INFO - Filling up the DagBag from /usr/local/python/3.12.1/lib/python3.12/site-packages/airflow/example_dags/example_python_operator.py
[2026-05-02T17:58:27.499+0000] {processor.py:925} INFO - DAG(s) 'example_python_operator' retrieved from /usr/local/python/3.12.1/lib/python3.12/site-packages/airflow/example_dags/example_python_operator.py
[2026-05-02T17:58:27.514+0000] {logging_mixin.py:190} INFO - [2026-05-02T17:58:27.513+0000] {dag.py:3239} INFO - Sync 1 DAGs
[2026-05-02T17:58:27.524+0000] {logging_mixin.py:190} INFO - [2026-05-02T17:58:27.524+0000] {dag.py:4180} INFO - Setting next_dagrun for example_python_operator to None, run_after=None
[2026-05-02T17:58:27.541+0000] {processor.py:208} INFO - Processing /usr/local/python/3.12.1/lib/python3.12/site-packages/airflow/example_dags/example_python_operator.py took 0.062 seconds
[2026-05-02T17:59:26.965+0000] {processor.py:186} INFO - Started process (PID=84330) to work on /usr/local/python/3.12.1/lib/python3.12/site-packages/airflow/example_dags/example_python_operator.py
[2026-05-02T17:59:26.968+0000] {processor.py:914} INFO - Processing file /usr/local/python/3.12.1/lib/python3.12/site-packages/airflow/example_dags/example_python_operator.py for tasks to queue
[2026-05-02T17:59:26.969+0000] {logging_mixin.py:190} INFO - [2026-05-02T17:59:26.969+0000] {dagbag.py:588} INFO - Filling up the DagBag from /usr/local/python/3.12.1/lib/python3.12/site-packages/airflow/example_dags/example_python_operator.py
[2026-05-02T17:59:26.990+0000] {processor.py:925} INFO - DAG(s) 'example_python_operator' retrieved from /usr/local/python/3.12.1/lib/python3.12/site-packages/airflow/example_dags/example_python_operator.py
[2026-05-02T17:59:27.013+0000] {logging_mixin.py:190} INFO - [2026-05-02T17:59:27.012+0000] {dag.py:3239} INFO - Sync 1 DAGs
[2026-05-02T17:59:27.029+0000] {logging_mixin.py:190} INFO - [2026-05-02T17:59:27.029+0000] {dag.py:4180} INFO - Setting next_dagrun for example_python_operator to None, run_after=None
[2026-05-02T17:59:27.076+0000] {processor.py:208} INFO - Processing /usr/local/python/3.12.1/lib/python3.12/site-packages/airflow/example_dags/example_python_operator.py took 0.118 seconds
[2026-05-02T18:00:29.254+0000] {processor.py:186} INFO - Started process (PID=85140) to work on /usr/local/python/3.12.1/lib/python3.12/site-packages/airflow/example_dags/example_python_operator.py
[2026-05-02T18:00:29.259+0000] {processor.py:914} INFO - Processing file /usr/local/python/3.12.1/lib/python3.12/site-packages/airflow/example_dags/example_python_operator.py for tasks to queue
[2026-05-02T18:00:29.260+0000] {logging_mixin.py:190} INFO - [2026-05-02T18:00:29.260+0000] {dagbag.py:588} INFO - Filling up the DagBag from /usr/local/python/3.12.1/lib/python3.12/site-packages/airflow/example_dags/example_python_operator.py
[2026-05-02T18:00:29.271+0000] {processor.py:925} INFO - DAG(s) 'example_python_operator' retrieved from /usr/local/python/3.12.1/lib/python3.12/site-packages/airflow/example_dags/example_python_operator.py
[2026-05-02T18:00:29.286+0000] {logging_mixin.py:190} INFO - [2026-05-02T18:00:29.285+0000] {dag.py:3239} INFO - Sync 1 DAGs
[2026-05-02T18:00:29.301+0000] {logging_mixin.py:190} INFO - [2026-05-02T18:00:29.301+0000] {dag.py:4180} INFO - Setting next_dagrun for example_python_operator to None, run_after=None
[2026-05-02T18:00:29.333+0000] {processor.py:208} INFO - Processing /usr/local/python/3.12.1/lib/python3.12/site-packages/airflow/example_dags/example_python_operator.py took 0.084 seconds
[2026-05-02T18:01:29.276+0000] {processor.py:186} INFO - Started process (PID=85821) to work on /usr/local/python/3.12.1/lib/python3.12/site-packages/airflow/example_dags/example_python_operator.py
[2026-05-02T18:01:29.277+0000] {processor.py:914} INFO - Processing file /usr/local/python/3.12.1/lib/python3.12/site-packages/airflow/example_dags/example_python_operator.py for tasks to queue
[2026-05-02T18:01:29.278+0000] {logging_mixin.py:190} INFO - [2026-05-02T18:01:29.278+0000] {dagbag.py:588} INFO - Filling up the DagBag from /usr/local/python/3.12.1/lib/python3.12/site-packages/airflow/example_dags/example_python_operator.py
[2026-05-02T18:01:29.289+0000] {processor.py:925} INFO - DAG(s) 'example_python_operator' retrieved from /usr/local/python/3.12.1/lib/python3.12/site-packages/airflow/example_dags/example_python_operator.py
[2026-05-02T18:01:29.308+0000] {logging_mixin.py:190} INFO - [2026-05-02T18:01:29.308+0000] {dag.py:3239} INFO - Sync 1 DAGs
[2026-05-02T18:01:29.321+0000] {logging_mixin.py:190} INFO - [2026-05-02T18:01:29.321+0000] {dag.py:4180} INFO - Setting next_dagrun for example_python_operator to None, run_after=None
[2026-05-02T18:01:29.338+0000] {processor.py:208} INFO - Processing /usr/local/python/3.12.1/lib/python3.12/site-packages/airflow/example_dags/example_python_operator.py took 0.066 seconds
[2026-05-02T18:02:17.509+0000] {processor.py:186} INFO - Started process (PID=86439) to work on /usr/local/python/3.12.1/lib/python3.12/site-packages/airflow/example_dags/example_python_operator.py
[2026-05-02T18:02:17.510+0000] {processor.py:914} INFO - Processing file /usr/local/python/3.12.1/lib/python3.12/site-packages/airflow/example_dags/example_python_operator.py for tasks to queue
[2026-05-02T18:02:17.511+0000] {logging_mixin.py:190} INFO - [2026-05-02T18:02:17.510+0000] {dagbag.py:588} INFO - Filling up the DagBag from /usr/local/python/3.12.1/lib/python3.12/site-packages/airflow/example_dags/example_python_operator.py
[2026-05-02T18:02:17.521+0000] {processor.py:925} INFO - DAG(s) 'example_python_operator' retrieved from /usr/local/python/3.12.1/lib/python3.12/site-packages/airflow/example_dags/example_python_operator.py
[2026-05-02T18:02:17.535+0000] {logging_mixin.py:190} INFO - [2026-05-02T18:02:17.535+0000] {dag.py:3239} INFO - Sync 1 DAGs
[2026-05-02T18:02:17.548+0000] {logging_mixin.py:190} INFO - [2026-05-02T18:02:17.547+0000] {dag.py:4180} INFO - Setting next_dagrun for example_python_operator to None, run_after=None
[2026-05-02T18:02:17.566+0000] {processor.py:208} INFO - Processing /usr/local/python/3.12.1/lib/python3.12/site-packages/airflow/example_dags/example_python_operator.py took 0.061 seconds
[2026-05-02T18:03:16.259+0000] {processor.py:186} INFO - Started process (PID=87508) to work on /usr/local/python/3.12.1/lib/python3.12/site-packages/airflow/example_dags/example_python_operator.py
[2026-05-02T18:03:16.259+0000] {processor.py:914} INFO - Processing file /usr/local/python/3.12.1/lib/python3.12/site-packages/airflow/example_dags/example_python_operator.py for tasks to queue
[2026-05-02T18:03:16.261+0000] {logging_mixin.py:190} INFO - [2026-05-02T18:03:16.260+0000] {dagbag.py:588} INFO - Filling up the DagBag from /usr/local/python/3.12.1/lib/python3.12/site-packages/airflow/example_dags/example_python_operator.py
[2026-05-02T18:03:16.271+0000] {processor.py:925} INFO - DAG(s) 'example_python_operator' retrieved from /usr/local/python/3.12.1/lib/python3.12/site-packages/airflow/example_dags/example_python_operator.py
[2026-05-02T18:03:16.290+0000] {logging_mixin.py:190} INFO - [2026-05-02T18:03:16.290+0000] {dag.py:3239} INFO - Sync 1 DAGs
[2026-05-02T18:03:16.302+0000] {logging_mixin.py:190} INFO - [2026-05-02T18:03:16.302+0000] {dag.py:4180} INFO - Setting next_dagrun for example_python_operator to None, run_after=None
[2026-05-02T18:03:16.318+0000] {processor.py:208} INFO - Processing /usr/local/python/3.12.1/lib/python3.12/site-packages/airflow/example_dags/example_python_operator.py took 0.066 seconds
[2026-05-02T18:04:24.995+0000] {processor.py:186} INFO - Started process (PID=88447) to work on /usr/local/python/3.12.1/lib/python3.12/site-packages/airflow/example_dags/example_python_operator.py
[2026-05-02T18:04:24.996+0000] {processor.py:914} INFO - Processing file /usr/local/python/3.12.1/lib/python3.12/site-packages/airflow/example_dags/example_python_operator.py for tasks to queue
[2026-05-02T18:04:24.997+0000] {logging_mixin.py:190} INFO - [2026-05-02T18:04:24.997+0000] {dagbag.py:588} INFO - Filling up the DagBag from /usr/local/python/3.12.1/lib/python3.12/site-packages/airflow/example_dags/example_python_operator.py
[2026-05-02T18:04:25.008+0000] {processor.py:925} INFO - DAG(s) 'example_python_operator' retrieved from /usr/local/python/3.12.1/lib/python3.12/site-packages/airflow/example_dags/example_python_operator.py
[2026-05-02T18:04:25.022+0000] {logging_mixin.py:190} INFO - [2026-05-02T18:04:25.022+0000] {dag.py:3239} INFO - Sync 1 DAGs
[2026-05-02T18:04:25.035+0000] {logging_mixin.py:190} INFO - [2026-05-02T18:04:25.035+0000] {dag.py:4180} INFO - Setting next_dagrun for example_python_operator to None, run_after=None
[2026-05-02T18:04:25.057+0000] {processor.py:208} INFO - Processing /usr/local/python/3.12.1/lib/python3.12/site-packages/airflow/example_dags/example_python_operator.py took 0.066 seconds
[2026-05-02T18:05:18.617+0000] {processor.py:186} INFO - Started process (PID=89042) to work on /usr/local/python/3.12.1/lib/python3.12/site-packages/airflow/example_dags/example_python_operator.py
[2026-05-02T18:05:18.618+0000] {processor.py:914} INFO - Processing file /usr/local/python/3.12.1/lib/python3.12/site-packages/airflow/example_dags/example_python_operator.py for tasks to queue
[2026-05-02T18:05:18.619+0000] {logging_mixin.py:190} INFO - [2026-05-02T18:05:18.619+0000] {dagbag.py:588} INFO - Filling up the DagBag from /usr/local/python/3.12.1/lib/python3.12/site-packages/airflow/example_dags/example_python_operator.py
[2026-05-02T18:05:18.632+0000] {processor.py:925} INFO - DAG(s) 'example_python_operator' retrieved from /usr/local/python/3.12.1/lib/python3.12/site-packages/airflow/example_dags/example_python_operator.py
[2026-05-02T18:05:18.651+0000] {logging_mixin.py:190} INFO - [2026-05-02T18:05:18.651+0000] {dag.py:3239} INFO - Sync 1 DAGs
[2026-05-02T18:05:18.663+0000] {logging_mixin.py:190} INFO - [2026-05-02T18:05:18.663+0000] {dag.py:4180} INFO - Setting next_dagrun for example_python_operator to None, run_after=None
[2026-05-02T18:05:18.682+0000] {processor.py:208} INFO - Processing /usr/local/python/3.12.1/lib/python3.12/site-packages/airflow/example_dags/example_python_operator.py took 0.070 seconds
[2026-05-02T18:06:15.398+0000] {processor.py:186} INFO - Started process (PID=89587) to work on /usr/local/python/3.12.1/lib/python3.12/site-packages/airflow/example_dags/example_python_operator.py
[2026-05-02T18:06:15.399+0000] {processor.py:914} INFO - Processing file /usr/local/python/3.12.1/lib/python3.12/site-packages/airflow/example_dags/example_python_operator.py for tasks to queue
[2026-05-02T18:06:15.400+0000] {logging_mixin.py:190} INFO - [2026-05-02T18:06:15.399+0000] {dagbag.py:588} INFO - Filling up the DagBag from /usr/local/python/3.12.1/lib/python3.12/site-packages/airflow/example_dags/example_python_operator.py
[2026-05-02T18:06:15.410+0000] {processor.py:925} INFO - DAG(s) 'example_python_operator' retrieved from /usr/local/python/3.12.1/lib/python3.12/site-packages/airflow/example_dags/example_python_operator.py
[2026-05-02T18:06:15.429+0000] {logging_mixin.py:190} INFO - [2026-05-02T18:06:15.429+0000] {dag.py:3239} INFO - Sync 1 DAGs
[2026-05-02T18:06:15.439+0000] {logging_mixin.py:190} INFO - [2026-05-02T18:06:15.439+0000] {dag.py:4180} INFO - Setting next_dagrun for example_python_operator to None, run_after=None
[2026-05-02T18:06:15.473+0000] {processor.py:208} INFO - Processing /usr/local/python/3.12.1/lib/python3.12/site-packages/airflow/example_dags/example_python_operator.py took 0.081 seconds
[2026-05-02T18:07:06.126+0000] {processor.py:186} INFO - Started process (PID=90362) to work on /usr/local/python/3.12.1/lib/python3.12/site-packages/airflow/example_dags/example_python_operator.py
[2026-05-02T18:07:06.127+0000] {processor.py:914} INFO - Processing file /usr/local/python/3.12.1/lib/python3.12/site-packages/airflow/example_dags/example_python_operator.py for tasks to queue
[2026-05-02T18:07:06.128+0000] {logging_mixin.py:190} INFO - [2026-05-02T18:07:06.127+0000] {dagbag.py:588} INFO - Filling up the DagBag from /usr/local/python/3.12.1/lib/python3.12/site-packages/airflow/example_dags/example_python_operator.py
[2026-05-02T18:07:06.138+0000] {processor.py:925} INFO - DAG(s) 'example_python_operator' retrieved from /usr/local/python/3.12.1/lib/python3.12/site-packages/airflow/example_dags/example_python_operator.py
[2026-05-02T18:07:06.159+0000] {logging_mixin.py:190} INFO - [2026-05-02T18:07:06.158+0000] {dag.py:3239} INFO - Sync 1 DAGs
[2026-05-02T18:07:06.170+0000] {logging_mixin.py:190} INFO - [2026-05-02T18:07:06.170+0000] {dag.py:4180} INFO - Setting next_dagrun for example_python_operator to None, run_after=None
[2026-05-02T18:07:06.187+0000] {processor.py:208} INFO - Processing /usr/local/python/3.12.1/lib/python3.12/site-packages/airflow/example_dags/example_python_operator.py took 0.066 seconds
[2026-05-02T18:08:10.338+0000] {processor.py:186} INFO - Started process (PID=91407) to work on /usr/local/python/3.12.1/lib/python3.12/site-packages/airflow/example_dags/example_python_operator.py
[2026-05-02T18:08:10.339+0000] {processor.py:914} INFO - Processing file /usr/local/python/3.12.1/lib/python3.12/site-packages/airflow/example_dags/example_python_operator.py for tasks to queue
[2026-05-02T18:08:10.340+0000] {logging_mixin.py:190} INFO - [2026-05-02T18:08:10.340+0000] {dagbag.py:588} INFO - Filling up the DagBag from /usr/local/python/3.12.1/lib/python3.12/site-packages/airflow/example_dags/example_python_operator.py
[2026-05-02T18:08:10.353+0000] {processor.py:925} INFO - DAG(s) 'example_python_operator' retrieved from /usr/local/python/3.12.1/lib/python3.12/site-packages/airflow/example_dags/example_python_operator.py
[2026-05-02T18:08:10.374+0000] {logging_mixin.py:190} INFO - [2026-05-02T18:08:10.374+0000] {dag.py:3239} INFO - Sync 1 DAGs
[2026-05-02T18:08:10.384+0000] {logging_mixin.py:190} INFO - [2026-05-02T18:08:10.384+0000] {dag.py:4180} INFO - Setting next_dagrun for example_python_operator to None, run_after=None
[2026-05-02T18:08:10.401+0000] {processor.py:208} INFO - Processing /usr/local/python/3.12.1/lib/python3.12/site-packages/airflow/example_dags/example_python_operator.py took 0.067 seconds
[2026-05-02T18:09:14.421+0000] {processor.py:186} INFO - Started process (PID=92557) to work on /usr/local/python/3.12.1/lib/python3.12/site-packages/airflow/example_dags/example_python_operator.py
[2026-05-02T18:09:14.422+0000] {processor.py:914} INFO - Processing file /usr/local/python/3.12.1/lib/python3.12/site-packages/airflow/example_dags/example_python_operator.py for tasks to queue
[2026-05-02T18:09:14.424+0000] {logging_mixin.py:190} INFO - [2026-05-02T18:09:14.423+0000] {dagbag.py:588} INFO - Filling up the DagBag from /usr/local/python/3.12.1/lib/python3.12/site-packages/airflow/example_dags/example_python_operator.py
[2026-05-02T18:09:14.441+0000] {processor.py:925} INFO - DAG(s) 'example_python_operator' retrieved from /usr/local/python/3.12.1/lib/python3.12/site-packages/airflow/example_dags/example_python_operator.py
[2026-05-02T18:09:14.467+0000] {logging_mixin.py:190} INFO - [2026-05-02T18:09:14.467+0000] {dag.py:3239} INFO - Sync 1 DAGs
[2026-05-02T18:09:14.484+0000] {logging_mixin.py:190} INFO - [2026-05-02T18:09:14.483+0000] {dag.py:4180} INFO - Setting next_dagrun for example_python_operator to None, run_after=None
[2026-05-02T18:09:14.531+0000] {processor.py:208} INFO - Processing /usr/local/python/3.12.1/lib/python3.12/site-packages/airflow/example_dags/example_python_operator.py took 0.116 seconds
[2026-05-02T18:10:08.940+0000] {processor.py:186} INFO - Started process (PID=93180) to work on /usr/local/python/3.12.1/lib/python3.12/site-packages/airflow/example_dags/example_python_operator.py
[2026-05-02T18:10:08.941+0000] {processor.py:914} INFO - Processing file /usr/local/python/3.12.1/lib/python3.12/site-packages/airflow/example_dags/example_python_operator.py for tasks to queue
[2026-05-02T18:10:08.942+0000] {logging_mixin.py:190} INFO - [2026-05-02T18:10:08.941+0000] {dagbag.py:588} INFO - Filling up the DagBag from /usr/local/python/3.12.1/lib/python3.12/site-packages/airflow/example_dags/example_python_operator.py
[2026-05-02T18:10:08.954+0000] {processor.py:925} INFO - DAG(s) 'example_python_operator' retrieved from /usr/local/python/3.12.1/lib/python3.12/site-packages/airflow/example_dags/example_python_operator.py
[2026-05-02T18:10:08.972+0000] {logging_mixin.py:190} INFO - [2026-05-02T18:10:08.971+0000] {dag.py:3239} INFO - Sync 1 DAGs
[2026-05-02T18:10:08.982+0000] {logging_mixin.py:190} INFO - [2026-05-02T18:10:08.982+0000] {dag.py:4180} INFO - Setting next_dagrun for example_python_operator to None, run_after=None
[2026-05-02T18:10:09.002+0000] {processor.py:208} INFO - Processing /usr/local/python/3.12.1/lib/python3.12/site-packages/airflow/example_dags/example_python_operator.py took 0.066 seconds
[2026-05-02T18:10:59.914+0000] {processor.py:186} INFO - Started process (PID=93641) to work on /usr/local/python/3.12.1/lib/python3.12/site-packages/airflow/example_dags/example_python_operator.py
[2026-05-02T18:10:59.915+0000] {processor.py:914} INFO - Processing file /usr/local/python/3.12.1/lib/python3.12/site-packages/airflow/example_dags/example_python_operator.py for tasks to queue
[2026-05-02T18:10:59.916+0000] {logging_mixin.py:190} INFO - [2026-05-02T18:10:59.915+0000] {dagbag.py:588} INFO - Filling up the DagBag from /usr/local/python/3.12.1/lib/python3.12/site-packages/airflow/example_dags/example_python_operator.py
[2026-05-02T18:10:59.926+0000] {processor.py:925} INFO - DAG(s) 'example_python_operator' retrieved from /usr/local/python/3.12.1/lib/python3.12/site-packages/airflow/example_dags/example_python_operator.py
[2026-05-02T18:10:59.941+0000] {logging_mixin.py:190} INFO - [2026-05-02T18:10:59.940+0000] {dag.py:3239} INFO - Sync 1 DAGs
[2026-05-02T18:10:59.954+0000] {logging_mixin.py:190} INFO - [2026-05-02T18:10:59.954+0000] {dag.py:4180} INFO - Setting next_dagrun for example_python_operator to None, run_after=None
[2026-05-02T18:10:59.973+0000] {processor.py:208} INFO - Processing /usr/local/python/3.12.1/lib/python3.12/site-packages/airflow/example_dags/example_python_operator.py took 0.064 seconds
[2026-05-02T18:11:54.777+0000] {processor.py:186} INFO - Started process (PID=94113) to work on /usr/local/python/3.12.1/lib/python3.12/site-packages/airflow/example_dags/example_python_operator.py
[2026-05-02T18:11:54.777+0000] {processor.py:914} INFO - Processing file /usr/local/python/3.12.1/lib/python3.12/site-packages/airflow/example_dags/example_python_operator.py for tasks to queue
[2026-05-02T18:11:54.778+0000] {logging_mixin.py:190} INFO - [2026-05-02T18:11:54.778+0000] {dagbag.py:588} INFO - Filling up the DagBag from /usr/local/python/3.12.1/lib/python3.12/site-packages/airflow/example_dags/example_python_operator.py
[2026-05-02T18:11:54.789+0000] {processor.py:925} INFO - DAG(s) 'example_python_operator' retrieved from /usr/local/python/3.12.1/lib/python3.12/site-packages/airflow/example_dags/example_python_operator.py
[2026-05-02T18:11:54.803+0000] {logging_mixin.py:190} INFO - [2026-05-02T18:11:54.803+0000] {dag.py:3239} INFO - Sync 1 DAGs
[2026-05-02T18:11:54.813+0000] {logging_mixin.py:190} INFO - [2026-05-02T18:11:54.813+0000] {dag.py:4180} INFO - Setting next_dagrun for example_python_operator to None, run_after=None
[2026-05-02T18:11:54.830+0000] {processor.py:208} INFO - Processing /usr/local/python/3.12.1/lib/python3.12/site-packages/airflow/example_dags/example_python_operator.py took 0.058 seconds
[2026-05-02T18:12:48.570+0000] {processor.py:186} INFO - Started process (PID=94703) to work on /usr/local/python/3.12.1/lib/python3.12/site-packages/airflow/example_dags/example_python_operator.py
[2026-05-02T18:12:48.571+0000] {processor.py:914} INFO - Processing file /usr/local/python/3.12.1/lib/python3.12/site-packages/airflow/example_dags/example_python_operator.py for tasks to queue
[2026-05-02T18:12:48.572+0000] {logging_mixin.py:190} INFO - [2026-05-02T18:12:48.572+0000] {dagbag.py:588} INFO - Filling up the DagBag from /usr/local/python/3.12.1/lib/python3.12/site-packages/airflow/example_dags/example_python_operator.py
[2026-05-02T18:12:48.582+0000] {processor.py:925} INFO - DAG(s) 'example_python_operator' retrieved from /usr/local/python/3.12.1/lib/python3.12/site-packages/airflow/example_dags/example_python_operator.py
[2026-05-02T18:12:48.596+0000] {logging_mixin.py:190} INFO - [2026-05-02T18:12:48.596+0000] {dag.py:3239} INFO - Sync 1 DAGs
[2026-05-02T18:12:48.609+0000] {logging_mixin.py:190} INFO - [2026-05-02T18:12:48.609+0000] {dag.py:4180} INFO - Setting next_dagrun for example_python_operator to None, run_after=None
[2026-05-02T18:12:48.688+0000] {processor.py:208} INFO - Processing /usr/local/python/3.12.1/lib/python3.12/site-packages/airflow/example_dags/example_python_operator.py took 0.122 seconds
[2026-05-02T18:13:59.576+0000] {processor.py:186} INFO - Started process (PID=95707) to work on /usr/local/python/3.12.1/lib/python3.12/site-packages/airflow/example_dags/example_python_operator.py
[2026-05-02T18:13:59.577+0000] {processor.py:914} INFO - Processing file /usr/local/python/3.12.1/lib/python3.12/site-packages/airflow/example_dags/example_python_operator.py for tasks to queue
[2026-05-02T18:13:59.579+0000] {logging_mixin.py:190} INFO - [2026-05-02T18:13:59.578+0000] {dagbag.py:588} INFO - Filling up the DagBag from /usr/local/python/3.12.1/lib/python3.12/site-packages/airflow/example_dags/example_python_operator.py
[2026-05-02T18:13:59.597+0000] {processor.py:925} INFO - DAG(s) 'example_python_operator' retrieved from /usr/local/python/3.12.1/lib/python3.12/site-packages/airflow/example_dags/example_python_operator.py
[2026-05-02T18:13:59.623+0000] {logging_mixin.py:190} INFO - [2026-05-02T18:13:59.622+0000] {dag.py:3239} INFO - Sync 1 DAGs
[2026-05-02T18:13:59.645+0000] {logging_mixin.py:190} INFO - [2026-05-02T18:13:59.645+0000] {dag.py:4180} INFO - Setting next_dagrun for example_python_operator to None, run_after=None
[2026-05-02T18:13:59.688+0000] {processor.py:208} INFO - Processing /usr/local/python/3.12.1/lib/python3.12/site-packages/airflow/example_dags/example_python_operator.py took 0.120 seconds
[2026-05-02T18:14:58.975+0000] {processor.py:186} INFO - Started process (PID=96332) to work on /usr/local/python/3.12.1/lib/python3.12/site-packages/airflow/example_dags/example_python_operator.py
[2026-05-02T18:14:58.984+0000] {processor.py:914} INFO - Processing file /usr/local/python/3.12.1/lib/python3.12/site-packages/airflow/example_dags/example_python_operator.py for tasks to queue
[2026-05-02T18:14:58.990+0000] {logging_mixin.py:190} INFO - [2026-05-02T18:14:58.986+0000] {dagbag.py:588} INFO - Filling up the DagBag from /usr/local/python/3.12.1/lib/python3.12/site-packages/airflow/example_dags/example_python_operator.py
[2026-05-02T18:14:59.041+0000] {processor.py:925} INFO - DAG(s) 'example_python_operator' retrieved from /usr/local/python/3.12.1/lib/python3.12/site-packages/airflow/example_dags/example_python_operator.py
[2026-05-02T18:14:59.092+0000] {logging_mixin.py:190} INFO - [2026-05-02T18:14:59.091+0000] {dag.py:3239} INFO - Sync 1 DAGs
[2026-05-02T18:14:59.126+0000] {logging_mixin.py:190} INFO - [2026-05-02T18:14:59.126+0000] {dag.py:4180} INFO - Setting next_dagrun for example_python_operator to None, run_after=None
[2026-05-02T18:14:59.145+0000] {processor.py:208} INFO - Processing /usr/local/python/3.12.1/lib/python3.12/site-packages/airflow/example_dags/example_python_operator.py took 0.204 seconds
[2026-05-02T18:15:53.594+0000] {processor.py:186} INFO - Started process (PID=96995) to work on /usr/local/python/3.12.1/lib/python3.12/site-packages/airflow/example_dags/example_python_operator.py
[2026-05-02T18:15:53.594+0000] {processor.py:914} INFO - Processing file /usr/local/python/3.12.1/lib/python3.12/site-packages/airflow/example_dags/example_python_operator.py for tasks to queue
[2026-05-02T18:15:53.595+0000] {logging_mixin.py:190} INFO - [2026-05-02T18:15:53.595+0000] {dagbag.py:588} INFO - Filling up the DagBag from /usr/local/python/3.12.1/lib/python3.12/site-packages/airflow/example_dags/example_python_operator.py
[2026-05-02T18:15:53.606+0000] {processor.py:925} INFO - DAG(s) 'example_python_operator' retrieved from /usr/local/python/3.12.1/lib/python3.12/site-packages/airflow/example_dags/example_python_operator.py
[2026-05-02T18:15:53.620+0000] {logging_mixin.py:190} INFO - [2026-05-02T18:15:53.620+0000] {dag.py:3239} INFO - Sync 1 DAGs
[2026-05-02T18:15:53.630+0000] {logging_mixin.py:190} INFO - [2026-05-02T18:15:53.630+0000] {dag.py:4180} INFO - Setting next_dagrun for example_python_operator to None, run_after=None
[2026-05-02T18:15:53.650+0000] {processor.py:208} INFO - Processing /usr/local/python/3.12.1/lib/python3.12/site-packages/airflow/example_dags/example_python_operator.py took 0.061 seconds
[2026-05-02T18:16:57.585+0000] {processor.py:186} INFO - Started process (PID=97991) to work on /usr/local/python/3.12.1/lib/python3.12/site-packages/airflow/example_dags/example_python_operator.py
[2026-05-02T18:16:57.587+0000] {processor.py:914} INFO - Processing file /usr/local/python/3.12.1/lib/python3.12/site-packages/airflow/example_dags/example_python_operator.py for tasks to queue
[2026-05-02T18:16:57.589+0000] {logging_mixin.py:190} INFO - [2026-05-02T18:16:57.588+0000] {dagbag.py:588} INFO - Filling up the DagBag from /usr/local/python/3.12.1/lib/python3.12/site-packages/airflow/example_dags/example_python_operator.py
[2026-05-02T18:16:57.604+0000] {processor.py:925} INFO - DAG(s) 'example_python_operator' retrieved from /usr/local/python/3.12.1/lib/python3.12/site-packages/airflow/example_dags/example_python_operator.py
[2026-05-02T18:16:57.619+0000] {logging_mixin.py:190} INFO - [2026-05-02T18:16:57.619+0000] {dag.py:3239} INFO - Sync 1 DAGs
[2026-05-02T18:16:57.630+0000] {logging_mixin.py:190} INFO - [2026-05-02T18:16:57.629+0000] {dag.py:4180} INFO - Setting next_dagrun for example_python_operator to None, run_after=None
[2026-05-02T18:16:57.648+0000] {processor.py:208} INFO - Processing /usr/local/python/3.12.1/lib/python3.12/site-packages/airflow/example_dags/example_python_operator.py took 0.077 seconds
[2026-05-02T18:17:55.681+0000] {processor.py:186} INFO - Started process (PID=98574) to work on /usr/local/python/3.12.1/lib/python3.12/site-packages/airflow/example_dags/example_python_operator.py
[2026-05-02T18:17:55.682+0000] {processor.py:914} INFO - Processing file /usr/local/python/3.12.1/lib/python3.12/site-packages/airflow/example_dags/example_python_operator.py for tasks to queue
[2026-05-02T18:17:55.683+0000] {logging_mixin.py:190} INFO - [2026-05-02T18:17:55.682+0000] {dagbag.py:588} INFO - Filling up the DagBag from /usr/local/python/3.12.1/lib/python3.12/site-packages/airflow/example_dags/example_python_operator.py
[2026-05-02T18:17:55.694+0000] {processor.py:925} INFO - DAG(s) 'example_python_operator' retrieved from /usr/local/python/3.12.1/lib/python3.12/site-packages/airflow/example_dags/example_python_operator.py
[2026-05-02T18:17:55.708+0000] {logging_mixin.py:190} INFO - [2026-05-02T18:17:55.708+0000] {dag.py:3239} INFO - Sync 1 DAGs
[2026-05-02T18:17:55.720+0000] {logging_mixin.py:190} INFO - [2026-05-02T18:17:55.720+0000] {dag.py:4180} INFO - Setting next_dagrun for example_python_operator to None, run_after=None
[2026-05-02T18:17:55.738+0000] {processor.py:208} INFO - Processing /usr/local/python/3.12.1/lib/python3.12/site-packages/airflow/example_dags/example_python_operator.py took 0.061 seconds
[2026-05-02T18:19:01.958+0000] {processor.py:186} INFO - Started process (PID=99397) to work on /usr/local/python/3.12.1/lib/python3.12/site-packages/airflow/example_dags/example_python_operator.py
[2026-05-02T18:19:01.959+0000] {processor.py:914} INFO - Processing file /usr/local/python/3.12.1/lib/python3.12/site-packages/airflow/example_dags/example_python_operator.py for tasks to queue
[2026-05-02T18:19:01.960+0000] {logging_mixin.py:190} INFO - [2026-05-02T18:19:01.960+0000] {dagbag.py:588} INFO - Filling up the DagBag from /usr/local/python/3.12.1/lib/python3.12/site-packages/airflow/example_dags/example_python_operator.py
[2026-05-02T18:19:01.974+0000] {processor.py:925} INFO - DAG(s) 'example_python_operator' retrieved from /usr/local/python/3.12.1/lib/python3.12/site-packages/airflow/example_dags/example_python_operator.py
[2026-05-02T18:19:01.989+0000] {logging_mixin.py:190} INFO - [2026-05-02T18:19:01.989+0000] {dag.py:3239} INFO - Sync 1 DAGs
[2026-05-02T18:19:02.000+0000] {logging_mixin.py:190} INFO - [2026-05-02T18:19:02.000+0000] {dag.py:4180} INFO - Setting next_dagrun for example_python_operator to None, run_after=None
[2026-05-02T18:19:02.018+0000] {processor.py:208} INFO - Processing /usr/local/python/3.12.1/lib/python3.12/site-packages/airflow/example_dags/example_python_operator.py took 0.066 seconds
[2026-05-02T18:19:59.437+0000] {processor.py:186} INFO - Started process (PID=100208) to work on /usr/local/python/3.12.1/lib/python3.12/site-packages/airflow/example_dags/example_python_operator.py
[2026-05-02T18:19:59.438+0000] {processor.py:914} INFO - Processing file /usr/local/python/3.12.1/lib/python3.12/site-packages/airflow/example_dags/example_python_operator.py for tasks to queue
[2026-05-02T18:19:59.439+0000] {logging_mixin.py:190} INFO - [2026-05-02T18:19:59.438+0000] {dagbag.py:588} INFO - Filling up the DagBag from /usr/local/python/3.12.1/lib/python3.12/site-packages/airflow/example_dags/example_python_operator.py
[2026-05-02T18:19:59.453+0000] {processor.py:925} INFO - DAG(s) 'example_python_operator' retrieved from /usr/local/python/3.12.1/lib/python3.12/site-packages/airflow/example_dags/example_python_operator.py
[2026-05-02T18:19:59.469+0000] {logging_mixin.py:190} INFO - [2026-05-02T18:19:59.469+0000] {dag.py:3239} INFO - Sync 1 DAGs
[2026-05-02T18:19:59.483+0000] {logging_mixin.py:190} INFO - [2026-05-02T18:19:59.483+0000] {dag.py:4180} INFO - Setting next_dagrun for example_python_operator to None, run_after=None
[2026-05-02T18:19:59.499+0000] {processor.py:208} INFO - Processing /usr/local/python/3.12.1/lib/python3.12/site-packages/airflow/example_dags/example_python_operator.py took 0.067 seconds
[2026-05-02T18:20:56.114+0000] {processor.py:186} INFO - Started process (PID=100690) to work on /usr/local/python/3.12.1/lib/python3.12/site-packages/airflow/example_dags/example_python_operator.py
[2026-05-02T18:20:56.115+0000] {processor.py:914} INFO - Processing file /usr/local/python/3.12.1/lib/python3.12/site-packages/airflow/example_dags/example_python_operator.py for tasks to queue
[2026-05-02T18:20:56.116+0000] {logging_mixin.py:190} INFO - [2026-05-02T18:20:56.116+0000] {dagbag.py:588} INFO - Filling up the DagBag from /usr/local/python/3.12.1/lib/python3.12/site-packages/airflow/example_dags/example_python_operator.py
[2026-05-02T18:20:56.127+0000] {processor.py:925} INFO - DAG(s) 'example_python_operator' retrieved from /usr/local/python/3.12.1/lib/python3.12/site-packages/airflow/example_dags/example_python_operator.py
[2026-05-02T18:20:56.142+0000] {logging_mixin.py:190} INFO - [2026-05-02T18:20:56.141+0000] {dag.py:3239} INFO - Sync 1 DAGs
[2026-05-02T18:20:56.155+0000] {logging_mixin.py:190} INFO - [2026-05-02T18:20:56.155+0000] {dag.py:4180} INFO - Setting next_dagrun for example_python_operator to None, run_after=None
[2026-05-02T18:20:56.173+0000] {processor.py:208} INFO - Processing /usr/local/python/3.12.1/lib/python3.12/site-packages/airflow/example_dags/example_python_operator.py took 0.064 seconds
[2026-05-02T18:21:56.040+0000] {processor.py:186} INFO - Started process (PID=101337) to work on /usr/local/python/3.12.1/lib/python3.12/site-packages/airflow/example_dags/example_python_operator.py
[2026-05-02T18:21:56.040+0000] {processor.py:914} INFO - Processing file /usr/local/python/3.12.1/lib/python3.12/site-packages/airflow/example_dags/example_python_operator.py for tasks to queue
[2026-05-02T18:21:56.042+0000] {logging_mixin.py:190} INFO - [2026-05-02T18:21:56.041+0000] {dagbag.py:588} INFO - Filling up the DagBag from /usr/local/python/3.12.1/lib/python3.12/site-packages/airflow/example_dags/example_python_operator.py
[2026-05-02T18:21:56.055+0000] {processor.py:925} INFO - DAG(s) 'example_python_operator' retrieved from /usr/local/python/3.12.1/lib/python3.12/site-packages/airflow/example_dags/example_python_operator.py
[2026-05-02T18:21:56.076+0000] {logging_mixin.py:190} INFO - [2026-05-02T18:21:56.076+0000] {dag.py:3239} INFO - Sync 1 DAGs
[2026-05-02T18:21:56.206+0000] {logging_mixin.py:190} INFO - [2026-05-02T18:21:56.206+0000] {dag.py:4180} INFO - Setting next_dagrun for example_python_operator to None, run_after=None
[2026-05-02T18:21:56.224+0000] {processor.py:208} INFO - Processing /usr/local/python/3.12.1/lib/python3.12/site-packages/airflow/example_dags/example_python_operator.py took 0.189 seconds
[2026-05-02T18:23:11.899+0000] {processor.py:186} INFO - Started process (PID=102370) to work on /usr/local/python/3.12.1/lib/python3.12/site-packages/airflow/example_dags/example_python_operator.py
[2026-05-02T18:23:11.900+0000] {processor.py:914} INFO - Processing file /usr/local/python/3.12.1/lib/python3.12/site-packages/airflow/example_dags/example_python_operator.py for tasks to queue
[2026-05-02T18:23:11.901+0000] {logging_mixin.py:190} INFO - [2026-05-02T18:23:11.900+0000] {dagbag.py:588} INFO - Filling up the DagBag from /usr/local/python/3.12.1/lib/python3.12/site-packages/airflow/example_dags/example_python_operator.py
[2026-05-02T18:23:11.911+0000] {processor.py:925} INFO - DAG(s) 'example_python_operator' retrieved from /usr/local/python/3.12.1/lib/python3.12/site-packages/airflow/example_dags/example_python_operator.py
[2026-05-02T18:23:11.925+0000] {logging_mixin.py:190} INFO - [2026-05-02T18:23:11.924+0000] {dag.py:3239} INFO - Sync 1 DAGs
[2026-05-02T18:23:12.101+0000] {logging_mixin.py:190} INFO - [2026-05-02T18:23:12.101+0000] {dag.py:4180} INFO - Setting next_dagrun for example_python_operator to None, run_after=None
[2026-05-02T18:23:12.141+0000] {processor.py:208} INFO - Processing /usr/local/python/3.12.1/lib/python3.12/site-packages/airflow/example_dags/example_python_operator.py took 0.246 seconds
[2026-05-02T18:24:17.813+0000] {processor.py:186} INFO - Started process (PID=102972) to work on /usr/local/python/3.12.1/lib/python3.12/site-packages/airflow/example_dags/example_python_operator.py
[2026-05-02T18:24:17.820+0000] {processor.py:914} INFO - Processing file /usr/local/python/3.12.1/lib/python3.12/site-packages/airflow/example_dags/example_python_operator.py for tasks to queue
[2026-05-02T18:24:17.828+0000] {logging_mixin.py:190} INFO - [2026-05-02T18:24:17.822+0000] {dagbag.py:588} INFO - Filling up the DagBag from /usr/local/python/3.12.1/lib/python3.12/site-packages/airflow/example_dags/example_python_operator.py
[2026-05-02T18:24:17.875+0000] {processor.py:925} INFO - DAG(s) 'example_python_operator' retrieved from /usr/local/python/3.12.1/lib/python3.12/site-packages/airflow/example_dags/example_python_operator.py
[2026-05-02T18:24:17.936+0000] {logging_mixin.py:190} INFO - [2026-05-02T18:24:17.935+0000] {dag.py:3239} INFO - Sync 1 DAGs
[2026-05-02T18:24:17.972+0000] {logging_mixin.py:190} INFO - [2026-05-02T18:24:17.972+0000] {dag.py:4180} INFO - Setting next_dagrun for example_python_operator to None, run_after=None
[2026-05-02T18:24:18.006+0000] {processor.py:208} INFO - Processing /usr/local/python/3.12.1/lib/python3.12/site-packages/airflow/example_dags/example_python_operator.py took 0.211 seconds
[2026-05-02T18:25:13.414+0000] {processor.py:186} INFO - Started process (PID=103818) to work on /usr/local/python/3.12.1/lib/python3.12/site-packages/airflow/example_dags/example_python_operator.py
[2026-05-02T18:25:13.415+0000] {processor.py:914} INFO - Processing file /usr/local/python/3.12.1/lib/python3.12/site-packages/airflow/example_dags/example_python_operator.py for tasks to queue
[2026-05-02T18:25:13.416+0000] {logging_mixin.py:190} INFO - [2026-05-02T18:25:13.416+0000] {dagbag.py:588} INFO - Filling up the DagBag from /usr/local/python/3.12.1/lib/python3.12/site-packages/airflow/example_dags/example_python_operator.py
[2026-05-02T18:25:13.427+0000] {processor.py:925} INFO - DAG(s) 'example_python_operator' retrieved from /usr/local/python/3.12.1/lib/python3.12/site-packages/airflow/example_dags/example_python_operator.py
[2026-05-02T18:25:13.442+0000] {logging_mixin.py:190} INFO - [2026-05-02T18:25:13.442+0000] {dag.py:3239} INFO - Sync 1 DAGs
[2026-05-02T18:25:13.455+0000] {logging_mixin.py:190} INFO - [2026-05-02T18:25:13.455+0000] {dag.py:4180} INFO - Setting next_dagrun for example_python_operator to None, run_after=None
[2026-05-02T18:25:13.474+0000] {processor.py:208} INFO - Processing /usr/local/python/3.12.1/lib/python3.12/site-packages/airflow/example_dags/example_python_operator.py took 0.064 seconds
[2026-05-02T18:26:06.971+0000] {processor.py:186} INFO - Started process (PID=104300) to work on /usr/local/python/3.12.1/lib/python3.12/site-packages/airflow/example_dags/example_python_operator.py
[2026-05-02T18:26:06.972+0000] {processor.py:914} INFO - Processing file /usr/local/python/3.12.1/lib/python3.12/site-packages/airflow/example_dags/example_python_operator.py for tasks to queue
[2026-05-02T18:26:06.973+0000] {logging_mixin.py:190} INFO - [2026-05-02T18:26:06.973+0000] {dagbag.py:588} INFO - Filling up the DagBag from /usr/local/python/3.12.1/lib/python3.12/site-packages/airflow/example_dags/example_python_operator.py
[2026-05-02T18:26:06.984+0000] {processor.py:925} INFO - DAG(s) 'example_python_operator' retrieved from /usr/local/python/3.12.1/lib/python3.12/site-packages/airflow/example_dags/example_python_operator.py
[2026-05-02T18:26:06.999+0000] {logging_mixin.py:190} INFO - [2026-05-02T18:26:06.999+0000] {dag.py:3239} INFO - Sync 1 DAGs
[2026-05-02T18:26:07.010+0000] {logging_mixin.py:190} INFO - [2026-05-02T18:26:07.009+0000] {dag.py:4180} INFO - Setting next_dagrun for example_python_operator to None, run_after=None
[2026-05-02T18:26:07.027+0000] {processor.py:208} INFO - Processing /usr/local/python/3.12.1/lib/python3.12/site-packages/airflow/example_dags/example_python_operator.py took 0.060 seconds
[2026-05-02T18:27:03.520+0000] {processor.py:186} INFO - Started process (PID=104943) to work on /usr/local/python/3.12.1/lib/python3.12/site-packages/airflow/example_dags/example_python_operator.py
[2026-05-02T18:27:03.521+0000] {processor.py:914} INFO - Processing file /usr/local/python/3.12.1/lib/python3.12/site-packages/airflow/example_dags/example_python_operator.py for tasks to queue
[2026-05-02T18:27:03.522+0000] {logging_mixin.py:190} INFO - [2026-05-02T18:27:03.521+0000] {dagbag.py:588} INFO - Filling up the DagBag from /usr/local/python/3.12.1/lib/python3.12/site-packages/airflow/example_dags/example_python_operator.py
[2026-05-02T18:27:03.533+0000] {processor.py:925} INFO - DAG(s) 'example_python_operator' retrieved from /usr/local/python/3.12.1/lib/python3.12/site-packages/airflow/example_dags/example_python_operator.py
[2026-05-02T18:27:03.550+0000] {logging_mixin.py:190} INFO - [2026-05-02T18:27:03.550+0000] {dag.py:3239} INFO - Sync 1 DAGs
[2026-05-02T18:27:03.563+0000] {logging_mixin.py:190} INFO - [2026-05-02T18:27:03.562+0000] {dag.py:4180} INFO - Setting next_dagrun for example_python_operator to None, run_after=None
[2026-05-02T18:27:03.582+0000] {processor.py:208} INFO - Processing /usr/local/python/3.12.1/lib/python3.12/site-packages/airflow/example_dags/example_python_operator.py took 0.066 seconds
[2026-05-02T18:28:01.122+0000] {processor.py:186} INFO - Started process (PID=105693) to work on /usr/local/python/3.12.1/lib/python3.12/site-packages/airflow/example_dags/example_python_operator.py
[2026-05-02T18:28:01.123+0000] {processor.py:914} INFO - Processing file /usr/local/python/3.12.1/lib/python3.12/site-packages/airflow/example_dags/example_python_operator.py for tasks to queue
[2026-05-02T18:28:01.125+0000] {logging_mixin.py:190} INFO - [2026-05-02T18:28:01.124+0000] {dagbag.py:588} INFO - Filling up the DagBag from /usr/local/python/3.12.1/lib/python3.12/site-packages/airflow/example_dags/example_python_operator.py
[2026-05-02T18:28:01.154+0000] {processor.py:925} INFO - DAG(s) 'example_python_operator' retrieved from /usr/local/python/3.12.1/lib/python3.12/site-packages/airflow/example_dags/example_python_operator.py
[2026-05-02T18:28:01.182+0000] {logging_mixin.py:190} INFO - [2026-05-02T18:28:01.182+0000] {dag.py:3239} INFO - Sync 1 DAGs
[2026-05-02T18:28:01.198+0000] {logging_mixin.py:190} INFO - [2026-05-02T18:28:01.198+0000] {dag.py:4180} INFO - Setting next_dagrun for example_python_operator to None, run_after=None
[2026-05-02T18:28:01.217+0000] {processor.py:208} INFO - Processing /usr/local/python/3.12.1/lib/python3.12/site-packages/airflow/example_dags/example_python_operator.py took 0.103 seconds
[2026-05-02T18:29:06.523+0000] {processor.py:186} INFO - Started process (PID=106737) to work on /usr/local/python/3.12.1/lib/python3.12/site-packages/airflow/example_dags/example_python_operator.py
[2026-05-02T18:29:06.524+0000] {processor.py:914} INFO - Processing file /usr/local/python/3.12.1/lib/python3.12/site-packages/airflow/example_dags/example_python_operator.py for tasks to queue
[2026-05-02T18:29:06.524+0000] {logging_mixin.py:190} INFO - [2026-05-02T18:29:06.524+0000] {dagbag.py:588} INFO - Filling up the DagBag from /usr/local/python/3.12.1/lib/python3.12/site-packages/airflow/example_dags/example_python_operator.py
[2026-05-02T18:29:06.535+0000] {processor.py:925} INFO - DAG(s) 'example_python_operator' retrieved from /usr/local/python/3.12.1/lib/python3.12/site-packages/airflow/example_dags/example_python_operator.py
[2026-05-02T18:29:06.552+0000] {logging_mixin.py:190} INFO - [2026-05-02T18:29:06.552+0000] {dag.py:3239} INFO - Sync 1 DAGs
[2026-05-02T18:29:06.564+0000] {logging_mixin.py:190} INFO - [2026-05-02T18:29:06.564+0000] {dag.py:4180} INFO - Setting next_dagrun for example_python_operator to None, run_after=None
[2026-05-02T18:29:06.583+0000] {processor.py:208} INFO - Processing /usr/local/python/3.12.1/lib/python3.12/site-packages/airflow/example_dags/example_python_operator.py took 0.064 seconds
[2026-05-02T18:30:00.083+0000] {processor.py:186} INFO - Started process (PID=107206) to work on /usr/local/python/3.12.1/lib/python3.12/site-packages/airflow/example_dags/example_python_operator.py
[2026-05-02T18:30:00.084+0000] {processor.py:914} INFO - Processing file /usr/local/python/3.12.1/lib/python3.12/site-packages/airflow/example_dags/example_python_operator.py for tasks to queue
[2026-05-02T18:30:00.085+0000] {logging_mixin.py:190} INFO - [2026-05-02T18:30:00.085+0000] {dagbag.py:588} INFO - Filling up the DagBag from /usr/local/python/3.12.1/lib/python3.12/site-packages/airflow/example_dags/example_python_operator.py
[2026-05-02T18:30:00.101+0000] {processor.py:925} INFO - DAG(s) 'example_python_operator' retrieved from /usr/local/python/3.12.1/lib/python3.12/site-packages/airflow/example_dags/example_python_operator.py
[2026-05-02T18:30:00.144+0000] {logging_mixin.py:190} INFO - [2026-05-02T18:30:00.144+0000] {dag.py:3239} INFO - Sync 1 DAGs
[2026-05-02T18:30:00.184+0000] {logging_mixin.py:190} INFO - [2026-05-02T18:30:00.182+0000] {dag.py:4180} INFO - Setting next_dagrun for example_python_operator to None, run_after=None
[2026-05-02T18:30:00.222+0000] {processor.py:208} INFO - Processing /usr/local/python/3.12.1/lib/python3.12/site-packages/airflow/example_dags/example_python_operator.py took 0.146 seconds
[2026-05-02T18:30:55.772+0000] {processor.py:186} INFO - Started process (PID=107700) to work on /usr/local/python/3.12.1/lib/python3.12/site-packages/airflow/example_dags/example_python_operator.py
[2026-05-02T18:30:55.772+0000] {processor.py:914} INFO - Processing file /usr/local/python/3.12.1/lib/python3.12/site-packages/airflow/example_dags/example_python_operator.py for tasks to queue
[2026-05-02T18:30:55.773+0000] {logging_mixin.py:190} INFO - [2026-05-02T18:30:55.773+0000] {dagbag.py:588} INFO - Filling up the DagBag from /usr/local/python/3.12.1/lib/python3.12/site-packages/airflow/example_dags/example_python_operator.py
[2026-05-02T18:30:55.784+0000] {processor.py:925} INFO - DAG(s) 'example_python_operator' retrieved from /usr/local/python/3.12.1/lib/python3.12/site-packages/airflow/example_dags/example_python_operator.py
[2026-05-02T18:30:55.798+0000] {logging_mixin.py:190} INFO - [2026-05-02T18:30:55.798+0000] {dag.py:3239} INFO - Sync 1 DAGs
[2026-05-02T18:30:55.808+0000] {logging_mixin.py:190} INFO - [2026-05-02T18:30:55.808+0000] {dag.py:4180} INFO - Setting next_dagrun for example_python_operator to None, run_after=None
[2026-05-02T18:30:55.825+0000] {processor.py:208} INFO - Processing /usr/local/python/3.12.1/lib/python3.12/site-packages/airflow/example_dags/example_python_operator.py took 0.058 seconds
[2026-05-02T18:31:52.508+0000] {processor.py:186} INFO - Started process (PID=108194) to work on /usr/local/python/3.12.1/lib/python3.12/site-packages/airflow/example_dags/example_python_operator.py
[2026-05-02T18:31:52.508+0000] {processor.py:914} INFO - Processing file /usr/local/python/3.12.1/lib/python3.12/site-packages/airflow/example_dags/example_python_operator.py for tasks to queue
[2026-05-02T18:31:52.509+0000] {logging_mixin.py:190} INFO - [2026-05-02T18:31:52.509+0000] {dagbag.py:588} INFO - Filling up the DagBag from /usr/local/python/3.12.1/lib/python3.12/site-packages/airflow/example_dags/example_python_operator.py
[2026-05-02T18:31:52.520+0000] {processor.py:925} INFO - DAG(s) 'example_python_operator' retrieved from /usr/local/python/3.12.1/lib/python3.12/site-packages/airflow/example_dags/example_python_operator.py
[2026-05-02T18:31:52.549+0000] {logging_mixin.py:190} INFO - [2026-05-02T18:31:52.545+0000] {dag.py:3239} INFO - Sync 1 DAGs
[2026-05-02T18:31:52.576+0000] {logging_mixin.py:190} INFO - [2026-05-02T18:31:52.576+0000] {dag.py:4180} INFO - Setting next_dagrun for example_python_operator to None, run_after=None
[2026-05-02T18:31:52.652+0000] {processor.py:208} INFO - Processing /usr/local/python/3.12.1/lib/python3.12/site-packages/airflow/example_dags/example_python_operator.py took 0.149 seconds
[2026-05-02T18:32:52.758+0000] {processor.py:186} INFO - Started process (PID=108886) to work on /usr/local/python/3.12.1/lib/python3.12/site-packages/airflow/example_dags/example_python_operator.py
[2026-05-02T18:32:52.762+0000] {processor.py:914} INFO - Processing file /usr/local/python/3.12.1/lib/python3.12/site-packages/airflow/example_dags/example_python_operator.py for tasks to queue
[2026-05-02T18:32:52.764+0000] {logging_mixin.py:190} INFO - [2026-05-02T18:32:52.763+0000] {dagbag.py:588} INFO - Filling up the DagBag from /usr/local/python/3.12.1/lib/python3.12/site-packages/airflow/example_dags/example_python_operator.py
[2026-05-02T18:32:52.776+0000] {processor.py:925} INFO - DAG(s) 'example_python_operator' retrieved from /usr/local/python/3.12.1/lib/python3.12/site-packages/airflow/example_dags/example_python_operator.py
[2026-05-02T18:32:52.790+0000] {logging_mixin.py:190} INFO - [2026-05-02T18:32:52.790+0000] {dag.py:3239} INFO - Sync 1 DAGs
[2026-05-02T18:32:52.801+0000] {logging_mixin.py:190} INFO - [2026-05-02T18:32:52.801+0000] {dag.py:4180} INFO - Setting next_dagrun for example_python_operator to None, run_after=None
[2026-05-02T18:32:52.818+0000] {processor.py:208} INFO - Processing /usr/local/python/3.12.1/lib/python3.12/site-packages/airflow/example_dags/example_python_operator.py took 0.066 seconds
[2026-05-02T18:33:53.960+0000] {processor.py:186} INFO - Started process (PID=109682) to work on /usr/local/python/3.12.1/lib/python3.12/site-packages/airflow/example_dags/example_python_operator.py
[2026-05-02T18:33:53.963+0000] {processor.py:914} INFO - Processing file /usr/local/python/3.12.1/lib/python3.12/site-packages/airflow/example_dags/example_python_operator.py for tasks to queue
[2026-05-02T18:33:53.964+0000] {logging_mixin.py:190} INFO - [2026-05-02T18:33:53.964+0000] {dagbag.py:588} INFO - Filling up the DagBag from /usr/local/python/3.12.1/lib/python3.12/site-packages/airflow/example_dags/example_python_operator.py
[2026-05-02T18:33:53.979+0000] {processor.py:925} INFO - DAG(s) 'example_python_operator' retrieved from /usr/local/python/3.12.1/lib/python3.12/site-packages/airflow/example_dags/example_python_operator.py
[2026-05-02T18:33:54.001+0000] {logging_mixin.py:190} INFO - [2026-05-02T18:33:54.001+0000] {dag.py:3239} INFO - Sync 1 DAGs
[2026-05-02T18:33:54.016+0000] {logging_mixin.py:190} INFO - [2026-05-02T18:33:54.016+0000] {dag.py:4180} INFO - Setting next_dagrun for example_python_operator to None, run_after=None
[2026-05-02T18:33:54.063+0000] {processor.py:208} INFO - Processing /usr/local/python/3.12.1/lib/python3.12/site-packages/airflow/example_dags/example_python_operator.py took 0.111 seconds
[2026-05-02T18:35:03.630+0000] {processor.py:186} INFO - Started process (PID=110660) to work on /usr/local/python/3.12.1/lib/python3.12/site-packages/airflow/example_dags/example_python_operator.py
[2026-05-02T18:35:03.631+0000] {processor.py:914} INFO - Processing file /usr/local/python/3.12.1/lib/python3.12/site-packages/airflow/example_dags/example_python_operator.py for tasks to queue
[2026-05-02T18:35:03.632+0000] {logging_mixin.py:190} INFO - [2026-05-02T18:35:03.632+0000] {dagbag.py:588} INFO - Filling up the DagBag from /usr/local/python/3.12.1/lib/python3.12/site-packages/airflow/example_dags/example_python_operator.py
[2026-05-02T18:35:03.643+0000] {processor.py:925} INFO - DAG(s) 'example_python_operator' retrieved from /usr/local/python/3.12.1/lib/python3.12/site-packages/airflow/example_dags/example_python_operator.py
[2026-05-02T18:35:03.662+0000] {logging_mixin.py:190} INFO - [2026-05-02T18:35:03.662+0000] {dag.py:3239} INFO - Sync 1 DAGs
[2026-05-02T18:35:03.673+0000] {logging_mixin.py:190} INFO - [2026-05-02T18:35:03.672+0000] {dag.py:4180} INFO - Setting next_dagrun for example_python_operator to None, run_after=None
[2026-05-02T18:35:03.690+0000] {processor.py:208} INFO - Processing /usr/local/python/3.12.1/lib/python3.12/site-packages/airflow/example_dags/example_python_operator.py took 0.064 seconds
[2026-05-02T18:36:00.032+0000] {processor.py:186} INFO - Started process (PID=111154) to work on /usr/local/python/3.12.1/lib/python3.12/site-packages/airflow/example_dags/example_python_operator.py
[2026-05-02T18:36:00.032+0000] {processor.py:914} INFO - Processing file /usr/local/python/3.12.1/lib/python3.12/site-packages/airflow/example_dags/example_python_operator.py for tasks to queue
[2026-05-02T18:36:00.033+0000] {logging_mixin.py:190} INFO - [2026-05-02T18:36:00.033+0000] {dagbag.py:588} INFO - Filling up the DagBag from /usr/local/python/3.12.1/lib/python3.12/site-packages/airflow/example_dags/example_python_operator.py
[2026-05-02T18:36:00.045+0000] {processor.py:925} INFO - DAG(s) 'example_python_operator' retrieved from /usr/local/python/3.12.1/lib/python3.12/site-packages/airflow/example_dags/example_python_operator.py
[2026-05-02T18:36:00.064+0000] {logging_mixin.py:190} INFO - [2026-05-02T18:36:00.064+0000] {dag.py:3239} INFO - Sync 1 DAGs
[2026-05-02T18:36:00.074+0000] {logging_mixin.py:190} INFO - [2026-05-02T18:36:00.074+0000] {dag.py:4180} INFO - Setting next_dagrun for example_python_operator to None, run_after=None
[2026-05-02T18:36:00.091+0000] {processor.py:208} INFO - Processing /usr/local/python/3.12.1/lib/python3.12/site-packages/airflow/example_dags/example_python_operator.py took 0.064 seconds
[2026-05-02T18:36:52.978+0000] {processor.py:186} INFO - Started process (PID=111655) to work on /usr/local/python/3.12.1/lib/python3.12/site-packages/airflow/example_dags/example_python_operator.py
[2026-05-02T18:36:52.979+0000] {processor.py:914} INFO - Processing file /usr/local/python/3.12.1/lib/python3.12/site-packages/airflow/example_dags/example_python_operator.py for tasks to queue
[2026-05-02T18:36:52.980+0000] {logging_mixin.py:190} INFO - [2026-05-02T18:36:52.979+0000] {dagbag.py:588} INFO - Filling up the DagBag from /usr/local/python/3.12.1/lib/python3.12/site-packages/airflow/example_dags/example_python_operator.py
[2026-05-02T18:36:52.991+0000] {processor.py:925} INFO - DAG(s) 'example_python_operator' retrieved from /usr/local/python/3.12.1/lib/python3.12/site-packages/airflow/example_dags/example_python_operator.py
[2026-05-02T18:36:53.008+0000] {logging_mixin.py:190} INFO - [2026-05-02T18:36:53.008+0000] {dag.py:3239} INFO - Sync 1 DAGs
[2026-05-02T18:36:53.018+0000] {logging_mixin.py:190} INFO - [2026-05-02T18:36:53.018+0000] {dag.py:4180} INFO - Setting next_dagrun for example_python_operator to None, run_after=None
[2026-05-02T18:36:53.035+0000] {processor.py:208} INFO - Processing /usr/local/python/3.12.1/lib/python3.12/site-packages/airflow/example_dags/example_python_operator.py took 0.061 seconds
