[2026-05-02T16:27:24.117+0000] {processor.py:186} INFO - Started process (PID=17100) to work on /workspaces/meu-primeiro-etl-airflow/dags/pipeline_etl_pratica.py
[2026-05-02T16:27:24.118+0000] {processor.py:914} INFO - Processing file /workspaces/meu-primeiro-etl-airflow/dags/pipeline_etl_pratica.py for tasks to queue
[2026-05-02T16:27:24.120+0000] {logging_mixin.py:190} INFO - [2026-05-02T16:27:24.120+0000] {dagbag.py:588} INFO - Filling up the DagBag from /workspaces/meu-primeiro-etl-airflow/dags/pipeline_etl_pratica.py
[2026-05-02T16:27:24.126+0000] {logging_mixin.py:190} INFO - [2026-05-02T16:27:24.124+0000] {dagbag.py:387} ERROR - Failed to import: /workspaces/meu-primeiro-etl-airflow/dags/pipeline_etl_pratica.py
Traceback (most recent call last):
  File "/usr/local/python/3.12.1/lib/python3.12/site-packages/airflow/models/dagbag.py", line 383, in parse
    loader.exec_module(new_module)
  File "<frozen importlib._bootstrap_external>", line 994, in exec_module
  File "<frozen importlib._bootstrap>", line 488, in _call_with_frames_removed
  File "/workspaces/meu-primeiro-etl-airflow/dags/pipeline_etl_pratica.py", line 5, in <module>
    import pandas as pd
ModuleNotFoundError: No module named 'pandas'
[2026-05-02T16:27:24.126+0000] {processor.py:927} WARNING - No viable dags retrieved from /workspaces/meu-primeiro-etl-airflow/dags/pipeline_etl_pratica.py
[2026-05-02T16:27:24.170+0000] {processor.py:208} INFO - Processing /workspaces/meu-primeiro-etl-airflow/dags/pipeline_etl_pratica.py took 0.059 seconds
[2026-05-02T16:28:35.237+0000] {processor.py:186} INFO - Started process (PID=18147) to work on /workspaces/meu-primeiro-etl-airflow/dags/pipeline_etl_pratica.py
[2026-05-02T16:28:35.237+0000] {processor.py:914} INFO - Processing file /workspaces/meu-primeiro-etl-airflow/dags/pipeline_etl_pratica.py for tasks to queue
[2026-05-02T16:28:35.239+0000] {logging_mixin.py:190} INFO - [2026-05-02T16:28:35.238+0000] {dagbag.py:588} INFO - Filling up the DagBag from /workspaces/meu-primeiro-etl-airflow/dags/pipeline_etl_pratica.py
[2026-05-02T16:28:35.241+0000] {logging_mixin.py:190} INFO - [2026-05-02T16:28:35.241+0000] {dagbag.py:387} ERROR - Failed to import: /workspaces/meu-primeiro-etl-airflow/dags/pipeline_etl_pratica.py
Traceback (most recent call last):
  File "/usr/local/python/3.12.1/lib/python3.12/site-packages/airflow/models/dagbag.py", line 383, in parse
    loader.exec_module(new_module)
  File "<frozen importlib._bootstrap_external>", line 994, in exec_module
  File "<frozen importlib._bootstrap>", line 488, in _call_with_frames_removed
  File "/workspaces/meu-primeiro-etl-airflow/dags/pipeline_etl_pratica.py", line 5, in <module>
    import pandas as pd
ModuleNotFoundError: No module named 'pandas'
[2026-05-02T16:28:35.242+0000] {processor.py:927} WARNING - No viable dags retrieved from /workspaces/meu-primeiro-etl-airflow/dags/pipeline_etl_pratica.py
[2026-05-02T16:28:35.256+0000] {processor.py:208} INFO - Processing /workspaces/meu-primeiro-etl-airflow/dags/pipeline_etl_pratica.py took 0.023 seconds
[2026-05-02T16:29:09.949+0000] {processor.py:186} INFO - Started process (PID=18423) to work on /workspaces/meu-primeiro-etl-airflow/dags/pipeline_etl_pratica.py
[2026-05-02T16:29:09.950+0000] {processor.py:914} INFO - Processing file /workspaces/meu-primeiro-etl-airflow/dags/pipeline_etl_pratica.py for tasks to queue
[2026-05-02T16:29:09.951+0000] {logging_mixin.py:190} INFO - [2026-05-02T16:29:09.951+0000] {dagbag.py:588} INFO - Filling up the DagBag from /workspaces/meu-primeiro-etl-airflow/dags/pipeline_etl_pratica.py
[2026-05-02T16:29:09.954+0000] {logging_mixin.py:190} INFO - [2026-05-02T16:29:09.953+0000] {dagbag.py:387} ERROR - Failed to import: /workspaces/meu-primeiro-etl-airflow/dags/pipeline_etl_pratica.py
Traceback (most recent call last):
  File "/usr/local/python/3.12.1/lib/python3.12/site-packages/airflow/models/dagbag.py", line 383, in parse
    loader.exec_module(new_module)
  File "<frozen importlib._bootstrap_external>", line 994, in exec_module
  File "<frozen importlib._bootstrap>", line 488, in _call_with_frames_removed
  File "/workspaces/meu-primeiro-etl-airflow/dags/pipeline_etl_pratica.py", line 5, in <module>
    import pandas as pd
ModuleNotFoundError: No module named 'pandas'
[2026-05-02T16:29:09.954+0000] {processor.py:927} WARNING - No viable dags retrieved from /workspaces/meu-primeiro-etl-airflow/dags/pipeline_etl_pratica.py
[2026-05-02T16:29:09.968+0000] {processor.py:208} INFO - Processing /workspaces/meu-primeiro-etl-airflow/dags/pipeline_etl_pratica.py took 0.023 seconds
[2026-05-02T16:30:04.668+0000] {processor.py:186} INFO - Started process (PID=18895) to work on /workspaces/meu-primeiro-etl-airflow/dags/pipeline_etl_pratica.py
[2026-05-02T16:30:04.669+0000] {processor.py:914} INFO - Processing file /workspaces/meu-primeiro-etl-airflow/dags/pipeline_etl_pratica.py for tasks to queue
[2026-05-02T16:30:04.671+0000] {logging_mixin.py:190} INFO - [2026-05-02T16:30:04.671+0000] {dagbag.py:588} INFO - Filling up the DagBag from /workspaces/meu-primeiro-etl-airflow/dags/pipeline_etl_pratica.py
[2026-05-02T16:30:04.675+0000] {logging_mixin.py:190} INFO - [2026-05-02T16:30:04.674+0000] {dagbag.py:387} ERROR - Failed to import: /workspaces/meu-primeiro-etl-airflow/dags/pipeline_etl_pratica.py
Traceback (most recent call last):
  File "/usr/local/python/3.12.1/lib/python3.12/site-packages/airflow/models/dagbag.py", line 383, in parse
    loader.exec_module(new_module)
  File "<frozen importlib._bootstrap_external>", line 994, in exec_module
  File "<frozen importlib._bootstrap>", line 488, in _call_with_frames_removed
  File "/workspaces/meu-primeiro-etl-airflow/dags/pipeline_etl_pratica.py", line 5, in <module>
    import pandas as pd
ModuleNotFoundError: No module named 'pandas'
[2026-05-02T16:30:04.676+0000] {processor.py:927} WARNING - No viable dags retrieved from /workspaces/meu-primeiro-etl-airflow/dags/pipeline_etl_pratica.py
[2026-05-02T16:30:04.700+0000] {processor.py:208} INFO - Processing /workspaces/meu-primeiro-etl-airflow/dags/pipeline_etl_pratica.py took 0.038 seconds
[2026-05-02T16:30:36.301+0000] {processor.py:186} INFO - Started process (PID=19199) to work on /workspaces/meu-primeiro-etl-airflow/dags/pipeline_etl_pratica.py
[2026-05-02T16:30:36.302+0000] {processor.py:914} INFO - Processing file /workspaces/meu-primeiro-etl-airflow/dags/pipeline_etl_pratica.py for tasks to queue
[2026-05-02T16:30:36.303+0000] {logging_mixin.py:190} INFO - [2026-05-02T16:30:36.303+0000] {dagbag.py:588} INFO - Filling up the DagBag from /workspaces/meu-primeiro-etl-airflow/dags/pipeline_etl_pratica.py
[2026-05-02T16:30:36.306+0000] {logging_mixin.py:190} INFO - [2026-05-02T16:30:36.305+0000] {dagbag.py:387} ERROR - Failed to import: /workspaces/meu-primeiro-etl-airflow/dags/pipeline_etl_pratica.py
Traceback (most recent call last):
  File "/usr/local/python/3.12.1/lib/python3.12/site-packages/airflow/models/dagbag.py", line 383, in parse
    loader.exec_module(new_module)
  File "<frozen importlib._bootstrap_external>", line 994, in exec_module
  File "<frozen importlib._bootstrap>", line 488, in _call_with_frames_removed
  File "/workspaces/meu-primeiro-etl-airflow/dags/pipeline_etl_pratica.py", line 5, in <module>
    import pandas as pd
ModuleNotFoundError: No module named 'pandas'
[2026-05-02T16:30:36.306+0000] {processor.py:927} WARNING - No viable dags retrieved from /workspaces/meu-primeiro-etl-airflow/dags/pipeline_etl_pratica.py
[2026-05-02T16:30:36.320+0000] {processor.py:208} INFO - Processing /workspaces/meu-primeiro-etl-airflow/dags/pipeline_etl_pratica.py took 0.023 seconds
[2026-05-02T16:32:24.222+0000] {processor.py:186} INFO - Started process (PID=20250) to work on /workspaces/meu-primeiro-etl-airflow/dags/pipeline_etl_pratica.py
[2026-05-02T16:32:24.224+0000] {processor.py:914} INFO - Processing file /workspaces/meu-primeiro-etl-airflow/dags/pipeline_etl_pratica.py for tasks to queue
[2026-05-02T16:32:24.226+0000] {logging_mixin.py:190} INFO - [2026-05-02T16:32:24.226+0000] {dagbag.py:588} INFO - Filling up the DagBag from /workspaces/meu-primeiro-etl-airflow/dags/pipeline_etl_pratica.py
[2026-05-02T16:32:24.242+0000] {logging_mixin.py:190} INFO - [2026-05-02T16:32:24.240+0000] {templater.py:94} ERROR - Failed to resolve template field 'sql'
Traceback (most recent call last):
  File "/usr/local/python/3.12.1/lib/python3.12/site-packages/airflow/template/templater.py", line 92, in resolve_template_files
    setattr(self, field, env.loader.get_source(env, content)[0])  # type: ignore
                         ^^^^^^^^^^^^^^^^^^^^^^^^^^^^^^^^^^^
  File "/usr/local/python/3.12.1/lib/python3.12/site-packages/jinja2/loaders.py", line 207, in get_source
    raise TemplateNotFound(template)
jinja2.exceptions.TemplateNotFound: sql/insert_data.sql
[2026-05-02T16:32:24.249+0000] {processor.py:925} INFO - DAG(s) 'pipeline_etl_pratica' retrieved from /workspaces/meu-primeiro-etl-airflow/dags/pipeline_etl_pratica.py
[2026-05-02T16:32:24.401+0000] {logging_mixin.py:190} INFO - [2026-05-02T16:32:24.401+0000] {override.py:1900} INFO - Created Permission View: can delete on DAG:pipeline_etl_pratica
[2026-05-02T16:32:24.417+0000] {logging_mixin.py:190} INFO - [2026-05-02T16:32:24.416+0000] {override.py:1900} INFO - Created Permission View: can read on DAG:pipeline_etl_pratica
[2026-05-02T16:32:24.425+0000] {logging_mixin.py:190} INFO - [2026-05-02T16:32:24.425+0000] {override.py:1900} INFO - Created Permission View: can edit on DAG:pipeline_etl_pratica
[2026-05-02T16:32:24.439+0000] {logging_mixin.py:190} INFO - [2026-05-02T16:32:24.438+0000] {override.py:1900} INFO - Created Permission View: can delete on DAG Run:pipeline_etl_pratica
[2026-05-02T16:32:24.447+0000] {logging_mixin.py:190} INFO - [2026-05-02T16:32:24.447+0000] {override.py:1900} INFO - Created Permission View: can read on DAG Run:pipeline_etl_pratica
[2026-05-02T16:32:24.456+0000] {logging_mixin.py:190} INFO - [2026-05-02T16:32:24.455+0000] {override.py:1900} INFO - Created Permission View: can create on DAG Run:pipeline_etl_pratica
[2026-05-02T16:32:24.464+0000] {logging_mixin.py:190} INFO - [2026-05-02T16:32:24.464+0000] {override.py:1900} INFO - Created Permission View: menu access on DAG Run:pipeline_etl_pratica
[2026-05-02T16:32:24.465+0000] {logging_mixin.py:190} INFO - [2026-05-02T16:32:24.464+0000] {dag.py:3239} INFO - Sync 1 DAGs
[2026-05-02T16:32:24.479+0000] {logging_mixin.py:190} INFO - [2026-05-02T16:32:24.479+0000] {dag.py:3262} INFO - Creating ORM DAG for pipeline_etl_pratica
[2026-05-02T16:32:24.490+0000] {logging_mixin.py:190} INFO - [2026-05-02T16:32:24.490+0000] {dag.py:4180} INFO - Setting next_dagrun for pipeline_etl_pratica to 2026-05-01 00:00:00+00:00, run_after=2026-05-02 00:00:00+00:00
[2026-05-02T16:32:24.515+0000] {processor.py:208} INFO - Processing /workspaces/meu-primeiro-etl-airflow/dags/pipeline_etl_pratica.py took 0.300 seconds
[2026-05-02T16:33:27.098+0000] {processor.py:186} INFO - Started process (PID=21273) to work on /workspaces/meu-primeiro-etl-airflow/dags/pipeline_etl_pratica.py
[2026-05-02T16:33:27.098+0000] {processor.py:914} INFO - Processing file /workspaces/meu-primeiro-etl-airflow/dags/pipeline_etl_pratica.py for tasks to queue
[2026-05-02T16:33:27.100+0000] {logging_mixin.py:190} INFO - [2026-05-02T16:33:27.100+0000] {dagbag.py:588} INFO - Filling up the DagBag from /workspaces/meu-primeiro-etl-airflow/dags/pipeline_etl_pratica.py
[2026-05-02T16:33:27.110+0000] {logging_mixin.py:190} INFO - [2026-05-02T16:33:27.109+0000] {templater.py:94} ERROR - Failed to resolve template field 'sql'
Traceback (most recent call last):
  File "/usr/local/python/3.12.1/lib/python3.12/site-packages/airflow/template/templater.py", line 92, in resolve_template_files
    setattr(self, field, env.loader.get_source(env, content)[0])  # type: ignore
                         ^^^^^^^^^^^^^^^^^^^^^^^^^^^^^^^^^^^
  File "/usr/local/python/3.12.1/lib/python3.12/site-packages/jinja2/loaders.py", line 207, in get_source
    raise TemplateNotFound(template)
jinja2.exceptions.TemplateNotFound: sql/insert_data.sql
[2026-05-02T16:33:27.112+0000] {processor.py:925} INFO - DAG(s) 'pipeline_etl_pratica' retrieved from /workspaces/meu-primeiro-etl-airflow/dags/pipeline_etl_pratica.py
[2026-05-02T16:33:27.124+0000] {logging_mixin.py:190} INFO - [2026-05-02T16:33:27.124+0000] {dag.py:3239} INFO - Sync 1 DAGs
[2026-05-02T16:33:27.142+0000] {logging_mixin.py:190} INFO - [2026-05-02T16:33:27.141+0000] {dag.py:4180} INFO - Setting next_dagrun for pipeline_etl_pratica to 2026-05-02 00:00:00+00:00, run_after=2026-05-03 00:00:00+00:00
[2026-05-02T16:33:27.158+0000] {processor.py:208} INFO - Processing /workspaces/meu-primeiro-etl-airflow/dags/pipeline_etl_pratica.py took 0.064 seconds
[2026-05-02T16:34:01.192+0000] {processor.py:186} INFO - Started process (PID=21740) to work on /workspaces/meu-primeiro-etl-airflow/dags/pipeline_etl_pratica.py
[2026-05-02T16:34:01.193+0000] {processor.py:914} INFO - Processing file /workspaces/meu-primeiro-etl-airflow/dags/pipeline_etl_pratica.py for tasks to queue
[2026-05-02T16:34:01.194+0000] {logging_mixin.py:190} INFO - [2026-05-02T16:34:01.194+0000] {dagbag.py:588} INFO - Filling up the DagBag from /workspaces/meu-primeiro-etl-airflow/dags/pipeline_etl_pratica.py
[2026-05-02T16:34:01.204+0000] {logging_mixin.py:190} INFO - [2026-05-02T16:34:01.203+0000] {templater.py:94} ERROR - Failed to resolve template field 'sql'
Traceback (most recent call last):
  File "/usr/local/python/3.12.1/lib/python3.12/site-packages/airflow/template/templater.py", line 92, in resolve_template_files
    setattr(self, field, env.loader.get_source(env, content)[0])  # type: ignore
                         ^^^^^^^^^^^^^^^^^^^^^^^^^^^^^^^^^^^
  File "/usr/local/python/3.12.1/lib/python3.12/site-packages/jinja2/loaders.py", line 207, in get_source
    raise TemplateNotFound(template)
jinja2.exceptions.TemplateNotFound: sql/insert_data.sql
[2026-05-02T16:34:01.206+0000] {processor.py:925} INFO - DAG(s) 'pipeline_etl_pratica' retrieved from /workspaces/meu-primeiro-etl-airflow/dags/pipeline_etl_pratica.py
[2026-05-02T16:34:01.218+0000] {logging_mixin.py:190} INFO - [2026-05-02T16:34:01.218+0000] {dag.py:3239} INFO - Sync 1 DAGs
[2026-05-02T16:34:01.235+0000] {logging_mixin.py:190} INFO - [2026-05-02T16:34:01.234+0000] {dag.py:4180} INFO - Setting next_dagrun for pipeline_etl_pratica to 2026-05-02 00:00:00+00:00, run_after=2026-05-03 00:00:00+00:00
[2026-05-02T16:34:01.253+0000] {processor.py:208} INFO - Processing /workspaces/meu-primeiro-etl-airflow/dags/pipeline_etl_pratica.py took 0.065 seconds
[2026-05-02T16:35:02.187+0000] {processor.py:186} INFO - Started process (PID=22698) to work on /workspaces/meu-primeiro-etl-airflow/dags/pipeline_etl_pratica.py
[2026-05-02T16:35:02.188+0000] {processor.py:914} INFO - Processing file /workspaces/meu-primeiro-etl-airflow/dags/pipeline_etl_pratica.py for tasks to queue
[2026-05-02T16:35:02.190+0000] {logging_mixin.py:190} INFO - [2026-05-02T16:35:02.189+0000] {dagbag.py:588} INFO - Filling up the DagBag from /workspaces/meu-primeiro-etl-airflow/dags/pipeline_etl_pratica.py
[2026-05-02T16:35:02.200+0000] {logging_mixin.py:190} INFO - [2026-05-02T16:35:02.199+0000] {templater.py:94} ERROR - Failed to resolve template field 'sql'
Traceback (most recent call last):
  File "/usr/local/python/3.12.1/lib/python3.12/site-packages/airflow/template/templater.py", line 92, in resolve_template_files
    setattr(self, field, env.loader.get_source(env, content)[0])  # type: ignore
                         ^^^^^^^^^^^^^^^^^^^^^^^^^^^^^^^^^^^
  File "/usr/local/python/3.12.1/lib/python3.12/site-packages/jinja2/loaders.py", line 207, in get_source
    raise TemplateNotFound(template)
jinja2.exceptions.TemplateNotFound: sql/insert_data.sql
[2026-05-02T16:35:02.202+0000] {processor.py:925} INFO - DAG(s) 'pipeline_etl_pratica' retrieved from /workspaces/meu-primeiro-etl-airflow/dags/pipeline_etl_pratica.py
[2026-05-02T16:35:02.220+0000] {logging_mixin.py:190} INFO - [2026-05-02T16:35:02.220+0000] {dag.py:3239} INFO - Sync 1 DAGs
[2026-05-02T16:35:02.237+0000] {logging_mixin.py:190} INFO - [2026-05-02T16:35:02.237+0000] {dag.py:4180} INFO - Setting next_dagrun for pipeline_etl_pratica to 2026-05-02 00:00:00+00:00, run_after=2026-05-03 00:00:00+00:00
[2026-05-02T16:35:02.254+0000] {processor.py:208} INFO - Processing /workspaces/meu-primeiro-etl-airflow/dags/pipeline_etl_pratica.py took 0.071 seconds
[2026-05-02T16:35:33.266+0000] {processor.py:186} INFO - Started process (PID=23181) to work on /workspaces/meu-primeiro-etl-airflow/dags/pipeline_etl_pratica.py
[2026-05-02T16:35:33.267+0000] {processor.py:914} INFO - Processing file /workspaces/meu-primeiro-etl-airflow/dags/pipeline_etl_pratica.py for tasks to queue
[2026-05-02T16:35:33.268+0000] {logging_mixin.py:190} INFO - [2026-05-02T16:35:33.268+0000] {dagbag.py:588} INFO - Filling up the DagBag from /workspaces/meu-primeiro-etl-airflow/dags/pipeline_etl_pratica.py
[2026-05-02T16:35:33.278+0000] {logging_mixin.py:190} INFO - [2026-05-02T16:35:33.277+0000] {templater.py:94} ERROR - Failed to resolve template field 'sql'
Traceback (most recent call last):
  File "/usr/local/python/3.12.1/lib/python3.12/site-packages/airflow/template/templater.py", line 92, in resolve_template_files
    setattr(self, field, env.loader.get_source(env, content)[0])  # type: ignore
                         ^^^^^^^^^^^^^^^^^^^^^^^^^^^^^^^^^^^
  File "/usr/local/python/3.12.1/lib/python3.12/site-packages/jinja2/loaders.py", line 207, in get_source
    raise TemplateNotFound(template)
jinja2.exceptions.TemplateNotFound: sql/insert_data.sql
[2026-05-02T16:35:33.280+0000] {processor.py:925} INFO - DAG(s) 'pipeline_etl_pratica' retrieved from /workspaces/meu-primeiro-etl-airflow/dags/pipeline_etl_pratica.py
[2026-05-02T16:35:33.293+0000] {logging_mixin.py:190} INFO - [2026-05-02T16:35:33.293+0000] {dag.py:3239} INFO - Sync 1 DAGs
[2026-05-02T16:35:33.310+0000] {logging_mixin.py:190} INFO - [2026-05-02T16:35:33.310+0000] {dag.py:4180} INFO - Setting next_dagrun for pipeline_etl_pratica to 2026-05-02 00:00:00+00:00, run_after=2026-05-03 00:00:00+00:00
[2026-05-02T16:35:33.328+0000] {processor.py:208} INFO - Processing /workspaces/meu-primeiro-etl-airflow/dags/pipeline_etl_pratica.py took 0.067 seconds
[2026-05-02T16:36:28.473+0000] {processor.py:186} INFO - Started process (PID=23680) to work on /workspaces/meu-primeiro-etl-airflow/dags/pipeline_etl_pratica.py
[2026-05-02T16:36:28.474+0000] {processor.py:914} INFO - Processing file /workspaces/meu-primeiro-etl-airflow/dags/pipeline_etl_pratica.py for tasks to queue
[2026-05-02T16:36:28.475+0000] {logging_mixin.py:190} INFO - [2026-05-02T16:36:28.475+0000] {dagbag.py:588} INFO - Filling up the DagBag from /workspaces/meu-primeiro-etl-airflow/dags/pipeline_etl_pratica.py
[2026-05-02T16:36:28.485+0000] {logging_mixin.py:190} INFO - [2026-05-02T16:36:28.484+0000] {templater.py:94} ERROR - Failed to resolve template field 'sql'
Traceback (most recent call last):
  File "/usr/local/python/3.12.1/lib/python3.12/site-packages/airflow/template/templater.py", line 92, in resolve_template_files
    setattr(self, field, env.loader.get_source(env, content)[0])  # type: ignore
                         ^^^^^^^^^^^^^^^^^^^^^^^^^^^^^^^^^^^
  File "/usr/local/python/3.12.1/lib/python3.12/site-packages/jinja2/loaders.py", line 207, in get_source
    raise TemplateNotFound(template)
jinja2.exceptions.TemplateNotFound: sql/insert_data.sql
[2026-05-02T16:36:28.487+0000] {processor.py:925} INFO - DAG(s) 'pipeline_etl_pratica' retrieved from /workspaces/meu-primeiro-etl-airflow/dags/pipeline_etl_pratica.py
[2026-05-02T16:36:28.499+0000] {logging_mixin.py:190} INFO - [2026-05-02T16:36:28.499+0000] {dag.py:3239} INFO - Sync 1 DAGs
[2026-05-02T16:36:28.516+0000] {logging_mixin.py:190} INFO - [2026-05-02T16:36:28.516+0000] {dag.py:4180} INFO - Setting next_dagrun for pipeline_etl_pratica to 2026-05-02 00:00:00+00:00, run_after=2026-05-03 00:00:00+00:00
[2026-05-02T16:36:28.532+0000] {processor.py:208} INFO - Processing /workspaces/meu-primeiro-etl-airflow/dags/pipeline_etl_pratica.py took 0.063 seconds
[2026-05-02T16:37:18.866+0000] {processor.py:186} INFO - Started process (PID=24142) to work on /workspaces/meu-primeiro-etl-airflow/dags/pipeline_etl_pratica.py
[2026-05-02T16:37:18.867+0000] {processor.py:914} INFO - Processing file /workspaces/meu-primeiro-etl-airflow/dags/pipeline_etl_pratica.py for tasks to queue
[2026-05-02T16:37:18.868+0000] {logging_mixin.py:190} INFO - [2026-05-02T16:37:18.868+0000] {dagbag.py:588} INFO - Filling up the DagBag from /workspaces/meu-primeiro-etl-airflow/dags/pipeline_etl_pratica.py
[2026-05-02T16:37:18.878+0000] {logging_mixin.py:190} INFO - [2026-05-02T16:37:18.878+0000] {templater.py:94} ERROR - Failed to resolve template field 'sql'
Traceback (most recent call last):
  File "/usr/local/python/3.12.1/lib/python3.12/site-packages/airflow/template/templater.py", line 92, in resolve_template_files
    setattr(self, field, env.loader.get_source(env, content)[0])  # type: ignore
                         ^^^^^^^^^^^^^^^^^^^^^^^^^^^^^^^^^^^
  File "/usr/local/python/3.12.1/lib/python3.12/site-packages/jinja2/loaders.py", line 207, in get_source
    raise TemplateNotFound(template)
jinja2.exceptions.TemplateNotFound: sql/insert_data.sql
[2026-05-02T16:37:18.880+0000] {processor.py:925} INFO - DAG(s) 'pipeline_etl_pratica' retrieved from /workspaces/meu-primeiro-etl-airflow/dags/pipeline_etl_pratica.py
[2026-05-02T16:37:18.893+0000] {logging_mixin.py:190} INFO - [2026-05-02T16:37:18.893+0000] {dag.py:3239} INFO - Sync 1 DAGs
[2026-05-02T16:37:18.910+0000] {logging_mixin.py:190} INFO - [2026-05-02T16:37:18.910+0000] {dag.py:4180} INFO - Setting next_dagrun for pipeline_etl_pratica to 2026-05-02 00:00:00+00:00, run_after=2026-05-03 00:00:00+00:00
[2026-05-02T16:37:18.927+0000] {processor.py:208} INFO - Processing /workspaces/meu-primeiro-etl-airflow/dags/pipeline_etl_pratica.py took 0.065 seconds
[2026-05-02T16:38:10.864+0000] {processor.py:186} INFO - Started process (PID=24717) to work on /workspaces/meu-primeiro-etl-airflow/dags/pipeline_etl_pratica.py
[2026-05-02T16:38:10.865+0000] {processor.py:914} INFO - Processing file /workspaces/meu-primeiro-etl-airflow/dags/pipeline_etl_pratica.py for tasks to queue
[2026-05-02T16:38:10.866+0000] {logging_mixin.py:190} INFO - [2026-05-02T16:38:10.866+0000] {dagbag.py:588} INFO - Filling up the DagBag from /workspaces/meu-primeiro-etl-airflow/dags/pipeline_etl_pratica.py
[2026-05-02T16:38:10.877+0000] {processor.py:925} INFO - DAG(s) 'pipeline_etl_pratica' retrieved from /workspaces/meu-primeiro-etl-airflow/dags/pipeline_etl_pratica.py
[2026-05-02T16:38:10.966+0000] {logging_mixin.py:190} INFO - [2026-05-02T16:38:10.965+0000] {dag.py:3239} INFO - Sync 1 DAGs
[2026-05-02T16:38:10.981+0000] {logging_mixin.py:190} INFO - [2026-05-02T16:38:10.981+0000] {dag.py:4180} INFO - Setting next_dagrun for pipeline_etl_pratica to 2026-05-02 00:00:00+00:00, run_after=2026-05-03 00:00:00+00:00
[2026-05-02T16:38:11.001+0000] {processor.py:208} INFO - Processing /workspaces/meu-primeiro-etl-airflow/dags/pipeline_etl_pratica.py took 0.142 seconds
[2026-05-02T16:39:10.625+0000] {processor.py:186} INFO - Started process (PID=25394) to work on /workspaces/meu-primeiro-etl-airflow/dags/pipeline_etl_pratica.py
[2026-05-02T16:39:10.635+0000] {processor.py:914} INFO - Processing file /workspaces/meu-primeiro-etl-airflow/dags/pipeline_etl_pratica.py for tasks to queue
[2026-05-02T16:39:10.642+0000] {logging_mixin.py:190} INFO - [2026-05-02T16:39:10.641+0000] {dagbag.py:588} INFO - Filling up the DagBag from /workspaces/meu-primeiro-etl-airflow/dags/pipeline_etl_pratica.py
[2026-05-02T16:39:10.658+0000] {logging_mixin.py:190} INFO - [2026-05-02T16:39:10.650+0000] {dagbag.py:387} ERROR - Failed to import: /workspaces/meu-primeiro-etl-airflow/dags/pipeline_etl_pratica.py
Traceback (most recent call last):
  File "/usr/local/python/3.12.1/lib/python3.12/site-packages/airflow/models/dagbag.py", line 383, in parse
    loader.exec_module(new_module)
  File "<frozen importlib._bootstrap_external>", line 990, in exec_module
  File "<frozen importlib._bootstrap_external>", line 1128, in get_code
  File "<frozen importlib._bootstrap_external>", line 1058, in source_to_code
  File "<frozen importlib._bootstrap>", line 488, in _call_with_frames_removed
  File "/workspaces/meu-primeiro-etl-airflow/dags/pipeline_etl_pratica.py", line 29
    catchup=False # Requisito 5: Evitar múltiplas execuções
            ^^^^^^^^^^^
SyntaxError: invalid syntax. Perhaps you forgot a comma?
[2026-05-02T16:39:10.662+0000] {processor.py:927} WARNING - No viable dags retrieved from /workspaces/meu-primeiro-etl-airflow/dags/pipeline_etl_pratica.py
[2026-05-02T16:39:10.761+0000] {processor.py:208} INFO - Processing /workspaces/meu-primeiro-etl-airflow/dags/pipeline_etl_pratica.py took 0.158 seconds
[2026-05-02T16:39:41.396+0000] {processor.py:186} INFO - Started process (PID=25743) to work on /workspaces/meu-primeiro-etl-airflow/dags/pipeline_etl_pratica.py
[2026-05-02T16:39:41.397+0000] {processor.py:914} INFO - Processing file /workspaces/meu-primeiro-etl-airflow/dags/pipeline_etl_pratica.py for tasks to queue
[2026-05-02T16:39:41.398+0000] {logging_mixin.py:190} INFO - [2026-05-02T16:39:41.398+0000] {dagbag.py:588} INFO - Filling up the DagBag from /workspaces/meu-primeiro-etl-airflow/dags/pipeline_etl_pratica.py
[2026-05-02T16:39:41.409+0000] {processor.py:925} INFO - DAG(s) 'pipeline_etl_pratica' retrieved from /workspaces/meu-primeiro-etl-airflow/dags/pipeline_etl_pratica.py
[2026-05-02T16:39:41.498+0000] {logging_mixin.py:190} INFO - [2026-05-02T16:39:41.498+0000] {dag.py:3239} INFO - Sync 1 DAGs
[2026-05-02T16:39:41.513+0000] {logging_mixin.py:190} INFO - [2026-05-02T16:39:41.513+0000] {dag.py:4180} INFO - Setting next_dagrun for pipeline_etl_pratica to 2026-05-02 00:00:00+00:00, run_after=2026-05-03 00:00:00+00:00
[2026-05-02T16:39:41.538+0000] {processor.py:208} INFO - Processing /workspaces/meu-primeiro-etl-airflow/dags/pipeline_etl_pratica.py took 0.146 seconds
[2026-05-02T16:40:37.218+0000] {processor.py:186} INFO - Started process (PID=26362) to work on /workspaces/meu-primeiro-etl-airflow/dags/pipeline_etl_pratica.py
[2026-05-02T16:40:37.219+0000] {processor.py:914} INFO - Processing file /workspaces/meu-primeiro-etl-airflow/dags/pipeline_etl_pratica.py for tasks to queue
[2026-05-02T16:40:37.220+0000] {logging_mixin.py:190} INFO - [2026-05-02T16:40:37.220+0000] {dagbag.py:588} INFO - Filling up the DagBag from /workspaces/meu-primeiro-etl-airflow/dags/pipeline_etl_pratica.py
[2026-05-02T16:40:37.231+0000] {processor.py:925} INFO - DAG(s) 'pipeline_etl_pratica' retrieved from /workspaces/meu-primeiro-etl-airflow/dags/pipeline_etl_pratica.py
[2026-05-02T16:40:37.243+0000] {logging_mixin.py:190} INFO - [2026-05-02T16:40:37.243+0000] {dag.py:3239} INFO - Sync 1 DAGs
[2026-05-02T16:40:37.261+0000] {logging_mixin.py:190} INFO - [2026-05-02T16:40:37.261+0000] {dag.py:4180} INFO - Setting next_dagrun for pipeline_etl_pratica to 2026-05-02 00:00:00+00:00, run_after=2026-05-03 00:00:00+00:00
[2026-05-02T16:40:37.277+0000] {processor.py:208} INFO - Processing /workspaces/meu-primeiro-etl-airflow/dags/pipeline_etl_pratica.py took 0.063 seconds
[2026-05-02T16:41:32.188+0000] {processor.py:186} INFO - Started process (PID=26905) to work on /workspaces/meu-primeiro-etl-airflow/dags/pipeline_etl_pratica.py
[2026-05-02T16:41:32.189+0000] {processor.py:914} INFO - Processing file /workspaces/meu-primeiro-etl-airflow/dags/pipeline_etl_pratica.py for tasks to queue
[2026-05-02T16:41:32.190+0000] {logging_mixin.py:190} INFO - [2026-05-02T16:41:32.189+0000] {dagbag.py:588} INFO - Filling up the DagBag from /workspaces/meu-primeiro-etl-airflow/dags/pipeline_etl_pratica.py
[2026-05-02T16:41:32.201+0000] {processor.py:925} INFO - DAG(s) 'pipeline_etl_pratica' retrieved from /workspaces/meu-primeiro-etl-airflow/dags/pipeline_etl_pratica.py
[2026-05-02T16:41:32.214+0000] {logging_mixin.py:190} INFO - [2026-05-02T16:41:32.214+0000] {dag.py:3239} INFO - Sync 1 DAGs
[2026-05-02T16:41:32.231+0000] {logging_mixin.py:190} INFO - [2026-05-02T16:41:32.230+0000] {dag.py:4180} INFO - Setting next_dagrun for pipeline_etl_pratica to 2026-05-02 00:00:00+00:00, run_after=2026-05-03 00:00:00+00:00
[2026-05-02T16:41:32.247+0000] {processor.py:208} INFO - Processing /workspaces/meu-primeiro-etl-airflow/dags/pipeline_etl_pratica.py took 0.063 seconds
[2026-05-02T16:42:27.176+0000] {processor.py:186} INFO - Started process (PID=27401) to work on /workspaces/meu-primeiro-etl-airflow/dags/pipeline_etl_pratica.py
[2026-05-02T16:42:27.176+0000] {processor.py:914} INFO - Processing file /workspaces/meu-primeiro-etl-airflow/dags/pipeline_etl_pratica.py for tasks to queue
[2026-05-02T16:42:27.177+0000] {logging_mixin.py:190} INFO - [2026-05-02T16:42:27.177+0000] {dagbag.py:588} INFO - Filling up the DagBag from /workspaces/meu-primeiro-etl-airflow/dags/pipeline_etl_pratica.py
[2026-05-02T16:42:27.188+0000] {processor.py:925} INFO - DAG(s) 'pipeline_etl_pratica' retrieved from /workspaces/meu-primeiro-etl-airflow/dags/pipeline_etl_pratica.py
[2026-05-02T16:42:27.276+0000] {logging_mixin.py:190} INFO - [2026-05-02T16:42:27.276+0000] {dag.py:3239} INFO - Sync 1 DAGs
[2026-05-02T16:42:27.292+0000] {logging_mixin.py:190} INFO - [2026-05-02T16:42:27.292+0000] {dag.py:4180} INFO - Setting next_dagrun for pipeline_etl_pratica to 2026-05-02 00:00:00+00:00, run_after=2026-05-03 00:00:00+00:00
[2026-05-02T16:42:27.311+0000] {processor.py:208} INFO - Processing /workspaces/meu-primeiro-etl-airflow/dags/pipeline_etl_pratica.py took 0.140 seconds
[2026-05-02T16:43:18.144+0000] {processor.py:186} INFO - Started process (PID=27851) to work on /workspaces/meu-primeiro-etl-airflow/dags/pipeline_etl_pratica.py
[2026-05-02T16:43:18.145+0000] {processor.py:914} INFO - Processing file /workspaces/meu-primeiro-etl-airflow/dags/pipeline_etl_pratica.py for tasks to queue
[2026-05-02T16:43:18.146+0000] {logging_mixin.py:190} INFO - [2026-05-02T16:43:18.146+0000] {dagbag.py:588} INFO - Filling up the DagBag from /workspaces/meu-primeiro-etl-airflow/dags/pipeline_etl_pratica.py
[2026-05-02T16:43:18.160+0000] {processor.py:925} INFO - DAG(s) 'pipeline_etl_pratica' retrieved from /workspaces/meu-primeiro-etl-airflow/dags/pipeline_etl_pratica.py
[2026-05-02T16:43:18.176+0000] {logging_mixin.py:190} INFO - [2026-05-02T16:43:18.176+0000] {dag.py:3239} INFO - Sync 1 DAGs
[2026-05-02T16:43:18.199+0000] {logging_mixin.py:190} INFO - [2026-05-02T16:43:18.199+0000] {dag.py:4180} INFO - Setting next_dagrun for pipeline_etl_pratica to 2026-05-02 00:00:00+00:00, run_after=2026-05-03 00:00:00+00:00
[2026-05-02T16:43:18.220+0000] {processor.py:208} INFO - Processing /workspaces/meu-primeiro-etl-airflow/dags/pipeline_etl_pratica.py took 0.082 seconds
[2026-05-02T16:43:55.280+0000] {processor.py:186} INFO - Started process (PID=28599) to work on /workspaces/meu-primeiro-etl-airflow/dags/pipeline_etl_pratica.py
[2026-05-02T16:43:55.281+0000] {processor.py:914} INFO - Processing file /workspaces/meu-primeiro-etl-airflow/dags/pipeline_etl_pratica.py for tasks to queue
[2026-05-02T16:43:55.282+0000] {logging_mixin.py:190} INFO - [2026-05-02T16:43:55.281+0000] {dagbag.py:588} INFO - Filling up the DagBag from /workspaces/meu-primeiro-etl-airflow/dags/pipeline_etl_pratica.py
[2026-05-02T16:43:55.292+0000] {processor.py:925} INFO - DAG(s) 'pipeline_etl_pratica' retrieved from /workspaces/meu-primeiro-etl-airflow/dags/pipeline_etl_pratica.py
[2026-05-02T16:43:55.306+0000] {logging_mixin.py:190} INFO - [2026-05-02T16:43:55.306+0000] {dag.py:3239} INFO - Sync 1 DAGs
[2026-05-02T16:43:55.325+0000] {logging_mixin.py:190} INFO - [2026-05-02T16:43:55.325+0000] {dag.py:4180} INFO - Setting next_dagrun for pipeline_etl_pratica to 2026-05-02 00:00:00+00:00, run_after=2026-05-03 00:00:00+00:00
[2026-05-02T16:43:55.342+0000] {processor.py:208} INFO - Processing /workspaces/meu-primeiro-etl-airflow/dags/pipeline_etl_pratica.py took 0.066 seconds
[2026-05-02T16:44:28.787+0000] {processor.py:186} INFO - Started process (PID=29039) to work on /workspaces/meu-primeiro-etl-airflow/dags/pipeline_etl_pratica.py
[2026-05-02T16:44:28.787+0000] {processor.py:914} INFO - Processing file /workspaces/meu-primeiro-etl-airflow/dags/pipeline_etl_pratica.py for tasks to queue
[2026-05-02T16:44:28.789+0000] {logging_mixin.py:190} INFO - [2026-05-02T16:44:28.788+0000] {dagbag.py:588} INFO - Filling up the DagBag from /workspaces/meu-primeiro-etl-airflow/dags/pipeline_etl_pratica.py
[2026-05-02T16:44:28.806+0000] {processor.py:925} INFO - DAG(s) 'pipeline_etl_pratica' retrieved from /workspaces/meu-primeiro-etl-airflow/dags/pipeline_etl_pratica.py
[2026-05-02T16:44:28.832+0000] {logging_mixin.py:190} INFO - [2026-05-02T16:44:28.832+0000] {dag.py:3239} INFO - Sync 1 DAGs
[2026-05-02T16:44:28.861+0000] {logging_mixin.py:190} INFO - [2026-05-02T16:44:28.859+0000] {dag.py:4180} INFO - Setting next_dagrun for pipeline_etl_pratica to 2026-05-02 00:00:00+00:00, run_after=2026-05-03 00:00:00+00:00
[2026-05-02T16:44:28.885+0000] {processor.py:208} INFO - Processing /workspaces/meu-primeiro-etl-airflow/dags/pipeline_etl_pratica.py took 0.102 seconds
[2026-05-02T16:45:26.963+0000] {processor.py:186} INFO - Started process (PID=29842) to work on /workspaces/meu-primeiro-etl-airflow/dags/pipeline_etl_pratica.py
[2026-05-02T16:45:26.963+0000] {processor.py:914} INFO - Processing file /workspaces/meu-primeiro-etl-airflow/dags/pipeline_etl_pratica.py for tasks to queue
[2026-05-02T16:45:26.964+0000] {logging_mixin.py:190} INFO - [2026-05-02T16:45:26.964+0000] {dagbag.py:588} INFO - Filling up the DagBag from /workspaces/meu-primeiro-etl-airflow/dags/pipeline_etl_pratica.py
[2026-05-02T16:45:26.975+0000] {processor.py:925} INFO - DAG(s) 'pipeline_etl_pratica' retrieved from /workspaces/meu-primeiro-etl-airflow/dags/pipeline_etl_pratica.py
[2026-05-02T16:45:26.987+0000] {logging_mixin.py:190} INFO - [2026-05-02T16:45:26.987+0000] {dag.py:3239} INFO - Sync 1 DAGs
[2026-05-02T16:45:27.005+0000] {logging_mixin.py:190} INFO - [2026-05-02T16:45:27.005+0000] {dag.py:4180} INFO - Setting next_dagrun for pipeline_etl_pratica to 2026-05-02 00:00:00+00:00, run_after=2026-05-03 00:00:00+00:00
[2026-05-02T16:45:27.023+0000] {processor.py:208} INFO - Processing /workspaces/meu-primeiro-etl-airflow/dags/pipeline_etl_pratica.py took 0.064 seconds
[2026-05-02T16:46:19.498+0000] {processor.py:186} INFO - Started process (PID=30439) to work on /workspaces/meu-primeiro-etl-airflow/dags/pipeline_etl_pratica.py
[2026-05-02T16:46:19.499+0000] {processor.py:914} INFO - Processing file /workspaces/meu-primeiro-etl-airflow/dags/pipeline_etl_pratica.py for tasks to queue
[2026-05-02T16:46:19.500+0000] {logging_mixin.py:190} INFO - [2026-05-02T16:46:19.500+0000] {dagbag.py:588} INFO - Filling up the DagBag from /workspaces/meu-primeiro-etl-airflow/dags/pipeline_etl_pratica.py
[2026-05-02T16:46:19.512+0000] {processor.py:925} INFO - DAG(s) 'pipeline_etl_pratica' retrieved from /workspaces/meu-primeiro-etl-airflow/dags/pipeline_etl_pratica.py
[2026-05-02T16:46:19.527+0000] {logging_mixin.py:190} INFO - [2026-05-02T16:46:19.527+0000] {dag.py:3239} INFO - Sync 1 DAGs
[2026-05-02T16:46:19.545+0000] {logging_mixin.py:190} INFO - [2026-05-02T16:46:19.545+0000] {dag.py:4180} INFO - Setting next_dagrun for pipeline_etl_pratica to 2026-05-02 00:00:00+00:00, run_after=2026-05-03 00:00:00+00:00
[2026-05-02T16:46:19.562+0000] {processor.py:208} INFO - Processing /workspaces/meu-primeiro-etl-airflow/dags/pipeline_etl_pratica.py took 0.068 seconds
[2026-05-02T16:47:12.308+0000] {processor.py:186} INFO - Started process (PID=30904) to work on /workspaces/meu-primeiro-etl-airflow/dags/pipeline_etl_pratica.py
[2026-05-02T16:47:12.309+0000] {processor.py:914} INFO - Processing file /workspaces/meu-primeiro-etl-airflow/dags/pipeline_etl_pratica.py for tasks to queue
[2026-05-02T16:47:12.310+0000] {logging_mixin.py:190} INFO - [2026-05-02T16:47:12.310+0000] {dagbag.py:588} INFO - Filling up the DagBag from /workspaces/meu-primeiro-etl-airflow/dags/pipeline_etl_pratica.py
[2026-05-02T16:47:12.321+0000] {processor.py:925} INFO - DAG(s) 'pipeline_etl_pratica' retrieved from /workspaces/meu-primeiro-etl-airflow/dags/pipeline_etl_pratica.py
[2026-05-02T16:47:12.334+0000] {logging_mixin.py:190} INFO - [2026-05-02T16:47:12.334+0000] {dag.py:3239} INFO - Sync 1 DAGs
[2026-05-02T16:47:12.351+0000] {logging_mixin.py:190} INFO - [2026-05-02T16:47:12.351+0000] {dag.py:4180} INFO - Setting next_dagrun for pipeline_etl_pratica to 2026-05-02 00:00:00+00:00, run_after=2026-05-03 00:00:00+00:00
[2026-05-02T16:47:12.367+0000] {processor.py:208} INFO - Processing /workspaces/meu-primeiro-etl-airflow/dags/pipeline_etl_pratica.py took 0.063 seconds
[2026-05-02T16:48:05.583+0000] {processor.py:186} INFO - Started process (PID=31438) to work on /workspaces/meu-primeiro-etl-airflow/dags/pipeline_etl_pratica.py
[2026-05-02T16:48:05.584+0000] {processor.py:914} INFO - Processing file /workspaces/meu-primeiro-etl-airflow/dags/pipeline_etl_pratica.py for tasks to queue
[2026-05-02T16:48:05.585+0000] {logging_mixin.py:190} INFO - [2026-05-02T16:48:05.584+0000] {dagbag.py:588} INFO - Filling up the DagBag from /workspaces/meu-primeiro-etl-airflow/dags/pipeline_etl_pratica.py
[2026-05-02T16:48:05.597+0000] {processor.py:925} INFO - DAG(s) 'pipeline_etl_pratica' retrieved from /workspaces/meu-primeiro-etl-airflow/dags/pipeline_etl_pratica.py
[2026-05-02T16:48:05.610+0000] {logging_mixin.py:190} INFO - [2026-05-02T16:48:05.610+0000] {dag.py:3239} INFO - Sync 1 DAGs
[2026-05-02T16:48:05.633+0000] {logging_mixin.py:190} INFO - [2026-05-02T16:48:05.633+0000] {dag.py:4180} INFO - Setting next_dagrun for pipeline_etl_pratica to 2026-05-02 00:00:00+00:00, run_after=2026-05-03 00:00:00+00:00
[2026-05-02T16:48:05.650+0000] {processor.py:208} INFO - Processing /workspaces/meu-primeiro-etl-airflow/dags/pipeline_etl_pratica.py took 0.071 seconds
[2026-05-02T16:48:57.445+0000] {processor.py:186} INFO - Started process (PID=31962) to work on /workspaces/meu-primeiro-etl-airflow/dags/pipeline_etl_pratica.py
[2026-05-02T16:48:57.446+0000] {processor.py:914} INFO - Processing file /workspaces/meu-primeiro-etl-airflow/dags/pipeline_etl_pratica.py for tasks to queue
[2026-05-02T16:48:57.447+0000] {logging_mixin.py:190} INFO - [2026-05-02T16:48:57.447+0000] {dagbag.py:588} INFO - Filling up the DagBag from /workspaces/meu-primeiro-etl-airflow/dags/pipeline_etl_pratica.py
[2026-05-02T16:48:57.458+0000] {processor.py:925} INFO - DAG(s) 'pipeline_etl_pratica' retrieved from /workspaces/meu-primeiro-etl-airflow/dags/pipeline_etl_pratica.py
[2026-05-02T16:48:57.471+0000] {logging_mixin.py:190} INFO - [2026-05-02T16:48:57.471+0000] {dag.py:3239} INFO - Sync 1 DAGs
[2026-05-02T16:48:57.488+0000] {logging_mixin.py:190} INFO - [2026-05-02T16:48:57.488+0000] {dag.py:4180} INFO - Setting next_dagrun for pipeline_etl_pratica to 2026-05-02 00:00:00+00:00, run_after=2026-05-03 00:00:00+00:00
[2026-05-02T16:48:57.506+0000] {processor.py:208} INFO - Processing /workspaces/meu-primeiro-etl-airflow/dags/pipeline_etl_pratica.py took 0.065 seconds
[2026-05-02T16:49:51.838+0000] {processor.py:186} INFO - Started process (PID=32509) to work on /workspaces/meu-primeiro-etl-airflow/dags/pipeline_etl_pratica.py
[2026-05-02T16:49:51.838+0000] {processor.py:914} INFO - Processing file /workspaces/meu-primeiro-etl-airflow/dags/pipeline_etl_pratica.py for tasks to queue
[2026-05-02T16:49:51.839+0000] {logging_mixin.py:190} INFO - [2026-05-02T16:49:51.839+0000] {dagbag.py:588} INFO - Filling up the DagBag from /workspaces/meu-primeiro-etl-airflow/dags/pipeline_etl_pratica.py
[2026-05-02T16:49:51.850+0000] {processor.py:925} INFO - DAG(s) 'pipeline_etl_pratica' retrieved from /workspaces/meu-primeiro-etl-airflow/dags/pipeline_etl_pratica.py
[2026-05-02T16:49:51.867+0000] {logging_mixin.py:190} INFO - [2026-05-02T16:49:51.867+0000] {dag.py:3239} INFO - Sync 1 DAGs
[2026-05-02T16:49:51.885+0000] {logging_mixin.py:190} INFO - [2026-05-02T16:49:51.885+0000] {dag.py:4180} INFO - Setting next_dagrun for pipeline_etl_pratica to 2026-05-02 00:00:00+00:00, run_after=2026-05-03 00:00:00+00:00
[2026-05-02T16:49:51.921+0000] {processor.py:208} INFO - Processing /workspaces/meu-primeiro-etl-airflow/dags/pipeline_etl_pratica.py took 0.087 seconds
[2026-05-02T16:50:45.069+0000] {processor.py:186} INFO - Started process (PID=32979) to work on /workspaces/meu-primeiro-etl-airflow/dags/pipeline_etl_pratica.py
[2026-05-02T16:50:45.069+0000] {processor.py:914} INFO - Processing file /workspaces/meu-primeiro-etl-airflow/dags/pipeline_etl_pratica.py for tasks to queue
[2026-05-02T16:50:45.070+0000] {logging_mixin.py:190} INFO - [2026-05-02T16:50:45.070+0000] {dagbag.py:588} INFO - Filling up the DagBag from /workspaces/meu-primeiro-etl-airflow/dags/pipeline_etl_pratica.py
[2026-05-02T16:50:45.081+0000] {processor.py:925} INFO - DAG(s) 'pipeline_etl_pratica' retrieved from /workspaces/meu-primeiro-etl-airflow/dags/pipeline_etl_pratica.py
[2026-05-02T16:50:45.093+0000] {logging_mixin.py:190} INFO - [2026-05-02T16:50:45.093+0000] {dag.py:3239} INFO - Sync 1 DAGs
[2026-05-02T16:50:45.111+0000] {logging_mixin.py:190} INFO - [2026-05-02T16:50:45.110+0000] {dag.py:4180} INFO - Setting next_dagrun for pipeline_etl_pratica to 2026-05-02 00:00:00+00:00, run_after=2026-05-03 00:00:00+00:00
[2026-05-02T16:50:45.128+0000] {processor.py:208} INFO - Processing /workspaces/meu-primeiro-etl-airflow/dags/pipeline_etl_pratica.py took 0.064 seconds
[2026-05-02T16:51:36.576+0000] {processor.py:186} INFO - Started process (PID=33444) to work on /workspaces/meu-primeiro-etl-airflow/dags/pipeline_etl_pratica.py
[2026-05-02T16:51:36.576+0000] {processor.py:914} INFO - Processing file /workspaces/meu-primeiro-etl-airflow/dags/pipeline_etl_pratica.py for tasks to queue
[2026-05-02T16:51:36.577+0000] {logging_mixin.py:190} INFO - [2026-05-02T16:51:36.577+0000] {dagbag.py:588} INFO - Filling up the DagBag from /workspaces/meu-primeiro-etl-airflow/dags/pipeline_etl_pratica.py
[2026-05-02T16:51:36.588+0000] {processor.py:925} INFO - DAG(s) 'pipeline_etl_pratica' retrieved from /workspaces/meu-primeiro-etl-airflow/dags/pipeline_etl_pratica.py
[2026-05-02T16:51:36.601+0000] {logging_mixin.py:190} INFO - [2026-05-02T16:51:36.601+0000] {dag.py:3239} INFO - Sync 1 DAGs
[2026-05-02T16:51:36.618+0000] {logging_mixin.py:190} INFO - [2026-05-02T16:51:36.618+0000] {dag.py:4180} INFO - Setting next_dagrun for pipeline_etl_pratica to 2026-05-02 00:00:00+00:00, run_after=2026-05-03 00:00:00+00:00
[2026-05-02T16:51:36.635+0000] {processor.py:208} INFO - Processing /workspaces/meu-primeiro-etl-airflow/dags/pipeline_etl_pratica.py took 0.063 seconds
[2026-05-02T16:52:30.339+0000] {processor.py:186} INFO - Started process (PID=33933) to work on /workspaces/meu-primeiro-etl-airflow/dags/pipeline_etl_pratica.py
[2026-05-02T16:52:30.339+0000] {processor.py:914} INFO - Processing file /workspaces/meu-primeiro-etl-airflow/dags/pipeline_etl_pratica.py for tasks to queue
[2026-05-02T16:52:30.340+0000] {logging_mixin.py:190} INFO - [2026-05-02T16:52:30.340+0000] {dagbag.py:588} INFO - Filling up the DagBag from /workspaces/meu-primeiro-etl-airflow/dags/pipeline_etl_pratica.py
[2026-05-02T16:52:30.351+0000] {processor.py:925} INFO - DAG(s) 'pipeline_etl_pratica' retrieved from /workspaces/meu-primeiro-etl-airflow/dags/pipeline_etl_pratica.py
[2026-05-02T16:52:30.364+0000] {logging_mixin.py:190} INFO - [2026-05-02T16:52:30.364+0000] {dag.py:3239} INFO - Sync 1 DAGs
[2026-05-02T16:52:30.381+0000] {logging_mixin.py:190} INFO - [2026-05-02T16:52:30.381+0000] {dag.py:4180} INFO - Setting next_dagrun for pipeline_etl_pratica to 2026-05-02 00:00:00+00:00, run_after=2026-05-03 00:00:00+00:00
[2026-05-02T16:52:30.397+0000] {processor.py:208} INFO - Processing /workspaces/meu-primeiro-etl-airflow/dags/pipeline_etl_pratica.py took 0.063 seconds
[2026-05-02T16:53:24.050+0000] {processor.py:186} INFO - Started process (PID=34393) to work on /workspaces/meu-primeiro-etl-airflow/dags/pipeline_etl_pratica.py
[2026-05-02T16:53:24.051+0000] {processor.py:914} INFO - Processing file /workspaces/meu-primeiro-etl-airflow/dags/pipeline_etl_pratica.py for tasks to queue
[2026-05-02T16:53:24.052+0000] {logging_mixin.py:190} INFO - [2026-05-02T16:53:24.051+0000] {dagbag.py:588} INFO - Filling up the DagBag from /workspaces/meu-primeiro-etl-airflow/dags/pipeline_etl_pratica.py
[2026-05-02T16:53:24.062+0000] {processor.py:925} INFO - DAG(s) 'pipeline_etl_pratica' retrieved from /workspaces/meu-primeiro-etl-airflow/dags/pipeline_etl_pratica.py
[2026-05-02T16:53:24.077+0000] {logging_mixin.py:190} INFO - [2026-05-02T16:53:24.077+0000] {dag.py:3239} INFO - Sync 1 DAGs
[2026-05-02T16:53:24.094+0000] {logging_mixin.py:190} INFO - [2026-05-02T16:53:24.094+0000] {dag.py:4180} INFO - Setting next_dagrun for pipeline_etl_pratica to 2026-05-02 00:00:00+00:00, run_after=2026-05-03 00:00:00+00:00
[2026-05-02T16:53:24.111+0000] {processor.py:208} INFO - Processing /workspaces/meu-primeiro-etl-airflow/dags/pipeline_etl_pratica.py took 0.066 seconds
[2026-05-02T16:54:18.597+0000] {processor.py:186} INFO - Started process (PID=34996) to work on /workspaces/meu-primeiro-etl-airflow/dags/pipeline_etl_pratica.py
[2026-05-02T16:54:18.598+0000] {processor.py:914} INFO - Processing file /workspaces/meu-primeiro-etl-airflow/dags/pipeline_etl_pratica.py for tasks to queue
[2026-05-02T16:54:18.600+0000] {logging_mixin.py:190} INFO - [2026-05-02T16:54:18.599+0000] {dagbag.py:588} INFO - Filling up the DagBag from /workspaces/meu-primeiro-etl-airflow/dags/pipeline_etl_pratica.py
[2026-05-02T16:54:18.614+0000] {processor.py:925} INFO - DAG(s) 'pipeline_etl_pratica' retrieved from /workspaces/meu-primeiro-etl-airflow/dags/pipeline_etl_pratica.py
[2026-05-02T16:54:18.631+0000] {logging_mixin.py:190} INFO - [2026-05-02T16:54:18.631+0000] {dag.py:3239} INFO - Sync 1 DAGs
[2026-05-02T16:54:18.655+0000] {logging_mixin.py:190} INFO - [2026-05-02T16:54:18.655+0000] {dag.py:4180} INFO - Setting next_dagrun for pipeline_etl_pratica to 2026-05-02 00:00:00+00:00, run_after=2026-05-03 00:00:00+00:00
[2026-05-02T16:54:18.675+0000] {processor.py:208} INFO - Processing /workspaces/meu-primeiro-etl-airflow/dags/pipeline_etl_pratica.py took 0.084 seconds
[2026-05-02T16:55:10.040+0000] {processor.py:186} INFO - Started process (PID=35453) to work on /workspaces/meu-primeiro-etl-airflow/dags/pipeline_etl_pratica.py
[2026-05-02T16:55:10.041+0000] {processor.py:914} INFO - Processing file /workspaces/meu-primeiro-etl-airflow/dags/pipeline_etl_pratica.py for tasks to queue
[2026-05-02T16:55:10.041+0000] {logging_mixin.py:190} INFO - [2026-05-02T16:55:10.041+0000] {dagbag.py:588} INFO - Filling up the DagBag from /workspaces/meu-primeiro-etl-airflow/dags/pipeline_etl_pratica.py
[2026-05-02T16:55:10.053+0000] {processor.py:925} INFO - DAG(s) 'pipeline_etl_pratica' retrieved from /workspaces/meu-primeiro-etl-airflow/dags/pipeline_etl_pratica.py
[2026-05-02T16:55:10.066+0000] {logging_mixin.py:190} INFO - [2026-05-02T16:55:10.065+0000] {dag.py:3239} INFO - Sync 1 DAGs
[2026-05-02T16:55:10.083+0000] {logging_mixin.py:190} INFO - [2026-05-02T16:55:10.082+0000] {dag.py:4180} INFO - Setting next_dagrun for pipeline_etl_pratica to 2026-05-02 00:00:00+00:00, run_after=2026-05-03 00:00:00+00:00
[2026-05-02T16:55:10.099+0000] {processor.py:208} INFO - Processing /workspaces/meu-primeiro-etl-airflow/dags/pipeline_etl_pratica.py took 0.064 seconds
[2026-05-02T16:56:02.140+0000] {processor.py:186} INFO - Started process (PID=35906) to work on /workspaces/meu-primeiro-etl-airflow/dags/pipeline_etl_pratica.py
[2026-05-02T16:56:02.140+0000] {processor.py:914} INFO - Processing file /workspaces/meu-primeiro-etl-airflow/dags/pipeline_etl_pratica.py for tasks to queue
[2026-05-02T16:56:02.141+0000] {logging_mixin.py:190} INFO - [2026-05-02T16:56:02.141+0000] {dagbag.py:588} INFO - Filling up the DagBag from /workspaces/meu-primeiro-etl-airflow/dags/pipeline_etl_pratica.py
[2026-05-02T16:56:02.153+0000] {processor.py:925} INFO - DAG(s) 'pipeline_etl_pratica' retrieved from /workspaces/meu-primeiro-etl-airflow/dags/pipeline_etl_pratica.py
[2026-05-02T16:56:02.167+0000] {logging_mixin.py:190} INFO - [2026-05-02T16:56:02.167+0000] {dag.py:3239} INFO - Sync 1 DAGs
[2026-05-02T16:56:02.188+0000] {logging_mixin.py:190} INFO - [2026-05-02T16:56:02.188+0000] {dag.py:4180} INFO - Setting next_dagrun for pipeline_etl_pratica to 2026-05-02 00:00:00+00:00, run_after=2026-05-03 00:00:00+00:00
[2026-05-02T16:56:02.206+0000] {processor.py:208} INFO - Processing /workspaces/meu-primeiro-etl-airflow/dags/pipeline_etl_pratica.py took 0.071 seconds
[2026-05-02T16:56:51.685+0000] {processor.py:186} INFO - Started process (PID=36351) to work on /workspaces/meu-primeiro-etl-airflow/dags/pipeline_etl_pratica.py
[2026-05-02T16:56:51.685+0000] {processor.py:914} INFO - Processing file /workspaces/meu-primeiro-etl-airflow/dags/pipeline_etl_pratica.py for tasks to queue
[2026-05-02T16:56:51.686+0000] {logging_mixin.py:190} INFO - [2026-05-02T16:56:51.686+0000] {dagbag.py:588} INFO - Filling up the DagBag from /workspaces/meu-primeiro-etl-airflow/dags/pipeline_etl_pratica.py
[2026-05-02T16:56:51.697+0000] {processor.py:925} INFO - DAG(s) 'pipeline_etl_pratica' retrieved from /workspaces/meu-primeiro-etl-airflow/dags/pipeline_etl_pratica.py
[2026-05-02T16:56:51.713+0000] {logging_mixin.py:190} INFO - [2026-05-02T16:56:51.713+0000] {dag.py:3239} INFO - Sync 1 DAGs
[2026-05-02T16:56:51.733+0000] {logging_mixin.py:190} INFO - [2026-05-02T16:56:51.732+0000] {dag.py:4180} INFO - Setting next_dagrun for pipeline_etl_pratica to 2026-05-02 00:00:00+00:00, run_after=2026-05-03 00:00:00+00:00
[2026-05-02T16:56:51.750+0000] {processor.py:208} INFO - Processing /workspaces/meu-primeiro-etl-airflow/dags/pipeline_etl_pratica.py took 0.070 seconds
[2026-05-02T16:57:41.941+0000] {processor.py:186} INFO - Started process (PID=36858) to work on /workspaces/meu-primeiro-etl-airflow/dags/pipeline_etl_pratica.py
[2026-05-02T16:57:41.941+0000] {processor.py:914} INFO - Processing file /workspaces/meu-primeiro-etl-airflow/dags/pipeline_etl_pratica.py for tasks to queue
[2026-05-02T16:57:41.942+0000] {logging_mixin.py:190} INFO - [2026-05-02T16:57:41.942+0000] {dagbag.py:588} INFO - Filling up the DagBag from /workspaces/meu-primeiro-etl-airflow/dags/pipeline_etl_pratica.py
[2026-05-02T16:57:41.953+0000] {processor.py:925} INFO - DAG(s) 'pipeline_etl_pratica' retrieved from /workspaces/meu-primeiro-etl-airflow/dags/pipeline_etl_pratica.py
[2026-05-02T16:57:41.966+0000] {logging_mixin.py:190} INFO - [2026-05-02T16:57:41.965+0000] {dag.py:3239} INFO - Sync 1 DAGs
[2026-05-02T16:57:41.984+0000] {logging_mixin.py:190} INFO - [2026-05-02T16:57:41.984+0000] {dag.py:4180} INFO - Setting next_dagrun for pipeline_etl_pratica to 2026-05-02 00:00:00+00:00, run_after=2026-05-03 00:00:00+00:00
[2026-05-02T16:57:42.000+0000] {processor.py:208} INFO - Processing /workspaces/meu-primeiro-etl-airflow/dags/pipeline_etl_pratica.py took 0.064 seconds
[2026-05-02T16:58:32.267+0000] {processor.py:186} INFO - Started process (PID=37312) to work on /workspaces/meu-primeiro-etl-airflow/dags/pipeline_etl_pratica.py
[2026-05-02T16:58:32.267+0000] {processor.py:914} INFO - Processing file /workspaces/meu-primeiro-etl-airflow/dags/pipeline_etl_pratica.py for tasks to queue
[2026-05-02T16:58:32.268+0000] {logging_mixin.py:190} INFO - [2026-05-02T16:58:32.268+0000] {dagbag.py:588} INFO - Filling up the DagBag from /workspaces/meu-primeiro-etl-airflow/dags/pipeline_etl_pratica.py
[2026-05-02T16:58:32.280+0000] {processor.py:925} INFO - DAG(s) 'pipeline_etl_pratica' retrieved from /workspaces/meu-primeiro-etl-airflow/dags/pipeline_etl_pratica.py
[2026-05-02T16:58:32.293+0000] {logging_mixin.py:190} INFO - [2026-05-02T16:58:32.292+0000] {dag.py:3239} INFO - Sync 1 DAGs
[2026-05-02T16:58:32.310+0000] {logging_mixin.py:190} INFO - [2026-05-02T16:58:32.310+0000] {dag.py:4180} INFO - Setting next_dagrun for pipeline_etl_pratica to 2026-05-02 00:00:00+00:00, run_after=2026-05-03 00:00:00+00:00
[2026-05-02T16:58:32.328+0000] {processor.py:208} INFO - Processing /workspaces/meu-primeiro-etl-airflow/dags/pipeline_etl_pratica.py took 0.066 seconds
[2026-05-02T16:59:24.815+0000] {processor.py:186} INFO - Started process (PID=37718) to work on /workspaces/meu-primeiro-etl-airflow/dags/pipeline_etl_pratica.py
[2026-05-02T16:59:24.816+0000] {processor.py:914} INFO - Processing file /workspaces/meu-primeiro-etl-airflow/dags/pipeline_etl_pratica.py for tasks to queue
[2026-05-02T16:59:24.817+0000] {logging_mixin.py:190} INFO - [2026-05-02T16:59:24.816+0000] {dagbag.py:588} INFO - Filling up the DagBag from /workspaces/meu-primeiro-etl-airflow/dags/pipeline_etl_pratica.py
[2026-05-02T16:59:24.828+0000] {processor.py:925} INFO - DAG(s) 'pipeline_etl_pratica' retrieved from /workspaces/meu-primeiro-etl-airflow/dags/pipeline_etl_pratica.py
[2026-05-02T16:59:24.842+0000] {logging_mixin.py:190} INFO - [2026-05-02T16:59:24.842+0000] {dag.py:3239} INFO - Sync 1 DAGs
[2026-05-02T16:59:24.864+0000] {logging_mixin.py:190} INFO - [2026-05-02T16:59:24.864+0000] {dag.py:4180} INFO - Setting next_dagrun for pipeline_etl_pratica to 2026-05-02 00:00:00+00:00, run_after=2026-05-03 00:00:00+00:00
[2026-05-02T16:59:24.880+0000] {processor.py:208} INFO - Processing /workspaces/meu-primeiro-etl-airflow/dags/pipeline_etl_pratica.py took 0.070 seconds
[2026-05-02T17:00:14.542+0000] {processor.py:186} INFO - Started process (PID=38157) to work on /workspaces/meu-primeiro-etl-airflow/dags/pipeline_etl_pratica.py
[2026-05-02T17:00:14.544+0000] {processor.py:914} INFO - Processing file /workspaces/meu-primeiro-etl-airflow/dags/pipeline_etl_pratica.py for tasks to queue
[2026-05-02T17:00:14.546+0000] {logging_mixin.py:190} INFO - [2026-05-02T17:00:14.545+0000] {dagbag.py:588} INFO - Filling up the DagBag from /workspaces/meu-primeiro-etl-airflow/dags/pipeline_etl_pratica.py
[2026-05-02T17:00:14.565+0000] {processor.py:925} INFO - DAG(s) 'pipeline_etl_pratica' retrieved from /workspaces/meu-primeiro-etl-airflow/dags/pipeline_etl_pratica.py
[2026-05-02T17:00:14.579+0000] {logging_mixin.py:190} INFO - [2026-05-02T17:00:14.579+0000] {dag.py:3239} INFO - Sync 1 DAGs
[2026-05-02T17:00:14.596+0000] {logging_mixin.py:190} INFO - [2026-05-02T17:00:14.596+0000] {dag.py:4180} INFO - Setting next_dagrun for pipeline_etl_pratica to 2026-05-02 00:00:00+00:00, run_after=2026-05-03 00:00:00+00:00
[2026-05-02T17:00:14.625+0000] {processor.py:208} INFO - Processing /workspaces/meu-primeiro-etl-airflow/dags/pipeline_etl_pratica.py took 0.088 seconds
[2026-05-02T17:01:07.685+0000] {processor.py:186} INFO - Started process (PID=38629) to work on /workspaces/meu-primeiro-etl-airflow/dags/pipeline_etl_pratica.py
[2026-05-02T17:01:07.686+0000] {processor.py:914} INFO - Processing file /workspaces/meu-primeiro-etl-airflow/dags/pipeline_etl_pratica.py for tasks to queue
[2026-05-02T17:01:07.687+0000] {logging_mixin.py:190} INFO - [2026-05-02T17:01:07.686+0000] {dagbag.py:588} INFO - Filling up the DagBag from /workspaces/meu-primeiro-etl-airflow/dags/pipeline_etl_pratica.py
[2026-05-02T17:01:07.698+0000] {processor.py:925} INFO - DAG(s) 'pipeline_etl_pratica' retrieved from /workspaces/meu-primeiro-etl-airflow/dags/pipeline_etl_pratica.py
[2026-05-02T17:01:07.711+0000] {logging_mixin.py:190} INFO - [2026-05-02T17:01:07.711+0000] {dag.py:3239} INFO - Sync 1 DAGs
[2026-05-02T17:01:07.728+0000] {logging_mixin.py:190} INFO - [2026-05-02T17:01:07.728+0000] {dag.py:4180} INFO - Setting next_dagrun for pipeline_etl_pratica to 2026-05-02 00:00:00+00:00, run_after=2026-05-03 00:00:00+00:00
[2026-05-02T17:01:07.751+0000] {processor.py:208} INFO - Processing /workspaces/meu-primeiro-etl-airflow/dags/pipeline_etl_pratica.py took 0.071 seconds
[2026-05-02T17:02:00.381+0000] {processor.py:186} INFO - Started process (PID=39087) to work on /workspaces/meu-primeiro-etl-airflow/dags/pipeline_etl_pratica.py
[2026-05-02T17:02:00.382+0000] {processor.py:914} INFO - Processing file /workspaces/meu-primeiro-etl-airflow/dags/pipeline_etl_pratica.py for tasks to queue
[2026-05-02T17:02:00.383+0000] {logging_mixin.py:190} INFO - [2026-05-02T17:02:00.382+0000] {dagbag.py:588} INFO - Filling up the DagBag from /workspaces/meu-primeiro-etl-airflow/dags/pipeline_etl_pratica.py
[2026-05-02T17:02:00.394+0000] {processor.py:925} INFO - DAG(s) 'pipeline_etl_pratica' retrieved from /workspaces/meu-primeiro-etl-airflow/dags/pipeline_etl_pratica.py
[2026-05-02T17:02:00.406+0000] {logging_mixin.py:190} INFO - [2026-05-02T17:02:00.406+0000] {dag.py:3239} INFO - Sync 1 DAGs
[2026-05-02T17:02:00.423+0000] {logging_mixin.py:190} INFO - [2026-05-02T17:02:00.423+0000] {dag.py:4180} INFO - Setting next_dagrun for pipeline_etl_pratica to 2026-05-02 00:00:00+00:00, run_after=2026-05-03 00:00:00+00:00
[2026-05-02T17:02:00.440+0000] {processor.py:208} INFO - Processing /workspaces/meu-primeiro-etl-airflow/dags/pipeline_etl_pratica.py took 0.064 seconds
[2026-05-02T17:02:50.138+0000] {processor.py:186} INFO - Started process (PID=39594) to work on /workspaces/meu-primeiro-etl-airflow/dags/pipeline_etl_pratica.py
[2026-05-02T17:02:50.139+0000] {processor.py:914} INFO - Processing file /workspaces/meu-primeiro-etl-airflow/dags/pipeline_etl_pratica.py for tasks to queue
[2026-05-02T17:02:50.140+0000] {logging_mixin.py:190} INFO - [2026-05-02T17:02:50.140+0000] {dagbag.py:588} INFO - Filling up the DagBag from /workspaces/meu-primeiro-etl-airflow/dags/pipeline_etl_pratica.py
[2026-05-02T17:02:50.152+0000] {processor.py:925} INFO - DAG(s) 'pipeline_etl_pratica' retrieved from /workspaces/meu-primeiro-etl-airflow/dags/pipeline_etl_pratica.py
[2026-05-02T17:02:50.166+0000] {logging_mixin.py:190} INFO - [2026-05-02T17:02:50.166+0000] {dag.py:3239} INFO - Sync 1 DAGs
[2026-05-02T17:02:50.186+0000] {logging_mixin.py:190} INFO - [2026-05-02T17:02:50.186+0000] {dag.py:4180} INFO - Setting next_dagrun for pipeline_etl_pratica to 2026-05-02 00:00:00+00:00, run_after=2026-05-03 00:00:00+00:00
[2026-05-02T17:02:50.206+0000] {processor.py:208} INFO - Processing /workspaces/meu-primeiro-etl-airflow/dags/pipeline_etl_pratica.py took 0.074 seconds
[2026-05-02T17:03:35.413+0000] {processor.py:186} INFO - Started process (PID=40019) to work on /workspaces/meu-primeiro-etl-airflow/dags/pipeline_etl_pratica.py
[2026-05-02T17:03:35.414+0000] {processor.py:914} INFO - Processing file /workspaces/meu-primeiro-etl-airflow/dags/pipeline_etl_pratica.py for tasks to queue
[2026-05-02T17:03:35.415+0000] {logging_mixin.py:190} INFO - [2026-05-02T17:03:35.414+0000] {dagbag.py:588} INFO - Filling up the DagBag from /workspaces/meu-primeiro-etl-airflow/dags/pipeline_etl_pratica.py
[2026-05-02T17:03:35.426+0000] {processor.py:925} INFO - DAG(s) 'pipeline_etl_pratica' retrieved from /workspaces/meu-primeiro-etl-airflow/dags/pipeline_etl_pratica.py
[2026-05-02T17:03:35.438+0000] {logging_mixin.py:190} INFO - [2026-05-02T17:03:35.438+0000] {dag.py:3239} INFO - Sync 1 DAGs
[2026-05-02T17:03:35.460+0000] {logging_mixin.py:190} INFO - [2026-05-02T17:03:35.460+0000] {dag.py:4180} INFO - Setting next_dagrun for pipeline_etl_pratica to 2026-05-02 00:00:00+00:00, run_after=2026-05-03 00:00:00+00:00
[2026-05-02T17:03:35.477+0000] {processor.py:208} INFO - Processing /workspaces/meu-primeiro-etl-airflow/dags/pipeline_etl_pratica.py took 0.068 seconds
[2026-05-02T17:04:29.586+0000] {processor.py:186} INFO - Started process (PID=40490) to work on /workspaces/meu-primeiro-etl-airflow/dags/pipeline_etl_pratica.py
[2026-05-02T17:04:29.586+0000] {processor.py:914} INFO - Processing file /workspaces/meu-primeiro-etl-airflow/dags/pipeline_etl_pratica.py for tasks to queue
[2026-05-02T17:04:29.587+0000] {logging_mixin.py:190} INFO - [2026-05-02T17:04:29.587+0000] {dagbag.py:588} INFO - Filling up the DagBag from /workspaces/meu-primeiro-etl-airflow/dags/pipeline_etl_pratica.py
[2026-05-02T17:04:29.598+0000] {processor.py:925} INFO - DAG(s) 'pipeline_etl_pratica' retrieved from /workspaces/meu-primeiro-etl-airflow/dags/pipeline_etl_pratica.py
[2026-05-02T17:04:29.611+0000] {logging_mixin.py:190} INFO - [2026-05-02T17:04:29.611+0000] {dag.py:3239} INFO - Sync 1 DAGs
[2026-05-02T17:04:29.628+0000] {logging_mixin.py:190} INFO - [2026-05-02T17:04:29.628+0000] {dag.py:4180} INFO - Setting next_dagrun for pipeline_etl_pratica to 2026-05-02 00:00:00+00:00, run_after=2026-05-03 00:00:00+00:00
[2026-05-02T17:04:29.764+0000] {processor.py:208} INFO - Processing /workspaces/meu-primeiro-etl-airflow/dags/pipeline_etl_pratica.py took 0.182 seconds
[2026-05-02T17:05:26.502+0000] {processor.py:186} INFO - Started process (PID=40947) to work on /workspaces/meu-primeiro-etl-airflow/dags/pipeline_etl_pratica.py
[2026-05-02T17:05:26.503+0000] {processor.py:914} INFO - Processing file /workspaces/meu-primeiro-etl-airflow/dags/pipeline_etl_pratica.py for tasks to queue
[2026-05-02T17:05:26.504+0000] {logging_mixin.py:190} INFO - [2026-05-02T17:05:26.503+0000] {dagbag.py:588} INFO - Filling up the DagBag from /workspaces/meu-primeiro-etl-airflow/dags/pipeline_etl_pratica.py
[2026-05-02T17:05:26.521+0000] {processor.py:925} INFO - DAG(s) 'pipeline_etl_pratica' retrieved from /workspaces/meu-primeiro-etl-airflow/dags/pipeline_etl_pratica.py
[2026-05-02T17:05:26.541+0000] {logging_mixin.py:190} INFO - [2026-05-02T17:05:26.541+0000] {dag.py:3239} INFO - Sync 1 DAGs
[2026-05-02T17:05:26.564+0000] {logging_mixin.py:190} INFO - [2026-05-02T17:05:26.563+0000] {dag.py:4180} INFO - Setting next_dagrun for pipeline_etl_pratica to 2026-05-02 00:00:00+00:00, run_after=2026-05-03 00:00:00+00:00
[2026-05-02T17:05:26.581+0000] {processor.py:208} INFO - Processing /workspaces/meu-primeiro-etl-airflow/dags/pipeline_etl_pratica.py took 0.084 seconds
[2026-05-02T17:06:20.665+0000] {processor.py:186} INFO - Started process (PID=41651) to work on /workspaces/meu-primeiro-etl-airflow/dags/pipeline_etl_pratica.py
[2026-05-02T17:06:20.666+0000] {processor.py:914} INFO - Processing file /workspaces/meu-primeiro-etl-airflow/dags/pipeline_etl_pratica.py for tasks to queue
[2026-05-02T17:06:20.667+0000] {logging_mixin.py:190} INFO - [2026-05-02T17:06:20.666+0000] {dagbag.py:588} INFO - Filling up the DagBag from /workspaces/meu-primeiro-etl-airflow/dags/pipeline_etl_pratica.py
[2026-05-02T17:06:20.678+0000] {processor.py:925} INFO - DAG(s) 'pipeline_etl_pratica' retrieved from /workspaces/meu-primeiro-etl-airflow/dags/pipeline_etl_pratica.py
[2026-05-02T17:06:20.696+0000] {logging_mixin.py:190} INFO - [2026-05-02T17:06:20.696+0000] {dag.py:3239} INFO - Sync 1 DAGs
[2026-05-02T17:06:20.718+0000] {logging_mixin.py:190} INFO - [2026-05-02T17:06:20.717+0000] {dag.py:4180} INFO - Setting next_dagrun for pipeline_etl_pratica to 2026-05-02 00:00:00+00:00, run_after=2026-05-03 00:00:00+00:00
[2026-05-02T17:06:20.735+0000] {processor.py:208} INFO - Processing /workspaces/meu-primeiro-etl-airflow/dags/pipeline_etl_pratica.py took 0.075 seconds
[2026-05-02T17:07:13.465+0000] {processor.py:186} INFO - Started process (PID=42114) to work on /workspaces/meu-primeiro-etl-airflow/dags/pipeline_etl_pratica.py
[2026-05-02T17:07:13.465+0000] {processor.py:914} INFO - Processing file /workspaces/meu-primeiro-etl-airflow/dags/pipeline_etl_pratica.py for tasks to queue
[2026-05-02T17:07:13.466+0000] {logging_mixin.py:190} INFO - [2026-05-02T17:07:13.466+0000] {dagbag.py:588} INFO - Filling up the DagBag from /workspaces/meu-primeiro-etl-airflow/dags/pipeline_etl_pratica.py
[2026-05-02T17:07:13.478+0000] {processor.py:925} INFO - DAG(s) 'pipeline_etl_pratica' retrieved from /workspaces/meu-primeiro-etl-airflow/dags/pipeline_etl_pratica.py
[2026-05-02T17:07:13.490+0000] {logging_mixin.py:190} INFO - [2026-05-02T17:07:13.490+0000] {dag.py:3239} INFO - Sync 1 DAGs
[2026-05-02T17:07:13.633+0000] {logging_mixin.py:190} INFO - [2026-05-02T17:07:13.633+0000] {dag.py:4180} INFO - Setting next_dagrun for pipeline_etl_pratica to 2026-05-02 00:00:00+00:00, run_after=2026-05-03 00:00:00+00:00
[2026-05-02T17:07:13.664+0000] {processor.py:208} INFO - Processing /workspaces/meu-primeiro-etl-airflow/dags/pipeline_etl_pratica.py took 0.205 seconds
[2026-05-02T17:08:11.589+0000] {processor.py:186} INFO - Started process (PID=42870) to work on /workspaces/meu-primeiro-etl-airflow/dags/pipeline_etl_pratica.py
[2026-05-02T17:08:11.589+0000] {processor.py:914} INFO - Processing file /workspaces/meu-primeiro-etl-airflow/dags/pipeline_etl_pratica.py for tasks to queue
[2026-05-02T17:08:11.590+0000] {logging_mixin.py:190} INFO - [2026-05-02T17:08:11.590+0000] {dagbag.py:588} INFO - Filling up the DagBag from /workspaces/meu-primeiro-etl-airflow/dags/pipeline_etl_pratica.py
[2026-05-02T17:08:11.601+0000] {processor.py:925} INFO - DAG(s) 'pipeline_etl_pratica' retrieved from /workspaces/meu-primeiro-etl-airflow/dags/pipeline_etl_pratica.py
[2026-05-02T17:08:11.614+0000] {logging_mixin.py:190} INFO - [2026-05-02T17:08:11.614+0000] {dag.py:3239} INFO - Sync 1 DAGs
[2026-05-02T17:08:11.631+0000] {logging_mixin.py:190} INFO - [2026-05-02T17:08:11.631+0000] {dag.py:4180} INFO - Setting next_dagrun for pipeline_etl_pratica to 2026-05-02 00:00:00+00:00, run_after=2026-05-03 00:00:00+00:00
[2026-05-02T17:08:11.651+0000] {processor.py:208} INFO - Processing /workspaces/meu-primeiro-etl-airflow/dags/pipeline_etl_pratica.py took 0.067 seconds
[2026-05-02T17:08:52.207+0000] {processor.py:186} INFO - Started process (PID=43669) to work on /workspaces/meu-primeiro-etl-airflow/dags/pipeline_etl_pratica.py
[2026-05-02T17:08:52.208+0000] {processor.py:914} INFO - Processing file /workspaces/meu-primeiro-etl-airflow/dags/pipeline_etl_pratica.py for tasks to queue
[2026-05-02T17:08:52.208+0000] {logging_mixin.py:190} INFO - [2026-05-02T17:08:52.208+0000] {dagbag.py:588} INFO - Filling up the DagBag from /workspaces/meu-primeiro-etl-airflow/dags/pipeline_etl_pratica.py
[2026-05-02T17:08:52.220+0000] {processor.py:925} INFO - DAG(s) 'pipeline_etl_pratica' retrieved from /workspaces/meu-primeiro-etl-airflow/dags/pipeline_etl_pratica.py
[2026-05-02T17:08:52.233+0000] {logging_mixin.py:190} INFO - [2026-05-02T17:08:52.233+0000] {dag.py:3239} INFO - Sync 1 DAGs
[2026-05-02T17:08:52.253+0000] {logging_mixin.py:190} INFO - [2026-05-02T17:08:52.253+0000] {dag.py:4180} INFO - Setting next_dagrun for pipeline_etl_pratica to 2026-05-02 00:00:00+00:00, run_after=2026-05-03 00:00:00+00:00
[2026-05-02T17:08:52.272+0000] {processor.py:208} INFO - Processing /workspaces/meu-primeiro-etl-airflow/dags/pipeline_etl_pratica.py took 0.069 seconds
[2026-05-02T17:09:29.403+0000] {processor.py:186} INFO - Started process (PID=44127) to work on /workspaces/meu-primeiro-etl-airflow/dags/pipeline_etl_pratica.py
[2026-05-02T17:09:29.404+0000] {processor.py:914} INFO - Processing file /workspaces/meu-primeiro-etl-airflow/dags/pipeline_etl_pratica.py for tasks to queue
[2026-05-02T17:09:29.405+0000] {logging_mixin.py:190} INFO - [2026-05-02T17:09:29.405+0000] {dagbag.py:588} INFO - Filling up the DagBag from /workspaces/meu-primeiro-etl-airflow/dags/pipeline_etl_pratica.py
[2026-05-02T17:09:29.417+0000] {processor.py:925} INFO - DAG(s) 'pipeline_etl_pratica' retrieved from /workspaces/meu-primeiro-etl-airflow/dags/pipeline_etl_pratica.py
[2026-05-02T17:09:29.430+0000] {logging_mixin.py:190} INFO - [2026-05-02T17:09:29.430+0000] {dag.py:3239} INFO - Sync 1 DAGs
[2026-05-02T17:09:29.454+0000] {logging_mixin.py:190} INFO - [2026-05-02T17:09:29.454+0000] {dag.py:4180} INFO - Setting next_dagrun for pipeline_etl_pratica to 2026-05-02 00:00:00+00:00, run_after=2026-05-03 00:00:00+00:00
[2026-05-02T17:09:29.474+0000] {processor.py:208} INFO - Processing /workspaces/meu-primeiro-etl-airflow/dags/pipeline_etl_pratica.py took 0.076 seconds
[2026-05-02T17:10:28.674+0000] {processor.py:186} INFO - Started process (PID=44641) to work on /workspaces/meu-primeiro-etl-airflow/dags/pipeline_etl_pratica.py
[2026-05-02T17:10:28.675+0000] {processor.py:914} INFO - Processing file /workspaces/meu-primeiro-etl-airflow/dags/pipeline_etl_pratica.py for tasks to queue
[2026-05-02T17:10:28.676+0000] {logging_mixin.py:190} INFO - [2026-05-02T17:10:28.676+0000] {dagbag.py:588} INFO - Filling up the DagBag from /workspaces/meu-primeiro-etl-airflow/dags/pipeline_etl_pratica.py
[2026-05-02T17:10:28.687+0000] {processor.py:925} INFO - DAG(s) 'pipeline_etl_pratica' retrieved from /workspaces/meu-primeiro-etl-airflow/dags/pipeline_etl_pratica.py
[2026-05-02T17:10:28.699+0000] {logging_mixin.py:190} INFO - [2026-05-02T17:10:28.699+0000] {dag.py:3239} INFO - Sync 1 DAGs
[2026-05-02T17:10:28.716+0000] {logging_mixin.py:190} INFO - [2026-05-02T17:10:28.716+0000] {dag.py:4180} INFO - Setting next_dagrun for pipeline_etl_pratica to 2026-05-02 00:00:00+00:00, run_after=2026-05-03 00:00:00+00:00
[2026-05-02T17:10:28.733+0000] {processor.py:208} INFO - Processing /workspaces/meu-primeiro-etl-airflow/dags/pipeline_etl_pratica.py took 0.063 seconds
[2026-05-02T17:11:22.884+0000] {processor.py:186} INFO - Started process (PID=45058) to work on /workspaces/meu-primeiro-etl-airflow/dags/pipeline_etl_pratica.py
[2026-05-02T17:11:22.884+0000] {processor.py:914} INFO - Processing file /workspaces/meu-primeiro-etl-airflow/dags/pipeline_etl_pratica.py for tasks to queue
[2026-05-02T17:11:22.886+0000] {logging_mixin.py:190} INFO - [2026-05-02T17:11:22.885+0000] {dagbag.py:588} INFO - Filling up the DagBag from /workspaces/meu-primeiro-etl-airflow/dags/pipeline_etl_pratica.py
[2026-05-02T17:11:22.897+0000] {processor.py:925} INFO - DAG(s) 'pipeline_etl_pratica' retrieved from /workspaces/meu-primeiro-etl-airflow/dags/pipeline_etl_pratica.py
[2026-05-02T17:11:22.911+0000] {logging_mixin.py:190} INFO - [2026-05-02T17:11:22.911+0000] {dag.py:3239} INFO - Sync 1 DAGs
[2026-05-02T17:11:22.929+0000] {logging_mixin.py:190} INFO - [2026-05-02T17:11:22.929+0000] {dag.py:4180} INFO - Setting next_dagrun for pipeline_etl_pratica to 2026-05-02 00:00:00+00:00, run_after=2026-05-03 00:00:00+00:00
[2026-05-02T17:11:22.950+0000] {processor.py:208} INFO - Processing /workspaces/meu-primeiro-etl-airflow/dags/pipeline_etl_pratica.py took 0.072 seconds
[2026-05-02T17:12:17.110+0000] {processor.py:186} INFO - Started process (PID=45583) to work on /workspaces/meu-primeiro-etl-airflow/dags/pipeline_etl_pratica.py
[2026-05-02T17:12:17.110+0000] {processor.py:914} INFO - Processing file /workspaces/meu-primeiro-etl-airflow/dags/pipeline_etl_pratica.py for tasks to queue
[2026-05-02T17:12:17.112+0000] {logging_mixin.py:190} INFO - [2026-05-02T17:12:17.111+0000] {dagbag.py:588} INFO - Filling up the DagBag from /workspaces/meu-primeiro-etl-airflow/dags/pipeline_etl_pratica.py
[2026-05-02T17:12:17.123+0000] {processor.py:925} INFO - DAG(s) 'pipeline_etl_pratica' retrieved from /workspaces/meu-primeiro-etl-airflow/dags/pipeline_etl_pratica.py
[2026-05-02T17:12:17.135+0000] {logging_mixin.py:190} INFO - [2026-05-02T17:12:17.135+0000] {dag.py:3239} INFO - Sync 1 DAGs
[2026-05-02T17:12:17.160+0000] {logging_mixin.py:190} INFO - [2026-05-02T17:12:17.160+0000] {dag.py:4180} INFO - Setting next_dagrun for pipeline_etl_pratica to 2026-05-02 00:00:00+00:00, run_after=2026-05-03 00:00:00+00:00
[2026-05-02T17:12:17.178+0000] {processor.py:208} INFO - Processing /workspaces/meu-primeiro-etl-airflow/dags/pipeline_etl_pratica.py took 0.073 seconds
[2026-05-02T17:13:10.734+0000] {processor.py:186} INFO - Started process (PID=46348) to work on /workspaces/meu-primeiro-etl-airflow/dags/pipeline_etl_pratica.py
[2026-05-02T17:13:10.735+0000] {processor.py:914} INFO - Processing file /workspaces/meu-primeiro-etl-airflow/dags/pipeline_etl_pratica.py for tasks to queue
[2026-05-02T17:13:10.736+0000] {logging_mixin.py:190} INFO - [2026-05-02T17:13:10.735+0000] {dagbag.py:588} INFO - Filling up the DagBag from /workspaces/meu-primeiro-etl-airflow/dags/pipeline_etl_pratica.py
[2026-05-02T17:13:10.760+0000] {processor.py:925} INFO - DAG(s) 'pipeline_etl_pratica' retrieved from /workspaces/meu-primeiro-etl-airflow/dags/pipeline_etl_pratica.py
[2026-05-02T17:13:10.775+0000] {logging_mixin.py:190} INFO - [2026-05-02T17:13:10.774+0000] {dag.py:3239} INFO - Sync 1 DAGs
[2026-05-02T17:13:10.792+0000] {logging_mixin.py:190} INFO - [2026-05-02T17:13:10.792+0000] {dag.py:4180} INFO - Setting next_dagrun for pipeline_etl_pratica to 2026-05-02 00:00:00+00:00, run_after=2026-05-03 00:00:00+00:00
[2026-05-02T17:13:10.809+0000] {processor.py:208} INFO - Processing /workspaces/meu-primeiro-etl-airflow/dags/pipeline_etl_pratica.py took 0.080 seconds
[2026-05-02T17:13:49.474+0000] {processor.py:186} INFO - Started process (PID=47135) to work on /workspaces/meu-primeiro-etl-airflow/dags/pipeline_etl_pratica.py
[2026-05-02T17:13:49.474+0000] {processor.py:914} INFO - Processing file /workspaces/meu-primeiro-etl-airflow/dags/pipeline_etl_pratica.py for tasks to queue
[2026-05-02T17:13:49.475+0000] {logging_mixin.py:190} INFO - [2026-05-02T17:13:49.475+0000] {dagbag.py:588} INFO - Filling up the DagBag from /workspaces/meu-primeiro-etl-airflow/dags/pipeline_etl_pratica.py
[2026-05-02T17:13:49.487+0000] {processor.py:925} INFO - DAG(s) 'pipeline_etl_pratica' retrieved from /workspaces/meu-primeiro-etl-airflow/dags/pipeline_etl_pratica.py
[2026-05-02T17:13:49.500+0000] {logging_mixin.py:190} INFO - [2026-05-02T17:13:49.499+0000] {dag.py:3239} INFO - Sync 1 DAGs
[2026-05-02T17:13:49.517+0000] {logging_mixin.py:190} INFO - [2026-05-02T17:13:49.517+0000] {dag.py:4180} INFO - Setting next_dagrun for pipeline_etl_pratica to 2026-05-02 00:00:00+00:00, run_after=2026-05-03 00:00:00+00:00
[2026-05-02T17:13:49.535+0000] {processor.py:208} INFO - Processing /workspaces/meu-primeiro-etl-airflow/dags/pipeline_etl_pratica.py took 0.066 seconds
[2026-05-02T17:14:22.062+0000] {processor.py:186} INFO - Started process (PID=47768) to work on /workspaces/meu-primeiro-etl-airflow/dags/pipeline_etl_pratica.py
[2026-05-02T17:14:22.063+0000] {processor.py:914} INFO - Processing file /workspaces/meu-primeiro-etl-airflow/dags/pipeline_etl_pratica.py for tasks to queue
[2026-05-02T17:14:22.065+0000] {logging_mixin.py:190} INFO - [2026-05-02T17:14:22.064+0000] {dagbag.py:588} INFO - Filling up the DagBag from /workspaces/meu-primeiro-etl-airflow/dags/pipeline_etl_pratica.py
[2026-05-02T17:14:22.089+0000] {processor.py:925} INFO - DAG(s) 'pipeline_etl_pratica' retrieved from /workspaces/meu-primeiro-etl-airflow/dags/pipeline_etl_pratica.py
[2026-05-02T17:14:22.104+0000] {logging_mixin.py:190} INFO - [2026-05-02T17:14:22.104+0000] {dag.py:3239} INFO - Sync 1 DAGs
[2026-05-02T17:14:22.123+0000] {logging_mixin.py:190} INFO - [2026-05-02T17:14:22.122+0000] {dag.py:4180} INFO - Setting next_dagrun for pipeline_etl_pratica to 2026-05-02 00:00:00+00:00, run_after=2026-05-03 00:00:00+00:00
[2026-05-02T17:14:22.141+0000] {processor.py:208} INFO - Processing /workspaces/meu-primeiro-etl-airflow/dags/pipeline_etl_pratica.py took 0.086 seconds
[2026-05-02T17:15:14.058+0000] {processor.py:186} INFO - Started process (PID=48806) to work on /workspaces/meu-primeiro-etl-airflow/dags/pipeline_etl_pratica.py
[2026-05-02T17:15:14.060+0000] {processor.py:914} INFO - Processing file /workspaces/meu-primeiro-etl-airflow/dags/pipeline_etl_pratica.py for tasks to queue
[2026-05-02T17:15:14.061+0000] {logging_mixin.py:190} INFO - [2026-05-02T17:15:14.061+0000] {dagbag.py:588} INFO - Filling up the DagBag from /workspaces/meu-primeiro-etl-airflow/dags/pipeline_etl_pratica.py
[2026-05-02T17:15:14.081+0000] {processor.py:925} INFO - DAG(s) 'pipeline_etl_pratica' retrieved from /workspaces/meu-primeiro-etl-airflow/dags/pipeline_etl_pratica.py
[2026-05-02T17:15:14.101+0000] {logging_mixin.py:190} INFO - [2026-05-02T17:15:14.101+0000] {dag.py:3239} INFO - Sync 1 DAGs
[2026-05-02T17:15:14.135+0000] {logging_mixin.py:190} INFO - [2026-05-02T17:15:14.135+0000] {dag.py:4180} INFO - Setting next_dagrun for pipeline_etl_pratica to 2026-05-02 00:00:00+00:00, run_after=2026-05-03 00:00:00+00:00
[2026-05-02T17:15:14.194+0000] {processor.py:208} INFO - Processing /workspaces/meu-primeiro-etl-airflow/dags/pipeline_etl_pratica.py took 0.159 seconds
[2026-05-02T17:16:09.183+0000] {processor.py:186} INFO - Started process (PID=49884) to work on /workspaces/meu-primeiro-etl-airflow/dags/pipeline_etl_pratica.py
[2026-05-02T17:16:09.184+0000] {processor.py:914} INFO - Processing file /workspaces/meu-primeiro-etl-airflow/dags/pipeline_etl_pratica.py for tasks to queue
[2026-05-02T17:16:09.185+0000] {logging_mixin.py:190} INFO - [2026-05-02T17:16:09.185+0000] {dagbag.py:588} INFO - Filling up the DagBag from /workspaces/meu-primeiro-etl-airflow/dags/pipeline_etl_pratica.py
[2026-05-02T17:16:09.198+0000] {processor.py:925} INFO - DAG(s) 'pipeline_etl_pratica' retrieved from /workspaces/meu-primeiro-etl-airflow/dags/pipeline_etl_pratica.py
[2026-05-02T17:16:09.213+0000] {logging_mixin.py:190} INFO - [2026-05-02T17:16:09.213+0000] {dag.py:3239} INFO - Sync 1 DAGs
[2026-05-02T17:16:09.230+0000] {logging_mixin.py:190} INFO - [2026-05-02T17:16:09.230+0000] {dag.py:4180} INFO - Setting next_dagrun for pipeline_etl_pratica to 2026-05-02 00:00:00+00:00, run_after=2026-05-03 00:00:00+00:00
[2026-05-02T17:16:09.249+0000] {processor.py:208} INFO - Processing /workspaces/meu-primeiro-etl-airflow/dags/pipeline_etl_pratica.py took 0.070 seconds
[2026-05-02T17:17:03.760+0000] {processor.py:186} INFO - Started process (PID=50980) to work on /workspaces/meu-primeiro-etl-airflow/dags/pipeline_etl_pratica.py
[2026-05-02T17:17:03.761+0000] {processor.py:914} INFO - Processing file /workspaces/meu-primeiro-etl-airflow/dags/pipeline_etl_pratica.py for tasks to queue
[2026-05-02T17:17:03.762+0000] {logging_mixin.py:190} INFO - [2026-05-02T17:17:03.762+0000] {dagbag.py:588} INFO - Filling up the DagBag from /workspaces/meu-primeiro-etl-airflow/dags/pipeline_etl_pratica.py
[2026-05-02T17:17:03.774+0000] {processor.py:925} INFO - DAG(s) 'pipeline_etl_pratica' retrieved from /workspaces/meu-primeiro-etl-airflow/dags/pipeline_etl_pratica.py
[2026-05-02T17:17:03.787+0000] {logging_mixin.py:190} INFO - [2026-05-02T17:17:03.787+0000] {dag.py:3239} INFO - Sync 1 DAGs
[2026-05-02T17:17:03.804+0000] {logging_mixin.py:190} INFO - [2026-05-02T17:17:03.804+0000] {dag.py:4180} INFO - Setting next_dagrun for pipeline_etl_pratica to 2026-05-02 00:00:00+00:00, run_after=2026-05-03 00:00:00+00:00
[2026-05-02T17:17:03.821+0000] {processor.py:208} INFO - Processing /workspaces/meu-primeiro-etl-airflow/dags/pipeline_etl_pratica.py took 0.066 seconds
[2026-05-02T17:17:54.210+0000] {processor.py:186} INFO - Started process (PID=51974) to work on /workspaces/meu-primeiro-etl-airflow/dags/pipeline_etl_pratica.py
[2026-05-02T17:17:54.210+0000] {processor.py:914} INFO - Processing file /workspaces/meu-primeiro-etl-airflow/dags/pipeline_etl_pratica.py for tasks to queue
[2026-05-02T17:17:54.211+0000] {logging_mixin.py:190} INFO - [2026-05-02T17:17:54.211+0000] {dagbag.py:588} INFO - Filling up the DagBag from /workspaces/meu-primeiro-etl-airflow/dags/pipeline_etl_pratica.py
[2026-05-02T17:17:54.228+0000] {processor.py:925} INFO - DAG(s) 'pipeline_etl_pratica' retrieved from /workspaces/meu-primeiro-etl-airflow/dags/pipeline_etl_pratica.py
[2026-05-02T17:17:54.271+0000] {logging_mixin.py:190} INFO - [2026-05-02T17:17:54.271+0000] {dag.py:3239} INFO - Sync 1 DAGs
[2026-05-02T17:17:54.334+0000] {logging_mixin.py:190} INFO - [2026-05-02T17:17:54.334+0000] {dag.py:4180} INFO - Setting next_dagrun for pipeline_etl_pratica to 2026-05-02 00:00:00+00:00, run_after=2026-05-03 00:00:00+00:00
[2026-05-02T17:17:54.364+0000] {processor.py:208} INFO - Processing /workspaces/meu-primeiro-etl-airflow/dags/pipeline_etl_pratica.py took 0.159 seconds
[2026-05-02T17:18:53.084+0000] {processor.py:186} INFO - Started process (PID=53149) to work on /workspaces/meu-primeiro-etl-airflow/dags/pipeline_etl_pratica.py
[2026-05-02T17:18:53.093+0000] {processor.py:914} INFO - Processing file /workspaces/meu-primeiro-etl-airflow/dags/pipeline_etl_pratica.py for tasks to queue
[2026-05-02T17:18:53.094+0000] {logging_mixin.py:190} INFO - [2026-05-02T17:18:53.094+0000] {dagbag.py:588} INFO - Filling up the DagBag from /workspaces/meu-primeiro-etl-airflow/dags/pipeline_etl_pratica.py
[2026-05-02T17:18:53.116+0000] {processor.py:925} INFO - DAG(s) 'pipeline_etl_pratica' retrieved from /workspaces/meu-primeiro-etl-airflow/dags/pipeline_etl_pratica.py
[2026-05-02T17:18:53.137+0000] {logging_mixin.py:190} INFO - [2026-05-02T17:18:53.136+0000] {dag.py:3239} INFO - Sync 1 DAGs
[2026-05-02T17:18:53.184+0000] {logging_mixin.py:190} INFO - [2026-05-02T17:18:53.184+0000] {dag.py:4180} INFO - Setting next_dagrun for pipeline_etl_pratica to 2026-05-02 00:00:00+00:00, run_after=2026-05-03 00:00:00+00:00
[2026-05-02T17:18:53.215+0000] {processor.py:208} INFO - Processing /workspaces/meu-primeiro-etl-airflow/dags/pipeline_etl_pratica.py took 0.144 seconds
[2026-05-02T17:19:25.010+0000] {processor.py:186} INFO - Started process (PID=53768) to work on /workspaces/meu-primeiro-etl-airflow/dags/pipeline_etl_pratica.py
[2026-05-02T17:19:25.011+0000] {processor.py:914} INFO - Processing file /workspaces/meu-primeiro-etl-airflow/dags/pipeline_etl_pratica.py for tasks to queue
[2026-05-02T17:19:25.012+0000] {logging_mixin.py:190} INFO - [2026-05-02T17:19:25.011+0000] {dagbag.py:588} INFO - Filling up the DagBag from /workspaces/meu-primeiro-etl-airflow/dags/pipeline_etl_pratica.py
[2026-05-02T17:19:25.023+0000] {processor.py:925} INFO - DAG(s) 'pipeline_etl_pratica' retrieved from /workspaces/meu-primeiro-etl-airflow/dags/pipeline_etl_pratica.py
[2026-05-02T17:19:25.047+0000] {logging_mixin.py:190} INFO - [2026-05-02T17:19:25.046+0000] {dag.py:3239} INFO - Sync 1 DAGs
[2026-05-02T17:19:25.072+0000] {logging_mixin.py:190} INFO - [2026-05-02T17:19:25.072+0000] {dag.py:4180} INFO - Setting next_dagrun for pipeline_etl_pratica to 2026-05-02 00:00:00+00:00, run_after=2026-05-03 00:00:00+00:00
[2026-05-02T17:19:25.091+0000] {processor.py:208} INFO - Processing /workspaces/meu-primeiro-etl-airflow/dags/pipeline_etl_pratica.py took 0.085 seconds
[2026-05-02T17:20:19.333+0000] {processor.py:186} INFO - Started process (PID=54837) to work on /workspaces/meu-primeiro-etl-airflow/dags/pipeline_etl_pratica.py
[2026-05-02T17:20:19.334+0000] {processor.py:914} INFO - Processing file /workspaces/meu-primeiro-etl-airflow/dags/pipeline_etl_pratica.py for tasks to queue
[2026-05-02T17:20:19.335+0000] {logging_mixin.py:190} INFO - [2026-05-02T17:20:19.334+0000] {dagbag.py:588} INFO - Filling up the DagBag from /workspaces/meu-primeiro-etl-airflow/dags/pipeline_etl_pratica.py
[2026-05-02T17:20:19.348+0000] {processor.py:925} INFO - DAG(s) 'pipeline_etl_pratica' retrieved from /workspaces/meu-primeiro-etl-airflow/dags/pipeline_etl_pratica.py
[2026-05-02T17:20:19.364+0000] {logging_mixin.py:190} INFO - [2026-05-02T17:20:19.364+0000] {dag.py:3239} INFO - Sync 1 DAGs
[2026-05-02T17:20:19.385+0000] {logging_mixin.py:190} INFO - [2026-05-02T17:20:19.385+0000] {dag.py:4180} INFO - Setting next_dagrun for pipeline_etl_pratica to 2026-05-02 00:00:00+00:00, run_after=2026-05-03 00:00:00+00:00
[2026-05-02T17:20:19.403+0000] {processor.py:208} INFO - Processing /workspaces/meu-primeiro-etl-airflow/dags/pipeline_etl_pratica.py took 0.075 seconds
[2026-05-02T17:21:13.903+0000] {processor.py:186} INFO - Started process (PID=55911) to work on /workspaces/meu-primeiro-etl-airflow/dags/pipeline_etl_pratica.py
[2026-05-02T17:21:13.904+0000] {processor.py:914} INFO - Processing file /workspaces/meu-primeiro-etl-airflow/dags/pipeline_etl_pratica.py for tasks to queue
[2026-05-02T17:21:13.905+0000] {logging_mixin.py:190} INFO - [2026-05-02T17:21:13.904+0000] {dagbag.py:588} INFO - Filling up the DagBag from /workspaces/meu-primeiro-etl-airflow/dags/pipeline_etl_pratica.py
[2026-05-02T17:21:13.917+0000] {processor.py:925} INFO - DAG(s) 'pipeline_etl_pratica' retrieved from /workspaces/meu-primeiro-etl-airflow/dags/pipeline_etl_pratica.py
[2026-05-02T17:21:13.931+0000] {logging_mixin.py:190} INFO - [2026-05-02T17:21:13.930+0000] {dag.py:3239} INFO - Sync 1 DAGs
[2026-05-02T17:21:13.951+0000] {logging_mixin.py:190} INFO - [2026-05-02T17:21:13.951+0000] {dag.py:4180} INFO - Setting next_dagrun for pipeline_etl_pratica to 2026-05-02 00:00:00+00:00, run_after=2026-05-03 00:00:00+00:00
[2026-05-02T17:21:13.970+0000] {processor.py:208} INFO - Processing /workspaces/meu-primeiro-etl-airflow/dags/pipeline_etl_pratica.py took 0.072 seconds
[2026-05-02T17:22:06.751+0000] {processor.py:186} INFO - Started process (PID=56960) to work on /workspaces/meu-primeiro-etl-airflow/dags/pipeline_etl_pratica.py
[2026-05-02T17:22:06.754+0000] {processor.py:914} INFO - Processing file /workspaces/meu-primeiro-etl-airflow/dags/pipeline_etl_pratica.py for tasks to queue
[2026-05-02T17:22:06.758+0000] {logging_mixin.py:190} INFO - [2026-05-02T17:22:06.755+0000] {dagbag.py:588} INFO - Filling up the DagBag from /workspaces/meu-primeiro-etl-airflow/dags/pipeline_etl_pratica.py
[2026-05-02T17:22:06.777+0000] {processor.py:925} INFO - DAG(s) 'pipeline_etl_pratica' retrieved from /workspaces/meu-primeiro-etl-airflow/dags/pipeline_etl_pratica.py
[2026-05-02T17:22:06.797+0000] {logging_mixin.py:190} INFO - [2026-05-02T17:22:06.797+0000] {dag.py:3239} INFO - Sync 1 DAGs
[2026-05-02T17:22:06.829+0000] {logging_mixin.py:190} INFO - [2026-05-02T17:22:06.829+0000] {dag.py:4180} INFO - Setting next_dagrun for pipeline_etl_pratica to 2026-05-02 00:00:00+00:00, run_after=2026-05-03 00:00:00+00:00
[2026-05-02T17:22:06.860+0000] {processor.py:208} INFO - Processing /workspaces/meu-primeiro-etl-airflow/dags/pipeline_etl_pratica.py took 0.118 seconds
[2026-05-02T17:22:57.553+0000] {processor.py:186} INFO - Started process (PID=57957) to work on /workspaces/meu-primeiro-etl-airflow/dags/pipeline_etl_pratica.py
[2026-05-02T17:22:57.556+0000] {processor.py:914} INFO - Processing file /workspaces/meu-primeiro-etl-airflow/dags/pipeline_etl_pratica.py for tasks to queue
[2026-05-02T17:22:57.557+0000] {logging_mixin.py:190} INFO - [2026-05-02T17:22:57.557+0000] {dagbag.py:588} INFO - Filling up the DagBag from /workspaces/meu-primeiro-etl-airflow/dags/pipeline_etl_pratica.py
[2026-05-02T17:22:57.576+0000] {processor.py:925} INFO - DAG(s) 'pipeline_etl_pratica' retrieved from /workspaces/meu-primeiro-etl-airflow/dags/pipeline_etl_pratica.py
[2026-05-02T17:22:57.592+0000] {logging_mixin.py:190} INFO - [2026-05-02T17:22:57.592+0000] {dag.py:3239} INFO - Sync 1 DAGs
[2026-05-02T17:22:57.609+0000] {logging_mixin.py:190} INFO - [2026-05-02T17:22:57.609+0000] {dag.py:4180} INFO - Setting next_dagrun for pipeline_etl_pratica to 2026-05-02 00:00:00+00:00, run_after=2026-05-03 00:00:00+00:00
[2026-05-02T17:22:57.626+0000] {processor.py:208} INFO - Processing /workspaces/meu-primeiro-etl-airflow/dags/pipeline_etl_pratica.py took 0.094 seconds
[2026-05-02T17:23:53.439+0000] {processor.py:186} INFO - Started process (PID=58900) to work on /workspaces/meu-primeiro-etl-airflow/dags/pipeline_etl_pratica.py
[2026-05-02T17:23:53.440+0000] {processor.py:914} INFO - Processing file /workspaces/meu-primeiro-etl-airflow/dags/pipeline_etl_pratica.py for tasks to queue
[2026-05-02T17:23:53.441+0000] {logging_mixin.py:190} INFO - [2026-05-02T17:23:53.441+0000] {dagbag.py:588} INFO - Filling up the DagBag from /workspaces/meu-primeiro-etl-airflow/dags/pipeline_etl_pratica.py
[2026-05-02T17:23:53.456+0000] {processor.py:925} INFO - DAG(s) 'pipeline_etl_pratica' retrieved from /workspaces/meu-primeiro-etl-airflow/dags/pipeline_etl_pratica.py
[2026-05-02T17:23:53.470+0000] {logging_mixin.py:190} INFO - [2026-05-02T17:23:53.469+0000] {dag.py:3239} INFO - Sync 1 DAGs
[2026-05-02T17:23:53.487+0000] {logging_mixin.py:190} INFO - [2026-05-02T17:23:53.486+0000] {dag.py:4180} INFO - Setting next_dagrun for pipeline_etl_pratica to 2026-05-02 00:00:00+00:00, run_after=2026-05-03 00:00:00+00:00
[2026-05-02T17:23:53.504+0000] {processor.py:208} INFO - Processing /workspaces/meu-primeiro-etl-airflow/dags/pipeline_etl_pratica.py took 0.070 seconds
[2026-05-02T17:24:24.413+0000] {processor.py:186} INFO - Started process (PID=59142) to work on /workspaces/meu-primeiro-etl-airflow/dags/pipeline_etl_pratica.py
[2026-05-02T17:24:24.414+0000] {processor.py:914} INFO - Processing file /workspaces/meu-primeiro-etl-airflow/dags/pipeline_etl_pratica.py for tasks to queue
[2026-05-02T17:24:24.416+0000] {logging_mixin.py:190} INFO - [2026-05-02T17:24:24.415+0000] {dagbag.py:588} INFO - Filling up the DagBag from /workspaces/meu-primeiro-etl-airflow/dags/pipeline_etl_pratica.py
[2026-05-02T17:24:24.436+0000] {processor.py:925} INFO - DAG(s) 'pipeline_etl_pratica' retrieved from /workspaces/meu-primeiro-etl-airflow/dags/pipeline_etl_pratica.py
[2026-05-02T17:24:24.455+0000] {logging_mixin.py:190} INFO - [2026-05-02T17:24:24.455+0000] {dag.py:3239} INFO - Sync 1 DAGs
[2026-05-02T17:24:24.473+0000] {logging_mixin.py:190} INFO - [2026-05-02T17:24:24.473+0000] {dag.py:4180} INFO - Setting next_dagrun for pipeline_etl_pratica to 2026-05-02 00:00:00+00:00, run_after=2026-05-03 00:00:00+00:00
[2026-05-02T17:24:24.490+0000] {processor.py:208} INFO - Processing /workspaces/meu-primeiro-etl-airflow/dags/pipeline_etl_pratica.py took 0.086 seconds
[2026-05-02T17:25:16.228+0000] {processor.py:186} INFO - Started process (PID=59605) to work on /workspaces/meu-primeiro-etl-airflow/dags/pipeline_etl_pratica.py
[2026-05-02T17:25:16.229+0000] {processor.py:914} INFO - Processing file /workspaces/meu-primeiro-etl-airflow/dags/pipeline_etl_pratica.py for tasks to queue
[2026-05-02T17:25:16.230+0000] {logging_mixin.py:190} INFO - [2026-05-02T17:25:16.229+0000] {dagbag.py:588} INFO - Filling up the DagBag from /workspaces/meu-primeiro-etl-airflow/dags/pipeline_etl_pratica.py
[2026-05-02T17:25:16.241+0000] {processor.py:925} INFO - DAG(s) 'pipeline_etl_pratica' retrieved from /workspaces/meu-primeiro-etl-airflow/dags/pipeline_etl_pratica.py
[2026-05-02T17:25:16.258+0000] {logging_mixin.py:190} INFO - [2026-05-02T17:25:16.258+0000] {dag.py:3239} INFO - Sync 1 DAGs
[2026-05-02T17:25:16.291+0000] {logging_mixin.py:190} INFO - [2026-05-02T17:25:16.291+0000] {dag.py:4180} INFO - Setting next_dagrun for pipeline_etl_pratica to 2026-05-02 00:00:00+00:00, run_after=2026-05-03 00:00:00+00:00
[2026-05-02T17:25:16.327+0000] {processor.py:208} INFO - Processing /workspaces/meu-primeiro-etl-airflow/dags/pipeline_etl_pratica.py took 0.103 seconds
[2026-05-02T17:26:11.438+0000] {processor.py:186} INFO - Started process (PID=60094) to work on /workspaces/meu-primeiro-etl-airflow/dags/pipeline_etl_pratica.py
[2026-05-02T17:26:11.440+0000] {processor.py:914} INFO - Processing file /workspaces/meu-primeiro-etl-airflow/dags/pipeline_etl_pratica.py for tasks to queue
[2026-05-02T17:26:11.442+0000] {logging_mixin.py:190} INFO - [2026-05-02T17:26:11.441+0000] {dagbag.py:588} INFO - Filling up the DagBag from /workspaces/meu-primeiro-etl-airflow/dags/pipeline_etl_pratica.py
[2026-05-02T17:26:11.465+0000] {processor.py:925} INFO - DAG(s) 'pipeline_etl_pratica' retrieved from /workspaces/meu-primeiro-etl-airflow/dags/pipeline_etl_pratica.py
[2026-05-02T17:26:11.487+0000] {logging_mixin.py:190} INFO - [2026-05-02T17:26:11.487+0000] {dag.py:3239} INFO - Sync 1 DAGs
[2026-05-02T17:26:11.523+0000] {logging_mixin.py:190} INFO - [2026-05-02T17:26:11.520+0000] {dag.py:4180} INFO - Setting next_dagrun for pipeline_etl_pratica to 2026-05-02 00:00:00+00:00, run_after=2026-05-03 00:00:00+00:00
[2026-05-02T17:26:11.560+0000] {processor.py:208} INFO - Processing /workspaces/meu-primeiro-etl-airflow/dags/pipeline_etl_pratica.py took 0.127 seconds
[2026-05-02T17:27:02.626+0000] {processor.py:186} INFO - Started process (PID=60556) to work on /workspaces/meu-primeiro-etl-airflow/dags/pipeline_etl_pratica.py
[2026-05-02T17:27:02.627+0000] {processor.py:914} INFO - Processing file /workspaces/meu-primeiro-etl-airflow/dags/pipeline_etl_pratica.py for tasks to queue
[2026-05-02T17:27:02.628+0000] {logging_mixin.py:190} INFO - [2026-05-02T17:27:02.628+0000] {dagbag.py:588} INFO - Filling up the DagBag from /workspaces/meu-primeiro-etl-airflow/dags/pipeline_etl_pratica.py
[2026-05-02T17:27:02.639+0000] {processor.py:925} INFO - DAG(s) 'pipeline_etl_pratica' retrieved from /workspaces/meu-primeiro-etl-airflow/dags/pipeline_etl_pratica.py
[2026-05-02T17:27:02.656+0000] {logging_mixin.py:190} INFO - [2026-05-02T17:27:02.655+0000] {dag.py:3239} INFO - Sync 1 DAGs
[2026-05-02T17:27:02.674+0000] {logging_mixin.py:190} INFO - [2026-05-02T17:27:02.674+0000] {dag.py:4180} INFO - Setting next_dagrun for pipeline_etl_pratica to 2026-05-02 00:00:00+00:00, run_after=2026-05-03 00:00:00+00:00
[2026-05-02T17:27:02.692+0000] {processor.py:208} INFO - Processing /workspaces/meu-primeiro-etl-airflow/dags/pipeline_etl_pratica.py took 0.070 seconds
[2026-05-02T17:27:53.080+0000] {processor.py:186} INFO - Started process (PID=61043) to work on /workspaces/meu-primeiro-etl-airflow/dags/pipeline_etl_pratica.py
[2026-05-02T17:27:53.081+0000] {processor.py:914} INFO - Processing file /workspaces/meu-primeiro-etl-airflow/dags/pipeline_etl_pratica.py for tasks to queue
[2026-05-02T17:27:53.082+0000] {logging_mixin.py:190} INFO - [2026-05-02T17:27:53.082+0000] {dagbag.py:588} INFO - Filling up the DagBag from /workspaces/meu-primeiro-etl-airflow/dags/pipeline_etl_pratica.py
[2026-05-02T17:27:53.093+0000] {processor.py:925} INFO - DAG(s) 'pipeline_etl_pratica' retrieved from /workspaces/meu-primeiro-etl-airflow/dags/pipeline_etl_pratica.py
[2026-05-02T17:27:53.106+0000] {logging_mixin.py:190} INFO - [2026-05-02T17:27:53.106+0000] {dag.py:3239} INFO - Sync 1 DAGs
[2026-05-02T17:27:53.124+0000] {logging_mixin.py:190} INFO - [2026-05-02T17:27:53.124+0000] {dag.py:4180} INFO - Setting next_dagrun for pipeline_etl_pratica to 2026-05-02 00:00:00+00:00, run_after=2026-05-03 00:00:00+00:00
[2026-05-02T17:27:53.141+0000] {processor.py:208} INFO - Processing /workspaces/meu-primeiro-etl-airflow/dags/pipeline_etl_pratica.py took 0.065 seconds
[2026-05-02T17:28:47.444+0000] {processor.py:186} INFO - Started process (PID=61534) to work on /workspaces/meu-primeiro-etl-airflow/dags/pipeline_etl_pratica.py
[2026-05-02T17:28:47.445+0000] {processor.py:914} INFO - Processing file /workspaces/meu-primeiro-etl-airflow/dags/pipeline_etl_pratica.py for tasks to queue
[2026-05-02T17:28:47.446+0000] {logging_mixin.py:190} INFO - [2026-05-02T17:28:47.446+0000] {dagbag.py:588} INFO - Filling up the DagBag from /workspaces/meu-primeiro-etl-airflow/dags/pipeline_etl_pratica.py
[2026-05-02T17:28:47.460+0000] {processor.py:925} INFO - DAG(s) 'pipeline_etl_pratica' retrieved from /workspaces/meu-primeiro-etl-airflow/dags/pipeline_etl_pratica.py
[2026-05-02T17:28:47.473+0000] {logging_mixin.py:190} INFO - [2026-05-02T17:28:47.473+0000] {dag.py:3239} INFO - Sync 1 DAGs
[2026-05-02T17:28:47.493+0000] {logging_mixin.py:190} INFO - [2026-05-02T17:28:47.493+0000] {dag.py:4180} INFO - Setting next_dagrun for pipeline_etl_pratica to 2026-05-02 00:00:00+00:00, run_after=2026-05-03 00:00:00+00:00
[2026-05-02T17:28:47.511+0000] {processor.py:208} INFO - Processing /workspaces/meu-primeiro-etl-airflow/dags/pipeline_etl_pratica.py took 0.072 seconds
[2026-05-02T17:29:37.495+0000] {processor.py:186} INFO - Started process (PID=61982) to work on /workspaces/meu-primeiro-etl-airflow/dags/pipeline_etl_pratica.py
[2026-05-02T17:29:37.495+0000] {processor.py:914} INFO - Processing file /workspaces/meu-primeiro-etl-airflow/dags/pipeline_etl_pratica.py for tasks to queue
[2026-05-02T17:29:37.496+0000] {logging_mixin.py:190} INFO - [2026-05-02T17:29:37.496+0000] {dagbag.py:588} INFO - Filling up the DagBag from /workspaces/meu-primeiro-etl-airflow/dags/pipeline_etl_pratica.py
[2026-05-02T17:29:37.507+0000] {processor.py:925} INFO - DAG(s) 'pipeline_etl_pratica' retrieved from /workspaces/meu-primeiro-etl-airflow/dags/pipeline_etl_pratica.py
[2026-05-02T17:29:37.520+0000] {logging_mixin.py:190} INFO - [2026-05-02T17:29:37.519+0000] {dag.py:3239} INFO - Sync 1 DAGs
[2026-05-02T17:29:37.537+0000] {logging_mixin.py:190} INFO - [2026-05-02T17:29:37.537+0000] {dag.py:4180} INFO - Setting next_dagrun for pipeline_etl_pratica to 2026-05-02 00:00:00+00:00, run_after=2026-05-03 00:00:00+00:00
[2026-05-02T17:29:37.557+0000] {processor.py:208} INFO - Processing /workspaces/meu-primeiro-etl-airflow/dags/pipeline_etl_pratica.py took 0.066 seconds
[2026-05-02T17:30:32.208+0000] {processor.py:186} INFO - Started process (PID=62463) to work on /workspaces/meu-primeiro-etl-airflow/dags/pipeline_etl_pratica.py
[2026-05-02T17:30:32.209+0000] {processor.py:914} INFO - Processing file /workspaces/meu-primeiro-etl-airflow/dags/pipeline_etl_pratica.py for tasks to queue
[2026-05-02T17:30:32.210+0000] {logging_mixin.py:190} INFO - [2026-05-02T17:30:32.209+0000] {dagbag.py:588} INFO - Filling up the DagBag from /workspaces/meu-primeiro-etl-airflow/dags/pipeline_etl_pratica.py
[2026-05-02T17:30:32.221+0000] {processor.py:925} INFO - DAG(s) 'pipeline_etl_pratica' retrieved from /workspaces/meu-primeiro-etl-airflow/dags/pipeline_etl_pratica.py
[2026-05-02T17:30:32.234+0000] {logging_mixin.py:190} INFO - [2026-05-02T17:30:32.233+0000] {dag.py:3239} INFO - Sync 1 DAGs
[2026-05-02T17:30:32.254+0000] {logging_mixin.py:190} INFO - [2026-05-02T17:30:32.254+0000] {dag.py:4180} INFO - Setting next_dagrun for pipeline_etl_pratica to 2026-05-02 00:00:00+00:00, run_after=2026-05-03 00:00:00+00:00
[2026-05-02T17:30:32.272+0000] {processor.py:208} INFO - Processing /workspaces/meu-primeiro-etl-airflow/dags/pipeline_etl_pratica.py took 0.069 seconds
[2026-05-02T17:31:29.261+0000] {processor.py:186} INFO - Started process (PID=63084) to work on /workspaces/meu-primeiro-etl-airflow/dags/pipeline_etl_pratica.py
[2026-05-02T17:31:29.262+0000] {processor.py:914} INFO - Processing file /workspaces/meu-primeiro-etl-airflow/dags/pipeline_etl_pratica.py for tasks to queue
[2026-05-02T17:31:29.263+0000] {logging_mixin.py:190} INFO - [2026-05-02T17:31:29.263+0000] {dagbag.py:588} INFO - Filling up the DagBag from /workspaces/meu-primeiro-etl-airflow/dags/pipeline_etl_pratica.py
[2026-05-02T17:31:29.283+0000] {processor.py:925} INFO - DAG(s) 'pipeline_etl_pratica' retrieved from /workspaces/meu-primeiro-etl-airflow/dags/pipeline_etl_pratica.py
[2026-05-02T17:31:29.303+0000] {logging_mixin.py:190} INFO - [2026-05-02T17:31:29.303+0000] {dag.py:3239} INFO - Sync 1 DAGs
[2026-05-02T17:31:29.320+0000] {logging_mixin.py:190} INFO - [2026-05-02T17:31:29.320+0000] {dag.py:4180} INFO - Setting next_dagrun for pipeline_etl_pratica to 2026-05-02 00:00:00+00:00, run_after=2026-05-03 00:00:00+00:00
[2026-05-02T17:31:29.337+0000] {processor.py:208} INFO - Processing /workspaces/meu-primeiro-etl-airflow/dags/pipeline_etl_pratica.py took 0.083 seconds
[2026-05-02T17:32:22.470+0000] {processor.py:186} INFO - Started process (PID=63677) to work on /workspaces/meu-primeiro-etl-airflow/dags/pipeline_etl_pratica.py
[2026-05-02T17:32:22.471+0000] {processor.py:914} INFO - Processing file /workspaces/meu-primeiro-etl-airflow/dags/pipeline_etl_pratica.py for tasks to queue
[2026-05-02T17:32:22.472+0000] {logging_mixin.py:190} INFO - [2026-05-02T17:32:22.471+0000] {dagbag.py:588} INFO - Filling up the DagBag from /workspaces/meu-primeiro-etl-airflow/dags/pipeline_etl_pratica.py
[2026-05-02T17:32:22.482+0000] {processor.py:925} INFO - DAG(s) 'pipeline_etl_pratica' retrieved from /workspaces/meu-primeiro-etl-airflow/dags/pipeline_etl_pratica.py
[2026-05-02T17:32:22.495+0000] {logging_mixin.py:190} INFO - [2026-05-02T17:32:22.495+0000] {dag.py:3239} INFO - Sync 1 DAGs
[2026-05-02T17:32:22.517+0000] {logging_mixin.py:190} INFO - [2026-05-02T17:32:22.517+0000] {dag.py:4180} INFO - Setting next_dagrun for pipeline_etl_pratica to 2026-05-02 00:00:00+00:00, run_after=2026-05-03 00:00:00+00:00
[2026-05-02T17:32:22.535+0000] {processor.py:208} INFO - Processing /workspaces/meu-primeiro-etl-airflow/dags/pipeline_etl_pratica.py took 0.070 seconds
[2026-05-02T17:33:15.265+0000] {processor.py:186} INFO - Started process (PID=64201) to work on /workspaces/meu-primeiro-etl-airflow/dags/pipeline_etl_pratica.py
[2026-05-02T17:33:15.266+0000] {processor.py:914} INFO - Processing file /workspaces/meu-primeiro-etl-airflow/dags/pipeline_etl_pratica.py for tasks to queue
[2026-05-02T17:33:15.267+0000] {logging_mixin.py:190} INFO - [2026-05-02T17:33:15.267+0000] {dagbag.py:588} INFO - Filling up the DagBag from /workspaces/meu-primeiro-etl-airflow/dags/pipeline_etl_pratica.py
[2026-05-02T17:33:15.288+0000] {processor.py:925} INFO - DAG(s) 'pipeline_etl_pratica' retrieved from /workspaces/meu-primeiro-etl-airflow/dags/pipeline_etl_pratica.py
[2026-05-02T17:33:15.308+0000] {logging_mixin.py:190} INFO - [2026-05-02T17:33:15.307+0000] {dag.py:3239} INFO - Sync 1 DAGs
[2026-05-02T17:33:15.335+0000] {logging_mixin.py:190} INFO - [2026-05-02T17:33:15.335+0000] {dag.py:4180} INFO - Setting next_dagrun for pipeline_etl_pratica to 2026-05-02 00:00:00+00:00, run_after=2026-05-03 00:00:00+00:00
[2026-05-02T17:33:15.361+0000] {processor.py:208} INFO - Processing /workspaces/meu-primeiro-etl-airflow/dags/pipeline_etl_pratica.py took 0.107 seconds
[2026-05-02T17:34:06.233+0000] {processor.py:186} INFO - Started process (PID=64657) to work on /workspaces/meu-primeiro-etl-airflow/dags/pipeline_etl_pratica.py
[2026-05-02T17:34:06.233+0000] {processor.py:914} INFO - Processing file /workspaces/meu-primeiro-etl-airflow/dags/pipeline_etl_pratica.py for tasks to queue
[2026-05-02T17:34:06.234+0000] {logging_mixin.py:190} INFO - [2026-05-02T17:34:06.234+0000] {dagbag.py:588} INFO - Filling up the DagBag from /workspaces/meu-primeiro-etl-airflow/dags/pipeline_etl_pratica.py
[2026-05-02T17:34:06.247+0000] {processor.py:925} INFO - DAG(s) 'pipeline_etl_pratica' retrieved from /workspaces/meu-primeiro-etl-airflow/dags/pipeline_etl_pratica.py
[2026-05-02T17:34:06.268+0000] {logging_mixin.py:190} INFO - [2026-05-02T17:34:06.267+0000] {dag.py:3239} INFO - Sync 1 DAGs
[2026-05-02T17:34:06.285+0000] {logging_mixin.py:190} INFO - [2026-05-02T17:34:06.285+0000] {dag.py:4180} INFO - Setting next_dagrun for pipeline_etl_pratica to 2026-05-02 00:00:00+00:00, run_after=2026-05-03 00:00:00+00:00
[2026-05-02T17:34:06.302+0000] {processor.py:208} INFO - Processing /workspaces/meu-primeiro-etl-airflow/dags/pipeline_etl_pratica.py took 0.074 seconds
[2026-05-02T17:34:40.450+0000] {processor.py:186} INFO - Started process (PID=65277) to work on /workspaces/meu-primeiro-etl-airflow/dags/pipeline_etl_pratica.py
[2026-05-02T17:34:40.451+0000] {processor.py:914} INFO - Processing file /workspaces/meu-primeiro-etl-airflow/dags/pipeline_etl_pratica.py for tasks to queue
[2026-05-02T17:34:40.452+0000] {logging_mixin.py:190} INFO - [2026-05-02T17:34:40.452+0000] {dagbag.py:588} INFO - Filling up the DagBag from /workspaces/meu-primeiro-etl-airflow/dags/pipeline_etl_pratica.py
[2026-05-02T17:34:40.465+0000] {processor.py:925} INFO - DAG(s) 'pipeline_etl_pratica' retrieved from /workspaces/meu-primeiro-etl-airflow/dags/pipeline_etl_pratica.py
[2026-05-02T17:34:40.479+0000] {logging_mixin.py:190} INFO - [2026-05-02T17:34:40.479+0000] {dag.py:3239} INFO - Sync 1 DAGs
[2026-05-02T17:34:40.496+0000] {logging_mixin.py:190} INFO - [2026-05-02T17:34:40.496+0000] {dag.py:4180} INFO - Setting next_dagrun for pipeline_etl_pratica to 2026-05-02 00:00:00+00:00, run_after=2026-05-03 00:00:00+00:00
[2026-05-02T17:34:40.513+0000] {processor.py:208} INFO - Processing /workspaces/meu-primeiro-etl-airflow/dags/pipeline_etl_pratica.py took 0.069 seconds
[2026-05-02T17:35:18.877+0000] {processor.py:186} INFO - Started process (PID=65947) to work on /workspaces/meu-primeiro-etl-airflow/dags/pipeline_etl_pratica.py
[2026-05-02T17:35:18.878+0000] {processor.py:914} INFO - Processing file /workspaces/meu-primeiro-etl-airflow/dags/pipeline_etl_pratica.py for tasks to queue
[2026-05-02T17:35:18.879+0000] {logging_mixin.py:190} INFO - [2026-05-02T17:35:18.879+0000] {dagbag.py:588} INFO - Filling up the DagBag from /workspaces/meu-primeiro-etl-airflow/dags/pipeline_etl_pratica.py
[2026-05-02T17:35:18.892+0000] {processor.py:925} INFO - DAG(s) 'pipeline_etl_pratica' retrieved from /workspaces/meu-primeiro-etl-airflow/dags/pipeline_etl_pratica.py
[2026-05-02T17:35:18.906+0000] {logging_mixin.py:190} INFO - [2026-05-02T17:35:18.905+0000] {dag.py:3239} INFO - Sync 1 DAGs
[2026-05-02T17:35:18.923+0000] {logging_mixin.py:190} INFO - [2026-05-02T17:35:18.923+0000] {dag.py:4180} INFO - Setting next_dagrun for pipeline_etl_pratica to 2026-05-02 00:00:00+00:00, run_after=2026-05-03 00:00:00+00:00
[2026-05-02T17:35:18.940+0000] {processor.py:208} INFO - Processing /workspaces/meu-primeiro-etl-airflow/dags/pipeline_etl_pratica.py took 0.068 seconds
[2026-05-02T17:36:11.438+0000] {processor.py:186} INFO - Started process (PID=66531) to work on /workspaces/meu-primeiro-etl-airflow/dags/pipeline_etl_pratica.py
[2026-05-02T17:36:11.439+0000] {processor.py:914} INFO - Processing file /workspaces/meu-primeiro-etl-airflow/dags/pipeline_etl_pratica.py for tasks to queue
[2026-05-02T17:36:11.440+0000] {logging_mixin.py:190} INFO - [2026-05-02T17:36:11.440+0000] {dagbag.py:588} INFO - Filling up the DagBag from /workspaces/meu-primeiro-etl-airflow/dags/pipeline_etl_pratica.py
[2026-05-02T17:36:11.454+0000] {processor.py:925} INFO - DAG(s) 'pipeline_etl_pratica' retrieved from /workspaces/meu-primeiro-etl-airflow/dags/pipeline_etl_pratica.py
[2026-05-02T17:36:11.467+0000] {logging_mixin.py:190} INFO - [2026-05-02T17:36:11.467+0000] {dag.py:3239} INFO - Sync 1 DAGs
[2026-05-02T17:36:11.485+0000] {logging_mixin.py:190} INFO - [2026-05-02T17:36:11.484+0000] {dag.py:4180} INFO - Setting next_dagrun for pipeline_etl_pratica to 2026-05-02 00:00:00+00:00, run_after=2026-05-03 00:00:00+00:00
[2026-05-02T17:36:11.501+0000] {processor.py:208} INFO - Processing /workspaces/meu-primeiro-etl-airflow/dags/pipeline_etl_pratica.py took 0.067 seconds
[2026-05-02T17:37:04.065+0000] {processor.py:186} INFO - Started process (PID=67305) to work on /workspaces/meu-primeiro-etl-airflow/dags/pipeline_etl_pratica.py
[2026-05-02T17:37:04.066+0000] {processor.py:914} INFO - Processing file /workspaces/meu-primeiro-etl-airflow/dags/pipeline_etl_pratica.py for tasks to queue
[2026-05-02T17:37:04.068+0000] {logging_mixin.py:190} INFO - [2026-05-02T17:37:04.067+0000] {dagbag.py:588} INFO - Filling up the DagBag from /workspaces/meu-primeiro-etl-airflow/dags/pipeline_etl_pratica.py
[2026-05-02T17:37:04.089+0000] {processor.py:925} INFO - DAG(s) 'pipeline_etl_pratica' retrieved from /workspaces/meu-primeiro-etl-airflow/dags/pipeline_etl_pratica.py
[2026-05-02T17:37:04.112+0000] {logging_mixin.py:190} INFO - [2026-05-02T17:37:04.112+0000] {dag.py:3239} INFO - Sync 1 DAGs
[2026-05-02T17:37:04.131+0000] {logging_mixin.py:190} INFO - [2026-05-02T17:37:04.130+0000] {dag.py:4180} INFO - Setting next_dagrun for pipeline_etl_pratica to 2026-05-02 00:00:00+00:00, run_after=2026-05-03 00:00:00+00:00
[2026-05-02T17:37:04.149+0000] {processor.py:208} INFO - Processing /workspaces/meu-primeiro-etl-airflow/dags/pipeline_etl_pratica.py took 0.094 seconds
[2026-05-02T17:37:40.013+0000] {processor.py:186} INFO - Started process (PID=68008) to work on /workspaces/meu-primeiro-etl-airflow/dags/pipeline_etl_pratica.py
[2026-05-02T17:37:40.014+0000] {processor.py:914} INFO - Processing file /workspaces/meu-primeiro-etl-airflow/dags/pipeline_etl_pratica.py for tasks to queue
[2026-05-02T17:37:40.015+0000] {logging_mixin.py:190} INFO - [2026-05-02T17:37:40.015+0000] {dagbag.py:588} INFO - Filling up the DagBag from /workspaces/meu-primeiro-etl-airflow/dags/pipeline_etl_pratica.py
[2026-05-02T17:37:40.026+0000] {processor.py:925} INFO - DAG(s) 'pipeline_etl_pratica' retrieved from /workspaces/meu-primeiro-etl-airflow/dags/pipeline_etl_pratica.py
[2026-05-02T17:37:40.039+0000] {logging_mixin.py:190} INFO - [2026-05-02T17:37:40.039+0000] {dag.py:3239} INFO - Sync 1 DAGs
[2026-05-02T17:37:40.061+0000] {logging_mixin.py:190} INFO - [2026-05-02T17:37:40.061+0000] {dag.py:4180} INFO - Setting next_dagrun for pipeline_etl_pratica to 2026-05-02 00:00:00+00:00, run_after=2026-05-03 00:00:00+00:00
[2026-05-02T17:37:40.078+0000] {processor.py:208} INFO - Processing /workspaces/meu-primeiro-etl-airflow/dags/pipeline_etl_pratica.py took 0.069 seconds
[2026-05-02T17:38:15.888+0000] {processor.py:186} INFO - Started process (PID=68302) to work on /workspaces/meu-primeiro-etl-airflow/dags/pipeline_etl_pratica.py
[2026-05-02T17:38:15.889+0000] {processor.py:914} INFO - Processing file /workspaces/meu-primeiro-etl-airflow/dags/pipeline_etl_pratica.py for tasks to queue
[2026-05-02T17:38:15.890+0000] {logging_mixin.py:190} INFO - [2026-05-02T17:38:15.889+0000] {dagbag.py:588} INFO - Filling up the DagBag from /workspaces/meu-primeiro-etl-airflow/dags/pipeline_etl_pratica.py
[2026-05-02T17:38:15.901+0000] {processor.py:925} INFO - DAG(s) 'pipeline_etl_pratica' retrieved from /workspaces/meu-primeiro-etl-airflow/dags/pipeline_etl_pratica.py
[2026-05-02T17:38:15.914+0000] {logging_mixin.py:190} INFO - [2026-05-02T17:38:15.914+0000] {dag.py:3239} INFO - Sync 1 DAGs
[2026-05-02T17:38:15.932+0000] {logging_mixin.py:190} INFO - [2026-05-02T17:38:15.932+0000] {dag.py:4180} INFO - Setting next_dagrun for pipeline_etl_pratica to 2026-05-02 00:00:00+00:00, run_after=2026-05-03 00:00:00+00:00
[2026-05-02T17:38:15.950+0000] {processor.py:208} INFO - Processing /workspaces/meu-primeiro-etl-airflow/dags/pipeline_etl_pratica.py took 0.067 seconds
[2026-05-02T17:39:07.667+0000] {processor.py:186} INFO - Started process (PID=68750) to work on /workspaces/meu-primeiro-etl-airflow/dags/pipeline_etl_pratica.py
[2026-05-02T17:39:07.668+0000] {processor.py:914} INFO - Processing file /workspaces/meu-primeiro-etl-airflow/dags/pipeline_etl_pratica.py for tasks to queue
[2026-05-02T17:39:07.669+0000] {logging_mixin.py:190} INFO - [2026-05-02T17:39:07.669+0000] {dagbag.py:588} INFO - Filling up the DagBag from /workspaces/meu-primeiro-etl-airflow/dags/pipeline_etl_pratica.py
[2026-05-02T17:39:07.681+0000] {processor.py:925} INFO - DAG(s) 'pipeline_etl_pratica' retrieved from /workspaces/meu-primeiro-etl-airflow/dags/pipeline_etl_pratica.py
[2026-05-02T17:39:07.693+0000] {logging_mixin.py:190} INFO - [2026-05-02T17:39:07.693+0000] {dag.py:3239} INFO - Sync 1 DAGs
[2026-05-02T17:39:07.710+0000] {logging_mixin.py:190} INFO - [2026-05-02T17:39:07.710+0000] {dag.py:4180} INFO - Setting next_dagrun for pipeline_etl_pratica to 2026-05-02 00:00:00+00:00, run_after=2026-05-03 00:00:00+00:00
[2026-05-02T17:39:07.727+0000] {processor.py:208} INFO - Processing /workspaces/meu-primeiro-etl-airflow/dags/pipeline_etl_pratica.py took 0.065 seconds
[2026-05-02T17:39:59.664+0000] {processor.py:186} INFO - Started process (PID=69236) to work on /workspaces/meu-primeiro-etl-airflow/dags/pipeline_etl_pratica.py
[2026-05-02T17:39:59.665+0000] {processor.py:914} INFO - Processing file /workspaces/meu-primeiro-etl-airflow/dags/pipeline_etl_pratica.py for tasks to queue
[2026-05-02T17:39:59.666+0000] {logging_mixin.py:190} INFO - [2026-05-02T17:39:59.665+0000] {dagbag.py:588} INFO - Filling up the DagBag from /workspaces/meu-primeiro-etl-airflow/dags/pipeline_etl_pratica.py
[2026-05-02T17:39:59.677+0000] {processor.py:925} INFO - DAG(s) 'pipeline_etl_pratica' retrieved from /workspaces/meu-primeiro-etl-airflow/dags/pipeline_etl_pratica.py
[2026-05-02T17:39:59.689+0000] {logging_mixin.py:190} INFO - [2026-05-02T17:39:59.689+0000] {dag.py:3239} INFO - Sync 1 DAGs
[2026-05-02T17:39:59.707+0000] {logging_mixin.py:190} INFO - [2026-05-02T17:39:59.706+0000] {dag.py:4180} INFO - Setting next_dagrun for pipeline_etl_pratica to 2026-05-02 00:00:00+00:00, run_after=2026-05-03 00:00:00+00:00
[2026-05-02T17:39:59.723+0000] {processor.py:208} INFO - Processing /workspaces/meu-primeiro-etl-airflow/dags/pipeline_etl_pratica.py took 0.064 seconds
[2026-05-02T17:40:55.019+0000] {processor.py:186} INFO - Started process (PID=69750) to work on /workspaces/meu-primeiro-etl-airflow/dags/pipeline_etl_pratica.py
[2026-05-02T17:40:55.020+0000] {processor.py:914} INFO - Processing file /workspaces/meu-primeiro-etl-airflow/dags/pipeline_etl_pratica.py for tasks to queue
[2026-05-02T17:40:55.021+0000] {logging_mixin.py:190} INFO - [2026-05-02T17:40:55.020+0000] {dagbag.py:588} INFO - Filling up the DagBag from /workspaces/meu-primeiro-etl-airflow/dags/pipeline_etl_pratica.py
[2026-05-02T17:40:55.032+0000] {processor.py:925} INFO - DAG(s) 'pipeline_etl_pratica' retrieved from /workspaces/meu-primeiro-etl-airflow/dags/pipeline_etl_pratica.py
[2026-05-02T17:40:55.049+0000] {logging_mixin.py:190} INFO - [2026-05-02T17:40:55.049+0000] {dag.py:3239} INFO - Sync 1 DAGs
[2026-05-02T17:40:55.069+0000] {logging_mixin.py:190} INFO - [2026-05-02T17:40:55.069+0000] {dag.py:4180} INFO - Setting next_dagrun for pipeline_etl_pratica to 2026-05-02 00:00:00+00:00, run_after=2026-05-03 00:00:00+00:00
[2026-05-02T17:40:55.085+0000] {processor.py:208} INFO - Processing /workspaces/meu-primeiro-etl-airflow/dags/pipeline_etl_pratica.py took 0.071 seconds
[2026-05-02T17:41:47.672+0000] {processor.py:186} INFO - Started process (PID=70293) to work on /workspaces/meu-primeiro-etl-airflow/dags/pipeline_etl_pratica.py
[2026-05-02T17:41:47.673+0000] {processor.py:914} INFO - Processing file /workspaces/meu-primeiro-etl-airflow/dags/pipeline_etl_pratica.py for tasks to queue
[2026-05-02T17:41:47.674+0000] {logging_mixin.py:190} INFO - [2026-05-02T17:41:47.673+0000] {dagbag.py:588} INFO - Filling up the DagBag from /workspaces/meu-primeiro-etl-airflow/dags/pipeline_etl_pratica.py
[2026-05-02T17:41:47.685+0000] {processor.py:925} INFO - DAG(s) 'pipeline_etl_pratica' retrieved from /workspaces/meu-primeiro-etl-airflow/dags/pipeline_etl_pratica.py
[2026-05-02T17:41:47.697+0000] {logging_mixin.py:190} INFO - [2026-05-02T17:41:47.697+0000] {dag.py:3239} INFO - Sync 1 DAGs
[2026-05-02T17:41:47.715+0000] {logging_mixin.py:190} INFO - [2026-05-02T17:41:47.715+0000] {dag.py:4180} INFO - Setting next_dagrun for pipeline_etl_pratica to 2026-05-02 00:00:00+00:00, run_after=2026-05-03 00:00:00+00:00
[2026-05-02T17:41:47.733+0000] {processor.py:208} INFO - Processing /workspaces/meu-primeiro-etl-airflow/dags/pipeline_etl_pratica.py took 0.068 seconds
[2026-05-02T17:42:47.190+0000] {processor.py:186} INFO - Started process (PID=71043) to work on /workspaces/meu-primeiro-etl-airflow/dags/pipeline_etl_pratica.py
[2026-05-02T17:42:47.190+0000] {processor.py:914} INFO - Processing file /workspaces/meu-primeiro-etl-airflow/dags/pipeline_etl_pratica.py for tasks to queue
[2026-05-02T17:42:47.191+0000] {logging_mixin.py:190} INFO - [2026-05-02T17:42:47.191+0000] {dagbag.py:588} INFO - Filling up the DagBag from /workspaces/meu-primeiro-etl-airflow/dags/pipeline_etl_pratica.py
[2026-05-02T17:42:47.202+0000] {processor.py:925} INFO - DAG(s) 'pipeline_etl_pratica' retrieved from /workspaces/meu-primeiro-etl-airflow/dags/pipeline_etl_pratica.py
[2026-05-02T17:42:47.215+0000] {logging_mixin.py:190} INFO - [2026-05-02T17:42:47.215+0000] {dag.py:3239} INFO - Sync 1 DAGs
[2026-05-02T17:42:47.233+0000] {logging_mixin.py:190} INFO - [2026-05-02T17:42:47.233+0000] {dag.py:4180} INFO - Setting next_dagrun for pipeline_etl_pratica to 2026-05-02 00:00:00+00:00, run_after=2026-05-03 00:00:00+00:00
[2026-05-02T17:42:47.252+0000] {processor.py:208} INFO - Processing /workspaces/meu-primeiro-etl-airflow/dags/pipeline_etl_pratica.py took 0.067 seconds
[2026-05-02T17:43:42.979+0000] {processor.py:186} INFO - Started process (PID=71575) to work on /workspaces/meu-primeiro-etl-airflow/dags/pipeline_etl_pratica.py
[2026-05-02T17:43:42.980+0000] {processor.py:914} INFO - Processing file /workspaces/meu-primeiro-etl-airflow/dags/pipeline_etl_pratica.py for tasks to queue
[2026-05-02T17:43:42.981+0000] {logging_mixin.py:190} INFO - [2026-05-02T17:43:42.981+0000] {dagbag.py:588} INFO - Filling up the DagBag from /workspaces/meu-primeiro-etl-airflow/dags/pipeline_etl_pratica.py
[2026-05-02T17:43:43.007+0000] {processor.py:925} INFO - DAG(s) 'pipeline_etl_pratica' retrieved from /workspaces/meu-primeiro-etl-airflow/dags/pipeline_etl_pratica.py
[2026-05-02T17:43:43.036+0000] {logging_mixin.py:190} INFO - [2026-05-02T17:43:43.036+0000] {dag.py:3239} INFO - Sync 1 DAGs
[2026-05-02T17:43:43.082+0000] {logging_mixin.py:190} INFO - [2026-05-02T17:43:43.081+0000] {dag.py:4180} INFO - Setting next_dagrun for pipeline_etl_pratica to 2026-05-02 00:00:00+00:00, run_after=2026-05-03 00:00:00+00:00
[2026-05-02T17:43:43.105+0000] {processor.py:208} INFO - Processing /workspaces/meu-primeiro-etl-airflow/dags/pipeline_etl_pratica.py took 0.135 seconds
[2026-05-02T17:44:35.837+0000] {processor.py:186} INFO - Started process (PID=72049) to work on /workspaces/meu-primeiro-etl-airflow/dags/pipeline_etl_pratica.py
[2026-05-02T17:44:35.838+0000] {processor.py:914} INFO - Processing file /workspaces/meu-primeiro-etl-airflow/dags/pipeline_etl_pratica.py for tasks to queue
[2026-05-02T17:44:35.839+0000] {logging_mixin.py:190} INFO - [2026-05-02T17:44:35.839+0000] {dagbag.py:588} INFO - Filling up the DagBag from /workspaces/meu-primeiro-etl-airflow/dags/pipeline_etl_pratica.py
[2026-05-02T17:44:35.853+0000] {processor.py:925} INFO - DAG(s) 'pipeline_etl_pratica' retrieved from /workspaces/meu-primeiro-etl-airflow/dags/pipeline_etl_pratica.py
[2026-05-02T17:44:35.868+0000] {logging_mixin.py:190} INFO - [2026-05-02T17:44:35.868+0000] {dag.py:3239} INFO - Sync 1 DAGs
[2026-05-02T17:44:35.885+0000] {logging_mixin.py:190} INFO - [2026-05-02T17:44:35.885+0000] {dag.py:4180} INFO - Setting next_dagrun for pipeline_etl_pratica to 2026-05-02 00:00:00+00:00, run_after=2026-05-03 00:00:00+00:00
[2026-05-02T17:44:35.903+0000] {processor.py:208} INFO - Processing /workspaces/meu-primeiro-etl-airflow/dags/pipeline_etl_pratica.py took 0.071 seconds
[2026-05-02T17:45:28.968+0000] {processor.py:186} INFO - Started process (PID=72937) to work on /workspaces/meu-primeiro-etl-airflow/dags/pipeline_etl_pratica.py
[2026-05-02T17:45:28.969+0000] {processor.py:914} INFO - Processing file /workspaces/meu-primeiro-etl-airflow/dags/pipeline_etl_pratica.py for tasks to queue
[2026-05-02T17:45:28.970+0000] {logging_mixin.py:190} INFO - [2026-05-02T17:45:28.970+0000] {dagbag.py:588} INFO - Filling up the DagBag from /workspaces/meu-primeiro-etl-airflow/dags/pipeline_etl_pratica.py
[2026-05-02T17:45:28.983+0000] {processor.py:925} INFO - DAG(s) 'pipeline_etl_pratica' retrieved from /workspaces/meu-primeiro-etl-airflow/dags/pipeline_etl_pratica.py
[2026-05-02T17:45:28.999+0000] {logging_mixin.py:190} INFO - [2026-05-02T17:45:28.999+0000] {dag.py:3239} INFO - Sync 1 DAGs
[2026-05-02T17:45:29.016+0000] {logging_mixin.py:190} INFO - [2026-05-02T17:45:29.016+0000] {dag.py:4180} INFO - Setting next_dagrun for pipeline_etl_pratica to 2026-05-02 00:00:00+00:00, run_after=2026-05-03 00:00:00+00:00
[2026-05-02T17:45:29.033+0000] {processor.py:208} INFO - Processing /workspaces/meu-primeiro-etl-airflow/dags/pipeline_etl_pratica.py took 0.069 seconds
[2026-05-02T17:46:02.682+0000] {processor.py:186} INFO - Started process (PID=73283) to work on /workspaces/meu-primeiro-etl-airflow/dags/pipeline_etl_pratica.py
[2026-05-02T17:46:02.683+0000] {processor.py:914} INFO - Processing file /workspaces/meu-primeiro-etl-airflow/dags/pipeline_etl_pratica.py for tasks to queue
[2026-05-02T17:46:02.685+0000] {logging_mixin.py:190} INFO - [2026-05-02T17:46:02.684+0000] {dagbag.py:588} INFO - Filling up the DagBag from /workspaces/meu-primeiro-etl-airflow/dags/pipeline_etl_pratica.py
[2026-05-02T17:46:02.689+0000] {logging_mixin.py:190} INFO - [2026-05-02T17:46:02.688+0000] {dagbag.py:387} ERROR - Failed to import: /workspaces/meu-primeiro-etl-airflow/dags/pipeline_etl_pratica.py
Traceback (most recent call last):
  File "/usr/local/python/3.12.1/lib/python3.12/site-packages/airflow/models/dagbag.py", line 383, in parse
    loader.exec_module(new_module)
  File "<frozen importlib._bootstrap_external>", line 990, in exec_module
  File "<frozen importlib._bootstrap_external>", line 1128, in get_code
  File "<frozen importlib._bootstrap_external>", line 1058, in source_to_code
  File "<frozen importlib._bootstrap>", line 488, in _call_with_frames_removed
  File "/workspaces/meu-primeiro-etl-airflow/dags/pipeline_etl_pratica.py", line 19
    Simulando a leitura de dados extraídos
              ^
SyntaxError: invalid syntax
[2026-05-02T17:46:02.690+0000] {processor.py:927} WARNING - No viable dags retrieved from /workspaces/meu-primeiro-etl-airflow/dags/pipeline_etl_pratica.py
[2026-05-02T17:46:02.715+0000] {processor.py:208} INFO - Processing /workspaces/meu-primeiro-etl-airflow/dags/pipeline_etl_pratica.py took 0.040 seconds
[2026-05-02T17:46:33.040+0000] {processor.py:186} INFO - Started process (PID=73606) to work on /workspaces/meu-primeiro-etl-airflow/dags/pipeline_etl_pratica.py
[2026-05-02T17:46:33.042+0000] {processor.py:914} INFO - Processing file /workspaces/meu-primeiro-etl-airflow/dags/pipeline_etl_pratica.py for tasks to queue
[2026-05-02T17:46:33.043+0000] {logging_mixin.py:190} INFO - [2026-05-02T17:46:33.043+0000] {dagbag.py:588} INFO - Filling up the DagBag from /workspaces/meu-primeiro-etl-airflow/dags/pipeline_etl_pratica.py
[2026-05-02T17:46:33.046+0000] {logging_mixin.py:190} INFO - [2026-05-02T17:46:33.045+0000] {dagbag.py:387} ERROR - Failed to import: /workspaces/meu-primeiro-etl-airflow/dags/pipeline_etl_pratica.py
Traceback (most recent call last):
  File "/usr/local/python/3.12.1/lib/python3.12/site-packages/airflow/models/dagbag.py", line 383, in parse
    loader.exec_module(new_module)
  File "<frozen importlib._bootstrap_external>", line 990, in exec_module
  File "<frozen importlib._bootstrap_external>", line 1128, in get_code
  File "<frozen importlib._bootstrap_external>", line 1058, in source_to_code
  File "<frozen importlib._bootstrap>", line 488, in _call_with_frames_removed
  File "/workspaces/meu-primeiro-etl-airflow/dags/pipeline_etl_pratica.py", line 18
    Requisito 3: Transformação e Join com Pandas
              ^
SyntaxError: invalid syntax
[2026-05-02T17:46:33.047+0000] {processor.py:927} WARNING - No viable dags retrieved from /workspaces/meu-primeiro-etl-airflow/dags/pipeline_etl_pratica.py
[2026-05-02T17:46:33.065+0000] {processor.py:208} INFO - Processing /workspaces/meu-primeiro-etl-airflow/dags/pipeline_etl_pratica.py took 0.030 seconds
[2026-05-02T17:47:06.023+0000] {processor.py:186} INFO - Started process (PID=73893) to work on /workspaces/meu-primeiro-etl-airflow/dags/pipeline_etl_pratica.py
[2026-05-02T17:47:06.026+0000] {processor.py:914} INFO - Processing file /workspaces/meu-primeiro-etl-airflow/dags/pipeline_etl_pratica.py for tasks to queue
[2026-05-02T17:47:06.028+0000] {logging_mixin.py:190} INFO - [2026-05-02T17:47:06.028+0000] {dagbag.py:588} INFO - Filling up the DagBag from /workspaces/meu-primeiro-etl-airflow/dags/pipeline_etl_pratica.py
[2026-05-02T17:47:06.035+0000] {logging_mixin.py:190} INFO - [2026-05-02T17:47:06.033+0000] {dagbag.py:387} ERROR - Failed to import: /workspaces/meu-primeiro-etl-airflow/dags/pipeline_etl_pratica.py
Traceback (most recent call last):
  File "/usr/local/python/3.12.1/lib/python3.12/site-packages/airflow/models/dagbag.py", line 383, in parse
    loader.exec_module(new_module)
  File "<frozen importlib._bootstrap_external>", line 990, in exec_module
  File "<frozen importlib._bootstrap_external>", line 1128, in get_code
  File "<frozen importlib._bootstrap_external>", line 1058, in source_to_code
  File "<frozen importlib._bootstrap>", line 488, in _call_with_frames_removed
  File "/workspaces/meu-primeiro-etl-airflow/dags/pipeline_etl_pratica.py", line 18
    Requisito 3: Transformação e Join com Pandas
              ^
SyntaxError: invalid syntax
[2026-05-02T17:47:06.037+0000] {processor.py:927} WARNING - No viable dags retrieved from /workspaces/meu-primeiro-etl-airflow/dags/pipeline_etl_pratica.py
[2026-05-02T17:47:07.070+0000] {processor.py:208} INFO - Processing /workspaces/meu-primeiro-etl-airflow/dags/pipeline_etl_pratica.py took 1.057 seconds
[2026-05-02T17:47:37.870+0000] {processor.py:186} INFO - Started process (PID=74368) to work on /workspaces/meu-primeiro-etl-airflow/dags/pipeline_etl_pratica.py
[2026-05-02T17:47:37.871+0000] {processor.py:914} INFO - Processing file /workspaces/meu-primeiro-etl-airflow/dags/pipeline_etl_pratica.py for tasks to queue
[2026-05-02T17:47:37.872+0000] {logging_mixin.py:190} INFO - [2026-05-02T17:47:37.871+0000] {dagbag.py:588} INFO - Filling up the DagBag from /workspaces/meu-primeiro-etl-airflow/dags/pipeline_etl_pratica.py
[2026-05-02T17:47:37.874+0000] {logging_mixin.py:190} INFO - [2026-05-02T17:47:37.873+0000] {dagbag.py:387} ERROR - Failed to import: /workspaces/meu-primeiro-etl-airflow/dags/pipeline_etl_pratica.py
Traceback (most recent call last):
  File "/usr/local/python/3.12.1/lib/python3.12/site-packages/airflow/models/dagbag.py", line 383, in parse
    loader.exec_module(new_module)
  File "<frozen importlib._bootstrap_external>", line 990, in exec_module
  File "<frozen importlib._bootstrap_external>", line 1128, in get_code
  File "<frozen importlib._bootstrap_external>", line 1058, in source_to_code
  File "<frozen importlib._bootstrap>", line 488, in _call_with_frames_removed
  File "/workspaces/meu-primeiro-etl-airflow/dags/pipeline_etl_pratica.py", line 18
    Requisito 3: Transformação e Join com Pandas
              ^
SyntaxError: invalid syntax
[2026-05-02T17:47:37.875+0000] {processor.py:927} WARNING - No viable dags retrieved from /workspaces/meu-primeiro-etl-airflow/dags/pipeline_etl_pratica.py
[2026-05-02T17:47:37.889+0000] {processor.py:208} INFO - Processing /workspaces/meu-primeiro-etl-airflow/dags/pipeline_etl_pratica.py took 0.025 seconds
[2026-05-02T17:48:32.287+0000] {processor.py:186} INFO - Started process (PID=74964) to work on /workspaces/meu-primeiro-etl-airflow/dags/pipeline_etl_pratica.py
[2026-05-02T17:48:32.287+0000] {processor.py:914} INFO - Processing file /workspaces/meu-primeiro-etl-airflow/dags/pipeline_etl_pratica.py for tasks to queue
[2026-05-02T17:48:32.289+0000] {logging_mixin.py:190} INFO - [2026-05-02T17:48:32.288+0000] {dagbag.py:588} INFO - Filling up the DagBag from /workspaces/meu-primeiro-etl-airflow/dags/pipeline_etl_pratica.py
[2026-05-02T17:48:32.293+0000] {logging_mixin.py:190} INFO - [2026-05-02T17:48:32.291+0000] {dagbag.py:387} ERROR - Failed to import: /workspaces/meu-primeiro-etl-airflow/dags/pipeline_etl_pratica.py
Traceback (most recent call last):
  File "/usr/local/python/3.12.1/lib/python3.12/site-packages/airflow/models/dagbag.py", line 383, in parse
    loader.exec_module(new_module)
  File "<frozen importlib._bootstrap_external>", line 990, in exec_module
  File "<frozen importlib._bootstrap_external>", line 1128, in get_code
  File "<frozen importlib._bootstrap_external>", line 1058, in source_to_code
  File "<frozen importlib._bootstrap>", line 488, in _call_with_frames_removed
  File "/workspaces/meu-primeiro-etl-airflow/dags/pipeline_etl_pratica.py", line 18
    Requisito 3: Transformação e Join com Pandas
              ^
SyntaxError: invalid syntax
[2026-05-02T17:48:32.293+0000] {processor.py:927} WARNING - No viable dags retrieved from /workspaces/meu-primeiro-etl-airflow/dags/pipeline_etl_pratica.py
[2026-05-02T17:48:32.352+0000] {processor.py:208} INFO - Processing /workspaces/meu-primeiro-etl-airflow/dags/pipeline_etl_pratica.py took 0.087 seconds
[2026-05-02T17:49:26.929+0000] {processor.py:186} INFO - Started process (PID=75574) to work on /workspaces/meu-primeiro-etl-airflow/dags/pipeline_etl_pratica.py
[2026-05-02T17:49:26.932+0000] {processor.py:914} INFO - Processing file /workspaces/meu-primeiro-etl-airflow/dags/pipeline_etl_pratica.py for tasks to queue
[2026-05-02T17:49:26.933+0000] {logging_mixin.py:190} INFO - [2026-05-02T17:49:26.933+0000] {dagbag.py:588} INFO - Filling up the DagBag from /workspaces/meu-primeiro-etl-airflow/dags/pipeline_etl_pratica.py
[2026-05-02T17:49:26.963+0000] {processor.py:925} INFO - DAG(s) 'pipeline_etl_pratica' retrieved from /workspaces/meu-primeiro-etl-airflow/dags/pipeline_etl_pratica.py
[2026-05-02T17:49:27.104+0000] {logging_mixin.py:190} INFO - [2026-05-02T17:49:27.104+0000] {dag.py:3239} INFO - Sync 1 DAGs
[2026-05-02T17:49:27.120+0000] {logging_mixin.py:190} INFO - [2026-05-02T17:49:27.120+0000] {dag.py:4180} INFO - Setting next_dagrun for pipeline_etl_pratica to 2026-05-02 00:00:00+00:00, run_after=2026-05-03 00:00:00+00:00
[2026-05-02T17:49:27.142+0000] {processor.py:208} INFO - Processing /workspaces/meu-primeiro-etl-airflow/dags/pipeline_etl_pratica.py took 0.219 seconds
[2026-05-02T17:50:07.203+0000] {processor.py:186} INFO - Started process (PID=76319) to work on /workspaces/meu-primeiro-etl-airflow/dags/pipeline_etl_pratica.py
[2026-05-02T17:50:07.212+0000] {processor.py:914} INFO - Processing file /workspaces/meu-primeiro-etl-airflow/dags/pipeline_etl_pratica.py for tasks to queue
[2026-05-02T17:50:07.216+0000] {logging_mixin.py:190} INFO - [2026-05-02T17:50:07.215+0000] {dagbag.py:588} INFO - Filling up the DagBag from /workspaces/meu-primeiro-etl-airflow/dags/pipeline_etl_pratica.py
[2026-05-02T17:50:07.250+0000] {processor.py:925} INFO - DAG(s) 'pipeline_etl_pratica' retrieved from /workspaces/meu-primeiro-etl-airflow/dags/pipeline_etl_pratica.py
[2026-05-02T17:50:07.295+0000] {logging_mixin.py:190} INFO - [2026-05-02T17:50:07.295+0000] {dag.py:3239} INFO - Sync 1 DAGs
[2026-05-02T17:50:07.331+0000] {logging_mixin.py:190} INFO - [2026-05-02T17:50:07.330+0000] {dag.py:4180} INFO - Setting next_dagrun for pipeline_etl_pratica to 2026-05-02 00:00:00+00:00, run_after=2026-05-03 00:00:00+00:00
[2026-05-02T17:50:07.352+0000] {processor.py:208} INFO - Processing /workspaces/meu-primeiro-etl-airflow/dags/pipeline_etl_pratica.py took 0.184 seconds
[2026-05-02T17:50:46.665+0000] {processor.py:186} INFO - Started process (PID=77053) to work on /workspaces/meu-primeiro-etl-airflow/dags/pipeline_etl_pratica.py
[2026-05-02T17:50:46.665+0000] {processor.py:914} INFO - Processing file /workspaces/meu-primeiro-etl-airflow/dags/pipeline_etl_pratica.py for tasks to queue
[2026-05-02T17:50:46.666+0000] {logging_mixin.py:190} INFO - [2026-05-02T17:50:46.666+0000] {dagbag.py:588} INFO - Filling up the DagBag from /workspaces/meu-primeiro-etl-airflow/dags/pipeline_etl_pratica.py
[2026-05-02T17:50:46.678+0000] {processor.py:925} INFO - DAG(s) 'pipeline_etl_pratica' retrieved from /workspaces/meu-primeiro-etl-airflow/dags/pipeline_etl_pratica.py
[2026-05-02T17:50:46.695+0000] {logging_mixin.py:190} INFO - [2026-05-02T17:50:46.694+0000] {dag.py:3239} INFO - Sync 1 DAGs
[2026-05-02T17:50:46.736+0000] {logging_mixin.py:190} INFO - [2026-05-02T17:50:46.736+0000] {dag.py:4180} INFO - Setting next_dagrun for pipeline_etl_pratica to 2026-05-02 00:00:00+00:00, run_after=2026-05-03 00:00:00+00:00
[2026-05-02T17:50:46.765+0000] {processor.py:208} INFO - Processing /workspaces/meu-primeiro-etl-airflow/dags/pipeline_etl_pratica.py took 0.105 seconds
[2026-05-02T17:51:19.849+0000] {processor.py:186} INFO - Started process (PID=77303) to work on /workspaces/meu-primeiro-etl-airflow/dags/pipeline_etl_pratica.py
[2026-05-02T17:51:19.850+0000] {processor.py:914} INFO - Processing file /workspaces/meu-primeiro-etl-airflow/dags/pipeline_etl_pratica.py for tasks to queue
[2026-05-02T17:51:19.851+0000] {logging_mixin.py:190} INFO - [2026-05-02T17:51:19.851+0000] {dagbag.py:588} INFO - Filling up the DagBag from /workspaces/meu-primeiro-etl-airflow/dags/pipeline_etl_pratica.py
[2026-05-02T17:51:19.862+0000] {processor.py:925} INFO - DAG(s) 'pipeline_etl_pratica' retrieved from /workspaces/meu-primeiro-etl-airflow/dags/pipeline_etl_pratica.py
[2026-05-02T17:51:19.875+0000] {logging_mixin.py:190} INFO - [2026-05-02T17:51:19.875+0000] {dag.py:3239} INFO - Sync 1 DAGs
[2026-05-02T17:51:19.891+0000] {logging_mixin.py:190} INFO - [2026-05-02T17:51:19.891+0000] {dag.py:4180} INFO - Setting next_dagrun for pipeline_etl_pratica to 2026-05-02 00:00:00+00:00, run_after=2026-05-03 00:00:00+00:00
[2026-05-02T17:51:19.909+0000] {processor.py:208} INFO - Processing /workspaces/meu-primeiro-etl-airflow/dags/pipeline_etl_pratica.py took 0.063 seconds
[2026-05-02T17:52:14.331+0000] {processor.py:186} INFO - Started process (PID=77975) to work on /workspaces/meu-primeiro-etl-airflow/dags/pipeline_etl_pratica.py
[2026-05-02T17:52:14.332+0000] {processor.py:914} INFO - Processing file /workspaces/meu-primeiro-etl-airflow/dags/pipeline_etl_pratica.py for tasks to queue
[2026-05-02T17:52:14.333+0000] {logging_mixin.py:190} INFO - [2026-05-02T17:52:14.333+0000] {dagbag.py:588} INFO - Filling up the DagBag from /workspaces/meu-primeiro-etl-airflow/dags/pipeline_etl_pratica.py
[2026-05-02T17:52:14.345+0000] {processor.py:925} INFO - DAG(s) 'pipeline_etl_pratica' retrieved from /workspaces/meu-primeiro-etl-airflow/dags/pipeline_etl_pratica.py
[2026-05-02T17:52:14.360+0000] {logging_mixin.py:190} INFO - [2026-05-02T17:52:14.360+0000] {dag.py:3239} INFO - Sync 1 DAGs
[2026-05-02T17:52:14.378+0000] {logging_mixin.py:190} INFO - [2026-05-02T17:52:14.378+0000] {dag.py:4180} INFO - Setting next_dagrun for pipeline_etl_pratica to 2026-05-02 00:00:00+00:00, run_after=2026-05-03 00:00:00+00:00
[2026-05-02T17:52:14.396+0000] {processor.py:208} INFO - Processing /workspaces/meu-primeiro-etl-airflow/dags/pipeline_etl_pratica.py took 0.069 seconds
[2026-05-02T17:53:07.310+0000] {processor.py:186} INFO - Started process (PID=78804) to work on /workspaces/meu-primeiro-etl-airflow/dags/pipeline_etl_pratica.py
[2026-05-02T17:53:07.311+0000] {processor.py:914} INFO - Processing file /workspaces/meu-primeiro-etl-airflow/dags/pipeline_etl_pratica.py for tasks to queue
[2026-05-02T17:53:07.312+0000] {logging_mixin.py:190} INFO - [2026-05-02T17:53:07.312+0000] {dagbag.py:588} INFO - Filling up the DagBag from /workspaces/meu-primeiro-etl-airflow/dags/pipeline_etl_pratica.py
[2026-05-02T17:53:07.323+0000] {processor.py:925} INFO - DAG(s) 'pipeline_etl_pratica' retrieved from /workspaces/meu-primeiro-etl-airflow/dags/pipeline_etl_pratica.py
[2026-05-02T17:53:07.336+0000] {logging_mixin.py:190} INFO - [2026-05-02T17:53:07.336+0000] {dag.py:3239} INFO - Sync 1 DAGs
[2026-05-02T17:53:07.359+0000] {logging_mixin.py:190} INFO - [2026-05-02T17:53:07.358+0000] {dag.py:4180} INFO - Setting next_dagrun for pipeline_etl_pratica to 2026-05-02 00:00:00+00:00, run_after=2026-05-03 00:00:00+00:00
[2026-05-02T17:53:07.376+0000] {processor.py:208} INFO - Processing /workspaces/meu-primeiro-etl-airflow/dags/pipeline_etl_pratica.py took 0.070 seconds
[2026-05-02T17:53:42.672+0000] {processor.py:186} INFO - Started process (PID=79498) to work on /workspaces/meu-primeiro-etl-airflow/dags/pipeline_etl_pratica.py
[2026-05-02T17:53:42.672+0000] {processor.py:914} INFO - Processing file /workspaces/meu-primeiro-etl-airflow/dags/pipeline_etl_pratica.py for tasks to queue
[2026-05-02T17:53:42.673+0000] {logging_mixin.py:190} INFO - [2026-05-02T17:53:42.673+0000] {dagbag.py:588} INFO - Filling up the DagBag from /workspaces/meu-primeiro-etl-airflow/dags/pipeline_etl_pratica.py
[2026-05-02T17:53:42.684+0000] {processor.py:925} INFO - DAG(s) 'pipeline_etl_pratica' retrieved from /workspaces/meu-primeiro-etl-airflow/dags/pipeline_etl_pratica.py
[2026-05-02T17:53:42.696+0000] {logging_mixin.py:190} INFO - [2026-05-02T17:53:42.696+0000] {dag.py:3239} INFO - Sync 1 DAGs
[2026-05-02T17:53:42.713+0000] {logging_mixin.py:190} INFO - [2026-05-02T17:53:42.713+0000] {dag.py:4180} INFO - Setting next_dagrun for pipeline_etl_pratica to 2026-05-02 00:00:00+00:00, run_after=2026-05-03 00:00:00+00:00
[2026-05-02T17:53:42.729+0000] {processor.py:208} INFO - Processing /workspaces/meu-primeiro-etl-airflow/dags/pipeline_etl_pratica.py took 0.062 seconds
[2026-05-02T17:54:15.947+0000] {processor.py:186} INFO - Started process (PID=79784) to work on /workspaces/meu-primeiro-etl-airflow/dags/pipeline_etl_pratica.py
[2026-05-02T17:54:15.947+0000] {processor.py:914} INFO - Processing file /workspaces/meu-primeiro-etl-airflow/dags/pipeline_etl_pratica.py for tasks to queue
[2026-05-02T17:54:15.949+0000] {logging_mixin.py:190} INFO - [2026-05-02T17:54:15.948+0000] {dagbag.py:588} INFO - Filling up the DagBag from /workspaces/meu-primeiro-etl-airflow/dags/pipeline_etl_pratica.py
[2026-05-02T17:54:15.961+0000] {processor.py:925} INFO - DAG(s) 'pipeline_etl_pratica' retrieved from /workspaces/meu-primeiro-etl-airflow/dags/pipeline_etl_pratica.py
[2026-05-02T17:54:15.977+0000] {logging_mixin.py:190} INFO - [2026-05-02T17:54:15.977+0000] {dag.py:3239} INFO - Sync 1 DAGs
[2026-05-02T17:54:15.995+0000] {logging_mixin.py:190} INFO - [2026-05-02T17:54:15.995+0000] {dag.py:4180} INFO - Setting next_dagrun for pipeline_etl_pratica to 2026-05-02 00:00:00+00:00, run_after=2026-05-03 00:00:00+00:00
[2026-05-02T17:54:16.015+0000] {processor.py:208} INFO - Processing /workspaces/meu-primeiro-etl-airflow/dags/pipeline_etl_pratica.py took 0.074 seconds
[2026-05-02T17:54:44.784+0000] {processor.py:186} INFO - Started process (PID=80064) to work on /workspaces/meu-primeiro-etl-airflow/dags/pipeline_etl_pratica.py
[2026-05-02T17:54:44.785+0000] {processor.py:914} INFO - Processing file /workspaces/meu-primeiro-etl-airflow/dags/pipeline_etl_pratica.py for tasks to queue
[2026-05-02T17:54:44.787+0000] {logging_mixin.py:190} INFO - [2026-05-02T17:54:44.786+0000] {dagbag.py:588} INFO - Filling up the DagBag from /workspaces/meu-primeiro-etl-airflow/dags/pipeline_etl_pratica.py
[2026-05-02T17:54:44.827+0000] {processor.py:925} INFO - DAG(s) 'pipeline_etl_pratica' retrieved from /workspaces/meu-primeiro-etl-airflow/dags/pipeline_etl_pratica.py
[2026-05-02T17:54:44.855+0000] {logging_mixin.py:190} INFO - [2026-05-02T17:54:44.855+0000] {dag.py:3239} INFO - Sync 1 DAGs
[2026-05-02T17:54:44.910+0000] {logging_mixin.py:190} INFO - [2026-05-02T17:54:44.909+0000] {dag.py:4180} INFO - Setting next_dagrun for pipeline_etl_pratica to 2026-05-02 00:00:00+00:00, run_after=2026-05-03 00:00:00+00:00
[2026-05-02T17:54:44.982+0000] {processor.py:208} INFO - Processing /workspaces/meu-primeiro-etl-airflow/dags/pipeline_etl_pratica.py took 0.213 seconds
[2026-05-02T17:55:26.507+0000] {processor.py:186} INFO - Started process (PID=80822) to work on /workspaces/meu-primeiro-etl-airflow/dags/pipeline_etl_pratica.py
[2026-05-02T17:55:26.509+0000] {processor.py:914} INFO - Processing file /workspaces/meu-primeiro-etl-airflow/dags/pipeline_etl_pratica.py for tasks to queue
[2026-05-02T17:55:26.510+0000] {logging_mixin.py:190} INFO - [2026-05-02T17:55:26.510+0000] {dagbag.py:588} INFO - Filling up the DagBag from /workspaces/meu-primeiro-etl-airflow/dags/pipeline_etl_pratica.py
[2026-05-02T17:55:26.527+0000] {processor.py:925} INFO - DAG(s) 'pipeline_etl_pratica' retrieved from /workspaces/meu-primeiro-etl-airflow/dags/pipeline_etl_pratica.py
[2026-05-02T17:55:26.547+0000] {logging_mixin.py:190} INFO - [2026-05-02T17:55:26.547+0000] {dag.py:3239} INFO - Sync 1 DAGs
[2026-05-02T17:55:26.575+0000] {logging_mixin.py:190} INFO - [2026-05-02T17:55:26.575+0000] {dag.py:4180} INFO - Setting next_dagrun for pipeline_etl_pratica to 2026-05-02 00:00:00+00:00, run_after=2026-05-03 00:00:00+00:00
[2026-05-02T17:55:26.628+0000] {processor.py:208} INFO - Processing /workspaces/meu-primeiro-etl-airflow/dags/pipeline_etl_pratica.py took 0.127 seconds
[2026-05-02T17:56:03.926+0000] {processor.py:186} INFO - Started process (PID=81300) to work on /workspaces/meu-primeiro-etl-airflow/dags/pipeline_etl_pratica.py
[2026-05-02T17:56:03.927+0000] {processor.py:914} INFO - Processing file /workspaces/meu-primeiro-etl-airflow/dags/pipeline_etl_pratica.py for tasks to queue
[2026-05-02T17:56:03.928+0000] {logging_mixin.py:190} INFO - [2026-05-02T17:56:03.928+0000] {dagbag.py:588} INFO - Filling up the DagBag from /workspaces/meu-primeiro-etl-airflow/dags/pipeline_etl_pratica.py
[2026-05-02T17:56:03.939+0000] {processor.py:925} INFO - DAG(s) 'pipeline_etl_pratica' retrieved from /workspaces/meu-primeiro-etl-airflow/dags/pipeline_etl_pratica.py
[2026-05-02T17:56:03.956+0000] {logging_mixin.py:190} INFO - [2026-05-02T17:56:03.956+0000] {dag.py:3239} INFO - Sync 1 DAGs
[2026-05-02T17:56:03.976+0000] {logging_mixin.py:190} INFO - [2026-05-02T17:56:03.976+0000] {dag.py:4180} INFO - Setting next_dagrun for pipeline_etl_pratica to 2026-05-02 00:00:00+00:00, run_after=2026-05-03 00:00:00+00:00
[2026-05-02T17:56:03.994+0000] {processor.py:208} INFO - Processing /workspaces/meu-primeiro-etl-airflow/dags/pipeline_etl_pratica.py took 0.071 seconds
[2026-05-02T17:56:59.919+0000] {processor.py:186} INFO - Started process (PID=81913) to work on /workspaces/meu-primeiro-etl-airflow/dags/pipeline_etl_pratica.py
[2026-05-02T17:56:59.920+0000] {processor.py:914} INFO - Processing file /workspaces/meu-primeiro-etl-airflow/dags/pipeline_etl_pratica.py for tasks to queue
[2026-05-02T17:56:59.921+0000] {logging_mixin.py:190} INFO - [2026-05-02T17:56:59.921+0000] {dagbag.py:588} INFO - Filling up the DagBag from /workspaces/meu-primeiro-etl-airflow/dags/pipeline_etl_pratica.py
[2026-05-02T17:56:59.934+0000] {processor.py:925} INFO - DAG(s) 'pipeline_etl_pratica' retrieved from /workspaces/meu-primeiro-etl-airflow/dags/pipeline_etl_pratica.py
[2026-05-02T17:56:59.953+0000] {logging_mixin.py:190} INFO - [2026-05-02T17:56:59.953+0000] {dag.py:3239} INFO - Sync 1 DAGs
[2026-05-02T17:56:59.973+0000] {logging_mixin.py:190} INFO - [2026-05-02T17:56:59.973+0000] {dag.py:4180} INFO - Setting next_dagrun for pipeline_etl_pratica to 2026-05-02 00:00:00+00:00, run_after=2026-05-03 00:00:00+00:00
[2026-05-02T17:56:59.989+0000] {processor.py:208} INFO - Processing /workspaces/meu-primeiro-etl-airflow/dags/pipeline_etl_pratica.py took 0.074 seconds
[2026-05-02T17:57:32.202+0000] {processor.py:186} INFO - Started process (PID=82523) to work on /workspaces/meu-primeiro-etl-airflow/dags/pipeline_etl_pratica.py
[2026-05-02T17:57:32.203+0000] {processor.py:914} INFO - Processing file /workspaces/meu-primeiro-etl-airflow/dags/pipeline_etl_pratica.py for tasks to queue
[2026-05-02T17:57:32.203+0000] {logging_mixin.py:190} INFO - [2026-05-02T17:57:32.203+0000] {dagbag.py:588} INFO - Filling up the DagBag from /workspaces/meu-primeiro-etl-airflow/dags/pipeline_etl_pratica.py
[2026-05-02T17:57:32.215+0000] {processor.py:925} INFO - DAG(s) 'pipeline_etl_pratica' retrieved from /workspaces/meu-primeiro-etl-airflow/dags/pipeline_etl_pratica.py
[2026-05-02T17:57:32.227+0000] {logging_mixin.py:190} INFO - [2026-05-02T17:57:32.227+0000] {dag.py:3239} INFO - Sync 1 DAGs
[2026-05-02T17:57:32.246+0000] {logging_mixin.py:190} INFO - [2026-05-02T17:57:32.246+0000] {dag.py:4180} INFO - Setting next_dagrun for pipeline_etl_pratica to 2026-05-02 00:00:00+00:00, run_after=2026-05-03 00:00:00+00:00
[2026-05-02T17:57:32.265+0000] {processor.py:208} INFO - Processing /workspaces/meu-primeiro-etl-airflow/dags/pipeline_etl_pratica.py took 0.068 seconds
[2026-05-02T17:58:08.767+0000] {processor.py:186} INFO - Started process (PID=83524) to work on /workspaces/meu-primeiro-etl-airflow/dags/pipeline_etl_pratica.py
[2026-05-02T17:58:08.767+0000] {processor.py:914} INFO - Processing file /workspaces/meu-primeiro-etl-airflow/dags/pipeline_etl_pratica.py for tasks to queue
[2026-05-02T17:58:08.769+0000] {logging_mixin.py:190} INFO - [2026-05-02T17:58:08.768+0000] {dagbag.py:588} INFO - Filling up the DagBag from /workspaces/meu-primeiro-etl-airflow/dags/pipeline_etl_pratica.py
[2026-05-02T17:58:08.781+0000] {processor.py:925} INFO - DAG(s) 'pipeline_etl_pratica' retrieved from /workspaces/meu-primeiro-etl-airflow/dags/pipeline_etl_pratica.py
[2026-05-02T17:58:08.794+0000] {logging_mixin.py:190} INFO - [2026-05-02T17:58:08.793+0000] {dag.py:3239} INFO - Sync 1 DAGs
[2026-05-02T17:58:08.810+0000] {logging_mixin.py:190} INFO - [2026-05-02T17:58:08.810+0000] {dag.py:4180} INFO - Setting next_dagrun for pipeline_etl_pratica to 2026-05-02 00:00:00+00:00, run_after=2026-05-03 00:00:00+00:00
[2026-05-02T17:58:08.827+0000] {processor.py:208} INFO - Processing /workspaces/meu-primeiro-etl-airflow/dags/pipeline_etl_pratica.py took 0.065 seconds
[2026-05-02T17:58:40.601+0000] {processor.py:186} INFO - Started process (PID=83951) to work on /workspaces/meu-primeiro-etl-airflow/dags/pipeline_etl_pratica.py
[2026-05-02T17:58:40.602+0000] {processor.py:914} INFO - Processing file /workspaces/meu-primeiro-etl-airflow/dags/pipeline_etl_pratica.py for tasks to queue
[2026-05-02T17:58:40.603+0000] {logging_mixin.py:190} INFO - [2026-05-02T17:58:40.602+0000] {dagbag.py:588} INFO - Filling up the DagBag from /workspaces/meu-primeiro-etl-airflow/dags/pipeline_etl_pratica.py
[2026-05-02T17:58:40.614+0000] {processor.py:925} INFO - DAG(s) 'pipeline_etl_pratica' retrieved from /workspaces/meu-primeiro-etl-airflow/dags/pipeline_etl_pratica.py
[2026-05-02T17:58:40.626+0000] {logging_mixin.py:190} INFO - [2026-05-02T17:58:40.626+0000] {dag.py:3239} INFO - Sync 1 DAGs
[2026-05-02T17:58:40.644+0000] {logging_mixin.py:190} INFO - [2026-05-02T17:58:40.644+0000] {dag.py:4180} INFO - Setting next_dagrun for pipeline_etl_pratica to 2026-05-02 00:00:00+00:00, run_after=2026-05-03 00:00:00+00:00
[2026-05-02T17:58:40.665+0000] {processor.py:208} INFO - Processing /workspaces/meu-primeiro-etl-airflow/dags/pipeline_etl_pratica.py took 0.069 seconds
[2026-05-02T17:59:12.829+0000] {processor.py:186} INFO - Started process (PID=84220) to work on /workspaces/meu-primeiro-etl-airflow/dags/pipeline_etl_pratica.py
[2026-05-02T17:59:12.830+0000] {processor.py:914} INFO - Processing file /workspaces/meu-primeiro-etl-airflow/dags/pipeline_etl_pratica.py for tasks to queue
[2026-05-02T17:59:12.831+0000] {logging_mixin.py:190} INFO - [2026-05-02T17:59:12.830+0000] {dagbag.py:588} INFO - Filling up the DagBag from /workspaces/meu-primeiro-etl-airflow/dags/pipeline_etl_pratica.py
[2026-05-02T17:59:12.842+0000] {processor.py:925} INFO - DAG(s) 'pipeline_etl_pratica' retrieved from /workspaces/meu-primeiro-etl-airflow/dags/pipeline_etl_pratica.py
[2026-05-02T17:59:12.863+0000] {logging_mixin.py:190} INFO - [2026-05-02T17:59:12.863+0000] {dag.py:3239} INFO - Sync 1 DAGs
[2026-05-02T17:59:12.880+0000] {logging_mixin.py:190} INFO - [2026-05-02T17:59:12.880+0000] {dag.py:4180} INFO - Setting next_dagrun for pipeline_etl_pratica to 2026-05-02 00:00:00+00:00, run_after=2026-05-03 00:00:00+00:00
[2026-05-02T17:59:12.897+0000] {processor.py:208} INFO - Processing /workspaces/meu-primeiro-etl-airflow/dags/pipeline_etl_pratica.py took 0.072 seconds
[2026-05-02T18:00:11.467+0000] {processor.py:186} INFO - Started process (PID=84849) to work on /workspaces/meu-primeiro-etl-airflow/dags/pipeline_etl_pratica.py
[2026-05-02T18:00:11.469+0000] {processor.py:914} INFO - Processing file /workspaces/meu-primeiro-etl-airflow/dags/pipeline_etl_pratica.py for tasks to queue
[2026-05-02T18:00:11.470+0000] {logging_mixin.py:190} INFO - [2026-05-02T18:00:11.470+0000] {dagbag.py:588} INFO - Filling up the DagBag from /workspaces/meu-primeiro-etl-airflow/dags/pipeline_etl_pratica.py
[2026-05-02T18:00:11.481+0000] {processor.py:925} INFO - DAG(s) 'pipeline_etl_pratica' retrieved from /workspaces/meu-primeiro-etl-airflow/dags/pipeline_etl_pratica.py
[2026-05-02T18:00:11.494+0000] {logging_mixin.py:190} INFO - [2026-05-02T18:00:11.494+0000] {dag.py:3239} INFO - Sync 1 DAGs
[2026-05-02T18:00:11.512+0000] {logging_mixin.py:190} INFO - [2026-05-02T18:00:11.512+0000] {dag.py:4180} INFO - Setting next_dagrun for pipeline_etl_pratica to 2026-05-02 00:00:00+00:00, run_after=2026-05-03 00:00:00+00:00
[2026-05-02T18:00:11.529+0000] {processor.py:208} INFO - Processing /workspaces/meu-primeiro-etl-airflow/dags/pipeline_etl_pratica.py took 0.066 seconds
[2026-05-02T18:00:49.189+0000] {processor.py:186} INFO - Started process (PID=85450) to work on /workspaces/meu-primeiro-etl-airflow/dags/pipeline_etl_pratica.py
[2026-05-02T18:00:49.190+0000] {processor.py:914} INFO - Processing file /workspaces/meu-primeiro-etl-airflow/dags/pipeline_etl_pratica.py for tasks to queue
[2026-05-02T18:00:49.191+0000] {logging_mixin.py:190} INFO - [2026-05-02T18:00:49.190+0000] {dagbag.py:588} INFO - Filling up the DagBag from /workspaces/meu-primeiro-etl-airflow/dags/pipeline_etl_pratica.py
[2026-05-02T18:00:49.202+0000] {processor.py:925} INFO - DAG(s) 'pipeline_etl_pratica' retrieved from /workspaces/meu-primeiro-etl-airflow/dags/pipeline_etl_pratica.py
[2026-05-02T18:00:49.221+0000] {logging_mixin.py:190} INFO - [2026-05-02T18:00:49.221+0000] {dag.py:3239} INFO - Sync 1 DAGs
[2026-05-02T18:00:49.242+0000] {logging_mixin.py:190} INFO - [2026-05-02T18:00:49.242+0000] {dag.py:4180} INFO - Setting next_dagrun for pipeline_etl_pratica to 2026-05-02 00:00:00+00:00, run_after=2026-05-03 00:00:00+00:00
[2026-05-02T18:00:49.286+0000] {processor.py:208} INFO - Processing /workspaces/meu-primeiro-etl-airflow/dags/pipeline_etl_pratica.py took 0.102 seconds
[2026-05-02T18:01:41.377+0000] {processor.py:186} INFO - Started process (PID=85965) to work on /workspaces/meu-primeiro-etl-airflow/dags/pipeline_etl_pratica.py
[2026-05-02T18:01:41.378+0000] {processor.py:914} INFO - Processing file /workspaces/meu-primeiro-etl-airflow/dags/pipeline_etl_pratica.py for tasks to queue
[2026-05-02T18:01:41.379+0000] {logging_mixin.py:190} INFO - [2026-05-02T18:01:41.378+0000] {dagbag.py:588} INFO - Filling up the DagBag from /workspaces/meu-primeiro-etl-airflow/dags/pipeline_etl_pratica.py
[2026-05-02T18:01:41.390+0000] {processor.py:925} INFO - DAG(s) 'pipeline_etl_pratica' retrieved from /workspaces/meu-primeiro-etl-airflow/dags/pipeline_etl_pratica.py
[2026-05-02T18:01:41.402+0000] {logging_mixin.py:190} INFO - [2026-05-02T18:01:41.402+0000] {dag.py:3239} INFO - Sync 1 DAGs
[2026-05-02T18:01:41.419+0000] {logging_mixin.py:190} INFO - [2026-05-02T18:01:41.418+0000] {dag.py:4180} INFO - Setting next_dagrun for pipeline_etl_pratica to 2026-05-02 00:00:00+00:00, run_after=2026-05-03 00:00:00+00:00
[2026-05-02T18:01:41.435+0000] {processor.py:208} INFO - Processing /workspaces/meu-primeiro-etl-airflow/dags/pipeline_etl_pratica.py took 0.063 seconds
[2026-05-02T18:02:31.317+0000] {processor.py:186} INFO - Started process (PID=86713) to work on /workspaces/meu-primeiro-etl-airflow/dags/pipeline_etl_pratica.py
[2026-05-02T18:02:31.318+0000] {processor.py:914} INFO - Processing file /workspaces/meu-primeiro-etl-airflow/dags/pipeline_etl_pratica.py for tasks to queue
[2026-05-02T18:02:31.319+0000] {logging_mixin.py:190} INFO - [2026-05-02T18:02:31.319+0000] {dagbag.py:588} INFO - Filling up the DagBag from /workspaces/meu-primeiro-etl-airflow/dags/pipeline_etl_pratica.py
[2026-05-02T18:02:31.331+0000] {processor.py:925} INFO - DAG(s) 'pipeline_etl_pratica' retrieved from /workspaces/meu-primeiro-etl-airflow/dags/pipeline_etl_pratica.py
[2026-05-02T18:02:31.346+0000] {logging_mixin.py:190} INFO - [2026-05-02T18:02:31.346+0000] {dag.py:3239} INFO - Sync 1 DAGs
[2026-05-02T18:02:31.371+0000] {logging_mixin.py:190} INFO - [2026-05-02T18:02:31.371+0000] {dag.py:4180} INFO - Setting next_dagrun for pipeline_etl_pratica to 2026-05-02 00:00:00+00:00, run_after=2026-05-03 00:00:00+00:00
[2026-05-02T18:02:31.389+0000] {processor.py:208} INFO - Processing /workspaces/meu-primeiro-etl-airflow/dags/pipeline_etl_pratica.py took 0.076 seconds
[2026-05-02T18:03:39.674+0000] {processor.py:186} INFO - Started process (PID=87988) to work on /workspaces/meu-primeiro-etl-airflow/dags/pipeline_etl_pratica.py
[2026-05-02T18:03:39.675+0000] {processor.py:914} INFO - Processing file /workspaces/meu-primeiro-etl-airflow/dags/pipeline_etl_pratica.py for tasks to queue
[2026-05-02T18:03:39.676+0000] {logging_mixin.py:190} INFO - [2026-05-02T18:03:39.675+0000] {dagbag.py:588} INFO - Filling up the DagBag from /workspaces/meu-primeiro-etl-airflow/dags/pipeline_etl_pratica.py
[2026-05-02T18:03:39.687+0000] {processor.py:925} INFO - DAG(s) 'pipeline_etl_pratica' retrieved from /workspaces/meu-primeiro-etl-airflow/dags/pipeline_etl_pratica.py
[2026-05-02T18:03:39.700+0000] {logging_mixin.py:190} INFO - [2026-05-02T18:03:39.699+0000] {dag.py:3239} INFO - Sync 1 DAGs
[2026-05-02T18:03:39.718+0000] {logging_mixin.py:190} INFO - [2026-05-02T18:03:39.718+0000] {dag.py:4180} INFO - Setting next_dagrun for pipeline_etl_pratica to 2026-05-02 00:00:00+00:00, run_after=2026-05-03 00:00:00+00:00
[2026-05-02T18:03:39.745+0000] {processor.py:208} INFO - Processing /workspaces/meu-primeiro-etl-airflow/dags/pipeline_etl_pratica.py took 0.076 seconds
[2026-05-02T18:04:16.311+0000] {processor.py:186} INFO - Started process (PID=88376) to work on /workspaces/meu-primeiro-etl-airflow/dags/pipeline_etl_pratica.py
[2026-05-02T18:04:16.312+0000] {processor.py:914} INFO - Processing file /workspaces/meu-primeiro-etl-airflow/dags/pipeline_etl_pratica.py for tasks to queue
[2026-05-02T18:04:16.313+0000] {logging_mixin.py:190} INFO - [2026-05-02T18:04:16.313+0000] {dagbag.py:588} INFO - Filling up the DagBag from /workspaces/meu-primeiro-etl-airflow/dags/pipeline_etl_pratica.py
[2026-05-02T18:04:16.324+0000] {processor.py:925} INFO - DAG(s) 'pipeline_etl_pratica' retrieved from /workspaces/meu-primeiro-etl-airflow/dags/pipeline_etl_pratica.py
[2026-05-02T18:04:16.336+0000] {logging_mixin.py:190} INFO - [2026-05-02T18:04:16.336+0000] {dag.py:3239} INFO - Sync 1 DAGs
[2026-05-02T18:04:16.359+0000] {logging_mixin.py:190} INFO - [2026-05-02T18:04:16.358+0000] {dag.py:4180} INFO - Setting next_dagrun for pipeline_etl_pratica to 2026-05-02 00:00:00+00:00, run_after=2026-05-03 00:00:00+00:00
[2026-05-02T18:04:16.375+0000] {processor.py:208} INFO - Processing /workspaces/meu-primeiro-etl-airflow/dags/pipeline_etl_pratica.py took 0.068 seconds
[2026-05-02T18:05:10.281+0000] {processor.py:186} INFO - Started process (PID=88930) to work on /workspaces/meu-primeiro-etl-airflow/dags/pipeline_etl_pratica.py
[2026-05-02T18:05:10.282+0000] {processor.py:914} INFO - Processing file /workspaces/meu-primeiro-etl-airflow/dags/pipeline_etl_pratica.py for tasks to queue
[2026-05-02T18:05:10.283+0000] {logging_mixin.py:190} INFO - [2026-05-02T18:05:10.283+0000] {dagbag.py:588} INFO - Filling up the DagBag from /workspaces/meu-primeiro-etl-airflow/dags/pipeline_etl_pratica.py
[2026-05-02T18:05:10.295+0000] {processor.py:925} INFO - DAG(s) 'pipeline_etl_pratica' retrieved from /workspaces/meu-primeiro-etl-airflow/dags/pipeline_etl_pratica.py
[2026-05-02T18:05:10.308+0000] {logging_mixin.py:190} INFO - [2026-05-02T18:05:10.308+0000] {dag.py:3239} INFO - Sync 1 DAGs
[2026-05-02T18:05:10.328+0000] {logging_mixin.py:190} INFO - [2026-05-02T18:05:10.328+0000] {dag.py:4180} INFO - Setting next_dagrun for pipeline_etl_pratica to 2026-05-02 00:00:00+00:00, run_after=2026-05-03 00:00:00+00:00
[2026-05-02T18:05:10.346+0000] {processor.py:208} INFO - Processing /workspaces/meu-primeiro-etl-airflow/dags/pipeline_etl_pratica.py took 0.069 seconds
[2026-05-02T18:05:40.699+0000] {processor.py:186} INFO - Started process (PID=89295) to work on /workspaces/meu-primeiro-etl-airflow/dags/pipeline_etl_pratica.py
[2026-05-02T18:05:40.700+0000] {processor.py:914} INFO - Processing file /workspaces/meu-primeiro-etl-airflow/dags/pipeline_etl_pratica.py for tasks to queue
[2026-05-02T18:05:40.702+0000] {logging_mixin.py:190} INFO - [2026-05-02T18:05:40.701+0000] {dagbag.py:588} INFO - Filling up the DagBag from /workspaces/meu-primeiro-etl-airflow/dags/pipeline_etl_pratica.py
[2026-05-02T18:05:40.718+0000] {processor.py:925} INFO - DAG(s) 'pipeline_etl_pratica' retrieved from /workspaces/meu-primeiro-etl-airflow/dags/pipeline_etl_pratica.py
[2026-05-02T18:05:40.735+0000] {logging_mixin.py:190} INFO - [2026-05-02T18:05:40.735+0000] {dag.py:3239} INFO - Sync 1 DAGs
[2026-05-02T18:05:40.757+0000] {logging_mixin.py:190} INFO - [2026-05-02T18:05:40.757+0000] {dag.py:4180} INFO - Setting next_dagrun for pipeline_etl_pratica to 2026-05-02 00:00:00+00:00, run_after=2026-05-03 00:00:00+00:00
[2026-05-02T18:05:40.774+0000] {processor.py:208} INFO - Processing /workspaces/meu-primeiro-etl-airflow/dags/pipeline_etl_pratica.py took 0.082 seconds
[2026-05-02T18:06:34.039+0000] {processor.py:186} INFO - Started process (PID=89807) to work on /workspaces/meu-primeiro-etl-airflow/dags/pipeline_etl_pratica.py
[2026-05-02T18:06:34.040+0000] {processor.py:914} INFO - Processing file /workspaces/meu-primeiro-etl-airflow/dags/pipeline_etl_pratica.py for tasks to queue
[2026-05-02T18:06:34.041+0000] {logging_mixin.py:190} INFO - [2026-05-02T18:06:34.040+0000] {dagbag.py:588} INFO - Filling up the DagBag from /workspaces/meu-primeiro-etl-airflow/dags/pipeline_etl_pratica.py
[2026-05-02T18:06:34.055+0000] {processor.py:925} INFO - DAG(s) 'pipeline_etl_pratica' retrieved from /workspaces/meu-primeiro-etl-airflow/dags/pipeline_etl_pratica.py
[2026-05-02T18:06:34.072+0000] {logging_mixin.py:190} INFO - [2026-05-02T18:06:34.072+0000] {dag.py:3239} INFO - Sync 1 DAGs
[2026-05-02T18:06:34.089+0000] {logging_mixin.py:190} INFO - [2026-05-02T18:06:34.089+0000] {dag.py:4180} INFO - Setting next_dagrun for pipeline_etl_pratica to 2026-05-02 00:00:00+00:00, run_after=2026-05-03 00:00:00+00:00
[2026-05-02T18:06:34.106+0000] {processor.py:208} INFO - Processing /workspaces/meu-primeiro-etl-airflow/dags/pipeline_etl_pratica.py took 0.071 seconds
[2026-05-02T18:07:23.916+0000] {processor.py:186} INFO - Started process (PID=90505) to work on /workspaces/meu-primeiro-etl-airflow/dags/pipeline_etl_pratica.py
[2026-05-02T18:07:23.917+0000] {processor.py:914} INFO - Processing file /workspaces/meu-primeiro-etl-airflow/dags/pipeline_etl_pratica.py for tasks to queue
[2026-05-02T18:07:23.918+0000] {logging_mixin.py:190} INFO - [2026-05-02T18:07:23.918+0000] {dagbag.py:588} INFO - Filling up the DagBag from /workspaces/meu-primeiro-etl-airflow/dags/pipeline_etl_pratica.py
[2026-05-02T18:07:23.929+0000] {processor.py:925} INFO - DAG(s) 'pipeline_etl_pratica' retrieved from /workspaces/meu-primeiro-etl-airflow/dags/pipeline_etl_pratica.py
[2026-05-02T18:07:23.942+0000] {logging_mixin.py:190} INFO - [2026-05-02T18:07:23.942+0000] {dag.py:3239} INFO - Sync 1 DAGs
[2026-05-02T18:07:23.964+0000] {logging_mixin.py:190} INFO - [2026-05-02T18:07:23.964+0000] {dag.py:4180} INFO - Setting next_dagrun for pipeline_etl_pratica to 2026-05-02 00:00:00+00:00, run_after=2026-05-03 00:00:00+00:00
[2026-05-02T18:07:23.981+0000] {processor.py:208} INFO - Processing /workspaces/meu-primeiro-etl-airflow/dags/pipeline_etl_pratica.py took 0.069 seconds
[2026-05-02T18:07:58.434+0000] {processor.py:186} INFO - Started process (PID=91137) to work on /workspaces/meu-primeiro-etl-airflow/dags/pipeline_etl_pratica.py
[2026-05-02T18:07:58.435+0000] {processor.py:914} INFO - Processing file /workspaces/meu-primeiro-etl-airflow/dags/pipeline_etl_pratica.py for tasks to queue
[2026-05-02T18:07:58.436+0000] {logging_mixin.py:190} INFO - [2026-05-02T18:07:58.436+0000] {dagbag.py:588} INFO - Filling up the DagBag from /workspaces/meu-primeiro-etl-airflow/dags/pipeline_etl_pratica.py
[2026-05-02T18:07:58.449+0000] {processor.py:925} INFO - DAG(s) 'pipeline_etl_pratica' retrieved from /workspaces/meu-primeiro-etl-airflow/dags/pipeline_etl_pratica.py
[2026-05-02T18:07:58.462+0000] {logging_mixin.py:190} INFO - [2026-05-02T18:07:58.462+0000] {dag.py:3239} INFO - Sync 1 DAGs
[2026-05-02T18:07:58.483+0000] {logging_mixin.py:190} INFO - [2026-05-02T18:07:58.483+0000] {dag.py:4180} INFO - Setting next_dagrun for pipeline_etl_pratica to 2026-05-02 00:00:00+00:00, run_after=2026-05-03 00:00:00+00:00
[2026-05-02T18:07:58.504+0000] {processor.py:208} INFO - Processing /workspaces/meu-primeiro-etl-airflow/dags/pipeline_etl_pratica.py took 0.074 seconds
[2026-05-02T18:08:45.778+0000] {processor.py:186} INFO - Started process (PID=91989) to work on /workspaces/meu-primeiro-etl-airflow/dags/pipeline_etl_pratica.py
[2026-05-02T18:08:45.779+0000] {processor.py:914} INFO - Processing file /workspaces/meu-primeiro-etl-airflow/dags/pipeline_etl_pratica.py for tasks to queue
[2026-05-02T18:08:45.780+0000] {logging_mixin.py:190} INFO - [2026-05-02T18:08:45.779+0000] {dagbag.py:588} INFO - Filling up the DagBag from /workspaces/meu-primeiro-etl-airflow/dags/pipeline_etl_pratica.py
[2026-05-02T18:08:45.791+0000] {processor.py:925} INFO - DAG(s) 'pipeline_etl_pratica' retrieved from /workspaces/meu-primeiro-etl-airflow/dags/pipeline_etl_pratica.py
[2026-05-02T18:08:45.804+0000] {logging_mixin.py:190} INFO - [2026-05-02T18:08:45.804+0000] {dag.py:3239} INFO - Sync 1 DAGs
[2026-05-02T18:08:45.824+0000] {logging_mixin.py:190} INFO - [2026-05-02T18:08:45.824+0000] {dag.py:4180} INFO - Setting next_dagrun for pipeline_etl_pratica to 2026-05-02 00:00:00+00:00, run_after=2026-05-03 00:00:00+00:00
[2026-05-02T18:08:45.846+0000] {processor.py:208} INFO - Processing /workspaces/meu-primeiro-etl-airflow/dags/pipeline_etl_pratica.py took 0.073 seconds
[2026-05-02T18:09:24.756+0000] {processor.py:186} INFO - Started process (PID=92762) to work on /workspaces/meu-primeiro-etl-airflow/dags/pipeline_etl_pratica.py
[2026-05-02T18:09:24.761+0000] {processor.py:914} INFO - Processing file /workspaces/meu-primeiro-etl-airflow/dags/pipeline_etl_pratica.py for tasks to queue
[2026-05-02T18:09:24.762+0000] {logging_mixin.py:190} INFO - [2026-05-02T18:09:24.762+0000] {dagbag.py:588} INFO - Filling up the DagBag from /workspaces/meu-primeiro-etl-airflow/dags/pipeline_etl_pratica.py
[2026-05-02T18:09:24.784+0000] {processor.py:925} INFO - DAG(s) 'pipeline_etl_pratica' retrieved from /workspaces/meu-primeiro-etl-airflow/dags/pipeline_etl_pratica.py
[2026-05-02T18:09:24.804+0000] {logging_mixin.py:190} INFO - [2026-05-02T18:09:24.803+0000] {dag.py:3239} INFO - Sync 1 DAGs
[2026-05-02T18:09:24.840+0000] {logging_mixin.py:190} INFO - [2026-05-02T18:09:24.839+0000] {dag.py:4180} INFO - Setting next_dagrun for pipeline_etl_pratica to 2026-05-02 00:00:00+00:00, run_after=2026-05-03 00:00:00+00:00
[2026-05-02T18:09:24.870+0000] {processor.py:208} INFO - Processing /workspaces/meu-primeiro-etl-airflow/dags/pipeline_etl_pratica.py took 0.121 seconds
[2026-05-02T18:10:14.106+0000] {processor.py:186} INFO - Started process (PID=93209) to work on /workspaces/meu-primeiro-etl-airflow/dags/pipeline_etl_pratica.py
[2026-05-02T18:10:14.107+0000] {processor.py:914} INFO - Processing file /workspaces/meu-primeiro-etl-airflow/dags/pipeline_etl_pratica.py for tasks to queue
[2026-05-02T18:10:14.108+0000] {logging_mixin.py:190} INFO - [2026-05-02T18:10:14.108+0000] {dagbag.py:588} INFO - Filling up the DagBag from /workspaces/meu-primeiro-etl-airflow/dags/pipeline_etl_pratica.py
[2026-05-02T18:10:14.119+0000] {processor.py:925} INFO - DAG(s) 'pipeline_etl_pratica' retrieved from /workspaces/meu-primeiro-etl-airflow/dags/pipeline_etl_pratica.py
[2026-05-02T18:10:14.132+0000] {logging_mixin.py:190} INFO - [2026-05-02T18:10:14.132+0000] {dag.py:3239} INFO - Sync 1 DAGs
[2026-05-02T18:10:14.153+0000] {logging_mixin.py:190} INFO - [2026-05-02T18:10:14.153+0000] {dag.py:4180} INFO - Setting next_dagrun for pipeline_etl_pratica to 2026-05-02 00:00:00+00:00, run_after=2026-05-03 00:00:00+00:00
[2026-05-02T18:10:14.172+0000] {processor.py:208} INFO - Processing /workspaces/meu-primeiro-etl-airflow/dags/pipeline_etl_pratica.py took 0.070 seconds
[2026-05-02T18:11:06.828+0000] {processor.py:186} INFO - Started process (PID=93691) to work on /workspaces/meu-primeiro-etl-airflow/dags/pipeline_etl_pratica.py
[2026-05-02T18:11:06.829+0000] {processor.py:914} INFO - Processing file /workspaces/meu-primeiro-etl-airflow/dags/pipeline_etl_pratica.py for tasks to queue
[2026-05-02T18:11:06.830+0000] {logging_mixin.py:190} INFO - [2026-05-02T18:11:06.829+0000] {dagbag.py:588} INFO - Filling up the DagBag from /workspaces/meu-primeiro-etl-airflow/dags/pipeline_etl_pratica.py
[2026-05-02T18:11:06.851+0000] {processor.py:925} INFO - DAG(s) 'pipeline_etl_pratica' retrieved from /workspaces/meu-primeiro-etl-airflow/dags/pipeline_etl_pratica.py
[2026-05-02T18:11:06.877+0000] {logging_mixin.py:190} INFO - [2026-05-02T18:11:06.876+0000] {dag.py:3239} INFO - Sync 1 DAGs
[2026-05-02T18:11:06.907+0000] {logging_mixin.py:190} INFO - [2026-05-02T18:11:06.906+0000] {dag.py:4180} INFO - Setting next_dagrun for pipeline_etl_pratica to 2026-05-02 00:00:00+00:00, run_after=2026-05-03 00:00:00+00:00
[2026-05-02T18:11:06.950+0000] {processor.py:208} INFO - Processing /workspaces/meu-primeiro-etl-airflow/dags/pipeline_etl_pratica.py took 0.130 seconds
[2026-05-02T18:12:00.655+0000] {processor.py:186} INFO - Started process (PID=94167) to work on /workspaces/meu-primeiro-etl-airflow/dags/pipeline_etl_pratica.py
[2026-05-02T18:12:00.656+0000] {processor.py:914} INFO - Processing file /workspaces/meu-primeiro-etl-airflow/dags/pipeline_etl_pratica.py for tasks to queue
[2026-05-02T18:12:00.657+0000] {logging_mixin.py:190} INFO - [2026-05-02T18:12:00.657+0000] {dagbag.py:588} INFO - Filling up the DagBag from /workspaces/meu-primeiro-etl-airflow/dags/pipeline_etl_pratica.py
[2026-05-02T18:12:00.668+0000] {processor.py:925} INFO - DAG(s) 'pipeline_etl_pratica' retrieved from /workspaces/meu-primeiro-etl-airflow/dags/pipeline_etl_pratica.py
[2026-05-02T18:12:00.680+0000] {logging_mixin.py:190} INFO - [2026-05-02T18:12:00.680+0000] {dag.py:3239} INFO - Sync 1 DAGs
[2026-05-02T18:12:00.700+0000] {logging_mixin.py:190} INFO - [2026-05-02T18:12:00.699+0000] {dag.py:4180} INFO - Setting next_dagrun for pipeline_etl_pratica to 2026-05-02 00:00:00+00:00, run_after=2026-05-03 00:00:00+00:00
[2026-05-02T18:12:00.717+0000] {processor.py:208} INFO - Processing /workspaces/meu-primeiro-etl-airflow/dags/pipeline_etl_pratica.py took 0.066 seconds
[2026-05-02T18:12:59.343+0000] {processor.py:186} INFO - Started process (PID=94903) to work on /workspaces/meu-primeiro-etl-airflow/dags/pipeline_etl_pratica.py
[2026-05-02T18:12:59.344+0000] {processor.py:914} INFO - Processing file /workspaces/meu-primeiro-etl-airflow/dags/pipeline_etl_pratica.py for tasks to queue
[2026-05-02T18:12:59.345+0000] {logging_mixin.py:190} INFO - [2026-05-02T18:12:59.345+0000] {dagbag.py:588} INFO - Filling up the DagBag from /workspaces/meu-primeiro-etl-airflow/dags/pipeline_etl_pratica.py
[2026-05-02T18:12:59.368+0000] {processor.py:925} INFO - DAG(s) 'pipeline_etl_pratica' retrieved from /workspaces/meu-primeiro-etl-airflow/dags/pipeline_etl_pratica.py
[2026-05-02T18:12:59.395+0000] {logging_mixin.py:190} INFO - [2026-05-02T18:12:59.394+0000] {dag.py:3239} INFO - Sync 1 DAGs
[2026-05-02T18:12:59.421+0000] {logging_mixin.py:190} INFO - [2026-05-02T18:12:59.421+0000] {dag.py:4180} INFO - Setting next_dagrun for pipeline_etl_pratica to 2026-05-02 00:00:00+00:00, run_after=2026-05-03 00:00:00+00:00
[2026-05-02T18:12:59.438+0000] {processor.py:208} INFO - Processing /workspaces/meu-primeiro-etl-airflow/dags/pipeline_etl_pratica.py took 0.102 seconds
[2026-05-02T18:13:33.580+0000] {processor.py:186} INFO - Started process (PID=95378) to work on /workspaces/meu-primeiro-etl-airflow/dags/pipeline_etl_pratica.py
[2026-05-02T18:13:33.581+0000] {processor.py:914} INFO - Processing file /workspaces/meu-primeiro-etl-airflow/dags/pipeline_etl_pratica.py for tasks to queue
[2026-05-02T18:13:33.582+0000] {logging_mixin.py:190} INFO - [2026-05-02T18:13:33.581+0000] {dagbag.py:588} INFO - Filling up the DagBag from /workspaces/meu-primeiro-etl-airflow/dags/pipeline_etl_pratica.py
[2026-05-02T18:13:33.593+0000] {processor.py:925} INFO - DAG(s) 'pipeline_etl_pratica' retrieved from /workspaces/meu-primeiro-etl-airflow/dags/pipeline_etl_pratica.py
[2026-05-02T18:13:33.608+0000] {logging_mixin.py:190} INFO - [2026-05-02T18:13:33.607+0000] {dag.py:3239} INFO - Sync 1 DAGs
[2026-05-02T18:13:33.627+0000] {logging_mixin.py:190} INFO - [2026-05-02T18:13:33.627+0000] {dag.py:4180} INFO - Setting next_dagrun for pipeline_etl_pratica to 2026-05-02 00:00:00+00:00, run_after=2026-05-03 00:00:00+00:00
[2026-05-02T18:13:33.649+0000] {processor.py:208} INFO - Processing /workspaces/meu-primeiro-etl-airflow/dags/pipeline_etl_pratica.py took 0.073 seconds
[2026-05-02T18:14:08.194+0000] {processor.py:186} INFO - Started process (PID=95776) to work on /workspaces/meu-primeiro-etl-airflow/dags/pipeline_etl_pratica.py
[2026-05-02T18:14:08.195+0000] {processor.py:914} INFO - Processing file /workspaces/meu-primeiro-etl-airflow/dags/pipeline_etl_pratica.py for tasks to queue
[2026-05-02T18:14:08.196+0000] {logging_mixin.py:190} INFO - [2026-05-02T18:14:08.196+0000] {dagbag.py:588} INFO - Filling up the DagBag from /workspaces/meu-primeiro-etl-airflow/dags/pipeline_etl_pratica.py
[2026-05-02T18:14:08.208+0000] {processor.py:925} INFO - DAG(s) 'pipeline_etl_pratica' retrieved from /workspaces/meu-primeiro-etl-airflow/dags/pipeline_etl_pratica.py
[2026-05-02T18:14:08.221+0000] {logging_mixin.py:190} INFO - [2026-05-02T18:14:08.220+0000] {dag.py:3239} INFO - Sync 1 DAGs
[2026-05-02T18:14:08.238+0000] {logging_mixin.py:190} INFO - [2026-05-02T18:14:08.238+0000] {dag.py:4180} INFO - Setting next_dagrun for pipeline_etl_pratica to 2026-05-02 00:00:00+00:00, run_after=2026-05-03 00:00:00+00:00
[2026-05-02T18:14:08.261+0000] {processor.py:208} INFO - Processing /workspaces/meu-primeiro-etl-airflow/dags/pipeline_etl_pratica.py took 0.073 seconds
[2026-05-02T18:14:39.713+0000] {processor.py:186} INFO - Started process (PID=96171) to work on /workspaces/meu-primeiro-etl-airflow/dags/pipeline_etl_pratica.py
[2026-05-02T18:14:39.714+0000] {processor.py:914} INFO - Processing file /workspaces/meu-primeiro-etl-airflow/dags/pipeline_etl_pratica.py for tasks to queue
[2026-05-02T18:14:39.715+0000] {logging_mixin.py:190} INFO - [2026-05-02T18:14:39.715+0000] {dagbag.py:588} INFO - Filling up the DagBag from /workspaces/meu-primeiro-etl-airflow/dags/pipeline_etl_pratica.py
[2026-05-02T18:14:39.732+0000] {processor.py:925} INFO - DAG(s) 'pipeline_etl_pratica' retrieved from /workspaces/meu-primeiro-etl-airflow/dags/pipeline_etl_pratica.py
[2026-05-02T18:14:39.759+0000] {logging_mixin.py:190} INFO - [2026-05-02T18:14:39.756+0000] {dag.py:3239} INFO - Sync 1 DAGs
[2026-05-02T18:14:39.788+0000] {logging_mixin.py:190} INFO - [2026-05-02T18:14:39.788+0000] {dag.py:4180} INFO - Setting next_dagrun for pipeline_etl_pratica to 2026-05-02 00:00:00+00:00, run_after=2026-05-03 00:00:00+00:00
[2026-05-02T18:14:39.806+0000] {processor.py:208} INFO - Processing /workspaces/meu-primeiro-etl-airflow/dags/pipeline_etl_pratica.py took 0.098 seconds
[2026-05-02T18:15:06.819+0000] {processor.py:186} INFO - Started process (PID=96401) to work on /workspaces/meu-primeiro-etl-airflow/dags/pipeline_etl_pratica.py
[2026-05-02T18:15:06.820+0000] {processor.py:914} INFO - Processing file /workspaces/meu-primeiro-etl-airflow/dags/pipeline_etl_pratica.py for tasks to queue
[2026-05-02T18:15:06.821+0000] {logging_mixin.py:190} INFO - [2026-05-02T18:15:06.821+0000] {dagbag.py:588} INFO - Filling up the DagBag from /workspaces/meu-primeiro-etl-airflow/dags/pipeline_etl_pratica.py
[2026-05-02T18:15:06.833+0000] {processor.py:925} INFO - DAG(s) 'pipeline_etl_pratica' retrieved from /workspaces/meu-primeiro-etl-airflow/dags/pipeline_etl_pratica.py
[2026-05-02T18:15:06.848+0000] {logging_mixin.py:190} INFO - [2026-05-02T18:15:06.848+0000] {dag.py:3239} INFO - Sync 1 DAGs
[2026-05-02T18:15:06.868+0000] {logging_mixin.py:190} INFO - [2026-05-02T18:15:06.868+0000] {dag.py:4180} INFO - Setting next_dagrun for pipeline_etl_pratica to 2026-05-02 00:00:00+00:00, run_after=2026-05-03 00:00:00+00:00
[2026-05-02T18:15:06.886+0000] {processor.py:208} INFO - Processing /workspaces/meu-primeiro-etl-airflow/dags/pipeline_etl_pratica.py took 0.071 seconds
[2026-05-02T18:16:03.933+0000] {processor.py:186} INFO - Started process (PID=97196) to work on /workspaces/meu-primeiro-etl-airflow/dags/pipeline_etl_pratica.py
[2026-05-02T18:16:03.934+0000] {processor.py:914} INFO - Processing file /workspaces/meu-primeiro-etl-airflow/dags/pipeline_etl_pratica.py for tasks to queue
[2026-05-02T18:16:03.935+0000] {logging_mixin.py:190} INFO - [2026-05-02T18:16:03.935+0000] {dagbag.py:588} INFO - Filling up the DagBag from /workspaces/meu-primeiro-etl-airflow/dags/pipeline_etl_pratica.py
[2026-05-02T18:16:03.953+0000] {processor.py:925} INFO - DAG(s) 'pipeline_etl_pratica' retrieved from /workspaces/meu-primeiro-etl-airflow/dags/pipeline_etl_pratica.py
[2026-05-02T18:16:03.983+0000] {logging_mixin.py:190} INFO - [2026-05-02T18:16:03.982+0000] {dag.py:3239} INFO - Sync 1 DAGs
[2026-05-02T18:16:04.015+0000] {logging_mixin.py:190} INFO - [2026-05-02T18:16:04.014+0000] {dag.py:4180} INFO - Setting next_dagrun for pipeline_etl_pratica to 2026-05-02 00:00:00+00:00, run_after=2026-05-03 00:00:00+00:00
[2026-05-02T18:16:04.064+0000] {processor.py:208} INFO - Processing /workspaces/meu-primeiro-etl-airflow/dags/pipeline_etl_pratica.py took 0.135 seconds
[2026-05-02T18:16:38.146+0000] {processor.py:186} INFO - Started process (PID=97839) to work on /workspaces/meu-primeiro-etl-airflow/dags/pipeline_etl_pratica.py
[2026-05-02T18:16:38.146+0000] {processor.py:914} INFO - Processing file /workspaces/meu-primeiro-etl-airflow/dags/pipeline_etl_pratica.py for tasks to queue
[2026-05-02T18:16:38.147+0000] {logging_mixin.py:190} INFO - [2026-05-02T18:16:38.147+0000] {dagbag.py:588} INFO - Filling up the DagBag from /workspaces/meu-primeiro-etl-airflow/dags/pipeline_etl_pratica.py
[2026-05-02T18:16:38.161+0000] {processor.py:925} INFO - DAG(s) 'pipeline_etl_pratica' retrieved from /workspaces/meu-primeiro-etl-airflow/dags/pipeline_etl_pratica.py
[2026-05-02T18:16:38.180+0000] {logging_mixin.py:190} INFO - [2026-05-02T18:16:38.180+0000] {dag.py:3239} INFO - Sync 1 DAGs
[2026-05-02T18:16:38.208+0000] {logging_mixin.py:190} INFO - [2026-05-02T18:16:38.207+0000] {dag.py:4180} INFO - Setting next_dagrun for pipeline_etl_pratica to 2026-05-02 00:00:00+00:00, run_after=2026-05-03 00:00:00+00:00
[2026-05-02T18:16:38.225+0000] {processor.py:208} INFO - Processing /workspaces/meu-primeiro-etl-airflow/dags/pipeline_etl_pratica.py took 0.085 seconds
[2026-05-02T18:17:10.200+0000] {processor.py:186} INFO - Started process (PID=98079) to work on /workspaces/meu-primeiro-etl-airflow/dags/pipeline_etl_pratica.py
[2026-05-02T18:17:10.200+0000] {processor.py:914} INFO - Processing file /workspaces/meu-primeiro-etl-airflow/dags/pipeline_etl_pratica.py for tasks to queue
[2026-05-02T18:17:10.201+0000] {logging_mixin.py:190} INFO - [2026-05-02T18:17:10.201+0000] {dagbag.py:588} INFO - Filling up the DagBag from /workspaces/meu-primeiro-etl-airflow/dags/pipeline_etl_pratica.py
[2026-05-02T18:17:10.214+0000] {processor.py:925} INFO - DAG(s) 'pipeline_etl_pratica' retrieved from /workspaces/meu-primeiro-etl-airflow/dags/pipeline_etl_pratica.py
[2026-05-02T18:17:10.230+0000] {logging_mixin.py:190} INFO - [2026-05-02T18:17:10.230+0000] {dag.py:3239} INFO - Sync 1 DAGs
[2026-05-02T18:17:10.252+0000] {logging_mixin.py:190} INFO - [2026-05-02T18:17:10.251+0000] {dag.py:4180} INFO - Setting next_dagrun for pipeline_etl_pratica to 2026-05-02 00:00:00+00:00, run_after=2026-05-03 00:00:00+00:00
[2026-05-02T18:17:10.271+0000] {processor.py:208} INFO - Processing /workspaces/meu-primeiro-etl-airflow/dags/pipeline_etl_pratica.py took 0.076 seconds
[2026-05-02T18:18:10.115+0000] {processor.py:186} INFO - Started process (PID=98816) to work on /workspaces/meu-primeiro-etl-airflow/dags/pipeline_etl_pratica.py
[2026-05-02T18:18:10.116+0000] {processor.py:914} INFO - Processing file /workspaces/meu-primeiro-etl-airflow/dags/pipeline_etl_pratica.py for tasks to queue
[2026-05-02T18:18:10.117+0000] {logging_mixin.py:190} INFO - [2026-05-02T18:18:10.116+0000] {dagbag.py:588} INFO - Filling up the DagBag from /workspaces/meu-primeiro-etl-airflow/dags/pipeline_etl_pratica.py
[2026-05-02T18:18:10.128+0000] {processor.py:925} INFO - DAG(s) 'pipeline_etl_pratica' retrieved from /workspaces/meu-primeiro-etl-airflow/dags/pipeline_etl_pratica.py
[2026-05-02T18:18:10.143+0000] {logging_mixin.py:190} INFO - [2026-05-02T18:18:10.143+0000] {dag.py:3239} INFO - Sync 1 DAGs
[2026-05-02T18:18:10.193+0000] {logging_mixin.py:190} INFO - [2026-05-02T18:18:10.193+0000] {dag.py:4180} INFO - Setting next_dagrun for pipeline_etl_pratica to 2026-05-02 00:00:00+00:00, run_after=2026-05-03 00:00:00+00:00
[2026-05-02T18:18:10.387+0000] {processor.py:208} INFO - Processing /workspaces/meu-primeiro-etl-airflow/dags/pipeline_etl_pratica.py took 0.277 seconds
[2026-05-02T18:18:42.180+0000] {processor.py:186} INFO - Started process (PID=99125) to work on /workspaces/meu-primeiro-etl-airflow/dags/pipeline_etl_pratica.py
[2026-05-02T18:18:42.181+0000] {processor.py:914} INFO - Processing file /workspaces/meu-primeiro-etl-airflow/dags/pipeline_etl_pratica.py for tasks to queue
[2026-05-02T18:18:42.182+0000] {logging_mixin.py:190} INFO - [2026-05-02T18:18:42.181+0000] {dagbag.py:588} INFO - Filling up the DagBag from /workspaces/meu-primeiro-etl-airflow/dags/pipeline_etl_pratica.py
[2026-05-02T18:18:42.193+0000] {processor.py:925} INFO - DAG(s) 'pipeline_etl_pratica' retrieved from /workspaces/meu-primeiro-etl-airflow/dags/pipeline_etl_pratica.py
[2026-05-02T18:18:42.206+0000] {logging_mixin.py:190} INFO - [2026-05-02T18:18:42.206+0000] {dag.py:3239} INFO - Sync 1 DAGs
[2026-05-02T18:18:42.223+0000] {logging_mixin.py:190} INFO - [2026-05-02T18:18:42.223+0000] {dag.py:4180} INFO - Setting next_dagrun for pipeline_etl_pratica to 2026-05-02 00:00:00+00:00, run_after=2026-05-03 00:00:00+00:00
[2026-05-02T18:18:42.241+0000] {processor.py:208} INFO - Processing /workspaces/meu-primeiro-etl-airflow/dags/pipeline_etl_pratica.py took 0.066 seconds
[2026-05-02T18:19:42.582+0000] {processor.py:186} INFO - Started process (PID=99977) to work on /workspaces/meu-primeiro-etl-airflow/dags/pipeline_etl_pratica.py
[2026-05-02T18:19:42.583+0000] {processor.py:914} INFO - Processing file /workspaces/meu-primeiro-etl-airflow/dags/pipeline_etl_pratica.py for tasks to queue
[2026-05-02T18:19:42.584+0000] {logging_mixin.py:190} INFO - [2026-05-02T18:19:42.584+0000] {dagbag.py:588} INFO - Filling up the DagBag from /workspaces/meu-primeiro-etl-airflow/dags/pipeline_etl_pratica.py
[2026-05-02T18:19:42.595+0000] {processor.py:925} INFO - DAG(s) 'pipeline_etl_pratica' retrieved from /workspaces/meu-primeiro-etl-airflow/dags/pipeline_etl_pratica.py
[2026-05-02T18:19:42.608+0000] {logging_mixin.py:190} INFO - [2026-05-02T18:19:42.608+0000] {dag.py:3239} INFO - Sync 1 DAGs
[2026-05-02T18:19:42.625+0000] {logging_mixin.py:190} INFO - [2026-05-02T18:19:42.625+0000] {dag.py:4180} INFO - Setting next_dagrun for pipeline_etl_pratica to 2026-05-02 00:00:00+00:00, run_after=2026-05-03 00:00:00+00:00
[2026-05-02T18:19:42.641+0000] {processor.py:208} INFO - Processing /workspaces/meu-primeiro-etl-airflow/dags/pipeline_etl_pratica.py took 0.064 seconds
[2026-05-02T18:20:38.413+0000] {processor.py:186} INFO - Started process (PID=100552) to work on /workspaces/meu-primeiro-etl-airflow/dags/pipeline_etl_pratica.py
[2026-05-02T18:20:38.414+0000] {processor.py:914} INFO - Processing file /workspaces/meu-primeiro-etl-airflow/dags/pipeline_etl_pratica.py for tasks to queue
[2026-05-02T18:20:38.415+0000] {logging_mixin.py:190} INFO - [2026-05-02T18:20:38.414+0000] {dagbag.py:588} INFO - Filling up the DagBag from /workspaces/meu-primeiro-etl-airflow/dags/pipeline_etl_pratica.py
[2026-05-02T18:20:38.425+0000] {processor.py:925} INFO - DAG(s) 'pipeline_etl_pratica' retrieved from /workspaces/meu-primeiro-etl-airflow/dags/pipeline_etl_pratica.py
[2026-05-02T18:20:38.438+0000] {logging_mixin.py:190} INFO - [2026-05-02T18:20:38.437+0000] {dag.py:3239} INFO - Sync 1 DAGs
[2026-05-02T18:20:38.575+0000] {logging_mixin.py:190} INFO - [2026-05-02T18:20:38.575+0000] {dag.py:4180} INFO - Setting next_dagrun for pipeline_etl_pratica to 2026-05-02 00:00:00+00:00, run_after=2026-05-03 00:00:00+00:00
[2026-05-02T18:20:38.591+0000] {processor.py:208} INFO - Processing /workspaces/meu-primeiro-etl-airflow/dags/pipeline_etl_pratica.py took 0.182 seconds
[2026-05-02T18:21:35.686+0000] {processor.py:186} INFO - Started process (PID=101180) to work on /workspaces/meu-primeiro-etl-airflow/dags/pipeline_etl_pratica.py
[2026-05-02T18:21:35.687+0000] {processor.py:914} INFO - Processing file /workspaces/meu-primeiro-etl-airflow/dags/pipeline_etl_pratica.py for tasks to queue
[2026-05-02T18:21:35.688+0000] {logging_mixin.py:190} INFO - [2026-05-02T18:21:35.687+0000] {dagbag.py:588} INFO - Filling up the DagBag from /workspaces/meu-primeiro-etl-airflow/dags/pipeline_etl_pratica.py
[2026-05-02T18:21:35.699+0000] {processor.py:925} INFO - DAG(s) 'pipeline_etl_pratica' retrieved from /workspaces/meu-primeiro-etl-airflow/dags/pipeline_etl_pratica.py
[2026-05-02T18:21:35.712+0000] {logging_mixin.py:190} INFO - [2026-05-02T18:21:35.712+0000] {dag.py:3239} INFO - Sync 1 DAGs
[2026-05-02T18:21:35.729+0000] {logging_mixin.py:190} INFO - [2026-05-02T18:21:35.729+0000] {dag.py:4180} INFO - Setting next_dagrun for pipeline_etl_pratica to 2026-05-02 00:00:00+00:00, run_after=2026-05-03 00:00:00+00:00
[2026-05-02T18:21:35.891+0000] {processor.py:208} INFO - Processing /workspaces/meu-primeiro-etl-airflow/dags/pipeline_etl_pratica.py took 0.209 seconds
[2026-05-02T18:22:09.126+0000] {processor.py:186} INFO - Started process (PID=101512) to work on /workspaces/meu-primeiro-etl-airflow/dags/pipeline_etl_pratica.py
[2026-05-02T18:22:09.127+0000] {processor.py:914} INFO - Processing file /workspaces/meu-primeiro-etl-airflow/dags/pipeline_etl_pratica.py for tasks to queue
[2026-05-02T18:22:09.128+0000] {logging_mixin.py:190} INFO - [2026-05-02T18:22:09.127+0000] {dagbag.py:588} INFO - Filling up the DagBag from /workspaces/meu-primeiro-etl-airflow/dags/pipeline_etl_pratica.py
[2026-05-02T18:22:09.139+0000] {processor.py:925} INFO - DAG(s) 'pipeline_etl_pratica' retrieved from /workspaces/meu-primeiro-etl-airflow/dags/pipeline_etl_pratica.py
[2026-05-02T18:22:09.362+0000] {logging_mixin.py:190} INFO - [2026-05-02T18:22:09.362+0000] {dag.py:3239} INFO - Sync 1 DAGs
[2026-05-02T18:22:09.377+0000] {logging_mixin.py:190} INFO - [2026-05-02T18:22:09.377+0000] {dag.py:4180} INFO - Setting next_dagrun for pipeline_etl_pratica to 2026-05-02 00:00:00+00:00, run_after=2026-05-03 00:00:00+00:00
[2026-05-02T18:22:09.392+0000] {processor.py:208} INFO - Processing /workspaces/meu-primeiro-etl-airflow/dags/pipeline_etl_pratica.py took 0.270 seconds
[2026-05-02T18:22:47.601+0000] {processor.py:186} INFO - Started process (PID=102175) to work on /workspaces/meu-primeiro-etl-airflow/dags/pipeline_etl_pratica.py
[2026-05-02T18:22:47.602+0000] {processor.py:914} INFO - Processing file /workspaces/meu-primeiro-etl-airflow/dags/pipeline_etl_pratica.py for tasks to queue
[2026-05-02T18:22:47.603+0000] {logging_mixin.py:190} INFO - [2026-05-02T18:22:47.603+0000] {dagbag.py:588} INFO - Filling up the DagBag from /workspaces/meu-primeiro-etl-airflow/dags/pipeline_etl_pratica.py
[2026-05-02T18:22:47.617+0000] {processor.py:925} INFO - DAG(s) 'pipeline_etl_pratica' retrieved from /workspaces/meu-primeiro-etl-airflow/dags/pipeline_etl_pratica.py
[2026-05-02T18:22:47.635+0000] {logging_mixin.py:190} INFO - [2026-05-02T18:22:47.635+0000] {dag.py:3239} INFO - Sync 1 DAGs
[2026-05-02T18:22:47.658+0000] {logging_mixin.py:190} INFO - [2026-05-02T18:22:47.658+0000] {dag.py:4180} INFO - Setting next_dagrun for pipeline_etl_pratica to 2026-05-02 00:00:00+00:00, run_after=2026-05-03 00:00:00+00:00
[2026-05-02T18:22:47.788+0000] {processor.py:208} INFO - Processing /workspaces/meu-primeiro-etl-airflow/dags/pipeline_etl_pratica.py took 0.194 seconds
[2026-05-02T18:23:26.222+0000] {processor.py:186} INFO - Started process (PID=102494) to work on /workspaces/meu-primeiro-etl-airflow/dags/pipeline_etl_pratica.py
[2026-05-02T18:23:26.223+0000] {processor.py:914} INFO - Processing file /workspaces/meu-primeiro-etl-airflow/dags/pipeline_etl_pratica.py for tasks to queue
[2026-05-02T18:23:26.224+0000] {logging_mixin.py:190} INFO - [2026-05-02T18:23:26.223+0000] {dagbag.py:588} INFO - Filling up the DagBag from /workspaces/meu-primeiro-etl-airflow/dags/pipeline_etl_pratica.py
[2026-05-02T18:23:26.235+0000] {processor.py:925} INFO - DAG(s) 'pipeline_etl_pratica' retrieved from /workspaces/meu-primeiro-etl-airflow/dags/pipeline_etl_pratica.py
[2026-05-02T18:23:26.366+0000] {logging_mixin.py:190} INFO - [2026-05-02T18:23:26.366+0000] {dag.py:3239} INFO - Sync 1 DAGs
[2026-05-02T18:23:26.381+0000] {logging_mixin.py:190} INFO - [2026-05-02T18:23:26.381+0000] {dag.py:4180} INFO - Setting next_dagrun for pipeline_etl_pratica to 2026-05-02 00:00:00+00:00, run_after=2026-05-03 00:00:00+00:00
[2026-05-02T18:23:26.396+0000] {processor.py:208} INFO - Processing /workspaces/meu-primeiro-etl-airflow/dags/pipeline_etl_pratica.py took 0.180 seconds
[2026-05-02T18:24:01.196+0000] {processor.py:186} INFO - Started process (PID=102825) to work on /workspaces/meu-primeiro-etl-airflow/dags/pipeline_etl_pratica.py
[2026-05-02T18:24:01.196+0000] {processor.py:914} INFO - Processing file /workspaces/meu-primeiro-etl-airflow/dags/pipeline_etl_pratica.py for tasks to queue
[2026-05-02T18:24:01.197+0000] {logging_mixin.py:190} INFO - [2026-05-02T18:24:01.197+0000] {dagbag.py:588} INFO - Filling up the DagBag from /workspaces/meu-primeiro-etl-airflow/dags/pipeline_etl_pratica.py
[2026-05-02T18:24:01.209+0000] {processor.py:925} INFO - DAG(s) 'pipeline_etl_pratica' retrieved from /workspaces/meu-primeiro-etl-airflow/dags/pipeline_etl_pratica.py
[2026-05-02T18:24:01.222+0000] {logging_mixin.py:190} INFO - [2026-05-02T18:24:01.222+0000] {dag.py:3239} INFO - Sync 1 DAGs
[2026-05-02T18:24:01.239+0000] {logging_mixin.py:190} INFO - [2026-05-02T18:24:01.239+0000] {dag.py:4180} INFO - Setting next_dagrun for pipeline_etl_pratica to 2026-05-02 00:00:00+00:00, run_after=2026-05-03 00:00:00+00:00
[2026-05-02T18:24:01.260+0000] {processor.py:208} INFO - Processing /workspaces/meu-primeiro-etl-airflow/dags/pipeline_etl_pratica.py took 0.070 seconds
[2026-05-02T18:24:58.087+0000] {processor.py:186} INFO - Started process (PID=103582) to work on /workspaces/meu-primeiro-etl-airflow/dags/pipeline_etl_pratica.py
[2026-05-02T18:24:58.088+0000] {processor.py:914} INFO - Processing file /workspaces/meu-primeiro-etl-airflow/dags/pipeline_etl_pratica.py for tasks to queue
[2026-05-02T18:24:58.090+0000] {logging_mixin.py:190} INFO - [2026-05-02T18:24:58.089+0000] {dagbag.py:588} INFO - Filling up the DagBag from /workspaces/meu-primeiro-etl-airflow/dags/pipeline_etl_pratica.py
[2026-05-02T18:24:58.115+0000] {processor.py:925} INFO - DAG(s) 'pipeline_etl_pratica' retrieved from /workspaces/meu-primeiro-etl-airflow/dags/pipeline_etl_pratica.py
[2026-05-02T18:24:58.241+0000] {logging_mixin.py:190} INFO - [2026-05-02T18:24:58.241+0000] {dag.py:3239} INFO - Sync 1 DAGs
[2026-05-02T18:24:58.263+0000] {logging_mixin.py:190} INFO - [2026-05-02T18:24:58.263+0000] {dag.py:4180} INFO - Setting next_dagrun for pipeline_etl_pratica to 2026-05-02 00:00:00+00:00, run_after=2026-05-03 00:00:00+00:00
[2026-05-02T18:24:58.282+0000] {processor.py:208} INFO - Processing /workspaces/meu-primeiro-etl-airflow/dags/pipeline_etl_pratica.py took 0.206 seconds
[2026-05-02T18:25:49.242+0000] {processor.py:186} INFO - Started process (PID=104158) to work on /workspaces/meu-primeiro-etl-airflow/dags/pipeline_etl_pratica.py
[2026-05-02T18:25:49.243+0000] {processor.py:914} INFO - Processing file /workspaces/meu-primeiro-etl-airflow/dags/pipeline_etl_pratica.py for tasks to queue
[2026-05-02T18:25:49.245+0000] {logging_mixin.py:190} INFO - [2026-05-02T18:25:49.244+0000] {dagbag.py:588} INFO - Filling up the DagBag from /workspaces/meu-primeiro-etl-airflow/dags/pipeline_etl_pratica.py
[2026-05-02T18:25:49.259+0000] {processor.py:925} INFO - DAG(s) 'pipeline_etl_pratica' retrieved from /workspaces/meu-primeiro-etl-airflow/dags/pipeline_etl_pratica.py
[2026-05-02T18:25:49.272+0000] {logging_mixin.py:190} INFO - [2026-05-02T18:25:49.272+0000] {dag.py:3239} INFO - Sync 1 DAGs
[2026-05-02T18:25:49.291+0000] {logging_mixin.py:190} INFO - [2026-05-02T18:25:49.291+0000] {dag.py:4180} INFO - Setting next_dagrun for pipeline_etl_pratica to 2026-05-02 00:00:00+00:00, run_after=2026-05-03 00:00:00+00:00
[2026-05-02T18:25:49.308+0000] {processor.py:208} INFO - Processing /workspaces/meu-primeiro-etl-airflow/dags/pipeline_etl_pratica.py took 0.071 seconds
[2026-05-02T18:26:46.727+0000] {processor.py:186} INFO - Started process (PID=104811) to work on /workspaces/meu-primeiro-etl-airflow/dags/pipeline_etl_pratica.py
[2026-05-02T18:26:46.728+0000] {processor.py:914} INFO - Processing file /workspaces/meu-primeiro-etl-airflow/dags/pipeline_etl_pratica.py for tasks to queue
[2026-05-02T18:26:46.729+0000] {logging_mixin.py:190} INFO - [2026-05-02T18:26:46.728+0000] {dagbag.py:588} INFO - Filling up the DagBag from /workspaces/meu-primeiro-etl-airflow/dags/pipeline_etl_pratica.py
[2026-05-02T18:26:46.741+0000] {processor.py:925} INFO - DAG(s) 'pipeline_etl_pratica' retrieved from /workspaces/meu-primeiro-etl-airflow/dags/pipeline_etl_pratica.py
[2026-05-02T18:26:46.832+0000] {logging_mixin.py:190} INFO - [2026-05-02T18:26:46.831+0000] {dag.py:3239} INFO - Sync 1 DAGs
[2026-05-02T18:26:46.849+0000] {logging_mixin.py:190} INFO - [2026-05-02T18:26:46.849+0000] {dag.py:4180} INFO - Setting next_dagrun for pipeline_etl_pratica to 2026-05-02 00:00:00+00:00, run_after=2026-05-03 00:00:00+00:00
[2026-05-02T18:26:46.868+0000] {processor.py:208} INFO - Processing /workspaces/meu-primeiro-etl-airflow/dags/pipeline_etl_pratica.py took 0.146 seconds
[2026-05-02T18:27:17.280+0000] {processor.py:186} INFO - Started process (PID=105053) to work on /workspaces/meu-primeiro-etl-airflow/dags/pipeline_etl_pratica.py
[2026-05-02T18:27:17.280+0000] {processor.py:914} INFO - Processing file /workspaces/meu-primeiro-etl-airflow/dags/pipeline_etl_pratica.py for tasks to queue
[2026-05-02T18:27:17.281+0000] {logging_mixin.py:190} INFO - [2026-05-02T18:27:17.281+0000] {dagbag.py:588} INFO - Filling up the DagBag from /workspaces/meu-primeiro-etl-airflow/dags/pipeline_etl_pratica.py
[2026-05-02T18:27:17.292+0000] {processor.py:925} INFO - DAG(s) 'pipeline_etl_pratica' retrieved from /workspaces/meu-primeiro-etl-airflow/dags/pipeline_etl_pratica.py
[2026-05-02T18:27:17.305+0000] {logging_mixin.py:190} INFO - [2026-05-02T18:27:17.305+0000] {dag.py:3239} INFO - Sync 1 DAGs
[2026-05-02T18:27:17.322+0000] {logging_mixin.py:190} INFO - [2026-05-02T18:27:17.322+0000] {dag.py:4180} INFO - Setting next_dagrun for pipeline_etl_pratica to 2026-05-02 00:00:00+00:00, run_after=2026-05-03 00:00:00+00:00
[2026-05-02T18:27:17.338+0000] {processor.py:208} INFO - Processing /workspaces/meu-primeiro-etl-airflow/dags/pipeline_etl_pratica.py took 0.063 seconds
[2026-05-02T18:28:18.599+0000] {processor.py:186} INFO - Started process (PID=106016) to work on /workspaces/meu-primeiro-etl-airflow/dags/pipeline_etl_pratica.py
[2026-05-02T18:28:18.600+0000] {processor.py:914} INFO - Processing file /workspaces/meu-primeiro-etl-airflow/dags/pipeline_etl_pratica.py for tasks to queue
[2026-05-02T18:28:18.601+0000] {logging_mixin.py:190} INFO - [2026-05-02T18:28:18.601+0000] {dagbag.py:588} INFO - Filling up the DagBag from /workspaces/meu-primeiro-etl-airflow/dags/pipeline_etl_pratica.py
[2026-05-02T18:28:18.618+0000] {processor.py:925} INFO - DAG(s) 'pipeline_etl_pratica' retrieved from /workspaces/meu-primeiro-etl-airflow/dags/pipeline_etl_pratica.py
[2026-05-02T18:28:18.641+0000] {logging_mixin.py:190} INFO - [2026-05-02T18:28:18.641+0000] {dag.py:3239} INFO - Sync 1 DAGs
[2026-05-02T18:28:18.665+0000] {logging_mixin.py:190} INFO - [2026-05-02T18:28:18.665+0000] {dag.py:4180} INFO - Setting next_dagrun for pipeline_etl_pratica to 2026-05-02 00:00:00+00:00, run_after=2026-05-03 00:00:00+00:00
[2026-05-02T18:28:18.683+0000] {processor.py:208} INFO - Processing /workspaces/meu-primeiro-etl-airflow/dags/pipeline_etl_pratica.py took 0.091 seconds
[2026-05-02T18:28:52.731+0000] {processor.py:186} INFO - Started process (PID=106639) to work on /workspaces/meu-primeiro-etl-airflow/dags/pipeline_etl_pratica.py
[2026-05-02T18:28:52.732+0000] {processor.py:914} INFO - Processing file /workspaces/meu-primeiro-etl-airflow/dags/pipeline_etl_pratica.py for tasks to queue
[2026-05-02T18:28:52.733+0000] {logging_mixin.py:190} INFO - [2026-05-02T18:28:52.733+0000] {dagbag.py:588} INFO - Filling up the DagBag from /workspaces/meu-primeiro-etl-airflow/dags/pipeline_etl_pratica.py
[2026-05-02T18:28:52.746+0000] {processor.py:925} INFO - DAG(s) 'pipeline_etl_pratica' retrieved from /workspaces/meu-primeiro-etl-airflow/dags/pipeline_etl_pratica.py
[2026-05-02T18:28:52.762+0000] {logging_mixin.py:190} INFO - [2026-05-02T18:28:52.762+0000] {dag.py:3239} INFO - Sync 1 DAGs
[2026-05-02T18:28:52.779+0000] {logging_mixin.py:190} INFO - [2026-05-02T18:28:52.779+0000] {dag.py:4180} INFO - Setting next_dagrun for pipeline_etl_pratica to 2026-05-02 00:00:00+00:00, run_after=2026-05-03 00:00:00+00:00
[2026-05-02T18:28:52.797+0000] {processor.py:208} INFO - Processing /workspaces/meu-primeiro-etl-airflow/dags/pipeline_etl_pratica.py took 0.070 seconds
[2026-05-02T18:29:46.895+0000] {processor.py:186} INFO - Started process (PID=107107) to work on /workspaces/meu-primeiro-etl-airflow/dags/pipeline_etl_pratica.py
[2026-05-02T18:29:46.896+0000] {processor.py:914} INFO - Processing file /workspaces/meu-primeiro-etl-airflow/dags/pipeline_etl_pratica.py for tasks to queue
[2026-05-02T18:29:46.897+0000] {logging_mixin.py:190} INFO - [2026-05-02T18:29:46.897+0000] {dagbag.py:588} INFO - Filling up the DagBag from /workspaces/meu-primeiro-etl-airflow/dags/pipeline_etl_pratica.py
[2026-05-02T18:29:46.917+0000] {processor.py:925} INFO - DAG(s) 'pipeline_etl_pratica' retrieved from /workspaces/meu-primeiro-etl-airflow/dags/pipeline_etl_pratica.py
[2026-05-02T18:29:46.938+0000] {logging_mixin.py:190} INFO - [2026-05-02T18:29:46.938+0000] {dag.py:3239} INFO - Sync 1 DAGs
[2026-05-02T18:29:46.971+0000] {logging_mixin.py:190} INFO - [2026-05-02T18:29:46.970+0000] {dag.py:4180} INFO - Setting next_dagrun for pipeline_etl_pratica to 2026-05-02 00:00:00+00:00, run_after=2026-05-03 00:00:00+00:00
[2026-05-02T18:29:46.988+0000] {processor.py:208} INFO - Processing /workspaces/meu-primeiro-etl-airflow/dags/pipeline_etl_pratica.py took 0.101 seconds
[2026-05-02T18:30:41.362+0000] {processor.py:186} INFO - Started process (PID=107589) to work on /workspaces/meu-primeiro-etl-airflow/dags/pipeline_etl_pratica.py
[2026-05-02T18:30:41.364+0000] {processor.py:914} INFO - Processing file /workspaces/meu-primeiro-etl-airflow/dags/pipeline_etl_pratica.py for tasks to queue
[2026-05-02T18:30:41.365+0000] {logging_mixin.py:190} INFO - [2026-05-02T18:30:41.365+0000] {dagbag.py:588} INFO - Filling up the DagBag from /workspaces/meu-primeiro-etl-airflow/dags/pipeline_etl_pratica.py
[2026-05-02T18:30:41.383+0000] {processor.py:925} INFO - DAG(s) 'pipeline_etl_pratica' retrieved from /workspaces/meu-primeiro-etl-airflow/dags/pipeline_etl_pratica.py
[2026-05-02T18:30:41.408+0000] {logging_mixin.py:190} INFO - [2026-05-02T18:30:41.407+0000] {dag.py:3239} INFO - Sync 1 DAGs
[2026-05-02T18:30:41.444+0000] {logging_mixin.py:190} INFO - [2026-05-02T18:30:41.443+0000] {dag.py:4180} INFO - Setting next_dagrun for pipeline_etl_pratica to 2026-05-02 00:00:00+00:00, run_after=2026-05-03 00:00:00+00:00
[2026-05-02T18:30:41.465+0000] {processor.py:208} INFO - Processing /workspaces/meu-primeiro-etl-airflow/dags/pipeline_etl_pratica.py took 0.112 seconds
[2026-05-02T18:31:37.632+0000] {processor.py:186} INFO - Started process (PID=108077) to work on /workspaces/meu-primeiro-etl-airflow/dags/pipeline_etl_pratica.py
[2026-05-02T18:31:37.632+0000] {processor.py:914} INFO - Processing file /workspaces/meu-primeiro-etl-airflow/dags/pipeline_etl_pratica.py for tasks to queue
[2026-05-02T18:31:37.634+0000] {logging_mixin.py:190} INFO - [2026-05-02T18:31:37.633+0000] {dagbag.py:588} INFO - Filling up the DagBag from /workspaces/meu-primeiro-etl-airflow/dags/pipeline_etl_pratica.py
[2026-05-02T18:31:37.660+0000] {processor.py:925} INFO - DAG(s) 'pipeline_etl_pratica' retrieved from /workspaces/meu-primeiro-etl-airflow/dags/pipeline_etl_pratica.py
[2026-05-02T18:31:37.681+0000] {logging_mixin.py:190} INFO - [2026-05-02T18:31:37.680+0000] {dag.py:3239} INFO - Sync 1 DAGs
[2026-05-02T18:31:37.701+0000] {logging_mixin.py:190} INFO - [2026-05-02T18:31:37.701+0000] {dag.py:4180} INFO - Setting next_dagrun for pipeline_etl_pratica to 2026-05-02 00:00:00+00:00, run_after=2026-05-03 00:00:00+00:00
[2026-05-02T18:31:37.717+0000] {processor.py:208} INFO - Processing /workspaces/meu-primeiro-etl-airflow/dags/pipeline_etl_pratica.py took 0.091 seconds
[2026-05-02T18:32:37.171+0000] {processor.py:186} INFO - Started process (PID=108705) to work on /workspaces/meu-primeiro-etl-airflow/dags/pipeline_etl_pratica.py
[2026-05-02T18:32:37.172+0000] {processor.py:914} INFO - Processing file /workspaces/meu-primeiro-etl-airflow/dags/pipeline_etl_pratica.py for tasks to queue
[2026-05-02T18:32:37.173+0000] {logging_mixin.py:190} INFO - [2026-05-02T18:32:37.172+0000] {dagbag.py:588} INFO - Filling up the DagBag from /workspaces/meu-primeiro-etl-airflow/dags/pipeline_etl_pratica.py
[2026-05-02T18:32:37.183+0000] {logging_mixin.py:190} INFO - [2026-05-02T18:32:37.179+0000] {dagbag.py:387} ERROR - Failed to import: /workspaces/meu-primeiro-etl-airflow/dags/pipeline_etl_pratica.py
Traceback (most recent call last):
  File "/usr/local/python/3.12.1/lib/python3.12/site-packages/airflow/models/dagbag.py", line 383, in parse
    loader.exec_module(new_module)
  File "<frozen importlib._bootstrap_external>", line 994, in exec_module
  File "<frozen importlib._bootstrap>", line 488, in _call_with_frames_removed
  File "/workspaces/meu-primeiro-etl-airflow/dags/pipeline_etl_pratica.py", line 38, in <module>
    transform = PythonOperator(task_id='transformar_dados', python_callable=transformacao_pandas)
                                                                            ^^^^^^^^^^^^^^^^^^^^
NameError: name 'transformacao_pandas' is not defined
[2026-05-02T18:32:37.187+0000] {processor.py:927} WARNING - No viable dags retrieved from /workspaces/meu-primeiro-etl-airflow/dags/pipeline_etl_pratica.py
[2026-05-02T18:32:37.204+0000] {processor.py:208} INFO - Processing /workspaces/meu-primeiro-etl-airflow/dags/pipeline_etl_pratica.py took 0.039 seconds
[2026-05-02T18:33:06.013+0000] {processor.py:186} INFO - Started process (PID=109019) to work on /workspaces/meu-primeiro-etl-airflow/dags/pipeline_etl_pratica.py
[2026-05-02T18:33:06.014+0000] {processor.py:914} INFO - Processing file /workspaces/meu-primeiro-etl-airflow/dags/pipeline_etl_pratica.py for tasks to queue
[2026-05-02T18:33:06.015+0000] {logging_mixin.py:190} INFO - [2026-05-02T18:33:06.015+0000] {dagbag.py:588} INFO - Filling up the DagBag from /workspaces/meu-primeiro-etl-airflow/dags/pipeline_etl_pratica.py
[2026-05-02T18:33:06.033+0000] {logging_mixin.py:190} INFO - [2026-05-02T18:33:06.029+0000] {dagbag.py:387} ERROR - Failed to import: /workspaces/meu-primeiro-etl-airflow/dags/pipeline_etl_pratica.py
Traceback (most recent call last):
  File "/usr/local/python/3.12.1/lib/python3.12/site-packages/airflow/models/dagbag.py", line 383, in parse
    loader.exec_module(new_module)
  File "<frozen importlib._bootstrap_external>", line 994, in exec_module
  File "<frozen importlib._bootstrap>", line 488, in _call_with_frames_removed
  File "/workspaces/meu-primeiro-etl-airflow/dags/pipeline_etl_pratica.py", line 68, in <module>
    extract >> transform >> load >> cleanup
                            ^^^^
NameError: name 'load' is not defined
[2026-05-02T18:33:06.039+0000] {processor.py:927} WARNING - No viable dags retrieved from /workspaces/meu-primeiro-etl-airflow/dags/pipeline_etl_pratica.py
[2026-05-02T18:33:06.088+0000] {processor.py:208} INFO - Processing /workspaces/meu-primeiro-etl-airflow/dags/pipeline_etl_pratica.py took 0.085 seconds
[2026-05-02T18:33:35.284+0000] {processor.py:186} INFO - Started process (PID=109404) to work on /workspaces/meu-primeiro-etl-airflow/dags/pipeline_etl_pratica.py
[2026-05-02T18:33:35.285+0000] {processor.py:914} INFO - Processing file /workspaces/meu-primeiro-etl-airflow/dags/pipeline_etl_pratica.py for tasks to queue
[2026-05-02T18:33:35.286+0000] {logging_mixin.py:190} INFO - [2026-05-02T18:33:35.286+0000] {dagbag.py:588} INFO - Filling up the DagBag from /workspaces/meu-primeiro-etl-airflow/dags/pipeline_etl_pratica.py
[2026-05-02T18:33:35.295+0000] {processor.py:925} INFO - DAG(s) 'pipeline_etl_pratica' retrieved from /workspaces/meu-primeiro-etl-airflow/dags/pipeline_etl_pratica.py
[2026-05-02T18:33:35.390+0000] {logging_mixin.py:190} INFO - [2026-05-02T18:33:35.390+0000] {dag.py:3239} INFO - Sync 1 DAGs
[2026-05-02T18:33:35.413+0000] {logging_mixin.py:190} INFO - [2026-05-02T18:33:35.410+0000] {dag.py:4180} INFO - Setting next_dagrun for pipeline_etl_pratica to 2026-05-02 00:00:00+00:00, run_after=2026-05-03 00:00:00+00:00
[2026-05-02T18:33:35.453+0000] {processor.py:208} INFO - Processing /workspaces/meu-primeiro-etl-airflow/dags/pipeline_etl_pratica.py took 0.173 seconds
[2026-05-02T18:34:08.282+0000] {processor.py:186} INFO - Started process (PID=109815) to work on /workspaces/meu-primeiro-etl-airflow/dags/pipeline_etl_pratica.py
[2026-05-02T18:34:08.283+0000] {processor.py:914} INFO - Processing file /workspaces/meu-primeiro-etl-airflow/dags/pipeline_etl_pratica.py for tasks to queue
[2026-05-02T18:34:08.285+0000] {logging_mixin.py:190} INFO - [2026-05-02T18:34:08.284+0000] {dagbag.py:588} INFO - Filling up the DagBag from /workspaces/meu-primeiro-etl-airflow/dags/pipeline_etl_pratica.py
[2026-05-02T18:34:08.301+0000] {processor.py:925} INFO - DAG(s) 'pipeline_etl_pratica' retrieved from /workspaces/meu-primeiro-etl-airflow/dags/pipeline_etl_pratica.py
[2026-05-02T18:34:08.319+0000] {logging_mixin.py:190} INFO - [2026-05-02T18:34:08.319+0000] {dag.py:3239} INFO - Sync 1 DAGs
[2026-05-02T18:34:08.337+0000] {logging_mixin.py:190} INFO - [2026-05-02T18:34:08.337+0000] {dag.py:4180} INFO - Setting next_dagrun for pipeline_etl_pratica to 2026-05-02 00:00:00+00:00, run_after=2026-05-03 00:00:00+00:00
[2026-05-02T18:34:08.356+0000] {processor.py:208} INFO - Processing /workspaces/meu-primeiro-etl-airflow/dags/pipeline_etl_pratica.py took 0.081 seconds
[2026-05-02T18:34:44.632+0000] {processor.py:186} INFO - Started process (PID=110393) to work on /workspaces/meu-primeiro-etl-airflow/dags/pipeline_etl_pratica.py
[2026-05-02T18:34:44.633+0000] {processor.py:914} INFO - Processing file /workspaces/meu-primeiro-etl-airflow/dags/pipeline_etl_pratica.py for tasks to queue
[2026-05-02T18:34:44.634+0000] {logging_mixin.py:190} INFO - [2026-05-02T18:34:44.634+0000] {dagbag.py:588} INFO - Filling up the DagBag from /workspaces/meu-primeiro-etl-airflow/dags/pipeline_etl_pratica.py
[2026-05-02T18:34:44.643+0000] {processor.py:925} INFO - DAG(s) 'pipeline_etl_pratica' retrieved from /workspaces/meu-primeiro-etl-airflow/dags/pipeline_etl_pratica.py
[2026-05-02T18:34:44.655+0000] {logging_mixin.py:190} INFO - [2026-05-02T18:34:44.655+0000] {dag.py:3239} INFO - Sync 1 DAGs
[2026-05-02T18:34:44.678+0000] {logging_mixin.py:190} INFO - [2026-05-02T18:34:44.678+0000] {dag.py:4180} INFO - Setting next_dagrun for pipeline_etl_pratica to 2026-05-02 00:00:00+00:00, run_after=2026-05-03 00:00:00+00:00
[2026-05-02T18:34:44.695+0000] {processor.py:208} INFO - Processing /workspaces/meu-primeiro-etl-airflow/dags/pipeline_etl_pratica.py took 0.069 seconds
[2026-05-02T18:35:18.003+0000] {processor.py:186} INFO - Started process (PID=110781) to work on /workspaces/meu-primeiro-etl-airflow/dags/pipeline_etl_pratica.py
[2026-05-02T18:35:18.004+0000] {processor.py:914} INFO - Processing file /workspaces/meu-primeiro-etl-airflow/dags/pipeline_etl_pratica.py for tasks to queue
[2026-05-02T18:35:18.006+0000] {logging_mixin.py:190} INFO - [2026-05-02T18:35:18.005+0000] {dagbag.py:588} INFO - Filling up the DagBag from /workspaces/meu-primeiro-etl-airflow/dags/pipeline_etl_pratica.py
[2026-05-02T18:35:18.016+0000] {processor.py:925} INFO - DAG(s) 'pipeline_etl_pratica' retrieved from /workspaces/meu-primeiro-etl-airflow/dags/pipeline_etl_pratica.py
[2026-05-02T18:35:18.045+0000] {logging_mixin.py:190} INFO - [2026-05-02T18:35:18.044+0000] {dag.py:3239} INFO - Sync 1 DAGs
[2026-05-02T18:35:18.068+0000] {logging_mixin.py:190} INFO - [2026-05-02T18:35:18.067+0000] {dag.py:4180} INFO - Setting next_dagrun for pipeline_etl_pratica to 2026-05-02 00:00:00+00:00, run_after=2026-05-03 00:00:00+00:00
[2026-05-02T18:35:18.084+0000] {processor.py:208} INFO - Processing /workspaces/meu-primeiro-etl-airflow/dags/pipeline_etl_pratica.py took 0.088 seconds
[2026-05-02T18:36:11.571+0000] {processor.py:186} INFO - Started process (PID=111243) to work on /workspaces/meu-primeiro-etl-airflow/dags/pipeline_etl_pratica.py
[2026-05-02T18:36:11.572+0000] {processor.py:914} INFO - Processing file /workspaces/meu-primeiro-etl-airflow/dags/pipeline_etl_pratica.py for tasks to queue
[2026-05-02T18:36:11.573+0000] {logging_mixin.py:190} INFO - [2026-05-02T18:36:11.572+0000] {dagbag.py:588} INFO - Filling up the DagBag from /workspaces/meu-primeiro-etl-airflow/dags/pipeline_etl_pratica.py
[2026-05-02T18:36:11.582+0000] {processor.py:925} INFO - DAG(s) 'pipeline_etl_pratica' retrieved from /workspaces/meu-primeiro-etl-airflow/dags/pipeline_etl_pratica.py
[2026-05-02T18:36:11.596+0000] {logging_mixin.py:190} INFO - [2026-05-02T18:36:11.596+0000] {dag.py:3239} INFO - Sync 1 DAGs
[2026-05-02T18:36:11.635+0000] {logging_mixin.py:190} INFO - [2026-05-02T18:36:11.635+0000] {dag.py:4180} INFO - Setting next_dagrun for pipeline_etl_pratica to 2026-05-02 00:00:00+00:00, run_after=2026-05-03 00:00:00+00:00
[2026-05-02T18:36:11.654+0000] {processor.py:208} INFO - Processing /workspaces/meu-primeiro-etl-airflow/dags/pipeline_etl_pratica.py took 0.087 seconds
[2026-05-02T18:37:01.702+0000] {processor.py:186} INFO - Started process (PID=111728) to work on /workspaces/meu-primeiro-etl-airflow/dags/pipeline_etl_pratica.py
[2026-05-02T18:37:01.703+0000] {processor.py:914} INFO - Processing file /workspaces/meu-primeiro-etl-airflow/dags/pipeline_etl_pratica.py for tasks to queue
[2026-05-02T18:37:01.705+0000] {logging_mixin.py:190} INFO - [2026-05-02T18:37:01.704+0000] {dagbag.py:588} INFO - Filling up the DagBag from /workspaces/meu-primeiro-etl-airflow/dags/pipeline_etl_pratica.py
[2026-05-02T18:37:01.716+0000] {processor.py:925} INFO - DAG(s) 'pipeline_etl_pratica' retrieved from /workspaces/meu-primeiro-etl-airflow/dags/pipeline_etl_pratica.py
[2026-05-02T18:37:01.734+0000] {logging_mixin.py:190} INFO - [2026-05-02T18:37:01.734+0000] {dag.py:3239} INFO - Sync 1 DAGs
[2026-05-02T18:37:01.761+0000] {logging_mixin.py:190} INFO - [2026-05-02T18:37:01.761+0000] {dag.py:4180} INFO - Setting next_dagrun for pipeline_etl_pratica to 2026-05-02 00:00:00+00:00, run_after=2026-05-03 00:00:00+00:00
[2026-05-02T18:37:01.789+0000] {processor.py:208} INFO - Processing /workspaces/meu-primeiro-etl-airflow/dags/pipeline_etl_pratica.py took 0.094 seconds
