[2026-05-15T17:35:13.433+0000] {processor.py:186} INFO - Started process (PID=75682) to work on /usr/local/python/3.12.1/lib/python3.12/site-packages/airflow/example_dags/example_latest_only_with_trigger.py
[2026-05-15T17:35:13.434+0000] {processor.py:914} INFO - Processing file /usr/local/python/3.12.1/lib/python3.12/site-packages/airflow/example_dags/example_latest_only_with_trigger.py for tasks to queue
[2026-05-15T17:35:13.436+0000] {logging_mixin.py:190} INFO - [2026-05-15T17:35:13.436+0000] {dagbag.py:588} INFO - Filling up the DagBag from /usr/local/python/3.12.1/lib/python3.12/site-packages/airflow/example_dags/example_latest_only_with_trigger.py
[2026-05-15T17:35:13.444+0000] {processor.py:925} INFO - DAG(s) 'latest_only_with_trigger' retrieved from /usr/local/python/3.12.1/lib/python3.12/site-packages/airflow/example_dags/example_latest_only_with_trigger.py
[2026-05-15T17:35:13.459+0000] {logging_mixin.py:190} INFO - [2026-05-15T17:35:13.459+0000] {dag.py:3239} INFO - Sync 1 DAGs
[2026-05-15T17:35:13.478+0000] {logging_mixin.py:190} INFO - [2026-05-15T17:35:13.477+0000] {dag.py:4180} INFO - Setting next_dagrun for latest_only_with_trigger to 2026-05-15 12:00:00+00:00, run_after=2026-05-15 16:00:00+00:00
[2026-05-15T17:35:13.498+0000] {processor.py:208} INFO - Processing /usr/local/python/3.12.1/lib/python3.12/site-packages/airflow/example_dags/example_latest_only_with_trigger.py took 0.072 seconds
[2026-05-15T17:36:15.018+0000] {processor.py:186} INFO - Started process (PID=76300) to work on /usr/local/python/3.12.1/lib/python3.12/site-packages/airflow/example_dags/example_latest_only_with_trigger.py
[2026-05-15T17:36:15.019+0000] {processor.py:914} INFO - Processing file /usr/local/python/3.12.1/lib/python3.12/site-packages/airflow/example_dags/example_latest_only_with_trigger.py for tasks to queue
[2026-05-15T17:36:15.020+0000] {logging_mixin.py:190} INFO - [2026-05-15T17:36:15.020+0000] {dagbag.py:588} INFO - Filling up the DagBag from /usr/local/python/3.12.1/lib/python3.12/site-packages/airflow/example_dags/example_latest_only_with_trigger.py
[2026-05-15T17:36:15.026+0000] {processor.py:925} INFO - DAG(s) 'latest_only_with_trigger' retrieved from /usr/local/python/3.12.1/lib/python3.12/site-packages/airflow/example_dags/example_latest_only_with_trigger.py
[2026-05-15T17:36:15.039+0000] {logging_mixin.py:190} INFO - [2026-05-15T17:36:15.039+0000] {dag.py:3239} INFO - Sync 1 DAGs
[2026-05-15T17:36:15.054+0000] {logging_mixin.py:190} INFO - [2026-05-15T17:36:15.054+0000] {dag.py:4180} INFO - Setting next_dagrun for latest_only_with_trigger to 2026-05-15 12:00:00+00:00, run_after=2026-05-15 16:00:00+00:00
[2026-05-15T17:36:15.070+0000] {processor.py:208} INFO - Processing /usr/local/python/3.12.1/lib/python3.12/site-packages/airflow/example_dags/example_latest_only_with_trigger.py took 0.057 seconds
[2026-05-15T17:37:16.882+0000] {processor.py:186} INFO - Started process (PID=76939) to work on /usr/local/python/3.12.1/lib/python3.12/site-packages/airflow/example_dags/example_latest_only_with_trigger.py
[2026-05-15T17:37:16.883+0000] {processor.py:914} INFO - Processing file /usr/local/python/3.12.1/lib/python3.12/site-packages/airflow/example_dags/example_latest_only_with_trigger.py for tasks to queue
[2026-05-15T17:37:16.890+0000] {logging_mixin.py:190} INFO - [2026-05-15T17:37:16.889+0000] {dagbag.py:588} INFO - Filling up the DagBag from /usr/local/python/3.12.1/lib/python3.12/site-packages/airflow/example_dags/example_latest_only_with_trigger.py
[2026-05-15T17:37:16.902+0000] {processor.py:925} INFO - DAG(s) 'latest_only_with_trigger' retrieved from /usr/local/python/3.12.1/lib/python3.12/site-packages/airflow/example_dags/example_latest_only_with_trigger.py
[2026-05-15T17:37:16.920+0000] {logging_mixin.py:190} INFO - [2026-05-15T17:37:16.919+0000] {dag.py:3239} INFO - Sync 1 DAGs
[2026-05-15T17:37:16.936+0000] {logging_mixin.py:190} INFO - [2026-05-15T17:37:16.936+0000] {dag.py:4180} INFO - Setting next_dagrun for latest_only_with_trigger to 2026-05-15 12:00:00+00:00, run_after=2026-05-15 16:00:00+00:00
[2026-05-15T17:37:16.953+0000] {processor.py:208} INFO - Processing /usr/local/python/3.12.1/lib/python3.12/site-packages/airflow/example_dags/example_latest_only_with_trigger.py took 0.081 seconds
[2026-05-15T17:38:17.641+0000] {processor.py:186} INFO - Started process (PID=77535) to work on /usr/local/python/3.12.1/lib/python3.12/site-packages/airflow/example_dags/example_latest_only_with_trigger.py
[2026-05-15T17:38:17.648+0000] {processor.py:914} INFO - Processing file /usr/local/python/3.12.1/lib/python3.12/site-packages/airflow/example_dags/example_latest_only_with_trigger.py for tasks to queue
[2026-05-15T17:38:17.654+0000] {logging_mixin.py:190} INFO - [2026-05-15T17:38:17.654+0000] {dagbag.py:588} INFO - Filling up the DagBag from /usr/local/python/3.12.1/lib/python3.12/site-packages/airflow/example_dags/example_latest_only_with_trigger.py
[2026-05-15T17:38:17.667+0000] {processor.py:925} INFO - DAG(s) 'latest_only_with_trigger' retrieved from /usr/local/python/3.12.1/lib/python3.12/site-packages/airflow/example_dags/example_latest_only_with_trigger.py
[2026-05-15T17:38:17.685+0000] {logging_mixin.py:190} INFO - [2026-05-15T17:38:17.685+0000] {dag.py:3239} INFO - Sync 1 DAGs
[2026-05-15T17:38:17.702+0000] {logging_mixin.py:190} INFO - [2026-05-15T17:38:17.702+0000] {dag.py:4180} INFO - Setting next_dagrun for latest_only_with_trigger to 2026-05-15 12:00:00+00:00, run_after=2026-05-15 16:00:00+00:00
[2026-05-15T17:38:17.719+0000] {processor.py:208} INFO - Processing /usr/local/python/3.12.1/lib/python3.12/site-packages/airflow/example_dags/example_latest_only_with_trigger.py took 0.098 seconds
[2026-05-15T17:39:22.886+0000] {processor.py:186} INFO - Started process (PID=78361) to work on /usr/local/python/3.12.1/lib/python3.12/site-packages/airflow/example_dags/example_latest_only_with_trigger.py
[2026-05-15T17:39:22.886+0000] {processor.py:914} INFO - Processing file /usr/local/python/3.12.1/lib/python3.12/site-packages/airflow/example_dags/example_latest_only_with_trigger.py for tasks to queue
[2026-05-15T17:39:22.888+0000] {logging_mixin.py:190} INFO - [2026-05-15T17:39:22.888+0000] {dagbag.py:588} INFO - Filling up the DagBag from /usr/local/python/3.12.1/lib/python3.12/site-packages/airflow/example_dags/example_latest_only_with_trigger.py
[2026-05-15T17:39:22.895+0000] {processor.py:925} INFO - DAG(s) 'latest_only_with_trigger' retrieved from /usr/local/python/3.12.1/lib/python3.12/site-packages/airflow/example_dags/example_latest_only_with_trigger.py
[2026-05-15T17:39:22.909+0000] {logging_mixin.py:190} INFO - [2026-05-15T17:39:22.909+0000] {dag.py:3239} INFO - Sync 1 DAGs
[2026-05-15T17:39:22.925+0000] {logging_mixin.py:190} INFO - [2026-05-15T17:39:22.925+0000] {dag.py:4180} INFO - Setting next_dagrun for latest_only_with_trigger to 2026-05-15 12:00:00+00:00, run_after=2026-05-15 16:00:00+00:00
[2026-05-15T17:39:22.942+0000] {processor.py:208} INFO - Processing /usr/local/python/3.12.1/lib/python3.12/site-packages/airflow/example_dags/example_latest_only_with_trigger.py took 0.062 seconds
[2026-05-15T17:40:30.144+0000] {processor.py:186} INFO - Started process (PID=79070) to work on /usr/local/python/3.12.1/lib/python3.12/site-packages/airflow/example_dags/example_latest_only_with_trigger.py
[2026-05-15T17:40:30.144+0000] {processor.py:914} INFO - Processing file /usr/local/python/3.12.1/lib/python3.12/site-packages/airflow/example_dags/example_latest_only_with_trigger.py for tasks to queue
[2026-05-15T17:40:30.146+0000] {logging_mixin.py:190} INFO - [2026-05-15T17:40:30.146+0000] {dagbag.py:588} INFO - Filling up the DagBag from /usr/local/python/3.12.1/lib/python3.12/site-packages/airflow/example_dags/example_latest_only_with_trigger.py
[2026-05-15T17:40:30.152+0000] {processor.py:925} INFO - DAG(s) 'latest_only_with_trigger' retrieved from /usr/local/python/3.12.1/lib/python3.12/site-packages/airflow/example_dags/example_latest_only_with_trigger.py
[2026-05-15T17:40:30.165+0000] {logging_mixin.py:190} INFO - [2026-05-15T17:40:30.165+0000] {dag.py:3239} INFO - Sync 1 DAGs
[2026-05-15T17:40:30.184+0000] {logging_mixin.py:190} INFO - [2026-05-15T17:40:30.184+0000] {dag.py:4180} INFO - Setting next_dagrun for latest_only_with_trigger to 2026-05-15 12:00:00+00:00, run_after=2026-05-15 16:00:00+00:00
[2026-05-15T17:40:30.210+0000] {processor.py:208} INFO - Processing /usr/local/python/3.12.1/lib/python3.12/site-packages/airflow/example_dags/example_latest_only_with_trigger.py took 0.071 seconds
[2026-05-15T17:41:31.045+0000] {processor.py:186} INFO - Started process (PID=79699) to work on /usr/local/python/3.12.1/lib/python3.12/site-packages/airflow/example_dags/example_latest_only_with_trigger.py
[2026-05-15T17:41:31.046+0000] {processor.py:914} INFO - Processing file /usr/local/python/3.12.1/lib/python3.12/site-packages/airflow/example_dags/example_latest_only_with_trigger.py for tasks to queue
[2026-05-15T17:41:31.048+0000] {logging_mixin.py:190} INFO - [2026-05-15T17:41:31.048+0000] {dagbag.py:588} INFO - Filling up the DagBag from /usr/local/python/3.12.1/lib/python3.12/site-packages/airflow/example_dags/example_latest_only_with_trigger.py
[2026-05-15T17:41:31.057+0000] {processor.py:925} INFO - DAG(s) 'latest_only_with_trigger' retrieved from /usr/local/python/3.12.1/lib/python3.12/site-packages/airflow/example_dags/example_latest_only_with_trigger.py
[2026-05-15T17:41:31.078+0000] {logging_mixin.py:190} INFO - [2026-05-15T17:41:31.078+0000] {dag.py:3239} INFO - Sync 1 DAGs
[2026-05-15T17:41:31.101+0000] {logging_mixin.py:190} INFO - [2026-05-15T17:41:31.100+0000] {dag.py:4180} INFO - Setting next_dagrun for latest_only_with_trigger to 2026-05-15 12:00:00+00:00, run_after=2026-05-15 16:00:00+00:00
[2026-05-15T17:41:31.126+0000] {processor.py:208} INFO - Processing /usr/local/python/3.12.1/lib/python3.12/site-packages/airflow/example_dags/example_latest_only_with_trigger.py took 0.087 seconds
[2026-05-15T17:42:32.965+0000] {processor.py:186} INFO - Started process (PID=80319) to work on /usr/local/python/3.12.1/lib/python3.12/site-packages/airflow/example_dags/example_latest_only_with_trigger.py
[2026-05-15T17:42:32.969+0000] {processor.py:914} INFO - Processing file /usr/local/python/3.12.1/lib/python3.12/site-packages/airflow/example_dags/example_latest_only_with_trigger.py for tasks to queue
[2026-05-15T17:42:32.976+0000] {logging_mixin.py:190} INFO - [2026-05-15T17:42:32.974+0000] {dagbag.py:588} INFO - Filling up the DagBag from /usr/local/python/3.12.1/lib/python3.12/site-packages/airflow/example_dags/example_latest_only_with_trigger.py
[2026-05-15T17:42:33.011+0000] {processor.py:925} INFO - DAG(s) 'latest_only_with_trigger' retrieved from /usr/local/python/3.12.1/lib/python3.12/site-packages/airflow/example_dags/example_latest_only_with_trigger.py
[2026-05-15T17:42:33.068+0000] {logging_mixin.py:190} INFO - [2026-05-15T17:42:33.067+0000] {dag.py:3239} INFO - Sync 1 DAGs
[2026-05-15T17:42:33.183+0000] {logging_mixin.py:190} INFO - [2026-05-15T17:42:33.182+0000] {dag.py:4180} INFO - Setting next_dagrun for latest_only_with_trigger to 2026-05-15 12:00:00+00:00, run_after=2026-05-15 16:00:00+00:00
[2026-05-15T17:42:33.275+0000] {processor.py:208} INFO - Processing /usr/local/python/3.12.1/lib/python3.12/site-packages/airflow/example_dags/example_latest_only_with_trigger.py took 0.330 seconds
[2026-05-15T17:43:38.915+0000] {processor.py:186} INFO - Started process (PID=80987) to work on /usr/local/python/3.12.1/lib/python3.12/site-packages/airflow/example_dags/example_latest_only_with_trigger.py
[2026-05-15T17:43:38.916+0000] {processor.py:914} INFO - Processing file /usr/local/python/3.12.1/lib/python3.12/site-packages/airflow/example_dags/example_latest_only_with_trigger.py for tasks to queue
[2026-05-15T17:43:38.917+0000] {logging_mixin.py:190} INFO - [2026-05-15T17:43:38.917+0000] {dagbag.py:588} INFO - Filling up the DagBag from /usr/local/python/3.12.1/lib/python3.12/site-packages/airflow/example_dags/example_latest_only_with_trigger.py
[2026-05-15T17:43:38.923+0000] {processor.py:925} INFO - DAG(s) 'latest_only_with_trigger' retrieved from /usr/local/python/3.12.1/lib/python3.12/site-packages/airflow/example_dags/example_latest_only_with_trigger.py
[2026-05-15T17:43:38.936+0000] {logging_mixin.py:190} INFO - [2026-05-15T17:43:38.936+0000] {dag.py:3239} INFO - Sync 1 DAGs
[2026-05-15T17:43:38.953+0000] {logging_mixin.py:190} INFO - [2026-05-15T17:43:38.953+0000] {dag.py:4180} INFO - Setting next_dagrun for latest_only_with_trigger to 2026-05-15 12:00:00+00:00, run_after=2026-05-15 16:00:00+00:00
[2026-05-15T17:43:38.971+0000] {processor.py:208} INFO - Processing /usr/local/python/3.12.1/lib/python3.12/site-packages/airflow/example_dags/example_latest_only_with_trigger.py took 0.060 seconds
[2026-05-15T17:44:37.334+0000] {processor.py:186} INFO - Started process (PID=81655) to work on /usr/local/python/3.12.1/lib/python3.12/site-packages/airflow/example_dags/example_latest_only_with_trigger.py
[2026-05-15T17:44:37.335+0000] {processor.py:914} INFO - Processing file /usr/local/python/3.12.1/lib/python3.12/site-packages/airflow/example_dags/example_latest_only_with_trigger.py for tasks to queue
[2026-05-15T17:44:37.337+0000] {logging_mixin.py:190} INFO - [2026-05-15T17:44:37.337+0000] {dagbag.py:588} INFO - Filling up the DagBag from /usr/local/python/3.12.1/lib/python3.12/site-packages/airflow/example_dags/example_latest_only_with_trigger.py
[2026-05-15T17:44:37.343+0000] {processor.py:925} INFO - DAG(s) 'latest_only_with_trigger' retrieved from /usr/local/python/3.12.1/lib/python3.12/site-packages/airflow/example_dags/example_latest_only_with_trigger.py
[2026-05-15T17:44:37.359+0000] {logging_mixin.py:190} INFO - [2026-05-15T17:44:37.359+0000] {dag.py:3239} INFO - Sync 1 DAGs
[2026-05-15T17:44:37.376+0000] {logging_mixin.py:190} INFO - [2026-05-15T17:44:37.375+0000] {dag.py:4180} INFO - Setting next_dagrun for latest_only_with_trigger to 2026-05-15 12:00:00+00:00, run_after=2026-05-15 16:00:00+00:00
[2026-05-15T17:44:37.394+0000] {processor.py:208} INFO - Processing /usr/local/python/3.12.1/lib/python3.12/site-packages/airflow/example_dags/example_latest_only_with_trigger.py took 0.066 seconds
[2026-05-15T17:45:48.943+0000] {processor.py:186} INFO - Started process (PID=82490) to work on /usr/local/python/3.12.1/lib/python3.12/site-packages/airflow/example_dags/example_latest_only_with_trigger.py
[2026-05-15T17:45:48.944+0000] {processor.py:914} INFO - Processing file /usr/local/python/3.12.1/lib/python3.12/site-packages/airflow/example_dags/example_latest_only_with_trigger.py for tasks to queue
[2026-05-15T17:45:48.946+0000] {logging_mixin.py:190} INFO - [2026-05-15T17:45:48.945+0000] {dagbag.py:588} INFO - Filling up the DagBag from /usr/local/python/3.12.1/lib/python3.12/site-packages/airflow/example_dags/example_latest_only_with_trigger.py
[2026-05-15T17:45:48.955+0000] {processor.py:925} INFO - DAG(s) 'latest_only_with_trigger' retrieved from /usr/local/python/3.12.1/lib/python3.12/site-packages/airflow/example_dags/example_latest_only_with_trigger.py
[2026-05-15T17:45:48.974+0000] {logging_mixin.py:190} INFO - [2026-05-15T17:45:48.974+0000] {dag.py:3239} INFO - Sync 1 DAGs
[2026-05-15T17:45:48.997+0000] {logging_mixin.py:190} INFO - [2026-05-15T17:45:48.997+0000] {dag.py:4180} INFO - Setting next_dagrun for latest_only_with_trigger to 2026-05-15 12:00:00+00:00, run_after=2026-05-15 16:00:00+00:00
[2026-05-15T17:45:49.028+0000] {processor.py:208} INFO - Processing /usr/local/python/3.12.1/lib/python3.12/site-packages/airflow/example_dags/example_latest_only_with_trigger.py took 0.091 seconds
[2026-05-15T17:46:48.585+0000] {processor.py:186} INFO - Started process (PID=83089) to work on /usr/local/python/3.12.1/lib/python3.12/site-packages/airflow/example_dags/example_latest_only_with_trigger.py
[2026-05-15T17:46:48.587+0000] {processor.py:914} INFO - Processing file /usr/local/python/3.12.1/lib/python3.12/site-packages/airflow/example_dags/example_latest_only_with_trigger.py for tasks to queue
[2026-05-15T17:46:48.590+0000] {logging_mixin.py:190} INFO - [2026-05-15T17:46:48.589+0000] {dagbag.py:588} INFO - Filling up the DagBag from /usr/local/python/3.12.1/lib/python3.12/site-packages/airflow/example_dags/example_latest_only_with_trigger.py
[2026-05-15T17:46:48.598+0000] {processor.py:925} INFO - DAG(s) 'latest_only_with_trigger' retrieved from /usr/local/python/3.12.1/lib/python3.12/site-packages/airflow/example_dags/example_latest_only_with_trigger.py
[2026-05-15T17:46:48.610+0000] {logging_mixin.py:190} INFO - [2026-05-15T17:46:48.610+0000] {dag.py:3239} INFO - Sync 1 DAGs
[2026-05-15T17:46:48.626+0000] {logging_mixin.py:190} INFO - [2026-05-15T17:46:48.625+0000] {dag.py:4180} INFO - Setting next_dagrun for latest_only_with_trigger to 2026-05-15 12:00:00+00:00, run_after=2026-05-15 16:00:00+00:00
[2026-05-15T17:46:48.663+0000] {processor.py:208} INFO - Processing /usr/local/python/3.12.1/lib/python3.12/site-packages/airflow/example_dags/example_latest_only_with_trigger.py took 0.084 seconds
[2026-05-15T17:47:51.861+0000] {processor.py:186} INFO - Started process (PID=83745) to work on /usr/local/python/3.12.1/lib/python3.12/site-packages/airflow/example_dags/example_latest_only_with_trigger.py
[2026-05-15T17:47:51.862+0000] {processor.py:914} INFO - Processing file /usr/local/python/3.12.1/lib/python3.12/site-packages/airflow/example_dags/example_latest_only_with_trigger.py for tasks to queue
[2026-05-15T17:47:51.863+0000] {logging_mixin.py:190} INFO - [2026-05-15T17:47:51.863+0000] {dagbag.py:588} INFO - Filling up the DagBag from /usr/local/python/3.12.1/lib/python3.12/site-packages/airflow/example_dags/example_latest_only_with_trigger.py
[2026-05-15T17:47:51.869+0000] {processor.py:925} INFO - DAG(s) 'latest_only_with_trigger' retrieved from /usr/local/python/3.12.1/lib/python3.12/site-packages/airflow/example_dags/example_latest_only_with_trigger.py
[2026-05-15T17:47:51.886+0000] {logging_mixin.py:190} INFO - [2026-05-15T17:47:51.886+0000] {dag.py:3239} INFO - Sync 1 DAGs
[2026-05-15T17:47:51.904+0000] {logging_mixin.py:190} INFO - [2026-05-15T17:47:51.904+0000] {dag.py:4180} INFO - Setting next_dagrun for latest_only_with_trigger to 2026-05-15 12:00:00+00:00, run_after=2026-05-15 16:00:00+00:00
[2026-05-15T17:47:51.920+0000] {processor.py:208} INFO - Processing /usr/local/python/3.12.1/lib/python3.12/site-packages/airflow/example_dags/example_latest_only_with_trigger.py took 0.064 seconds
[2026-05-15T17:48:51.709+0000] {processor.py:186} INFO - Started process (PID=84400) to work on /usr/local/python/3.12.1/lib/python3.12/site-packages/airflow/example_dags/example_latest_only_with_trigger.py
[2026-05-15T17:48:51.710+0000] {processor.py:914} INFO - Processing file /usr/local/python/3.12.1/lib/python3.12/site-packages/airflow/example_dags/example_latest_only_with_trigger.py for tasks to queue
[2026-05-15T17:48:51.711+0000] {logging_mixin.py:190} INFO - [2026-05-15T17:48:51.711+0000] {dagbag.py:588} INFO - Filling up the DagBag from /usr/local/python/3.12.1/lib/python3.12/site-packages/airflow/example_dags/example_latest_only_with_trigger.py
[2026-05-15T17:48:51.718+0000] {processor.py:925} INFO - DAG(s) 'latest_only_with_trigger' retrieved from /usr/local/python/3.12.1/lib/python3.12/site-packages/airflow/example_dags/example_latest_only_with_trigger.py
[2026-05-15T17:48:51.730+0000] {logging_mixin.py:190} INFO - [2026-05-15T17:48:51.730+0000] {dag.py:3239} INFO - Sync 1 DAGs
[2026-05-15T17:48:51.746+0000] {logging_mixin.py:190} INFO - [2026-05-15T17:48:51.745+0000] {dag.py:4180} INFO - Setting next_dagrun for latest_only_with_trigger to 2026-05-15 12:00:00+00:00, run_after=2026-05-15 16:00:00+00:00
[2026-05-15T17:48:51.764+0000] {processor.py:208} INFO - Processing /usr/local/python/3.12.1/lib/python3.12/site-packages/airflow/example_dags/example_latest_only_with_trigger.py took 0.059 seconds
[2026-05-15T17:49:52.424+0000] {processor.py:186} INFO - Started process (PID=85040) to work on /usr/local/python/3.12.1/lib/python3.12/site-packages/airflow/example_dags/example_latest_only_with_trigger.py
[2026-05-15T17:49:52.425+0000] {processor.py:914} INFO - Processing file /usr/local/python/3.12.1/lib/python3.12/site-packages/airflow/example_dags/example_latest_only_with_trigger.py for tasks to queue
[2026-05-15T17:49:52.426+0000] {logging_mixin.py:190} INFO - [2026-05-15T17:49:52.426+0000] {dagbag.py:588} INFO - Filling up the DagBag from /usr/local/python/3.12.1/lib/python3.12/site-packages/airflow/example_dags/example_latest_only_with_trigger.py
[2026-05-15T17:49:52.432+0000] {processor.py:925} INFO - DAG(s) 'latest_only_with_trigger' retrieved from /usr/local/python/3.12.1/lib/python3.12/site-packages/airflow/example_dags/example_latest_only_with_trigger.py
[2026-05-15T17:49:52.444+0000] {logging_mixin.py:190} INFO - [2026-05-15T17:49:52.444+0000] {dag.py:3239} INFO - Sync 1 DAGs
[2026-05-15T17:49:52.460+0000] {logging_mixin.py:190} INFO - [2026-05-15T17:49:52.460+0000] {dag.py:4180} INFO - Setting next_dagrun for latest_only_with_trigger to 2026-05-15 12:00:00+00:00, run_after=2026-05-15 16:00:00+00:00
[2026-05-15T17:49:52.481+0000] {processor.py:208} INFO - Processing /usr/local/python/3.12.1/lib/python3.12/site-packages/airflow/example_dags/example_latest_only_with_trigger.py took 0.061 seconds
[2026-05-15T17:50:57.837+0000] {processor.py:186} INFO - Started process (PID=85717) to work on /usr/local/python/3.12.1/lib/python3.12/site-packages/airflow/example_dags/example_latest_only_with_trigger.py
[2026-05-15T17:50:57.838+0000] {processor.py:914} INFO - Processing file /usr/local/python/3.12.1/lib/python3.12/site-packages/airflow/example_dags/example_latest_only_with_trigger.py for tasks to queue
[2026-05-15T17:50:57.840+0000] {logging_mixin.py:190} INFO - [2026-05-15T17:50:57.839+0000] {dagbag.py:588} INFO - Filling up the DagBag from /usr/local/python/3.12.1/lib/python3.12/site-packages/airflow/example_dags/example_latest_only_with_trigger.py
[2026-05-15T17:50:57.846+0000] {processor.py:925} INFO - DAG(s) 'latest_only_with_trigger' retrieved from /usr/local/python/3.12.1/lib/python3.12/site-packages/airflow/example_dags/example_latest_only_with_trigger.py
[2026-05-15T17:50:57.858+0000] {logging_mixin.py:190} INFO - [2026-05-15T17:50:57.858+0000] {dag.py:3239} INFO - Sync 1 DAGs
[2026-05-15T17:50:57.908+0000] {logging_mixin.py:190} INFO - [2026-05-15T17:50:57.908+0000] {dag.py:4180} INFO - Setting next_dagrun for latest_only_with_trigger to 2026-05-15 12:00:00+00:00, run_after=2026-05-15 16:00:00+00:00
[2026-05-15T17:50:57.975+0000] {processor.py:208} INFO - Processing /usr/local/python/3.12.1/lib/python3.12/site-packages/airflow/example_dags/example_latest_only_with_trigger.py took 0.142 seconds
[2026-05-15T17:51:57.709+0000] {processor.py:186} INFO - Started process (PID=86325) to work on /usr/local/python/3.12.1/lib/python3.12/site-packages/airflow/example_dags/example_latest_only_with_trigger.py
[2026-05-15T17:51:57.710+0000] {processor.py:914} INFO - Processing file /usr/local/python/3.12.1/lib/python3.12/site-packages/airflow/example_dags/example_latest_only_with_trigger.py for tasks to queue
[2026-05-15T17:51:57.711+0000] {logging_mixin.py:190} INFO - [2026-05-15T17:51:57.711+0000] {dagbag.py:588} INFO - Filling up the DagBag from /usr/local/python/3.12.1/lib/python3.12/site-packages/airflow/example_dags/example_latest_only_with_trigger.py
[2026-05-15T17:51:57.717+0000] {processor.py:925} INFO - DAG(s) 'latest_only_with_trigger' retrieved from /usr/local/python/3.12.1/lib/python3.12/site-packages/airflow/example_dags/example_latest_only_with_trigger.py
[2026-05-15T17:51:57.731+0000] {logging_mixin.py:190} INFO - [2026-05-15T17:51:57.731+0000] {dag.py:3239} INFO - Sync 1 DAGs
[2026-05-15T17:51:57.748+0000] {logging_mixin.py:190} INFO - [2026-05-15T17:51:57.748+0000] {dag.py:4180} INFO - Setting next_dagrun for latest_only_with_trigger to 2026-05-15 12:00:00+00:00, run_after=2026-05-15 16:00:00+00:00
[2026-05-15T17:51:57.766+0000] {processor.py:208} INFO - Processing /usr/local/python/3.12.1/lib/python3.12/site-packages/airflow/example_dags/example_latest_only_with_trigger.py took 0.061 seconds
[2026-05-15T17:52:55.556+0000] {processor.py:186} INFO - Started process (PID=86875) to work on /usr/local/python/3.12.1/lib/python3.12/site-packages/airflow/example_dags/example_latest_only_with_trigger.py
[2026-05-15T17:52:55.557+0000] {processor.py:914} INFO - Processing file /usr/local/python/3.12.1/lib/python3.12/site-packages/airflow/example_dags/example_latest_only_with_trigger.py for tasks to queue
[2026-05-15T17:52:55.559+0000] {logging_mixin.py:190} INFO - [2026-05-15T17:52:55.559+0000] {dagbag.py:588} INFO - Filling up the DagBag from /usr/local/python/3.12.1/lib/python3.12/site-packages/airflow/example_dags/example_latest_only_with_trigger.py
[2026-05-15T17:52:55.566+0000] {processor.py:925} INFO - DAG(s) 'latest_only_with_trigger' retrieved from /usr/local/python/3.12.1/lib/python3.12/site-packages/airflow/example_dags/example_latest_only_with_trigger.py
[2026-05-15T17:52:55.582+0000] {logging_mixin.py:190} INFO - [2026-05-15T17:52:55.581+0000] {dag.py:3239} INFO - Sync 1 DAGs
[2026-05-15T17:52:55.600+0000] {logging_mixin.py:190} INFO - [2026-05-15T17:52:55.600+0000] {dag.py:4180} INFO - Setting next_dagrun for latest_only_with_trigger to 2026-05-15 12:00:00+00:00, run_after=2026-05-15 16:00:00+00:00
[2026-05-15T17:52:55.617+0000] {processor.py:208} INFO - Processing /usr/local/python/3.12.1/lib/python3.12/site-packages/airflow/example_dags/example_latest_only_with_trigger.py took 0.067 seconds
[2026-05-15T17:53:55.953+0000] {processor.py:186} INFO - Started process (PID=87511) to work on /usr/local/python/3.12.1/lib/python3.12/site-packages/airflow/example_dags/example_latest_only_with_trigger.py
[2026-05-15T17:53:55.953+0000] {processor.py:914} INFO - Processing file /usr/local/python/3.12.1/lib/python3.12/site-packages/airflow/example_dags/example_latest_only_with_trigger.py for tasks to queue
[2026-05-15T17:53:55.955+0000] {logging_mixin.py:190} INFO - [2026-05-15T17:53:55.955+0000] {dagbag.py:588} INFO - Filling up the DagBag from /usr/local/python/3.12.1/lib/python3.12/site-packages/airflow/example_dags/example_latest_only_with_trigger.py
[2026-05-15T17:53:55.961+0000] {processor.py:925} INFO - DAG(s) 'latest_only_with_trigger' retrieved from /usr/local/python/3.12.1/lib/python3.12/site-packages/airflow/example_dags/example_latest_only_with_trigger.py
[2026-05-15T17:53:55.977+0000] {logging_mixin.py:190} INFO - [2026-05-15T17:53:55.976+0000] {dag.py:3239} INFO - Sync 1 DAGs
[2026-05-15T17:53:55.999+0000] {logging_mixin.py:190} INFO - [2026-05-15T17:53:55.999+0000] {dag.py:4180} INFO - Setting next_dagrun for latest_only_with_trigger to 2026-05-15 12:00:00+00:00, run_after=2026-05-15 16:00:00+00:00
[2026-05-15T17:53:56.033+0000] {processor.py:208} INFO - Processing /usr/local/python/3.12.1/lib/python3.12/site-packages/airflow/example_dags/example_latest_only_with_trigger.py took 0.085 seconds
[2026-05-15T17:54:55.336+0000] {processor.py:186} INFO - Started process (PID=88114) to work on /usr/local/python/3.12.1/lib/python3.12/site-packages/airflow/example_dags/example_latest_only_with_trigger.py
[2026-05-15T17:54:55.337+0000] {processor.py:914} INFO - Processing file /usr/local/python/3.12.1/lib/python3.12/site-packages/airflow/example_dags/example_latest_only_with_trigger.py for tasks to queue
[2026-05-15T17:54:55.339+0000] {logging_mixin.py:190} INFO - [2026-05-15T17:54:55.338+0000] {dagbag.py:588} INFO - Filling up the DagBag from /usr/local/python/3.12.1/lib/python3.12/site-packages/airflow/example_dags/example_latest_only_with_trigger.py
[2026-05-15T17:54:55.345+0000] {processor.py:925} INFO - DAG(s) 'latest_only_with_trigger' retrieved from /usr/local/python/3.12.1/lib/python3.12/site-packages/airflow/example_dags/example_latest_only_with_trigger.py
[2026-05-15T17:54:55.358+0000] {logging_mixin.py:190} INFO - [2026-05-15T17:54:55.358+0000] {dag.py:3239} INFO - Sync 1 DAGs
[2026-05-15T17:54:55.376+0000] {logging_mixin.py:190} INFO - [2026-05-15T17:54:55.375+0000] {dag.py:4180} INFO - Setting next_dagrun for latest_only_with_trigger to 2026-05-15 12:00:00+00:00, run_after=2026-05-15 16:00:00+00:00
[2026-05-15T17:54:55.403+0000] {processor.py:208} INFO - Processing /usr/local/python/3.12.1/lib/python3.12/site-packages/airflow/example_dags/example_latest_only_with_trigger.py took 0.071 seconds
[2026-05-15T17:55:56.313+0000] {processor.py:186} INFO - Started process (PID=88816) to work on /usr/local/python/3.12.1/lib/python3.12/site-packages/airflow/example_dags/example_latest_only_with_trigger.py
[2026-05-15T17:55:56.313+0000] {processor.py:914} INFO - Processing file /usr/local/python/3.12.1/lib/python3.12/site-packages/airflow/example_dags/example_latest_only_with_trigger.py for tasks to queue
[2026-05-15T17:55:56.315+0000] {logging_mixin.py:190} INFO - [2026-05-15T17:55:56.315+0000] {dagbag.py:588} INFO - Filling up the DagBag from /usr/local/python/3.12.1/lib/python3.12/site-packages/airflow/example_dags/example_latest_only_with_trigger.py
[2026-05-15T17:55:56.321+0000] {processor.py:925} INFO - DAG(s) 'latest_only_with_trigger' retrieved from /usr/local/python/3.12.1/lib/python3.12/site-packages/airflow/example_dags/example_latest_only_with_trigger.py
[2026-05-15T17:55:56.333+0000] {logging_mixin.py:190} INFO - [2026-05-15T17:55:56.333+0000] {dag.py:3239} INFO - Sync 1 DAGs
[2026-05-15T17:55:56.349+0000] {logging_mixin.py:190} INFO - [2026-05-15T17:55:56.349+0000] {dag.py:4180} INFO - Setting next_dagrun for latest_only_with_trigger to 2026-05-15 12:00:00+00:00, run_after=2026-05-15 16:00:00+00:00
[2026-05-15T17:55:56.365+0000] {processor.py:208} INFO - Processing /usr/local/python/3.12.1/lib/python3.12/site-packages/airflow/example_dags/example_latest_only_with_trigger.py took 0.057 seconds
[2026-05-15T17:57:02.776+0000] {processor.py:186} INFO - Started process (PID=89570) to work on /usr/local/python/3.12.1/lib/python3.12/site-packages/airflow/example_dags/example_latest_only_with_trigger.py
[2026-05-15T17:57:02.777+0000] {processor.py:914} INFO - Processing file /usr/local/python/3.12.1/lib/python3.12/site-packages/airflow/example_dags/example_latest_only_with_trigger.py for tasks to queue
[2026-05-15T17:57:02.779+0000] {logging_mixin.py:190} INFO - [2026-05-15T17:57:02.778+0000] {dagbag.py:588} INFO - Filling up the DagBag from /usr/local/python/3.12.1/lib/python3.12/site-packages/airflow/example_dags/example_latest_only_with_trigger.py
[2026-05-15T17:57:02.787+0000] {processor.py:925} INFO - DAG(s) 'latest_only_with_trigger' retrieved from /usr/local/python/3.12.1/lib/python3.12/site-packages/airflow/example_dags/example_latest_only_with_trigger.py
[2026-05-15T17:57:02.801+0000] {logging_mixin.py:190} INFO - [2026-05-15T17:57:02.801+0000] {dag.py:3239} INFO - Sync 1 DAGs
[2026-05-15T17:57:02.817+0000] {logging_mixin.py:190} INFO - [2026-05-15T17:57:02.817+0000] {dag.py:4180} INFO - Setting next_dagrun for latest_only_with_trigger to 2026-05-15 12:00:00+00:00, run_after=2026-05-15 16:00:00+00:00
[2026-05-15T17:57:02.834+0000] {processor.py:208} INFO - Processing /usr/local/python/3.12.1/lib/python3.12/site-packages/airflow/example_dags/example_latest_only_with_trigger.py took 0.064 seconds
[2026-05-15T17:58:07.305+0000] {processor.py:186} INFO - Started process (PID=90462) to work on /usr/local/python/3.12.1/lib/python3.12/site-packages/airflow/example_dags/example_latest_only_with_trigger.py
[2026-05-15T17:58:07.306+0000] {processor.py:914} INFO - Processing file /usr/local/python/3.12.1/lib/python3.12/site-packages/airflow/example_dags/example_latest_only_with_trigger.py for tasks to queue
[2026-05-15T17:58:07.307+0000] {logging_mixin.py:190} INFO - [2026-05-15T17:58:07.307+0000] {dagbag.py:588} INFO - Filling up the DagBag from /usr/local/python/3.12.1/lib/python3.12/site-packages/airflow/example_dags/example_latest_only_with_trigger.py
[2026-05-15T17:58:07.313+0000] {processor.py:925} INFO - DAG(s) 'latest_only_with_trigger' retrieved from /usr/local/python/3.12.1/lib/python3.12/site-packages/airflow/example_dags/example_latest_only_with_trigger.py
[2026-05-15T17:58:07.327+0000] {logging_mixin.py:190} INFO - [2026-05-15T17:58:07.327+0000] {dag.py:3239} INFO - Sync 1 DAGs
[2026-05-15T17:58:07.344+0000] {logging_mixin.py:190} INFO - [2026-05-15T17:58:07.344+0000] {dag.py:4180} INFO - Setting next_dagrun for latest_only_with_trigger to 2026-05-15 12:00:00+00:00, run_after=2026-05-15 16:00:00+00:00
[2026-05-15T17:58:07.361+0000] {processor.py:208} INFO - Processing /usr/local/python/3.12.1/lib/python3.12/site-packages/airflow/example_dags/example_latest_only_with_trigger.py took 0.061 seconds
[2026-05-15T17:59:08.181+0000] {processor.py:186} INFO - Started process (PID=91058) to work on /usr/local/python/3.12.1/lib/python3.12/site-packages/airflow/example_dags/example_latest_only_with_trigger.py
[2026-05-15T17:59:08.181+0000] {processor.py:914} INFO - Processing file /usr/local/python/3.12.1/lib/python3.12/site-packages/airflow/example_dags/example_latest_only_with_trigger.py for tasks to queue
[2026-05-15T17:59:08.183+0000] {logging_mixin.py:190} INFO - [2026-05-15T17:59:08.183+0000] {dagbag.py:588} INFO - Filling up the DagBag from /usr/local/python/3.12.1/lib/python3.12/site-packages/airflow/example_dags/example_latest_only_with_trigger.py
[2026-05-15T17:59:08.192+0000] {processor.py:925} INFO - DAG(s) 'latest_only_with_trigger' retrieved from /usr/local/python/3.12.1/lib/python3.12/site-packages/airflow/example_dags/example_latest_only_with_trigger.py
[2026-05-15T17:59:08.207+0000] {logging_mixin.py:190} INFO - [2026-05-15T17:59:08.207+0000] {dag.py:3239} INFO - Sync 1 DAGs
[2026-05-15T17:59:08.230+0000] {logging_mixin.py:190} INFO - [2026-05-15T17:59:08.230+0000] {dag.py:4180} INFO - Setting next_dagrun for latest_only_with_trigger to 2026-05-15 12:00:00+00:00, run_after=2026-05-15 16:00:00+00:00
[2026-05-15T17:59:08.253+0000] {processor.py:208} INFO - Processing /usr/local/python/3.12.1/lib/python3.12/site-packages/airflow/example_dags/example_latest_only_with_trigger.py took 0.078 seconds
[2026-05-15T18:00:08.450+0000] {processor.py:186} INFO - Started process (PID=91784) to work on /usr/local/python/3.12.1/lib/python3.12/site-packages/airflow/example_dags/example_latest_only_with_trigger.py
[2026-05-15T18:00:08.450+0000] {processor.py:914} INFO - Processing file /usr/local/python/3.12.1/lib/python3.12/site-packages/airflow/example_dags/example_latest_only_with_trigger.py for tasks to queue
[2026-05-15T18:00:08.452+0000] {logging_mixin.py:190} INFO - [2026-05-15T18:00:08.452+0000] {dagbag.py:588} INFO - Filling up the DagBag from /usr/local/python/3.12.1/lib/python3.12/site-packages/airflow/example_dags/example_latest_only_with_trigger.py
[2026-05-15T18:00:08.458+0000] {processor.py:925} INFO - DAG(s) 'latest_only_with_trigger' retrieved from /usr/local/python/3.12.1/lib/python3.12/site-packages/airflow/example_dags/example_latest_only_with_trigger.py
[2026-05-15T18:00:08.471+0000] {logging_mixin.py:190} INFO - [2026-05-15T18:00:08.470+0000] {dag.py:3239} INFO - Sync 1 DAGs
[2026-05-15T18:00:08.494+0000] {logging_mixin.py:190} INFO - [2026-05-15T18:00:08.494+0000] {dag.py:4180} INFO - Setting next_dagrun for latest_only_with_trigger to 2026-05-15 12:00:00+00:00, run_after=2026-05-15 16:00:00+00:00
[2026-05-15T18:00:08.510+0000] {processor.py:208} INFO - Processing /usr/local/python/3.12.1/lib/python3.12/site-packages/airflow/example_dags/example_latest_only_with_trigger.py took 0.064 seconds
[2026-05-15T18:01:08.379+0000] {processor.py:186} INFO - Started process (PID=92354) to work on /usr/local/python/3.12.1/lib/python3.12/site-packages/airflow/example_dags/example_latest_only_with_trigger.py
[2026-05-15T18:01:08.380+0000] {processor.py:914} INFO - Processing file /usr/local/python/3.12.1/lib/python3.12/site-packages/airflow/example_dags/example_latest_only_with_trigger.py for tasks to queue
[2026-05-15T18:01:08.382+0000] {logging_mixin.py:190} INFO - [2026-05-15T18:01:08.381+0000] {dagbag.py:588} INFO - Filling up the DagBag from /usr/local/python/3.12.1/lib/python3.12/site-packages/airflow/example_dags/example_latest_only_with_trigger.py
[2026-05-15T18:01:08.389+0000] {processor.py:925} INFO - DAG(s) 'latest_only_with_trigger' retrieved from /usr/local/python/3.12.1/lib/python3.12/site-packages/airflow/example_dags/example_latest_only_with_trigger.py
[2026-05-15T18:01:08.403+0000] {logging_mixin.py:190} INFO - [2026-05-15T18:01:08.402+0000] {dag.py:3239} INFO - Sync 1 DAGs
[2026-05-15T18:01:08.418+0000] {logging_mixin.py:190} INFO - [2026-05-15T18:01:08.418+0000] {dag.py:4180} INFO - Setting next_dagrun for latest_only_with_trigger to 2026-05-15 12:00:00+00:00, run_after=2026-05-15 16:00:00+00:00
[2026-05-15T18:01:08.435+0000] {processor.py:208} INFO - Processing /usr/local/python/3.12.1/lib/python3.12/site-packages/airflow/example_dags/example_latest_only_with_trigger.py took 0.062 seconds
[2026-05-15T18:02:15.286+0000] {processor.py:186} INFO - Started process (PID=93183) to work on /usr/local/python/3.12.1/lib/python3.12/site-packages/airflow/example_dags/example_latest_only_with_trigger.py
[2026-05-15T18:02:15.287+0000] {processor.py:914} INFO - Processing file /usr/local/python/3.12.1/lib/python3.12/site-packages/airflow/example_dags/example_latest_only_with_trigger.py for tasks to queue
[2026-05-15T18:02:15.290+0000] {logging_mixin.py:190} INFO - [2026-05-15T18:02:15.289+0000] {dagbag.py:588} INFO - Filling up the DagBag from /usr/local/python/3.12.1/lib/python3.12/site-packages/airflow/example_dags/example_latest_only_with_trigger.py
[2026-05-15T18:02:15.307+0000] {processor.py:925} INFO - DAG(s) 'latest_only_with_trigger' retrieved from /usr/local/python/3.12.1/lib/python3.12/site-packages/airflow/example_dags/example_latest_only_with_trigger.py
[2026-05-15T18:02:15.333+0000] {logging_mixin.py:190} INFO - [2026-05-15T18:02:15.332+0000] {dag.py:3239} INFO - Sync 1 DAGs
[2026-05-15T18:02:15.361+0000] {logging_mixin.py:190} INFO - [2026-05-15T18:02:15.361+0000] {dag.py:4180} INFO - Setting next_dagrun for latest_only_with_trigger to 2026-05-15 12:00:00+00:00, run_after=2026-05-15 16:00:00+00:00
[2026-05-15T18:02:15.394+0000] {processor.py:208} INFO - Processing /usr/local/python/3.12.1/lib/python3.12/site-packages/airflow/example_dags/example_latest_only_with_trigger.py took 0.124 seconds
[2026-05-15T18:03:14.237+0000] {processor.py:186} INFO - Started process (PID=93707) to work on /usr/local/python/3.12.1/lib/python3.12/site-packages/airflow/example_dags/example_latest_only_with_trigger.py
[2026-05-15T18:03:14.238+0000] {processor.py:914} INFO - Processing file /usr/local/python/3.12.1/lib/python3.12/site-packages/airflow/example_dags/example_latest_only_with_trigger.py for tasks to queue
[2026-05-15T18:03:14.239+0000] {logging_mixin.py:190} INFO - [2026-05-15T18:03:14.239+0000] {dagbag.py:588} INFO - Filling up the DagBag from /usr/local/python/3.12.1/lib/python3.12/site-packages/airflow/example_dags/example_latest_only_with_trigger.py
[2026-05-15T18:03:14.245+0000] {processor.py:925} INFO - DAG(s) 'latest_only_with_trigger' retrieved from /usr/local/python/3.12.1/lib/python3.12/site-packages/airflow/example_dags/example_latest_only_with_trigger.py
[2026-05-15T18:03:14.259+0000] {logging_mixin.py:190} INFO - [2026-05-15T18:03:14.259+0000] {dag.py:3239} INFO - Sync 1 DAGs
[2026-05-15T18:03:14.278+0000] {logging_mixin.py:190} INFO - [2026-05-15T18:03:14.278+0000] {dag.py:4180} INFO - Setting next_dagrun for latest_only_with_trigger to 2026-05-15 12:00:00+00:00, run_after=2026-05-15 16:00:00+00:00
[2026-05-15T18:03:14.298+0000] {processor.py:208} INFO - Processing /usr/local/python/3.12.1/lib/python3.12/site-packages/airflow/example_dags/example_latest_only_with_trigger.py took 0.066 seconds
[2026-05-15T18:04:14.377+0000] {processor.py:186} INFO - Started process (PID=94195) to work on /usr/local/python/3.12.1/lib/python3.12/site-packages/airflow/example_dags/example_latest_only_with_trigger.py
[2026-05-15T18:04:14.378+0000] {processor.py:914} INFO - Processing file /usr/local/python/3.12.1/lib/python3.12/site-packages/airflow/example_dags/example_latest_only_with_trigger.py for tasks to queue
[2026-05-15T18:04:14.381+0000] {logging_mixin.py:190} INFO - [2026-05-15T18:04:14.380+0000] {dagbag.py:588} INFO - Filling up the DagBag from /usr/local/python/3.12.1/lib/python3.12/site-packages/airflow/example_dags/example_latest_only_with_trigger.py
[2026-05-15T18:04:14.391+0000] {processor.py:925} INFO - DAG(s) 'latest_only_with_trigger' retrieved from /usr/local/python/3.12.1/lib/python3.12/site-packages/airflow/example_dags/example_latest_only_with_trigger.py
[2026-05-15T18:04:14.407+0000] {logging_mixin.py:190} INFO - [2026-05-15T18:04:14.406+0000] {dag.py:3239} INFO - Sync 1 DAGs
[2026-05-15T18:04:14.425+0000] {logging_mixin.py:190} INFO - [2026-05-15T18:04:14.424+0000] {dag.py:4180} INFO - Setting next_dagrun for latest_only_with_trigger to 2026-05-15 12:00:00+00:00, run_after=2026-05-15 16:00:00+00:00
[2026-05-15T18:04:14.444+0000] {processor.py:208} INFO - Processing /usr/local/python/3.12.1/lib/python3.12/site-packages/airflow/example_dags/example_latest_only_with_trigger.py took 0.074 seconds
[2026-05-15T18:05:17.968+0000] {processor.py:186} INFO - Started process (PID=94684) to work on /usr/local/python/3.12.1/lib/python3.12/site-packages/airflow/example_dags/example_latest_only_with_trigger.py
[2026-05-15T18:05:17.969+0000] {processor.py:914} INFO - Processing file /usr/local/python/3.12.1/lib/python3.12/site-packages/airflow/example_dags/example_latest_only_with_trigger.py for tasks to queue
[2026-05-15T18:05:17.971+0000] {logging_mixin.py:190} INFO - [2026-05-15T18:05:17.971+0000] {dagbag.py:588} INFO - Filling up the DagBag from /usr/local/python/3.12.1/lib/python3.12/site-packages/airflow/example_dags/example_latest_only_with_trigger.py
[2026-05-15T18:05:17.981+0000] {processor.py:925} INFO - DAG(s) 'latest_only_with_trigger' retrieved from /usr/local/python/3.12.1/lib/python3.12/site-packages/airflow/example_dags/example_latest_only_with_trigger.py
[2026-05-15T18:05:18.000+0000] {logging_mixin.py:190} INFO - [2026-05-15T18:05:18.000+0000] {dag.py:3239} INFO - Sync 1 DAGs
[2026-05-15T18:05:18.021+0000] {logging_mixin.py:190} INFO - [2026-05-15T18:05:18.021+0000] {dag.py:4180} INFO - Setting next_dagrun for latest_only_with_trigger to 2026-05-15 12:00:00+00:00, run_after=2026-05-15 16:00:00+00:00
[2026-05-15T18:05:18.044+0000] {processor.py:208} INFO - Processing /usr/local/python/3.12.1/lib/python3.12/site-packages/airflow/example_dags/example_latest_only_with_trigger.py took 0.082 seconds
[2026-05-15T18:06:18.226+0000] {processor.py:186} INFO - Started process (PID=95152) to work on /usr/local/python/3.12.1/lib/python3.12/site-packages/airflow/example_dags/example_latest_only_with_trigger.py
[2026-05-15T18:06:18.227+0000] {processor.py:914} INFO - Processing file /usr/local/python/3.12.1/lib/python3.12/site-packages/airflow/example_dags/example_latest_only_with_trigger.py for tasks to queue
[2026-05-15T18:06:18.228+0000] {logging_mixin.py:190} INFO - [2026-05-15T18:06:18.228+0000] {dagbag.py:588} INFO - Filling up the DagBag from /usr/local/python/3.12.1/lib/python3.12/site-packages/airflow/example_dags/example_latest_only_with_trigger.py
[2026-05-15T18:06:18.235+0000] {processor.py:925} INFO - DAG(s) 'latest_only_with_trigger' retrieved from /usr/local/python/3.12.1/lib/python3.12/site-packages/airflow/example_dags/example_latest_only_with_trigger.py
[2026-05-15T18:06:18.251+0000] {logging_mixin.py:190} INFO - [2026-05-15T18:06:18.251+0000] {dag.py:3239} INFO - Sync 1 DAGs
[2026-05-15T18:06:18.270+0000] {logging_mixin.py:190} INFO - [2026-05-15T18:06:18.269+0000] {dag.py:4180} INFO - Setting next_dagrun for latest_only_with_trigger to 2026-05-15 12:00:00+00:00, run_after=2026-05-15 16:00:00+00:00
[2026-05-15T18:06:18.293+0000] {processor.py:208} INFO - Processing /usr/local/python/3.12.1/lib/python3.12/site-packages/airflow/example_dags/example_latest_only_with_trigger.py took 0.073 seconds
[2026-05-15T18:07:22.028+0000] {processor.py:186} INFO - Started process (PID=95640) to work on /usr/local/python/3.12.1/lib/python3.12/site-packages/airflow/example_dags/example_latest_only_with_trigger.py
[2026-05-15T18:07:22.029+0000] {processor.py:914} INFO - Processing file /usr/local/python/3.12.1/lib/python3.12/site-packages/airflow/example_dags/example_latest_only_with_trigger.py for tasks to queue
[2026-05-15T18:07:22.030+0000] {logging_mixin.py:190} INFO - [2026-05-15T18:07:22.030+0000] {dagbag.py:588} INFO - Filling up the DagBag from /usr/local/python/3.12.1/lib/python3.12/site-packages/airflow/example_dags/example_latest_only_with_trigger.py
[2026-05-15T18:07:22.037+0000] {processor.py:925} INFO - DAG(s) 'latest_only_with_trigger' retrieved from /usr/local/python/3.12.1/lib/python3.12/site-packages/airflow/example_dags/example_latest_only_with_trigger.py
[2026-05-15T18:07:22.052+0000] {logging_mixin.py:190} INFO - [2026-05-15T18:07:22.051+0000] {dag.py:3239} INFO - Sync 1 DAGs
[2026-05-15T18:07:22.070+0000] {logging_mixin.py:190} INFO - [2026-05-15T18:07:22.069+0000] {dag.py:4180} INFO - Setting next_dagrun for latest_only_with_trigger to 2026-05-15 12:00:00+00:00, run_after=2026-05-15 16:00:00+00:00
[2026-05-15T18:07:22.092+0000] {processor.py:208} INFO - Processing /usr/local/python/3.12.1/lib/python3.12/site-packages/airflow/example_dags/example_latest_only_with_trigger.py took 0.069 seconds
[2026-05-15T18:08:28.804+0000] {processor.py:186} INFO - Started process (PID=96150) to work on /usr/local/python/3.12.1/lib/python3.12/site-packages/airflow/example_dags/example_latest_only_with_trigger.py
[2026-05-15T18:08:28.807+0000] {processor.py:914} INFO - Processing file /usr/local/python/3.12.1/lib/python3.12/site-packages/airflow/example_dags/example_latest_only_with_trigger.py for tasks to queue
[2026-05-15T18:08:28.813+0000] {logging_mixin.py:190} INFO - [2026-05-15T18:08:28.812+0000] {dagbag.py:588} INFO - Filling up the DagBag from /usr/local/python/3.12.1/lib/python3.12/site-packages/airflow/example_dags/example_latest_only_with_trigger.py
[2026-05-15T18:08:28.850+0000] {processor.py:925} INFO - DAG(s) 'latest_only_with_trigger' retrieved from /usr/local/python/3.12.1/lib/python3.12/site-packages/airflow/example_dags/example_latest_only_with_trigger.py
[2026-05-15T18:08:28.878+0000] {logging_mixin.py:190} INFO - [2026-05-15T18:08:28.878+0000] {dag.py:3239} INFO - Sync 1 DAGs
[2026-05-15T18:08:28.914+0000] {logging_mixin.py:190} INFO - [2026-05-15T18:08:28.914+0000] {dag.py:4180} INFO - Setting next_dagrun for latest_only_with_trigger to 2026-05-15 12:00:00+00:00, run_after=2026-05-15 16:00:00+00:00
[2026-05-15T18:08:28.936+0000] {processor.py:208} INFO - Processing /usr/local/python/3.12.1/lib/python3.12/site-packages/airflow/example_dags/example_latest_only_with_trigger.py took 0.147 seconds
[2026-05-15T18:09:31.851+0000] {processor.py:186} INFO - Started process (PID=96657) to work on /usr/local/python/3.12.1/lib/python3.12/site-packages/airflow/example_dags/example_latest_only_with_trigger.py
[2026-05-15T18:09:31.852+0000] {processor.py:914} INFO - Processing file /usr/local/python/3.12.1/lib/python3.12/site-packages/airflow/example_dags/example_latest_only_with_trigger.py for tasks to queue
[2026-05-15T18:09:31.853+0000] {logging_mixin.py:190} INFO - [2026-05-15T18:09:31.853+0000] {dagbag.py:588} INFO - Filling up the DagBag from /usr/local/python/3.12.1/lib/python3.12/site-packages/airflow/example_dags/example_latest_only_with_trigger.py
[2026-05-15T18:09:31.860+0000] {processor.py:925} INFO - DAG(s) 'latest_only_with_trigger' retrieved from /usr/local/python/3.12.1/lib/python3.12/site-packages/airflow/example_dags/example_latest_only_with_trigger.py
[2026-05-15T18:09:31.874+0000] {logging_mixin.py:190} INFO - [2026-05-15T18:09:31.873+0000] {dag.py:3239} INFO - Sync 1 DAGs
[2026-05-15T18:09:32.047+0000] {logging_mixin.py:190} INFO - [2026-05-15T18:09:32.047+0000] {dag.py:4180} INFO - Setting next_dagrun for latest_only_with_trigger to 2026-05-15 12:00:00+00:00, run_after=2026-05-15 16:00:00+00:00
[2026-05-15T18:09:32.066+0000] {processor.py:208} INFO - Processing /usr/local/python/3.12.1/lib/python3.12/site-packages/airflow/example_dags/example_latest_only_with_trigger.py took 0.219 seconds
[2026-05-15T18:10:40.168+0000] {processor.py:186} INFO - Started process (PID=97163) to work on /usr/local/python/3.12.1/lib/python3.12/site-packages/airflow/example_dags/example_latest_only_with_trigger.py
[2026-05-15T18:10:40.168+0000] {processor.py:914} INFO - Processing file /usr/local/python/3.12.1/lib/python3.12/site-packages/airflow/example_dags/example_latest_only_with_trigger.py for tasks to queue
[2026-05-15T18:10:40.170+0000] {logging_mixin.py:190} INFO - [2026-05-15T18:10:40.170+0000] {dagbag.py:588} INFO - Filling up the DagBag from /usr/local/python/3.12.1/lib/python3.12/site-packages/airflow/example_dags/example_latest_only_with_trigger.py
[2026-05-15T18:10:40.178+0000] {processor.py:925} INFO - DAG(s) 'latest_only_with_trigger' retrieved from /usr/local/python/3.12.1/lib/python3.12/site-packages/airflow/example_dags/example_latest_only_with_trigger.py
[2026-05-15T18:10:40.197+0000] {logging_mixin.py:190} INFO - [2026-05-15T18:10:40.197+0000] {dag.py:3239} INFO - Sync 1 DAGs
[2026-05-15T18:10:40.375+0000] {logging_mixin.py:190} INFO - [2026-05-15T18:10:40.375+0000] {dag.py:4180} INFO - Setting next_dagrun for latest_only_with_trigger to 2026-05-15 12:00:00+00:00, run_after=2026-05-15 16:00:00+00:00
[2026-05-15T18:10:40.420+0000] {processor.py:208} INFO - Processing /usr/local/python/3.12.1/lib/python3.12/site-packages/airflow/example_dags/example_latest_only_with_trigger.py took 0.257 seconds
[2026-05-15T18:11:57.407+0000] {processor.py:186} INFO - Started process (PID=98053) to work on /usr/local/python/3.12.1/lib/python3.12/site-packages/airflow/example_dags/example_latest_only_with_trigger.py
[2026-05-15T18:11:57.408+0000] {processor.py:914} INFO - Processing file /usr/local/python/3.12.1/lib/python3.12/site-packages/airflow/example_dags/example_latest_only_with_trigger.py for tasks to queue
[2026-05-15T18:11:57.410+0000] {logging_mixin.py:190} INFO - [2026-05-15T18:11:57.410+0000] {dagbag.py:588} INFO - Filling up the DagBag from /usr/local/python/3.12.1/lib/python3.12/site-packages/airflow/example_dags/example_latest_only_with_trigger.py
[2026-05-15T18:11:57.417+0000] {processor.py:925} INFO - DAG(s) 'latest_only_with_trigger' retrieved from /usr/local/python/3.12.1/lib/python3.12/site-packages/airflow/example_dags/example_latest_only_with_trigger.py
[2026-05-15T18:11:57.432+0000] {logging_mixin.py:190} INFO - [2026-05-15T18:11:57.432+0000] {dag.py:3239} INFO - Sync 1 DAGs
[2026-05-15T18:11:57.451+0000] {logging_mixin.py:190} INFO - [2026-05-15T18:11:57.451+0000] {dag.py:4180} INFO - Setting next_dagrun for latest_only_with_trigger to 2026-05-15 12:00:00+00:00, run_after=2026-05-15 16:00:00+00:00
[2026-05-15T18:11:57.637+0000] {processor.py:208} INFO - Processing /usr/local/python/3.12.1/lib/python3.12/site-packages/airflow/example_dags/example_latest_only_with_trigger.py took 0.235 seconds
[2026-05-15T18:13:25.527+0000] {processor.py:186} INFO - Started process (PID=98990) to work on /usr/local/python/3.12.1/lib/python3.12/site-packages/airflow/example_dags/example_latest_only_with_trigger.py
[2026-05-15T18:13:25.528+0000] {processor.py:914} INFO - Processing file /usr/local/python/3.12.1/lib/python3.12/site-packages/airflow/example_dags/example_latest_only_with_trigger.py for tasks to queue
[2026-05-15T18:13:25.530+0000] {logging_mixin.py:190} INFO - [2026-05-15T18:13:25.530+0000] {dagbag.py:588} INFO - Filling up the DagBag from /usr/local/python/3.12.1/lib/python3.12/site-packages/airflow/example_dags/example_latest_only_with_trigger.py
[2026-05-15T18:13:25.542+0000] {processor.py:925} INFO - DAG(s) 'latest_only_with_trigger' retrieved from /usr/local/python/3.12.1/lib/python3.12/site-packages/airflow/example_dags/example_latest_only_with_trigger.py
[2026-05-15T18:13:25.563+0000] {logging_mixin.py:190} INFO - [2026-05-15T18:13:25.562+0000] {dag.py:3239} INFO - Sync 1 DAGs
[2026-05-15T18:13:25.584+0000] {logging_mixin.py:190} INFO - [2026-05-15T18:13:25.584+0000] {dag.py:4180} INFO - Setting next_dagrun for latest_only_with_trigger to 2026-05-15 12:00:00+00:00, run_after=2026-05-15 16:00:00+00:00
[2026-05-15T18:13:25.606+0000] {processor.py:208} INFO - Processing /usr/local/python/3.12.1/lib/python3.12/site-packages/airflow/example_dags/example_latest_only_with_trigger.py took 0.085 seconds
[2026-05-15T18:14:23.711+0000] {processor.py:186} INFO - Started process (PID=99453) to work on /usr/local/python/3.12.1/lib/python3.12/site-packages/airflow/example_dags/example_latest_only_with_trigger.py
[2026-05-15T18:14:23.712+0000] {processor.py:914} INFO - Processing file /usr/local/python/3.12.1/lib/python3.12/site-packages/airflow/example_dags/example_latest_only_with_trigger.py for tasks to queue
[2026-05-15T18:14:23.713+0000] {logging_mixin.py:190} INFO - [2026-05-15T18:14:23.713+0000] {dagbag.py:588} INFO - Filling up the DagBag from /usr/local/python/3.12.1/lib/python3.12/site-packages/airflow/example_dags/example_latest_only_with_trigger.py
[2026-05-15T18:14:23.719+0000] {processor.py:925} INFO - DAG(s) 'latest_only_with_trigger' retrieved from /usr/local/python/3.12.1/lib/python3.12/site-packages/airflow/example_dags/example_latest_only_with_trigger.py
[2026-05-15T18:14:23.733+0000] {logging_mixin.py:190} INFO - [2026-05-15T18:14:23.732+0000] {dag.py:3239} INFO - Sync 1 DAGs
[2026-05-15T18:14:23.748+0000] {logging_mixin.py:190} INFO - [2026-05-15T18:14:23.748+0000] {dag.py:4180} INFO - Setting next_dagrun for latest_only_with_trigger to 2026-05-15 12:00:00+00:00, run_after=2026-05-15 16:00:00+00:00
[2026-05-15T18:14:23.766+0000] {processor.py:208} INFO - Processing /usr/local/python/3.12.1/lib/python3.12/site-packages/airflow/example_dags/example_latest_only_with_trigger.py took 0.059 seconds
[2026-05-15T18:15:24.225+0000] {processor.py:186} INFO - Started process (PID=99975) to work on /usr/local/python/3.12.1/lib/python3.12/site-packages/airflow/example_dags/example_latest_only_with_trigger.py
[2026-05-15T18:15:24.226+0000] {processor.py:914} INFO - Processing file /usr/local/python/3.12.1/lib/python3.12/site-packages/airflow/example_dags/example_latest_only_with_trigger.py for tasks to queue
[2026-05-15T18:15:24.228+0000] {logging_mixin.py:190} INFO - [2026-05-15T18:15:24.227+0000] {dagbag.py:588} INFO - Filling up the DagBag from /usr/local/python/3.12.1/lib/python3.12/site-packages/airflow/example_dags/example_latest_only_with_trigger.py
[2026-05-15T18:15:24.234+0000] {processor.py:925} INFO - DAG(s) 'latest_only_with_trigger' retrieved from /usr/local/python/3.12.1/lib/python3.12/site-packages/airflow/example_dags/example_latest_only_with_trigger.py
[2026-05-15T18:15:24.249+0000] {logging_mixin.py:190} INFO - [2026-05-15T18:15:24.248+0000] {dag.py:3239} INFO - Sync 1 DAGs
[2026-05-15T18:15:24.266+0000] {logging_mixin.py:190} INFO - [2026-05-15T18:15:24.266+0000] {dag.py:4180} INFO - Setting next_dagrun for latest_only_with_trigger to 2026-05-15 12:00:00+00:00, run_after=2026-05-15 16:00:00+00:00
[2026-05-15T18:15:24.289+0000] {processor.py:208} INFO - Processing /usr/local/python/3.12.1/lib/python3.12/site-packages/airflow/example_dags/example_latest_only_with_trigger.py took 0.069 seconds
[2026-05-15T18:16:23.485+0000] {processor.py:186} INFO - Started process (PID=100466) to work on /usr/local/python/3.12.1/lib/python3.12/site-packages/airflow/example_dags/example_latest_only_with_trigger.py
[2026-05-15T18:16:23.486+0000] {processor.py:914} INFO - Processing file /usr/local/python/3.12.1/lib/python3.12/site-packages/airflow/example_dags/example_latest_only_with_trigger.py for tasks to queue
[2026-05-15T18:16:23.488+0000] {logging_mixin.py:190} INFO - [2026-05-15T18:16:23.487+0000] {dagbag.py:588} INFO - Filling up the DagBag from /usr/local/python/3.12.1/lib/python3.12/site-packages/airflow/example_dags/example_latest_only_with_trigger.py
[2026-05-15T18:16:23.497+0000] {processor.py:925} INFO - DAG(s) 'latest_only_with_trigger' retrieved from /usr/local/python/3.12.1/lib/python3.12/site-packages/airflow/example_dags/example_latest_only_with_trigger.py
[2026-05-15T18:16:23.516+0000] {logging_mixin.py:190} INFO - [2026-05-15T18:16:23.515+0000] {dag.py:3239} INFO - Sync 1 DAGs
[2026-05-15T18:16:23.535+0000] {logging_mixin.py:190} INFO - [2026-05-15T18:16:23.535+0000] {dag.py:4180} INFO - Setting next_dagrun for latest_only_with_trigger to 2026-05-15 12:00:00+00:00, run_after=2026-05-15 16:00:00+00:00
[2026-05-15T18:16:23.556+0000] {processor.py:208} INFO - Processing /usr/local/python/3.12.1/lib/python3.12/site-packages/airflow/example_dags/example_latest_only_with_trigger.py took 0.081 seconds
[2026-05-15T18:17:24.068+0000] {processor.py:186} INFO - Started process (PID=100993) to work on /usr/local/python/3.12.1/lib/python3.12/site-packages/airflow/example_dags/example_latest_only_with_trigger.py
[2026-05-15T18:17:24.069+0000] {processor.py:914} INFO - Processing file /usr/local/python/3.12.1/lib/python3.12/site-packages/airflow/example_dags/example_latest_only_with_trigger.py for tasks to queue
[2026-05-15T18:17:24.070+0000] {logging_mixin.py:190} INFO - [2026-05-15T18:17:24.070+0000] {dagbag.py:588} INFO - Filling up the DagBag from /usr/local/python/3.12.1/lib/python3.12/site-packages/airflow/example_dags/example_latest_only_with_trigger.py
[2026-05-15T18:17:24.078+0000] {processor.py:925} INFO - DAG(s) 'latest_only_with_trigger' retrieved from /usr/local/python/3.12.1/lib/python3.12/site-packages/airflow/example_dags/example_latest_only_with_trigger.py
[2026-05-15T18:17:24.096+0000] {logging_mixin.py:190} INFO - [2026-05-15T18:17:24.095+0000] {dag.py:3239} INFO - Sync 1 DAGs
[2026-05-15T18:17:24.113+0000] {logging_mixin.py:190} INFO - [2026-05-15T18:17:24.113+0000] {dag.py:4180} INFO - Setting next_dagrun for latest_only_with_trigger to 2026-05-15 12:00:00+00:00, run_after=2026-05-15 16:00:00+00:00
[2026-05-15T18:17:24.130+0000] {processor.py:208} INFO - Processing /usr/local/python/3.12.1/lib/python3.12/site-packages/airflow/example_dags/example_latest_only_with_trigger.py took 0.067 seconds
[2026-05-15T18:18:28.347+0000] {processor.py:186} INFO - Started process (PID=101480) to work on /usr/local/python/3.12.1/lib/python3.12/site-packages/airflow/example_dags/example_latest_only_with_trigger.py
[2026-05-15T18:18:28.347+0000] {processor.py:914} INFO - Processing file /usr/local/python/3.12.1/lib/python3.12/site-packages/airflow/example_dags/example_latest_only_with_trigger.py for tasks to queue
[2026-05-15T18:18:28.350+0000] {logging_mixin.py:190} INFO - [2026-05-15T18:18:28.349+0000] {dagbag.py:588} INFO - Filling up the DagBag from /usr/local/python/3.12.1/lib/python3.12/site-packages/airflow/example_dags/example_latest_only_with_trigger.py
[2026-05-15T18:18:28.358+0000] {processor.py:925} INFO - DAG(s) 'latest_only_with_trigger' retrieved from /usr/local/python/3.12.1/lib/python3.12/site-packages/airflow/example_dags/example_latest_only_with_trigger.py
[2026-05-15T18:18:28.374+0000] {logging_mixin.py:190} INFO - [2026-05-15T18:18:28.373+0000] {dag.py:3239} INFO - Sync 1 DAGs
[2026-05-15T18:18:28.398+0000] {logging_mixin.py:190} INFO - [2026-05-15T18:18:28.398+0000] {dag.py:4180} INFO - Setting next_dagrun for latest_only_with_trigger to 2026-05-15 12:00:00+00:00, run_after=2026-05-15 16:00:00+00:00
[2026-05-15T18:18:28.419+0000] {processor.py:208} INFO - Processing /usr/local/python/3.12.1/lib/python3.12/site-packages/airflow/example_dags/example_latest_only_with_trigger.py took 0.078 seconds
[2026-05-15T18:19:33.468+0000] {processor.py:186} INFO - Started process (PID=102015) to work on /usr/local/python/3.12.1/lib/python3.12/site-packages/airflow/example_dags/example_latest_only_with_trigger.py
[2026-05-15T18:19:33.469+0000] {processor.py:914} INFO - Processing file /usr/local/python/3.12.1/lib/python3.12/site-packages/airflow/example_dags/example_latest_only_with_trigger.py for tasks to queue
[2026-05-15T18:19:33.471+0000] {logging_mixin.py:190} INFO - [2026-05-15T18:19:33.470+0000] {dagbag.py:588} INFO - Filling up the DagBag from /usr/local/python/3.12.1/lib/python3.12/site-packages/airflow/example_dags/example_latest_only_with_trigger.py
[2026-05-15T18:19:33.479+0000] {processor.py:925} INFO - DAG(s) 'latest_only_with_trigger' retrieved from /usr/local/python/3.12.1/lib/python3.12/site-packages/airflow/example_dags/example_latest_only_with_trigger.py
[2026-05-15T18:19:33.498+0000] {logging_mixin.py:190} INFO - [2026-05-15T18:19:33.497+0000] {dag.py:3239} INFO - Sync 1 DAGs
[2026-05-15T18:19:33.517+0000] {logging_mixin.py:190} INFO - [2026-05-15T18:19:33.517+0000] {dag.py:4180} INFO - Setting next_dagrun for latest_only_with_trigger to 2026-05-15 12:00:00+00:00, run_after=2026-05-15 16:00:00+00:00
[2026-05-15T18:19:33.535+0000] {processor.py:208} INFO - Processing /usr/local/python/3.12.1/lib/python3.12/site-packages/airflow/example_dags/example_latest_only_with_trigger.py took 0.072 seconds
[2026-05-15T18:20:35.355+0000] {processor.py:186} INFO - Started process (PID=102485) to work on /usr/local/python/3.12.1/lib/python3.12/site-packages/airflow/example_dags/example_latest_only_with_trigger.py
[2026-05-15T18:20:35.356+0000] {processor.py:914} INFO - Processing file /usr/local/python/3.12.1/lib/python3.12/site-packages/airflow/example_dags/example_latest_only_with_trigger.py for tasks to queue
[2026-05-15T18:20:35.357+0000] {logging_mixin.py:190} INFO - [2026-05-15T18:20:35.357+0000] {dagbag.py:588} INFO - Filling up the DagBag from /usr/local/python/3.12.1/lib/python3.12/site-packages/airflow/example_dags/example_latest_only_with_trigger.py
[2026-05-15T18:20:35.363+0000] {processor.py:925} INFO - DAG(s) 'latest_only_with_trigger' retrieved from /usr/local/python/3.12.1/lib/python3.12/site-packages/airflow/example_dags/example_latest_only_with_trigger.py
[2026-05-15T18:20:35.378+0000] {logging_mixin.py:190} INFO - [2026-05-15T18:20:35.378+0000] {dag.py:3239} INFO - Sync 1 DAGs
[2026-05-15T18:20:35.401+0000] {logging_mixin.py:190} INFO - [2026-05-15T18:20:35.401+0000] {dag.py:4180} INFO - Setting next_dagrun for latest_only_with_trigger to 2026-05-15 12:00:00+00:00, run_after=2026-05-15 16:00:00+00:00
[2026-05-15T18:20:35.418+0000] {processor.py:208} INFO - Processing /usr/local/python/3.12.1/lib/python3.12/site-packages/airflow/example_dags/example_latest_only_with_trigger.py took 0.067 seconds
[2026-05-15T18:21:35.370+0000] {processor.py:186} INFO - Started process (PID=102946) to work on /usr/local/python/3.12.1/lib/python3.12/site-packages/airflow/example_dags/example_latest_only_with_trigger.py
[2026-05-15T18:21:35.371+0000] {processor.py:914} INFO - Processing file /usr/local/python/3.12.1/lib/python3.12/site-packages/airflow/example_dags/example_latest_only_with_trigger.py for tasks to queue
[2026-05-15T18:21:35.373+0000] {logging_mixin.py:190} INFO - [2026-05-15T18:21:35.372+0000] {dagbag.py:588} INFO - Filling up the DagBag from /usr/local/python/3.12.1/lib/python3.12/site-packages/airflow/example_dags/example_latest_only_with_trigger.py
[2026-05-15T18:21:35.384+0000] {processor.py:925} INFO - DAG(s) 'latest_only_with_trigger' retrieved from /usr/local/python/3.12.1/lib/python3.12/site-packages/airflow/example_dags/example_latest_only_with_trigger.py
[2026-05-15T18:21:35.413+0000] {logging_mixin.py:190} INFO - [2026-05-15T18:21:35.412+0000] {dag.py:3239} INFO - Sync 1 DAGs
[2026-05-15T18:21:35.450+0000] {logging_mixin.py:190} INFO - [2026-05-15T18:21:35.450+0000] {dag.py:4180} INFO - Setting next_dagrun for latest_only_with_trigger to 2026-05-15 12:00:00+00:00, run_after=2026-05-15 16:00:00+00:00
[2026-05-15T18:21:35.485+0000] {processor.py:208} INFO - Processing /usr/local/python/3.12.1/lib/python3.12/site-packages/airflow/example_dags/example_latest_only_with_trigger.py took 0.123 seconds
[2026-05-15T18:22:33.011+0000] {processor.py:186} INFO - Started process (PID=103385) to work on /usr/local/python/3.12.1/lib/python3.12/site-packages/airflow/example_dags/example_latest_only_with_trigger.py
[2026-05-15T18:22:33.012+0000] {processor.py:914} INFO - Processing file /usr/local/python/3.12.1/lib/python3.12/site-packages/airflow/example_dags/example_latest_only_with_trigger.py for tasks to queue
[2026-05-15T18:22:33.014+0000] {logging_mixin.py:190} INFO - [2026-05-15T18:22:33.013+0000] {dagbag.py:588} INFO - Filling up the DagBag from /usr/local/python/3.12.1/lib/python3.12/site-packages/airflow/example_dags/example_latest_only_with_trigger.py
[2026-05-15T18:22:33.020+0000] {processor.py:925} INFO - DAG(s) 'latest_only_with_trigger' retrieved from /usr/local/python/3.12.1/lib/python3.12/site-packages/airflow/example_dags/example_latest_only_with_trigger.py
[2026-05-15T18:22:33.033+0000] {logging_mixin.py:190} INFO - [2026-05-15T18:22:33.033+0000] {dag.py:3239} INFO - Sync 1 DAGs
[2026-05-15T18:22:33.049+0000] {logging_mixin.py:190} INFO - [2026-05-15T18:22:33.049+0000] {dag.py:4180} INFO - Setting next_dagrun for latest_only_with_trigger to 2026-05-15 12:00:00+00:00, run_after=2026-05-15 16:00:00+00:00
[2026-05-15T18:22:33.066+0000] {processor.py:208} INFO - Processing /usr/local/python/3.12.1/lib/python3.12/site-packages/airflow/example_dags/example_latest_only_with_trigger.py took 0.060 seconds
[2026-05-15T18:23:40.866+0000] {processor.py:186} INFO - Started process (PID=103910) to work on /usr/local/python/3.12.1/lib/python3.12/site-packages/airflow/example_dags/example_latest_only_with_trigger.py
[2026-05-15T18:23:40.867+0000] {processor.py:914} INFO - Processing file /usr/local/python/3.12.1/lib/python3.12/site-packages/airflow/example_dags/example_latest_only_with_trigger.py for tasks to queue
[2026-05-15T18:23:40.870+0000] {logging_mixin.py:190} INFO - [2026-05-15T18:23:40.869+0000] {dagbag.py:588} INFO - Filling up the DagBag from /usr/local/python/3.12.1/lib/python3.12/site-packages/airflow/example_dags/example_latest_only_with_trigger.py
[2026-05-15T18:23:40.882+0000] {processor.py:925} INFO - DAG(s) 'latest_only_with_trigger' retrieved from /usr/local/python/3.12.1/lib/python3.12/site-packages/airflow/example_dags/example_latest_only_with_trigger.py
[2026-05-15T18:23:40.906+0000] {logging_mixin.py:190} INFO - [2026-05-15T18:23:40.905+0000] {dag.py:3239} INFO - Sync 1 DAGs
[2026-05-15T18:23:40.930+0000] {logging_mixin.py:190} INFO - [2026-05-15T18:23:40.930+0000] {dag.py:4180} INFO - Setting next_dagrun for latest_only_with_trigger to 2026-05-15 12:00:00+00:00, run_after=2026-05-15 16:00:00+00:00
[2026-05-15T18:23:40.953+0000] {processor.py:208} INFO - Processing /usr/local/python/3.12.1/lib/python3.12/site-packages/airflow/example_dags/example_latest_only_with_trigger.py took 0.095 seconds
[2026-05-15T18:24:46.648+0000] {processor.py:186} INFO - Started process (PID=104554) to work on /usr/local/python/3.12.1/lib/python3.12/site-packages/airflow/example_dags/example_latest_only_with_trigger.py
[2026-05-15T18:24:46.650+0000] {processor.py:914} INFO - Processing file /usr/local/python/3.12.1/lib/python3.12/site-packages/airflow/example_dags/example_latest_only_with_trigger.py for tasks to queue
[2026-05-15T18:24:46.653+0000] {logging_mixin.py:190} INFO - [2026-05-15T18:24:46.652+0000] {dagbag.py:588} INFO - Filling up the DagBag from /usr/local/python/3.12.1/lib/python3.12/site-packages/airflow/example_dags/example_latest_only_with_trigger.py
[2026-05-15T18:24:46.669+0000] {processor.py:925} INFO - DAG(s) 'latest_only_with_trigger' retrieved from /usr/local/python/3.12.1/lib/python3.12/site-packages/airflow/example_dags/example_latest_only_with_trigger.py
[2026-05-15T18:24:46.695+0000] {logging_mixin.py:190} INFO - [2026-05-15T18:24:46.695+0000] {dag.py:3239} INFO - Sync 1 DAGs
[2026-05-15T18:24:46.719+0000] {logging_mixin.py:190} INFO - [2026-05-15T18:24:46.718+0000] {dag.py:4180} INFO - Setting next_dagrun for latest_only_with_trigger to 2026-05-15 12:00:00+00:00, run_after=2026-05-15 16:00:00+00:00
[2026-05-15T18:24:46.736+0000] {processor.py:208} INFO - Processing /usr/local/python/3.12.1/lib/python3.12/site-packages/airflow/example_dags/example_latest_only_with_trigger.py took 0.096 seconds
[2026-05-15T18:25:48.446+0000] {processor.py:186} INFO - Started process (PID=105025) to work on /usr/local/python/3.12.1/lib/python3.12/site-packages/airflow/example_dags/example_latest_only_with_trigger.py
[2026-05-15T18:25:48.447+0000] {processor.py:914} INFO - Processing file /usr/local/python/3.12.1/lib/python3.12/site-packages/airflow/example_dags/example_latest_only_with_trigger.py for tasks to queue
[2026-05-15T18:25:48.448+0000] {logging_mixin.py:190} INFO - [2026-05-15T18:25:48.448+0000] {dagbag.py:588} INFO - Filling up the DagBag from /usr/local/python/3.12.1/lib/python3.12/site-packages/airflow/example_dags/example_latest_only_with_trigger.py
[2026-05-15T18:25:48.455+0000] {processor.py:925} INFO - DAG(s) 'latest_only_with_trigger' retrieved from /usr/local/python/3.12.1/lib/python3.12/site-packages/airflow/example_dags/example_latest_only_with_trigger.py
[2026-05-15T18:25:48.470+0000] {logging_mixin.py:190} INFO - [2026-05-15T18:25:48.470+0000] {dag.py:3239} INFO - Sync 1 DAGs
[2026-05-15T18:25:48.496+0000] {logging_mixin.py:190} INFO - [2026-05-15T18:25:48.496+0000] {dag.py:4180} INFO - Setting next_dagrun for latest_only_with_trigger to 2026-05-15 12:00:00+00:00, run_after=2026-05-15 16:00:00+00:00
[2026-05-15T18:25:48.516+0000] {processor.py:208} INFO - Processing /usr/local/python/3.12.1/lib/python3.12/site-packages/airflow/example_dags/example_latest_only_with_trigger.py took 0.076 seconds
[2026-05-15T18:26:52.696+0000] {processor.py:186} INFO - Started process (PID=105509) to work on /usr/local/python/3.12.1/lib/python3.12/site-packages/airflow/example_dags/example_latest_only_with_trigger.py
[2026-05-15T18:26:52.701+0000] {processor.py:914} INFO - Processing file /usr/local/python/3.12.1/lib/python3.12/site-packages/airflow/example_dags/example_latest_only_with_trigger.py for tasks to queue
[2026-05-15T18:26:52.710+0000] {logging_mixin.py:190} INFO - [2026-05-15T18:26:52.707+0000] {dagbag.py:588} INFO - Filling up the DagBag from /usr/local/python/3.12.1/lib/python3.12/site-packages/airflow/example_dags/example_latest_only_with_trigger.py
[2026-05-15T18:26:52.722+0000] {processor.py:925} INFO - DAG(s) 'latest_only_with_trigger' retrieved from /usr/local/python/3.12.1/lib/python3.12/site-packages/airflow/example_dags/example_latest_only_with_trigger.py
[2026-05-15T18:26:52.748+0000] {logging_mixin.py:190} INFO - [2026-05-15T18:26:52.747+0000] {dag.py:3239} INFO - Sync 1 DAGs
[2026-05-15T18:26:52.775+0000] {logging_mixin.py:190} INFO - [2026-05-15T18:26:52.775+0000] {dag.py:4180} INFO - Setting next_dagrun for latest_only_with_trigger to 2026-05-15 12:00:00+00:00, run_after=2026-05-15 16:00:00+00:00
[2026-05-15T18:26:52.809+0000] {processor.py:208} INFO - Processing /usr/local/python/3.12.1/lib/python3.12/site-packages/airflow/example_dags/example_latest_only_with_trigger.py took 0.121 seconds
[2026-05-15T18:27:55.516+0000] {processor.py:186} INFO - Started process (PID=106007) to work on /usr/local/python/3.12.1/lib/python3.12/site-packages/airflow/example_dags/example_latest_only_with_trigger.py
[2026-05-15T18:27:55.517+0000] {processor.py:914} INFO - Processing file /usr/local/python/3.12.1/lib/python3.12/site-packages/airflow/example_dags/example_latest_only_with_trigger.py for tasks to queue
[2026-05-15T18:27:55.519+0000] {logging_mixin.py:190} INFO - [2026-05-15T18:27:55.518+0000] {dagbag.py:588} INFO - Filling up the DagBag from /usr/local/python/3.12.1/lib/python3.12/site-packages/airflow/example_dags/example_latest_only_with_trigger.py
[2026-05-15T18:27:55.526+0000] {processor.py:925} INFO - DAG(s) 'latest_only_with_trigger' retrieved from /usr/local/python/3.12.1/lib/python3.12/site-packages/airflow/example_dags/example_latest_only_with_trigger.py
[2026-05-15T18:27:55.541+0000] {logging_mixin.py:190} INFO - [2026-05-15T18:27:55.540+0000] {dag.py:3239} INFO - Sync 1 DAGs
[2026-05-15T18:27:55.559+0000] {logging_mixin.py:190} INFO - [2026-05-15T18:27:55.559+0000] {dag.py:4180} INFO - Setting next_dagrun for latest_only_with_trigger to 2026-05-15 12:00:00+00:00, run_after=2026-05-15 16:00:00+00:00
[2026-05-15T18:27:55.581+0000] {processor.py:208} INFO - Processing /usr/local/python/3.12.1/lib/python3.12/site-packages/airflow/example_dags/example_latest_only_with_trigger.py took 0.070 seconds
[2026-05-15T18:29:00.304+0000] {processor.py:186} INFO - Started process (PID=106495) to work on /usr/local/python/3.12.1/lib/python3.12/site-packages/airflow/example_dags/example_latest_only_with_trigger.py
[2026-05-15T18:29:00.305+0000] {processor.py:914} INFO - Processing file /usr/local/python/3.12.1/lib/python3.12/site-packages/airflow/example_dags/example_latest_only_with_trigger.py for tasks to queue
[2026-05-15T18:29:00.306+0000] {logging_mixin.py:190} INFO - [2026-05-15T18:29:00.306+0000] {dagbag.py:588} INFO - Filling up the DagBag from /usr/local/python/3.12.1/lib/python3.12/site-packages/airflow/example_dags/example_latest_only_with_trigger.py
[2026-05-15T18:29:00.313+0000] {processor.py:925} INFO - DAG(s) 'latest_only_with_trigger' retrieved from /usr/local/python/3.12.1/lib/python3.12/site-packages/airflow/example_dags/example_latest_only_with_trigger.py
[2026-05-15T18:29:00.327+0000] {logging_mixin.py:190} INFO - [2026-05-15T18:29:00.327+0000] {dag.py:3239} INFO - Sync 1 DAGs
[2026-05-15T18:29:00.344+0000] {logging_mixin.py:190} INFO - [2026-05-15T18:29:00.343+0000] {dag.py:4180} INFO - Setting next_dagrun for latest_only_with_trigger to 2026-05-15 12:00:00+00:00, run_after=2026-05-15 16:00:00+00:00
[2026-05-15T18:29:00.361+0000] {processor.py:208} INFO - Processing /usr/local/python/3.12.1/lib/python3.12/site-packages/airflow/example_dags/example_latest_only_with_trigger.py took 0.062 seconds
[2026-05-15T18:29:56.268+0000] {processor.py:186} INFO - Started process (PID=106947) to work on /usr/local/python/3.12.1/lib/python3.12/site-packages/airflow/example_dags/example_latest_only_with_trigger.py
[2026-05-15T18:29:56.269+0000] {processor.py:914} INFO - Processing file /usr/local/python/3.12.1/lib/python3.12/site-packages/airflow/example_dags/example_latest_only_with_trigger.py for tasks to queue
[2026-05-15T18:29:56.271+0000] {logging_mixin.py:190} INFO - [2026-05-15T18:29:56.271+0000] {dagbag.py:588} INFO - Filling up the DagBag from /usr/local/python/3.12.1/lib/python3.12/site-packages/airflow/example_dags/example_latest_only_with_trigger.py
[2026-05-15T18:29:56.284+0000] {processor.py:925} INFO - DAG(s) 'latest_only_with_trigger' retrieved from /usr/local/python/3.12.1/lib/python3.12/site-packages/airflow/example_dags/example_latest_only_with_trigger.py
[2026-05-15T18:29:56.311+0000] {logging_mixin.py:190} INFO - [2026-05-15T18:29:56.310+0000] {dag.py:3239} INFO - Sync 1 DAGs
[2026-05-15T18:29:56.346+0000] {logging_mixin.py:190} INFO - [2026-05-15T18:29:56.346+0000] {dag.py:4180} INFO - Setting next_dagrun for latest_only_with_trigger to 2026-05-15 12:00:00+00:00, run_after=2026-05-15 16:00:00+00:00
[2026-05-15T18:29:56.371+0000] {processor.py:208} INFO - Processing /usr/local/python/3.12.1/lib/python3.12/site-packages/airflow/example_dags/example_latest_only_with_trigger.py took 0.111 seconds
[2026-05-15T18:30:55.865+0000] {processor.py:186} INFO - Started process (PID=107405) to work on /usr/local/python/3.12.1/lib/python3.12/site-packages/airflow/example_dags/example_latest_only_with_trigger.py
[2026-05-15T18:30:55.866+0000] {processor.py:914} INFO - Processing file /usr/local/python/3.12.1/lib/python3.12/site-packages/airflow/example_dags/example_latest_only_with_trigger.py for tasks to queue
[2026-05-15T18:30:55.868+0000] {logging_mixin.py:190} INFO - [2026-05-15T18:30:55.867+0000] {dagbag.py:588} INFO - Filling up the DagBag from /usr/local/python/3.12.1/lib/python3.12/site-packages/airflow/example_dags/example_latest_only_with_trigger.py
[2026-05-15T18:30:55.874+0000] {processor.py:925} INFO - DAG(s) 'latest_only_with_trigger' retrieved from /usr/local/python/3.12.1/lib/python3.12/site-packages/airflow/example_dags/example_latest_only_with_trigger.py
[2026-05-15T18:30:55.892+0000] {logging_mixin.py:190} INFO - [2026-05-15T18:30:55.892+0000] {dag.py:3239} INFO - Sync 1 DAGs
[2026-05-15T18:30:55.908+0000] {logging_mixin.py:190} INFO - [2026-05-15T18:30:55.908+0000] {dag.py:4180} INFO - Setting next_dagrun for latest_only_with_trigger to 2026-05-15 12:00:00+00:00, run_after=2026-05-15 16:00:00+00:00
[2026-05-15T18:30:55.925+0000] {processor.py:208} INFO - Processing /usr/local/python/3.12.1/lib/python3.12/site-packages/airflow/example_dags/example_latest_only_with_trigger.py took 0.064 seconds
[2026-05-15T18:31:56.833+0000] {processor.py:186} INFO - Started process (PID=107872) to work on /usr/local/python/3.12.1/lib/python3.12/site-packages/airflow/example_dags/example_latest_only_with_trigger.py
[2026-05-15T18:31:56.834+0000] {processor.py:914} INFO - Processing file /usr/local/python/3.12.1/lib/python3.12/site-packages/airflow/example_dags/example_latest_only_with_trigger.py for tasks to queue
[2026-05-15T18:31:56.836+0000] {logging_mixin.py:190} INFO - [2026-05-15T18:31:56.836+0000] {dagbag.py:588} INFO - Filling up the DagBag from /usr/local/python/3.12.1/lib/python3.12/site-packages/airflow/example_dags/example_latest_only_with_trigger.py
[2026-05-15T18:31:56.843+0000] {processor.py:925} INFO - DAG(s) 'latest_only_with_trigger' retrieved from /usr/local/python/3.12.1/lib/python3.12/site-packages/airflow/example_dags/example_latest_only_with_trigger.py
[2026-05-15T18:31:56.858+0000] {logging_mixin.py:190} INFO - [2026-05-15T18:31:56.858+0000] {dag.py:3239} INFO - Sync 1 DAGs
[2026-05-15T18:31:56.879+0000] {logging_mixin.py:190} INFO - [2026-05-15T18:31:56.879+0000] {dag.py:4180} INFO - Setting next_dagrun for latest_only_with_trigger to 2026-05-15 12:00:00+00:00, run_after=2026-05-15 16:00:00+00:00
[2026-05-15T18:31:56.903+0000] {processor.py:208} INFO - Processing /usr/local/python/3.12.1/lib/python3.12/site-packages/airflow/example_dags/example_latest_only_with_trigger.py took 0.075 seconds
[2026-05-15T18:32:54.810+0000] {processor.py:186} INFO - Started process (PID=108324) to work on /usr/local/python/3.12.1/lib/python3.12/site-packages/airflow/example_dags/example_latest_only_with_trigger.py
[2026-05-15T18:32:54.810+0000] {processor.py:914} INFO - Processing file /usr/local/python/3.12.1/lib/python3.12/site-packages/airflow/example_dags/example_latest_only_with_trigger.py for tasks to queue
[2026-05-15T18:32:54.812+0000] {logging_mixin.py:190} INFO - [2026-05-15T18:32:54.812+0000] {dagbag.py:588} INFO - Filling up the DagBag from /usr/local/python/3.12.1/lib/python3.12/site-packages/airflow/example_dags/example_latest_only_with_trigger.py
[2026-05-15T18:32:54.820+0000] {processor.py:925} INFO - DAG(s) 'latest_only_with_trigger' retrieved from /usr/local/python/3.12.1/lib/python3.12/site-packages/airflow/example_dags/example_latest_only_with_trigger.py
[2026-05-15T18:32:54.836+0000] {logging_mixin.py:190} INFO - [2026-05-15T18:32:54.836+0000] {dag.py:3239} INFO - Sync 1 DAGs
[2026-05-15T18:32:54.858+0000] {logging_mixin.py:190} INFO - [2026-05-15T18:32:54.858+0000] {dag.py:4180} INFO - Setting next_dagrun for latest_only_with_trigger to 2026-05-15 12:00:00+00:00, run_after=2026-05-15 16:00:00+00:00
[2026-05-15T18:32:54.882+0000] {processor.py:208} INFO - Processing /usr/local/python/3.12.1/lib/python3.12/site-packages/airflow/example_dags/example_latest_only_with_trigger.py took 0.078 seconds
[2026-05-15T18:34:02.087+0000] {processor.py:186} INFO - Started process (PID=108845) to work on /usr/local/python/3.12.1/lib/python3.12/site-packages/airflow/example_dags/example_latest_only_with_trigger.py
[2026-05-15T18:34:02.088+0000] {processor.py:914} INFO - Processing file /usr/local/python/3.12.1/lib/python3.12/site-packages/airflow/example_dags/example_latest_only_with_trigger.py for tasks to queue
[2026-05-15T18:34:02.090+0000] {logging_mixin.py:190} INFO - [2026-05-15T18:34:02.090+0000] {dagbag.py:588} INFO - Filling up the DagBag from /usr/local/python/3.12.1/lib/python3.12/site-packages/airflow/example_dags/example_latest_only_with_trigger.py
[2026-05-15T18:34:02.098+0000] {processor.py:925} INFO - DAG(s) 'latest_only_with_trigger' retrieved from /usr/local/python/3.12.1/lib/python3.12/site-packages/airflow/example_dags/example_latest_only_with_trigger.py
[2026-05-15T18:34:02.113+0000] {logging_mixin.py:190} INFO - [2026-05-15T18:34:02.113+0000] {dag.py:3239} INFO - Sync 1 DAGs
[2026-05-15T18:34:02.130+0000] {logging_mixin.py:190} INFO - [2026-05-15T18:34:02.130+0000] {dag.py:4180} INFO - Setting next_dagrun for latest_only_with_trigger to 2026-05-15 12:00:00+00:00, run_after=2026-05-15 16:00:00+00:00
[2026-05-15T18:34:02.148+0000] {processor.py:208} INFO - Processing /usr/local/python/3.12.1/lib/python3.12/site-packages/airflow/example_dags/example_latest_only_with_trigger.py took 0.065 seconds
[2026-05-15T18:35:06.817+0000] {processor.py:186} INFO - Started process (PID=109352) to work on /usr/local/python/3.12.1/lib/python3.12/site-packages/airflow/example_dags/example_latest_only_with_trigger.py
[2026-05-15T18:35:06.818+0000] {processor.py:914} INFO - Processing file /usr/local/python/3.12.1/lib/python3.12/site-packages/airflow/example_dags/example_latest_only_with_trigger.py for tasks to queue
[2026-05-15T18:35:06.820+0000] {logging_mixin.py:190} INFO - [2026-05-15T18:35:06.820+0000] {dagbag.py:588} INFO - Filling up the DagBag from /usr/local/python/3.12.1/lib/python3.12/site-packages/airflow/example_dags/example_latest_only_with_trigger.py
[2026-05-15T18:35:06.828+0000] {processor.py:925} INFO - DAG(s) 'latest_only_with_trigger' retrieved from /usr/local/python/3.12.1/lib/python3.12/site-packages/airflow/example_dags/example_latest_only_with_trigger.py
[2026-05-15T18:35:06.844+0000] {logging_mixin.py:190} INFO - [2026-05-15T18:35:06.844+0000] {dag.py:3239} INFO - Sync 1 DAGs
[2026-05-15T18:35:06.866+0000] {logging_mixin.py:190} INFO - [2026-05-15T18:35:06.866+0000] {dag.py:4180} INFO - Setting next_dagrun for latest_only_with_trigger to 2026-05-15 12:00:00+00:00, run_after=2026-05-15 16:00:00+00:00
[2026-05-15T18:35:06.893+0000] {processor.py:208} INFO - Processing /usr/local/python/3.12.1/lib/python3.12/site-packages/airflow/example_dags/example_latest_only_with_trigger.py took 0.081 seconds
[2026-05-15T18:36:10.408+0000] {processor.py:186} INFO - Started process (PID=109836) to work on /usr/local/python/3.12.1/lib/python3.12/site-packages/airflow/example_dags/example_latest_only_with_trigger.py
[2026-05-15T18:36:10.409+0000] {processor.py:914} INFO - Processing file /usr/local/python/3.12.1/lib/python3.12/site-packages/airflow/example_dags/example_latest_only_with_trigger.py for tasks to queue
[2026-05-15T18:36:10.412+0000] {logging_mixin.py:190} INFO - [2026-05-15T18:36:10.411+0000] {dagbag.py:588} INFO - Filling up the DagBag from /usr/local/python/3.12.1/lib/python3.12/site-packages/airflow/example_dags/example_latest_only_with_trigger.py
[2026-05-15T18:36:10.422+0000] {processor.py:925} INFO - DAG(s) 'latest_only_with_trigger' retrieved from /usr/local/python/3.12.1/lib/python3.12/site-packages/airflow/example_dags/example_latest_only_with_trigger.py
[2026-05-15T18:36:10.442+0000] {logging_mixin.py:190} INFO - [2026-05-15T18:36:10.442+0000] {dag.py:3239} INFO - Sync 1 DAGs
[2026-05-15T18:36:10.466+0000] {logging_mixin.py:190} INFO - [2026-05-15T18:36:10.465+0000] {dag.py:4180} INFO - Setting next_dagrun for latest_only_with_trigger to 2026-05-15 12:00:00+00:00, run_after=2026-05-15 16:00:00+00:00
[2026-05-15T18:36:10.492+0000] {processor.py:208} INFO - Processing /usr/local/python/3.12.1/lib/python3.12/site-packages/airflow/example_dags/example_latest_only_with_trigger.py took 0.090 seconds
[2026-05-15T18:37:10.037+0000] {processor.py:186} INFO - Started process (PID=110302) to work on /usr/local/python/3.12.1/lib/python3.12/site-packages/airflow/example_dags/example_latest_only_with_trigger.py
[2026-05-15T18:37:10.038+0000] {processor.py:914} INFO - Processing file /usr/local/python/3.12.1/lib/python3.12/site-packages/airflow/example_dags/example_latest_only_with_trigger.py for tasks to queue
[2026-05-15T18:37:10.040+0000] {logging_mixin.py:190} INFO - [2026-05-15T18:37:10.039+0000] {dagbag.py:588} INFO - Filling up the DagBag from /usr/local/python/3.12.1/lib/python3.12/site-packages/airflow/example_dags/example_latest_only_with_trigger.py
[2026-05-15T18:37:10.046+0000] {processor.py:925} INFO - DAG(s) 'latest_only_with_trigger' retrieved from /usr/local/python/3.12.1/lib/python3.12/site-packages/airflow/example_dags/example_latest_only_with_trigger.py
[2026-05-15T18:37:10.060+0000] {logging_mixin.py:190} INFO - [2026-05-15T18:37:10.059+0000] {dag.py:3239} INFO - Sync 1 DAGs
[2026-05-15T18:37:10.078+0000] {logging_mixin.py:190} INFO - [2026-05-15T18:37:10.078+0000] {dag.py:4180} INFO - Setting next_dagrun for latest_only_with_trigger to 2026-05-15 12:00:00+00:00, run_after=2026-05-15 16:00:00+00:00
[2026-05-15T18:37:10.098+0000] {processor.py:208} INFO - Processing /usr/local/python/3.12.1/lib/python3.12/site-packages/airflow/example_dags/example_latest_only_with_trigger.py took 0.065 seconds
[2026-05-15T18:38:10.557+0000] {processor.py:186} INFO - Started process (PID=110770) to work on /usr/local/python/3.12.1/lib/python3.12/site-packages/airflow/example_dags/example_latest_only_with_trigger.py
[2026-05-15T18:38:10.557+0000] {processor.py:914} INFO - Processing file /usr/local/python/3.12.1/lib/python3.12/site-packages/airflow/example_dags/example_latest_only_with_trigger.py for tasks to queue
[2026-05-15T18:38:10.559+0000] {logging_mixin.py:190} INFO - [2026-05-15T18:38:10.559+0000] {dagbag.py:588} INFO - Filling up the DagBag from /usr/local/python/3.12.1/lib/python3.12/site-packages/airflow/example_dags/example_latest_only_with_trigger.py
[2026-05-15T18:38:10.565+0000] {processor.py:925} INFO - DAG(s) 'latest_only_with_trigger' retrieved from /usr/local/python/3.12.1/lib/python3.12/site-packages/airflow/example_dags/example_latest_only_with_trigger.py
[2026-05-15T18:38:10.580+0000] {logging_mixin.py:190} INFO - [2026-05-15T18:38:10.580+0000] {dag.py:3239} INFO - Sync 1 DAGs
[2026-05-15T18:38:10.600+0000] {logging_mixin.py:190} INFO - [2026-05-15T18:38:10.599+0000] {dag.py:4180} INFO - Setting next_dagrun for latest_only_with_trigger to 2026-05-15 12:00:00+00:00, run_after=2026-05-15 16:00:00+00:00
[2026-05-15T18:38:10.618+0000] {processor.py:208} INFO - Processing /usr/local/python/3.12.1/lib/python3.12/site-packages/airflow/example_dags/example_latest_only_with_trigger.py took 0.066 seconds
[2026-05-15T18:39:09.642+0000] {processor.py:186} INFO - Started process (PID=111228) to work on /usr/local/python/3.12.1/lib/python3.12/site-packages/airflow/example_dags/example_latest_only_with_trigger.py
[2026-05-15T18:39:09.643+0000] {processor.py:914} INFO - Processing file /usr/local/python/3.12.1/lib/python3.12/site-packages/airflow/example_dags/example_latest_only_with_trigger.py for tasks to queue
[2026-05-15T18:39:09.645+0000] {logging_mixin.py:190} INFO - [2026-05-15T18:39:09.645+0000] {dagbag.py:588} INFO - Filling up the DagBag from /usr/local/python/3.12.1/lib/python3.12/site-packages/airflow/example_dags/example_latest_only_with_trigger.py
[2026-05-15T18:39:09.654+0000] {processor.py:925} INFO - DAG(s) 'latest_only_with_trigger' retrieved from /usr/local/python/3.12.1/lib/python3.12/site-packages/airflow/example_dags/example_latest_only_with_trigger.py
[2026-05-15T18:39:09.667+0000] {logging_mixin.py:190} INFO - [2026-05-15T18:39:09.667+0000] {dag.py:3239} INFO - Sync 1 DAGs
[2026-05-15T18:39:09.687+0000] {logging_mixin.py:190} INFO - [2026-05-15T18:39:09.686+0000] {dag.py:4180} INFO - Setting next_dagrun for latest_only_with_trigger to 2026-05-15 12:00:00+00:00, run_after=2026-05-15 16:00:00+00:00
[2026-05-15T18:39:09.705+0000] {processor.py:208} INFO - Processing /usr/local/python/3.12.1/lib/python3.12/site-packages/airflow/example_dags/example_latest_only_with_trigger.py took 0.069 seconds
[2026-05-15T18:40:10.401+0000] {processor.py:186} INFO - Started process (PID=111716) to work on /usr/local/python/3.12.1/lib/python3.12/site-packages/airflow/example_dags/example_latest_only_with_trigger.py
[2026-05-15T18:40:10.401+0000] {processor.py:914} INFO - Processing file /usr/local/python/3.12.1/lib/python3.12/site-packages/airflow/example_dags/example_latest_only_with_trigger.py for tasks to queue
[2026-05-15T18:40:10.404+0000] {logging_mixin.py:190} INFO - [2026-05-15T18:40:10.403+0000] {dagbag.py:588} INFO - Filling up the DagBag from /usr/local/python/3.12.1/lib/python3.12/site-packages/airflow/example_dags/example_latest_only_with_trigger.py
[2026-05-15T18:40:10.411+0000] {processor.py:925} INFO - DAG(s) 'latest_only_with_trigger' retrieved from /usr/local/python/3.12.1/lib/python3.12/site-packages/airflow/example_dags/example_latest_only_with_trigger.py
[2026-05-15T18:40:10.427+0000] {logging_mixin.py:190} INFO - [2026-05-15T18:40:10.427+0000] {dag.py:3239} INFO - Sync 1 DAGs
[2026-05-15T18:40:10.446+0000] {logging_mixin.py:190} INFO - [2026-05-15T18:40:10.446+0000] {dag.py:4180} INFO - Setting next_dagrun for latest_only_with_trigger to 2026-05-15 12:00:00+00:00, run_after=2026-05-15 16:00:00+00:00
[2026-05-15T18:40:10.473+0000] {processor.py:208} INFO - Processing /usr/local/python/3.12.1/lib/python3.12/site-packages/airflow/example_dags/example_latest_only_with_trigger.py took 0.078 seconds
[2026-05-15T18:41:10.764+0000] {processor.py:186} INFO - Started process (PID=112185) to work on /usr/local/python/3.12.1/lib/python3.12/site-packages/airflow/example_dags/example_latest_only_with_trigger.py
[2026-05-15T18:41:10.765+0000] {processor.py:914} INFO - Processing file /usr/local/python/3.12.1/lib/python3.12/site-packages/airflow/example_dags/example_latest_only_with_trigger.py for tasks to queue
[2026-05-15T18:41:10.767+0000] {logging_mixin.py:190} INFO - [2026-05-15T18:41:10.767+0000] {dagbag.py:588} INFO - Filling up the DagBag from /usr/local/python/3.12.1/lib/python3.12/site-packages/airflow/example_dags/example_latest_only_with_trigger.py
[2026-05-15T18:41:10.776+0000] {processor.py:925} INFO - DAG(s) 'latest_only_with_trigger' retrieved from /usr/local/python/3.12.1/lib/python3.12/site-packages/airflow/example_dags/example_latest_only_with_trigger.py
[2026-05-15T18:41:10.798+0000] {logging_mixin.py:190} INFO - [2026-05-15T18:41:10.798+0000] {dag.py:3239} INFO - Sync 1 DAGs
[2026-05-15T18:41:10.827+0000] {logging_mixin.py:190} INFO - [2026-05-15T18:41:10.826+0000] {dag.py:4180} INFO - Setting next_dagrun for latest_only_with_trigger to 2026-05-15 12:00:00+00:00, run_after=2026-05-15 16:00:00+00:00
[2026-05-15T18:41:10.855+0000] {processor.py:208} INFO - Processing /usr/local/python/3.12.1/lib/python3.12/site-packages/airflow/example_dags/example_latest_only_with_trigger.py took 0.098 seconds
[2026-05-15T18:42:11.248+0000] {processor.py:186} INFO - Started process (PID=112651) to work on /usr/local/python/3.12.1/lib/python3.12/site-packages/airflow/example_dags/example_latest_only_with_trigger.py
[2026-05-15T18:42:11.249+0000] {processor.py:914} INFO - Processing file /usr/local/python/3.12.1/lib/python3.12/site-packages/airflow/example_dags/example_latest_only_with_trigger.py for tasks to queue
[2026-05-15T18:42:11.250+0000] {logging_mixin.py:190} INFO - [2026-05-15T18:42:11.250+0000] {dagbag.py:588} INFO - Filling up the DagBag from /usr/local/python/3.12.1/lib/python3.12/site-packages/airflow/example_dags/example_latest_only_with_trigger.py
[2026-05-15T18:42:11.257+0000] {processor.py:925} INFO - DAG(s) 'latest_only_with_trigger' retrieved from /usr/local/python/3.12.1/lib/python3.12/site-packages/airflow/example_dags/example_latest_only_with_trigger.py
[2026-05-15T18:42:11.271+0000] {logging_mixin.py:190} INFO - [2026-05-15T18:42:11.270+0000] {dag.py:3239} INFO - Sync 1 DAGs
[2026-05-15T18:42:11.293+0000] {logging_mixin.py:190} INFO - [2026-05-15T18:42:11.292+0000] {dag.py:4180} INFO - Setting next_dagrun for latest_only_with_trigger to 2026-05-15 12:00:00+00:00, run_after=2026-05-15 16:00:00+00:00
[2026-05-15T18:42:11.314+0000] {processor.py:208} INFO - Processing /usr/local/python/3.12.1/lib/python3.12/site-packages/airflow/example_dags/example_latest_only_with_trigger.py took 0.071 seconds
[2026-05-15T18:43:10.450+0000] {processor.py:186} INFO - Started process (PID=113094) to work on /usr/local/python/3.12.1/lib/python3.12/site-packages/airflow/example_dags/example_latest_only_with_trigger.py
[2026-05-15T18:43:10.451+0000] {processor.py:914} INFO - Processing file /usr/local/python/3.12.1/lib/python3.12/site-packages/airflow/example_dags/example_latest_only_with_trigger.py for tasks to queue
[2026-05-15T18:43:10.452+0000] {logging_mixin.py:190} INFO - [2026-05-15T18:43:10.452+0000] {dagbag.py:588} INFO - Filling up the DagBag from /usr/local/python/3.12.1/lib/python3.12/site-packages/airflow/example_dags/example_latest_only_with_trigger.py
[2026-05-15T18:43:10.459+0000] {processor.py:925} INFO - DAG(s) 'latest_only_with_trigger' retrieved from /usr/local/python/3.12.1/lib/python3.12/site-packages/airflow/example_dags/example_latest_only_with_trigger.py
[2026-05-15T18:43:10.474+0000] {logging_mixin.py:190} INFO - [2026-05-15T18:43:10.473+0000] {dag.py:3239} INFO - Sync 1 DAGs
[2026-05-15T18:43:10.500+0000] {logging_mixin.py:190} INFO - [2026-05-15T18:43:10.500+0000] {dag.py:4180} INFO - Setting next_dagrun for latest_only_with_trigger to 2026-05-15 12:00:00+00:00, run_after=2026-05-15 16:00:00+00:00
[2026-05-15T18:43:10.520+0000] {processor.py:208} INFO - Processing /usr/local/python/3.12.1/lib/python3.12/site-packages/airflow/example_dags/example_latest_only_with_trigger.py took 0.075 seconds
[2026-05-15T18:44:12.373+0000] {processor.py:186} INFO - Started process (PID=113568) to work on /usr/local/python/3.12.1/lib/python3.12/site-packages/airflow/example_dags/example_latest_only_with_trigger.py
[2026-05-15T18:44:12.373+0000] {processor.py:914} INFO - Processing file /usr/local/python/3.12.1/lib/python3.12/site-packages/airflow/example_dags/example_latest_only_with_trigger.py for tasks to queue
[2026-05-15T18:44:12.375+0000] {logging_mixin.py:190} INFO - [2026-05-15T18:44:12.375+0000] {dagbag.py:588} INFO - Filling up the DagBag from /usr/local/python/3.12.1/lib/python3.12/site-packages/airflow/example_dags/example_latest_only_with_trigger.py
[2026-05-15T18:44:12.383+0000] {processor.py:925} INFO - DAG(s) 'latest_only_with_trigger' retrieved from /usr/local/python/3.12.1/lib/python3.12/site-packages/airflow/example_dags/example_latest_only_with_trigger.py
[2026-05-15T18:44:12.399+0000] {logging_mixin.py:190} INFO - [2026-05-15T18:44:12.398+0000] {dag.py:3239} INFO - Sync 1 DAGs
[2026-05-15T18:44:12.420+0000] {logging_mixin.py:190} INFO - [2026-05-15T18:44:12.420+0000] {dag.py:4180} INFO - Setting next_dagrun for latest_only_with_trigger to 2026-05-15 12:00:00+00:00, run_after=2026-05-15 16:00:00+00:00
[2026-05-15T18:44:12.446+0000] {processor.py:208} INFO - Processing /usr/local/python/3.12.1/lib/python3.12/site-packages/airflow/example_dags/example_latest_only_with_trigger.py took 0.078 seconds
[2026-05-15T18:45:11.121+0000] {processor.py:186} INFO - Started process (PID=114068) to work on /usr/local/python/3.12.1/lib/python3.12/site-packages/airflow/example_dags/example_latest_only_with_trigger.py
[2026-05-15T18:45:11.122+0000] {processor.py:914} INFO - Processing file /usr/local/python/3.12.1/lib/python3.12/site-packages/airflow/example_dags/example_latest_only_with_trigger.py for tasks to queue
[2026-05-15T18:45:11.124+0000] {logging_mixin.py:190} INFO - [2026-05-15T18:45:11.124+0000] {dagbag.py:588} INFO - Filling up the DagBag from /usr/local/python/3.12.1/lib/python3.12/site-packages/airflow/example_dags/example_latest_only_with_trigger.py
[2026-05-15T18:45:11.131+0000] {processor.py:925} INFO - DAG(s) 'latest_only_with_trigger' retrieved from /usr/local/python/3.12.1/lib/python3.12/site-packages/airflow/example_dags/example_latest_only_with_trigger.py
[2026-05-15T18:45:11.144+0000] {logging_mixin.py:190} INFO - [2026-05-15T18:45:11.144+0000] {dag.py:3239} INFO - Sync 1 DAGs
[2026-05-15T18:45:11.160+0000] {logging_mixin.py:190} INFO - [2026-05-15T18:45:11.160+0000] {dag.py:4180} INFO - Setting next_dagrun for latest_only_with_trigger to 2026-05-15 12:00:00+00:00, run_after=2026-05-15 16:00:00+00:00
[2026-05-15T18:45:11.179+0000] {processor.py:208} INFO - Processing /usr/local/python/3.12.1/lib/python3.12/site-packages/airflow/example_dags/example_latest_only_with_trigger.py took 0.064 seconds
[2026-05-15T18:46:11.045+0000] {processor.py:186} INFO - Started process (PID=114528) to work on /usr/local/python/3.12.1/lib/python3.12/site-packages/airflow/example_dags/example_latest_only_with_trigger.py
[2026-05-15T18:46:11.046+0000] {processor.py:914} INFO - Processing file /usr/local/python/3.12.1/lib/python3.12/site-packages/airflow/example_dags/example_latest_only_with_trigger.py for tasks to queue
[2026-05-15T18:46:11.047+0000] {logging_mixin.py:190} INFO - [2026-05-15T18:46:11.047+0000] {dagbag.py:588} INFO - Filling up the DagBag from /usr/local/python/3.12.1/lib/python3.12/site-packages/airflow/example_dags/example_latest_only_with_trigger.py
[2026-05-15T18:46:11.054+0000] {processor.py:925} INFO - DAG(s) 'latest_only_with_trigger' retrieved from /usr/local/python/3.12.1/lib/python3.12/site-packages/airflow/example_dags/example_latest_only_with_trigger.py
[2026-05-15T18:46:11.068+0000] {logging_mixin.py:190} INFO - [2026-05-15T18:46:11.067+0000] {dag.py:3239} INFO - Sync 1 DAGs
[2026-05-15T18:46:11.090+0000] {logging_mixin.py:190} INFO - [2026-05-15T18:46:11.089+0000] {dag.py:4180} INFO - Setting next_dagrun for latest_only_with_trigger to 2026-05-15 12:00:00+00:00, run_after=2026-05-15 16:00:00+00:00
[2026-05-15T18:46:11.114+0000] {processor.py:208} INFO - Processing /usr/local/python/3.12.1/lib/python3.12/site-packages/airflow/example_dags/example_latest_only_with_trigger.py took 0.073 seconds
[2026-05-15T18:47:11.269+0000] {processor.py:186} INFO - Started process (PID=114992) to work on /usr/local/python/3.12.1/lib/python3.12/site-packages/airflow/example_dags/example_latest_only_with_trigger.py
[2026-05-15T18:47:11.269+0000] {processor.py:914} INFO - Processing file /usr/local/python/3.12.1/lib/python3.12/site-packages/airflow/example_dags/example_latest_only_with_trigger.py for tasks to queue
[2026-05-15T18:47:11.271+0000] {logging_mixin.py:190} INFO - [2026-05-15T18:47:11.271+0000] {dagbag.py:588} INFO - Filling up the DagBag from /usr/local/python/3.12.1/lib/python3.12/site-packages/airflow/example_dags/example_latest_only_with_trigger.py
[2026-05-15T18:47:11.280+0000] {processor.py:925} INFO - DAG(s) 'latest_only_with_trigger' retrieved from /usr/local/python/3.12.1/lib/python3.12/site-packages/airflow/example_dags/example_latest_only_with_trigger.py
[2026-05-15T18:47:11.297+0000] {logging_mixin.py:190} INFO - [2026-05-15T18:47:11.297+0000] {dag.py:3239} INFO - Sync 1 DAGs
[2026-05-15T18:47:11.316+0000] {logging_mixin.py:190} INFO - [2026-05-15T18:47:11.315+0000] {dag.py:4180} INFO - Setting next_dagrun for latest_only_with_trigger to 2026-05-15 12:00:00+00:00, run_after=2026-05-15 16:00:00+00:00
[2026-05-15T18:47:11.335+0000] {processor.py:208} INFO - Processing /usr/local/python/3.12.1/lib/python3.12/site-packages/airflow/example_dags/example_latest_only_with_trigger.py took 0.071 seconds
[2026-05-15T18:48:14.342+0000] {processor.py:186} INFO - Started process (PID=115475) to work on /usr/local/python/3.12.1/lib/python3.12/site-packages/airflow/example_dags/example_latest_only_with_trigger.py
[2026-05-15T18:48:14.342+0000] {processor.py:914} INFO - Processing file /usr/local/python/3.12.1/lib/python3.12/site-packages/airflow/example_dags/example_latest_only_with_trigger.py for tasks to queue
[2026-05-15T18:48:14.344+0000] {logging_mixin.py:190} INFO - [2026-05-15T18:48:14.344+0000] {dagbag.py:588} INFO - Filling up the DagBag from /usr/local/python/3.12.1/lib/python3.12/site-packages/airflow/example_dags/example_latest_only_with_trigger.py
[2026-05-15T18:48:14.350+0000] {processor.py:925} INFO - DAG(s) 'latest_only_with_trigger' retrieved from /usr/local/python/3.12.1/lib/python3.12/site-packages/airflow/example_dags/example_latest_only_with_trigger.py
[2026-05-15T18:48:14.363+0000] {logging_mixin.py:190} INFO - [2026-05-15T18:48:14.363+0000] {dag.py:3239} INFO - Sync 1 DAGs
[2026-05-15T18:48:14.382+0000] {logging_mixin.py:190} INFO - [2026-05-15T18:48:14.382+0000] {dag.py:4180} INFO - Setting next_dagrun for latest_only_with_trigger to 2026-05-15 12:00:00+00:00, run_after=2026-05-15 16:00:00+00:00
[2026-05-15T18:48:14.401+0000] {processor.py:208} INFO - Processing /usr/local/python/3.12.1/lib/python3.12/site-packages/airflow/example_dags/example_latest_only_with_trigger.py took 0.064 seconds
[2026-05-15T18:49:14.815+0000] {processor.py:186} INFO - Started process (PID=115969) to work on /usr/local/python/3.12.1/lib/python3.12/site-packages/airflow/example_dags/example_latest_only_with_trigger.py
[2026-05-15T18:49:14.815+0000] {processor.py:914} INFO - Processing file /usr/local/python/3.12.1/lib/python3.12/site-packages/airflow/example_dags/example_latest_only_with_trigger.py for tasks to queue
[2026-05-15T18:49:14.817+0000] {logging_mixin.py:190} INFO - [2026-05-15T18:49:14.817+0000] {dagbag.py:588} INFO - Filling up the DagBag from /usr/local/python/3.12.1/lib/python3.12/site-packages/airflow/example_dags/example_latest_only_with_trigger.py
[2026-05-15T18:49:14.824+0000] {processor.py:925} INFO - DAG(s) 'latest_only_with_trigger' retrieved from /usr/local/python/3.12.1/lib/python3.12/site-packages/airflow/example_dags/example_latest_only_with_trigger.py
[2026-05-15T18:49:14.838+0000] {logging_mixin.py:190} INFO - [2026-05-15T18:49:14.837+0000] {dag.py:3239} INFO - Sync 1 DAGs
[2026-05-15T18:49:14.854+0000] {logging_mixin.py:190} INFO - [2026-05-15T18:49:14.854+0000] {dag.py:4180} INFO - Setting next_dagrun for latest_only_with_trigger to 2026-05-15 12:00:00+00:00, run_after=2026-05-15 16:00:00+00:00
[2026-05-15T18:49:14.871+0000] {processor.py:208} INFO - Processing /usr/local/python/3.12.1/lib/python3.12/site-packages/airflow/example_dags/example_latest_only_with_trigger.py took 0.061 seconds
[2026-05-15T18:50:17.657+0000] {processor.py:186} INFO - Started process (PID=116444) to work on /usr/local/python/3.12.1/lib/python3.12/site-packages/airflow/example_dags/example_latest_only_with_trigger.py
[2026-05-15T18:50:17.657+0000] {processor.py:914} INFO - Processing file /usr/local/python/3.12.1/lib/python3.12/site-packages/airflow/example_dags/example_latest_only_with_trigger.py for tasks to queue
[2026-05-15T18:50:17.659+0000] {logging_mixin.py:190} INFO - [2026-05-15T18:50:17.659+0000] {dagbag.py:588} INFO - Filling up the DagBag from /usr/local/python/3.12.1/lib/python3.12/site-packages/airflow/example_dags/example_latest_only_with_trigger.py
[2026-05-15T18:50:17.665+0000] {processor.py:925} INFO - DAG(s) 'latest_only_with_trigger' retrieved from /usr/local/python/3.12.1/lib/python3.12/site-packages/airflow/example_dags/example_latest_only_with_trigger.py
[2026-05-15T18:50:17.680+0000] {logging_mixin.py:190} INFO - [2026-05-15T18:50:17.680+0000] {dag.py:3239} INFO - Sync 1 DAGs
[2026-05-15T18:50:17.700+0000] {logging_mixin.py:190} INFO - [2026-05-15T18:50:17.700+0000] {dag.py:4180} INFO - Setting next_dagrun for latest_only_with_trigger to 2026-05-15 12:00:00+00:00, run_after=2026-05-15 16:00:00+00:00
[2026-05-15T18:50:17.716+0000] {processor.py:208} INFO - Processing /usr/local/python/3.12.1/lib/python3.12/site-packages/airflow/example_dags/example_latest_only_with_trigger.py took 0.064 seconds
[2026-05-15T18:51:20.361+0000] {processor.py:186} INFO - Started process (PID=116925) to work on /usr/local/python/3.12.1/lib/python3.12/site-packages/airflow/example_dags/example_latest_only_with_trigger.py
[2026-05-15T18:51:20.361+0000] {processor.py:914} INFO - Processing file /usr/local/python/3.12.1/lib/python3.12/site-packages/airflow/example_dags/example_latest_only_with_trigger.py for tasks to queue
[2026-05-15T18:51:20.363+0000] {logging_mixin.py:190} INFO - [2026-05-15T18:51:20.363+0000] {dagbag.py:588} INFO - Filling up the DagBag from /usr/local/python/3.12.1/lib/python3.12/site-packages/airflow/example_dags/example_latest_only_with_trigger.py
[2026-05-15T18:51:20.369+0000] {processor.py:925} INFO - DAG(s) 'latest_only_with_trigger' retrieved from /usr/local/python/3.12.1/lib/python3.12/site-packages/airflow/example_dags/example_latest_only_with_trigger.py
[2026-05-15T18:51:20.386+0000] {logging_mixin.py:190} INFO - [2026-05-15T18:51:20.386+0000] {dag.py:3239} INFO - Sync 1 DAGs
[2026-05-15T18:51:20.403+0000] {logging_mixin.py:190} INFO - [2026-05-15T18:51:20.403+0000] {dag.py:4180} INFO - Setting next_dagrun for latest_only_with_trigger to 2026-05-15 12:00:00+00:00, run_after=2026-05-15 16:00:00+00:00
[2026-05-15T18:51:20.420+0000] {processor.py:208} INFO - Processing /usr/local/python/3.12.1/lib/python3.12/site-packages/airflow/example_dags/example_latest_only_with_trigger.py took 0.065 seconds
[2026-05-15T18:52:19.206+0000] {processor.py:186} INFO - Started process (PID=117390) to work on /usr/local/python/3.12.1/lib/python3.12/site-packages/airflow/example_dags/example_latest_only_with_trigger.py
[2026-05-15T18:52:19.207+0000] {processor.py:914} INFO - Processing file /usr/local/python/3.12.1/lib/python3.12/site-packages/airflow/example_dags/example_latest_only_with_trigger.py for tasks to queue
[2026-05-15T18:52:19.208+0000] {logging_mixin.py:190} INFO - [2026-05-15T18:52:19.208+0000] {dagbag.py:588} INFO - Filling up the DagBag from /usr/local/python/3.12.1/lib/python3.12/site-packages/airflow/example_dags/example_latest_only_with_trigger.py
[2026-05-15T18:52:19.215+0000] {processor.py:925} INFO - DAG(s) 'latest_only_with_trigger' retrieved from /usr/local/python/3.12.1/lib/python3.12/site-packages/airflow/example_dags/example_latest_only_with_trigger.py
[2026-05-15T18:52:19.228+0000] {logging_mixin.py:190} INFO - [2026-05-15T18:52:19.228+0000] {dag.py:3239} INFO - Sync 1 DAGs
[2026-05-15T18:52:19.245+0000] {logging_mixin.py:190} INFO - [2026-05-15T18:52:19.245+0000] {dag.py:4180} INFO - Setting next_dagrun for latest_only_with_trigger to 2026-05-15 12:00:00+00:00, run_after=2026-05-15 16:00:00+00:00
[2026-05-15T18:52:19.262+0000] {processor.py:208} INFO - Processing /usr/local/python/3.12.1/lib/python3.12/site-packages/airflow/example_dags/example_latest_only_with_trigger.py took 0.061 seconds
[2026-05-15T18:53:17.159+0000] {processor.py:186} INFO - Started process (PID=117841) to work on /usr/local/python/3.12.1/lib/python3.12/site-packages/airflow/example_dags/example_latest_only_with_trigger.py
[2026-05-15T18:53:17.160+0000] {processor.py:914} INFO - Processing file /usr/local/python/3.12.1/lib/python3.12/site-packages/airflow/example_dags/example_latest_only_with_trigger.py for tasks to queue
[2026-05-15T18:53:17.161+0000] {logging_mixin.py:190} INFO - [2026-05-15T18:53:17.161+0000] {dagbag.py:588} INFO - Filling up the DagBag from /usr/local/python/3.12.1/lib/python3.12/site-packages/airflow/example_dags/example_latest_only_with_trigger.py
[2026-05-15T18:53:17.168+0000] {processor.py:925} INFO - DAG(s) 'latest_only_with_trigger' retrieved from /usr/local/python/3.12.1/lib/python3.12/site-packages/airflow/example_dags/example_latest_only_with_trigger.py
[2026-05-15T18:53:17.185+0000] {logging_mixin.py:190} INFO - [2026-05-15T18:53:17.184+0000] {dag.py:3239} INFO - Sync 1 DAGs
[2026-05-15T18:53:17.203+0000] {logging_mixin.py:190} INFO - [2026-05-15T18:53:17.203+0000] {dag.py:4180} INFO - Setting next_dagrun for latest_only_with_trigger to 2026-05-15 12:00:00+00:00, run_after=2026-05-15 16:00:00+00:00
[2026-05-15T18:53:17.222+0000] {processor.py:208} INFO - Processing /usr/local/python/3.12.1/lib/python3.12/site-packages/airflow/example_dags/example_latest_only_with_trigger.py took 0.068 seconds
