[2026-05-15T15:52:04.186+0000] {processor.py:186} INFO - Started process (PID=13967) to work on /usr/local/python/3.12.1/lib/python3.12/site-packages/airflow/example_dags/example_dataset_alias.py
[2026-05-15T15:52:04.187+0000] {processor.py:914} INFO - Processing file /usr/local/python/3.12.1/lib/python3.12/site-packages/airflow/example_dags/example_dataset_alias.py for tasks to queue
[2026-05-15T15:52:04.191+0000] {logging_mixin.py:190} INFO - [2026-05-15T15:52:04.191+0000] {dagbag.py:588} INFO - Filling up the DagBag from /usr/local/python/3.12.1/lib/python3.12/site-packages/airflow/example_dags/example_dataset_alias.py
[2026-05-15T15:52:04.243+0000] {processor.py:925} INFO - DAG(s) 'dataset_alias_example_alias_producer', 'dataset_alias_example_alias_consumer', 'dataset_s3_bucket_consumer', 'dataset_s3_bucket_producer' retrieved from /usr/local/python/3.12.1/lib/python3.12/site-packages/airflow/example_dags/example_dataset_alias.py
[2026-05-15T15:52:04.334+0000] {logging_mixin.py:190} INFO - [2026-05-15T15:52:04.334+0000] {override.py:1900} INFO - Created Permission View: can delete on DAG:dataset_alias_example_alias_producer
[2026-05-15T15:52:04.343+0000] {logging_mixin.py:190} INFO - [2026-05-15T15:52:04.343+0000] {override.py:1900} INFO - Created Permission View: can edit on DAG:dataset_alias_example_alias_producer
[2026-05-15T15:52:04.349+0000] {logging_mixin.py:190} INFO - [2026-05-15T15:52:04.349+0000] {override.py:1900} INFO - Created Permission View: can read on DAG:dataset_alias_example_alias_producer
[2026-05-15T15:52:04.359+0000] {logging_mixin.py:190} INFO - [2026-05-15T15:52:04.359+0000] {override.py:1900} INFO - Created Permission View: can create on DAG Run:dataset_alias_example_alias_producer
[2026-05-15T15:52:04.366+0000] {logging_mixin.py:190} INFO - [2026-05-15T15:52:04.365+0000] {override.py:1900} INFO - Created Permission View: menu access on DAG Run:dataset_alias_example_alias_producer
[2026-05-15T15:52:04.372+0000] {logging_mixin.py:190} INFO - [2026-05-15T15:52:04.372+0000] {override.py:1900} INFO - Created Permission View: can delete on DAG Run:dataset_alias_example_alias_producer
[2026-05-15T15:52:04.378+0000] {logging_mixin.py:190} INFO - [2026-05-15T15:52:04.378+0000] {override.py:1900} INFO - Created Permission View: can read on DAG Run:dataset_alias_example_alias_producer
[2026-05-15T15:52:04.392+0000] {logging_mixin.py:190} INFO - [2026-05-15T15:52:04.392+0000] {override.py:1900} INFO - Created Permission View: can delete on DAG:dataset_alias_example_alias_consumer
[2026-05-15T15:52:04.400+0000] {logging_mixin.py:190} INFO - [2026-05-15T15:52:04.400+0000] {override.py:1900} INFO - Created Permission View: can edit on DAG:dataset_alias_example_alias_consumer
[2026-05-15T15:52:04.407+0000] {logging_mixin.py:190} INFO - [2026-05-15T15:52:04.407+0000] {override.py:1900} INFO - Created Permission View: can read on DAG:dataset_alias_example_alias_consumer
[2026-05-15T15:52:04.417+0000] {logging_mixin.py:190} INFO - [2026-05-15T15:52:04.417+0000] {override.py:1900} INFO - Created Permission View: can create on DAG Run:dataset_alias_example_alias_consumer
[2026-05-15T15:52:04.423+0000] {logging_mixin.py:190} INFO - [2026-05-15T15:52:04.423+0000] {override.py:1900} INFO - Created Permission View: menu access on DAG Run:dataset_alias_example_alias_consumer
[2026-05-15T15:52:04.429+0000] {logging_mixin.py:190} INFO - [2026-05-15T15:52:04.429+0000] {override.py:1900} INFO - Created Permission View: can delete on DAG Run:dataset_alias_example_alias_consumer
[2026-05-15T15:52:04.436+0000] {logging_mixin.py:190} INFO - [2026-05-15T15:52:04.435+0000] {override.py:1900} INFO - Created Permission View: can read on DAG Run:dataset_alias_example_alias_consumer
[2026-05-15T15:52:04.449+0000] {logging_mixin.py:190} INFO - [2026-05-15T15:52:04.449+0000] {override.py:1900} INFO - Created Permission View: can delete on DAG:dataset_s3_bucket_consumer
[2026-05-15T15:52:04.455+0000] {logging_mixin.py:190} INFO - [2026-05-15T15:52:04.455+0000] {override.py:1900} INFO - Created Permission View: can edit on DAG:dataset_s3_bucket_consumer
[2026-05-15T15:52:04.462+0000] {logging_mixin.py:190} INFO - [2026-05-15T15:52:04.462+0000] {override.py:1900} INFO - Created Permission View: can read on DAG:dataset_s3_bucket_consumer
[2026-05-15T15:52:04.472+0000] {logging_mixin.py:190} INFO - [2026-05-15T15:52:04.472+0000] {override.py:1900} INFO - Created Permission View: can create on DAG Run:dataset_s3_bucket_consumer
[2026-05-15T15:52:04.478+0000] {logging_mixin.py:190} INFO - [2026-05-15T15:52:04.478+0000] {override.py:1900} INFO - Created Permission View: menu access on DAG Run:dataset_s3_bucket_consumer
[2026-05-15T15:52:04.484+0000] {logging_mixin.py:190} INFO - [2026-05-15T15:52:04.484+0000] {override.py:1900} INFO - Created Permission View: can delete on DAG Run:dataset_s3_bucket_consumer
[2026-05-15T15:52:04.490+0000] {logging_mixin.py:190} INFO - [2026-05-15T15:52:04.490+0000] {override.py:1900} INFO - Created Permission View: can read on DAG Run:dataset_s3_bucket_consumer
[2026-05-15T15:52:04.505+0000] {logging_mixin.py:190} INFO - [2026-05-15T15:52:04.505+0000] {override.py:1900} INFO - Created Permission View: can delete on DAG:dataset_s3_bucket_producer
[2026-05-15T15:52:04.511+0000] {logging_mixin.py:190} INFO - [2026-05-15T15:52:04.510+0000] {override.py:1900} INFO - Created Permission View: can edit on DAG:dataset_s3_bucket_producer
[2026-05-15T15:52:04.516+0000] {logging_mixin.py:190} INFO - [2026-05-15T15:52:04.515+0000] {override.py:1900} INFO - Created Permission View: can read on DAG:dataset_s3_bucket_producer
[2026-05-15T15:52:04.524+0000] {logging_mixin.py:190} INFO - [2026-05-15T15:52:04.524+0000] {override.py:1900} INFO - Created Permission View: can create on DAG Run:dataset_s3_bucket_producer
[2026-05-15T15:52:04.530+0000] {logging_mixin.py:190} INFO - [2026-05-15T15:52:04.530+0000] {override.py:1900} INFO - Created Permission View: menu access on DAG Run:dataset_s3_bucket_producer
[2026-05-15T15:52:04.536+0000] {logging_mixin.py:190} INFO - [2026-05-15T15:52:04.536+0000] {override.py:1900} INFO - Created Permission View: can delete on DAG Run:dataset_s3_bucket_producer
[2026-05-15T15:52:04.542+0000] {logging_mixin.py:190} INFO - [2026-05-15T15:52:04.542+0000] {override.py:1900} INFO - Created Permission View: can read on DAG Run:dataset_s3_bucket_producer
[2026-05-15T15:52:04.542+0000] {logging_mixin.py:190} INFO - [2026-05-15T15:52:04.542+0000] {dag.py:3239} INFO - Sync 4 DAGs
[2026-05-15T15:52:04.551+0000] {logging_mixin.py:190} INFO - [2026-05-15T15:52:04.551+0000] {dag.py:3262} INFO - Creating ORM DAG for dataset_s3_bucket_consumer
[2026-05-15T15:52:04.552+0000] {logging_mixin.py:190} INFO - [2026-05-15T15:52:04.552+0000] {dag.py:3262} INFO - Creating ORM DAG for dataset_alias_example_alias_consumer
[2026-05-15T15:52:04.552+0000] {logging_mixin.py:190} INFO - [2026-05-15T15:52:04.552+0000] {dag.py:3262} INFO - Creating ORM DAG for dataset_alias_example_alias_producer
[2026-05-15T15:52:04.553+0000] {logging_mixin.py:190} INFO - [2026-05-15T15:52:04.553+0000] {dag.py:3262} INFO - Creating ORM DAG for dataset_s3_bucket_producer
[2026-05-15T15:52:04.560+0000] {logging_mixin.py:190} INFO - [2026-05-15T15:52:04.559+0000] {dag.py:4180} INFO - Setting next_dagrun for dataset_alias_example_alias_consumer to None, run_after=None
[2026-05-15T15:52:04.560+0000] {logging_mixin.py:190} INFO - [2026-05-15T15:52:04.560+0000] {dag.py:4180} INFO - Setting next_dagrun for dataset_alias_example_alias_producer to None, run_after=None
[2026-05-15T15:52:04.561+0000] {logging_mixin.py:190} INFO - [2026-05-15T15:52:04.561+0000] {dag.py:4180} INFO - Setting next_dagrun for dataset_s3_bucket_consumer to None, run_after=None
[2026-05-15T15:52:04.562+0000] {logging_mixin.py:190} INFO - [2026-05-15T15:52:04.561+0000] {dag.py:4180} INFO - Setting next_dagrun for dataset_s3_bucket_producer to None, run_after=None
[2026-05-15T15:52:04.589+0000] {processor.py:208} INFO - Processing /usr/local/python/3.12.1/lib/python3.12/site-packages/airflow/example_dags/example_dataset_alias.py took 0.421 seconds
[2026-05-15T15:53:02.878+0000] {processor.py:186} INFO - Started process (PID=14522) to work on /usr/local/python/3.12.1/lib/python3.12/site-packages/airflow/example_dags/example_dataset_alias.py
[2026-05-15T15:53:02.880+0000] {processor.py:914} INFO - Processing file /usr/local/python/3.12.1/lib/python3.12/site-packages/airflow/example_dags/example_dataset_alias.py for tasks to queue
[2026-05-15T15:53:02.884+0000] {logging_mixin.py:190} INFO - [2026-05-15T15:53:02.884+0000] {dagbag.py:588} INFO - Filling up the DagBag from /usr/local/python/3.12.1/lib/python3.12/site-packages/airflow/example_dags/example_dataset_alias.py
[2026-05-15T15:53:02.924+0000] {processor.py:925} INFO - DAG(s) 'dataset_s3_bucket_consumer', 'dataset_alias_example_alias_producer', 'dataset_alias_example_alias_consumer', 'dataset_s3_bucket_producer' retrieved from /usr/local/python/3.12.1/lib/python3.12/site-packages/airflow/example_dags/example_dataset_alias.py
[2026-05-15T15:53:02.953+0000] {logging_mixin.py:190} INFO - [2026-05-15T15:53:02.953+0000] {dag.py:3239} INFO - Sync 4 DAGs
[2026-05-15T15:53:02.989+0000] {logging_mixin.py:190} INFO - [2026-05-15T15:53:02.989+0000] {dag.py:4180} INFO - Setting next_dagrun for dataset_alias_example_alias_consumer to None, run_after=None
[2026-05-15T15:53:02.992+0000] {logging_mixin.py:190} INFO - [2026-05-15T15:53:02.992+0000] {dag.py:4180} INFO - Setting next_dagrun for dataset_alias_example_alias_producer to None, run_after=None
[2026-05-15T15:53:02.993+0000] {logging_mixin.py:190} INFO - [2026-05-15T15:53:02.993+0000] {dag.py:4180} INFO - Setting next_dagrun for dataset_s3_bucket_consumer to None, run_after=None
[2026-05-15T15:53:02.995+0000] {logging_mixin.py:190} INFO - [2026-05-15T15:53:02.995+0000] {dag.py:4180} INFO - Setting next_dagrun for dataset_s3_bucket_producer to None, run_after=None
[2026-05-15T15:53:03.027+0000] {processor.py:208} INFO - Processing /usr/local/python/3.12.1/lib/python3.12/site-packages/airflow/example_dags/example_dataset_alias.py took 0.160 seconds
[2026-05-15T15:53:58.864+0000] {processor.py:186} INFO - Started process (PID=15064) to work on /usr/local/python/3.12.1/lib/python3.12/site-packages/airflow/example_dags/example_dataset_alias.py
[2026-05-15T15:53:58.865+0000] {processor.py:914} INFO - Processing file /usr/local/python/3.12.1/lib/python3.12/site-packages/airflow/example_dags/example_dataset_alias.py for tasks to queue
[2026-05-15T15:53:58.867+0000] {logging_mixin.py:190} INFO - [2026-05-15T15:53:58.867+0000] {dagbag.py:588} INFO - Filling up the DagBag from /usr/local/python/3.12.1/lib/python3.12/site-packages/airflow/example_dags/example_dataset_alias.py
[2026-05-15T15:53:58.917+0000] {processor.py:925} INFO - DAG(s) 'dataset_s3_bucket_consumer', 'dataset_s3_bucket_producer', 'dataset_alias_example_alias_consumer', 'dataset_alias_example_alias_producer' retrieved from /usr/local/python/3.12.1/lib/python3.12/site-packages/airflow/example_dags/example_dataset_alias.py
[2026-05-15T15:53:58.942+0000] {logging_mixin.py:190} INFO - [2026-05-15T15:53:58.942+0000] {dag.py:3239} INFO - Sync 4 DAGs
[2026-05-15T15:53:58.968+0000] {logging_mixin.py:190} INFO - [2026-05-15T15:53:58.968+0000] {dag.py:4180} INFO - Setting next_dagrun for dataset_alias_example_alias_consumer to None, run_after=None
[2026-05-15T15:53:58.971+0000] {logging_mixin.py:190} INFO - [2026-05-15T15:53:58.971+0000] {dag.py:4180} INFO - Setting next_dagrun for dataset_alias_example_alias_producer to None, run_after=None
[2026-05-15T15:53:58.972+0000] {logging_mixin.py:190} INFO - [2026-05-15T15:53:58.972+0000] {dag.py:4180} INFO - Setting next_dagrun for dataset_s3_bucket_consumer to None, run_after=None
[2026-05-15T15:53:58.973+0000] {logging_mixin.py:190} INFO - [2026-05-15T15:53:58.973+0000] {dag.py:4180} INFO - Setting next_dagrun for dataset_s3_bucket_producer to None, run_after=None
[2026-05-15T15:53:59.003+0000] {processor.py:208} INFO - Processing /usr/local/python/3.12.1/lib/python3.12/site-packages/airflow/example_dags/example_dataset_alias.py took 0.146 seconds
[2026-05-15T15:54:52.835+0000] {processor.py:186} INFO - Started process (PID=15579) to work on /usr/local/python/3.12.1/lib/python3.12/site-packages/airflow/example_dags/example_dataset_alias.py
[2026-05-15T15:54:52.836+0000] {processor.py:914} INFO - Processing file /usr/local/python/3.12.1/lib/python3.12/site-packages/airflow/example_dags/example_dataset_alias.py for tasks to queue
[2026-05-15T15:54:52.837+0000] {logging_mixin.py:190} INFO - [2026-05-15T15:54:52.837+0000] {dagbag.py:588} INFO - Filling up the DagBag from /usr/local/python/3.12.1/lib/python3.12/site-packages/airflow/example_dags/example_dataset_alias.py
[2026-05-15T15:54:52.855+0000] {processor.py:925} INFO - DAG(s) 'dataset_alias_example_alias_producer', 'dataset_s3_bucket_consumer', 'dataset_alias_example_alias_consumer', 'dataset_s3_bucket_producer' retrieved from /usr/local/python/3.12.1/lib/python3.12/site-packages/airflow/example_dags/example_dataset_alias.py
[2026-05-15T15:54:52.870+0000] {logging_mixin.py:190} INFO - [2026-05-15T15:54:52.870+0000] {dag.py:3239} INFO - Sync 4 DAGs
[2026-05-15T15:54:52.885+0000] {logging_mixin.py:190} INFO - [2026-05-15T15:54:52.885+0000] {dag.py:4180} INFO - Setting next_dagrun for dataset_alias_example_alias_consumer to None, run_after=None
[2026-05-15T15:54:52.887+0000] {logging_mixin.py:190} INFO - [2026-05-15T15:54:52.887+0000] {dag.py:4180} INFO - Setting next_dagrun for dataset_alias_example_alias_producer to None, run_after=None
[2026-05-15T15:54:52.887+0000] {logging_mixin.py:190} INFO - [2026-05-15T15:54:52.887+0000] {dag.py:4180} INFO - Setting next_dagrun for dataset_s3_bucket_consumer to None, run_after=None
[2026-05-15T15:54:52.888+0000] {logging_mixin.py:190} INFO - [2026-05-15T15:54:52.888+0000] {dag.py:4180} INFO - Setting next_dagrun for dataset_s3_bucket_producer to None, run_after=None
[2026-05-15T15:54:52.909+0000] {processor.py:208} INFO - Processing /usr/local/python/3.12.1/lib/python3.12/site-packages/airflow/example_dags/example_dataset_alias.py took 0.078 seconds
[2026-05-15T15:56:08.433+0000] {processor.py:186} INFO - Started process (PID=16275) to work on /usr/local/python/3.12.1/lib/python3.12/site-packages/airflow/example_dags/example_dataset_alias.py
[2026-05-15T15:56:08.434+0000] {processor.py:914} INFO - Processing file /usr/local/python/3.12.1/lib/python3.12/site-packages/airflow/example_dags/example_dataset_alias.py for tasks to queue
[2026-05-15T15:56:08.435+0000] {logging_mixin.py:190} INFO - [2026-05-15T15:56:08.435+0000] {dagbag.py:588} INFO - Filling up the DagBag from /usr/local/python/3.12.1/lib/python3.12/site-packages/airflow/example_dags/example_dataset_alias.py
[2026-05-15T15:56:08.454+0000] {processor.py:925} INFO - DAG(s) 'dataset_s3_bucket_consumer', 'dataset_alias_example_alias_producer', 'dataset_alias_example_alias_consumer', 'dataset_s3_bucket_producer' retrieved from /usr/local/python/3.12.1/lib/python3.12/site-packages/airflow/example_dags/example_dataset_alias.py
[2026-05-15T15:56:08.469+0000] {logging_mixin.py:190} INFO - [2026-05-15T15:56:08.469+0000] {dag.py:3239} INFO - Sync 4 DAGs
[2026-05-15T15:56:08.489+0000] {logging_mixin.py:190} INFO - [2026-05-15T15:56:08.488+0000] {dag.py:4180} INFO - Setting next_dagrun for dataset_alias_example_alias_consumer to None, run_after=None
[2026-05-15T15:56:08.491+0000] {logging_mixin.py:190} INFO - [2026-05-15T15:56:08.491+0000] {dag.py:4180} INFO - Setting next_dagrun for dataset_alias_example_alias_producer to None, run_after=None
[2026-05-15T15:56:08.493+0000] {logging_mixin.py:190} INFO - [2026-05-15T15:56:08.493+0000] {dag.py:4180} INFO - Setting next_dagrun for dataset_s3_bucket_consumer to None, run_after=None
[2026-05-15T15:56:08.494+0000] {logging_mixin.py:190} INFO - [2026-05-15T15:56:08.494+0000] {dag.py:4180} INFO - Setting next_dagrun for dataset_s3_bucket_producer to None, run_after=None
[2026-05-15T15:56:08.516+0000] {processor.py:208} INFO - Processing /usr/local/python/3.12.1/lib/python3.12/site-packages/airflow/example_dags/example_dataset_alias.py took 0.087 seconds
[2026-05-15T15:57:24.939+0000] {processor.py:186} INFO - Started process (PID=17113) to work on /usr/local/python/3.12.1/lib/python3.12/site-packages/airflow/example_dags/example_dataset_alias.py
[2026-05-15T15:57:24.940+0000] {processor.py:914} INFO - Processing file /usr/local/python/3.12.1/lib/python3.12/site-packages/airflow/example_dags/example_dataset_alias.py for tasks to queue
[2026-05-15T15:57:24.941+0000] {logging_mixin.py:190} INFO - [2026-05-15T15:57:24.941+0000] {dagbag.py:588} INFO - Filling up the DagBag from /usr/local/python/3.12.1/lib/python3.12/site-packages/airflow/example_dags/example_dataset_alias.py
[2026-05-15T15:57:24.959+0000] {processor.py:925} INFO - DAG(s) 'dataset_alias_example_alias_consumer', 'dataset_s3_bucket_consumer', 'dataset_s3_bucket_producer', 'dataset_alias_example_alias_producer' retrieved from /usr/local/python/3.12.1/lib/python3.12/site-packages/airflow/example_dags/example_dataset_alias.py
[2026-05-15T15:57:24.974+0000] {logging_mixin.py:190} INFO - [2026-05-15T15:57:24.974+0000] {dag.py:3239} INFO - Sync 4 DAGs
[2026-05-15T15:57:24.990+0000] {logging_mixin.py:190} INFO - [2026-05-15T15:57:24.990+0000] {dag.py:4180} INFO - Setting next_dagrun for dataset_alias_example_alias_consumer to None, run_after=None
[2026-05-15T15:57:24.991+0000] {logging_mixin.py:190} INFO - [2026-05-15T15:57:24.991+0000] {dag.py:4180} INFO - Setting next_dagrun for dataset_alias_example_alias_producer to None, run_after=None
[2026-05-15T15:57:24.992+0000] {logging_mixin.py:190} INFO - [2026-05-15T15:57:24.992+0000] {dag.py:4180} INFO - Setting next_dagrun for dataset_s3_bucket_consumer to None, run_after=None
[2026-05-15T15:57:24.993+0000] {logging_mixin.py:190} INFO - [2026-05-15T15:57:24.993+0000] {dag.py:4180} INFO - Setting next_dagrun for dataset_s3_bucket_producer to None, run_after=None
[2026-05-15T15:57:25.011+0000] {processor.py:208} INFO - Processing /usr/local/python/3.12.1/lib/python3.12/site-packages/airflow/example_dags/example_dataset_alias.py took 0.077 seconds
[2026-05-15T15:59:23.666+0000] {processor.py:186} INFO - Started process (PID=18589) to work on /usr/local/python/3.12.1/lib/python3.12/site-packages/airflow/example_dags/example_dataset_alias.py
[2026-05-15T15:59:23.667+0000] {processor.py:914} INFO - Processing file /usr/local/python/3.12.1/lib/python3.12/site-packages/airflow/example_dags/example_dataset_alias.py for tasks to queue
[2026-05-15T15:59:23.669+0000] {logging_mixin.py:190} INFO - [2026-05-15T15:59:23.668+0000] {dagbag.py:588} INFO - Filling up the DagBag from /usr/local/python/3.12.1/lib/python3.12/site-packages/airflow/example_dags/example_dataset_alias.py
[2026-05-15T15:59:23.686+0000] {processor.py:925} INFO - DAG(s) 'dataset_alias_example_alias_consumer', 'dataset_alias_example_alias_producer', 'dataset_s3_bucket_consumer', 'dataset_s3_bucket_producer' retrieved from /usr/local/python/3.12.1/lib/python3.12/site-packages/airflow/example_dags/example_dataset_alias.py
[2026-05-15T15:59:23.707+0000] {logging_mixin.py:190} INFO - [2026-05-15T15:59:23.707+0000] {dag.py:3239} INFO - Sync 4 DAGs
[2026-05-15T15:59:23.743+0000] {logging_mixin.py:190} INFO - [2026-05-15T15:59:23.743+0000] {dag.py:4180} INFO - Setting next_dagrun for dataset_alias_example_alias_consumer to None, run_after=None
[2026-05-15T15:59:23.745+0000] {logging_mixin.py:190} INFO - [2026-05-15T15:59:23.745+0000] {dag.py:4180} INFO - Setting next_dagrun for dataset_alias_example_alias_producer to None, run_after=None
[2026-05-15T15:59:23.746+0000] {logging_mixin.py:190} INFO - [2026-05-15T15:59:23.746+0000] {dag.py:4180} INFO - Setting next_dagrun for dataset_s3_bucket_consumer to None, run_after=None
[2026-05-15T15:59:23.747+0000] {logging_mixin.py:190} INFO - [2026-05-15T15:59:23.747+0000] {dag.py:4180} INFO - Setting next_dagrun for dataset_s3_bucket_producer to None, run_after=None
[2026-05-15T15:59:23.779+0000] {processor.py:208} INFO - Processing /usr/local/python/3.12.1/lib/python3.12/site-packages/airflow/example_dags/example_dataset_alias.py took 0.117 seconds
[2026-05-15T16:00:19.200+0000] {processor.py:186} INFO - Started process (PID=19375) to work on /usr/local/python/3.12.1/lib/python3.12/site-packages/airflow/example_dags/example_dataset_alias.py
[2026-05-15T16:00:19.201+0000] {processor.py:914} INFO - Processing file /usr/local/python/3.12.1/lib/python3.12/site-packages/airflow/example_dags/example_dataset_alias.py for tasks to queue
[2026-05-15T16:00:19.202+0000] {logging_mixin.py:190} INFO - [2026-05-15T16:00:19.202+0000] {dagbag.py:588} INFO - Filling up the DagBag from /usr/local/python/3.12.1/lib/python3.12/site-packages/airflow/example_dags/example_dataset_alias.py
[2026-05-15T16:00:19.220+0000] {processor.py:925} INFO - DAG(s) 'dataset_s3_bucket_consumer', 'dataset_alias_example_alias_producer', 'dataset_s3_bucket_producer', 'dataset_alias_example_alias_consumer' retrieved from /usr/local/python/3.12.1/lib/python3.12/site-packages/airflow/example_dags/example_dataset_alias.py
[2026-05-15T16:00:19.234+0000] {logging_mixin.py:190} INFO - [2026-05-15T16:00:19.234+0000] {dag.py:3239} INFO - Sync 4 DAGs
[2026-05-15T16:00:19.252+0000] {logging_mixin.py:190} INFO - [2026-05-15T16:00:19.252+0000] {dag.py:4180} INFO - Setting next_dagrun for dataset_alias_example_alias_consumer to None, run_after=None
[2026-05-15T16:00:19.253+0000] {logging_mixin.py:190} INFO - [2026-05-15T16:00:19.253+0000] {dag.py:4180} INFO - Setting next_dagrun for dataset_alias_example_alias_producer to None, run_after=None
[2026-05-15T16:00:19.254+0000] {logging_mixin.py:190} INFO - [2026-05-15T16:00:19.254+0000] {dag.py:4180} INFO - Setting next_dagrun for dataset_s3_bucket_consumer to None, run_after=None
[2026-05-15T16:00:19.255+0000] {logging_mixin.py:190} INFO - [2026-05-15T16:00:19.255+0000] {dag.py:4180} INFO - Setting next_dagrun for dataset_s3_bucket_producer to None, run_after=None
[2026-05-15T16:00:19.273+0000] {processor.py:208} INFO - Processing /usr/local/python/3.12.1/lib/python3.12/site-packages/airflow/example_dags/example_dataset_alias.py took 0.077 seconds
[2026-05-15T16:01:26.905+0000] {processor.py:186} INFO - Started process (PID=20233) to work on /usr/local/python/3.12.1/lib/python3.12/site-packages/airflow/example_dags/example_dataset_alias.py
[2026-05-15T16:01:26.906+0000] {processor.py:914} INFO - Processing file /usr/local/python/3.12.1/lib/python3.12/site-packages/airflow/example_dags/example_dataset_alias.py for tasks to queue
[2026-05-15T16:01:26.907+0000] {logging_mixin.py:190} INFO - [2026-05-15T16:01:26.907+0000] {dagbag.py:588} INFO - Filling up the DagBag from /usr/local/python/3.12.1/lib/python3.12/site-packages/airflow/example_dags/example_dataset_alias.py
[2026-05-15T16:01:26.925+0000] {processor.py:925} INFO - DAG(s) 'dataset_alias_example_alias_consumer', 'dataset_s3_bucket_producer', 'dataset_s3_bucket_consumer', 'dataset_alias_example_alias_producer' retrieved from /usr/local/python/3.12.1/lib/python3.12/site-packages/airflow/example_dags/example_dataset_alias.py
[2026-05-15T16:01:26.939+0000] {logging_mixin.py:190} INFO - [2026-05-15T16:01:26.939+0000] {dag.py:3239} INFO - Sync 4 DAGs
[2026-05-15T16:01:26.955+0000] {logging_mixin.py:190} INFO - [2026-05-15T16:01:26.955+0000] {dag.py:4180} INFO - Setting next_dagrun for dataset_alias_example_alias_consumer to None, run_after=None
[2026-05-15T16:01:26.957+0000] {logging_mixin.py:190} INFO - [2026-05-15T16:01:26.956+0000] {dag.py:4180} INFO - Setting next_dagrun for dataset_alias_example_alias_producer to None, run_after=None
[2026-05-15T16:01:26.957+0000] {logging_mixin.py:190} INFO - [2026-05-15T16:01:26.957+0000] {dag.py:4180} INFO - Setting next_dagrun for dataset_s3_bucket_consumer to None, run_after=None
[2026-05-15T16:01:26.958+0000] {logging_mixin.py:190} INFO - [2026-05-15T16:01:26.958+0000] {dag.py:4180} INFO - Setting next_dagrun for dataset_s3_bucket_producer to None, run_after=None
[2026-05-15T16:01:26.975+0000] {processor.py:208} INFO - Processing /usr/local/python/3.12.1/lib/python3.12/site-packages/airflow/example_dags/example_dataset_alias.py took 0.076 seconds
[2026-05-15T16:02:22.597+0000] {processor.py:186} INFO - Started process (PID=20867) to work on /usr/local/python/3.12.1/lib/python3.12/site-packages/airflow/example_dags/example_dataset_alias.py
[2026-05-15T16:02:22.599+0000] {processor.py:914} INFO - Processing file /usr/local/python/3.12.1/lib/python3.12/site-packages/airflow/example_dags/example_dataset_alias.py for tasks to queue
[2026-05-15T16:02:22.601+0000] {logging_mixin.py:190} INFO - [2026-05-15T16:02:22.601+0000] {dagbag.py:588} INFO - Filling up the DagBag from /usr/local/python/3.12.1/lib/python3.12/site-packages/airflow/example_dags/example_dataset_alias.py
[2026-05-15T16:02:22.628+0000] {processor.py:925} INFO - DAG(s) 'dataset_s3_bucket_producer', 'dataset_s3_bucket_consumer', 'dataset_alias_example_alias_consumer', 'dataset_alias_example_alias_producer' retrieved from /usr/local/python/3.12.1/lib/python3.12/site-packages/airflow/example_dags/example_dataset_alias.py
[2026-05-15T16:02:22.651+0000] {logging_mixin.py:190} INFO - [2026-05-15T16:02:22.651+0000] {dag.py:3239} INFO - Sync 4 DAGs
[2026-05-15T16:02:22.669+0000] {logging_mixin.py:190} INFO - [2026-05-15T16:02:22.668+0000] {dag.py:4180} INFO - Setting next_dagrun for dataset_alias_example_alias_consumer to None, run_after=None
[2026-05-15T16:02:22.670+0000] {logging_mixin.py:190} INFO - [2026-05-15T16:02:22.670+0000] {dag.py:4180} INFO - Setting next_dagrun for dataset_alias_example_alias_producer to None, run_after=None
[2026-05-15T16:02:22.671+0000] {logging_mixin.py:190} INFO - [2026-05-15T16:02:22.671+0000] {dag.py:4180} INFO - Setting next_dagrun for dataset_s3_bucket_consumer to None, run_after=None
[2026-05-15T16:02:22.672+0000] {logging_mixin.py:190} INFO - [2026-05-15T16:02:22.671+0000] {dag.py:4180} INFO - Setting next_dagrun for dataset_s3_bucket_producer to None, run_after=None
[2026-05-15T16:02:22.690+0000] {processor.py:208} INFO - Processing /usr/local/python/3.12.1/lib/python3.12/site-packages/airflow/example_dags/example_dataset_alias.py took 0.100 seconds
[2026-05-15T16:03:35.125+0000] {processor.py:186} INFO - Started process (PID=21491) to work on /usr/local/python/3.12.1/lib/python3.12/site-packages/airflow/example_dags/example_dataset_alias.py
[2026-05-15T16:03:35.125+0000] {processor.py:914} INFO - Processing file /usr/local/python/3.12.1/lib/python3.12/site-packages/airflow/example_dags/example_dataset_alias.py for tasks to queue
[2026-05-15T16:03:35.127+0000] {logging_mixin.py:190} INFO - [2026-05-15T16:03:35.127+0000] {dagbag.py:588} INFO - Filling up the DagBag from /usr/local/python/3.12.1/lib/python3.12/site-packages/airflow/example_dags/example_dataset_alias.py
[2026-05-15T16:03:35.146+0000] {processor.py:925} INFO - DAG(s) 'dataset_s3_bucket_consumer', 'dataset_alias_example_alias_consumer', 'dataset_s3_bucket_producer', 'dataset_alias_example_alias_producer' retrieved from /usr/local/python/3.12.1/lib/python3.12/site-packages/airflow/example_dags/example_dataset_alias.py
[2026-05-15T16:03:35.162+0000] {logging_mixin.py:190} INFO - [2026-05-15T16:03:35.162+0000] {dag.py:3239} INFO - Sync 4 DAGs
[2026-05-15T16:03:35.178+0000] {logging_mixin.py:190} INFO - [2026-05-15T16:03:35.178+0000] {dag.py:4180} INFO - Setting next_dagrun for dataset_alias_example_alias_consumer to None, run_after=None
[2026-05-15T16:03:35.179+0000] {logging_mixin.py:190} INFO - [2026-05-15T16:03:35.179+0000] {dag.py:4180} INFO - Setting next_dagrun for dataset_alias_example_alias_producer to None, run_after=None
[2026-05-15T16:03:35.180+0000] {logging_mixin.py:190} INFO - [2026-05-15T16:03:35.180+0000] {dag.py:4180} INFO - Setting next_dagrun for dataset_s3_bucket_consumer to None, run_after=None
[2026-05-15T16:03:35.181+0000] {logging_mixin.py:190} INFO - [2026-05-15T16:03:35.181+0000] {dag.py:4180} INFO - Setting next_dagrun for dataset_s3_bucket_producer to None, run_after=None
[2026-05-15T16:03:35.198+0000] {processor.py:208} INFO - Processing /usr/local/python/3.12.1/lib/python3.12/site-packages/airflow/example_dags/example_dataset_alias.py took 0.078 seconds
[2026-05-15T16:04:46.061+0000] {processor.py:186} INFO - Started process (PID=22229) to work on /usr/local/python/3.12.1/lib/python3.12/site-packages/airflow/example_dags/example_dataset_alias.py
[2026-05-15T16:04:46.062+0000] {processor.py:914} INFO - Processing file /usr/local/python/3.12.1/lib/python3.12/site-packages/airflow/example_dags/example_dataset_alias.py for tasks to queue
[2026-05-15T16:04:46.064+0000] {logging_mixin.py:190} INFO - [2026-05-15T16:04:46.064+0000] {dagbag.py:588} INFO - Filling up the DagBag from /usr/local/python/3.12.1/lib/python3.12/site-packages/airflow/example_dags/example_dataset_alias.py
[2026-05-15T16:04:46.087+0000] {processor.py:925} INFO - DAG(s) 'dataset_alias_example_alias_consumer', 'dataset_s3_bucket_consumer', 'dataset_s3_bucket_producer', 'dataset_alias_example_alias_producer' retrieved from /usr/local/python/3.12.1/lib/python3.12/site-packages/airflow/example_dags/example_dataset_alias.py
[2026-05-15T16:04:46.102+0000] {logging_mixin.py:190} INFO - [2026-05-15T16:04:46.102+0000] {dag.py:3239} INFO - Sync 4 DAGs
[2026-05-15T16:04:46.119+0000] {logging_mixin.py:190} INFO - [2026-05-15T16:04:46.118+0000] {dag.py:4180} INFO - Setting next_dagrun for dataset_alias_example_alias_consumer to None, run_after=None
[2026-05-15T16:04:46.120+0000] {logging_mixin.py:190} INFO - [2026-05-15T16:04:46.120+0000] {dag.py:4180} INFO - Setting next_dagrun for dataset_alias_example_alias_producer to None, run_after=None
[2026-05-15T16:04:46.121+0000] {logging_mixin.py:190} INFO - [2026-05-15T16:04:46.121+0000] {dag.py:4180} INFO - Setting next_dagrun for dataset_s3_bucket_consumer to None, run_after=None
[2026-05-15T16:04:46.122+0000] {logging_mixin.py:190} INFO - [2026-05-15T16:04:46.122+0000] {dag.py:4180} INFO - Setting next_dagrun for dataset_s3_bucket_producer to None, run_after=None
[2026-05-15T16:04:46.140+0000] {processor.py:208} INFO - Processing /usr/local/python/3.12.1/lib/python3.12/site-packages/airflow/example_dags/example_dataset_alias.py took 0.089 seconds
[2026-05-15T16:05:59.534+0000] {processor.py:186} INFO - Started process (PID=22854) to work on /usr/local/python/3.12.1/lib/python3.12/site-packages/airflow/example_dags/example_dataset_alias.py
[2026-05-15T16:05:59.535+0000] {processor.py:914} INFO - Processing file /usr/local/python/3.12.1/lib/python3.12/site-packages/airflow/example_dags/example_dataset_alias.py for tasks to queue
[2026-05-15T16:05:59.536+0000] {logging_mixin.py:190} INFO - [2026-05-15T16:05:59.536+0000] {dagbag.py:588} INFO - Filling up the DagBag from /usr/local/python/3.12.1/lib/python3.12/site-packages/airflow/example_dags/example_dataset_alias.py
[2026-05-15T16:05:59.555+0000] {processor.py:925} INFO - DAG(s) 'dataset_alias_example_alias_producer', 'dataset_alias_example_alias_consumer', 'dataset_s3_bucket_consumer', 'dataset_s3_bucket_producer' retrieved from /usr/local/python/3.12.1/lib/python3.12/site-packages/airflow/example_dags/example_dataset_alias.py
[2026-05-15T16:05:59.570+0000] {logging_mixin.py:190} INFO - [2026-05-15T16:05:59.569+0000] {dag.py:3239} INFO - Sync 4 DAGs
[2026-05-15T16:05:59.586+0000] {logging_mixin.py:190} INFO - [2026-05-15T16:05:59.586+0000] {dag.py:4180} INFO - Setting next_dagrun for dataset_alias_example_alias_consumer to None, run_after=None
[2026-05-15T16:05:59.588+0000] {logging_mixin.py:190} INFO - [2026-05-15T16:05:59.587+0000] {dag.py:4180} INFO - Setting next_dagrun for dataset_alias_example_alias_producer to None, run_after=None
[2026-05-15T16:05:59.588+0000] {logging_mixin.py:190} INFO - [2026-05-15T16:05:59.588+0000] {dag.py:4180} INFO - Setting next_dagrun for dataset_s3_bucket_consumer to None, run_after=None
[2026-05-15T16:05:59.589+0000] {logging_mixin.py:190} INFO - [2026-05-15T16:05:59.589+0000] {dag.py:4180} INFO - Setting next_dagrun for dataset_s3_bucket_producer to None, run_after=None
[2026-05-15T16:05:59.607+0000] {processor.py:208} INFO - Processing /usr/local/python/3.12.1/lib/python3.12/site-packages/airflow/example_dags/example_dataset_alias.py took 0.077 seconds
[2026-05-15T16:06:53.214+0000] {processor.py:186} INFO - Started process (PID=23338) to work on /usr/local/python/3.12.1/lib/python3.12/site-packages/airflow/example_dags/example_dataset_alias.py
[2026-05-15T16:06:53.214+0000] {processor.py:914} INFO - Processing file /usr/local/python/3.12.1/lib/python3.12/site-packages/airflow/example_dags/example_dataset_alias.py for tasks to queue
[2026-05-15T16:06:53.216+0000] {logging_mixin.py:190} INFO - [2026-05-15T16:06:53.216+0000] {dagbag.py:588} INFO - Filling up the DagBag from /usr/local/python/3.12.1/lib/python3.12/site-packages/airflow/example_dags/example_dataset_alias.py
[2026-05-15T16:06:53.235+0000] {processor.py:925} INFO - DAG(s) 'dataset_s3_bucket_producer', 'dataset_alias_example_alias_producer', 'dataset_alias_example_alias_consumer', 'dataset_s3_bucket_consumer' retrieved from /usr/local/python/3.12.1/lib/python3.12/site-packages/airflow/example_dags/example_dataset_alias.py
[2026-05-15T16:06:53.250+0000] {logging_mixin.py:190} INFO - [2026-05-15T16:06:53.250+0000] {dag.py:3239} INFO - Sync 4 DAGs
[2026-05-15T16:06:53.266+0000] {logging_mixin.py:190} INFO - [2026-05-15T16:06:53.266+0000] {dag.py:4180} INFO - Setting next_dagrun for dataset_alias_example_alias_consumer to None, run_after=None
[2026-05-15T16:06:53.267+0000] {logging_mixin.py:190} INFO - [2026-05-15T16:06:53.267+0000] {dag.py:4180} INFO - Setting next_dagrun for dataset_alias_example_alias_producer to None, run_after=None
[2026-05-15T16:06:53.269+0000] {logging_mixin.py:190} INFO - [2026-05-15T16:06:53.269+0000] {dag.py:4180} INFO - Setting next_dagrun for dataset_s3_bucket_consumer to None, run_after=None
[2026-05-15T16:06:53.270+0000] {logging_mixin.py:190} INFO - [2026-05-15T16:06:53.270+0000] {dag.py:4180} INFO - Setting next_dagrun for dataset_s3_bucket_producer to None, run_after=None
[2026-05-15T16:06:53.291+0000] {processor.py:208} INFO - Processing /usr/local/python/3.12.1/lib/python3.12/site-packages/airflow/example_dags/example_dataset_alias.py took 0.082 seconds
[2026-05-15T16:08:08.026+0000] {processor.py:186} INFO - Started process (PID=23964) to work on /usr/local/python/3.12.1/lib/python3.12/site-packages/airflow/example_dags/example_dataset_alias.py
[2026-05-15T16:08:08.027+0000] {processor.py:914} INFO - Processing file /usr/local/python/3.12.1/lib/python3.12/site-packages/airflow/example_dags/example_dataset_alias.py for tasks to queue
[2026-05-15T16:08:08.028+0000] {logging_mixin.py:190} INFO - [2026-05-15T16:08:08.028+0000] {dagbag.py:588} INFO - Filling up the DagBag from /usr/local/python/3.12.1/lib/python3.12/site-packages/airflow/example_dags/example_dataset_alias.py
[2026-05-15T16:08:08.046+0000] {processor.py:925} INFO - DAG(s) 'dataset_s3_bucket_consumer', 'dataset_alias_example_alias_producer', 'dataset_alias_example_alias_consumer', 'dataset_s3_bucket_producer' retrieved from /usr/local/python/3.12.1/lib/python3.12/site-packages/airflow/example_dags/example_dataset_alias.py
[2026-05-15T16:08:08.061+0000] {logging_mixin.py:190} INFO - [2026-05-15T16:08:08.061+0000] {dag.py:3239} INFO - Sync 4 DAGs
[2026-05-15T16:08:08.080+0000] {logging_mixin.py:190} INFO - [2026-05-15T16:08:08.080+0000] {dag.py:4180} INFO - Setting next_dagrun for dataset_alias_example_alias_consumer to None, run_after=None
[2026-05-15T16:08:08.081+0000] {logging_mixin.py:190} INFO - [2026-05-15T16:08:08.081+0000] {dag.py:4180} INFO - Setting next_dagrun for dataset_alias_example_alias_producer to None, run_after=None
[2026-05-15T16:08:08.082+0000] {logging_mixin.py:190} INFO - [2026-05-15T16:08:08.082+0000] {dag.py:4180} INFO - Setting next_dagrun for dataset_s3_bucket_consumer to None, run_after=None
[2026-05-15T16:08:08.083+0000] {logging_mixin.py:190} INFO - [2026-05-15T16:08:08.083+0000] {dag.py:4180} INFO - Setting next_dagrun for dataset_s3_bucket_producer to None, run_after=None
[2026-05-15T16:08:08.100+0000] {processor.py:208} INFO - Processing /usr/local/python/3.12.1/lib/python3.12/site-packages/airflow/example_dags/example_dataset_alias.py took 0.079 seconds
[2026-05-15T16:09:16.283+0000] {processor.py:186} INFO - Started process (PID=24622) to work on /usr/local/python/3.12.1/lib/python3.12/site-packages/airflow/example_dags/example_dataset_alias.py
[2026-05-15T16:09:16.284+0000] {processor.py:914} INFO - Processing file /usr/local/python/3.12.1/lib/python3.12/site-packages/airflow/example_dags/example_dataset_alias.py for tasks to queue
[2026-05-15T16:09:16.285+0000] {logging_mixin.py:190} INFO - [2026-05-15T16:09:16.285+0000] {dagbag.py:588} INFO - Filling up the DagBag from /usr/local/python/3.12.1/lib/python3.12/site-packages/airflow/example_dags/example_dataset_alias.py
[2026-05-15T16:09:16.304+0000] {processor.py:925} INFO - DAG(s) 'dataset_alias_example_alias_consumer', 'dataset_s3_bucket_producer', 'dataset_s3_bucket_consumer', 'dataset_alias_example_alias_producer' retrieved from /usr/local/python/3.12.1/lib/python3.12/site-packages/airflow/example_dags/example_dataset_alias.py
[2026-05-15T16:09:16.320+0000] {logging_mixin.py:190} INFO - [2026-05-15T16:09:16.319+0000] {dag.py:3239} INFO - Sync 4 DAGs
[2026-05-15T16:09:16.336+0000] {logging_mixin.py:190} INFO - [2026-05-15T16:09:16.336+0000] {dag.py:4180} INFO - Setting next_dagrun for dataset_alias_example_alias_consumer to None, run_after=None
[2026-05-15T16:09:16.337+0000] {logging_mixin.py:190} INFO - [2026-05-15T16:09:16.337+0000] {dag.py:4180} INFO - Setting next_dagrun for dataset_alias_example_alias_producer to None, run_after=None
[2026-05-15T16:09:16.338+0000] {logging_mixin.py:190} INFO - [2026-05-15T16:09:16.338+0000] {dag.py:4180} INFO - Setting next_dagrun for dataset_s3_bucket_consumer to None, run_after=None
[2026-05-15T16:09:16.339+0000] {logging_mixin.py:190} INFO - [2026-05-15T16:09:16.339+0000] {dag.py:4180} INFO - Setting next_dagrun for dataset_s3_bucket_producer to None, run_after=None
[2026-05-15T16:09:16.357+0000] {processor.py:208} INFO - Processing /usr/local/python/3.12.1/lib/python3.12/site-packages/airflow/example_dags/example_dataset_alias.py took 0.078 seconds
[2026-05-15T16:10:34.268+0000] {processor.py:186} INFO - Started process (PID=25264) to work on /usr/local/python/3.12.1/lib/python3.12/site-packages/airflow/example_dags/example_dataset_alias.py
[2026-05-15T16:10:34.269+0000] {processor.py:914} INFO - Processing file /usr/local/python/3.12.1/lib/python3.12/site-packages/airflow/example_dags/example_dataset_alias.py for tasks to queue
[2026-05-15T16:10:34.270+0000] {logging_mixin.py:190} INFO - [2026-05-15T16:10:34.270+0000] {dagbag.py:588} INFO - Filling up the DagBag from /usr/local/python/3.12.1/lib/python3.12/site-packages/airflow/example_dags/example_dataset_alias.py
[2026-05-15T16:10:34.289+0000] {processor.py:925} INFO - DAG(s) 'dataset_s3_bucket_producer', 'dataset_alias_example_alias_producer', 'dataset_s3_bucket_consumer', 'dataset_alias_example_alias_consumer' retrieved from /usr/local/python/3.12.1/lib/python3.12/site-packages/airflow/example_dags/example_dataset_alias.py
[2026-05-15T16:10:34.304+0000] {logging_mixin.py:190} INFO - [2026-05-15T16:10:34.303+0000] {dag.py:3239} INFO - Sync 4 DAGs
[2026-05-15T16:10:34.319+0000] {logging_mixin.py:190} INFO - [2026-05-15T16:10:34.319+0000] {dag.py:4180} INFO - Setting next_dagrun for dataset_alias_example_alias_consumer to None, run_after=None
[2026-05-15T16:10:34.321+0000] {logging_mixin.py:190} INFO - [2026-05-15T16:10:34.321+0000] {dag.py:4180} INFO - Setting next_dagrun for dataset_alias_example_alias_producer to None, run_after=None
[2026-05-15T16:10:34.322+0000] {logging_mixin.py:190} INFO - [2026-05-15T16:10:34.321+0000] {dag.py:4180} INFO - Setting next_dagrun for dataset_s3_bucket_consumer to None, run_after=None
[2026-05-15T16:10:34.322+0000] {logging_mixin.py:190} INFO - [2026-05-15T16:10:34.322+0000] {dag.py:4180} INFO - Setting next_dagrun for dataset_s3_bucket_producer to None, run_after=None
[2026-05-15T16:10:34.344+0000] {processor.py:208} INFO - Processing /usr/local/python/3.12.1/lib/python3.12/site-packages/airflow/example_dags/example_dataset_alias.py took 0.081 seconds
[2026-05-15T16:11:43.298+0000] {processor.py:186} INFO - Started process (PID=25923) to work on /usr/local/python/3.12.1/lib/python3.12/site-packages/airflow/example_dags/example_dataset_alias.py
[2026-05-15T16:11:43.299+0000] {processor.py:914} INFO - Processing file /usr/local/python/3.12.1/lib/python3.12/site-packages/airflow/example_dags/example_dataset_alias.py for tasks to queue
[2026-05-15T16:11:43.301+0000] {logging_mixin.py:190} INFO - [2026-05-15T16:11:43.300+0000] {dagbag.py:588} INFO - Filling up the DagBag from /usr/local/python/3.12.1/lib/python3.12/site-packages/airflow/example_dags/example_dataset_alias.py
[2026-05-15T16:11:43.319+0000] {processor.py:925} INFO - DAG(s) 'dataset_s3_bucket_producer', 'dataset_alias_example_alias_consumer', 'dataset_s3_bucket_consumer', 'dataset_alias_example_alias_producer' retrieved from /usr/local/python/3.12.1/lib/python3.12/site-packages/airflow/example_dags/example_dataset_alias.py
[2026-05-15T16:11:43.334+0000] {logging_mixin.py:190} INFO - [2026-05-15T16:11:43.334+0000] {dag.py:3239} INFO - Sync 4 DAGs
[2026-05-15T16:11:43.363+0000] {logging_mixin.py:190} INFO - [2026-05-15T16:11:43.363+0000] {dag.py:4180} INFO - Setting next_dagrun for dataset_alias_example_alias_consumer to None, run_after=None
[2026-05-15T16:11:43.366+0000] {logging_mixin.py:190} INFO - [2026-05-15T16:11:43.366+0000] {dag.py:4180} INFO - Setting next_dagrun for dataset_alias_example_alias_producer to None, run_after=None
[2026-05-15T16:11:43.367+0000] {logging_mixin.py:190} INFO - [2026-05-15T16:11:43.367+0000] {dag.py:4180} INFO - Setting next_dagrun for dataset_s3_bucket_consumer to None, run_after=None
[2026-05-15T16:11:43.368+0000] {logging_mixin.py:190} INFO - [2026-05-15T16:11:43.368+0000] {dag.py:4180} INFO - Setting next_dagrun for dataset_s3_bucket_producer to None, run_after=None
[2026-05-15T16:11:43.385+0000] {processor.py:208} INFO - Processing /usr/local/python/3.12.1/lib/python3.12/site-packages/airflow/example_dags/example_dataset_alias.py took 0.091 seconds
[2026-05-15T16:12:53.586+0000] {processor.py:186} INFO - Started process (PID=26523) to work on /usr/local/python/3.12.1/lib/python3.12/site-packages/airflow/example_dags/example_dataset_alias.py
[2026-05-15T16:12:53.587+0000] {processor.py:914} INFO - Processing file /usr/local/python/3.12.1/lib/python3.12/site-packages/airflow/example_dags/example_dataset_alias.py for tasks to queue
[2026-05-15T16:12:53.588+0000] {logging_mixin.py:190} INFO - [2026-05-15T16:12:53.588+0000] {dagbag.py:588} INFO - Filling up the DagBag from /usr/local/python/3.12.1/lib/python3.12/site-packages/airflow/example_dags/example_dataset_alias.py
[2026-05-15T16:12:53.607+0000] {processor.py:925} INFO - DAG(s) 'dataset_alias_example_alias_producer', 'dataset_s3_bucket_producer', 'dataset_alias_example_alias_consumer', 'dataset_s3_bucket_consumer' retrieved from /usr/local/python/3.12.1/lib/python3.12/site-packages/airflow/example_dags/example_dataset_alias.py
[2026-05-15T16:12:53.621+0000] {logging_mixin.py:190} INFO - [2026-05-15T16:12:53.621+0000] {dag.py:3239} INFO - Sync 4 DAGs
[2026-05-15T16:12:53.638+0000] {logging_mixin.py:190} INFO - [2026-05-15T16:12:53.637+0000] {dag.py:4180} INFO - Setting next_dagrun for dataset_alias_example_alias_consumer to None, run_after=None
[2026-05-15T16:12:53.639+0000] {logging_mixin.py:190} INFO - [2026-05-15T16:12:53.639+0000] {dag.py:4180} INFO - Setting next_dagrun for dataset_alias_example_alias_producer to None, run_after=None
[2026-05-15T16:12:53.640+0000] {logging_mixin.py:190} INFO - [2026-05-15T16:12:53.640+0000] {dag.py:4180} INFO - Setting next_dagrun for dataset_s3_bucket_consumer to None, run_after=None
[2026-05-15T16:12:53.641+0000] {logging_mixin.py:190} INFO - [2026-05-15T16:12:53.641+0000] {dag.py:4180} INFO - Setting next_dagrun for dataset_s3_bucket_producer to None, run_after=None
[2026-05-15T16:12:53.659+0000] {processor.py:208} INFO - Processing /usr/local/python/3.12.1/lib/python3.12/site-packages/airflow/example_dags/example_dataset_alias.py took 0.077 seconds
[2026-05-15T16:14:03.962+0000] {processor.py:186} INFO - Started process (PID=27194) to work on /usr/local/python/3.12.1/lib/python3.12/site-packages/airflow/example_dags/example_dataset_alias.py
[2026-05-15T16:14:03.963+0000] {processor.py:914} INFO - Processing file /usr/local/python/3.12.1/lib/python3.12/site-packages/airflow/example_dags/example_dataset_alias.py for tasks to queue
[2026-05-15T16:14:03.964+0000] {logging_mixin.py:190} INFO - [2026-05-15T16:14:03.964+0000] {dagbag.py:588} INFO - Filling up the DagBag from /usr/local/python/3.12.1/lib/python3.12/site-packages/airflow/example_dags/example_dataset_alias.py
[2026-05-15T16:14:03.983+0000] {processor.py:925} INFO - DAG(s) 'dataset_s3_bucket_consumer', 'dataset_s3_bucket_producer', 'dataset_alias_example_alias_consumer', 'dataset_alias_example_alias_producer' retrieved from /usr/local/python/3.12.1/lib/python3.12/site-packages/airflow/example_dags/example_dataset_alias.py
[2026-05-15T16:14:03.997+0000] {logging_mixin.py:190} INFO - [2026-05-15T16:14:03.997+0000] {dag.py:3239} INFO - Sync 4 DAGs
[2026-05-15T16:14:04.013+0000] {logging_mixin.py:190} INFO - [2026-05-15T16:14:04.013+0000] {dag.py:4180} INFO - Setting next_dagrun for dataset_alias_example_alias_consumer to None, run_after=None
[2026-05-15T16:14:04.015+0000] {logging_mixin.py:190} INFO - [2026-05-15T16:14:04.014+0000] {dag.py:4180} INFO - Setting next_dagrun for dataset_alias_example_alias_producer to None, run_after=None
[2026-05-15T16:14:04.015+0000] {logging_mixin.py:190} INFO - [2026-05-15T16:14:04.015+0000] {dag.py:4180} INFO - Setting next_dagrun for dataset_s3_bucket_consumer to None, run_after=None
[2026-05-15T16:14:04.016+0000] {logging_mixin.py:190} INFO - [2026-05-15T16:14:04.016+0000] {dag.py:4180} INFO - Setting next_dagrun for dataset_s3_bucket_producer to None, run_after=None
[2026-05-15T16:14:04.034+0000] {processor.py:208} INFO - Processing /usr/local/python/3.12.1/lib/python3.12/site-packages/airflow/example_dags/example_dataset_alias.py took 0.076 seconds
[2026-05-15T16:15:17.774+0000] {processor.py:186} INFO - Started process (PID=27823) to work on /usr/local/python/3.12.1/lib/python3.12/site-packages/airflow/example_dags/example_dataset_alias.py
[2026-05-15T16:15:17.775+0000] {processor.py:914} INFO - Processing file /usr/local/python/3.12.1/lib/python3.12/site-packages/airflow/example_dags/example_dataset_alias.py for tasks to queue
[2026-05-15T16:15:17.777+0000] {logging_mixin.py:190} INFO - [2026-05-15T16:15:17.776+0000] {dagbag.py:588} INFO - Filling up the DagBag from /usr/local/python/3.12.1/lib/python3.12/site-packages/airflow/example_dags/example_dataset_alias.py
[2026-05-15T16:15:17.796+0000] {processor.py:925} INFO - DAG(s) 'dataset_alias_example_alias_producer', 'dataset_alias_example_alias_consumer', 'dataset_s3_bucket_consumer', 'dataset_s3_bucket_producer' retrieved from /usr/local/python/3.12.1/lib/python3.12/site-packages/airflow/example_dags/example_dataset_alias.py
[2026-05-15T16:15:17.810+0000] {logging_mixin.py:190} INFO - [2026-05-15T16:15:17.810+0000] {dag.py:3239} INFO - Sync 4 DAGs
[2026-05-15T16:15:17.826+0000] {logging_mixin.py:190} INFO - [2026-05-15T16:15:17.826+0000] {dag.py:4180} INFO - Setting next_dagrun for dataset_alias_example_alias_consumer to None, run_after=None
[2026-05-15T16:15:17.828+0000] {logging_mixin.py:190} INFO - [2026-05-15T16:15:17.828+0000] {dag.py:4180} INFO - Setting next_dagrun for dataset_alias_example_alias_producer to None, run_after=None
[2026-05-15T16:15:17.829+0000] {logging_mixin.py:190} INFO - [2026-05-15T16:15:17.828+0000] {dag.py:4180} INFO - Setting next_dagrun for dataset_s3_bucket_consumer to None, run_after=None
[2026-05-15T16:15:17.829+0000] {logging_mixin.py:190} INFO - [2026-05-15T16:15:17.829+0000] {dag.py:4180} INFO - Setting next_dagrun for dataset_s3_bucket_producer to None, run_after=None
[2026-05-15T16:15:17.861+0000] {processor.py:208} INFO - Processing /usr/local/python/3.12.1/lib/python3.12/site-packages/airflow/example_dags/example_dataset_alias.py took 0.091 seconds
[2026-05-15T16:16:27.366+0000] {processor.py:186} INFO - Started process (PID=28422) to work on /usr/local/python/3.12.1/lib/python3.12/site-packages/airflow/example_dags/example_dataset_alias.py
[2026-05-15T16:16:27.367+0000] {processor.py:914} INFO - Processing file /usr/local/python/3.12.1/lib/python3.12/site-packages/airflow/example_dags/example_dataset_alias.py for tasks to queue
[2026-05-15T16:16:27.369+0000] {logging_mixin.py:190} INFO - [2026-05-15T16:16:27.368+0000] {dagbag.py:588} INFO - Filling up the DagBag from /usr/local/python/3.12.1/lib/python3.12/site-packages/airflow/example_dags/example_dataset_alias.py
[2026-05-15T16:16:27.387+0000] {processor.py:925} INFO - DAG(s) 'dataset_s3_bucket_producer', 'dataset_alias_example_alias_consumer', 'dataset_s3_bucket_consumer', 'dataset_alias_example_alias_producer' retrieved from /usr/local/python/3.12.1/lib/python3.12/site-packages/airflow/example_dags/example_dataset_alias.py
[2026-05-15T16:16:27.402+0000] {logging_mixin.py:190} INFO - [2026-05-15T16:16:27.402+0000] {dag.py:3239} INFO - Sync 4 DAGs
[2026-05-15T16:16:27.418+0000] {logging_mixin.py:190} INFO - [2026-05-15T16:16:27.418+0000] {dag.py:4180} INFO - Setting next_dagrun for dataset_alias_example_alias_consumer to None, run_after=None
[2026-05-15T16:16:27.419+0000] {logging_mixin.py:190} INFO - [2026-05-15T16:16:27.419+0000] {dag.py:4180} INFO - Setting next_dagrun for dataset_alias_example_alias_producer to None, run_after=None
[2026-05-15T16:16:27.420+0000] {logging_mixin.py:190} INFO - [2026-05-15T16:16:27.420+0000] {dag.py:4180} INFO - Setting next_dagrun for dataset_s3_bucket_consumer to None, run_after=None
[2026-05-15T16:16:27.421+0000] {logging_mixin.py:190} INFO - [2026-05-15T16:16:27.421+0000] {dag.py:4180} INFO - Setting next_dagrun for dataset_s3_bucket_producer to None, run_after=None
[2026-05-15T16:16:27.439+0000] {processor.py:208} INFO - Processing /usr/local/python/3.12.1/lib/python3.12/site-packages/airflow/example_dags/example_dataset_alias.py took 0.077 seconds
[2026-05-15T16:17:39.505+0000] {processor.py:186} INFO - Started process (PID=29045) to work on /usr/local/python/3.12.1/lib/python3.12/site-packages/airflow/example_dags/example_dataset_alias.py
[2026-05-15T16:17:39.506+0000] {processor.py:914} INFO - Processing file /usr/local/python/3.12.1/lib/python3.12/site-packages/airflow/example_dags/example_dataset_alias.py for tasks to queue
[2026-05-15T16:17:39.507+0000] {logging_mixin.py:190} INFO - [2026-05-15T16:17:39.507+0000] {dagbag.py:588} INFO - Filling up the DagBag from /usr/local/python/3.12.1/lib/python3.12/site-packages/airflow/example_dags/example_dataset_alias.py
[2026-05-15T16:17:39.526+0000] {processor.py:925} INFO - DAG(s) 'dataset_s3_bucket_producer', 'dataset_alias_example_alias_consumer', 'dataset_alias_example_alias_producer', 'dataset_s3_bucket_consumer' retrieved from /usr/local/python/3.12.1/lib/python3.12/site-packages/airflow/example_dags/example_dataset_alias.py
[2026-05-15T16:17:39.542+0000] {logging_mixin.py:190} INFO - [2026-05-15T16:17:39.542+0000] {dag.py:3239} INFO - Sync 4 DAGs
[2026-05-15T16:17:39.558+0000] {logging_mixin.py:190} INFO - [2026-05-15T16:17:39.557+0000] {dag.py:4180} INFO - Setting next_dagrun for dataset_alias_example_alias_consumer to None, run_after=None
[2026-05-15T16:17:39.559+0000] {logging_mixin.py:190} INFO - [2026-05-15T16:17:39.559+0000] {dag.py:4180} INFO - Setting next_dagrun for dataset_alias_example_alias_producer to None, run_after=None
[2026-05-15T16:17:39.560+0000] {logging_mixin.py:190} INFO - [2026-05-15T16:17:39.560+0000] {dag.py:4180} INFO - Setting next_dagrun for dataset_s3_bucket_consumer to None, run_after=None
[2026-05-15T16:17:39.561+0000] {logging_mixin.py:190} INFO - [2026-05-15T16:17:39.561+0000] {dag.py:4180} INFO - Setting next_dagrun for dataset_s3_bucket_producer to None, run_after=None
[2026-05-15T16:17:39.579+0000] {processor.py:208} INFO - Processing /usr/local/python/3.12.1/lib/python3.12/site-packages/airflow/example_dags/example_dataset_alias.py took 0.078 seconds
[2026-05-15T16:18:56.922+0000] {processor.py:186} INFO - Started process (PID=29883) to work on /usr/local/python/3.12.1/lib/python3.12/site-packages/airflow/example_dags/example_dataset_alias.py
[2026-05-15T16:18:56.923+0000] {processor.py:914} INFO - Processing file /usr/local/python/3.12.1/lib/python3.12/site-packages/airflow/example_dags/example_dataset_alias.py for tasks to queue
[2026-05-15T16:18:56.925+0000] {logging_mixin.py:190} INFO - [2026-05-15T16:18:56.925+0000] {dagbag.py:588} INFO - Filling up the DagBag from /usr/local/python/3.12.1/lib/python3.12/site-packages/airflow/example_dags/example_dataset_alias.py
[2026-05-15T16:18:56.959+0000] {processor.py:925} INFO - DAG(s) 'dataset_alias_example_alias_consumer', 'dataset_s3_bucket_producer', 'dataset_s3_bucket_consumer', 'dataset_alias_example_alias_producer' retrieved from /usr/local/python/3.12.1/lib/python3.12/site-packages/airflow/example_dags/example_dataset_alias.py
[2026-05-15T16:18:56.985+0000] {logging_mixin.py:190} INFO - [2026-05-15T16:18:56.985+0000] {dag.py:3239} INFO - Sync 4 DAGs
[2026-05-15T16:18:57.015+0000] {logging_mixin.py:190} INFO - [2026-05-15T16:18:57.015+0000] {dag.py:4180} INFO - Setting next_dagrun for dataset_alias_example_alias_consumer to None, run_after=None
[2026-05-15T16:18:57.020+0000] {logging_mixin.py:190} INFO - [2026-05-15T16:18:57.019+0000] {dag.py:4180} INFO - Setting next_dagrun for dataset_alias_example_alias_producer to None, run_after=None
[2026-05-15T16:18:57.023+0000] {logging_mixin.py:190} INFO - [2026-05-15T16:18:57.023+0000] {dag.py:4180} INFO - Setting next_dagrun for dataset_s3_bucket_consumer to None, run_after=None
[2026-05-15T16:18:57.026+0000] {logging_mixin.py:190} INFO - [2026-05-15T16:18:57.024+0000] {dag.py:4180} INFO - Setting next_dagrun for dataset_s3_bucket_producer to None, run_after=None
[2026-05-15T16:18:57.066+0000] {processor.py:208} INFO - Processing /usr/local/python/3.12.1/lib/python3.12/site-packages/airflow/example_dags/example_dataset_alias.py took 0.149 seconds
[2026-05-15T16:20:10.422+0000] {processor.py:186} INFO - Started process (PID=30560) to work on /usr/local/python/3.12.1/lib/python3.12/site-packages/airflow/example_dags/example_dataset_alias.py
[2026-05-15T16:20:10.423+0000] {processor.py:914} INFO - Processing file /usr/local/python/3.12.1/lib/python3.12/site-packages/airflow/example_dags/example_dataset_alias.py for tasks to queue
[2026-05-15T16:20:10.424+0000] {logging_mixin.py:190} INFO - [2026-05-15T16:20:10.424+0000] {dagbag.py:588} INFO - Filling up the DagBag from /usr/local/python/3.12.1/lib/python3.12/site-packages/airflow/example_dags/example_dataset_alias.py
[2026-05-15T16:20:10.443+0000] {processor.py:925} INFO - DAG(s) 'dataset_alias_example_alias_producer', 'dataset_s3_bucket_producer', 'dataset_s3_bucket_consumer', 'dataset_alias_example_alias_consumer' retrieved from /usr/local/python/3.12.1/lib/python3.12/site-packages/airflow/example_dags/example_dataset_alias.py
[2026-05-15T16:20:10.458+0000] {logging_mixin.py:190} INFO - [2026-05-15T16:20:10.458+0000] {dag.py:3239} INFO - Sync 4 DAGs
[2026-05-15T16:20:10.473+0000] {logging_mixin.py:190} INFO - [2026-05-15T16:20:10.473+0000] {dag.py:4180} INFO - Setting next_dagrun for dataset_alias_example_alias_consumer to None, run_after=None
[2026-05-15T16:20:10.475+0000] {logging_mixin.py:190} INFO - [2026-05-15T16:20:10.475+0000] {dag.py:4180} INFO - Setting next_dagrun for dataset_alias_example_alias_producer to None, run_after=None
[2026-05-15T16:20:10.476+0000] {logging_mixin.py:190} INFO - [2026-05-15T16:20:10.476+0000] {dag.py:4180} INFO - Setting next_dagrun for dataset_s3_bucket_consumer to None, run_after=None
[2026-05-15T16:20:10.477+0000] {logging_mixin.py:190} INFO - [2026-05-15T16:20:10.477+0000] {dag.py:4180} INFO - Setting next_dagrun for dataset_s3_bucket_producer to None, run_after=None
[2026-05-15T16:20:10.495+0000] {processor.py:208} INFO - Processing /usr/local/python/3.12.1/lib/python3.12/site-packages/airflow/example_dags/example_dataset_alias.py took 0.077 seconds
[2026-05-15T16:20:59.964+0000] {processor.py:186} INFO - Started process (PID=31045) to work on /usr/local/python/3.12.1/lib/python3.12/site-packages/airflow/example_dags/example_dataset_alias.py
[2026-05-15T16:20:59.966+0000] {processor.py:914} INFO - Processing file /usr/local/python/3.12.1/lib/python3.12/site-packages/airflow/example_dags/example_dataset_alias.py for tasks to queue
[2026-05-15T16:20:59.968+0000] {logging_mixin.py:190} INFO - [2026-05-15T16:20:59.968+0000] {dagbag.py:588} INFO - Filling up the DagBag from /usr/local/python/3.12.1/lib/python3.12/site-packages/airflow/example_dags/example_dataset_alias.py
[2026-05-15T16:20:59.991+0000] {processor.py:925} INFO - DAG(s) 'dataset_s3_bucket_producer', 'dataset_alias_example_alias_producer', 'dataset_s3_bucket_consumer', 'dataset_alias_example_alias_consumer' retrieved from /usr/local/python/3.12.1/lib/python3.12/site-packages/airflow/example_dags/example_dataset_alias.py
[2026-05-15T16:21:00.006+0000] {logging_mixin.py:190} INFO - [2026-05-15T16:21:00.006+0000] {dag.py:3239} INFO - Sync 4 DAGs
[2026-05-15T16:21:00.022+0000] {logging_mixin.py:190} INFO - [2026-05-15T16:21:00.022+0000] {dag.py:4180} INFO - Setting next_dagrun for dataset_alias_example_alias_consumer to None, run_after=None
[2026-05-15T16:21:00.024+0000] {logging_mixin.py:190} INFO - [2026-05-15T16:21:00.024+0000] {dag.py:4180} INFO - Setting next_dagrun for dataset_alias_example_alias_producer to None, run_after=None
[2026-05-15T16:21:00.025+0000] {logging_mixin.py:190} INFO - [2026-05-15T16:21:00.025+0000] {dag.py:4180} INFO - Setting next_dagrun for dataset_s3_bucket_consumer to None, run_after=None
[2026-05-15T16:21:00.026+0000] {logging_mixin.py:190} INFO - [2026-05-15T16:21:00.026+0000] {dag.py:4180} INFO - Setting next_dagrun for dataset_s3_bucket_producer to None, run_after=None
[2026-05-15T16:21:00.043+0000] {processor.py:208} INFO - Processing /usr/local/python/3.12.1/lib/python3.12/site-packages/airflow/example_dags/example_dataset_alias.py took 0.085 seconds
[2026-05-15T16:22:13.341+0000] {processor.py:186} INFO - Started process (PID=31729) to work on /usr/local/python/3.12.1/lib/python3.12/site-packages/airflow/example_dags/example_dataset_alias.py
[2026-05-15T16:22:13.341+0000] {processor.py:914} INFO - Processing file /usr/local/python/3.12.1/lib/python3.12/site-packages/airflow/example_dags/example_dataset_alias.py for tasks to queue
[2026-05-15T16:22:13.343+0000] {logging_mixin.py:190} INFO - [2026-05-15T16:22:13.343+0000] {dagbag.py:588} INFO - Filling up the DagBag from /usr/local/python/3.12.1/lib/python3.12/site-packages/airflow/example_dags/example_dataset_alias.py
[2026-05-15T16:22:13.362+0000] {processor.py:925} INFO - DAG(s) 'dataset_s3_bucket_producer', 'dataset_alias_example_alias_producer', 'dataset_s3_bucket_consumer', 'dataset_alias_example_alias_consumer' retrieved from /usr/local/python/3.12.1/lib/python3.12/site-packages/airflow/example_dags/example_dataset_alias.py
[2026-05-15T16:22:13.377+0000] {logging_mixin.py:190} INFO - [2026-05-15T16:22:13.377+0000] {dag.py:3239} INFO - Sync 4 DAGs
[2026-05-15T16:22:13.392+0000] {logging_mixin.py:190} INFO - [2026-05-15T16:22:13.392+0000] {dag.py:4180} INFO - Setting next_dagrun for dataset_alias_example_alias_consumer to None, run_after=None
[2026-05-15T16:22:13.394+0000] {logging_mixin.py:190} INFO - [2026-05-15T16:22:13.394+0000] {dag.py:4180} INFO - Setting next_dagrun for dataset_alias_example_alias_producer to None, run_after=None
[2026-05-15T16:22:13.395+0000] {logging_mixin.py:190} INFO - [2026-05-15T16:22:13.395+0000] {dag.py:4180} INFO - Setting next_dagrun for dataset_s3_bucket_consumer to None, run_after=None
[2026-05-15T16:22:13.395+0000] {logging_mixin.py:190} INFO - [2026-05-15T16:22:13.395+0000] {dag.py:4180} INFO - Setting next_dagrun for dataset_s3_bucket_producer to None, run_after=None
[2026-05-15T16:22:13.413+0000] {processor.py:208} INFO - Processing /usr/local/python/3.12.1/lib/python3.12/site-packages/airflow/example_dags/example_dataset_alias.py took 0.076 seconds
[2026-05-15T16:23:26.284+0000] {processor.py:186} INFO - Started process (PID=32403) to work on /usr/local/python/3.12.1/lib/python3.12/site-packages/airflow/example_dags/example_dataset_alias.py
[2026-05-15T16:23:26.284+0000] {processor.py:914} INFO - Processing file /usr/local/python/3.12.1/lib/python3.12/site-packages/airflow/example_dags/example_dataset_alias.py for tasks to queue
[2026-05-15T16:23:26.286+0000] {logging_mixin.py:190} INFO - [2026-05-15T16:23:26.285+0000] {dagbag.py:588} INFO - Filling up the DagBag from /usr/local/python/3.12.1/lib/python3.12/site-packages/airflow/example_dags/example_dataset_alias.py
[2026-05-15T16:23:26.304+0000] {processor.py:925} INFO - DAG(s) 'dataset_s3_bucket_consumer', 'dataset_alias_example_alias_producer', 'dataset_s3_bucket_producer', 'dataset_alias_example_alias_consumer' retrieved from /usr/local/python/3.12.1/lib/python3.12/site-packages/airflow/example_dags/example_dataset_alias.py
[2026-05-15T16:23:26.318+0000] {logging_mixin.py:190} INFO - [2026-05-15T16:23:26.318+0000] {dag.py:3239} INFO - Sync 4 DAGs
[2026-05-15T16:23:26.334+0000] {logging_mixin.py:190} INFO - [2026-05-15T16:23:26.334+0000] {dag.py:4180} INFO - Setting next_dagrun for dataset_alias_example_alias_consumer to None, run_after=None
[2026-05-15T16:23:26.336+0000] {logging_mixin.py:190} INFO - [2026-05-15T16:23:26.336+0000] {dag.py:4180} INFO - Setting next_dagrun for dataset_alias_example_alias_producer to None, run_after=None
[2026-05-15T16:23:26.337+0000] {logging_mixin.py:190} INFO - [2026-05-15T16:23:26.337+0000] {dag.py:4180} INFO - Setting next_dagrun for dataset_s3_bucket_consumer to None, run_after=None
[2026-05-15T16:23:26.338+0000] {logging_mixin.py:190} INFO - [2026-05-15T16:23:26.337+0000] {dag.py:4180} INFO - Setting next_dagrun for dataset_s3_bucket_producer to None, run_after=None
[2026-05-15T16:23:26.357+0000] {processor.py:208} INFO - Processing /usr/local/python/3.12.1/lib/python3.12/site-packages/airflow/example_dags/example_dataset_alias.py took 0.078 seconds
[2026-05-15T16:24:38.554+0000] {processor.py:186} INFO - Started process (PID=33130) to work on /usr/local/python/3.12.1/lib/python3.12/site-packages/airflow/example_dags/example_dataset_alias.py
[2026-05-15T16:24:38.554+0000] {processor.py:914} INFO - Processing file /usr/local/python/3.12.1/lib/python3.12/site-packages/airflow/example_dags/example_dataset_alias.py for tasks to queue
[2026-05-15T16:24:38.556+0000] {logging_mixin.py:190} INFO - [2026-05-15T16:24:38.556+0000] {dagbag.py:588} INFO - Filling up the DagBag from /usr/local/python/3.12.1/lib/python3.12/site-packages/airflow/example_dags/example_dataset_alias.py
[2026-05-15T16:24:38.581+0000] {processor.py:925} INFO - DAG(s) 'dataset_alias_example_alias_producer', 'dataset_s3_bucket_consumer', 'dataset_s3_bucket_producer', 'dataset_alias_example_alias_consumer' retrieved from /usr/local/python/3.12.1/lib/python3.12/site-packages/airflow/example_dags/example_dataset_alias.py
[2026-05-15T16:24:38.603+0000] {logging_mixin.py:190} INFO - [2026-05-15T16:24:38.603+0000] {dag.py:3239} INFO - Sync 4 DAGs
[2026-05-15T16:24:38.619+0000] {logging_mixin.py:190} INFO - [2026-05-15T16:24:38.619+0000] {dag.py:4180} INFO - Setting next_dagrun for dataset_alias_example_alias_consumer to None, run_after=None
[2026-05-15T16:24:38.621+0000] {logging_mixin.py:190} INFO - [2026-05-15T16:24:38.621+0000] {dag.py:4180} INFO - Setting next_dagrun for dataset_alias_example_alias_producer to None, run_after=None
[2026-05-15T16:24:38.622+0000] {logging_mixin.py:190} INFO - [2026-05-15T16:24:38.622+0000] {dag.py:4180} INFO - Setting next_dagrun for dataset_s3_bucket_consumer to None, run_after=None
[2026-05-15T16:24:38.622+0000] {logging_mixin.py:190} INFO - [2026-05-15T16:24:38.622+0000] {dag.py:4180} INFO - Setting next_dagrun for dataset_s3_bucket_producer to None, run_after=None
[2026-05-15T16:24:38.640+0000] {processor.py:208} INFO - Processing /usr/local/python/3.12.1/lib/python3.12/site-packages/airflow/example_dags/example_dataset_alias.py took 0.091 seconds
[2026-05-15T16:25:47.517+0000] {processor.py:186} INFO - Started process (PID=34085) to work on /usr/local/python/3.12.1/lib/python3.12/site-packages/airflow/example_dags/example_dataset_alias.py
[2026-05-15T16:25:47.518+0000] {processor.py:914} INFO - Processing file /usr/local/python/3.12.1/lib/python3.12/site-packages/airflow/example_dags/example_dataset_alias.py for tasks to queue
[2026-05-15T16:25:47.519+0000] {logging_mixin.py:190} INFO - [2026-05-15T16:25:47.519+0000] {dagbag.py:588} INFO - Filling up the DagBag from /usr/local/python/3.12.1/lib/python3.12/site-packages/airflow/example_dags/example_dataset_alias.py
[2026-05-15T16:25:47.538+0000] {processor.py:925} INFO - DAG(s) 'dataset_alias_example_alias_producer', 'dataset_s3_bucket_producer', 'dataset_alias_example_alias_consumer', 'dataset_s3_bucket_consumer' retrieved from /usr/local/python/3.12.1/lib/python3.12/site-packages/airflow/example_dags/example_dataset_alias.py
[2026-05-15T16:25:47.554+0000] {logging_mixin.py:190} INFO - [2026-05-15T16:25:47.553+0000] {dag.py:3239} INFO - Sync 4 DAGs
[2026-05-15T16:25:47.569+0000] {logging_mixin.py:190} INFO - [2026-05-15T16:25:47.569+0000] {dag.py:4180} INFO - Setting next_dagrun for dataset_alias_example_alias_consumer to None, run_after=None
[2026-05-15T16:25:47.571+0000] {logging_mixin.py:190} INFO - [2026-05-15T16:25:47.571+0000] {dag.py:4180} INFO - Setting next_dagrun for dataset_alias_example_alias_producer to None, run_after=None
[2026-05-15T16:25:47.572+0000] {logging_mixin.py:190} INFO - [2026-05-15T16:25:47.572+0000] {dag.py:4180} INFO - Setting next_dagrun for dataset_s3_bucket_consumer to None, run_after=None
[2026-05-15T16:25:47.573+0000] {logging_mixin.py:190} INFO - [2026-05-15T16:25:47.572+0000] {dag.py:4180} INFO - Setting next_dagrun for dataset_s3_bucket_producer to None, run_after=None
[2026-05-15T16:25:47.592+0000] {processor.py:208} INFO - Processing /usr/local/python/3.12.1/lib/python3.12/site-packages/airflow/example_dags/example_dataset_alias.py took 0.080 seconds
[2026-05-15T16:26:40.864+0000] {processor.py:186} INFO - Started process (PID=34734) to work on /usr/local/python/3.12.1/lib/python3.12/site-packages/airflow/example_dags/example_dataset_alias.py
[2026-05-15T16:26:40.864+0000] {processor.py:914} INFO - Processing file /usr/local/python/3.12.1/lib/python3.12/site-packages/airflow/example_dags/example_dataset_alias.py for tasks to queue
[2026-05-15T16:26:40.866+0000] {logging_mixin.py:190} INFO - [2026-05-15T16:26:40.866+0000] {dagbag.py:588} INFO - Filling up the DagBag from /usr/local/python/3.12.1/lib/python3.12/site-packages/airflow/example_dags/example_dataset_alias.py
[2026-05-15T16:26:40.885+0000] {processor.py:925} INFO - DAG(s) 'dataset_s3_bucket_producer', 'dataset_alias_example_alias_consumer', 'dataset_s3_bucket_consumer', 'dataset_alias_example_alias_producer' retrieved from /usr/local/python/3.12.1/lib/python3.12/site-packages/airflow/example_dags/example_dataset_alias.py
[2026-05-15T16:26:40.900+0000] {logging_mixin.py:190} INFO - [2026-05-15T16:26:40.900+0000] {dag.py:3239} INFO - Sync 4 DAGs
[2026-05-15T16:26:40.915+0000] {logging_mixin.py:190} INFO - [2026-05-15T16:26:40.915+0000] {dag.py:4180} INFO - Setting next_dagrun for dataset_alias_example_alias_consumer to None, run_after=None
[2026-05-15T16:26:40.917+0000] {logging_mixin.py:190} INFO - [2026-05-15T16:26:40.916+0000] {dag.py:4180} INFO - Setting next_dagrun for dataset_alias_example_alias_producer to None, run_after=None
[2026-05-15T16:26:40.917+0000] {logging_mixin.py:190} INFO - [2026-05-15T16:26:40.917+0000] {dag.py:4180} INFO - Setting next_dagrun for dataset_s3_bucket_consumer to None, run_after=None
[2026-05-15T16:26:40.918+0000] {logging_mixin.py:190} INFO - [2026-05-15T16:26:40.918+0000] {dag.py:4180} INFO - Setting next_dagrun for dataset_s3_bucket_producer to None, run_after=None
[2026-05-15T16:26:40.938+0000] {processor.py:208} INFO - Processing /usr/local/python/3.12.1/lib/python3.12/site-packages/airflow/example_dags/example_dataset_alias.py took 0.078 seconds
[2026-05-15T16:27:33.851+0000] {processor.py:186} INFO - Started process (PID=35474) to work on /usr/local/python/3.12.1/lib/python3.12/site-packages/airflow/example_dags/example_dataset_alias.py
[2026-05-15T16:27:33.852+0000] {processor.py:914} INFO - Processing file /usr/local/python/3.12.1/lib/python3.12/site-packages/airflow/example_dags/example_dataset_alias.py for tasks to queue
[2026-05-15T16:27:33.853+0000] {logging_mixin.py:190} INFO - [2026-05-15T16:27:33.853+0000] {dagbag.py:588} INFO - Filling up the DagBag from /usr/local/python/3.12.1/lib/python3.12/site-packages/airflow/example_dags/example_dataset_alias.py
[2026-05-15T16:27:33.871+0000] {processor.py:925} INFO - DAG(s) 'dataset_s3_bucket_consumer', 'dataset_s3_bucket_producer', 'dataset_alias_example_alias_consumer', 'dataset_alias_example_alias_producer' retrieved from /usr/local/python/3.12.1/lib/python3.12/site-packages/airflow/example_dags/example_dataset_alias.py
[2026-05-15T16:27:33.886+0000] {logging_mixin.py:190} INFO - [2026-05-15T16:27:33.886+0000] {dag.py:3239} INFO - Sync 4 DAGs
[2026-05-15T16:27:33.902+0000] {logging_mixin.py:190} INFO - [2026-05-15T16:27:33.901+0000] {dag.py:4180} INFO - Setting next_dagrun for dataset_alias_example_alias_consumer to None, run_after=None
[2026-05-15T16:27:33.903+0000] {logging_mixin.py:190} INFO - [2026-05-15T16:27:33.903+0000] {dag.py:4180} INFO - Setting next_dagrun for dataset_alias_example_alias_producer to None, run_after=None
[2026-05-15T16:27:33.904+0000] {logging_mixin.py:190} INFO - [2026-05-15T16:27:33.904+0000] {dag.py:4180} INFO - Setting next_dagrun for dataset_s3_bucket_consumer to None, run_after=None
[2026-05-15T16:27:33.905+0000] {logging_mixin.py:190} INFO - [2026-05-15T16:27:33.905+0000] {dag.py:4180} INFO - Setting next_dagrun for dataset_s3_bucket_producer to None, run_after=None
[2026-05-15T16:27:33.923+0000] {processor.py:208} INFO - Processing /usr/local/python/3.12.1/lib/python3.12/site-packages/airflow/example_dags/example_dataset_alias.py took 0.076 seconds
[2026-05-15T16:28:27.458+0000] {processor.py:186} INFO - Started process (PID=35961) to work on /usr/local/python/3.12.1/lib/python3.12/site-packages/airflow/example_dags/example_dataset_alias.py
[2026-05-15T16:28:27.459+0000] {processor.py:914} INFO - Processing file /usr/local/python/3.12.1/lib/python3.12/site-packages/airflow/example_dags/example_dataset_alias.py for tasks to queue
[2026-05-15T16:28:27.460+0000] {logging_mixin.py:190} INFO - [2026-05-15T16:28:27.460+0000] {dagbag.py:588} INFO - Filling up the DagBag from /usr/local/python/3.12.1/lib/python3.12/site-packages/airflow/example_dags/example_dataset_alias.py
[2026-05-15T16:28:27.484+0000] {processor.py:925} INFO - DAG(s) 'dataset_s3_bucket_consumer', 'dataset_alias_example_alias_producer', 'dataset_s3_bucket_producer', 'dataset_alias_example_alias_consumer' retrieved from /usr/local/python/3.12.1/lib/python3.12/site-packages/airflow/example_dags/example_dataset_alias.py
[2026-05-15T16:28:27.504+0000] {logging_mixin.py:190} INFO - [2026-05-15T16:28:27.504+0000] {dag.py:3239} INFO - Sync 4 DAGs
[2026-05-15T16:28:27.520+0000] {logging_mixin.py:190} INFO - [2026-05-15T16:28:27.519+0000] {dag.py:4180} INFO - Setting next_dagrun for dataset_alias_example_alias_consumer to None, run_after=None
[2026-05-15T16:28:27.521+0000] {logging_mixin.py:190} INFO - [2026-05-15T16:28:27.521+0000] {dag.py:4180} INFO - Setting next_dagrun for dataset_alias_example_alias_producer to None, run_after=None
[2026-05-15T16:28:27.522+0000] {logging_mixin.py:190} INFO - [2026-05-15T16:28:27.522+0000] {dag.py:4180} INFO - Setting next_dagrun for dataset_s3_bucket_consumer to None, run_after=None
[2026-05-15T16:28:27.523+0000] {logging_mixin.py:190} INFO - [2026-05-15T16:28:27.523+0000] {dag.py:4180} INFO - Setting next_dagrun for dataset_s3_bucket_producer to None, run_after=None
[2026-05-15T16:28:27.542+0000] {processor.py:208} INFO - Processing /usr/local/python/3.12.1/lib/python3.12/site-packages/airflow/example_dags/example_dataset_alias.py took 0.088 seconds
[2026-05-15T16:29:45.522+0000] {processor.py:186} INFO - Started process (PID=36752) to work on /usr/local/python/3.12.1/lib/python3.12/site-packages/airflow/example_dags/example_dataset_alias.py
[2026-05-15T16:29:45.523+0000] {processor.py:914} INFO - Processing file /usr/local/python/3.12.1/lib/python3.12/site-packages/airflow/example_dags/example_dataset_alias.py for tasks to queue
[2026-05-15T16:29:45.525+0000] {logging_mixin.py:190} INFO - [2026-05-15T16:29:45.525+0000] {dagbag.py:588} INFO - Filling up the DagBag from /usr/local/python/3.12.1/lib/python3.12/site-packages/airflow/example_dags/example_dataset_alias.py
[2026-05-15T16:29:45.551+0000] {processor.py:925} INFO - DAG(s) 'dataset_alias_example_alias_producer', 'dataset_s3_bucket_consumer', 'dataset_alias_example_alias_consumer', 'dataset_s3_bucket_producer' retrieved from /usr/local/python/3.12.1/lib/python3.12/site-packages/airflow/example_dags/example_dataset_alias.py
[2026-05-15T16:29:45.572+0000] {logging_mixin.py:190} INFO - [2026-05-15T16:29:45.571+0000] {dag.py:3239} INFO - Sync 4 DAGs
[2026-05-15T16:29:45.595+0000] {logging_mixin.py:190} INFO - [2026-05-15T16:29:45.595+0000] {dag.py:4180} INFO - Setting next_dagrun for dataset_alias_example_alias_consumer to None, run_after=None
[2026-05-15T16:29:45.597+0000] {logging_mixin.py:190} INFO - [2026-05-15T16:29:45.597+0000] {dag.py:4180} INFO - Setting next_dagrun for dataset_alias_example_alias_producer to None, run_after=None
[2026-05-15T16:29:45.598+0000] {logging_mixin.py:190} INFO - [2026-05-15T16:29:45.598+0000] {dag.py:4180} INFO - Setting next_dagrun for dataset_s3_bucket_consumer to None, run_after=None
[2026-05-15T16:29:45.599+0000] {logging_mixin.py:190} INFO - [2026-05-15T16:29:45.599+0000] {dag.py:4180} INFO - Setting next_dagrun for dataset_s3_bucket_producer to None, run_after=None
[2026-05-15T16:29:45.622+0000] {processor.py:208} INFO - Processing /usr/local/python/3.12.1/lib/python3.12/site-packages/airflow/example_dags/example_dataset_alias.py took 0.106 seconds
[2026-05-15T16:30:38.899+0000] {processor.py:186} INFO - Started process (PID=37157) to work on /usr/local/python/3.12.1/lib/python3.12/site-packages/airflow/example_dags/example_dataset_alias.py
[2026-05-15T16:30:38.899+0000] {processor.py:914} INFO - Processing file /usr/local/python/3.12.1/lib/python3.12/site-packages/airflow/example_dags/example_dataset_alias.py for tasks to queue
[2026-05-15T16:30:38.901+0000] {logging_mixin.py:190} INFO - [2026-05-15T16:30:38.901+0000] {dagbag.py:588} INFO - Filling up the DagBag from /usr/local/python/3.12.1/lib/python3.12/site-packages/airflow/example_dags/example_dataset_alias.py
[2026-05-15T16:30:38.920+0000] {processor.py:925} INFO - DAG(s) 'dataset_alias_example_alias_consumer', 'dataset_alias_example_alias_producer', 'dataset_s3_bucket_consumer', 'dataset_s3_bucket_producer' retrieved from /usr/local/python/3.12.1/lib/python3.12/site-packages/airflow/example_dags/example_dataset_alias.py
[2026-05-15T16:30:38.935+0000] {logging_mixin.py:190} INFO - [2026-05-15T16:30:38.935+0000] {dag.py:3239} INFO - Sync 4 DAGs
[2026-05-15T16:30:38.951+0000] {logging_mixin.py:190} INFO - [2026-05-15T16:30:38.951+0000] {dag.py:4180} INFO - Setting next_dagrun for dataset_alias_example_alias_consumer to None, run_after=None
[2026-05-15T16:30:38.952+0000] {logging_mixin.py:190} INFO - [2026-05-15T16:30:38.952+0000] {dag.py:4180} INFO - Setting next_dagrun for dataset_alias_example_alias_producer to None, run_after=None
[2026-05-15T16:30:38.953+0000] {logging_mixin.py:190} INFO - [2026-05-15T16:30:38.953+0000] {dag.py:4180} INFO - Setting next_dagrun for dataset_s3_bucket_consumer to None, run_after=None
[2026-05-15T16:30:38.954+0000] {logging_mixin.py:190} INFO - [2026-05-15T16:30:38.954+0000] {dag.py:4180} INFO - Setting next_dagrun for dataset_s3_bucket_producer to None, run_after=None
[2026-05-15T16:30:38.972+0000] {processor.py:208} INFO - Processing /usr/local/python/3.12.1/lib/python3.12/site-packages/airflow/example_dags/example_dataset_alias.py took 0.078 seconds
[2026-05-15T16:31:55.944+0000] {processor.py:186} INFO - Started process (PID=37864) to work on /usr/local/python/3.12.1/lib/python3.12/site-packages/airflow/example_dags/example_dataset_alias.py
[2026-05-15T16:31:55.944+0000] {processor.py:914} INFO - Processing file /usr/local/python/3.12.1/lib/python3.12/site-packages/airflow/example_dags/example_dataset_alias.py for tasks to queue
[2026-05-15T16:31:55.946+0000] {logging_mixin.py:190} INFO - [2026-05-15T16:31:55.946+0000] {dagbag.py:588} INFO - Filling up the DagBag from /usr/local/python/3.12.1/lib/python3.12/site-packages/airflow/example_dags/example_dataset_alias.py
[2026-05-15T16:31:55.964+0000] {processor.py:925} INFO - DAG(s) 'dataset_alias_example_alias_producer', 'dataset_s3_bucket_consumer', 'dataset_s3_bucket_producer', 'dataset_alias_example_alias_consumer' retrieved from /usr/local/python/3.12.1/lib/python3.12/site-packages/airflow/example_dags/example_dataset_alias.py
[2026-05-15T16:31:55.981+0000] {logging_mixin.py:190} INFO - [2026-05-15T16:31:55.981+0000] {dag.py:3239} INFO - Sync 4 DAGs
[2026-05-15T16:31:55.999+0000] {logging_mixin.py:190} INFO - [2026-05-15T16:31:55.999+0000] {dag.py:4180} INFO - Setting next_dagrun for dataset_alias_example_alias_consumer to None, run_after=None
[2026-05-15T16:31:56.001+0000] {logging_mixin.py:190} INFO - [2026-05-15T16:31:56.001+0000] {dag.py:4180} INFO - Setting next_dagrun for dataset_alias_example_alias_producer to None, run_after=None
[2026-05-15T16:31:56.002+0000] {logging_mixin.py:190} INFO - [2026-05-15T16:31:56.001+0000] {dag.py:4180} INFO - Setting next_dagrun for dataset_s3_bucket_consumer to None, run_after=None
[2026-05-15T16:31:56.002+0000] {logging_mixin.py:190} INFO - [2026-05-15T16:31:56.002+0000] {dag.py:4180} INFO - Setting next_dagrun for dataset_s3_bucket_producer to None, run_after=None
[2026-05-15T16:31:56.019+0000] {processor.py:208} INFO - Processing /usr/local/python/3.12.1/lib/python3.12/site-packages/airflow/example_dags/example_dataset_alias.py took 0.080 seconds
[2026-05-15T16:33:09.239+0000] {processor.py:186} INFO - Started process (PID=38497) to work on /usr/local/python/3.12.1/lib/python3.12/site-packages/airflow/example_dags/example_dataset_alias.py
[2026-05-15T16:33:09.242+0000] {processor.py:914} INFO - Processing file /usr/local/python/3.12.1/lib/python3.12/site-packages/airflow/example_dags/example_dataset_alias.py for tasks to queue
[2026-05-15T16:33:09.244+0000] {logging_mixin.py:190} INFO - [2026-05-15T16:33:09.244+0000] {dagbag.py:588} INFO - Filling up the DagBag from /usr/local/python/3.12.1/lib/python3.12/site-packages/airflow/example_dags/example_dataset_alias.py
[2026-05-15T16:33:09.277+0000] {processor.py:925} INFO - DAG(s) 'dataset_alias_example_alias_producer', 'dataset_alias_example_alias_consumer', 'dataset_s3_bucket_consumer', 'dataset_s3_bucket_producer' retrieved from /usr/local/python/3.12.1/lib/python3.12/site-packages/airflow/example_dags/example_dataset_alias.py
[2026-05-15T16:33:09.307+0000] {logging_mixin.py:190} INFO - [2026-05-15T16:33:09.306+0000] {dag.py:3239} INFO - Sync 4 DAGs
[2026-05-15T16:33:09.334+0000] {logging_mixin.py:190} INFO - [2026-05-15T16:33:09.334+0000] {dag.py:4180} INFO - Setting next_dagrun for dataset_alias_example_alias_consumer to None, run_after=None
[2026-05-15T16:33:09.339+0000] {logging_mixin.py:190} INFO - [2026-05-15T16:33:09.339+0000] {dag.py:4180} INFO - Setting next_dagrun for dataset_alias_example_alias_producer to None, run_after=None
[2026-05-15T16:33:09.340+0000] {logging_mixin.py:190} INFO - [2026-05-15T16:33:09.340+0000] {dag.py:4180} INFO - Setting next_dagrun for dataset_s3_bucket_consumer to None, run_after=None
[2026-05-15T16:33:09.341+0000] {logging_mixin.py:190} INFO - [2026-05-15T16:33:09.341+0000] {dag.py:4180} INFO - Setting next_dagrun for dataset_s3_bucket_producer to None, run_after=None
[2026-05-15T16:33:09.365+0000] {processor.py:208} INFO - Processing /usr/local/python/3.12.1/lib/python3.12/site-packages/airflow/example_dags/example_dataset_alias.py took 0.132 seconds
[2026-05-15T16:34:20.532+0000] {processor.py:186} INFO - Started process (PID=39183) to work on /usr/local/python/3.12.1/lib/python3.12/site-packages/airflow/example_dags/example_dataset_alias.py
[2026-05-15T16:34:20.533+0000] {processor.py:914} INFO - Processing file /usr/local/python/3.12.1/lib/python3.12/site-packages/airflow/example_dags/example_dataset_alias.py for tasks to queue
[2026-05-15T16:34:20.535+0000] {logging_mixin.py:190} INFO - [2026-05-15T16:34:20.534+0000] {dagbag.py:588} INFO - Filling up the DagBag from /usr/local/python/3.12.1/lib/python3.12/site-packages/airflow/example_dags/example_dataset_alias.py
[2026-05-15T16:34:20.553+0000] {processor.py:925} INFO - DAG(s) 'dataset_alias_example_alias_producer', 'dataset_alias_example_alias_consumer', 'dataset_s3_bucket_producer', 'dataset_s3_bucket_consumer' retrieved from /usr/local/python/3.12.1/lib/python3.12/site-packages/airflow/example_dags/example_dataset_alias.py
[2026-05-15T16:34:20.571+0000] {logging_mixin.py:190} INFO - [2026-05-15T16:34:20.571+0000] {dag.py:3239} INFO - Sync 4 DAGs
[2026-05-15T16:34:20.597+0000] {logging_mixin.py:190} INFO - [2026-05-15T16:34:20.597+0000] {dag.py:4180} INFO - Setting next_dagrun for dataset_alias_example_alias_consumer to None, run_after=None
[2026-05-15T16:34:20.599+0000] {logging_mixin.py:190} INFO - [2026-05-15T16:34:20.599+0000] {dag.py:4180} INFO - Setting next_dagrun for dataset_alias_example_alias_producer to None, run_after=None
[2026-05-15T16:34:20.600+0000] {logging_mixin.py:190} INFO - [2026-05-15T16:34:20.600+0000] {dag.py:4180} INFO - Setting next_dagrun for dataset_s3_bucket_consumer to None, run_after=None
[2026-05-15T16:34:20.601+0000] {logging_mixin.py:190} INFO - [2026-05-15T16:34:20.600+0000] {dag.py:4180} INFO - Setting next_dagrun for dataset_s3_bucket_producer to None, run_after=None
[2026-05-15T16:34:20.620+0000] {processor.py:208} INFO - Processing /usr/local/python/3.12.1/lib/python3.12/site-packages/airflow/example_dags/example_dataset_alias.py took 0.091 seconds
[2026-05-15T16:35:38.760+0000] {processor.py:186} INFO - Started process (PID=39913) to work on /usr/local/python/3.12.1/lib/python3.12/site-packages/airflow/example_dags/example_dataset_alias.py
[2026-05-15T16:35:38.761+0000] {processor.py:914} INFO - Processing file /usr/local/python/3.12.1/lib/python3.12/site-packages/airflow/example_dags/example_dataset_alias.py for tasks to queue
[2026-05-15T16:35:38.763+0000] {logging_mixin.py:190} INFO - [2026-05-15T16:35:38.762+0000] {dagbag.py:588} INFO - Filling up the DagBag from /usr/local/python/3.12.1/lib/python3.12/site-packages/airflow/example_dags/example_dataset_alias.py
[2026-05-15T16:35:38.789+0000] {processor.py:925} INFO - DAG(s) 'dataset_s3_bucket_consumer', 'dataset_alias_example_alias_consumer', 'dataset_s3_bucket_producer', 'dataset_alias_example_alias_producer' retrieved from /usr/local/python/3.12.1/lib/python3.12/site-packages/airflow/example_dags/example_dataset_alias.py
[2026-05-15T16:35:38.807+0000] {logging_mixin.py:190} INFO - [2026-05-15T16:35:38.806+0000] {dag.py:3239} INFO - Sync 4 DAGs
[2026-05-15T16:35:38.822+0000] {logging_mixin.py:190} INFO - [2026-05-15T16:35:38.822+0000] {dag.py:4180} INFO - Setting next_dagrun for dataset_alias_example_alias_consumer to None, run_after=None
[2026-05-15T16:35:38.824+0000] {logging_mixin.py:190} INFO - [2026-05-15T16:35:38.824+0000] {dag.py:4180} INFO - Setting next_dagrun for dataset_alias_example_alias_producer to None, run_after=None
[2026-05-15T16:35:38.825+0000] {logging_mixin.py:190} INFO - [2026-05-15T16:35:38.824+0000] {dag.py:4180} INFO - Setting next_dagrun for dataset_s3_bucket_consumer to None, run_after=None
[2026-05-15T16:35:38.825+0000] {logging_mixin.py:190} INFO - [2026-05-15T16:35:38.825+0000] {dag.py:4180} INFO - Setting next_dagrun for dataset_s3_bucket_producer to None, run_after=None
[2026-05-15T16:35:38.843+0000] {processor.py:208} INFO - Processing /usr/local/python/3.12.1/lib/python3.12/site-packages/airflow/example_dags/example_dataset_alias.py took 0.087 seconds
[2026-05-15T16:36:33.915+0000] {processor.py:186} INFO - Started process (PID=40426) to work on /usr/local/python/3.12.1/lib/python3.12/site-packages/airflow/example_dags/example_dataset_alias.py
[2026-05-15T16:36:33.915+0000] {processor.py:914} INFO - Processing file /usr/local/python/3.12.1/lib/python3.12/site-packages/airflow/example_dags/example_dataset_alias.py for tasks to queue
[2026-05-15T16:36:33.917+0000] {logging_mixin.py:190} INFO - [2026-05-15T16:36:33.917+0000] {dagbag.py:588} INFO - Filling up the DagBag from /usr/local/python/3.12.1/lib/python3.12/site-packages/airflow/example_dags/example_dataset_alias.py
[2026-05-15T16:36:33.939+0000] {processor.py:925} INFO - DAG(s) 'dataset_s3_bucket_consumer', 'dataset_alias_example_alias_consumer', 'dataset_alias_example_alias_producer', 'dataset_s3_bucket_producer' retrieved from /usr/local/python/3.12.1/lib/python3.12/site-packages/airflow/example_dags/example_dataset_alias.py
[2026-05-15T16:36:33.954+0000] {logging_mixin.py:190} INFO - [2026-05-15T16:36:33.954+0000] {dag.py:3239} INFO - Sync 4 DAGs
[2026-05-15T16:36:34.096+0000] {logging_mixin.py:190} INFO - [2026-05-15T16:36:34.096+0000] {dag.py:4180} INFO - Setting next_dagrun for dataset_alias_example_alias_consumer to None, run_after=None
[2026-05-15T16:36:34.099+0000] {logging_mixin.py:190} INFO - [2026-05-15T16:36:34.099+0000] {dag.py:4180} INFO - Setting next_dagrun for dataset_alias_example_alias_producer to None, run_after=None
[2026-05-15T16:36:34.100+0000] {logging_mixin.py:190} INFO - [2026-05-15T16:36:34.100+0000] {dag.py:4180} INFO - Setting next_dagrun for dataset_s3_bucket_consumer to None, run_after=None
[2026-05-15T16:36:34.101+0000] {logging_mixin.py:190} INFO - [2026-05-15T16:36:34.101+0000] {dag.py:4180} INFO - Setting next_dagrun for dataset_s3_bucket_producer to None, run_after=None
[2026-05-15T16:36:34.136+0000] {processor.py:208} INFO - Processing /usr/local/python/3.12.1/lib/python3.12/site-packages/airflow/example_dags/example_dataset_alias.py took 0.227 seconds
[2026-05-15T16:37:49.735+0000] {processor.py:186} INFO - Started process (PID=41201) to work on /usr/local/python/3.12.1/lib/python3.12/site-packages/airflow/example_dags/example_dataset_alias.py
[2026-05-15T16:37:49.735+0000] {processor.py:914} INFO - Processing file /usr/local/python/3.12.1/lib/python3.12/site-packages/airflow/example_dags/example_dataset_alias.py for tasks to queue
[2026-05-15T16:37:49.737+0000] {logging_mixin.py:190} INFO - [2026-05-15T16:37:49.737+0000] {dagbag.py:588} INFO - Filling up the DagBag from /usr/local/python/3.12.1/lib/python3.12/site-packages/airflow/example_dags/example_dataset_alias.py
[2026-05-15T16:37:49.755+0000] {processor.py:925} INFO - DAG(s) 'dataset_s3_bucket_producer', 'dataset_s3_bucket_consumer', 'dataset_alias_example_alias_producer', 'dataset_alias_example_alias_consumer' retrieved from /usr/local/python/3.12.1/lib/python3.12/site-packages/airflow/example_dags/example_dataset_alias.py
[2026-05-15T16:37:49.770+0000] {logging_mixin.py:190} INFO - [2026-05-15T16:37:49.770+0000] {dag.py:3239} INFO - Sync 4 DAGs
[2026-05-15T16:37:49.917+0000] {logging_mixin.py:190} INFO - [2026-05-15T16:37:49.916+0000] {dag.py:4180} INFO - Setting next_dagrun for dataset_alias_example_alias_consumer to None, run_after=None
[2026-05-15T16:37:49.918+0000] {logging_mixin.py:190} INFO - [2026-05-15T16:37:49.918+0000] {dag.py:4180} INFO - Setting next_dagrun for dataset_alias_example_alias_producer to None, run_after=None
[2026-05-15T16:37:49.919+0000] {logging_mixin.py:190} INFO - [2026-05-15T16:37:49.919+0000] {dag.py:4180} INFO - Setting next_dagrun for dataset_s3_bucket_consumer to None, run_after=None
[2026-05-15T16:37:49.920+0000] {logging_mixin.py:190} INFO - [2026-05-15T16:37:49.920+0000] {dag.py:4180} INFO - Setting next_dagrun for dataset_s3_bucket_producer to None, run_after=None
[2026-05-15T16:37:49.937+0000] {processor.py:208} INFO - Processing /usr/local/python/3.12.1/lib/python3.12/site-packages/airflow/example_dags/example_dataset_alias.py took 0.207 seconds
[2026-05-15T16:38:43.395+0000] {processor.py:186} INFO - Started process (PID=41676) to work on /usr/local/python/3.12.1/lib/python3.12/site-packages/airflow/example_dags/example_dataset_alias.py
[2026-05-15T16:38:43.396+0000] {processor.py:914} INFO - Processing file /usr/local/python/3.12.1/lib/python3.12/site-packages/airflow/example_dags/example_dataset_alias.py for tasks to queue
[2026-05-15T16:38:43.398+0000] {logging_mixin.py:190} INFO - [2026-05-15T16:38:43.398+0000] {dagbag.py:588} INFO - Filling up the DagBag from /usr/local/python/3.12.1/lib/python3.12/site-packages/airflow/example_dags/example_dataset_alias.py
[2026-05-15T16:38:43.423+0000] {processor.py:925} INFO - DAG(s) 'dataset_s3_bucket_producer', 'dataset_s3_bucket_consumer', 'dataset_alias_example_alias_consumer', 'dataset_alias_example_alias_producer' retrieved from /usr/local/python/3.12.1/lib/python3.12/site-packages/airflow/example_dags/example_dataset_alias.py
[2026-05-15T16:38:43.439+0000] {logging_mixin.py:190} INFO - [2026-05-15T16:38:43.439+0000] {dag.py:3239} INFO - Sync 4 DAGs
[2026-05-15T16:38:43.454+0000] {logging_mixin.py:190} INFO - [2026-05-15T16:38:43.454+0000] {dag.py:4180} INFO - Setting next_dagrun for dataset_alias_example_alias_consumer to None, run_after=None
[2026-05-15T16:38:43.456+0000] {logging_mixin.py:190} INFO - [2026-05-15T16:38:43.456+0000] {dag.py:4180} INFO - Setting next_dagrun for dataset_alias_example_alias_producer to None, run_after=None
[2026-05-15T16:38:43.457+0000] {logging_mixin.py:190} INFO - [2026-05-15T16:38:43.456+0000] {dag.py:4180} INFO - Setting next_dagrun for dataset_s3_bucket_consumer to None, run_after=None
[2026-05-15T16:38:43.457+0000] {logging_mixin.py:190} INFO - [2026-05-15T16:38:43.457+0000] {dag.py:4180} INFO - Setting next_dagrun for dataset_s3_bucket_producer to None, run_after=None
[2026-05-15T16:38:43.652+0000] {processor.py:208} INFO - Processing /usr/local/python/3.12.1/lib/python3.12/site-packages/airflow/example_dags/example_dataset_alias.py took 0.264 seconds
[2026-05-15T16:39:41.175+0000] {processor.py:186} INFO - Started process (PID=42266) to work on /usr/local/python/3.12.1/lib/python3.12/site-packages/airflow/example_dags/example_dataset_alias.py
[2026-05-15T16:39:41.176+0000] {processor.py:914} INFO - Processing file /usr/local/python/3.12.1/lib/python3.12/site-packages/airflow/example_dags/example_dataset_alias.py for tasks to queue
[2026-05-15T16:39:41.178+0000] {logging_mixin.py:190} INFO - [2026-05-15T16:39:41.177+0000] {dagbag.py:588} INFO - Filling up the DagBag from /usr/local/python/3.12.1/lib/python3.12/site-packages/airflow/example_dags/example_dataset_alias.py
[2026-05-15T16:39:41.202+0000] {processor.py:925} INFO - DAG(s) 'dataset_alias_example_alias_producer', 'dataset_s3_bucket_consumer', 'dataset_s3_bucket_producer', 'dataset_alias_example_alias_consumer' retrieved from /usr/local/python/3.12.1/lib/python3.12/site-packages/airflow/example_dags/example_dataset_alias.py
[2026-05-15T16:39:41.220+0000] {logging_mixin.py:190} INFO - [2026-05-15T16:39:41.220+0000] {dag.py:3239} INFO - Sync 4 DAGs
[2026-05-15T16:39:41.238+0000] {logging_mixin.py:190} INFO - [2026-05-15T16:39:41.238+0000] {dag.py:4180} INFO - Setting next_dagrun for dataset_alias_example_alias_consumer to None, run_after=None
[2026-05-15T16:39:41.240+0000] {logging_mixin.py:190} INFO - [2026-05-15T16:39:41.240+0000] {dag.py:4180} INFO - Setting next_dagrun for dataset_alias_example_alias_producer to None, run_after=None
[2026-05-15T16:39:41.241+0000] {logging_mixin.py:190} INFO - [2026-05-15T16:39:41.241+0000] {dag.py:4180} INFO - Setting next_dagrun for dataset_s3_bucket_consumer to None, run_after=None
[2026-05-15T16:39:41.242+0000] {logging_mixin.py:190} INFO - [2026-05-15T16:39:41.241+0000] {dag.py:4180} INFO - Setting next_dagrun for dataset_s3_bucket_producer to None, run_after=None
[2026-05-15T16:39:41.259+0000] {processor.py:208} INFO - Processing /usr/local/python/3.12.1/lib/python3.12/site-packages/airflow/example_dags/example_dataset_alias.py took 0.089 seconds
[2026-05-15T16:40:40.477+0000] {processor.py:186} INFO - Started process (PID=42826) to work on /usr/local/python/3.12.1/lib/python3.12/site-packages/airflow/example_dags/example_dataset_alias.py
[2026-05-15T16:40:40.479+0000] {processor.py:914} INFO - Processing file /usr/local/python/3.12.1/lib/python3.12/site-packages/airflow/example_dags/example_dataset_alias.py for tasks to queue
[2026-05-15T16:40:40.481+0000] {logging_mixin.py:190} INFO - [2026-05-15T16:40:40.480+0000] {dagbag.py:588} INFO - Filling up the DagBag from /usr/local/python/3.12.1/lib/python3.12/site-packages/airflow/example_dags/example_dataset_alias.py
[2026-05-15T16:40:40.502+0000] {processor.py:925} INFO - DAG(s) 'dataset_s3_bucket_consumer', 'dataset_alias_example_alias_producer', 'dataset_alias_example_alias_consumer', 'dataset_s3_bucket_producer' retrieved from /usr/local/python/3.12.1/lib/python3.12/site-packages/airflow/example_dags/example_dataset_alias.py
[2026-05-15T16:40:40.643+0000] {logging_mixin.py:190} INFO - [2026-05-15T16:40:40.642+0000] {dag.py:3239} INFO - Sync 4 DAGs
[2026-05-15T16:40:40.656+0000] {logging_mixin.py:190} INFO - [2026-05-15T16:40:40.656+0000] {dag.py:4180} INFO - Setting next_dagrun for dataset_alias_example_alias_consumer to None, run_after=None
[2026-05-15T16:40:40.658+0000] {logging_mixin.py:190} INFO - [2026-05-15T16:40:40.658+0000] {dag.py:4180} INFO - Setting next_dagrun for dataset_alias_example_alias_producer to None, run_after=None
[2026-05-15T16:40:40.659+0000] {logging_mixin.py:190} INFO - [2026-05-15T16:40:40.659+0000] {dag.py:4180} INFO - Setting next_dagrun for dataset_s3_bucket_consumer to None, run_after=None
[2026-05-15T16:40:40.659+0000] {logging_mixin.py:190} INFO - [2026-05-15T16:40:40.659+0000] {dag.py:4180} INFO - Setting next_dagrun for dataset_s3_bucket_producer to None, run_after=None
[2026-05-15T16:40:40.678+0000] {processor.py:208} INFO - Processing /usr/local/python/3.12.1/lib/python3.12/site-packages/airflow/example_dags/example_dataset_alias.py took 0.207 seconds
[2026-05-15T16:41:41.503+0000] {processor.py:186} INFO - Started process (PID=43398) to work on /usr/local/python/3.12.1/lib/python3.12/site-packages/airflow/example_dags/example_dataset_alias.py
[2026-05-15T16:41:41.503+0000] {processor.py:914} INFO - Processing file /usr/local/python/3.12.1/lib/python3.12/site-packages/airflow/example_dags/example_dataset_alias.py for tasks to queue
[2026-05-15T16:41:41.505+0000] {logging_mixin.py:190} INFO - [2026-05-15T16:41:41.505+0000] {dagbag.py:588} INFO - Filling up the DagBag from /usr/local/python/3.12.1/lib/python3.12/site-packages/airflow/example_dags/example_dataset_alias.py
[2026-05-15T16:41:41.524+0000] {processor.py:925} INFO - DAG(s) 'dataset_s3_bucket_producer', 'dataset_alias_example_alias_consumer', 'dataset_alias_example_alias_producer', 'dataset_s3_bucket_consumer' retrieved from /usr/local/python/3.12.1/lib/python3.12/site-packages/airflow/example_dags/example_dataset_alias.py
[2026-05-15T16:41:41.541+0000] {logging_mixin.py:190} INFO - [2026-05-15T16:41:41.541+0000] {dag.py:3239} INFO - Sync 4 DAGs
[2026-05-15T16:41:41.677+0000] {logging_mixin.py:190} INFO - [2026-05-15T16:41:41.677+0000] {dag.py:4180} INFO - Setting next_dagrun for dataset_alias_example_alias_consumer to None, run_after=None
[2026-05-15T16:41:41.679+0000] {logging_mixin.py:190} INFO - [2026-05-15T16:41:41.679+0000] {dag.py:4180} INFO - Setting next_dagrun for dataset_alias_example_alias_producer to None, run_after=None
[2026-05-15T16:41:41.680+0000] {logging_mixin.py:190} INFO - [2026-05-15T16:41:41.680+0000] {dag.py:4180} INFO - Setting next_dagrun for dataset_s3_bucket_consumer to None, run_after=None
[2026-05-15T16:41:41.681+0000] {logging_mixin.py:190} INFO - [2026-05-15T16:41:41.681+0000] {dag.py:4180} INFO - Setting next_dagrun for dataset_s3_bucket_producer to None, run_after=None
[2026-05-15T16:41:41.701+0000] {processor.py:208} INFO - Processing /usr/local/python/3.12.1/lib/python3.12/site-packages/airflow/example_dags/example_dataset_alias.py took 0.202 seconds
[2026-05-15T16:42:47.877+0000] {processor.py:186} INFO - Started process (PID=44064) to work on /usr/local/python/3.12.1/lib/python3.12/site-packages/airflow/example_dags/example_dataset_alias.py
[2026-05-15T16:42:47.877+0000] {processor.py:914} INFO - Processing file /usr/local/python/3.12.1/lib/python3.12/site-packages/airflow/example_dags/example_dataset_alias.py for tasks to queue
[2026-05-15T16:42:47.879+0000] {logging_mixin.py:190} INFO - [2026-05-15T16:42:47.879+0000] {dagbag.py:588} INFO - Filling up the DagBag from /usr/local/python/3.12.1/lib/python3.12/site-packages/airflow/example_dags/example_dataset_alias.py
[2026-05-15T16:42:47.899+0000] {processor.py:925} INFO - DAG(s) 'dataset_alias_example_alias_consumer', 'dataset_alias_example_alias_producer', 'dataset_s3_bucket_consumer', 'dataset_s3_bucket_producer' retrieved from /usr/local/python/3.12.1/lib/python3.12/site-packages/airflow/example_dags/example_dataset_alias.py
[2026-05-15T16:42:47.916+0000] {logging_mixin.py:190} INFO - [2026-05-15T16:42:47.916+0000] {dag.py:3239} INFO - Sync 4 DAGs
[2026-05-15T16:42:47.932+0000] {logging_mixin.py:190} INFO - [2026-05-15T16:42:47.932+0000] {dag.py:4180} INFO - Setting next_dagrun for dataset_alias_example_alias_consumer to None, run_after=None
[2026-05-15T16:42:47.934+0000] {logging_mixin.py:190} INFO - [2026-05-15T16:42:47.934+0000] {dag.py:4180} INFO - Setting next_dagrun for dataset_alias_example_alias_producer to None, run_after=None
[2026-05-15T16:42:47.934+0000] {logging_mixin.py:190} INFO - [2026-05-15T16:42:47.934+0000] {dag.py:4180} INFO - Setting next_dagrun for dataset_s3_bucket_consumer to None, run_after=None
[2026-05-15T16:42:47.935+0000] {logging_mixin.py:190} INFO - [2026-05-15T16:42:47.935+0000] {dag.py:4180} INFO - Setting next_dagrun for dataset_s3_bucket_producer to None, run_after=None
[2026-05-15T16:42:47.954+0000] {processor.py:208} INFO - Processing /usr/local/python/3.12.1/lib/python3.12/site-packages/airflow/example_dags/example_dataset_alias.py took 0.083 seconds
[2026-05-15T16:43:42.174+0000] {processor.py:186} INFO - Started process (PID=44532) to work on /usr/local/python/3.12.1/lib/python3.12/site-packages/airflow/example_dags/example_dataset_alias.py
[2026-05-15T16:43:42.175+0000] {processor.py:914} INFO - Processing file /usr/local/python/3.12.1/lib/python3.12/site-packages/airflow/example_dags/example_dataset_alias.py for tasks to queue
[2026-05-15T16:43:42.178+0000] {logging_mixin.py:190} INFO - [2026-05-15T16:43:42.177+0000] {dagbag.py:588} INFO - Filling up the DagBag from /usr/local/python/3.12.1/lib/python3.12/site-packages/airflow/example_dags/example_dataset_alias.py
[2026-05-15T16:43:42.208+0000] {processor.py:925} INFO - DAG(s) 'dataset_alias_example_alias_consumer', 'dataset_alias_example_alias_producer', 'dataset_s3_bucket_producer', 'dataset_s3_bucket_consumer' retrieved from /usr/local/python/3.12.1/lib/python3.12/site-packages/airflow/example_dags/example_dataset_alias.py
[2026-05-15T16:43:42.240+0000] {logging_mixin.py:190} INFO - [2026-05-15T16:43:42.240+0000] {dag.py:3239} INFO - Sync 4 DAGs
[2026-05-15T16:43:42.255+0000] {logging_mixin.py:190} INFO - [2026-05-15T16:43:42.255+0000] {dag.py:4180} INFO - Setting next_dagrun for dataset_alias_example_alias_consumer to None, run_after=None
[2026-05-15T16:43:42.258+0000] {logging_mixin.py:190} INFO - [2026-05-15T16:43:42.258+0000] {dag.py:4180} INFO - Setting next_dagrun for dataset_alias_example_alias_producer to None, run_after=None
[2026-05-15T16:43:42.259+0000] {logging_mixin.py:190} INFO - [2026-05-15T16:43:42.259+0000] {dag.py:4180} INFO - Setting next_dagrun for dataset_s3_bucket_consumer to None, run_after=None
[2026-05-15T16:43:42.259+0000] {logging_mixin.py:190} INFO - [2026-05-15T16:43:42.259+0000] {dag.py:4180} INFO - Setting next_dagrun for dataset_s3_bucket_producer to None, run_after=None
[2026-05-15T16:43:42.280+0000] {processor.py:208} INFO - Processing /usr/local/python/3.12.1/lib/python3.12/site-packages/airflow/example_dags/example_dataset_alias.py took 0.113 seconds
[2026-05-15T16:44:56.808+0000] {processor.py:186} INFO - Started process (PID=45343) to work on /usr/local/python/3.12.1/lib/python3.12/site-packages/airflow/example_dags/example_dataset_alias.py
[2026-05-15T16:44:56.809+0000] {processor.py:914} INFO - Processing file /usr/local/python/3.12.1/lib/python3.12/site-packages/airflow/example_dags/example_dataset_alias.py for tasks to queue
[2026-05-15T16:44:56.810+0000] {logging_mixin.py:190} INFO - [2026-05-15T16:44:56.810+0000] {dagbag.py:588} INFO - Filling up the DagBag from /usr/local/python/3.12.1/lib/python3.12/site-packages/airflow/example_dags/example_dataset_alias.py
[2026-05-15T16:44:56.830+0000] {processor.py:925} INFO - DAG(s) 'dataset_alias_example_alias_producer', 'dataset_s3_bucket_consumer', 'dataset_s3_bucket_producer', 'dataset_alias_example_alias_consumer' retrieved from /usr/local/python/3.12.1/lib/python3.12/site-packages/airflow/example_dags/example_dataset_alias.py
[2026-05-15T16:44:56.847+0000] {logging_mixin.py:190} INFO - [2026-05-15T16:44:56.847+0000] {dag.py:3239} INFO - Sync 4 DAGs
[2026-05-15T16:44:56.863+0000] {logging_mixin.py:190} INFO - [2026-05-15T16:44:56.863+0000] {dag.py:4180} INFO - Setting next_dagrun for dataset_alias_example_alias_consumer to None, run_after=None
[2026-05-15T16:44:56.864+0000] {logging_mixin.py:190} INFO - [2026-05-15T16:44:56.864+0000] {dag.py:4180} INFO - Setting next_dagrun for dataset_alias_example_alias_producer to None, run_after=None
[2026-05-15T16:44:56.865+0000] {logging_mixin.py:190} INFO - [2026-05-15T16:44:56.865+0000] {dag.py:4180} INFO - Setting next_dagrun for dataset_s3_bucket_consumer to None, run_after=None
[2026-05-15T16:44:56.866+0000] {logging_mixin.py:190} INFO - [2026-05-15T16:44:56.866+0000] {dag.py:4180} INFO - Setting next_dagrun for dataset_s3_bucket_producer to None, run_after=None
[2026-05-15T16:44:56.886+0000] {processor.py:208} INFO - Processing /usr/local/python/3.12.1/lib/python3.12/site-packages/airflow/example_dags/example_dataset_alias.py took 0.083 seconds
[2026-05-15T16:46:12.718+0000] {processor.py:186} INFO - Started process (PID=46039) to work on /usr/local/python/3.12.1/lib/python3.12/site-packages/airflow/example_dags/example_dataset_alias.py
[2026-05-15T16:46:12.722+0000] {processor.py:914} INFO - Processing file /usr/local/python/3.12.1/lib/python3.12/site-packages/airflow/example_dags/example_dataset_alias.py for tasks to queue
[2026-05-15T16:46:12.733+0000] {logging_mixin.py:190} INFO - [2026-05-15T16:46:12.733+0000] {dagbag.py:588} INFO - Filling up the DagBag from /usr/local/python/3.12.1/lib/python3.12/site-packages/airflow/example_dags/example_dataset_alias.py
[2026-05-15T16:46:12.800+0000] {processor.py:925} INFO - DAG(s) 'dataset_alias_example_alias_producer', 'dataset_s3_bucket_producer', 'dataset_s3_bucket_consumer', 'dataset_alias_example_alias_consumer' retrieved from /usr/local/python/3.12.1/lib/python3.12/site-packages/airflow/example_dags/example_dataset_alias.py
[2026-05-15T16:46:12.834+0000] {logging_mixin.py:190} INFO - [2026-05-15T16:46:12.833+0000] {dag.py:3239} INFO - Sync 4 DAGs
[2026-05-15T16:46:12.865+0000] {logging_mixin.py:190} INFO - [2026-05-15T16:46:12.865+0000] {dag.py:4180} INFO - Setting next_dagrun for dataset_alias_example_alias_consumer to None, run_after=None
[2026-05-15T16:46:12.869+0000] {logging_mixin.py:190} INFO - [2026-05-15T16:46:12.868+0000] {dag.py:4180} INFO - Setting next_dagrun for dataset_alias_example_alias_producer to None, run_after=None
[2026-05-15T16:46:12.870+0000] {logging_mixin.py:190} INFO - [2026-05-15T16:46:12.870+0000] {dag.py:4180} INFO - Setting next_dagrun for dataset_s3_bucket_consumer to None, run_after=None
[2026-05-15T16:46:12.871+0000] {logging_mixin.py:190} INFO - [2026-05-15T16:46:12.871+0000] {dag.py:4180} INFO - Setting next_dagrun for dataset_s3_bucket_producer to None, run_after=None
[2026-05-15T16:46:12.903+0000] {processor.py:208} INFO - Processing /usr/local/python/3.12.1/lib/python3.12/site-packages/airflow/example_dags/example_dataset_alias.py took 0.209 seconds
[2026-05-15T16:47:26.141+0000] {processor.py:186} INFO - Started process (PID=46721) to work on /usr/local/python/3.12.1/lib/python3.12/site-packages/airflow/example_dags/example_dataset_alias.py
[2026-05-15T16:47:26.142+0000] {processor.py:914} INFO - Processing file /usr/local/python/3.12.1/lib/python3.12/site-packages/airflow/example_dags/example_dataset_alias.py for tasks to queue
[2026-05-15T16:47:26.144+0000] {logging_mixin.py:190} INFO - [2026-05-15T16:47:26.143+0000] {dagbag.py:588} INFO - Filling up the DagBag from /usr/local/python/3.12.1/lib/python3.12/site-packages/airflow/example_dags/example_dataset_alias.py
[2026-05-15T16:47:26.163+0000] {processor.py:925} INFO - DAG(s) 'dataset_s3_bucket_producer', 'dataset_s3_bucket_consumer', 'dataset_alias_example_alias_producer', 'dataset_alias_example_alias_consumer' retrieved from /usr/local/python/3.12.1/lib/python3.12/site-packages/airflow/example_dags/example_dataset_alias.py
[2026-05-15T16:47:26.180+0000] {logging_mixin.py:190} INFO - [2026-05-15T16:47:26.180+0000] {dag.py:3239} INFO - Sync 4 DAGs
[2026-05-15T16:47:26.200+0000] {logging_mixin.py:190} INFO - [2026-05-15T16:47:26.200+0000] {dag.py:4180} INFO - Setting next_dagrun for dataset_alias_example_alias_consumer to None, run_after=None
[2026-05-15T16:47:26.202+0000] {logging_mixin.py:190} INFO - [2026-05-15T16:47:26.201+0000] {dag.py:4180} INFO - Setting next_dagrun for dataset_alias_example_alias_producer to None, run_after=None
[2026-05-15T16:47:26.202+0000] {logging_mixin.py:190} INFO - [2026-05-15T16:47:26.202+0000] {dag.py:4180} INFO - Setting next_dagrun for dataset_s3_bucket_consumer to None, run_after=None
[2026-05-15T16:47:26.203+0000] {logging_mixin.py:190} INFO - [2026-05-15T16:47:26.203+0000] {dag.py:4180} INFO - Setting next_dagrun for dataset_s3_bucket_producer to None, run_after=None
[2026-05-15T16:47:26.222+0000] {processor.py:208} INFO - Processing /usr/local/python/3.12.1/lib/python3.12/site-packages/airflow/example_dags/example_dataset_alias.py took 0.085 seconds
[2026-05-15T16:48:42.964+0000] {processor.py:186} INFO - Started process (PID=47463) to work on /usr/local/python/3.12.1/lib/python3.12/site-packages/airflow/example_dags/example_dataset_alias.py
[2026-05-15T16:48:42.965+0000] {processor.py:914} INFO - Processing file /usr/local/python/3.12.1/lib/python3.12/site-packages/airflow/example_dags/example_dataset_alias.py for tasks to queue
[2026-05-15T16:48:42.967+0000] {logging_mixin.py:190} INFO - [2026-05-15T16:48:42.966+0000] {dagbag.py:588} INFO - Filling up the DagBag from /usr/local/python/3.12.1/lib/python3.12/site-packages/airflow/example_dags/example_dataset_alias.py
[2026-05-15T16:48:43.006+0000] {processor.py:925} INFO - DAG(s) 'dataset_alias_example_alias_consumer', 'dataset_s3_bucket_producer', 'dataset_alias_example_alias_producer', 'dataset_s3_bucket_consumer' retrieved from /usr/local/python/3.12.1/lib/python3.12/site-packages/airflow/example_dags/example_dataset_alias.py
[2026-05-15T16:48:43.021+0000] {logging_mixin.py:190} INFO - [2026-05-15T16:48:43.021+0000] {dag.py:3239} INFO - Sync 4 DAGs
[2026-05-15T16:48:43.038+0000] {logging_mixin.py:190} INFO - [2026-05-15T16:48:43.037+0000] {dag.py:4180} INFO - Setting next_dagrun for dataset_alias_example_alias_consumer to None, run_after=None
[2026-05-15T16:48:43.039+0000] {logging_mixin.py:190} INFO - [2026-05-15T16:48:43.039+0000] {dag.py:4180} INFO - Setting next_dagrun for dataset_alias_example_alias_producer to None, run_after=None
[2026-05-15T16:48:43.040+0000] {logging_mixin.py:190} INFO - [2026-05-15T16:48:43.040+0000] {dag.py:4180} INFO - Setting next_dagrun for dataset_s3_bucket_consumer to None, run_after=None
[2026-05-15T16:48:43.041+0000] {logging_mixin.py:190} INFO - [2026-05-15T16:48:43.041+0000] {dag.py:4180} INFO - Setting next_dagrun for dataset_s3_bucket_producer to None, run_after=None
[2026-05-15T16:48:43.059+0000] {processor.py:208} INFO - Processing /usr/local/python/3.12.1/lib/python3.12/site-packages/airflow/example_dags/example_dataset_alias.py took 0.101 seconds
[2026-05-15T16:49:34.661+0000] {processor.py:186} INFO - Started process (PID=47995) to work on /usr/local/python/3.12.1/lib/python3.12/site-packages/airflow/example_dags/example_dataset_alias.py
[2026-05-15T16:49:34.662+0000] {processor.py:914} INFO - Processing file /usr/local/python/3.12.1/lib/python3.12/site-packages/airflow/example_dags/example_dataset_alias.py for tasks to queue
[2026-05-15T16:49:34.664+0000] {logging_mixin.py:190} INFO - [2026-05-15T16:49:34.663+0000] {dagbag.py:588} INFO - Filling up the DagBag from /usr/local/python/3.12.1/lib/python3.12/site-packages/airflow/example_dags/example_dataset_alias.py
[2026-05-15T16:49:34.686+0000] {processor.py:925} INFO - DAG(s) 'dataset_alias_example_alias_consumer', 'dataset_s3_bucket_consumer', 'dataset_alias_example_alias_producer', 'dataset_s3_bucket_producer' retrieved from /usr/local/python/3.12.1/lib/python3.12/site-packages/airflow/example_dags/example_dataset_alias.py
[2026-05-15T16:49:34.704+0000] {logging_mixin.py:190} INFO - [2026-05-15T16:49:34.703+0000] {dag.py:3239} INFO - Sync 4 DAGs
[2026-05-15T16:49:34.719+0000] {logging_mixin.py:190} INFO - [2026-05-15T16:49:34.719+0000] {dag.py:4180} INFO - Setting next_dagrun for dataset_alias_example_alias_consumer to None, run_after=None
[2026-05-15T16:49:34.721+0000] {logging_mixin.py:190} INFO - [2026-05-15T16:49:34.721+0000] {dag.py:4180} INFO - Setting next_dagrun for dataset_alias_example_alias_producer to None, run_after=None
[2026-05-15T16:49:34.722+0000] {logging_mixin.py:190} INFO - [2026-05-15T16:49:34.722+0000] {dag.py:4180} INFO - Setting next_dagrun for dataset_s3_bucket_consumer to None, run_after=None
[2026-05-15T16:49:34.723+0000] {logging_mixin.py:190} INFO - [2026-05-15T16:49:34.722+0000] {dag.py:4180} INFO - Setting next_dagrun for dataset_s3_bucket_producer to None, run_after=None
[2026-05-15T16:49:34.741+0000] {processor.py:208} INFO - Processing /usr/local/python/3.12.1/lib/python3.12/site-packages/airflow/example_dags/example_dataset_alias.py took 0.084 seconds
[2026-05-15T16:50:27.504+0000] {processor.py:186} INFO - Started process (PID=48500) to work on /usr/local/python/3.12.1/lib/python3.12/site-packages/airflow/example_dags/example_dataset_alias.py
[2026-05-15T16:50:27.506+0000] {processor.py:914} INFO - Processing file /usr/local/python/3.12.1/lib/python3.12/site-packages/airflow/example_dags/example_dataset_alias.py for tasks to queue
[2026-05-15T16:50:27.510+0000] {logging_mixin.py:190} INFO - [2026-05-15T16:50:27.510+0000] {dagbag.py:588} INFO - Filling up the DagBag from /usr/local/python/3.12.1/lib/python3.12/site-packages/airflow/example_dags/example_dataset_alias.py
[2026-05-15T16:50:27.580+0000] {processor.py:925} INFO - DAG(s) 'dataset_alias_example_alias_producer', 'dataset_s3_bucket_consumer', 'dataset_alias_example_alias_consumer', 'dataset_s3_bucket_producer' retrieved from /usr/local/python/3.12.1/lib/python3.12/site-packages/airflow/example_dags/example_dataset_alias.py
[2026-05-15T16:50:27.659+0000] {logging_mixin.py:190} INFO - [2026-05-15T16:50:27.658+0000] {dag.py:3239} INFO - Sync 4 DAGs
[2026-05-15T16:50:27.694+0000] {logging_mixin.py:190} INFO - [2026-05-15T16:50:27.693+0000] {dag.py:4180} INFO - Setting next_dagrun for dataset_alias_example_alias_consumer to None, run_after=None
[2026-05-15T16:50:27.697+0000] {logging_mixin.py:190} INFO - [2026-05-15T16:50:27.696+0000] {dag.py:4180} INFO - Setting next_dagrun for dataset_alias_example_alias_producer to None, run_after=None
[2026-05-15T16:50:27.698+0000] {logging_mixin.py:190} INFO - [2026-05-15T16:50:27.698+0000] {dag.py:4180} INFO - Setting next_dagrun for dataset_s3_bucket_consumer to None, run_after=None
[2026-05-15T16:50:27.700+0000] {logging_mixin.py:190} INFO - [2026-05-15T16:50:27.699+0000] {dag.py:4180} INFO - Setting next_dagrun for dataset_s3_bucket_producer to None, run_after=None
[2026-05-15T16:50:27.744+0000] {processor.py:208} INFO - Processing /usr/local/python/3.12.1/lib/python3.12/site-packages/airflow/example_dags/example_dataset_alias.py took 0.261 seconds
[2026-05-15T16:51:21.376+0000] {processor.py:186} INFO - Started process (PID=49033) to work on /usr/local/python/3.12.1/lib/python3.12/site-packages/airflow/example_dags/example_dataset_alias.py
[2026-05-15T16:51:21.377+0000] {processor.py:914} INFO - Processing file /usr/local/python/3.12.1/lib/python3.12/site-packages/airflow/example_dags/example_dataset_alias.py for tasks to queue
[2026-05-15T16:51:21.379+0000] {logging_mixin.py:190} INFO - [2026-05-15T16:51:21.379+0000] {dagbag.py:588} INFO - Filling up the DagBag from /usr/local/python/3.12.1/lib/python3.12/site-packages/airflow/example_dags/example_dataset_alias.py
[2026-05-15T16:51:21.400+0000] {processor.py:925} INFO - DAG(s) 'dataset_s3_bucket_producer', 'dataset_s3_bucket_consumer', 'dataset_alias_example_alias_consumer', 'dataset_alias_example_alias_producer' retrieved from /usr/local/python/3.12.1/lib/python3.12/site-packages/airflow/example_dags/example_dataset_alias.py
[2026-05-15T16:51:21.416+0000] {logging_mixin.py:190} INFO - [2026-05-15T16:51:21.415+0000] {dag.py:3239} INFO - Sync 4 DAGs
[2026-05-15T16:51:21.431+0000] {logging_mixin.py:190} INFO - [2026-05-15T16:51:21.431+0000] {dag.py:4180} INFO - Setting next_dagrun for dataset_alias_example_alias_consumer to None, run_after=None
[2026-05-15T16:51:21.433+0000] {logging_mixin.py:190} INFO - [2026-05-15T16:51:21.433+0000] {dag.py:4180} INFO - Setting next_dagrun for dataset_alias_example_alias_producer to None, run_after=None
[2026-05-15T16:51:21.434+0000] {logging_mixin.py:190} INFO - [2026-05-15T16:51:21.434+0000] {dag.py:4180} INFO - Setting next_dagrun for dataset_s3_bucket_consumer to None, run_after=None
[2026-05-15T16:51:21.435+0000] {logging_mixin.py:190} INFO - [2026-05-15T16:51:21.434+0000] {dag.py:4180} INFO - Setting next_dagrun for dataset_s3_bucket_producer to None, run_after=None
[2026-05-15T16:51:21.464+0000] {processor.py:208} INFO - Processing /usr/local/python/3.12.1/lib/python3.12/site-packages/airflow/example_dags/example_dataset_alias.py took 0.094 seconds
[2026-05-15T16:52:37.297+0000] {processor.py:186} INFO - Started process (PID=49714) to work on /usr/local/python/3.12.1/lib/python3.12/site-packages/airflow/example_dags/example_dataset_alias.py
[2026-05-15T16:52:37.297+0000] {processor.py:914} INFO - Processing file /usr/local/python/3.12.1/lib/python3.12/site-packages/airflow/example_dags/example_dataset_alias.py for tasks to queue
[2026-05-15T16:52:37.299+0000] {logging_mixin.py:190} INFO - [2026-05-15T16:52:37.299+0000] {dagbag.py:588} INFO - Filling up the DagBag from /usr/local/python/3.12.1/lib/python3.12/site-packages/airflow/example_dags/example_dataset_alias.py
[2026-05-15T16:52:37.317+0000] {processor.py:925} INFO - DAG(s) 'dataset_s3_bucket_producer', 'dataset_s3_bucket_consumer', 'dataset_alias_example_alias_producer', 'dataset_alias_example_alias_consumer' retrieved from /usr/local/python/3.12.1/lib/python3.12/site-packages/airflow/example_dags/example_dataset_alias.py
[2026-05-15T16:52:37.334+0000] {logging_mixin.py:190} INFO - [2026-05-15T16:52:37.334+0000] {dag.py:3239} INFO - Sync 4 DAGs
[2026-05-15T16:52:37.372+0000] {logging_mixin.py:190} INFO - [2026-05-15T16:52:37.371+0000] {dag.py:4180} INFO - Setting next_dagrun for dataset_alias_example_alias_consumer to None, run_after=None
[2026-05-15T16:52:37.374+0000] {logging_mixin.py:190} INFO - [2026-05-15T16:52:37.374+0000] {dag.py:4180} INFO - Setting next_dagrun for dataset_alias_example_alias_producer to None, run_after=None
[2026-05-15T16:52:37.375+0000] {logging_mixin.py:190} INFO - [2026-05-15T16:52:37.375+0000] {dag.py:4180} INFO - Setting next_dagrun for dataset_s3_bucket_consumer to None, run_after=None
[2026-05-15T16:52:37.376+0000] {logging_mixin.py:190} INFO - [2026-05-15T16:52:37.376+0000] {dag.py:4180} INFO - Setting next_dagrun for dataset_s3_bucket_producer to None, run_after=None
[2026-05-15T16:52:37.436+0000] {processor.py:208} INFO - Processing /usr/local/python/3.12.1/lib/python3.12/site-packages/airflow/example_dags/example_dataset_alias.py took 0.143 seconds
[2026-05-15T16:53:46.210+0000] {processor.py:186} INFO - Started process (PID=50379) to work on /usr/local/python/3.12.1/lib/python3.12/site-packages/airflow/example_dags/example_dataset_alias.py
[2026-05-15T16:53:46.210+0000] {processor.py:914} INFO - Processing file /usr/local/python/3.12.1/lib/python3.12/site-packages/airflow/example_dags/example_dataset_alias.py for tasks to queue
[2026-05-15T16:53:46.212+0000] {logging_mixin.py:190} INFO - [2026-05-15T16:53:46.212+0000] {dagbag.py:588} INFO - Filling up the DagBag from /usr/local/python/3.12.1/lib/python3.12/site-packages/airflow/example_dags/example_dataset_alias.py
[2026-05-15T16:53:46.231+0000] {processor.py:925} INFO - DAG(s) 'dataset_s3_bucket_producer', 'dataset_alias_example_alias_consumer', 'dataset_alias_example_alias_producer', 'dataset_s3_bucket_consumer' retrieved from /usr/local/python/3.12.1/lib/python3.12/site-packages/airflow/example_dags/example_dataset_alias.py
[2026-05-15T16:53:46.247+0000] {logging_mixin.py:190} INFO - [2026-05-15T16:53:46.247+0000] {dag.py:3239} INFO - Sync 4 DAGs
[2026-05-15T16:53:46.263+0000] {logging_mixin.py:190} INFO - [2026-05-15T16:53:46.262+0000] {dag.py:4180} INFO - Setting next_dagrun for dataset_alias_example_alias_consumer to None, run_after=None
[2026-05-15T16:53:46.264+0000] {logging_mixin.py:190} INFO - [2026-05-15T16:53:46.264+0000] {dag.py:4180} INFO - Setting next_dagrun for dataset_alias_example_alias_producer to None, run_after=None
[2026-05-15T16:53:46.265+0000] {logging_mixin.py:190} INFO - [2026-05-15T16:53:46.265+0000] {dag.py:4180} INFO - Setting next_dagrun for dataset_s3_bucket_consumer to None, run_after=None
[2026-05-15T16:53:46.266+0000] {logging_mixin.py:190} INFO - [2026-05-15T16:53:46.265+0000] {dag.py:4180} INFO - Setting next_dagrun for dataset_s3_bucket_producer to None, run_after=None
[2026-05-15T16:53:46.286+0000] {processor.py:208} INFO - Processing /usr/local/python/3.12.1/lib/python3.12/site-packages/airflow/example_dags/example_dataset_alias.py took 0.082 seconds
[2026-05-15T16:54:59.709+0000] {processor.py:186} INFO - Started process (PID=51061) to work on /usr/local/python/3.12.1/lib/python3.12/site-packages/airflow/example_dags/example_dataset_alias.py
[2026-05-15T16:54:59.709+0000] {processor.py:914} INFO - Processing file /usr/local/python/3.12.1/lib/python3.12/site-packages/airflow/example_dags/example_dataset_alias.py for tasks to queue
[2026-05-15T16:54:59.712+0000] {logging_mixin.py:190} INFO - [2026-05-15T16:54:59.712+0000] {dagbag.py:588} INFO - Filling up the DagBag from /usr/local/python/3.12.1/lib/python3.12/site-packages/airflow/example_dags/example_dataset_alias.py
[2026-05-15T16:54:59.742+0000] {processor.py:925} INFO - DAG(s) 'dataset_s3_bucket_consumer', 'dataset_s3_bucket_producer', 'dataset_alias_example_alias_producer', 'dataset_alias_example_alias_consumer' retrieved from /usr/local/python/3.12.1/lib/python3.12/site-packages/airflow/example_dags/example_dataset_alias.py
[2026-05-15T16:54:59.762+0000] {logging_mixin.py:190} INFO - [2026-05-15T16:54:59.762+0000] {dag.py:3239} INFO - Sync 4 DAGs
[2026-05-15T16:54:59.780+0000] {logging_mixin.py:190} INFO - [2026-05-15T16:54:59.780+0000] {dag.py:4180} INFO - Setting next_dagrun for dataset_alias_example_alias_consumer to None, run_after=None
[2026-05-15T16:54:59.783+0000] {logging_mixin.py:190} INFO - [2026-05-15T16:54:59.782+0000] {dag.py:4180} INFO - Setting next_dagrun for dataset_alias_example_alias_producer to None, run_after=None
[2026-05-15T16:54:59.784+0000] {logging_mixin.py:190} INFO - [2026-05-15T16:54:59.783+0000] {dag.py:4180} INFO - Setting next_dagrun for dataset_s3_bucket_consumer to None, run_after=None
[2026-05-15T16:54:59.784+0000] {logging_mixin.py:190} INFO - [2026-05-15T16:54:59.784+0000] {dag.py:4180} INFO - Setting next_dagrun for dataset_s3_bucket_producer to None, run_after=None
[2026-05-15T16:54:59.807+0000] {processor.py:208} INFO - Processing /usr/local/python/3.12.1/lib/python3.12/site-packages/airflow/example_dags/example_dataset_alias.py took 0.105 seconds
[2026-05-15T16:55:51.057+0000] {processor.py:186} INFO - Started process (PID=51519) to work on /usr/local/python/3.12.1/lib/python3.12/site-packages/airflow/example_dags/example_dataset_alias.py
[2026-05-15T16:55:51.058+0000] {processor.py:914} INFO - Processing file /usr/local/python/3.12.1/lib/python3.12/site-packages/airflow/example_dags/example_dataset_alias.py for tasks to queue
[2026-05-15T16:55:51.059+0000] {logging_mixin.py:190} INFO - [2026-05-15T16:55:51.059+0000] {dagbag.py:588} INFO - Filling up the DagBag from /usr/local/python/3.12.1/lib/python3.12/site-packages/airflow/example_dags/example_dataset_alias.py
[2026-05-15T16:55:51.079+0000] {processor.py:925} INFO - DAG(s) 'dataset_s3_bucket_consumer', 'dataset_alias_example_alias_consumer', 'dataset_alias_example_alias_producer', 'dataset_s3_bucket_producer' retrieved from /usr/local/python/3.12.1/lib/python3.12/site-packages/airflow/example_dags/example_dataset_alias.py
[2026-05-15T16:55:51.097+0000] {logging_mixin.py:190} INFO - [2026-05-15T16:55:51.096+0000] {dag.py:3239} INFO - Sync 4 DAGs
[2026-05-15T16:55:51.112+0000] {logging_mixin.py:190} INFO - [2026-05-15T16:55:51.112+0000] {dag.py:4180} INFO - Setting next_dagrun for dataset_alias_example_alias_consumer to None, run_after=None
[2026-05-15T16:55:51.114+0000] {logging_mixin.py:190} INFO - [2026-05-15T16:55:51.114+0000] {dag.py:4180} INFO - Setting next_dagrun for dataset_alias_example_alias_producer to None, run_after=None
[2026-05-15T16:55:51.114+0000] {logging_mixin.py:190} INFO - [2026-05-15T16:55:51.114+0000] {dag.py:4180} INFO - Setting next_dagrun for dataset_s3_bucket_consumer to None, run_after=None
[2026-05-15T16:55:51.115+0000] {logging_mixin.py:190} INFO - [2026-05-15T16:55:51.115+0000] {dag.py:4180} INFO - Setting next_dagrun for dataset_s3_bucket_producer to None, run_after=None
[2026-05-15T16:55:51.133+0000] {processor.py:208} INFO - Processing /usr/local/python/3.12.1/lib/python3.12/site-packages/airflow/example_dags/example_dataset_alias.py took 0.080 seconds
[2026-05-15T16:57:07.944+0000] {processor.py:186} INFO - Started process (PID=52184) to work on /usr/local/python/3.12.1/lib/python3.12/site-packages/airflow/example_dags/example_dataset_alias.py
[2026-05-15T16:57:07.945+0000] {processor.py:914} INFO - Processing file /usr/local/python/3.12.1/lib/python3.12/site-packages/airflow/example_dags/example_dataset_alias.py for tasks to queue
[2026-05-15T16:57:07.947+0000] {logging_mixin.py:190} INFO - [2026-05-15T16:57:07.946+0000] {dagbag.py:588} INFO - Filling up the DagBag from /usr/local/python/3.12.1/lib/python3.12/site-packages/airflow/example_dags/example_dataset_alias.py
[2026-05-15T16:57:07.964+0000] {processor.py:925} INFO - DAG(s) 'dataset_s3_bucket_consumer', 'dataset_s3_bucket_producer', 'dataset_alias_example_alias_producer', 'dataset_alias_example_alias_consumer' retrieved from /usr/local/python/3.12.1/lib/python3.12/site-packages/airflow/example_dags/example_dataset_alias.py
[2026-05-15T16:57:07.982+0000] {logging_mixin.py:190} INFO - [2026-05-15T16:57:07.981+0000] {dag.py:3239} INFO - Sync 4 DAGs
[2026-05-15T16:57:07.999+0000] {logging_mixin.py:190} INFO - [2026-05-15T16:57:07.999+0000] {dag.py:4180} INFO - Setting next_dagrun for dataset_alias_example_alias_consumer to None, run_after=None
[2026-05-15T16:57:08.001+0000] {logging_mixin.py:190} INFO - [2026-05-15T16:57:08.001+0000] {dag.py:4180} INFO - Setting next_dagrun for dataset_alias_example_alias_producer to None, run_after=None
[2026-05-15T16:57:08.002+0000] {logging_mixin.py:190} INFO - [2026-05-15T16:57:08.002+0000] {dag.py:4180} INFO - Setting next_dagrun for dataset_s3_bucket_consumer to None, run_after=None
[2026-05-15T16:57:08.002+0000] {logging_mixin.py:190} INFO - [2026-05-15T16:57:08.002+0000] {dag.py:4180} INFO - Setting next_dagrun for dataset_s3_bucket_producer to None, run_after=None
[2026-05-15T16:57:08.021+0000] {processor.py:208} INFO - Processing /usr/local/python/3.12.1/lib/python3.12/site-packages/airflow/example_dags/example_dataset_alias.py took 0.081 seconds
[2026-05-15T16:58:22.593+0000] {processor.py:186} INFO - Started process (PID=52825) to work on /usr/local/python/3.12.1/lib/python3.12/site-packages/airflow/example_dags/example_dataset_alias.py
[2026-05-15T16:58:22.593+0000] {processor.py:914} INFO - Processing file /usr/local/python/3.12.1/lib/python3.12/site-packages/airflow/example_dags/example_dataset_alias.py for tasks to queue
[2026-05-15T16:58:22.595+0000] {logging_mixin.py:190} INFO - [2026-05-15T16:58:22.595+0000] {dagbag.py:588} INFO - Filling up the DagBag from /usr/local/python/3.12.1/lib/python3.12/site-packages/airflow/example_dags/example_dataset_alias.py
[2026-05-15T16:58:22.613+0000] {processor.py:925} INFO - DAG(s) 'dataset_s3_bucket_producer', 'dataset_s3_bucket_consumer', 'dataset_alias_example_alias_consumer', 'dataset_alias_example_alias_producer' retrieved from /usr/local/python/3.12.1/lib/python3.12/site-packages/airflow/example_dags/example_dataset_alias.py
[2026-05-15T16:58:22.628+0000] {logging_mixin.py:190} INFO - [2026-05-15T16:58:22.628+0000] {dag.py:3239} INFO - Sync 4 DAGs
[2026-05-15T16:58:22.643+0000] {logging_mixin.py:190} INFO - [2026-05-15T16:58:22.643+0000] {dag.py:4180} INFO - Setting next_dagrun for dataset_alias_example_alias_consumer to None, run_after=None
[2026-05-15T16:58:22.645+0000] {logging_mixin.py:190} INFO - [2026-05-15T16:58:22.644+0000] {dag.py:4180} INFO - Setting next_dagrun for dataset_alias_example_alias_producer to None, run_after=None
[2026-05-15T16:58:22.645+0000] {logging_mixin.py:190} INFO - [2026-05-15T16:58:22.645+0000] {dag.py:4180} INFO - Setting next_dagrun for dataset_s3_bucket_consumer to None, run_after=None
[2026-05-15T16:58:22.646+0000] {logging_mixin.py:190} INFO - [2026-05-15T16:58:22.646+0000] {dag.py:4180} INFO - Setting next_dagrun for dataset_s3_bucket_producer to None, run_after=None
[2026-05-15T16:58:22.664+0000] {processor.py:208} INFO - Processing /usr/local/python/3.12.1/lib/python3.12/site-packages/airflow/example_dags/example_dataset_alias.py took 0.077 seconds
[2026-05-15T16:59:40.017+0000] {processor.py:186} INFO - Started process (PID=53549) to work on /usr/local/python/3.12.1/lib/python3.12/site-packages/airflow/example_dags/example_dataset_alias.py
[2026-05-15T16:59:40.018+0000] {processor.py:914} INFO - Processing file /usr/local/python/3.12.1/lib/python3.12/site-packages/airflow/example_dags/example_dataset_alias.py for tasks to queue
[2026-05-15T16:59:40.021+0000] {logging_mixin.py:190} INFO - [2026-05-15T16:59:40.020+0000] {dagbag.py:588} INFO - Filling up the DagBag from /usr/local/python/3.12.1/lib/python3.12/site-packages/airflow/example_dags/example_dataset_alias.py
[2026-05-15T16:59:40.042+0000] {processor.py:925} INFO - DAG(s) 'dataset_s3_bucket_consumer', 'dataset_alias_example_alias_producer', 'dataset_s3_bucket_producer', 'dataset_alias_example_alias_consumer' retrieved from /usr/local/python/3.12.1/lib/python3.12/site-packages/airflow/example_dags/example_dataset_alias.py
[2026-05-15T16:59:40.057+0000] {logging_mixin.py:190} INFO - [2026-05-15T16:59:40.057+0000] {dag.py:3239} INFO - Sync 4 DAGs
[2026-05-15T16:59:40.072+0000] {logging_mixin.py:190} INFO - [2026-05-15T16:59:40.072+0000] {dag.py:4180} INFO - Setting next_dagrun for dataset_alias_example_alias_consumer to None, run_after=None
[2026-05-15T16:59:40.074+0000] {logging_mixin.py:190} INFO - [2026-05-15T16:59:40.074+0000] {dag.py:4180} INFO - Setting next_dagrun for dataset_alias_example_alias_producer to None, run_after=None
[2026-05-15T16:59:40.075+0000] {logging_mixin.py:190} INFO - [2026-05-15T16:59:40.075+0000] {dag.py:4180} INFO - Setting next_dagrun for dataset_s3_bucket_consumer to None, run_after=None
[2026-05-15T16:59:40.076+0000] {logging_mixin.py:190} INFO - [2026-05-15T16:59:40.076+0000] {dag.py:4180} INFO - Setting next_dagrun for dataset_s3_bucket_producer to None, run_after=None
[2026-05-15T16:59:40.098+0000] {processor.py:208} INFO - Processing /usr/local/python/3.12.1/lib/python3.12/site-packages/airflow/example_dags/example_dataset_alias.py took 0.087 seconds
[2026-05-15T17:00:56.219+0000] {processor.py:186} INFO - Started process (PID=54342) to work on /usr/local/python/3.12.1/lib/python3.12/site-packages/airflow/example_dags/example_dataset_alias.py
[2026-05-15T17:00:56.220+0000] {processor.py:914} INFO - Processing file /usr/local/python/3.12.1/lib/python3.12/site-packages/airflow/example_dags/example_dataset_alias.py for tasks to queue
[2026-05-15T17:00:56.222+0000] {logging_mixin.py:190} INFO - [2026-05-15T17:00:56.221+0000] {dagbag.py:588} INFO - Filling up the DagBag from /usr/local/python/3.12.1/lib/python3.12/site-packages/airflow/example_dags/example_dataset_alias.py
[2026-05-15T17:00:56.241+0000] {processor.py:925} INFO - DAG(s) 'dataset_s3_bucket_consumer', 'dataset_alias_example_alias_producer', 'dataset_alias_example_alias_consumer', 'dataset_s3_bucket_producer' retrieved from /usr/local/python/3.12.1/lib/python3.12/site-packages/airflow/example_dags/example_dataset_alias.py
[2026-05-15T17:00:56.256+0000] {logging_mixin.py:190} INFO - [2026-05-15T17:00:56.256+0000] {dag.py:3239} INFO - Sync 4 DAGs
[2026-05-15T17:00:56.272+0000] {logging_mixin.py:190} INFO - [2026-05-15T17:00:56.271+0000] {dag.py:4180} INFO - Setting next_dagrun for dataset_alias_example_alias_consumer to None, run_after=None
[2026-05-15T17:00:56.274+0000] {logging_mixin.py:190} INFO - [2026-05-15T17:00:56.273+0000] {dag.py:4180} INFO - Setting next_dagrun for dataset_alias_example_alias_producer to None, run_after=None
[2026-05-15T17:00:56.274+0000] {logging_mixin.py:190} INFO - [2026-05-15T17:00:56.274+0000] {dag.py:4180} INFO - Setting next_dagrun for dataset_s3_bucket_consumer to None, run_after=None
[2026-05-15T17:00:56.275+0000] {logging_mixin.py:190} INFO - [2026-05-15T17:00:56.275+0000] {dag.py:4180} INFO - Setting next_dagrun for dataset_s3_bucket_producer to None, run_after=None
[2026-05-15T17:00:56.295+0000] {processor.py:208} INFO - Processing /usr/local/python/3.12.1/lib/python3.12/site-packages/airflow/example_dags/example_dataset_alias.py took 0.080 seconds
[2026-05-15T17:02:11.258+0000] {processor.py:186} INFO - Started process (PID=54995) to work on /usr/local/python/3.12.1/lib/python3.12/site-packages/airflow/example_dags/example_dataset_alias.py
[2026-05-15T17:02:11.259+0000] {processor.py:914} INFO - Processing file /usr/local/python/3.12.1/lib/python3.12/site-packages/airflow/example_dags/example_dataset_alias.py for tasks to queue
[2026-05-15T17:02:11.261+0000] {logging_mixin.py:190} INFO - [2026-05-15T17:02:11.260+0000] {dagbag.py:588} INFO - Filling up the DagBag from /usr/local/python/3.12.1/lib/python3.12/site-packages/airflow/example_dags/example_dataset_alias.py
[2026-05-15T17:02:11.281+0000] {processor.py:925} INFO - DAG(s) 'dataset_alias_example_alias_consumer', 'dataset_s3_bucket_consumer', 'dataset_alias_example_alias_producer', 'dataset_s3_bucket_producer' retrieved from /usr/local/python/3.12.1/lib/python3.12/site-packages/airflow/example_dags/example_dataset_alias.py
[2026-05-15T17:02:11.297+0000] {logging_mixin.py:190} INFO - [2026-05-15T17:02:11.296+0000] {dag.py:3239} INFO - Sync 4 DAGs
[2026-05-15T17:02:11.317+0000] {logging_mixin.py:190} INFO - [2026-05-15T17:02:11.316+0000] {dag.py:4180} INFO - Setting next_dagrun for dataset_alias_example_alias_consumer to None, run_after=None
[2026-05-15T17:02:11.318+0000] {logging_mixin.py:190} INFO - [2026-05-15T17:02:11.318+0000] {dag.py:4180} INFO - Setting next_dagrun for dataset_alias_example_alias_producer to None, run_after=None
[2026-05-15T17:02:11.319+0000] {logging_mixin.py:190} INFO - [2026-05-15T17:02:11.319+0000] {dag.py:4180} INFO - Setting next_dagrun for dataset_s3_bucket_consumer to None, run_after=None
[2026-05-15T17:02:11.320+0000] {logging_mixin.py:190} INFO - [2026-05-15T17:02:11.319+0000] {dag.py:4180} INFO - Setting next_dagrun for dataset_s3_bucket_producer to None, run_after=None
[2026-05-15T17:02:11.337+0000] {processor.py:208} INFO - Processing /usr/local/python/3.12.1/lib/python3.12/site-packages/airflow/example_dags/example_dataset_alias.py took 0.083 seconds
[2026-05-15T17:03:03.344+0000] {processor.py:186} INFO - Started process (PID=56261) to work on /usr/local/python/3.12.1/lib/python3.12/site-packages/airflow/example_dags/example_dataset_alias.py
[2026-05-15T17:03:03.344+0000] {processor.py:914} INFO - Processing file /usr/local/python/3.12.1/lib/python3.12/site-packages/airflow/example_dags/example_dataset_alias.py for tasks to queue
[2026-05-15T17:03:03.346+0000] {logging_mixin.py:190} INFO - [2026-05-15T17:03:03.345+0000] {dagbag.py:588} INFO - Filling up the DagBag from /usr/local/python/3.12.1/lib/python3.12/site-packages/airflow/example_dags/example_dataset_alias.py
[2026-05-15T17:03:03.364+0000] {processor.py:925} INFO - DAG(s) 'dataset_alias_example_alias_producer', 'dataset_alias_example_alias_consumer', 'dataset_s3_bucket_producer', 'dataset_s3_bucket_consumer' retrieved from /usr/local/python/3.12.1/lib/python3.12/site-packages/airflow/example_dags/example_dataset_alias.py
[2026-05-15T17:03:03.382+0000] {logging_mixin.py:190} INFO - [2026-05-15T17:03:03.382+0000] {dag.py:3239} INFO - Sync 4 DAGs
[2026-05-15T17:03:03.400+0000] {logging_mixin.py:190} INFO - [2026-05-15T17:03:03.400+0000] {dag.py:4180} INFO - Setting next_dagrun for dataset_alias_example_alias_consumer to None, run_after=None
[2026-05-15T17:03:03.402+0000] {logging_mixin.py:190} INFO - [2026-05-15T17:03:03.402+0000] {dag.py:4180} INFO - Setting next_dagrun for dataset_alias_example_alias_producer to None, run_after=None
[2026-05-15T17:03:03.403+0000] {logging_mixin.py:190} INFO - [2026-05-15T17:03:03.403+0000] {dag.py:4180} INFO - Setting next_dagrun for dataset_s3_bucket_consumer to None, run_after=None
[2026-05-15T17:03:03.403+0000] {logging_mixin.py:190} INFO - [2026-05-15T17:03:03.403+0000] {dag.py:4180} INFO - Setting next_dagrun for dataset_s3_bucket_producer to None, run_after=None
[2026-05-15T17:03:03.421+0000] {processor.py:208} INFO - Processing /usr/local/python/3.12.1/lib/python3.12/site-packages/airflow/example_dags/example_dataset_alias.py took 0.082 seconds
[2026-05-15T17:03:54.698+0000] {processor.py:186} INFO - Started process (PID=56903) to work on /usr/local/python/3.12.1/lib/python3.12/site-packages/airflow/example_dags/example_dataset_alias.py
[2026-05-15T17:03:54.699+0000] {processor.py:914} INFO - Processing file /usr/local/python/3.12.1/lib/python3.12/site-packages/airflow/example_dags/example_dataset_alias.py for tasks to queue
[2026-05-15T17:03:54.700+0000] {logging_mixin.py:190} INFO - [2026-05-15T17:03:54.700+0000] {dagbag.py:588} INFO - Filling up the DagBag from /usr/local/python/3.12.1/lib/python3.12/site-packages/airflow/example_dags/example_dataset_alias.py
[2026-05-15T17:03:54.719+0000] {processor.py:925} INFO - DAG(s) 'dataset_s3_bucket_consumer', 'dataset_s3_bucket_producer', 'dataset_alias_example_alias_consumer', 'dataset_alias_example_alias_producer' retrieved from /usr/local/python/3.12.1/lib/python3.12/site-packages/airflow/example_dags/example_dataset_alias.py
[2026-05-15T17:03:54.734+0000] {logging_mixin.py:190} INFO - [2026-05-15T17:03:54.734+0000] {dag.py:3239} INFO - Sync 4 DAGs
[2026-05-15T17:03:54.750+0000] {logging_mixin.py:190} INFO - [2026-05-15T17:03:54.749+0000] {dag.py:4180} INFO - Setting next_dagrun for dataset_alias_example_alias_consumer to None, run_after=None
[2026-05-15T17:03:54.751+0000] {logging_mixin.py:190} INFO - [2026-05-15T17:03:54.751+0000] {dag.py:4180} INFO - Setting next_dagrun for dataset_alias_example_alias_producer to None, run_after=None
[2026-05-15T17:03:54.752+0000] {logging_mixin.py:190} INFO - [2026-05-15T17:03:54.752+0000] {dag.py:4180} INFO - Setting next_dagrun for dataset_s3_bucket_consumer to None, run_after=None
[2026-05-15T17:03:54.753+0000] {logging_mixin.py:190} INFO - [2026-05-15T17:03:54.753+0000] {dag.py:4180} INFO - Setting next_dagrun for dataset_s3_bucket_producer to None, run_after=None
[2026-05-15T17:03:54.770+0000] {processor.py:208} INFO - Processing /usr/local/python/3.12.1/lib/python3.12/site-packages/airflow/example_dags/example_dataset_alias.py took 0.076 seconds
[2026-05-15T17:05:09.650+0000] {processor.py:186} INFO - Started process (PID=57636) to work on /usr/local/python/3.12.1/lib/python3.12/site-packages/airflow/example_dags/example_dataset_alias.py
[2026-05-15T17:05:09.651+0000] {processor.py:914} INFO - Processing file /usr/local/python/3.12.1/lib/python3.12/site-packages/airflow/example_dags/example_dataset_alias.py for tasks to queue
[2026-05-15T17:05:09.652+0000] {logging_mixin.py:190} INFO - [2026-05-15T17:05:09.652+0000] {dagbag.py:588} INFO - Filling up the DagBag from /usr/local/python/3.12.1/lib/python3.12/site-packages/airflow/example_dags/example_dataset_alias.py
[2026-05-15T17:05:09.671+0000] {processor.py:925} INFO - DAG(s) 'dataset_s3_bucket_consumer', 'dataset_alias_example_alias_consumer', 'dataset_alias_example_alias_producer', 'dataset_s3_bucket_producer' retrieved from /usr/local/python/3.12.1/lib/python3.12/site-packages/airflow/example_dags/example_dataset_alias.py
[2026-05-15T17:05:09.692+0000] {logging_mixin.py:190} INFO - [2026-05-15T17:05:09.692+0000] {dag.py:3239} INFO - Sync 4 DAGs
[2026-05-15T17:05:09.712+0000] {logging_mixin.py:190} INFO - [2026-05-15T17:05:09.712+0000] {dag.py:4180} INFO - Setting next_dagrun for dataset_alias_example_alias_consumer to None, run_after=None
[2026-05-15T17:05:09.713+0000] {logging_mixin.py:190} INFO - [2026-05-15T17:05:09.713+0000] {dag.py:4180} INFO - Setting next_dagrun for dataset_alias_example_alias_producer to None, run_after=None
[2026-05-15T17:05:09.714+0000] {logging_mixin.py:190} INFO - [2026-05-15T17:05:09.714+0000] {dag.py:4180} INFO - Setting next_dagrun for dataset_s3_bucket_consumer to None, run_after=None
[2026-05-15T17:05:09.715+0000] {logging_mixin.py:190} INFO - [2026-05-15T17:05:09.715+0000] {dag.py:4180} INFO - Setting next_dagrun for dataset_s3_bucket_producer to None, run_after=None
[2026-05-15T17:05:09.735+0000] {processor.py:208} INFO - Processing /usr/local/python/3.12.1/lib/python3.12/site-packages/airflow/example_dags/example_dataset_alias.py took 0.092 seconds
[2026-05-15T17:06:25.196+0000] {processor.py:186} INFO - Started process (PID=58268) to work on /usr/local/python/3.12.1/lib/python3.12/site-packages/airflow/example_dags/example_dataset_alias.py
[2026-05-15T17:06:25.196+0000] {processor.py:914} INFO - Processing file /usr/local/python/3.12.1/lib/python3.12/site-packages/airflow/example_dags/example_dataset_alias.py for tasks to queue
[2026-05-15T17:06:25.199+0000] {logging_mixin.py:190} INFO - [2026-05-15T17:06:25.198+0000] {dagbag.py:588} INFO - Filling up the DagBag from /usr/local/python/3.12.1/lib/python3.12/site-packages/airflow/example_dags/example_dataset_alias.py
[2026-05-15T17:06:25.218+0000] {processor.py:925} INFO - DAG(s) 'dataset_alias_example_alias_producer', 'dataset_alias_example_alias_consumer', 'dataset_s3_bucket_producer', 'dataset_s3_bucket_consumer' retrieved from /usr/local/python/3.12.1/lib/python3.12/site-packages/airflow/example_dags/example_dataset_alias.py
[2026-05-15T17:06:25.233+0000] {logging_mixin.py:190} INFO - [2026-05-15T17:06:25.233+0000] {dag.py:3239} INFO - Sync 4 DAGs
[2026-05-15T17:06:25.249+0000] {logging_mixin.py:190} INFO - [2026-05-15T17:06:25.249+0000] {dag.py:4180} INFO - Setting next_dagrun for dataset_alias_example_alias_consumer to None, run_after=None
[2026-05-15T17:06:25.251+0000] {logging_mixin.py:190} INFO - [2026-05-15T17:06:25.250+0000] {dag.py:4180} INFO - Setting next_dagrun for dataset_alias_example_alias_producer to None, run_after=None
[2026-05-15T17:06:25.251+0000] {logging_mixin.py:190} INFO - [2026-05-15T17:06:25.251+0000] {dag.py:4180} INFO - Setting next_dagrun for dataset_s3_bucket_consumer to None, run_after=None
[2026-05-15T17:06:25.252+0000] {logging_mixin.py:190} INFO - [2026-05-15T17:06:25.252+0000] {dag.py:4180} INFO - Setting next_dagrun for dataset_s3_bucket_producer to None, run_after=None
[2026-05-15T17:06:25.280+0000] {processor.py:208} INFO - Processing /usr/local/python/3.12.1/lib/python3.12/site-packages/airflow/example_dags/example_dataset_alias.py took 0.089 seconds
[2026-05-15T17:07:17.389+0000] {processor.py:186} INFO - Started process (PID=58733) to work on /usr/local/python/3.12.1/lib/python3.12/site-packages/airflow/example_dags/example_dataset_alias.py
[2026-05-15T17:07:17.390+0000] {processor.py:914} INFO - Processing file /usr/local/python/3.12.1/lib/python3.12/site-packages/airflow/example_dags/example_dataset_alias.py for tasks to queue
[2026-05-15T17:07:17.392+0000] {logging_mixin.py:190} INFO - [2026-05-15T17:07:17.392+0000] {dagbag.py:588} INFO - Filling up the DagBag from /usr/local/python/3.12.1/lib/python3.12/site-packages/airflow/example_dags/example_dataset_alias.py
[2026-05-15T17:07:17.411+0000] {processor.py:925} INFO - DAG(s) 'dataset_s3_bucket_consumer', 'dataset_alias_example_alias_producer', 'dataset_alias_example_alias_consumer', 'dataset_s3_bucket_producer' retrieved from /usr/local/python/3.12.1/lib/python3.12/site-packages/airflow/example_dags/example_dataset_alias.py
[2026-05-15T17:07:17.426+0000] {logging_mixin.py:190} INFO - [2026-05-15T17:07:17.426+0000] {dag.py:3239} INFO - Sync 4 DAGs
[2026-05-15T17:07:17.441+0000] {logging_mixin.py:190} INFO - [2026-05-15T17:07:17.441+0000] {dag.py:4180} INFO - Setting next_dagrun for dataset_alias_example_alias_consumer to None, run_after=None
[2026-05-15T17:07:17.443+0000] {logging_mixin.py:190} INFO - [2026-05-15T17:07:17.443+0000] {dag.py:4180} INFO - Setting next_dagrun for dataset_alias_example_alias_producer to None, run_after=None
[2026-05-15T17:07:17.444+0000] {logging_mixin.py:190} INFO - [2026-05-15T17:07:17.444+0000] {dag.py:4180} INFO - Setting next_dagrun for dataset_s3_bucket_consumer to None, run_after=None
[2026-05-15T17:07:17.445+0000] {logging_mixin.py:190} INFO - [2026-05-15T17:07:17.444+0000] {dag.py:4180} INFO - Setting next_dagrun for dataset_s3_bucket_producer to None, run_after=None
[2026-05-15T17:07:17.463+0000] {processor.py:208} INFO - Processing /usr/local/python/3.12.1/lib/python3.12/site-packages/airflow/example_dags/example_dataset_alias.py took 0.079 seconds
[2026-05-15T17:08:29.386+0000] {processor.py:186} INFO - Started process (PID=59344) to work on /usr/local/python/3.12.1/lib/python3.12/site-packages/airflow/example_dags/example_dataset_alias.py
[2026-05-15T17:08:29.387+0000] {processor.py:914} INFO - Processing file /usr/local/python/3.12.1/lib/python3.12/site-packages/airflow/example_dags/example_dataset_alias.py for tasks to queue
[2026-05-15T17:08:29.389+0000] {logging_mixin.py:190} INFO - [2026-05-15T17:08:29.388+0000] {dagbag.py:588} INFO - Filling up the DagBag from /usr/local/python/3.12.1/lib/python3.12/site-packages/airflow/example_dags/example_dataset_alias.py
[2026-05-15T17:08:29.412+0000] {processor.py:925} INFO - DAG(s) 'dataset_s3_bucket_consumer', 'dataset_alias_example_alias_producer', 'dataset_alias_example_alias_consumer', 'dataset_s3_bucket_producer' retrieved from /usr/local/python/3.12.1/lib/python3.12/site-packages/airflow/example_dags/example_dataset_alias.py
[2026-05-15T17:08:29.428+0000] {logging_mixin.py:190} INFO - [2026-05-15T17:08:29.428+0000] {dag.py:3239} INFO - Sync 4 DAGs
[2026-05-15T17:08:29.444+0000] {logging_mixin.py:190} INFO - [2026-05-15T17:08:29.444+0000] {dag.py:4180} INFO - Setting next_dagrun for dataset_alias_example_alias_consumer to None, run_after=None
[2026-05-15T17:08:29.445+0000] {logging_mixin.py:190} INFO - [2026-05-15T17:08:29.445+0000] {dag.py:4180} INFO - Setting next_dagrun for dataset_alias_example_alias_producer to None, run_after=None
[2026-05-15T17:08:29.446+0000] {logging_mixin.py:190} INFO - [2026-05-15T17:08:29.446+0000] {dag.py:4180} INFO - Setting next_dagrun for dataset_s3_bucket_consumer to None, run_after=None
[2026-05-15T17:08:29.447+0000] {logging_mixin.py:190} INFO - [2026-05-15T17:08:29.447+0000] {dag.py:4180} INFO - Setting next_dagrun for dataset_s3_bucket_producer to None, run_after=None
[2026-05-15T17:08:29.465+0000] {processor.py:208} INFO - Processing /usr/local/python/3.12.1/lib/python3.12/site-packages/airflow/example_dags/example_dataset_alias.py took 0.085 seconds
[2026-05-15T17:09:43.680+0000] {processor.py:186} INFO - Started process (PID=60059) to work on /usr/local/python/3.12.1/lib/python3.12/site-packages/airflow/example_dags/example_dataset_alias.py
[2026-05-15T17:09:43.680+0000] {processor.py:914} INFO - Processing file /usr/local/python/3.12.1/lib/python3.12/site-packages/airflow/example_dags/example_dataset_alias.py for tasks to queue
[2026-05-15T17:09:43.683+0000] {logging_mixin.py:190} INFO - [2026-05-15T17:09:43.682+0000] {dagbag.py:588} INFO - Filling up the DagBag from /usr/local/python/3.12.1/lib/python3.12/site-packages/airflow/example_dags/example_dataset_alias.py
[2026-05-15T17:09:43.703+0000] {processor.py:925} INFO - DAG(s) 'dataset_s3_bucket_producer', 'dataset_alias_example_alias_consumer', 'dataset_alias_example_alias_producer', 'dataset_s3_bucket_consumer' retrieved from /usr/local/python/3.12.1/lib/python3.12/site-packages/airflow/example_dags/example_dataset_alias.py
[2026-05-15T17:09:43.719+0000] {logging_mixin.py:190} INFO - [2026-05-15T17:09:43.719+0000] {dag.py:3239} INFO - Sync 4 DAGs
[2026-05-15T17:09:43.743+0000] {logging_mixin.py:190} INFO - [2026-05-15T17:09:43.742+0000] {dag.py:4180} INFO - Setting next_dagrun for dataset_alias_example_alias_consumer to None, run_after=None
[2026-05-15T17:09:43.745+0000] {logging_mixin.py:190} INFO - [2026-05-15T17:09:43.745+0000] {dag.py:4180} INFO - Setting next_dagrun for dataset_alias_example_alias_producer to None, run_after=None
[2026-05-15T17:09:43.746+0000] {logging_mixin.py:190} INFO - [2026-05-15T17:09:43.746+0000] {dag.py:4180} INFO - Setting next_dagrun for dataset_s3_bucket_consumer to None, run_after=None
[2026-05-15T17:09:43.747+0000] {logging_mixin.py:190} INFO - [2026-05-15T17:09:43.747+0000] {dag.py:4180} INFO - Setting next_dagrun for dataset_s3_bucket_producer to None, run_after=None
[2026-05-15T17:09:43.790+0000] {processor.py:208} INFO - Processing /usr/local/python/3.12.1/lib/python3.12/site-packages/airflow/example_dags/example_dataset_alias.py took 0.117 seconds
[2026-05-15T17:10:59.843+0000] {processor.py:186} INFO - Started process (PID=60752) to work on /usr/local/python/3.12.1/lib/python3.12/site-packages/airflow/example_dags/example_dataset_alias.py
[2026-05-15T17:10:59.843+0000] {processor.py:914} INFO - Processing file /usr/local/python/3.12.1/lib/python3.12/site-packages/airflow/example_dags/example_dataset_alias.py for tasks to queue
[2026-05-15T17:10:59.845+0000] {logging_mixin.py:190} INFO - [2026-05-15T17:10:59.845+0000] {dagbag.py:588} INFO - Filling up the DagBag from /usr/local/python/3.12.1/lib/python3.12/site-packages/airflow/example_dags/example_dataset_alias.py
[2026-05-15T17:10:59.863+0000] {processor.py:925} INFO - DAG(s) 'dataset_s3_bucket_consumer', 'dataset_alias_example_alias_producer', 'dataset_alias_example_alias_consumer', 'dataset_s3_bucket_producer' retrieved from /usr/local/python/3.12.1/lib/python3.12/site-packages/airflow/example_dags/example_dataset_alias.py
[2026-05-15T17:10:59.881+0000] {logging_mixin.py:190} INFO - [2026-05-15T17:10:59.881+0000] {dag.py:3239} INFO - Sync 4 DAGs
[2026-05-15T17:10:59.900+0000] {logging_mixin.py:190} INFO - [2026-05-15T17:10:59.900+0000] {dag.py:4180} INFO - Setting next_dagrun for dataset_alias_example_alias_consumer to None, run_after=None
[2026-05-15T17:10:59.902+0000] {logging_mixin.py:190} INFO - [2026-05-15T17:10:59.902+0000] {dag.py:4180} INFO - Setting next_dagrun for dataset_alias_example_alias_producer to None, run_after=None
[2026-05-15T17:10:59.903+0000] {logging_mixin.py:190} INFO - [2026-05-15T17:10:59.903+0000] {dag.py:4180} INFO - Setting next_dagrun for dataset_s3_bucket_consumer to None, run_after=None
[2026-05-15T17:10:59.904+0000] {logging_mixin.py:190} INFO - [2026-05-15T17:10:59.903+0000] {dag.py:4180} INFO - Setting next_dagrun for dataset_s3_bucket_producer to None, run_after=None
[2026-05-15T17:10:59.922+0000] {processor.py:208} INFO - Processing /usr/local/python/3.12.1/lib/python3.12/site-packages/airflow/example_dags/example_dataset_alias.py took 0.083 seconds
[2026-05-15T17:12:14.597+0000] {processor.py:186} INFO - Started process (PID=61386) to work on /usr/local/python/3.12.1/lib/python3.12/site-packages/airflow/example_dags/example_dataset_alias.py
[2026-05-15T17:12:14.598+0000] {processor.py:914} INFO - Processing file /usr/local/python/3.12.1/lib/python3.12/site-packages/airflow/example_dags/example_dataset_alias.py for tasks to queue
[2026-05-15T17:12:14.600+0000] {logging_mixin.py:190} INFO - [2026-05-15T17:12:14.599+0000] {dagbag.py:588} INFO - Filling up the DagBag from /usr/local/python/3.12.1/lib/python3.12/site-packages/airflow/example_dags/example_dataset_alias.py
[2026-05-15T17:12:14.624+0000] {processor.py:925} INFO - DAG(s) 'dataset_alias_example_alias_producer', 'dataset_s3_bucket_consumer', 'dataset_s3_bucket_producer', 'dataset_alias_example_alias_consumer' retrieved from /usr/local/python/3.12.1/lib/python3.12/site-packages/airflow/example_dags/example_dataset_alias.py
[2026-05-15T17:12:14.649+0000] {logging_mixin.py:190} INFO - [2026-05-15T17:12:14.649+0000] {dag.py:3239} INFO - Sync 4 DAGs
[2026-05-15T17:12:14.678+0000] {logging_mixin.py:190} INFO - [2026-05-15T17:12:14.677+0000] {dag.py:4180} INFO - Setting next_dagrun for dataset_alias_example_alias_consumer to None, run_after=None
[2026-05-15T17:12:14.680+0000] {logging_mixin.py:190} INFO - [2026-05-15T17:12:14.680+0000] {dag.py:4180} INFO - Setting next_dagrun for dataset_alias_example_alias_producer to None, run_after=None
[2026-05-15T17:12:14.681+0000] {logging_mixin.py:190} INFO - [2026-05-15T17:12:14.681+0000] {dag.py:4180} INFO - Setting next_dagrun for dataset_s3_bucket_consumer to None, run_after=None
[2026-05-15T17:12:14.682+0000] {logging_mixin.py:190} INFO - [2026-05-15T17:12:14.682+0000] {dag.py:4180} INFO - Setting next_dagrun for dataset_s3_bucket_producer to None, run_after=None
[2026-05-15T17:12:14.706+0000] {processor.py:208} INFO - Processing /usr/local/python/3.12.1/lib/python3.12/site-packages/airflow/example_dags/example_dataset_alias.py took 0.115 seconds
[2026-05-15T17:13:04.429+0000] {processor.py:186} INFO - Started process (PID=61833) to work on /usr/local/python/3.12.1/lib/python3.12/site-packages/airflow/example_dags/example_dataset_alias.py
[2026-05-15T17:13:04.430+0000] {processor.py:914} INFO - Processing file /usr/local/python/3.12.1/lib/python3.12/site-packages/airflow/example_dags/example_dataset_alias.py for tasks to queue
[2026-05-15T17:13:04.431+0000] {logging_mixin.py:190} INFO - [2026-05-15T17:13:04.431+0000] {dagbag.py:588} INFO - Filling up the DagBag from /usr/local/python/3.12.1/lib/python3.12/site-packages/airflow/example_dags/example_dataset_alias.py
[2026-05-15T17:13:04.450+0000] {processor.py:925} INFO - DAG(s) 'dataset_alias_example_alias_producer', 'dataset_s3_bucket_producer', 'dataset_s3_bucket_consumer', 'dataset_alias_example_alias_consumer' retrieved from /usr/local/python/3.12.1/lib/python3.12/site-packages/airflow/example_dags/example_dataset_alias.py
[2026-05-15T17:13:04.465+0000] {logging_mixin.py:190} INFO - [2026-05-15T17:13:04.465+0000] {dag.py:3239} INFO - Sync 4 DAGs
[2026-05-15T17:13:04.488+0000] {logging_mixin.py:190} INFO - [2026-05-15T17:13:04.488+0000] {dag.py:4180} INFO - Setting next_dagrun for dataset_alias_example_alias_consumer to None, run_after=None
[2026-05-15T17:13:04.491+0000] {logging_mixin.py:190} INFO - [2026-05-15T17:13:04.490+0000] {dag.py:4180} INFO - Setting next_dagrun for dataset_alias_example_alias_producer to None, run_after=None
[2026-05-15T17:13:04.492+0000] {logging_mixin.py:190} INFO - [2026-05-15T17:13:04.491+0000] {dag.py:4180} INFO - Setting next_dagrun for dataset_s3_bucket_consumer to None, run_after=None
[2026-05-15T17:13:04.493+0000] {logging_mixin.py:190} INFO - [2026-05-15T17:13:04.493+0000] {dag.py:4180} INFO - Setting next_dagrun for dataset_s3_bucket_producer to None, run_after=None
[2026-05-15T17:13:04.512+0000] {processor.py:208} INFO - Processing /usr/local/python/3.12.1/lib/python3.12/site-packages/airflow/example_dags/example_dataset_alias.py took 0.087 seconds
[2026-05-15T17:14:18.850+0000] {processor.py:186} INFO - Started process (PID=62541) to work on /usr/local/python/3.12.1/lib/python3.12/site-packages/airflow/example_dags/example_dataset_alias.py
[2026-05-15T17:14:18.850+0000] {processor.py:914} INFO - Processing file /usr/local/python/3.12.1/lib/python3.12/site-packages/airflow/example_dags/example_dataset_alias.py for tasks to queue
[2026-05-15T17:14:18.852+0000] {logging_mixin.py:190} INFO - [2026-05-15T17:14:18.852+0000] {dagbag.py:588} INFO - Filling up the DagBag from /usr/local/python/3.12.1/lib/python3.12/site-packages/airflow/example_dags/example_dataset_alias.py
[2026-05-15T17:14:18.869+0000] {processor.py:925} INFO - DAG(s) 'dataset_alias_example_alias_consumer', 'dataset_s3_bucket_producer', 'dataset_alias_example_alias_producer', 'dataset_s3_bucket_consumer' retrieved from /usr/local/python/3.12.1/lib/python3.12/site-packages/airflow/example_dags/example_dataset_alias.py
[2026-05-15T17:14:18.889+0000] {logging_mixin.py:190} INFO - [2026-05-15T17:14:18.889+0000] {dag.py:3239} INFO - Sync 4 DAGs
[2026-05-15T17:14:18.905+0000] {logging_mixin.py:190} INFO - [2026-05-15T17:14:18.905+0000] {dag.py:4180} INFO - Setting next_dagrun for dataset_alias_example_alias_consumer to None, run_after=None
[2026-05-15T17:14:18.907+0000] {logging_mixin.py:190} INFO - [2026-05-15T17:14:18.907+0000] {dag.py:4180} INFO - Setting next_dagrun for dataset_alias_example_alias_producer to None, run_after=None
[2026-05-15T17:14:18.908+0000] {logging_mixin.py:190} INFO - [2026-05-15T17:14:18.908+0000] {dag.py:4180} INFO - Setting next_dagrun for dataset_s3_bucket_consumer to None, run_after=None
[2026-05-15T17:14:18.908+0000] {logging_mixin.py:190} INFO - [2026-05-15T17:14:18.908+0000] {dag.py:4180} INFO - Setting next_dagrun for dataset_s3_bucket_producer to None, run_after=None
[2026-05-15T17:14:18.926+0000] {processor.py:208} INFO - Processing /usr/local/python/3.12.1/lib/python3.12/site-packages/airflow/example_dags/example_dataset_alias.py took 0.080 seconds
[2026-05-15T17:15:37.805+0000] {processor.py:186} INFO - Started process (PID=63362) to work on /usr/local/python/3.12.1/lib/python3.12/site-packages/airflow/example_dags/example_dataset_alias.py
[2026-05-15T17:15:37.806+0000] {processor.py:914} INFO - Processing file /usr/local/python/3.12.1/lib/python3.12/site-packages/airflow/example_dags/example_dataset_alias.py for tasks to queue
[2026-05-15T17:15:37.808+0000] {logging_mixin.py:190} INFO - [2026-05-15T17:15:37.808+0000] {dagbag.py:588} INFO - Filling up the DagBag from /usr/local/python/3.12.1/lib/python3.12/site-packages/airflow/example_dags/example_dataset_alias.py
[2026-05-15T17:15:37.828+0000] {processor.py:925} INFO - DAG(s) 'dataset_s3_bucket_producer', 'dataset_alias_example_alias_consumer', 'dataset_s3_bucket_consumer', 'dataset_alias_example_alias_producer' retrieved from /usr/local/python/3.12.1/lib/python3.12/site-packages/airflow/example_dags/example_dataset_alias.py
[2026-05-15T17:15:37.846+0000] {logging_mixin.py:190} INFO - [2026-05-15T17:15:37.846+0000] {dag.py:3239} INFO - Sync 4 DAGs
[2026-05-15T17:15:37.863+0000] {logging_mixin.py:190} INFO - [2026-05-15T17:15:37.862+0000] {dag.py:4180} INFO - Setting next_dagrun for dataset_alias_example_alias_consumer to None, run_after=None
[2026-05-15T17:15:37.864+0000] {logging_mixin.py:190} INFO - [2026-05-15T17:15:37.864+0000] {dag.py:4180} INFO - Setting next_dagrun for dataset_alias_example_alias_producer to None, run_after=None
[2026-05-15T17:15:37.865+0000] {logging_mixin.py:190} INFO - [2026-05-15T17:15:37.865+0000] {dag.py:4180} INFO - Setting next_dagrun for dataset_s3_bucket_consumer to None, run_after=None
[2026-05-15T17:15:37.866+0000] {logging_mixin.py:190} INFO - [2026-05-15T17:15:37.866+0000] {dag.py:4180} INFO - Setting next_dagrun for dataset_s3_bucket_producer to None, run_after=None
[2026-05-15T17:15:37.888+0000] {processor.py:208} INFO - Processing /usr/local/python/3.12.1/lib/python3.12/site-packages/airflow/example_dags/example_dataset_alias.py took 0.087 seconds
[2026-05-15T17:16:33.523+0000] {processor.py:186} INFO - Started process (PID=63969) to work on /usr/local/python/3.12.1/lib/python3.12/site-packages/airflow/example_dags/example_dataset_alias.py
[2026-05-15T17:16:33.529+0000] {processor.py:914} INFO - Processing file /usr/local/python/3.12.1/lib/python3.12/site-packages/airflow/example_dags/example_dataset_alias.py for tasks to queue
[2026-05-15T17:16:33.536+0000] {logging_mixin.py:190} INFO - [2026-05-15T17:16:33.535+0000] {dagbag.py:588} INFO - Filling up the DagBag from /usr/local/python/3.12.1/lib/python3.12/site-packages/airflow/example_dags/example_dataset_alias.py
[2026-05-15T17:16:33.577+0000] {processor.py:925} INFO - DAG(s) 'dataset_s3_bucket_producer', 'dataset_alias_example_alias_producer', 'dataset_s3_bucket_consumer', 'dataset_alias_example_alias_consumer' retrieved from /usr/local/python/3.12.1/lib/python3.12/site-packages/airflow/example_dags/example_dataset_alias.py
[2026-05-15T17:16:33.602+0000] {logging_mixin.py:190} INFO - [2026-05-15T17:16:33.602+0000] {dag.py:3239} INFO - Sync 4 DAGs
[2026-05-15T17:16:33.628+0000] {logging_mixin.py:190} INFO - [2026-05-15T17:16:33.627+0000] {dag.py:4180} INFO - Setting next_dagrun for dataset_alias_example_alias_consumer to None, run_after=None
[2026-05-15T17:16:33.631+0000] {logging_mixin.py:190} INFO - [2026-05-15T17:16:33.631+0000] {dag.py:4180} INFO - Setting next_dagrun for dataset_alias_example_alias_producer to None, run_after=None
[2026-05-15T17:16:33.632+0000] {logging_mixin.py:190} INFO - [2026-05-15T17:16:33.632+0000] {dag.py:4180} INFO - Setting next_dagrun for dataset_s3_bucket_consumer to None, run_after=None
[2026-05-15T17:16:33.633+0000] {logging_mixin.py:190} INFO - [2026-05-15T17:16:33.633+0000] {dag.py:4180} INFO - Setting next_dagrun for dataset_s3_bucket_producer to None, run_after=None
[2026-05-15T17:16:33.684+0000] {processor.py:208} INFO - Processing /usr/local/python/3.12.1/lib/python3.12/site-packages/airflow/example_dags/example_dataset_alias.py took 0.190 seconds
[2026-05-15T17:17:45.718+0000] {processor.py:186} INFO - Started process (PID=64842) to work on /usr/local/python/3.12.1/lib/python3.12/site-packages/airflow/example_dags/example_dataset_alias.py
[2026-05-15T17:17:45.719+0000] {processor.py:914} INFO - Processing file /usr/local/python/3.12.1/lib/python3.12/site-packages/airflow/example_dags/example_dataset_alias.py for tasks to queue
[2026-05-15T17:17:45.722+0000] {logging_mixin.py:190} INFO - [2026-05-15T17:17:45.721+0000] {dagbag.py:588} INFO - Filling up the DagBag from /usr/local/python/3.12.1/lib/python3.12/site-packages/airflow/example_dags/example_dataset_alias.py
[2026-05-15T17:17:45.744+0000] {processor.py:925} INFO - DAG(s) 'dataset_s3_bucket_consumer', 'dataset_alias_example_alias_producer', 'dataset_alias_example_alias_consumer', 'dataset_s3_bucket_producer' retrieved from /usr/local/python/3.12.1/lib/python3.12/site-packages/airflow/example_dags/example_dataset_alias.py
[2026-05-15T17:17:45.759+0000] {logging_mixin.py:190} INFO - [2026-05-15T17:17:45.759+0000] {dag.py:3239} INFO - Sync 4 DAGs
[2026-05-15T17:17:45.775+0000] {logging_mixin.py:190} INFO - [2026-05-15T17:17:45.775+0000] {dag.py:4180} INFO - Setting next_dagrun for dataset_alias_example_alias_consumer to None, run_after=None
[2026-05-15T17:17:45.777+0000] {logging_mixin.py:190} INFO - [2026-05-15T17:17:45.777+0000] {dag.py:4180} INFO - Setting next_dagrun for dataset_alias_example_alias_producer to None, run_after=None
[2026-05-15T17:17:45.778+0000] {logging_mixin.py:190} INFO - [2026-05-15T17:17:45.778+0000] {dag.py:4180} INFO - Setting next_dagrun for dataset_s3_bucket_consumer to None, run_after=None
[2026-05-15T17:17:45.779+0000] {logging_mixin.py:190} INFO - [2026-05-15T17:17:45.779+0000] {dag.py:4180} INFO - Setting next_dagrun for dataset_s3_bucket_producer to None, run_after=None
[2026-05-15T17:17:45.803+0000] {processor.py:208} INFO - Processing /usr/local/python/3.12.1/lib/python3.12/site-packages/airflow/example_dags/example_dataset_alias.py took 0.093 seconds
[2026-05-15T17:18:42.446+0000] {processor.py:186} INFO - Started process (PID=65350) to work on /usr/local/python/3.12.1/lib/python3.12/site-packages/airflow/example_dags/example_dataset_alias.py
[2026-05-15T17:18:42.447+0000] {processor.py:914} INFO - Processing file /usr/local/python/3.12.1/lib/python3.12/site-packages/airflow/example_dags/example_dataset_alias.py for tasks to queue
[2026-05-15T17:18:42.449+0000] {logging_mixin.py:190} INFO - [2026-05-15T17:18:42.449+0000] {dagbag.py:588} INFO - Filling up the DagBag from /usr/local/python/3.12.1/lib/python3.12/site-packages/airflow/example_dags/example_dataset_alias.py
[2026-05-15T17:18:42.468+0000] {processor.py:925} INFO - DAG(s) 'dataset_alias_example_alias_producer', 'dataset_s3_bucket_producer', 'dataset_s3_bucket_consumer', 'dataset_alias_example_alias_consumer' retrieved from /usr/local/python/3.12.1/lib/python3.12/site-packages/airflow/example_dags/example_dataset_alias.py
[2026-05-15T17:18:42.488+0000] {logging_mixin.py:190} INFO - [2026-05-15T17:18:42.487+0000] {dag.py:3239} INFO - Sync 4 DAGs
[2026-05-15T17:18:42.507+0000] {logging_mixin.py:190} INFO - [2026-05-15T17:18:42.507+0000] {dag.py:4180} INFO - Setting next_dagrun for dataset_alias_example_alias_consumer to None, run_after=None
[2026-05-15T17:18:42.508+0000] {logging_mixin.py:190} INFO - [2026-05-15T17:18:42.508+0000] {dag.py:4180} INFO - Setting next_dagrun for dataset_alias_example_alias_producer to None, run_after=None
[2026-05-15T17:18:42.509+0000] {logging_mixin.py:190} INFO - [2026-05-15T17:18:42.509+0000] {dag.py:4180} INFO - Setting next_dagrun for dataset_s3_bucket_consumer to None, run_after=None
[2026-05-15T17:18:42.510+0000] {logging_mixin.py:190} INFO - [2026-05-15T17:18:42.510+0000] {dag.py:4180} INFO - Setting next_dagrun for dataset_s3_bucket_producer to None, run_after=None
[2026-05-15T17:18:42.529+0000] {processor.py:208} INFO - Processing /usr/local/python/3.12.1/lib/python3.12/site-packages/airflow/example_dags/example_dataset_alias.py took 0.088 seconds
[2026-05-15T17:19:53.844+0000] {processor.py:186} INFO - Started process (PID=66101) to work on /usr/local/python/3.12.1/lib/python3.12/site-packages/airflow/example_dags/example_dataset_alias.py
[2026-05-15T17:19:53.846+0000] {processor.py:914} INFO - Processing file /usr/local/python/3.12.1/lib/python3.12/site-packages/airflow/example_dags/example_dataset_alias.py for tasks to queue
[2026-05-15T17:19:53.848+0000] {logging_mixin.py:190} INFO - [2026-05-15T17:19:53.848+0000] {dagbag.py:588} INFO - Filling up the DagBag from /usr/local/python/3.12.1/lib/python3.12/site-packages/airflow/example_dags/example_dataset_alias.py
[2026-05-15T17:19:53.878+0000] {processor.py:925} INFO - DAG(s) 'dataset_s3_bucket_consumer', 'dataset_alias_example_alias_consumer', 'dataset_alias_example_alias_producer', 'dataset_s3_bucket_producer' retrieved from /usr/local/python/3.12.1/lib/python3.12/site-packages/airflow/example_dags/example_dataset_alias.py
[2026-05-15T17:19:53.914+0000] {logging_mixin.py:190} INFO - [2026-05-15T17:19:53.914+0000] {dag.py:3239} INFO - Sync 4 DAGs
[2026-05-15T17:19:53.930+0000] {logging_mixin.py:190} INFO - [2026-05-15T17:19:53.930+0000] {dag.py:4180} INFO - Setting next_dagrun for dataset_alias_example_alias_consumer to None, run_after=None
[2026-05-15T17:19:53.933+0000] {logging_mixin.py:190} INFO - [2026-05-15T17:19:53.932+0000] {dag.py:4180} INFO - Setting next_dagrun for dataset_alias_example_alias_producer to None, run_after=None
[2026-05-15T17:19:53.933+0000] {logging_mixin.py:190} INFO - [2026-05-15T17:19:53.933+0000] {dag.py:4180} INFO - Setting next_dagrun for dataset_s3_bucket_consumer to None, run_after=None
[2026-05-15T17:19:53.934+0000] {logging_mixin.py:190} INFO - [2026-05-15T17:19:53.934+0000] {dag.py:4180} INFO - Setting next_dagrun for dataset_s3_bucket_producer to None, run_after=None
[2026-05-15T17:19:53.953+0000] {processor.py:208} INFO - Processing /usr/local/python/3.12.1/lib/python3.12/site-packages/airflow/example_dags/example_dataset_alias.py took 0.116 seconds
[2026-05-15T17:21:05.114+0000] {processor.py:186} INFO - Started process (PID=66726) to work on /usr/local/python/3.12.1/lib/python3.12/site-packages/airflow/example_dags/example_dataset_alias.py
[2026-05-15T17:21:05.114+0000] {processor.py:914} INFO - Processing file /usr/local/python/3.12.1/lib/python3.12/site-packages/airflow/example_dags/example_dataset_alias.py for tasks to queue
[2026-05-15T17:21:05.116+0000] {logging_mixin.py:190} INFO - [2026-05-15T17:21:05.116+0000] {dagbag.py:588} INFO - Filling up the DagBag from /usr/local/python/3.12.1/lib/python3.12/site-packages/airflow/example_dags/example_dataset_alias.py
[2026-05-15T17:21:05.135+0000] {processor.py:925} INFO - DAG(s) 'dataset_alias_example_alias_consumer', 'dataset_s3_bucket_producer', 'dataset_s3_bucket_consumer', 'dataset_alias_example_alias_producer' retrieved from /usr/local/python/3.12.1/lib/python3.12/site-packages/airflow/example_dags/example_dataset_alias.py
[2026-05-15T17:21:05.150+0000] {logging_mixin.py:190} INFO - [2026-05-15T17:21:05.149+0000] {dag.py:3239} INFO - Sync 4 DAGs
[2026-05-15T17:21:05.166+0000] {logging_mixin.py:190} INFO - [2026-05-15T17:21:05.166+0000] {dag.py:4180} INFO - Setting next_dagrun for dataset_alias_example_alias_consumer to None, run_after=None
[2026-05-15T17:21:05.168+0000] {logging_mixin.py:190} INFO - [2026-05-15T17:21:05.168+0000] {dag.py:4180} INFO - Setting next_dagrun for dataset_alias_example_alias_producer to None, run_after=None
[2026-05-15T17:21:05.168+0000] {logging_mixin.py:190} INFO - [2026-05-15T17:21:05.168+0000] {dag.py:4180} INFO - Setting next_dagrun for dataset_s3_bucket_consumer to None, run_after=None
[2026-05-15T17:21:05.169+0000] {logging_mixin.py:190} INFO - [2026-05-15T17:21:05.169+0000] {dag.py:4180} INFO - Setting next_dagrun for dataset_s3_bucket_producer to None, run_after=None
[2026-05-15T17:21:05.195+0000] {processor.py:208} INFO - Processing /usr/local/python/3.12.1/lib/python3.12/site-packages/airflow/example_dags/example_dataset_alias.py took 0.087 seconds
[2026-05-15T17:22:17.574+0000] {processor.py:186} INFO - Started process (PID=67464) to work on /usr/local/python/3.12.1/lib/python3.12/site-packages/airflow/example_dags/example_dataset_alias.py
[2026-05-15T17:22:17.576+0000] {processor.py:914} INFO - Processing file /usr/local/python/3.12.1/lib/python3.12/site-packages/airflow/example_dags/example_dataset_alias.py for tasks to queue
[2026-05-15T17:22:17.578+0000] {logging_mixin.py:190} INFO - [2026-05-15T17:22:17.578+0000] {dagbag.py:588} INFO - Filling up the DagBag from /usr/local/python/3.12.1/lib/python3.12/site-packages/airflow/example_dags/example_dataset_alias.py
[2026-05-15T17:22:17.603+0000] {processor.py:925} INFO - DAG(s) 'dataset_s3_bucket_producer', 'dataset_s3_bucket_consumer', 'dataset_alias_example_alias_consumer', 'dataset_alias_example_alias_producer' retrieved from /usr/local/python/3.12.1/lib/python3.12/site-packages/airflow/example_dags/example_dataset_alias.py
[2026-05-15T17:22:17.627+0000] {logging_mixin.py:190} INFO - [2026-05-15T17:22:17.626+0000] {dag.py:3239} INFO - Sync 4 DAGs
[2026-05-15T17:22:17.652+0000] {logging_mixin.py:190} INFO - [2026-05-15T17:22:17.651+0000] {dag.py:4180} INFO - Setting next_dagrun for dataset_alias_example_alias_consumer to None, run_after=None
[2026-05-15T17:22:17.654+0000] {logging_mixin.py:190} INFO - [2026-05-15T17:22:17.654+0000] {dag.py:4180} INFO - Setting next_dagrun for dataset_alias_example_alias_producer to None, run_after=None
[2026-05-15T17:22:17.655+0000] {logging_mixin.py:190} INFO - [2026-05-15T17:22:17.655+0000] {dag.py:4180} INFO - Setting next_dagrun for dataset_s3_bucket_consumer to None, run_after=None
[2026-05-15T17:22:17.656+0000] {logging_mixin.py:190} INFO - [2026-05-15T17:22:17.656+0000] {dag.py:4180} INFO - Setting next_dagrun for dataset_s3_bucket_producer to None, run_after=None
[2026-05-15T17:22:17.680+0000] {processor.py:208} INFO - Processing /usr/local/python/3.12.1/lib/python3.12/site-packages/airflow/example_dags/example_dataset_alias.py took 0.112 seconds
[2026-05-15T17:23:32.199+0000] {processor.py:186} INFO - Started process (PID=68128) to work on /usr/local/python/3.12.1/lib/python3.12/site-packages/airflow/example_dags/example_dataset_alias.py
[2026-05-15T17:23:32.200+0000] {processor.py:914} INFO - Processing file /usr/local/python/3.12.1/lib/python3.12/site-packages/airflow/example_dags/example_dataset_alias.py for tasks to queue
[2026-05-15T17:23:32.201+0000] {logging_mixin.py:190} INFO - [2026-05-15T17:23:32.201+0000] {dagbag.py:588} INFO - Filling up the DagBag from /usr/local/python/3.12.1/lib/python3.12/site-packages/airflow/example_dags/example_dataset_alias.py
[2026-05-15T17:23:32.220+0000] {processor.py:925} INFO - DAG(s) 'dataset_s3_bucket_consumer', 'dataset_alias_example_alias_producer', 'dataset_alias_example_alias_consumer', 'dataset_s3_bucket_producer' retrieved from /usr/local/python/3.12.1/lib/python3.12/site-packages/airflow/example_dags/example_dataset_alias.py
[2026-05-15T17:23:32.236+0000] {logging_mixin.py:190} INFO - [2026-05-15T17:23:32.236+0000] {dag.py:3239} INFO - Sync 4 DAGs
[2026-05-15T17:23:32.253+0000] {logging_mixin.py:190} INFO - [2026-05-15T17:23:32.253+0000] {dag.py:4180} INFO - Setting next_dagrun for dataset_alias_example_alias_consumer to None, run_after=None
[2026-05-15T17:23:32.255+0000] {logging_mixin.py:190} INFO - [2026-05-15T17:23:32.255+0000] {dag.py:4180} INFO - Setting next_dagrun for dataset_alias_example_alias_producer to None, run_after=None
[2026-05-15T17:23:32.255+0000] {logging_mixin.py:190} INFO - [2026-05-15T17:23:32.255+0000] {dag.py:4180} INFO - Setting next_dagrun for dataset_s3_bucket_consumer to None, run_after=None
[2026-05-15T17:23:32.256+0000] {logging_mixin.py:190} INFO - [2026-05-15T17:23:32.256+0000] {dag.py:4180} INFO - Setting next_dagrun for dataset_s3_bucket_producer to None, run_after=None
[2026-05-15T17:23:32.275+0000] {processor.py:208} INFO - Processing /usr/local/python/3.12.1/lib/python3.12/site-packages/airflow/example_dags/example_dataset_alias.py took 0.083 seconds
[2026-05-15T17:24:48.267+0000] {processor.py:186} INFO - Started process (PID=68883) to work on /usr/local/python/3.12.1/lib/python3.12/site-packages/airflow/example_dags/example_dataset_alias.py
[2026-05-15T17:24:48.268+0000] {processor.py:914} INFO - Processing file /usr/local/python/3.12.1/lib/python3.12/site-packages/airflow/example_dags/example_dataset_alias.py for tasks to queue
[2026-05-15T17:24:48.269+0000] {logging_mixin.py:190} INFO - [2026-05-15T17:24:48.269+0000] {dagbag.py:588} INFO - Filling up the DagBag from /usr/local/python/3.12.1/lib/python3.12/site-packages/airflow/example_dags/example_dataset_alias.py
[2026-05-15T17:24:48.293+0000] {processor.py:925} INFO - DAG(s) 'dataset_s3_bucket_consumer', 'dataset_alias_example_alias_producer', 'dataset_alias_example_alias_consumer', 'dataset_s3_bucket_producer' retrieved from /usr/local/python/3.12.1/lib/python3.12/site-packages/airflow/example_dags/example_dataset_alias.py
[2026-05-15T17:24:48.310+0000] {logging_mixin.py:190} INFO - [2026-05-15T17:24:48.309+0000] {dag.py:3239} INFO - Sync 4 DAGs
[2026-05-15T17:24:48.325+0000] {logging_mixin.py:190} INFO - [2026-05-15T17:24:48.325+0000] {dag.py:4180} INFO - Setting next_dagrun for dataset_alias_example_alias_consumer to None, run_after=None
[2026-05-15T17:24:48.327+0000] {logging_mixin.py:190} INFO - [2026-05-15T17:24:48.327+0000] {dag.py:4180} INFO - Setting next_dagrun for dataset_alias_example_alias_producer to None, run_after=None
[2026-05-15T17:24:48.327+0000] {logging_mixin.py:190} INFO - [2026-05-15T17:24:48.327+0000] {dag.py:4180} INFO - Setting next_dagrun for dataset_s3_bucket_consumer to None, run_after=None
[2026-05-15T17:24:48.328+0000] {logging_mixin.py:190} INFO - [2026-05-15T17:24:48.328+0000] {dag.py:4180} INFO - Setting next_dagrun for dataset_s3_bucket_producer to None, run_after=None
[2026-05-15T17:24:48.346+0000] {processor.py:208} INFO - Processing /usr/local/python/3.12.1/lib/python3.12/site-packages/airflow/example_dags/example_dataset_alias.py took 0.084 seconds
[2026-05-15T17:25:40.103+0000] {processor.py:186} INFO - Started process (PID=69277) to work on /usr/local/python/3.12.1/lib/python3.12/site-packages/airflow/example_dags/example_dataset_alias.py
[2026-05-15T17:25:40.104+0000] {processor.py:914} INFO - Processing file /usr/local/python/3.12.1/lib/python3.12/site-packages/airflow/example_dags/example_dataset_alias.py for tasks to queue
[2026-05-15T17:25:40.107+0000] {logging_mixin.py:190} INFO - [2026-05-15T17:25:40.106+0000] {dagbag.py:588} INFO - Filling up the DagBag from /usr/local/python/3.12.1/lib/python3.12/site-packages/airflow/example_dags/example_dataset_alias.py
[2026-05-15T17:25:40.140+0000] {processor.py:925} INFO - DAG(s) 'dataset_alias_example_alias_producer', 'dataset_alias_example_alias_consumer', 'dataset_s3_bucket_producer', 'dataset_s3_bucket_consumer' retrieved from /usr/local/python/3.12.1/lib/python3.12/site-packages/airflow/example_dags/example_dataset_alias.py
[2026-05-15T17:25:40.165+0000] {logging_mixin.py:190} INFO - [2026-05-15T17:25:40.165+0000] {dag.py:3239} INFO - Sync 4 DAGs
[2026-05-15T17:25:40.184+0000] {logging_mixin.py:190} INFO - [2026-05-15T17:25:40.184+0000] {dag.py:4180} INFO - Setting next_dagrun for dataset_alias_example_alias_consumer to None, run_after=None
[2026-05-15T17:25:40.186+0000] {logging_mixin.py:190} INFO - [2026-05-15T17:25:40.186+0000] {dag.py:4180} INFO - Setting next_dagrun for dataset_alias_example_alias_producer to None, run_after=None
[2026-05-15T17:25:40.187+0000] {logging_mixin.py:190} INFO - [2026-05-15T17:25:40.187+0000] {dag.py:4180} INFO - Setting next_dagrun for dataset_s3_bucket_consumer to None, run_after=None
[2026-05-15T17:25:40.188+0000] {logging_mixin.py:190} INFO - [2026-05-15T17:25:40.188+0000] {dag.py:4180} INFO - Setting next_dagrun for dataset_s3_bucket_producer to None, run_after=None
[2026-05-15T17:25:40.208+0000] {processor.py:208} INFO - Processing /usr/local/python/3.12.1/lib/python3.12/site-packages/airflow/example_dags/example_dataset_alias.py took 0.114 seconds
[2026-05-15T17:26:53.655+0000] {processor.py:186} INFO - Started process (PID=69986) to work on /usr/local/python/3.12.1/lib/python3.12/site-packages/airflow/example_dags/example_dataset_alias.py
[2026-05-15T17:26:53.656+0000] {processor.py:914} INFO - Processing file /usr/local/python/3.12.1/lib/python3.12/site-packages/airflow/example_dags/example_dataset_alias.py for tasks to queue
[2026-05-15T17:26:53.658+0000] {logging_mixin.py:190} INFO - [2026-05-15T17:26:53.658+0000] {dagbag.py:588} INFO - Filling up the DagBag from /usr/local/python/3.12.1/lib/python3.12/site-packages/airflow/example_dags/example_dataset_alias.py
[2026-05-15T17:26:53.678+0000] {processor.py:925} INFO - DAG(s) 'dataset_alias_example_alias_consumer', 'dataset_alias_example_alias_producer', 'dataset_s3_bucket_consumer', 'dataset_s3_bucket_producer' retrieved from /usr/local/python/3.12.1/lib/python3.12/site-packages/airflow/example_dags/example_dataset_alias.py
[2026-05-15T17:26:53.697+0000] {logging_mixin.py:190} INFO - [2026-05-15T17:26:53.697+0000] {dag.py:3239} INFO - Sync 4 DAGs
[2026-05-15T17:26:53.713+0000] {logging_mixin.py:190} INFO - [2026-05-15T17:26:53.713+0000] {dag.py:4180} INFO - Setting next_dagrun for dataset_alias_example_alias_consumer to None, run_after=None
[2026-05-15T17:26:53.715+0000] {logging_mixin.py:190} INFO - [2026-05-15T17:26:53.714+0000] {dag.py:4180} INFO - Setting next_dagrun for dataset_alias_example_alias_producer to None, run_after=None
[2026-05-15T17:26:53.715+0000] {logging_mixin.py:190} INFO - [2026-05-15T17:26:53.715+0000] {dag.py:4180} INFO - Setting next_dagrun for dataset_s3_bucket_consumer to None, run_after=None
[2026-05-15T17:26:53.716+0000] {logging_mixin.py:190} INFO - [2026-05-15T17:26:53.716+0000] {dag.py:4180} INFO - Setting next_dagrun for dataset_s3_bucket_producer to None, run_after=None
[2026-05-15T17:26:53.734+0000] {processor.py:208} INFO - Processing /usr/local/python/3.12.1/lib/python3.12/site-packages/airflow/example_dags/example_dataset_alias.py took 0.084 seconds
[2026-05-15T17:27:48.814+0000] {processor.py:186} INFO - Started process (PID=70597) to work on /usr/local/python/3.12.1/lib/python3.12/site-packages/airflow/example_dags/example_dataset_alias.py
[2026-05-15T17:27:48.815+0000] {processor.py:914} INFO - Processing file /usr/local/python/3.12.1/lib/python3.12/site-packages/airflow/example_dags/example_dataset_alias.py for tasks to queue
[2026-05-15T17:27:48.817+0000] {logging_mixin.py:190} INFO - [2026-05-15T17:27:48.816+0000] {dagbag.py:588} INFO - Filling up the DagBag from /usr/local/python/3.12.1/lib/python3.12/site-packages/airflow/example_dags/example_dataset_alias.py
[2026-05-15T17:27:48.835+0000] {processor.py:925} INFO - DAG(s) 'dataset_alias_example_alias_consumer', 'dataset_s3_bucket_consumer', 'dataset_s3_bucket_producer', 'dataset_alias_example_alias_producer' retrieved from /usr/local/python/3.12.1/lib/python3.12/site-packages/airflow/example_dags/example_dataset_alias.py
[2026-05-15T17:27:48.850+0000] {logging_mixin.py:190} INFO - [2026-05-15T17:27:48.850+0000] {dag.py:3239} INFO - Sync 4 DAGs
[2026-05-15T17:27:48.865+0000] {logging_mixin.py:190} INFO - [2026-05-15T17:27:48.865+0000] {dag.py:4180} INFO - Setting next_dagrun for dataset_alias_example_alias_consumer to None, run_after=None
[2026-05-15T17:27:48.867+0000] {logging_mixin.py:190} INFO - [2026-05-15T17:27:48.866+0000] {dag.py:4180} INFO - Setting next_dagrun for dataset_alias_example_alias_producer to None, run_after=None
[2026-05-15T17:27:48.867+0000] {logging_mixin.py:190} INFO - [2026-05-15T17:27:48.867+0000] {dag.py:4180} INFO - Setting next_dagrun for dataset_s3_bucket_consumer to None, run_after=None
[2026-05-15T17:27:48.868+0000] {logging_mixin.py:190} INFO - [2026-05-15T17:27:48.868+0000] {dag.py:4180} INFO - Setting next_dagrun for dataset_s3_bucket_producer to None, run_after=None
[2026-05-15T17:27:48.891+0000] {processor.py:208} INFO - Processing /usr/local/python/3.12.1/lib/python3.12/site-packages/airflow/example_dags/example_dataset_alias.py took 0.082 seconds
[2026-05-15T17:28:57.353+0000] {processor.py:186} INFO - Started process (PID=71250) to work on /usr/local/python/3.12.1/lib/python3.12/site-packages/airflow/example_dags/example_dataset_alias.py
[2026-05-15T17:28:57.354+0000] {processor.py:914} INFO - Processing file /usr/local/python/3.12.1/lib/python3.12/site-packages/airflow/example_dags/example_dataset_alias.py for tasks to queue
[2026-05-15T17:28:57.356+0000] {logging_mixin.py:190} INFO - [2026-05-15T17:28:57.355+0000] {dagbag.py:588} INFO - Filling up the DagBag from /usr/local/python/3.12.1/lib/python3.12/site-packages/airflow/example_dags/example_dataset_alias.py
[2026-05-15T17:28:57.374+0000] {processor.py:925} INFO - DAG(s) 'dataset_alias_example_alias_producer', 'dataset_s3_bucket_producer', 'dataset_alias_example_alias_consumer', 'dataset_s3_bucket_consumer' retrieved from /usr/local/python/3.12.1/lib/python3.12/site-packages/airflow/example_dags/example_dataset_alias.py
[2026-05-15T17:28:57.394+0000] {logging_mixin.py:190} INFO - [2026-05-15T17:28:57.394+0000] {dag.py:3239} INFO - Sync 4 DAGs
[2026-05-15T17:28:57.410+0000] {logging_mixin.py:190} INFO - [2026-05-15T17:28:57.410+0000] {dag.py:4180} INFO - Setting next_dagrun for dataset_alias_example_alias_consumer to None, run_after=None
[2026-05-15T17:28:57.412+0000] {logging_mixin.py:190} INFO - [2026-05-15T17:28:57.411+0000] {dag.py:4180} INFO - Setting next_dagrun for dataset_alias_example_alias_producer to None, run_after=None
[2026-05-15T17:28:57.412+0000] {logging_mixin.py:190} INFO - [2026-05-15T17:28:57.412+0000] {dag.py:4180} INFO - Setting next_dagrun for dataset_s3_bucket_consumer to None, run_after=None
[2026-05-15T17:28:57.413+0000] {logging_mixin.py:190} INFO - [2026-05-15T17:28:57.413+0000] {dag.py:4180} INFO - Setting next_dagrun for dataset_s3_bucket_producer to None, run_after=None
[2026-05-15T17:28:57.430+0000] {processor.py:208} INFO - Processing /usr/local/python/3.12.1/lib/python3.12/site-packages/airflow/example_dags/example_dataset_alias.py took 0.082 seconds
[2026-05-15T17:29:52.641+0000] {processor.py:186} INFO - Started process (PID=71731) to work on /usr/local/python/3.12.1/lib/python3.12/site-packages/airflow/example_dags/example_dataset_alias.py
[2026-05-15T17:29:52.642+0000] {processor.py:914} INFO - Processing file /usr/local/python/3.12.1/lib/python3.12/site-packages/airflow/example_dags/example_dataset_alias.py for tasks to queue
[2026-05-15T17:29:52.644+0000] {logging_mixin.py:190} INFO - [2026-05-15T17:29:52.644+0000] {dagbag.py:588} INFO - Filling up the DagBag from /usr/local/python/3.12.1/lib/python3.12/site-packages/airflow/example_dags/example_dataset_alias.py
[2026-05-15T17:29:52.662+0000] {processor.py:925} INFO - DAG(s) 'dataset_alias_example_alias_producer', 'dataset_s3_bucket_producer', 'dataset_s3_bucket_consumer', 'dataset_alias_example_alias_consumer' retrieved from /usr/local/python/3.12.1/lib/python3.12/site-packages/airflow/example_dags/example_dataset_alias.py
[2026-05-15T17:29:52.679+0000] {logging_mixin.py:190} INFO - [2026-05-15T17:29:52.679+0000] {dag.py:3239} INFO - Sync 4 DAGs
[2026-05-15T17:29:52.699+0000] {logging_mixin.py:190} INFO - [2026-05-15T17:29:52.698+0000] {dag.py:4180} INFO - Setting next_dagrun for dataset_alias_example_alias_consumer to None, run_after=None
[2026-05-15T17:29:52.700+0000] {logging_mixin.py:190} INFO - [2026-05-15T17:29:52.700+0000] {dag.py:4180} INFO - Setting next_dagrun for dataset_alias_example_alias_producer to None, run_after=None
[2026-05-15T17:29:52.701+0000] {logging_mixin.py:190} INFO - [2026-05-15T17:29:52.701+0000] {dag.py:4180} INFO - Setting next_dagrun for dataset_s3_bucket_consumer to None, run_after=None
[2026-05-15T17:29:52.702+0000] {logging_mixin.py:190} INFO - [2026-05-15T17:29:52.702+0000] {dag.py:4180} INFO - Setting next_dagrun for dataset_s3_bucket_producer to None, run_after=None
[2026-05-15T17:29:52.720+0000] {processor.py:208} INFO - Processing /usr/local/python/3.12.1/lib/python3.12/site-packages/airflow/example_dags/example_dataset_alias.py took 0.086 seconds
[2026-05-15T17:31:08.903+0000] {processor.py:186} INFO - Started process (PID=72589) to work on /usr/local/python/3.12.1/lib/python3.12/site-packages/airflow/example_dags/example_dataset_alias.py
[2026-05-15T17:31:08.906+0000] {processor.py:914} INFO - Processing file /usr/local/python/3.12.1/lib/python3.12/site-packages/airflow/example_dags/example_dataset_alias.py for tasks to queue
[2026-05-15T17:31:08.909+0000] {logging_mixin.py:190} INFO - [2026-05-15T17:31:08.908+0000] {dagbag.py:588} INFO - Filling up the DagBag from /usr/local/python/3.12.1/lib/python3.12/site-packages/airflow/example_dags/example_dataset_alias.py
[2026-05-15T17:31:08.937+0000] {processor.py:925} INFO - DAG(s) 'dataset_alias_example_alias_consumer', 'dataset_alias_example_alias_producer', 'dataset_s3_bucket_producer', 'dataset_s3_bucket_consumer' retrieved from /usr/local/python/3.12.1/lib/python3.12/site-packages/airflow/example_dags/example_dataset_alias.py
[2026-05-15T17:31:08.961+0000] {logging_mixin.py:190} INFO - [2026-05-15T17:31:08.961+0000] {dag.py:3239} INFO - Sync 4 DAGs
[2026-05-15T17:31:08.996+0000] {logging_mixin.py:190} INFO - [2026-05-15T17:31:08.996+0000] {dag.py:4180} INFO - Setting next_dagrun for dataset_alias_example_alias_consumer to None, run_after=None
[2026-05-15T17:31:09.000+0000] {logging_mixin.py:190} INFO - [2026-05-15T17:31:08.999+0000] {dag.py:4180} INFO - Setting next_dagrun for dataset_alias_example_alias_producer to None, run_after=None
[2026-05-15T17:31:09.001+0000] {logging_mixin.py:190} INFO - [2026-05-15T17:31:09.001+0000] {dag.py:4180} INFO - Setting next_dagrun for dataset_s3_bucket_consumer to None, run_after=None
[2026-05-15T17:31:09.002+0000] {logging_mixin.py:190} INFO - [2026-05-15T17:31:09.002+0000] {dag.py:4180} INFO - Setting next_dagrun for dataset_s3_bucket_producer to None, run_after=None
[2026-05-15T17:31:09.052+0000] {processor.py:208} INFO - Processing /usr/local/python/3.12.1/lib/python3.12/site-packages/airflow/example_dags/example_dataset_alias.py took 0.159 seconds
[2026-05-15T17:32:02.356+0000] {processor.py:186} INFO - Started process (PID=73072) to work on /usr/local/python/3.12.1/lib/python3.12/site-packages/airflow/example_dags/example_dataset_alias.py
[2026-05-15T17:32:02.356+0000] {processor.py:914} INFO - Processing file /usr/local/python/3.12.1/lib/python3.12/site-packages/airflow/example_dags/example_dataset_alias.py for tasks to queue
[2026-05-15T17:32:02.359+0000] {logging_mixin.py:190} INFO - [2026-05-15T17:32:02.359+0000] {dagbag.py:588} INFO - Filling up the DagBag from /usr/local/python/3.12.1/lib/python3.12/site-packages/airflow/example_dags/example_dataset_alias.py
[2026-05-15T17:32:02.379+0000] {processor.py:925} INFO - DAG(s) 'dataset_alias_example_alias_producer', 'dataset_s3_bucket_consumer', 'dataset_alias_example_alias_consumer', 'dataset_s3_bucket_producer' retrieved from /usr/local/python/3.12.1/lib/python3.12/site-packages/airflow/example_dags/example_dataset_alias.py
[2026-05-15T17:32:02.399+0000] {logging_mixin.py:190} INFO - [2026-05-15T17:32:02.398+0000] {dag.py:3239} INFO - Sync 4 DAGs
[2026-05-15T17:32:02.414+0000] {logging_mixin.py:190} INFO - [2026-05-15T17:32:02.414+0000] {dag.py:4180} INFO - Setting next_dagrun for dataset_alias_example_alias_consumer to None, run_after=None
[2026-05-15T17:32:02.415+0000] {logging_mixin.py:190} INFO - [2026-05-15T17:32:02.415+0000] {dag.py:4180} INFO - Setting next_dagrun for dataset_alias_example_alias_producer to None, run_after=None
[2026-05-15T17:32:02.416+0000] {logging_mixin.py:190} INFO - [2026-05-15T17:32:02.416+0000] {dag.py:4180} INFO - Setting next_dagrun for dataset_s3_bucket_consumer to None, run_after=None
[2026-05-15T17:32:02.417+0000] {logging_mixin.py:190} INFO - [2026-05-15T17:32:02.417+0000] {dag.py:4180} INFO - Setting next_dagrun for dataset_s3_bucket_producer to None, run_after=None
[2026-05-15T17:32:02.435+0000] {processor.py:208} INFO - Processing /usr/local/python/3.12.1/lib/python3.12/site-packages/airflow/example_dags/example_dataset_alias.py took 0.084 seconds
[2026-05-15T17:32:53.803+0000] {processor.py:186} INFO - Started process (PID=73530) to work on /usr/local/python/3.12.1/lib/python3.12/site-packages/airflow/example_dags/example_dataset_alias.py
[2026-05-15T17:32:53.804+0000] {processor.py:914} INFO - Processing file /usr/local/python/3.12.1/lib/python3.12/site-packages/airflow/example_dags/example_dataset_alias.py for tasks to queue
[2026-05-15T17:32:53.806+0000] {logging_mixin.py:190} INFO - [2026-05-15T17:32:53.806+0000] {dagbag.py:588} INFO - Filling up the DagBag from /usr/local/python/3.12.1/lib/python3.12/site-packages/airflow/example_dags/example_dataset_alias.py
[2026-05-15T17:32:53.825+0000] {processor.py:925} INFO - DAG(s) 'dataset_alias_example_alias_producer', 'dataset_s3_bucket_consumer', 'dataset_s3_bucket_producer', 'dataset_alias_example_alias_consumer' retrieved from /usr/local/python/3.12.1/lib/python3.12/site-packages/airflow/example_dags/example_dataset_alias.py
[2026-05-15T17:32:53.841+0000] {logging_mixin.py:190} INFO - [2026-05-15T17:32:53.840+0000] {dag.py:3239} INFO - Sync 4 DAGs
[2026-05-15T17:32:53.856+0000] {logging_mixin.py:190} INFO - [2026-05-15T17:32:53.856+0000] {dag.py:4180} INFO - Setting next_dagrun for dataset_alias_example_alias_consumer to None, run_after=None
[2026-05-15T17:32:53.857+0000] {logging_mixin.py:190} INFO - [2026-05-15T17:32:53.857+0000] {dag.py:4180} INFO - Setting next_dagrun for dataset_alias_example_alias_producer to None, run_after=None
[2026-05-15T17:32:53.858+0000] {logging_mixin.py:190} INFO - [2026-05-15T17:32:53.858+0000] {dag.py:4180} INFO - Setting next_dagrun for dataset_s3_bucket_consumer to None, run_after=None
[2026-05-15T17:32:53.859+0000] {logging_mixin.py:190} INFO - [2026-05-15T17:32:53.859+0000] {dag.py:4180} INFO - Setting next_dagrun for dataset_s3_bucket_producer to None, run_after=None
[2026-05-15T17:32:53.878+0000] {processor.py:208} INFO - Processing /usr/local/python/3.12.1/lib/python3.12/site-packages/airflow/example_dags/example_dataset_alias.py took 0.080 seconds
[2026-05-15T17:34:08.323+0000] {processor.py:186} INFO - Started process (PID=74873) to work on /usr/local/python/3.12.1/lib/python3.12/site-packages/airflow/example_dags/example_dataset_alias.py
[2026-05-15T17:34:08.324+0000] {processor.py:914} INFO - Processing file /usr/local/python/3.12.1/lib/python3.12/site-packages/airflow/example_dags/example_dataset_alias.py for tasks to queue
[2026-05-15T17:34:08.327+0000] {logging_mixin.py:190} INFO - [2026-05-15T17:34:08.326+0000] {dagbag.py:588} INFO - Filling up the DagBag from /usr/local/python/3.12.1/lib/python3.12/site-packages/airflow/example_dags/example_dataset_alias.py
[2026-05-15T17:34:08.353+0000] {processor.py:925} INFO - DAG(s) 'dataset_alias_example_alias_producer', 'dataset_alias_example_alias_consumer', 'dataset_s3_bucket_consumer', 'dataset_s3_bucket_producer' retrieved from /usr/local/python/3.12.1/lib/python3.12/site-packages/airflow/example_dags/example_dataset_alias.py
[2026-05-15T17:34:08.377+0000] {logging_mixin.py:190} INFO - [2026-05-15T17:34:08.377+0000] {dag.py:3239} INFO - Sync 4 DAGs
[2026-05-15T17:34:08.403+0000] {logging_mixin.py:190} INFO - [2026-05-15T17:34:08.403+0000] {dag.py:4180} INFO - Setting next_dagrun for dataset_alias_example_alias_consumer to None, run_after=None
[2026-05-15T17:34:08.406+0000] {logging_mixin.py:190} INFO - [2026-05-15T17:34:08.405+0000] {dag.py:4180} INFO - Setting next_dagrun for dataset_alias_example_alias_producer to None, run_after=None
[2026-05-15T17:34:08.407+0000] {logging_mixin.py:190} INFO - [2026-05-15T17:34:08.407+0000] {dag.py:4180} INFO - Setting next_dagrun for dataset_s3_bucket_consumer to None, run_after=None
[2026-05-15T17:34:08.408+0000] {logging_mixin.py:190} INFO - [2026-05-15T17:34:08.408+0000] {dag.py:4180} INFO - Setting next_dagrun for dataset_s3_bucket_producer to None, run_after=None
[2026-05-15T17:34:08.444+0000] {processor.py:208} INFO - Processing /usr/local/python/3.12.1/lib/python3.12/site-packages/airflow/example_dags/example_dataset_alias.py took 0.130 seconds
[2026-05-15T17:35:04.848+0000] {processor.py:186} INFO - Started process (PID=75619) to work on /usr/local/python/3.12.1/lib/python3.12/site-packages/airflow/example_dags/example_dataset_alias.py
[2026-05-15T17:35:04.849+0000] {processor.py:914} INFO - Processing file /usr/local/python/3.12.1/lib/python3.12/site-packages/airflow/example_dags/example_dataset_alias.py for tasks to queue
[2026-05-15T17:35:04.851+0000] {logging_mixin.py:190} INFO - [2026-05-15T17:35:04.851+0000] {dagbag.py:588} INFO - Filling up the DagBag from /usr/local/python/3.12.1/lib/python3.12/site-packages/airflow/example_dags/example_dataset_alias.py
[2026-05-15T17:35:04.869+0000] {processor.py:925} INFO - DAG(s) 'dataset_alias_example_alias_producer', 'dataset_s3_bucket_producer', 'dataset_s3_bucket_consumer', 'dataset_alias_example_alias_consumer' retrieved from /usr/local/python/3.12.1/lib/python3.12/site-packages/airflow/example_dags/example_dataset_alias.py
[2026-05-15T17:35:04.890+0000] {logging_mixin.py:190} INFO - [2026-05-15T17:35:04.890+0000] {dag.py:3239} INFO - Sync 4 DAGs
[2026-05-15T17:35:04.906+0000] {logging_mixin.py:190} INFO - [2026-05-15T17:35:04.906+0000] {dag.py:4180} INFO - Setting next_dagrun for dataset_alias_example_alias_consumer to None, run_after=None
[2026-05-15T17:35:04.907+0000] {logging_mixin.py:190} INFO - [2026-05-15T17:35:04.907+0000] {dag.py:4180} INFO - Setting next_dagrun for dataset_alias_example_alias_producer to None, run_after=None
[2026-05-15T17:35:04.908+0000] {logging_mixin.py:190} INFO - [2026-05-15T17:35:04.908+0000] {dag.py:4180} INFO - Setting next_dagrun for dataset_s3_bucket_consumer to None, run_after=None
[2026-05-15T17:35:04.909+0000] {logging_mixin.py:190} INFO - [2026-05-15T17:35:04.909+0000] {dag.py:4180} INFO - Setting next_dagrun for dataset_s3_bucket_producer to None, run_after=None
[2026-05-15T17:35:04.928+0000] {processor.py:208} INFO - Processing /usr/local/python/3.12.1/lib/python3.12/site-packages/airflow/example_dags/example_dataset_alias.py took 0.085 seconds
[2026-05-15T17:35:56.372+0000] {processor.py:186} INFO - Started process (PID=76136) to work on /usr/local/python/3.12.1/lib/python3.12/site-packages/airflow/example_dags/example_dataset_alias.py
[2026-05-15T17:35:56.374+0000] {processor.py:914} INFO - Processing file /usr/local/python/3.12.1/lib/python3.12/site-packages/airflow/example_dags/example_dataset_alias.py for tasks to queue
[2026-05-15T17:35:56.382+0000] {logging_mixin.py:190} INFO - [2026-05-15T17:35:56.380+0000] {dagbag.py:588} INFO - Filling up the DagBag from /usr/local/python/3.12.1/lib/python3.12/site-packages/airflow/example_dags/example_dataset_alias.py
[2026-05-15T17:35:56.435+0000] {processor.py:925} INFO - DAG(s) 'dataset_s3_bucket_producer', 'dataset_s3_bucket_consumer', 'dataset_alias_example_alias_producer', 'dataset_alias_example_alias_consumer' retrieved from /usr/local/python/3.12.1/lib/python3.12/site-packages/airflow/example_dags/example_dataset_alias.py
[2026-05-15T17:35:56.501+0000] {logging_mixin.py:190} INFO - [2026-05-15T17:35:56.501+0000] {dag.py:3239} INFO - Sync 4 DAGs
[2026-05-15T17:35:56.535+0000] {logging_mixin.py:190} INFO - [2026-05-15T17:35:56.534+0000] {dag.py:4180} INFO - Setting next_dagrun for dataset_alias_example_alias_consumer to None, run_after=None
[2026-05-15T17:35:56.537+0000] {logging_mixin.py:190} INFO - [2026-05-15T17:35:56.537+0000] {dag.py:4180} INFO - Setting next_dagrun for dataset_alias_example_alias_producer to None, run_after=None
[2026-05-15T17:35:56.538+0000] {logging_mixin.py:190} INFO - [2026-05-15T17:35:56.538+0000] {dag.py:4180} INFO - Setting next_dagrun for dataset_s3_bucket_consumer to None, run_after=None
[2026-05-15T17:35:56.539+0000] {logging_mixin.py:190} INFO - [2026-05-15T17:35:56.539+0000] {dag.py:4180} INFO - Setting next_dagrun for dataset_s3_bucket_producer to None, run_after=None
[2026-05-15T17:35:56.567+0000] {processor.py:208} INFO - Processing /usr/local/python/3.12.1/lib/python3.12/site-packages/airflow/example_dags/example_dataset_alias.py took 0.225 seconds
[2026-05-15T17:36:49.827+0000] {processor.py:186} INFO - Started process (PID=76684) to work on /usr/local/python/3.12.1/lib/python3.12/site-packages/airflow/example_dags/example_dataset_alias.py
[2026-05-15T17:36:49.828+0000] {processor.py:914} INFO - Processing file /usr/local/python/3.12.1/lib/python3.12/site-packages/airflow/example_dags/example_dataset_alias.py for tasks to queue
[2026-05-15T17:36:49.831+0000] {logging_mixin.py:190} INFO - [2026-05-15T17:36:49.830+0000] {dagbag.py:588} INFO - Filling up the DagBag from /usr/local/python/3.12.1/lib/python3.12/site-packages/airflow/example_dags/example_dataset_alias.py
[2026-05-15T17:36:49.865+0000] {processor.py:925} INFO - DAG(s) 'dataset_alias_example_alias_consumer', 'dataset_s3_bucket_producer', 'dataset_alias_example_alias_producer', 'dataset_s3_bucket_consumer' retrieved from /usr/local/python/3.12.1/lib/python3.12/site-packages/airflow/example_dags/example_dataset_alias.py
[2026-05-15T17:36:49.960+0000] {logging_mixin.py:190} INFO - [2026-05-15T17:36:49.960+0000] {dag.py:3239} INFO - Sync 4 DAGs
[2026-05-15T17:36:50.038+0000] {logging_mixin.py:190} INFO - [2026-05-15T17:36:50.037+0000] {dag.py:4180} INFO - Setting next_dagrun for dataset_alias_example_alias_consumer to None, run_after=None
[2026-05-15T17:36:50.044+0000] {logging_mixin.py:190} INFO - [2026-05-15T17:36:50.043+0000] {dag.py:4180} INFO - Setting next_dagrun for dataset_alias_example_alias_producer to None, run_after=None
[2026-05-15T17:36:50.045+0000] {logging_mixin.py:190} INFO - [2026-05-15T17:36:50.045+0000] {dag.py:4180} INFO - Setting next_dagrun for dataset_s3_bucket_consumer to None, run_after=None
[2026-05-15T17:36:50.046+0000] {logging_mixin.py:190} INFO - [2026-05-15T17:36:50.046+0000] {dag.py:4180} INFO - Setting next_dagrun for dataset_s3_bucket_producer to None, run_after=None
[2026-05-15T17:36:50.110+0000] {processor.py:208} INFO - Processing /usr/local/python/3.12.1/lib/python3.12/site-packages/airflow/example_dags/example_dataset_alias.py took 0.294 seconds
[2026-05-15T17:38:04.898+0000] {processor.py:186} INFO - Started process (PID=77427) to work on /usr/local/python/3.12.1/lib/python3.12/site-packages/airflow/example_dags/example_dataset_alias.py
[2026-05-15T17:38:04.899+0000] {processor.py:914} INFO - Processing file /usr/local/python/3.12.1/lib/python3.12/site-packages/airflow/example_dags/example_dataset_alias.py for tasks to queue
[2026-05-15T17:38:04.901+0000] {logging_mixin.py:190} INFO - [2026-05-15T17:38:04.900+0000] {dagbag.py:588} INFO - Filling up the DagBag from /usr/local/python/3.12.1/lib/python3.12/site-packages/airflow/example_dags/example_dataset_alias.py
[2026-05-15T17:38:04.919+0000] {processor.py:925} INFO - DAG(s) 'dataset_alias_example_alias_producer', 'dataset_s3_bucket_consumer', 'dataset_s3_bucket_producer', 'dataset_alias_example_alias_consumer' retrieved from /usr/local/python/3.12.1/lib/python3.12/site-packages/airflow/example_dags/example_dataset_alias.py
[2026-05-15T17:38:04.935+0000] {logging_mixin.py:190} INFO - [2026-05-15T17:38:04.935+0000] {dag.py:3239} INFO - Sync 4 DAGs
[2026-05-15T17:38:04.954+0000] {logging_mixin.py:190} INFO - [2026-05-15T17:38:04.953+0000] {dag.py:4180} INFO - Setting next_dagrun for dataset_alias_example_alias_consumer to None, run_after=None
[2026-05-15T17:38:04.955+0000] {logging_mixin.py:190} INFO - [2026-05-15T17:38:04.955+0000] {dag.py:4180} INFO - Setting next_dagrun for dataset_alias_example_alias_producer to None, run_after=None
[2026-05-15T17:38:04.956+0000] {logging_mixin.py:190} INFO - [2026-05-15T17:38:04.956+0000] {dag.py:4180} INFO - Setting next_dagrun for dataset_s3_bucket_consumer to None, run_after=None
[2026-05-15T17:38:04.957+0000] {logging_mixin.py:190} INFO - [2026-05-15T17:38:04.957+0000] {dag.py:4180} INFO - Setting next_dagrun for dataset_s3_bucket_producer to None, run_after=None
[2026-05-15T17:38:04.977+0000] {processor.py:208} INFO - Processing /usr/local/python/3.12.1/lib/python3.12/site-packages/airflow/example_dags/example_dataset_alias.py took 0.086 seconds
[2026-05-15T17:39:23.272+0000] {processor.py:186} INFO - Started process (PID=78363) to work on /usr/local/python/3.12.1/lib/python3.12/site-packages/airflow/example_dags/example_dataset_alias.py
[2026-05-15T17:39:23.273+0000] {processor.py:914} INFO - Processing file /usr/local/python/3.12.1/lib/python3.12/site-packages/airflow/example_dags/example_dataset_alias.py for tasks to queue
[2026-05-15T17:39:23.275+0000] {logging_mixin.py:190} INFO - [2026-05-15T17:39:23.275+0000] {dagbag.py:588} INFO - Filling up the DagBag from /usr/local/python/3.12.1/lib/python3.12/site-packages/airflow/example_dags/example_dataset_alias.py
[2026-05-15T17:39:23.298+0000] {processor.py:925} INFO - DAG(s) 'dataset_s3_bucket_consumer', 'dataset_alias_example_alias_consumer', 'dataset_alias_example_alias_producer', 'dataset_s3_bucket_producer' retrieved from /usr/local/python/3.12.1/lib/python3.12/site-packages/airflow/example_dags/example_dataset_alias.py
[2026-05-15T17:39:23.313+0000] {logging_mixin.py:190} INFO - [2026-05-15T17:39:23.313+0000] {dag.py:3239} INFO - Sync 4 DAGs
[2026-05-15T17:39:23.328+0000] {logging_mixin.py:190} INFO - [2026-05-15T17:39:23.328+0000] {dag.py:4180} INFO - Setting next_dagrun for dataset_alias_example_alias_consumer to None, run_after=None
[2026-05-15T17:39:23.330+0000] {logging_mixin.py:190} INFO - [2026-05-15T17:39:23.330+0000] {dag.py:4180} INFO - Setting next_dagrun for dataset_alias_example_alias_producer to None, run_after=None
[2026-05-15T17:39:23.331+0000] {logging_mixin.py:190} INFO - [2026-05-15T17:39:23.330+0000] {dag.py:4180} INFO - Setting next_dagrun for dataset_s3_bucket_consumer to None, run_after=None
[2026-05-15T17:39:23.331+0000] {logging_mixin.py:190} INFO - [2026-05-15T17:39:23.331+0000] {dag.py:4180} INFO - Setting next_dagrun for dataset_s3_bucket_producer to None, run_after=None
[2026-05-15T17:39:23.350+0000] {processor.py:208} INFO - Processing /usr/local/python/3.12.1/lib/python3.12/site-packages/airflow/example_dags/example_dataset_alias.py took 0.084 seconds
[2026-05-15T17:40:21.328+0000] {processor.py:186} INFO - Started process (PID=79005) to work on /usr/local/python/3.12.1/lib/python3.12/site-packages/airflow/example_dags/example_dataset_alias.py
[2026-05-15T17:40:21.328+0000] {processor.py:914} INFO - Processing file /usr/local/python/3.12.1/lib/python3.12/site-packages/airflow/example_dags/example_dataset_alias.py for tasks to queue
[2026-05-15T17:40:21.330+0000] {logging_mixin.py:190} INFO - [2026-05-15T17:40:21.330+0000] {dagbag.py:588} INFO - Filling up the DagBag from /usr/local/python/3.12.1/lib/python3.12/site-packages/airflow/example_dags/example_dataset_alias.py
[2026-05-15T17:40:21.348+0000] {processor.py:925} INFO - DAG(s) 'dataset_alias_example_alias_consumer', 'dataset_s3_bucket_consumer', 'dataset_s3_bucket_producer', 'dataset_alias_example_alias_producer' retrieved from /usr/local/python/3.12.1/lib/python3.12/site-packages/airflow/example_dags/example_dataset_alias.py
[2026-05-15T17:40:21.363+0000] {logging_mixin.py:190} INFO - [2026-05-15T17:40:21.363+0000] {dag.py:3239} INFO - Sync 4 DAGs
[2026-05-15T17:40:21.383+0000] {logging_mixin.py:190} INFO - [2026-05-15T17:40:21.383+0000] {dag.py:4180} INFO - Setting next_dagrun for dataset_alias_example_alias_consumer to None, run_after=None
[2026-05-15T17:40:21.386+0000] {logging_mixin.py:190} INFO - [2026-05-15T17:40:21.386+0000] {dag.py:4180} INFO - Setting next_dagrun for dataset_alias_example_alias_producer to None, run_after=None
[2026-05-15T17:40:21.387+0000] {logging_mixin.py:190} INFO - [2026-05-15T17:40:21.387+0000] {dag.py:4180} INFO - Setting next_dagrun for dataset_s3_bucket_consumer to None, run_after=None
[2026-05-15T17:40:21.388+0000] {logging_mixin.py:190} INFO - [2026-05-15T17:40:21.387+0000] {dag.py:4180} INFO - Setting next_dagrun for dataset_s3_bucket_producer to None, run_after=None
[2026-05-15T17:40:21.407+0000] {processor.py:208} INFO - Processing /usr/local/python/3.12.1/lib/python3.12/site-packages/airflow/example_dags/example_dataset_alias.py took 0.085 seconds
[2026-05-15T17:41:15.065+0000] {processor.py:186} INFO - Started process (PID=79563) to work on /usr/local/python/3.12.1/lib/python3.12/site-packages/airflow/example_dags/example_dataset_alias.py
[2026-05-15T17:41:15.066+0000] {processor.py:914} INFO - Processing file /usr/local/python/3.12.1/lib/python3.12/site-packages/airflow/example_dags/example_dataset_alias.py for tasks to queue
[2026-05-15T17:41:15.068+0000] {logging_mixin.py:190} INFO - [2026-05-15T17:41:15.068+0000] {dagbag.py:588} INFO - Filling up the DagBag from /usr/local/python/3.12.1/lib/python3.12/site-packages/airflow/example_dags/example_dataset_alias.py
[2026-05-15T17:41:15.104+0000] {processor.py:925} INFO - DAG(s) 'dataset_s3_bucket_consumer', 'dataset_s3_bucket_producer', 'dataset_alias_example_alias_producer', 'dataset_alias_example_alias_consumer' retrieved from /usr/local/python/3.12.1/lib/python3.12/site-packages/airflow/example_dags/example_dataset_alias.py
[2026-05-15T17:41:15.134+0000] {logging_mixin.py:190} INFO - [2026-05-15T17:41:15.133+0000] {dag.py:3239} INFO - Sync 4 DAGs
[2026-05-15T17:41:15.159+0000] {logging_mixin.py:190} INFO - [2026-05-15T17:41:15.158+0000] {dag.py:4180} INFO - Setting next_dagrun for dataset_alias_example_alias_consumer to None, run_after=None
[2026-05-15T17:41:15.160+0000] {logging_mixin.py:190} INFO - [2026-05-15T17:41:15.160+0000] {dag.py:4180} INFO - Setting next_dagrun for dataset_alias_example_alias_producer to None, run_after=None
[2026-05-15T17:41:15.161+0000] {logging_mixin.py:190} INFO - [2026-05-15T17:41:15.161+0000] {dag.py:4180} INFO - Setting next_dagrun for dataset_s3_bucket_consumer to None, run_after=None
[2026-05-15T17:41:15.162+0000] {logging_mixin.py:190} INFO - [2026-05-15T17:41:15.162+0000] {dag.py:4180} INFO - Setting next_dagrun for dataset_s3_bucket_producer to None, run_after=None
[2026-05-15T17:41:15.182+0000] {processor.py:208} INFO - Processing /usr/local/python/3.12.1/lib/python3.12/site-packages/airflow/example_dags/example_dataset_alias.py took 0.125 seconds
[2026-05-15T17:42:31.657+0000] {processor.py:186} INFO - Started process (PID=80304) to work on /usr/local/python/3.12.1/lib/python3.12/site-packages/airflow/example_dags/example_dataset_alias.py
[2026-05-15T17:42:31.657+0000] {processor.py:914} INFO - Processing file /usr/local/python/3.12.1/lib/python3.12/site-packages/airflow/example_dags/example_dataset_alias.py for tasks to queue
[2026-05-15T17:42:31.660+0000] {logging_mixin.py:190} INFO - [2026-05-15T17:42:31.659+0000] {dagbag.py:588} INFO - Filling up the DagBag from /usr/local/python/3.12.1/lib/python3.12/site-packages/airflow/example_dags/example_dataset_alias.py
[2026-05-15T17:42:31.687+0000] {processor.py:925} INFO - DAG(s) 'dataset_alias_example_alias_consumer', 'dataset_s3_bucket_consumer', 'dataset_alias_example_alias_producer', 'dataset_s3_bucket_producer' retrieved from /usr/local/python/3.12.1/lib/python3.12/site-packages/airflow/example_dags/example_dataset_alias.py
[2026-05-15T17:42:31.712+0000] {logging_mixin.py:190} INFO - [2026-05-15T17:42:31.711+0000] {dag.py:3239} INFO - Sync 4 DAGs
[2026-05-15T17:42:31.739+0000] {logging_mixin.py:190} INFO - [2026-05-15T17:42:31.738+0000] {dag.py:4180} INFO - Setting next_dagrun for dataset_alias_example_alias_consumer to None, run_after=None
[2026-05-15T17:42:31.741+0000] {logging_mixin.py:190} INFO - [2026-05-15T17:42:31.741+0000] {dag.py:4180} INFO - Setting next_dagrun for dataset_alias_example_alias_producer to None, run_after=None
[2026-05-15T17:42:31.743+0000] {logging_mixin.py:190} INFO - [2026-05-15T17:42:31.742+0000] {dag.py:4180} INFO - Setting next_dagrun for dataset_s3_bucket_consumer to None, run_after=None
[2026-05-15T17:42:31.744+0000] {logging_mixin.py:190} INFO - [2026-05-15T17:42:31.743+0000] {dag.py:4180} INFO - Setting next_dagrun for dataset_s3_bucket_producer to None, run_after=None
[2026-05-15T17:42:31.771+0000] {processor.py:208} INFO - Processing /usr/local/python/3.12.1/lib/python3.12/site-packages/airflow/example_dags/example_dataset_alias.py took 0.124 seconds
[2026-05-15T17:43:25.029+0000] {processor.py:186} INFO - Started process (PID=80874) to work on /usr/local/python/3.12.1/lib/python3.12/site-packages/airflow/example_dags/example_dataset_alias.py
[2026-05-15T17:43:25.030+0000] {processor.py:914} INFO - Processing file /usr/local/python/3.12.1/lib/python3.12/site-packages/airflow/example_dags/example_dataset_alias.py for tasks to queue
[2026-05-15T17:43:25.032+0000] {logging_mixin.py:190} INFO - [2026-05-15T17:43:25.031+0000] {dagbag.py:588} INFO - Filling up the DagBag from /usr/local/python/3.12.1/lib/python3.12/site-packages/airflow/example_dags/example_dataset_alias.py
[2026-05-15T17:43:25.051+0000] {processor.py:925} INFO - DAG(s) 'dataset_s3_bucket_producer', 'dataset_alias_example_alias_producer', 'dataset_s3_bucket_consumer', 'dataset_alias_example_alias_consumer' retrieved from /usr/local/python/3.12.1/lib/python3.12/site-packages/airflow/example_dags/example_dataset_alias.py
[2026-05-15T17:43:25.067+0000] {logging_mixin.py:190} INFO - [2026-05-15T17:43:25.067+0000] {dag.py:3239} INFO - Sync 4 DAGs
[2026-05-15T17:43:25.087+0000] {logging_mixin.py:190} INFO - [2026-05-15T17:43:25.087+0000] {dag.py:4180} INFO - Setting next_dagrun for dataset_alias_example_alias_consumer to None, run_after=None
[2026-05-15T17:43:25.089+0000] {logging_mixin.py:190} INFO - [2026-05-15T17:43:25.089+0000] {dag.py:4180} INFO - Setting next_dagrun for dataset_alias_example_alias_producer to None, run_after=None
[2026-05-15T17:43:25.090+0000] {logging_mixin.py:190} INFO - [2026-05-15T17:43:25.090+0000] {dag.py:4180} INFO - Setting next_dagrun for dataset_s3_bucket_consumer to None, run_after=None
[2026-05-15T17:43:25.091+0000] {logging_mixin.py:190} INFO - [2026-05-15T17:43:25.091+0000] {dag.py:4180} INFO - Setting next_dagrun for dataset_s3_bucket_producer to None, run_after=None
[2026-05-15T17:43:25.111+0000] {processor.py:208} INFO - Processing /usr/local/python/3.12.1/lib/python3.12/site-packages/airflow/example_dags/example_dataset_alias.py took 0.087 seconds
[2026-05-15T17:44:15.469+0000] {processor.py:186} INFO - Started process (PID=81451) to work on /usr/local/python/3.12.1/lib/python3.12/site-packages/airflow/example_dags/example_dataset_alias.py
[2026-05-15T17:44:15.469+0000] {processor.py:914} INFO - Processing file /usr/local/python/3.12.1/lib/python3.12/site-packages/airflow/example_dags/example_dataset_alias.py for tasks to queue
[2026-05-15T17:44:15.471+0000] {logging_mixin.py:190} INFO - [2026-05-15T17:44:15.471+0000] {dagbag.py:588} INFO - Filling up the DagBag from /usr/local/python/3.12.1/lib/python3.12/site-packages/airflow/example_dags/example_dataset_alias.py
[2026-05-15T17:44:15.493+0000] {processor.py:925} INFO - DAG(s) 'dataset_s3_bucket_producer', 'dataset_alias_example_alias_consumer', 'dataset_s3_bucket_consumer', 'dataset_alias_example_alias_producer' retrieved from /usr/local/python/3.12.1/lib/python3.12/site-packages/airflow/example_dags/example_dataset_alias.py
[2026-05-15T17:44:15.516+0000] {logging_mixin.py:190} INFO - [2026-05-15T17:44:15.516+0000] {dag.py:3239} INFO - Sync 4 DAGs
[2026-05-15T17:44:15.534+0000] {logging_mixin.py:190} INFO - [2026-05-15T17:44:15.534+0000] {dag.py:4180} INFO - Setting next_dagrun for dataset_alias_example_alias_consumer to None, run_after=None
[2026-05-15T17:44:15.536+0000] {logging_mixin.py:190} INFO - [2026-05-15T17:44:15.536+0000] {dag.py:4180} INFO - Setting next_dagrun for dataset_alias_example_alias_producer to None, run_after=None
[2026-05-15T17:44:15.537+0000] {logging_mixin.py:190} INFO - [2026-05-15T17:44:15.537+0000] {dag.py:4180} INFO - Setting next_dagrun for dataset_s3_bucket_consumer to None, run_after=None
[2026-05-15T17:44:15.538+0000] {logging_mixin.py:190} INFO - [2026-05-15T17:44:15.537+0000] {dag.py:4180} INFO - Setting next_dagrun for dataset_s3_bucket_producer to None, run_after=None
[2026-05-15T17:44:15.555+0000] {processor.py:208} INFO - Processing /usr/local/python/3.12.1/lib/python3.12/site-packages/airflow/example_dags/example_dataset_alias.py took 0.092 seconds
[2026-05-15T17:45:30.403+0000] {processor.py:186} INFO - Started process (PID=82253) to work on /usr/local/python/3.12.1/lib/python3.12/site-packages/airflow/example_dags/example_dataset_alias.py
[2026-05-15T17:45:30.404+0000] {processor.py:914} INFO - Processing file /usr/local/python/3.12.1/lib/python3.12/site-packages/airflow/example_dags/example_dataset_alias.py for tasks to queue
[2026-05-15T17:45:30.406+0000] {logging_mixin.py:190} INFO - [2026-05-15T17:45:30.405+0000] {dagbag.py:588} INFO - Filling up the DagBag from /usr/local/python/3.12.1/lib/python3.12/site-packages/airflow/example_dags/example_dataset_alias.py
[2026-05-15T17:45:30.425+0000] {processor.py:925} INFO - DAG(s) 'dataset_s3_bucket_producer', 'dataset_alias_example_alias_consumer', 'dataset_s3_bucket_consumer', 'dataset_alias_example_alias_producer' retrieved from /usr/local/python/3.12.1/lib/python3.12/site-packages/airflow/example_dags/example_dataset_alias.py
[2026-05-15T17:45:30.440+0000] {logging_mixin.py:190} INFO - [2026-05-15T17:45:30.440+0000] {dag.py:3239} INFO - Sync 4 DAGs
[2026-05-15T17:45:30.456+0000] {logging_mixin.py:190} INFO - [2026-05-15T17:45:30.455+0000] {dag.py:4180} INFO - Setting next_dagrun for dataset_alias_example_alias_consumer to None, run_after=None
[2026-05-15T17:45:30.457+0000] {logging_mixin.py:190} INFO - [2026-05-15T17:45:30.457+0000] {dag.py:4180} INFO - Setting next_dagrun for dataset_alias_example_alias_producer to None, run_after=None
[2026-05-15T17:45:30.458+0000] {logging_mixin.py:190} INFO - [2026-05-15T17:45:30.458+0000] {dag.py:4180} INFO - Setting next_dagrun for dataset_s3_bucket_consumer to None, run_after=None
[2026-05-15T17:45:30.459+0000] {logging_mixin.py:190} INFO - [2026-05-15T17:45:30.459+0000] {dag.py:4180} INFO - Setting next_dagrun for dataset_s3_bucket_producer to None, run_after=None
[2026-05-15T17:45:30.479+0000] {processor.py:208} INFO - Processing /usr/local/python/3.12.1/lib/python3.12/site-packages/airflow/example_dags/example_dataset_alias.py took 0.082 seconds
[2026-05-15T17:46:21.907+0000] {processor.py:186} INFO - Started process (PID=82794) to work on /usr/local/python/3.12.1/lib/python3.12/site-packages/airflow/example_dags/example_dataset_alias.py
[2026-05-15T17:46:21.908+0000] {processor.py:914} INFO - Processing file /usr/local/python/3.12.1/lib/python3.12/site-packages/airflow/example_dags/example_dataset_alias.py for tasks to queue
[2026-05-15T17:46:21.909+0000] {logging_mixin.py:190} INFO - [2026-05-15T17:46:21.909+0000] {dagbag.py:588} INFO - Filling up the DagBag from /usr/local/python/3.12.1/lib/python3.12/site-packages/airflow/example_dags/example_dataset_alias.py
[2026-05-15T17:46:21.928+0000] {processor.py:925} INFO - DAG(s) 'dataset_s3_bucket_consumer', 'dataset_alias_example_alias_producer', 'dataset_s3_bucket_producer', 'dataset_alias_example_alias_consumer' retrieved from /usr/local/python/3.12.1/lib/python3.12/site-packages/airflow/example_dags/example_dataset_alias.py
[2026-05-15T17:46:21.943+0000] {logging_mixin.py:190} INFO - [2026-05-15T17:46:21.942+0000] {dag.py:3239} INFO - Sync 4 DAGs
[2026-05-15T17:46:21.958+0000] {logging_mixin.py:190} INFO - [2026-05-15T17:46:21.958+0000] {dag.py:4180} INFO - Setting next_dagrun for dataset_alias_example_alias_consumer to None, run_after=None
[2026-05-15T17:46:21.960+0000] {logging_mixin.py:190} INFO - [2026-05-15T17:46:21.960+0000] {dag.py:4180} INFO - Setting next_dagrun for dataset_alias_example_alias_producer to None, run_after=None
[2026-05-15T17:46:21.961+0000] {logging_mixin.py:190} INFO - [2026-05-15T17:46:21.961+0000] {dag.py:4180} INFO - Setting next_dagrun for dataset_s3_bucket_consumer to None, run_after=None
[2026-05-15T17:46:21.961+0000] {logging_mixin.py:190} INFO - [2026-05-15T17:46:21.961+0000] {dag.py:4180} INFO - Setting next_dagrun for dataset_s3_bucket_producer to None, run_after=None
[2026-05-15T17:46:21.982+0000] {processor.py:208} INFO - Processing /usr/local/python/3.12.1/lib/python3.12/site-packages/airflow/example_dags/example_dataset_alias.py took 0.081 seconds
[2026-05-15T17:47:35.709+0000] {processor.py:186} INFO - Started process (PID=83531) to work on /usr/local/python/3.12.1/lib/python3.12/site-packages/airflow/example_dags/example_dataset_alias.py
[2026-05-15T17:47:35.710+0000] {processor.py:914} INFO - Processing file /usr/local/python/3.12.1/lib/python3.12/site-packages/airflow/example_dags/example_dataset_alias.py for tasks to queue
[2026-05-15T17:47:35.712+0000] {logging_mixin.py:190} INFO - [2026-05-15T17:47:35.712+0000] {dagbag.py:588} INFO - Filling up the DagBag from /usr/local/python/3.12.1/lib/python3.12/site-packages/airflow/example_dags/example_dataset_alias.py
[2026-05-15T17:47:35.744+0000] {processor.py:925} INFO - DAG(s) 'dataset_s3_bucket_consumer', 'dataset_alias_example_alias_consumer', 'dataset_s3_bucket_producer', 'dataset_alias_example_alias_producer' retrieved from /usr/local/python/3.12.1/lib/python3.12/site-packages/airflow/example_dags/example_dataset_alias.py
[2026-05-15T17:47:35.788+0000] {logging_mixin.py:190} INFO - [2026-05-15T17:47:35.787+0000] {dag.py:3239} INFO - Sync 4 DAGs
[2026-05-15T17:47:35.817+0000] {logging_mixin.py:190} INFO - [2026-05-15T17:47:35.816+0000] {dag.py:4180} INFO - Setting next_dagrun for dataset_alias_example_alias_consumer to None, run_after=None
[2026-05-15T17:47:35.819+0000] {logging_mixin.py:190} INFO - [2026-05-15T17:47:35.819+0000] {dag.py:4180} INFO - Setting next_dagrun for dataset_alias_example_alias_producer to None, run_after=None
[2026-05-15T17:47:35.820+0000] {logging_mixin.py:190} INFO - [2026-05-15T17:47:35.820+0000] {dag.py:4180} INFO - Setting next_dagrun for dataset_s3_bucket_consumer to None, run_after=None
[2026-05-15T17:47:35.821+0000] {logging_mixin.py:190} INFO - [2026-05-15T17:47:35.821+0000] {dag.py:4180} INFO - Setting next_dagrun for dataset_s3_bucket_producer to None, run_after=None
[2026-05-15T17:47:35.867+0000] {processor.py:208} INFO - Processing /usr/local/python/3.12.1/lib/python3.12/site-packages/airflow/example_dags/example_dataset_alias.py took 0.165 seconds
[2026-05-15T17:48:31.028+0000] {processor.py:186} INFO - Started process (PID=84091) to work on /usr/local/python/3.12.1/lib/python3.12/site-packages/airflow/example_dags/example_dataset_alias.py
[2026-05-15T17:48:31.032+0000] {processor.py:914} INFO - Processing file /usr/local/python/3.12.1/lib/python3.12/site-packages/airflow/example_dags/example_dataset_alias.py for tasks to queue
[2026-05-15T17:48:31.037+0000] {logging_mixin.py:190} INFO - [2026-05-15T17:48:31.037+0000] {dagbag.py:588} INFO - Filling up the DagBag from /usr/local/python/3.12.1/lib/python3.12/site-packages/airflow/example_dags/example_dataset_alias.py
[2026-05-15T17:48:31.065+0000] {processor.py:925} INFO - DAG(s) 'dataset_alias_example_alias_producer', 'dataset_s3_bucket_consumer', 'dataset_s3_bucket_producer', 'dataset_alias_example_alias_consumer' retrieved from /usr/local/python/3.12.1/lib/python3.12/site-packages/airflow/example_dags/example_dataset_alias.py
[2026-05-15T17:48:31.093+0000] {logging_mixin.py:190} INFO - [2026-05-15T17:48:31.093+0000] {dag.py:3239} INFO - Sync 4 DAGs
[2026-05-15T17:48:31.123+0000] {logging_mixin.py:190} INFO - [2026-05-15T17:48:31.123+0000] {dag.py:4180} INFO - Setting next_dagrun for dataset_alias_example_alias_consumer to None, run_after=None
[2026-05-15T17:48:31.126+0000] {logging_mixin.py:190} INFO - [2026-05-15T17:48:31.125+0000] {dag.py:4180} INFO - Setting next_dagrun for dataset_alias_example_alias_producer to None, run_after=None
[2026-05-15T17:48:31.127+0000] {logging_mixin.py:190} INFO - [2026-05-15T17:48:31.126+0000] {dag.py:4180} INFO - Setting next_dagrun for dataset_s3_bucket_consumer to None, run_after=None
[2026-05-15T17:48:31.128+0000] {logging_mixin.py:190} INFO - [2026-05-15T17:48:31.128+0000] {dag.py:4180} INFO - Setting next_dagrun for dataset_s3_bucket_producer to None, run_after=None
[2026-05-15T17:48:31.167+0000] {processor.py:208} INFO - Processing /usr/local/python/3.12.1/lib/python3.12/site-packages/airflow/example_dags/example_dataset_alias.py took 0.158 seconds
[2026-05-15T17:49:24.340+0000] {processor.py:186} INFO - Started process (PID=84744) to work on /usr/local/python/3.12.1/lib/python3.12/site-packages/airflow/example_dags/example_dataset_alias.py
[2026-05-15T17:49:24.341+0000] {processor.py:914} INFO - Processing file /usr/local/python/3.12.1/lib/python3.12/site-packages/airflow/example_dags/example_dataset_alias.py for tasks to queue
[2026-05-15T17:49:24.342+0000] {logging_mixin.py:190} INFO - [2026-05-15T17:49:24.342+0000] {dagbag.py:588} INFO - Filling up the DagBag from /usr/local/python/3.12.1/lib/python3.12/site-packages/airflow/example_dags/example_dataset_alias.py
[2026-05-15T17:49:24.361+0000] {processor.py:925} INFO - DAG(s) 'dataset_s3_bucket_consumer', 'dataset_alias_example_alias_consumer', 'dataset_s3_bucket_producer', 'dataset_alias_example_alias_producer' retrieved from /usr/local/python/3.12.1/lib/python3.12/site-packages/airflow/example_dags/example_dataset_alias.py
[2026-05-15T17:49:24.378+0000] {logging_mixin.py:190} INFO - [2026-05-15T17:49:24.377+0000] {dag.py:3239} INFO - Sync 4 DAGs
[2026-05-15T17:49:24.397+0000] {logging_mixin.py:190} INFO - [2026-05-15T17:49:24.397+0000] {dag.py:4180} INFO - Setting next_dagrun for dataset_alias_example_alias_consumer to None, run_after=None
[2026-05-15T17:49:24.399+0000] {logging_mixin.py:190} INFO - [2026-05-15T17:49:24.399+0000] {dag.py:4180} INFO - Setting next_dagrun for dataset_alias_example_alias_producer to None, run_after=None
[2026-05-15T17:49:24.399+0000] {logging_mixin.py:190} INFO - [2026-05-15T17:49:24.399+0000] {dag.py:4180} INFO - Setting next_dagrun for dataset_s3_bucket_consumer to None, run_after=None
[2026-05-15T17:49:24.400+0000] {logging_mixin.py:190} INFO - [2026-05-15T17:49:24.400+0000] {dag.py:4180} INFO - Setting next_dagrun for dataset_s3_bucket_producer to None, run_after=None
[2026-05-15T17:49:24.549+0000] {processor.py:208} INFO - Processing /usr/local/python/3.12.1/lib/python3.12/site-packages/airflow/example_dags/example_dataset_alias.py took 0.214 seconds
[2026-05-15T17:50:20.107+0000] {processor.py:186} INFO - Started process (PID=85303) to work on /usr/local/python/3.12.1/lib/python3.12/site-packages/airflow/example_dags/example_dataset_alias.py
[2026-05-15T17:50:20.107+0000] {processor.py:914} INFO - Processing file /usr/local/python/3.12.1/lib/python3.12/site-packages/airflow/example_dags/example_dataset_alias.py for tasks to queue
[2026-05-15T17:50:20.109+0000] {logging_mixin.py:190} INFO - [2026-05-15T17:50:20.109+0000] {dagbag.py:588} INFO - Filling up the DagBag from /usr/local/python/3.12.1/lib/python3.12/site-packages/airflow/example_dags/example_dataset_alias.py
[2026-05-15T17:50:20.128+0000] {processor.py:925} INFO - DAG(s) 'dataset_alias_example_alias_producer', 'dataset_s3_bucket_consumer', 'dataset_alias_example_alias_consumer', 'dataset_s3_bucket_producer' retrieved from /usr/local/python/3.12.1/lib/python3.12/site-packages/airflow/example_dags/example_dataset_alias.py
[2026-05-15T17:50:20.143+0000] {logging_mixin.py:190} INFO - [2026-05-15T17:50:20.143+0000] {dag.py:3239} INFO - Sync 4 DAGs
[2026-05-15T17:50:20.159+0000] {logging_mixin.py:190} INFO - [2026-05-15T17:50:20.158+0000] {dag.py:4180} INFO - Setting next_dagrun for dataset_alias_example_alias_consumer to None, run_after=None
[2026-05-15T17:50:20.160+0000] {logging_mixin.py:190} INFO - [2026-05-15T17:50:20.160+0000] {dag.py:4180} INFO - Setting next_dagrun for dataset_alias_example_alias_producer to None, run_after=None
[2026-05-15T17:50:20.161+0000] {logging_mixin.py:190} INFO - [2026-05-15T17:50:20.161+0000] {dag.py:4180} INFO - Setting next_dagrun for dataset_s3_bucket_consumer to None, run_after=None
[2026-05-15T17:50:20.161+0000] {logging_mixin.py:190} INFO - [2026-05-15T17:50:20.161+0000] {dag.py:4180} INFO - Setting next_dagrun for dataset_s3_bucket_producer to None, run_after=None
[2026-05-15T17:50:20.180+0000] {processor.py:208} INFO - Processing /usr/local/python/3.12.1/lib/python3.12/site-packages/airflow/example_dags/example_dataset_alias.py took 0.079 seconds
[2026-05-15T17:51:15.019+0000] {processor.py:186} INFO - Started process (PID=85860) to work on /usr/local/python/3.12.1/lib/python3.12/site-packages/airflow/example_dags/example_dataset_alias.py
[2026-05-15T17:51:15.020+0000] {processor.py:914} INFO - Processing file /usr/local/python/3.12.1/lib/python3.12/site-packages/airflow/example_dags/example_dataset_alias.py for tasks to queue
[2026-05-15T17:51:15.021+0000] {logging_mixin.py:190} INFO - [2026-05-15T17:51:15.021+0000] {dagbag.py:588} INFO - Filling up the DagBag from /usr/local/python/3.12.1/lib/python3.12/site-packages/airflow/example_dags/example_dataset_alias.py
[2026-05-15T17:51:15.040+0000] {processor.py:925} INFO - DAG(s) 'dataset_alias_example_alias_consumer', 'dataset_s3_bucket_consumer', 'dataset_alias_example_alias_producer', 'dataset_s3_bucket_producer' retrieved from /usr/local/python/3.12.1/lib/python3.12/site-packages/airflow/example_dags/example_dataset_alias.py
[2026-05-15T17:51:15.055+0000] {logging_mixin.py:190} INFO - [2026-05-15T17:51:15.055+0000] {dag.py:3239} INFO - Sync 4 DAGs
[2026-05-15T17:51:15.070+0000] {logging_mixin.py:190} INFO - [2026-05-15T17:51:15.070+0000] {dag.py:4180} INFO - Setting next_dagrun for dataset_alias_example_alias_consumer to None, run_after=None
[2026-05-15T17:51:15.072+0000] {logging_mixin.py:190} INFO - [2026-05-15T17:51:15.072+0000] {dag.py:4180} INFO - Setting next_dagrun for dataset_alias_example_alias_producer to None, run_after=None
[2026-05-15T17:51:15.073+0000] {logging_mixin.py:190} INFO - [2026-05-15T17:51:15.073+0000] {dag.py:4180} INFO - Setting next_dagrun for dataset_s3_bucket_consumer to None, run_after=None
[2026-05-15T17:51:15.074+0000] {logging_mixin.py:190} INFO - [2026-05-15T17:51:15.074+0000] {dag.py:4180} INFO - Setting next_dagrun for dataset_s3_bucket_producer to None, run_after=None
[2026-05-15T17:51:15.096+0000] {processor.py:208} INFO - Processing /usr/local/python/3.12.1/lib/python3.12/site-packages/airflow/example_dags/example_dataset_alias.py took 0.082 seconds
[2026-05-15T17:52:05.843+0000] {processor.py:186} INFO - Started process (PID=86379) to work on /usr/local/python/3.12.1/lib/python3.12/site-packages/airflow/example_dags/example_dataset_alias.py
[2026-05-15T17:52:05.844+0000] {processor.py:914} INFO - Processing file /usr/local/python/3.12.1/lib/python3.12/site-packages/airflow/example_dags/example_dataset_alias.py for tasks to queue
[2026-05-15T17:52:05.847+0000] {logging_mixin.py:190} INFO - [2026-05-15T17:52:05.846+0000] {dagbag.py:588} INFO - Filling up the DagBag from /usr/local/python/3.12.1/lib/python3.12/site-packages/airflow/example_dags/example_dataset_alias.py
[2026-05-15T17:52:05.875+0000] {processor.py:925} INFO - DAG(s) 'dataset_s3_bucket_consumer', 'dataset_s3_bucket_producer', 'dataset_alias_example_alias_consumer', 'dataset_alias_example_alias_producer' retrieved from /usr/local/python/3.12.1/lib/python3.12/site-packages/airflow/example_dags/example_dataset_alias.py
[2026-05-15T17:52:05.918+0000] {logging_mixin.py:190} INFO - [2026-05-15T17:52:05.917+0000] {dag.py:3239} INFO - Sync 4 DAGs
[2026-05-15T17:52:05.941+0000] {logging_mixin.py:190} INFO - [2026-05-15T17:52:05.941+0000] {dag.py:4180} INFO - Setting next_dagrun for dataset_alias_example_alias_consumer to None, run_after=None
[2026-05-15T17:52:05.943+0000] {logging_mixin.py:190} INFO - [2026-05-15T17:52:05.943+0000] {dag.py:4180} INFO - Setting next_dagrun for dataset_alias_example_alias_producer to None, run_after=None
[2026-05-15T17:52:05.944+0000] {logging_mixin.py:190} INFO - [2026-05-15T17:52:05.944+0000] {dag.py:4180} INFO - Setting next_dagrun for dataset_s3_bucket_consumer to None, run_after=None
[2026-05-15T17:52:05.944+0000] {logging_mixin.py:190} INFO - [2026-05-15T17:52:05.944+0000] {dag.py:4180} INFO - Setting next_dagrun for dataset_s3_bucket_producer to None, run_after=None
[2026-05-15T17:52:05.963+0000] {processor.py:208} INFO - Processing /usr/local/python/3.12.1/lib/python3.12/site-packages/airflow/example_dags/example_dataset_alias.py took 0.128 seconds
[2026-05-15T17:52:59.843+0000] {processor.py:186} INFO - Started process (PID=86924) to work on /usr/local/python/3.12.1/lib/python3.12/site-packages/airflow/example_dags/example_dataset_alias.py
[2026-05-15T17:52:59.844+0000] {processor.py:914} INFO - Processing file /usr/local/python/3.12.1/lib/python3.12/site-packages/airflow/example_dags/example_dataset_alias.py for tasks to queue
[2026-05-15T17:52:59.846+0000] {logging_mixin.py:190} INFO - [2026-05-15T17:52:59.845+0000] {dagbag.py:588} INFO - Filling up the DagBag from /usr/local/python/3.12.1/lib/python3.12/site-packages/airflow/example_dags/example_dataset_alias.py
[2026-05-15T17:52:59.864+0000] {processor.py:925} INFO - DAG(s) 'dataset_s3_bucket_consumer', 'dataset_alias_example_alias_consumer', 'dataset_alias_example_alias_producer', 'dataset_s3_bucket_producer' retrieved from /usr/local/python/3.12.1/lib/python3.12/site-packages/airflow/example_dags/example_dataset_alias.py
[2026-05-15T17:52:59.882+0000] {logging_mixin.py:190} INFO - [2026-05-15T17:52:59.882+0000] {dag.py:3239} INFO - Sync 4 DAGs
[2026-05-15T17:53:00.036+0000] {logging_mixin.py:190} INFO - [2026-05-15T17:53:00.036+0000] {dag.py:4180} INFO - Setting next_dagrun for dataset_alias_example_alias_consumer to None, run_after=None
[2026-05-15T17:53:00.038+0000] {logging_mixin.py:190} INFO - [2026-05-15T17:53:00.037+0000] {dag.py:4180} INFO - Setting next_dagrun for dataset_alias_example_alias_producer to None, run_after=None
[2026-05-15T17:53:00.038+0000] {logging_mixin.py:190} INFO - [2026-05-15T17:53:00.038+0000] {dag.py:4180} INFO - Setting next_dagrun for dataset_s3_bucket_consumer to None, run_after=None
[2026-05-15T17:53:00.039+0000] {logging_mixin.py:190} INFO - [2026-05-15T17:53:00.039+0000] {dag.py:4180} INFO - Setting next_dagrun for dataset_s3_bucket_producer to None, run_after=None
[2026-05-15T17:53:00.056+0000] {processor.py:208} INFO - Processing /usr/local/python/3.12.1/lib/python3.12/site-packages/airflow/example_dags/example_dataset_alias.py took 0.218 seconds
[2026-05-15T17:53:55.712+0000] {processor.py:186} INFO - Started process (PID=87510) to work on /usr/local/python/3.12.1/lib/python3.12/site-packages/airflow/example_dags/example_dataset_alias.py
[2026-05-15T17:53:55.713+0000] {processor.py:914} INFO - Processing file /usr/local/python/3.12.1/lib/python3.12/site-packages/airflow/example_dags/example_dataset_alias.py for tasks to queue
[2026-05-15T17:53:55.714+0000] {logging_mixin.py:190} INFO - [2026-05-15T17:53:55.714+0000] {dagbag.py:588} INFO - Filling up the DagBag from /usr/local/python/3.12.1/lib/python3.12/site-packages/airflow/example_dags/example_dataset_alias.py
[2026-05-15T17:53:55.733+0000] {processor.py:925} INFO - DAG(s) 'dataset_alias_example_alias_producer', 'dataset_s3_bucket_consumer', 'dataset_s3_bucket_producer', 'dataset_alias_example_alias_consumer' retrieved from /usr/local/python/3.12.1/lib/python3.12/site-packages/airflow/example_dags/example_dataset_alias.py
[2026-05-15T17:53:55.749+0000] {logging_mixin.py:190} INFO - [2026-05-15T17:53:55.748+0000] {dag.py:3239} INFO - Sync 4 DAGs
[2026-05-15T17:53:55.764+0000] {logging_mixin.py:190} INFO - [2026-05-15T17:53:55.764+0000] {dag.py:4180} INFO - Setting next_dagrun for dataset_alias_example_alias_consumer to None, run_after=None
[2026-05-15T17:53:55.765+0000] {logging_mixin.py:190} INFO - [2026-05-15T17:53:55.765+0000] {dag.py:4180} INFO - Setting next_dagrun for dataset_alias_example_alias_producer to None, run_after=None
[2026-05-15T17:53:55.766+0000] {logging_mixin.py:190} INFO - [2026-05-15T17:53:55.766+0000] {dag.py:4180} INFO - Setting next_dagrun for dataset_s3_bucket_consumer to None, run_after=None
[2026-05-15T17:53:55.767+0000] {logging_mixin.py:190} INFO - [2026-05-15T17:53:55.767+0000] {dag.py:4180} INFO - Setting next_dagrun for dataset_s3_bucket_producer to None, run_after=None
[2026-05-15T17:53:55.910+0000] {processor.py:208} INFO - Processing /usr/local/python/3.12.1/lib/python3.12/site-packages/airflow/example_dags/example_dataset_alias.py took 0.203 seconds
[2026-05-15T17:54:50.612+0000] {processor.py:186} INFO - Started process (PID=88076) to work on /usr/local/python/3.12.1/lib/python3.12/site-packages/airflow/example_dags/example_dataset_alias.py
[2026-05-15T17:54:50.613+0000] {processor.py:914} INFO - Processing file /usr/local/python/3.12.1/lib/python3.12/site-packages/airflow/example_dags/example_dataset_alias.py for tasks to queue
[2026-05-15T17:54:50.615+0000] {logging_mixin.py:190} INFO - [2026-05-15T17:54:50.615+0000] {dagbag.py:588} INFO - Filling up the DagBag from /usr/local/python/3.12.1/lib/python3.12/site-packages/airflow/example_dags/example_dataset_alias.py
[2026-05-15T17:54:50.634+0000] {processor.py:925} INFO - DAG(s) 'dataset_s3_bucket_consumer', 'dataset_alias_example_alias_consumer', 'dataset_alias_example_alias_producer', 'dataset_s3_bucket_producer' retrieved from /usr/local/python/3.12.1/lib/python3.12/site-packages/airflow/example_dags/example_dataset_alias.py
[2026-05-15T17:54:50.649+0000] {logging_mixin.py:190} INFO - [2026-05-15T17:54:50.649+0000] {dag.py:3239} INFO - Sync 4 DAGs
[2026-05-15T17:54:50.665+0000] {logging_mixin.py:190} INFO - [2026-05-15T17:54:50.664+0000] {dag.py:4180} INFO - Setting next_dagrun for dataset_alias_example_alias_consumer to None, run_after=None
[2026-05-15T17:54:50.666+0000] {logging_mixin.py:190} INFO - [2026-05-15T17:54:50.666+0000] {dag.py:4180} INFO - Setting next_dagrun for dataset_alias_example_alias_producer to None, run_after=None
[2026-05-15T17:54:50.667+0000] {logging_mixin.py:190} INFO - [2026-05-15T17:54:50.667+0000] {dag.py:4180} INFO - Setting next_dagrun for dataset_s3_bucket_consumer to None, run_after=None
[2026-05-15T17:54:50.668+0000] {logging_mixin.py:190} INFO - [2026-05-15T17:54:50.668+0000] {dag.py:4180} INFO - Setting next_dagrun for dataset_s3_bucket_producer to None, run_after=None
[2026-05-15T17:54:50.690+0000] {processor.py:208} INFO - Processing /usr/local/python/3.12.1/lib/python3.12/site-packages/airflow/example_dags/example_dataset_alias.py took 0.083 seconds
[2026-05-15T17:55:50.358+0000] {processor.py:186} INFO - Started process (PID=88760) to work on /usr/local/python/3.12.1/lib/python3.12/site-packages/airflow/example_dags/example_dataset_alias.py
[2026-05-15T17:55:50.358+0000] {processor.py:914} INFO - Processing file /usr/local/python/3.12.1/lib/python3.12/site-packages/airflow/example_dags/example_dataset_alias.py for tasks to queue
[2026-05-15T17:55:50.360+0000] {logging_mixin.py:190} INFO - [2026-05-15T17:55:50.360+0000] {dagbag.py:588} INFO - Filling up the DagBag from /usr/local/python/3.12.1/lib/python3.12/site-packages/airflow/example_dags/example_dataset_alias.py
[2026-05-15T17:55:50.381+0000] {processor.py:925} INFO - DAG(s) 'dataset_s3_bucket_consumer', 'dataset_alias_example_alias_producer', 'dataset_alias_example_alias_consumer', 'dataset_s3_bucket_producer' retrieved from /usr/local/python/3.12.1/lib/python3.12/site-packages/airflow/example_dags/example_dataset_alias.py
[2026-05-15T17:55:50.400+0000] {logging_mixin.py:190} INFO - [2026-05-15T17:55:50.400+0000] {dag.py:3239} INFO - Sync 4 DAGs
[2026-05-15T17:55:50.540+0000] {logging_mixin.py:190} INFO - [2026-05-15T17:55:50.540+0000] {dag.py:4180} INFO - Setting next_dagrun for dataset_alias_example_alias_consumer to None, run_after=None
[2026-05-15T17:55:50.542+0000] {logging_mixin.py:190} INFO - [2026-05-15T17:55:50.542+0000] {dag.py:4180} INFO - Setting next_dagrun for dataset_alias_example_alias_producer to None, run_after=None
[2026-05-15T17:55:50.543+0000] {logging_mixin.py:190} INFO - [2026-05-15T17:55:50.543+0000] {dag.py:4180} INFO - Setting next_dagrun for dataset_s3_bucket_consumer to None, run_after=None
[2026-05-15T17:55:50.543+0000] {logging_mixin.py:190} INFO - [2026-05-15T17:55:50.543+0000] {dag.py:4180} INFO - Setting next_dagrun for dataset_s3_bucket_producer to None, run_after=None
[2026-05-15T17:55:50.561+0000] {processor.py:208} INFO - Processing /usr/local/python/3.12.1/lib/python3.12/site-packages/airflow/example_dags/example_dataset_alias.py took 0.210 seconds
[2026-05-15T17:56:53.123+0000] {processor.py:186} INFO - Started process (PID=89414) to work on /usr/local/python/3.12.1/lib/python3.12/site-packages/airflow/example_dags/example_dataset_alias.py
[2026-05-15T17:56:53.124+0000] {processor.py:914} INFO - Processing file /usr/local/python/3.12.1/lib/python3.12/site-packages/airflow/example_dags/example_dataset_alias.py for tasks to queue
[2026-05-15T17:56:53.126+0000] {logging_mixin.py:190} INFO - [2026-05-15T17:56:53.126+0000] {dagbag.py:588} INFO - Filling up the DagBag from /usr/local/python/3.12.1/lib/python3.12/site-packages/airflow/example_dags/example_dataset_alias.py
[2026-05-15T17:56:53.147+0000] {processor.py:925} INFO - DAG(s) 'dataset_s3_bucket_consumer', 'dataset_alias_example_alias_consumer', 'dataset_alias_example_alias_producer', 'dataset_s3_bucket_producer' retrieved from /usr/local/python/3.12.1/lib/python3.12/site-packages/airflow/example_dags/example_dataset_alias.py
[2026-05-15T17:56:53.162+0000] {logging_mixin.py:190} INFO - [2026-05-15T17:56:53.162+0000] {dag.py:3239} INFO - Sync 4 DAGs
[2026-05-15T17:56:53.356+0000] {logging_mixin.py:190} INFO - [2026-05-15T17:56:53.356+0000] {dag.py:4180} INFO - Setting next_dagrun for dataset_alias_example_alias_consumer to None, run_after=None
[2026-05-15T17:56:53.358+0000] {logging_mixin.py:190} INFO - [2026-05-15T17:56:53.358+0000] {dag.py:4180} INFO - Setting next_dagrun for dataset_alias_example_alias_producer to None, run_after=None
[2026-05-15T17:56:53.359+0000] {logging_mixin.py:190} INFO - [2026-05-15T17:56:53.359+0000] {dag.py:4180} INFO - Setting next_dagrun for dataset_s3_bucket_consumer to None, run_after=None
[2026-05-15T17:56:53.360+0000] {logging_mixin.py:190} INFO - [2026-05-15T17:56:53.360+0000] {dag.py:4180} INFO - Setting next_dagrun for dataset_s3_bucket_producer to None, run_after=None
[2026-05-15T17:56:53.380+0000] {processor.py:208} INFO - Processing /usr/local/python/3.12.1/lib/python3.12/site-packages/airflow/example_dags/example_dataset_alias.py took 0.264 seconds
[2026-05-15T17:58:16.832+0000] {processor.py:186} INFO - Started process (PID=90539) to work on /usr/local/python/3.12.1/lib/python3.12/site-packages/airflow/example_dags/example_dataset_alias.py
[2026-05-15T17:58:16.833+0000] {processor.py:914} INFO - Processing file /usr/local/python/3.12.1/lib/python3.12/site-packages/airflow/example_dags/example_dataset_alias.py for tasks to queue
[2026-05-15T17:58:16.834+0000] {logging_mixin.py:190} INFO - [2026-05-15T17:58:16.834+0000] {dagbag.py:588} INFO - Filling up the DagBag from /usr/local/python/3.12.1/lib/python3.12/site-packages/airflow/example_dags/example_dataset_alias.py
[2026-05-15T17:58:16.852+0000] {processor.py:925} INFO - DAG(s) 'dataset_s3_bucket_consumer', 'dataset_s3_bucket_producer', 'dataset_alias_example_alias_consumer', 'dataset_alias_example_alias_producer' retrieved from /usr/local/python/3.12.1/lib/python3.12/site-packages/airflow/example_dags/example_dataset_alias.py
[2026-05-15T17:58:16.867+0000] {logging_mixin.py:190} INFO - [2026-05-15T17:58:16.867+0000] {dag.py:3239} INFO - Sync 4 DAGs
[2026-05-15T17:58:16.888+0000] {logging_mixin.py:190} INFO - [2026-05-15T17:58:16.888+0000] {dag.py:4180} INFO - Setting next_dagrun for dataset_alias_example_alias_consumer to None, run_after=None
[2026-05-15T17:58:16.890+0000] {logging_mixin.py:190} INFO - [2026-05-15T17:58:16.890+0000] {dag.py:4180} INFO - Setting next_dagrun for dataset_alias_example_alias_producer to None, run_after=None
[2026-05-15T17:58:16.891+0000] {logging_mixin.py:190} INFO - [2026-05-15T17:58:16.891+0000] {dag.py:4180} INFO - Setting next_dagrun for dataset_s3_bucket_consumer to None, run_after=None
[2026-05-15T17:58:16.892+0000] {logging_mixin.py:190} INFO - [2026-05-15T17:58:16.892+0000] {dag.py:4180} INFO - Setting next_dagrun for dataset_s3_bucket_producer to None, run_after=None
[2026-05-15T17:58:16.911+0000] {processor.py:208} INFO - Processing /usr/local/python/3.12.1/lib/python3.12/site-packages/airflow/example_dags/example_dataset_alias.py took 0.083 seconds
[2026-05-15T17:59:11.697+0000] {processor.py:186} INFO - Started process (PID=91089) to work on /usr/local/python/3.12.1/lib/python3.12/site-packages/airflow/example_dags/example_dataset_alias.py
[2026-05-15T17:59:11.697+0000] {processor.py:914} INFO - Processing file /usr/local/python/3.12.1/lib/python3.12/site-packages/airflow/example_dags/example_dataset_alias.py for tasks to queue
[2026-05-15T17:59:11.699+0000] {logging_mixin.py:190} INFO - [2026-05-15T17:59:11.699+0000] {dagbag.py:588} INFO - Filling up the DagBag from /usr/local/python/3.12.1/lib/python3.12/site-packages/airflow/example_dags/example_dataset_alias.py
[2026-05-15T17:59:11.718+0000] {processor.py:925} INFO - DAG(s) 'dataset_alias_example_alias_consumer', 'dataset_alias_example_alias_producer', 'dataset_s3_bucket_consumer', 'dataset_s3_bucket_producer' retrieved from /usr/local/python/3.12.1/lib/python3.12/site-packages/airflow/example_dags/example_dataset_alias.py
[2026-05-15T17:59:11.734+0000] {logging_mixin.py:190} INFO - [2026-05-15T17:59:11.734+0000] {dag.py:3239} INFO - Sync 4 DAGs
[2026-05-15T17:59:11.750+0000] {logging_mixin.py:190} INFO - [2026-05-15T17:59:11.750+0000] {dag.py:4180} INFO - Setting next_dagrun for dataset_alias_example_alias_consumer to None, run_after=None
[2026-05-15T17:59:11.752+0000] {logging_mixin.py:190} INFO - [2026-05-15T17:59:11.752+0000] {dag.py:4180} INFO - Setting next_dagrun for dataset_alias_example_alias_producer to None, run_after=None
[2026-05-15T17:59:11.753+0000] {logging_mixin.py:190} INFO - [2026-05-15T17:59:11.753+0000] {dag.py:4180} INFO - Setting next_dagrun for dataset_s3_bucket_consumer to None, run_after=None
[2026-05-15T17:59:11.753+0000] {logging_mixin.py:190} INFO - [2026-05-15T17:59:11.753+0000] {dag.py:4180} INFO - Setting next_dagrun for dataset_s3_bucket_producer to None, run_after=None
[2026-05-15T17:59:11.771+0000] {processor.py:208} INFO - Processing /usr/local/python/3.12.1/lib/python3.12/site-packages/airflow/example_dags/example_dataset_alias.py took 0.079 seconds
[2026-05-15T18:00:23.979+0000] {processor.py:186} INFO - Started process (PID=91915) to work on /usr/local/python/3.12.1/lib/python3.12/site-packages/airflow/example_dags/example_dataset_alias.py
[2026-05-15T18:00:23.980+0000] {processor.py:914} INFO - Processing file /usr/local/python/3.12.1/lib/python3.12/site-packages/airflow/example_dags/example_dataset_alias.py for tasks to queue
[2026-05-15T18:00:23.984+0000] {logging_mixin.py:190} INFO - [2026-05-15T18:00:23.982+0000] {dagbag.py:588} INFO - Filling up the DagBag from /usr/local/python/3.12.1/lib/python3.12/site-packages/airflow/example_dags/example_dataset_alias.py
[2026-05-15T18:00:24.017+0000] {processor.py:925} INFO - DAG(s) 'dataset_alias_example_alias_consumer', 'dataset_alias_example_alias_producer', 'dataset_s3_bucket_producer', 'dataset_s3_bucket_consumer' retrieved from /usr/local/python/3.12.1/lib/python3.12/site-packages/airflow/example_dags/example_dataset_alias.py
[2026-05-15T18:00:24.033+0000] {logging_mixin.py:190} INFO - [2026-05-15T18:00:24.033+0000] {dag.py:3239} INFO - Sync 4 DAGs
[2026-05-15T18:00:24.049+0000] {logging_mixin.py:190} INFO - [2026-05-15T18:00:24.049+0000] {dag.py:4180} INFO - Setting next_dagrun for dataset_alias_example_alias_consumer to None, run_after=None
[2026-05-15T18:00:24.051+0000] {logging_mixin.py:190} INFO - [2026-05-15T18:00:24.050+0000] {dag.py:4180} INFO - Setting next_dagrun for dataset_alias_example_alias_producer to None, run_after=None
[2026-05-15T18:00:24.051+0000] {logging_mixin.py:190} INFO - [2026-05-15T18:00:24.051+0000] {dag.py:4180} INFO - Setting next_dagrun for dataset_s3_bucket_consumer to None, run_after=None
[2026-05-15T18:00:24.052+0000] {logging_mixin.py:190} INFO - [2026-05-15T18:00:24.052+0000] {dag.py:4180} INFO - Setting next_dagrun for dataset_s3_bucket_producer to None, run_after=None
[2026-05-15T18:00:24.070+0000] {processor.py:208} INFO - Processing /usr/local/python/3.12.1/lib/python3.12/site-packages/airflow/example_dags/example_dataset_alias.py took 0.097 seconds
[2026-05-15T18:01:16.967+0000] {processor.py:186} INFO - Started process (PID=92438) to work on /usr/local/python/3.12.1/lib/python3.12/site-packages/airflow/example_dags/example_dataset_alias.py
[2026-05-15T18:01:16.967+0000] {processor.py:914} INFO - Processing file /usr/local/python/3.12.1/lib/python3.12/site-packages/airflow/example_dags/example_dataset_alias.py for tasks to queue
[2026-05-15T18:01:16.971+0000] {logging_mixin.py:190} INFO - [2026-05-15T18:01:16.970+0000] {dagbag.py:588} INFO - Filling up the DagBag from /usr/local/python/3.12.1/lib/python3.12/site-packages/airflow/example_dags/example_dataset_alias.py
[2026-05-15T18:01:17.018+0000] {processor.py:925} INFO - DAG(s) 'dataset_s3_bucket_producer', 'dataset_s3_bucket_consumer', 'dataset_alias_example_alias_consumer', 'dataset_alias_example_alias_producer' retrieved from /usr/local/python/3.12.1/lib/python3.12/site-packages/airflow/example_dags/example_dataset_alias.py
[2026-05-15T18:01:17.051+0000] {logging_mixin.py:190} INFO - [2026-05-15T18:01:17.050+0000] {dag.py:3239} INFO - Sync 4 DAGs
[2026-05-15T18:01:17.081+0000] {logging_mixin.py:190} INFO - [2026-05-15T18:01:17.080+0000] {dag.py:4180} INFO - Setting next_dagrun for dataset_alias_example_alias_consumer to None, run_after=None
[2026-05-15T18:01:17.085+0000] {logging_mixin.py:190} INFO - [2026-05-15T18:01:17.085+0000] {dag.py:4180} INFO - Setting next_dagrun for dataset_alias_example_alias_producer to None, run_after=None
[2026-05-15T18:01:17.086+0000] {logging_mixin.py:190} INFO - [2026-05-15T18:01:17.086+0000] {dag.py:4180} INFO - Setting next_dagrun for dataset_s3_bucket_consumer to None, run_after=None
[2026-05-15T18:01:17.088+0000] {logging_mixin.py:190} INFO - [2026-05-15T18:01:17.087+0000] {dag.py:4180} INFO - Setting next_dagrun for dataset_s3_bucket_producer to None, run_after=None
[2026-05-15T18:01:17.116+0000] {processor.py:208} INFO - Processing /usr/local/python/3.12.1/lib/python3.12/site-packages/airflow/example_dags/example_dataset_alias.py took 0.162 seconds
