[2026-05-15T15:51:43.370+0000] {processor.py:186} INFO - Started process (PID=13815) to work on /usr/local/python/3.12.1/lib/python3.12/site-packages/airflow/example_dags/example_python_operator.py
[2026-05-15T15:51:43.371+0000] {processor.py:914} INFO - Processing file /usr/local/python/3.12.1/lib/python3.12/site-packages/airflow/example_dags/example_python_operator.py for tasks to queue
[2026-05-15T15:51:43.373+0000] {logging_mixin.py:190} INFO - [2026-05-15T15:51:43.373+0000] {dagbag.py:588} INFO - Filling up the DagBag from /usr/local/python/3.12.1/lib/python3.12/site-packages/airflow/example_dags/example_python_operator.py
[2026-05-15T15:51:43.388+0000] {processor.py:925} INFO - DAG(s) 'example_python_operator' retrieved from /usr/local/python/3.12.1/lib/python3.12/site-packages/airflow/example_dags/example_python_operator.py
[2026-05-15T15:51:43.651+0000] {logging_mixin.py:190} INFO - [2026-05-15T15:51:43.650+0000] {override.py:1900} INFO - Created Permission View: can delete on DAG:example_python_operator
[2026-05-15T15:51:43.665+0000] {logging_mixin.py:190} INFO - [2026-05-15T15:51:43.665+0000] {override.py:1900} INFO - Created Permission View: can edit on DAG:example_python_operator
[2026-05-15T15:51:43.675+0000] {logging_mixin.py:190} INFO - [2026-05-15T15:51:43.675+0000] {override.py:1900} INFO - Created Permission View: can read on DAG:example_python_operator
[2026-05-15T15:51:43.691+0000] {logging_mixin.py:190} INFO - [2026-05-15T15:51:43.691+0000] {override.py:1900} INFO - Created Permission View: can create on DAG Run:example_python_operator
[2026-05-15T15:51:43.701+0000] {logging_mixin.py:190} INFO - [2026-05-15T15:51:43.700+0000] {override.py:1900} INFO - Created Permission View: menu access on DAG Run:example_python_operator
[2026-05-15T15:51:43.709+0000] {logging_mixin.py:190} INFO - [2026-05-15T15:51:43.709+0000] {override.py:1900} INFO - Created Permission View: can delete on DAG Run:example_python_operator
[2026-05-15T15:51:43.719+0000] {logging_mixin.py:190} INFO - [2026-05-15T15:51:43.719+0000] {override.py:1900} INFO - Created Permission View: can read on DAG Run:example_python_operator
[2026-05-15T15:51:43.720+0000] {logging_mixin.py:190} INFO - [2026-05-15T15:51:43.719+0000] {dag.py:3239} INFO - Sync 1 DAGs
[2026-05-15T15:51:43.735+0000] {logging_mixin.py:190} INFO - [2026-05-15T15:51:43.734+0000] {dag.py:3262} INFO - Creating ORM DAG for example_python_operator
[2026-05-15T15:51:43.736+0000] {logging_mixin.py:190} INFO - [2026-05-15T15:51:43.735+0000] {dag.py:4180} INFO - Setting next_dagrun for example_python_operator to None, run_after=None
[2026-05-15T15:51:43.765+0000] {processor.py:208} INFO - Processing /usr/local/python/3.12.1/lib/python3.12/site-packages/airflow/example_dags/example_python_operator.py took 0.401 seconds
[2026-05-15T15:52:44.466+0000] {processor.py:186} INFO - Started process (PID=14361) to work on /usr/local/python/3.12.1/lib/python3.12/site-packages/airflow/example_dags/example_python_operator.py
[2026-05-15T15:52:44.467+0000] {processor.py:914} INFO - Processing file /usr/local/python/3.12.1/lib/python3.12/site-packages/airflow/example_dags/example_python_operator.py for tasks to queue
[2026-05-15T15:52:44.468+0000] {logging_mixin.py:190} INFO - [2026-05-15T15:52:44.468+0000] {dagbag.py:588} INFO - Filling up the DagBag from /usr/local/python/3.12.1/lib/python3.12/site-packages/airflow/example_dags/example_python_operator.py
[2026-05-15T15:52:44.479+0000] {processor.py:925} INFO - DAG(s) 'example_python_operator' retrieved from /usr/local/python/3.12.1/lib/python3.12/site-packages/airflow/example_dags/example_python_operator.py
[2026-05-15T15:52:44.493+0000] {logging_mixin.py:190} INFO - [2026-05-15T15:52:44.493+0000] {dag.py:3239} INFO - Sync 1 DAGs
[2026-05-15T15:52:44.502+0000] {logging_mixin.py:190} INFO - [2026-05-15T15:52:44.502+0000] {dag.py:4180} INFO - Setting next_dagrun for example_python_operator to None, run_after=None
[2026-05-15T15:52:44.518+0000] {processor.py:208} INFO - Processing /usr/local/python/3.12.1/lib/python3.12/site-packages/airflow/example_dags/example_python_operator.py took 0.056 seconds
[2026-05-15T15:53:42.096+0000] {processor.py:186} INFO - Started process (PID=14914) to work on /usr/local/python/3.12.1/lib/python3.12/site-packages/airflow/example_dags/example_python_operator.py
[2026-05-15T15:53:42.097+0000] {processor.py:914} INFO - Processing file /usr/local/python/3.12.1/lib/python3.12/site-packages/airflow/example_dags/example_python_operator.py for tasks to queue
[2026-05-15T15:53:42.098+0000] {logging_mixin.py:190} INFO - [2026-05-15T15:53:42.098+0000] {dagbag.py:588} INFO - Filling up the DagBag from /usr/local/python/3.12.1/lib/python3.12/site-packages/airflow/example_dags/example_python_operator.py
[2026-05-15T15:53:42.108+0000] {processor.py:925} INFO - DAG(s) 'example_python_operator' retrieved from /usr/local/python/3.12.1/lib/python3.12/site-packages/airflow/example_dags/example_python_operator.py
[2026-05-15T15:53:42.122+0000] {logging_mixin.py:190} INFO - [2026-05-15T15:53:42.122+0000] {dag.py:3239} INFO - Sync 1 DAGs
[2026-05-15T15:53:42.132+0000] {logging_mixin.py:190} INFO - [2026-05-15T15:53:42.131+0000] {dag.py:4180} INFO - Setting next_dagrun for example_python_operator to None, run_after=None
[2026-05-15T15:53:42.148+0000] {processor.py:208} INFO - Processing /usr/local/python/3.12.1/lib/python3.12/site-packages/airflow/example_dags/example_python_operator.py took 0.056 seconds
[2026-05-15T15:54:36.862+0000] {processor.py:186} INFO - Started process (PID=15434) to work on /usr/local/python/3.12.1/lib/python3.12/site-packages/airflow/example_dags/example_python_operator.py
[2026-05-15T15:54:36.862+0000] {processor.py:914} INFO - Processing file /usr/local/python/3.12.1/lib/python3.12/site-packages/airflow/example_dags/example_python_operator.py for tasks to queue
[2026-05-15T15:54:36.864+0000] {logging_mixin.py:190} INFO - [2026-05-15T15:54:36.864+0000] {dagbag.py:588} INFO - Filling up the DagBag from /usr/local/python/3.12.1/lib/python3.12/site-packages/airflow/example_dags/example_python_operator.py
[2026-05-15T15:54:36.875+0000] {processor.py:925} INFO - DAG(s) 'example_python_operator' retrieved from /usr/local/python/3.12.1/lib/python3.12/site-packages/airflow/example_dags/example_python_operator.py
[2026-05-15T15:54:36.905+0000] {logging_mixin.py:190} INFO - [2026-05-15T15:54:36.905+0000] {dag.py:3239} INFO - Sync 1 DAGs
[2026-05-15T15:54:36.915+0000] {logging_mixin.py:190} INFO - [2026-05-15T15:54:36.915+0000] {dag.py:4180} INFO - Setting next_dagrun for example_python_operator to None, run_after=None
[2026-05-15T15:54:36.933+0000] {processor.py:208} INFO - Processing /usr/local/python/3.12.1/lib/python3.12/site-packages/airflow/example_dags/example_python_operator.py took 0.076 seconds
[2026-05-15T15:55:26.800+0000] {processor.py:186} INFO - Started process (PID=15923) to work on /usr/local/python/3.12.1/lib/python3.12/site-packages/airflow/example_dags/example_python_operator.py
[2026-05-15T15:55:26.801+0000] {processor.py:914} INFO - Processing file /usr/local/python/3.12.1/lib/python3.12/site-packages/airflow/example_dags/example_python_operator.py for tasks to queue
[2026-05-15T15:55:26.802+0000] {logging_mixin.py:190} INFO - [2026-05-15T15:55:26.802+0000] {dagbag.py:588} INFO - Filling up the DagBag from /usr/local/python/3.12.1/lib/python3.12/site-packages/airflow/example_dags/example_python_operator.py
[2026-05-15T15:55:26.812+0000] {processor.py:925} INFO - DAG(s) 'example_python_operator' retrieved from /usr/local/python/3.12.1/lib/python3.12/site-packages/airflow/example_dags/example_python_operator.py
[2026-05-15T15:55:26.826+0000] {logging_mixin.py:190} INFO - [2026-05-15T15:55:26.826+0000] {dag.py:3239} INFO - Sync 1 DAGs
[2026-05-15T15:55:26.837+0000] {logging_mixin.py:190} INFO - [2026-05-15T15:55:26.837+0000] {dag.py:4180} INFO - Setting next_dagrun for example_python_operator to None, run_after=None
[2026-05-15T15:55:26.854+0000] {processor.py:208} INFO - Processing /usr/local/python/3.12.1/lib/python3.12/site-packages/airflow/example_dags/example_python_operator.py took 0.059 seconds
[2026-05-15T15:56:16.314+0000] {processor.py:186} INFO - Started process (PID=16408) to work on /usr/local/python/3.12.1/lib/python3.12/site-packages/airflow/example_dags/example_python_operator.py
[2026-05-15T15:56:16.315+0000] {processor.py:914} INFO - Processing file /usr/local/python/3.12.1/lib/python3.12/site-packages/airflow/example_dags/example_python_operator.py for tasks to queue
[2026-05-15T15:56:16.317+0000] {logging_mixin.py:190} INFO - [2026-05-15T15:56:16.317+0000] {dagbag.py:588} INFO - Filling up the DagBag from /usr/local/python/3.12.1/lib/python3.12/site-packages/airflow/example_dags/example_python_operator.py
[2026-05-15T15:56:16.334+0000] {processor.py:925} INFO - DAG(s) 'example_python_operator' retrieved from /usr/local/python/3.12.1/lib/python3.12/site-packages/airflow/example_dags/example_python_operator.py
[2026-05-15T15:56:16.358+0000] {logging_mixin.py:190} INFO - [2026-05-15T15:56:16.357+0000] {dag.py:3239} INFO - Sync 1 DAGs
[2026-05-15T15:56:16.375+0000] {logging_mixin.py:190} INFO - [2026-05-15T15:56:16.375+0000] {dag.py:4180} INFO - Setting next_dagrun for example_python_operator to None, run_after=None
[2026-05-15T15:56:16.404+0000] {processor.py:208} INFO - Processing /usr/local/python/3.12.1/lib/python3.12/site-packages/airflow/example_dags/example_python_operator.py took 0.097 seconds
[2026-05-15T15:57:08.506+0000] {processor.py:186} INFO - Started process (PID=16907) to work on /usr/local/python/3.12.1/lib/python3.12/site-packages/airflow/example_dags/example_python_operator.py
[2026-05-15T15:57:08.507+0000] {processor.py:914} INFO - Processing file /usr/local/python/3.12.1/lib/python3.12/site-packages/airflow/example_dags/example_python_operator.py for tasks to queue
[2026-05-15T15:57:08.508+0000] {logging_mixin.py:190} INFO - [2026-05-15T15:57:08.508+0000] {dagbag.py:588} INFO - Filling up the DagBag from /usr/local/python/3.12.1/lib/python3.12/site-packages/airflow/example_dags/example_python_operator.py
[2026-05-15T15:57:08.518+0000] {processor.py:925} INFO - DAG(s) 'example_python_operator' retrieved from /usr/local/python/3.12.1/lib/python3.12/site-packages/airflow/example_dags/example_python_operator.py
[2026-05-15T15:57:08.532+0000] {logging_mixin.py:190} INFO - [2026-05-15T15:57:08.532+0000] {dag.py:3239} INFO - Sync 1 DAGs
[2026-05-15T15:57:08.542+0000] {logging_mixin.py:190} INFO - [2026-05-15T15:57:08.541+0000] {dag.py:4180} INFO - Setting next_dagrun for example_python_operator to None, run_after=None
[2026-05-15T15:57:08.566+0000] {processor.py:208} INFO - Processing /usr/local/python/3.12.1/lib/python3.12/site-packages/airflow/example_dags/example_python_operator.py took 0.065 seconds
[2026-05-15T15:58:01.170+0000] {processor.py:186} INFO - Started process (PID=17407) to work on /usr/local/python/3.12.1/lib/python3.12/site-packages/airflow/example_dags/example_python_operator.py
[2026-05-15T15:58:01.171+0000] {processor.py:914} INFO - Processing file /usr/local/python/3.12.1/lib/python3.12/site-packages/airflow/example_dags/example_python_operator.py for tasks to queue
[2026-05-15T15:58:01.172+0000] {logging_mixin.py:190} INFO - [2026-05-15T15:58:01.172+0000] {dagbag.py:588} INFO - Filling up the DagBag from /usr/local/python/3.12.1/lib/python3.12/site-packages/airflow/example_dags/example_python_operator.py
[2026-05-15T15:58:01.182+0000] {processor.py:925} INFO - DAG(s) 'example_python_operator' retrieved from /usr/local/python/3.12.1/lib/python3.12/site-packages/airflow/example_dags/example_python_operator.py
[2026-05-15T15:58:01.196+0000] {logging_mixin.py:190} INFO - [2026-05-15T15:58:01.196+0000] {dag.py:3239} INFO - Sync 1 DAGs
[2026-05-15T15:58:01.206+0000] {logging_mixin.py:190} INFO - [2026-05-15T15:58:01.206+0000] {dag.py:4180} INFO - Setting next_dagrun for example_python_operator to None, run_after=None
[2026-05-15T15:58:01.222+0000] {processor.py:208} INFO - Processing /usr/local/python/3.12.1/lib/python3.12/site-packages/airflow/example_dags/example_python_operator.py took 0.056 seconds
[2026-05-15T15:59:08.353+0000] {processor.py:186} INFO - Started process (PID=18434) to work on /usr/local/python/3.12.1/lib/python3.12/site-packages/airflow/example_dags/example_python_operator.py
[2026-05-15T15:59:08.354+0000] {processor.py:914} INFO - Processing file /usr/local/python/3.12.1/lib/python3.12/site-packages/airflow/example_dags/example_python_operator.py for tasks to queue
[2026-05-15T15:59:08.356+0000] {logging_mixin.py:190} INFO - [2026-05-15T15:59:08.355+0000] {dagbag.py:588} INFO - Filling up the DagBag from /usr/local/python/3.12.1/lib/python3.12/site-packages/airflow/example_dags/example_python_operator.py
[2026-05-15T15:59:08.365+0000] {processor.py:925} INFO - DAG(s) 'example_python_operator' retrieved from /usr/local/python/3.12.1/lib/python3.12/site-packages/airflow/example_dags/example_python_operator.py
[2026-05-15T15:59:08.486+0000] {logging_mixin.py:190} INFO - [2026-05-15T15:59:08.485+0000] {dag.py:3239} INFO - Sync 1 DAGs
[2026-05-15T15:59:08.511+0000] {logging_mixin.py:190} INFO - [2026-05-15T15:59:08.510+0000] {dag.py:4180} INFO - Setting next_dagrun for example_python_operator to None, run_after=None
[2026-05-15T15:59:08.575+0000] {processor.py:208} INFO - Processing /usr/local/python/3.12.1/lib/python3.12/site-packages/airflow/example_dags/example_python_operator.py took 0.226 seconds
[2026-05-15T16:00:01.646+0000] {processor.py:186} INFO - Started process (PID=19148) to work on /usr/local/python/3.12.1/lib/python3.12/site-packages/airflow/example_dags/example_python_operator.py
[2026-05-15T16:00:01.647+0000] {processor.py:914} INFO - Processing file /usr/local/python/3.12.1/lib/python3.12/site-packages/airflow/example_dags/example_python_operator.py for tasks to queue
[2026-05-15T16:00:01.650+0000] {logging_mixin.py:190} INFO - [2026-05-15T16:00:01.649+0000] {dagbag.py:588} INFO - Filling up the DagBag from /usr/local/python/3.12.1/lib/python3.12/site-packages/airflow/example_dags/example_python_operator.py
[2026-05-15T16:00:01.661+0000] {processor.py:925} INFO - DAG(s) 'example_python_operator' retrieved from /usr/local/python/3.12.1/lib/python3.12/site-packages/airflow/example_dags/example_python_operator.py
[2026-05-15T16:00:01.677+0000] {logging_mixin.py:190} INFO - [2026-05-15T16:00:01.677+0000] {dag.py:3239} INFO - Sync 1 DAGs
[2026-05-15T16:00:01.687+0000] {logging_mixin.py:190} INFO - [2026-05-15T16:00:01.687+0000] {dag.py:4180} INFO - Setting next_dagrun for example_python_operator to None, run_after=None
[2026-05-15T16:00:01.704+0000] {processor.py:208} INFO - Processing /usr/local/python/3.12.1/lib/python3.12/site-packages/airflow/example_dags/example_python_operator.py took 0.065 seconds
[2026-05-15T16:00:55.198+0000] {processor.py:186} INFO - Started process (PID=19941) to work on /usr/local/python/3.12.1/lib/python3.12/site-packages/airflow/example_dags/example_python_operator.py
[2026-05-15T16:00:55.198+0000] {processor.py:914} INFO - Processing file /usr/local/python/3.12.1/lib/python3.12/site-packages/airflow/example_dags/example_python_operator.py for tasks to queue
[2026-05-15T16:00:55.200+0000] {logging_mixin.py:190} INFO - [2026-05-15T16:00:55.200+0000] {dagbag.py:588} INFO - Filling up the DagBag from /usr/local/python/3.12.1/lib/python3.12/site-packages/airflow/example_dags/example_python_operator.py
[2026-05-15T16:00:55.211+0000] {processor.py:925} INFO - DAG(s) 'example_python_operator' retrieved from /usr/local/python/3.12.1/lib/python3.12/site-packages/airflow/example_dags/example_python_operator.py
[2026-05-15T16:00:55.225+0000] {logging_mixin.py:190} INFO - [2026-05-15T16:00:55.224+0000] {dag.py:3239} INFO - Sync 1 DAGs
[2026-05-15T16:00:55.238+0000] {logging_mixin.py:190} INFO - [2026-05-15T16:00:55.237+0000] {dag.py:4180} INFO - Setting next_dagrun for example_python_operator to None, run_after=None
[2026-05-15T16:00:55.264+0000] {processor.py:208} INFO - Processing /usr/local/python/3.12.1/lib/python3.12/site-packages/airflow/example_dags/example_python_operator.py took 0.070 seconds
[2026-05-15T16:01:43.230+0000] {processor.py:186} INFO - Started process (PID=20426) to work on /usr/local/python/3.12.1/lib/python3.12/site-packages/airflow/example_dags/example_python_operator.py
[2026-05-15T16:01:43.233+0000] {processor.py:914} INFO - Processing file /usr/local/python/3.12.1/lib/python3.12/site-packages/airflow/example_dags/example_python_operator.py for tasks to queue
[2026-05-15T16:01:43.236+0000] {logging_mixin.py:190} INFO - [2026-05-15T16:01:43.236+0000] {dagbag.py:588} INFO - Filling up the DagBag from /usr/local/python/3.12.1/lib/python3.12/site-packages/airflow/example_dags/example_python_operator.py
[2026-05-15T16:01:43.258+0000] {processor.py:925} INFO - DAG(s) 'example_python_operator' retrieved from /usr/local/python/3.12.1/lib/python3.12/site-packages/airflow/example_dags/example_python_operator.py
[2026-05-15T16:01:43.285+0000] {logging_mixin.py:190} INFO - [2026-05-15T16:01:43.285+0000] {dag.py:3239} INFO - Sync 1 DAGs
[2026-05-15T16:01:43.302+0000] {logging_mixin.py:190} INFO - [2026-05-15T16:01:43.301+0000] {dag.py:4180} INFO - Setting next_dagrun for example_python_operator to None, run_after=None
[2026-05-15T16:01:43.326+0000] {processor.py:208} INFO - Processing /usr/local/python/3.12.1/lib/python3.12/site-packages/airflow/example_dags/example_python_operator.py took 0.116 seconds
[2026-05-15T16:02:34.304+0000] {processor.py:186} INFO - Started process (PID=20950) to work on /usr/local/python/3.12.1/lib/python3.12/site-packages/airflow/example_dags/example_python_operator.py
[2026-05-15T16:02:34.305+0000] {processor.py:914} INFO - Processing file /usr/local/python/3.12.1/lib/python3.12/site-packages/airflow/example_dags/example_python_operator.py for tasks to queue
[2026-05-15T16:02:34.306+0000] {logging_mixin.py:190} INFO - [2026-05-15T16:02:34.306+0000] {dagbag.py:588} INFO - Filling up the DagBag from /usr/local/python/3.12.1/lib/python3.12/site-packages/airflow/example_dags/example_python_operator.py
[2026-05-15T16:02:34.317+0000] {processor.py:925} INFO - DAG(s) 'example_python_operator' retrieved from /usr/local/python/3.12.1/lib/python3.12/site-packages/airflow/example_dags/example_python_operator.py
[2026-05-15T16:02:34.331+0000] {logging_mixin.py:190} INFO - [2026-05-15T16:02:34.330+0000] {dag.py:3239} INFO - Sync 1 DAGs
[2026-05-15T16:02:34.340+0000] {logging_mixin.py:190} INFO - [2026-05-15T16:02:34.340+0000] {dag.py:4180} INFO - Setting next_dagrun for example_python_operator to None, run_after=None
[2026-05-15T16:02:34.356+0000] {processor.py:208} INFO - Processing /usr/local/python/3.12.1/lib/python3.12/site-packages/airflow/example_dags/example_python_operator.py took 0.056 seconds
[2026-05-15T16:03:23.148+0000] {processor.py:186} INFO - Started process (PID=21410) to work on /usr/local/python/3.12.1/lib/python3.12/site-packages/airflow/example_dags/example_python_operator.py
[2026-05-15T16:03:23.149+0000] {processor.py:914} INFO - Processing file /usr/local/python/3.12.1/lib/python3.12/site-packages/airflow/example_dags/example_python_operator.py for tasks to queue
[2026-05-15T16:03:23.150+0000] {logging_mixin.py:190} INFO - [2026-05-15T16:03:23.150+0000] {dagbag.py:588} INFO - Filling up the DagBag from /usr/local/python/3.12.1/lib/python3.12/site-packages/airflow/example_dags/example_python_operator.py
[2026-05-15T16:03:23.161+0000] {processor.py:925} INFO - DAG(s) 'example_python_operator' retrieved from /usr/local/python/3.12.1/lib/python3.12/site-packages/airflow/example_dags/example_python_operator.py
[2026-05-15T16:03:23.175+0000] {logging_mixin.py:190} INFO - [2026-05-15T16:03:23.175+0000] {dag.py:3239} INFO - Sync 1 DAGs
[2026-05-15T16:03:23.185+0000] {logging_mixin.py:190} INFO - [2026-05-15T16:03:23.184+0000] {dag.py:4180} INFO - Setting next_dagrun for example_python_operator to None, run_after=None
[2026-05-15T16:03:23.201+0000] {processor.py:208} INFO - Processing /usr/local/python/3.12.1/lib/python3.12/site-packages/airflow/example_dags/example_python_operator.py took 0.057 seconds
[2026-05-15T16:04:13.686+0000] {processor.py:186} INFO - Started process (PID=21918) to work on /usr/local/python/3.12.1/lib/python3.12/site-packages/airflow/example_dags/example_python_operator.py
[2026-05-15T16:04:13.687+0000] {processor.py:914} INFO - Processing file /usr/local/python/3.12.1/lib/python3.12/site-packages/airflow/example_dags/example_python_operator.py for tasks to queue
[2026-05-15T16:04:13.688+0000] {logging_mixin.py:190} INFO - [2026-05-15T16:04:13.688+0000] {dagbag.py:588} INFO - Filling up the DagBag from /usr/local/python/3.12.1/lib/python3.12/site-packages/airflow/example_dags/example_python_operator.py
[2026-05-15T16:04:13.698+0000] {processor.py:925} INFO - DAG(s) 'example_python_operator' retrieved from /usr/local/python/3.12.1/lib/python3.12/site-packages/airflow/example_dags/example_python_operator.py
[2026-05-15T16:04:13.712+0000] {logging_mixin.py:190} INFO - [2026-05-15T16:04:13.711+0000] {dag.py:3239} INFO - Sync 1 DAGs
[2026-05-15T16:04:13.721+0000] {logging_mixin.py:190} INFO - [2026-05-15T16:04:13.721+0000] {dag.py:4180} INFO - Setting next_dagrun for example_python_operator to None, run_after=None
[2026-05-15T16:04:13.739+0000] {processor.py:208} INFO - Processing /usr/local/python/3.12.1/lib/python3.12/site-packages/airflow/example_dags/example_python_operator.py took 0.057 seconds
[2026-05-15T16:05:00.964+0000] {processor.py:186} INFO - Started process (PID=22353) to work on /usr/local/python/3.12.1/lib/python3.12/site-packages/airflow/example_dags/example_python_operator.py
[2026-05-15T16:05:00.965+0000] {processor.py:914} INFO - Processing file /usr/local/python/3.12.1/lib/python3.12/site-packages/airflow/example_dags/example_python_operator.py for tasks to queue
[2026-05-15T16:05:00.967+0000] {logging_mixin.py:190} INFO - [2026-05-15T16:05:00.966+0000] {dagbag.py:588} INFO - Filling up the DagBag from /usr/local/python/3.12.1/lib/python3.12/site-packages/airflow/example_dags/example_python_operator.py
[2026-05-15T16:05:00.977+0000] {processor.py:925} INFO - DAG(s) 'example_python_operator' retrieved from /usr/local/python/3.12.1/lib/python3.12/site-packages/airflow/example_dags/example_python_operator.py
[2026-05-15T16:05:00.991+0000] {logging_mixin.py:190} INFO - [2026-05-15T16:05:00.991+0000] {dag.py:3239} INFO - Sync 1 DAGs
[2026-05-15T16:05:01.002+0000] {logging_mixin.py:190} INFO - [2026-05-15T16:05:01.001+0000] {dag.py:4180} INFO - Setting next_dagrun for example_python_operator to None, run_after=None
[2026-05-15T16:05:01.018+0000] {processor.py:208} INFO - Processing /usr/local/python/3.12.1/lib/python3.12/site-packages/airflow/example_dags/example_python_operator.py took 0.058 seconds
[2026-05-15T16:05:49.252+0000] {processor.py:186} INFO - Started process (PID=22773) to work on /usr/local/python/3.12.1/lib/python3.12/site-packages/airflow/example_dags/example_python_operator.py
[2026-05-15T16:05:49.253+0000] {processor.py:914} INFO - Processing file /usr/local/python/3.12.1/lib/python3.12/site-packages/airflow/example_dags/example_python_operator.py for tasks to queue
[2026-05-15T16:05:49.255+0000] {logging_mixin.py:190} INFO - [2026-05-15T16:05:49.254+0000] {dagbag.py:588} INFO - Filling up the DagBag from /usr/local/python/3.12.1/lib/python3.12/site-packages/airflow/example_dags/example_python_operator.py
[2026-05-15T16:05:49.264+0000] {processor.py:925} INFO - DAG(s) 'example_python_operator' retrieved from /usr/local/python/3.12.1/lib/python3.12/site-packages/airflow/example_dags/example_python_operator.py
[2026-05-15T16:05:49.289+0000] {logging_mixin.py:190} INFO - [2026-05-15T16:05:49.289+0000] {dag.py:3239} INFO - Sync 1 DAGs
[2026-05-15T16:05:49.299+0000] {logging_mixin.py:190} INFO - [2026-05-15T16:05:49.299+0000] {dag.py:4180} INFO - Setting next_dagrun for example_python_operator to None, run_after=None
[2026-05-15T16:05:49.315+0000] {processor.py:208} INFO - Processing /usr/local/python/3.12.1/lib/python3.12/site-packages/airflow/example_dags/example_python_operator.py took 0.067 seconds
[2026-05-15T16:06:40.824+0000] {processor.py:186} INFO - Started process (PID=23164) to work on /usr/local/python/3.12.1/lib/python3.12/site-packages/airflow/example_dags/example_python_operator.py
[2026-05-15T16:06:40.824+0000] {processor.py:914} INFO - Processing file /usr/local/python/3.12.1/lib/python3.12/site-packages/airflow/example_dags/example_python_operator.py for tasks to queue
[2026-05-15T16:06:40.826+0000] {logging_mixin.py:190} INFO - [2026-05-15T16:06:40.826+0000] {dagbag.py:588} INFO - Filling up the DagBag from /usr/local/python/3.12.1/lib/python3.12/site-packages/airflow/example_dags/example_python_operator.py
[2026-05-15T16:06:40.837+0000] {processor.py:925} INFO - DAG(s) 'example_python_operator' retrieved from /usr/local/python/3.12.1/lib/python3.12/site-packages/airflow/example_dags/example_python_operator.py
[2026-05-15T16:06:40.851+0000] {logging_mixin.py:190} INFO - [2026-05-15T16:06:40.851+0000] {dag.py:3239} INFO - Sync 1 DAGs
[2026-05-15T16:06:40.862+0000] {logging_mixin.py:190} INFO - [2026-05-15T16:06:40.861+0000] {dag.py:4180} INFO - Setting next_dagrun for example_python_operator to None, run_after=None
[2026-05-15T16:06:40.880+0000] {processor.py:208} INFO - Processing /usr/local/python/3.12.1/lib/python3.12/site-packages/airflow/example_dags/example_python_operator.py took 0.061 seconds
[2026-05-15T16:07:31.526+0000] {processor.py:186} INFO - Started process (PID=23617) to work on /usr/local/python/3.12.1/lib/python3.12/site-packages/airflow/example_dags/example_python_operator.py
[2026-05-15T16:07:31.527+0000] {processor.py:914} INFO - Processing file /usr/local/python/3.12.1/lib/python3.12/site-packages/airflow/example_dags/example_python_operator.py for tasks to queue
[2026-05-15T16:07:31.528+0000] {logging_mixin.py:190} INFO - [2026-05-15T16:07:31.528+0000] {dagbag.py:588} INFO - Filling up the DagBag from /usr/local/python/3.12.1/lib/python3.12/site-packages/airflow/example_dags/example_python_operator.py
[2026-05-15T16:07:31.539+0000] {processor.py:925} INFO - DAG(s) 'example_python_operator' retrieved from /usr/local/python/3.12.1/lib/python3.12/site-packages/airflow/example_dags/example_python_operator.py
[2026-05-15T16:07:31.553+0000] {logging_mixin.py:190} INFO - [2026-05-15T16:07:31.553+0000] {dag.py:3239} INFO - Sync 1 DAGs
[2026-05-15T16:07:31.563+0000] {logging_mixin.py:190} INFO - [2026-05-15T16:07:31.563+0000] {dag.py:4180} INFO - Setting next_dagrun for example_python_operator to None, run_after=None
[2026-05-15T16:07:31.580+0000] {processor.py:208} INFO - Processing /usr/local/python/3.12.1/lib/python3.12/site-packages/airflow/example_dags/example_python_operator.py took 0.058 seconds
[2026-05-15T16:08:19.591+0000] {processor.py:186} INFO - Started process (PID=24049) to work on /usr/local/python/3.12.1/lib/python3.12/site-packages/airflow/example_dags/example_python_operator.py
[2026-05-15T16:08:19.592+0000] {processor.py:914} INFO - Processing file /usr/local/python/3.12.1/lib/python3.12/site-packages/airflow/example_dags/example_python_operator.py for tasks to queue
[2026-05-15T16:08:19.594+0000] {logging_mixin.py:190} INFO - [2026-05-15T16:08:19.593+0000] {dagbag.py:588} INFO - Filling up the DagBag from /usr/local/python/3.12.1/lib/python3.12/site-packages/airflow/example_dags/example_python_operator.py
[2026-05-15T16:08:19.603+0000] {processor.py:925} INFO - DAG(s) 'example_python_operator' retrieved from /usr/local/python/3.12.1/lib/python3.12/site-packages/airflow/example_dags/example_python_operator.py
[2026-05-15T16:08:19.617+0000] {logging_mixin.py:190} INFO - [2026-05-15T16:08:19.617+0000] {dag.py:3239} INFO - Sync 1 DAGs
[2026-05-15T16:08:19.627+0000] {logging_mixin.py:190} INFO - [2026-05-15T16:08:19.627+0000] {dag.py:4180} INFO - Setting next_dagrun for example_python_operator to None, run_after=None
[2026-05-15T16:08:19.644+0000] {processor.py:208} INFO - Processing /usr/local/python/3.12.1/lib/python3.12/site-packages/airflow/example_dags/example_python_operator.py took 0.058 seconds
[2026-05-15T16:09:05.965+0000] {processor.py:186} INFO - Started process (PID=24540) to work on /usr/local/python/3.12.1/lib/python3.12/site-packages/airflow/example_dags/example_python_operator.py
[2026-05-15T16:09:05.966+0000] {processor.py:914} INFO - Processing file /usr/local/python/3.12.1/lib/python3.12/site-packages/airflow/example_dags/example_python_operator.py for tasks to queue
[2026-05-15T16:09:05.968+0000] {logging_mixin.py:190} INFO - [2026-05-15T16:09:05.967+0000] {dagbag.py:588} INFO - Filling up the DagBag from /usr/local/python/3.12.1/lib/python3.12/site-packages/airflow/example_dags/example_python_operator.py
[2026-05-15T16:09:05.982+0000] {processor.py:925} INFO - DAG(s) 'example_python_operator' retrieved from /usr/local/python/3.12.1/lib/python3.12/site-packages/airflow/example_dags/example_python_operator.py
[2026-05-15T16:09:05.997+0000] {logging_mixin.py:190} INFO - [2026-05-15T16:09:05.996+0000] {dag.py:3239} INFO - Sync 1 DAGs
[2026-05-15T16:09:06.006+0000] {logging_mixin.py:190} INFO - [2026-05-15T16:09:06.006+0000] {dag.py:4180} INFO - Setting next_dagrun for example_python_operator to None, run_after=None
[2026-05-15T16:09:06.023+0000] {processor.py:208} INFO - Processing /usr/local/python/3.12.1/lib/python3.12/site-packages/airflow/example_dags/example_python_operator.py took 0.062 seconds
[2026-05-15T16:09:57.401+0000] {processor.py:186} INFO - Started process (PID=24986) to work on /usr/local/python/3.12.1/lib/python3.12/site-packages/airflow/example_dags/example_python_operator.py
[2026-05-15T16:09:57.401+0000] {processor.py:914} INFO - Processing file /usr/local/python/3.12.1/lib/python3.12/site-packages/airflow/example_dags/example_python_operator.py for tasks to queue
[2026-05-15T16:09:57.403+0000] {logging_mixin.py:190} INFO - [2026-05-15T16:09:57.402+0000] {dagbag.py:588} INFO - Filling up the DagBag from /usr/local/python/3.12.1/lib/python3.12/site-packages/airflow/example_dags/example_python_operator.py
[2026-05-15T16:09:57.413+0000] {processor.py:925} INFO - DAG(s) 'example_python_operator' retrieved from /usr/local/python/3.12.1/lib/python3.12/site-packages/airflow/example_dags/example_python_operator.py
[2026-05-15T16:09:57.427+0000] {logging_mixin.py:190} INFO - [2026-05-15T16:09:57.427+0000] {dag.py:3239} INFO - Sync 1 DAGs
[2026-05-15T16:09:57.438+0000] {logging_mixin.py:190} INFO - [2026-05-15T16:09:57.437+0000] {dag.py:4180} INFO - Setting next_dagrun for example_python_operator to None, run_after=None
[2026-05-15T16:09:57.454+0000] {processor.py:208} INFO - Processing /usr/local/python/3.12.1/lib/python3.12/site-packages/airflow/example_dags/example_python_operator.py took 0.058 seconds
[2026-05-15T16:10:47.128+0000] {processor.py:186} INFO - Started process (PID=25436) to work on /usr/local/python/3.12.1/lib/python3.12/site-packages/airflow/example_dags/example_python_operator.py
[2026-05-15T16:10:47.129+0000] {processor.py:914} INFO - Processing file /usr/local/python/3.12.1/lib/python3.12/site-packages/airflow/example_dags/example_python_operator.py for tasks to queue
[2026-05-15T16:10:47.131+0000] {logging_mixin.py:190} INFO - [2026-05-15T16:10:47.130+0000] {dagbag.py:588} INFO - Filling up the DagBag from /usr/local/python/3.12.1/lib/python3.12/site-packages/airflow/example_dags/example_python_operator.py
[2026-05-15T16:10:47.141+0000] {processor.py:925} INFO - DAG(s) 'example_python_operator' retrieved from /usr/local/python/3.12.1/lib/python3.12/site-packages/airflow/example_dags/example_python_operator.py
[2026-05-15T16:10:47.156+0000] {logging_mixin.py:190} INFO - [2026-05-15T16:10:47.156+0000] {dag.py:3239} INFO - Sync 1 DAGs
[2026-05-15T16:10:47.166+0000] {logging_mixin.py:190} INFO - [2026-05-15T16:10:47.166+0000] {dag.py:4180} INFO - Setting next_dagrun for example_python_operator to None, run_after=None
[2026-05-15T16:10:47.183+0000] {processor.py:208} INFO - Processing /usr/local/python/3.12.1/lib/python3.12/site-packages/airflow/example_dags/example_python_operator.py took 0.059 seconds
[2026-05-15T16:11:35.955+0000] {processor.py:186} INFO - Started process (PID=25800) to work on /usr/local/python/3.12.1/lib/python3.12/site-packages/airflow/example_dags/example_python_operator.py
[2026-05-15T16:11:35.956+0000] {processor.py:914} INFO - Processing file /usr/local/python/3.12.1/lib/python3.12/site-packages/airflow/example_dags/example_python_operator.py for tasks to queue
[2026-05-15T16:11:35.957+0000] {logging_mixin.py:190} INFO - [2026-05-15T16:11:35.957+0000] {dagbag.py:588} INFO - Filling up the DagBag from /usr/local/python/3.12.1/lib/python3.12/site-packages/airflow/example_dags/example_python_operator.py
[2026-05-15T16:11:35.967+0000] {processor.py:925} INFO - DAG(s) 'example_python_operator' retrieved from /usr/local/python/3.12.1/lib/python3.12/site-packages/airflow/example_dags/example_python_operator.py
[2026-05-15T16:11:35.981+0000] {logging_mixin.py:190} INFO - [2026-05-15T16:11:35.981+0000] {dag.py:3239} INFO - Sync 1 DAGs
[2026-05-15T16:11:35.991+0000] {logging_mixin.py:190} INFO - [2026-05-15T16:11:35.991+0000] {dag.py:4180} INFO - Setting next_dagrun for example_python_operator to None, run_after=None
[2026-05-15T16:11:36.007+0000] {processor.py:208} INFO - Processing /usr/local/python/3.12.1/lib/python3.12/site-packages/airflow/example_dags/example_python_operator.py took 0.056 seconds
[2026-05-15T16:12:21.939+0000] {processor.py:186} INFO - Started process (PID=26227) to work on /usr/local/python/3.12.1/lib/python3.12/site-packages/airflow/example_dags/example_python_operator.py
[2026-05-15T16:12:21.940+0000] {processor.py:914} INFO - Processing file /usr/local/python/3.12.1/lib/python3.12/site-packages/airflow/example_dags/example_python_operator.py for tasks to queue
[2026-05-15T16:12:21.942+0000] {logging_mixin.py:190} INFO - [2026-05-15T16:12:21.941+0000] {dagbag.py:588} INFO - Filling up the DagBag from /usr/local/python/3.12.1/lib/python3.12/site-packages/airflow/example_dags/example_python_operator.py
[2026-05-15T16:12:21.952+0000] {processor.py:925} INFO - DAG(s) 'example_python_operator' retrieved from /usr/local/python/3.12.1/lib/python3.12/site-packages/airflow/example_dags/example_python_operator.py
[2026-05-15T16:12:21.965+0000] {logging_mixin.py:190} INFO - [2026-05-15T16:12:21.965+0000] {dag.py:3239} INFO - Sync 1 DAGs
[2026-05-15T16:12:21.975+0000] {logging_mixin.py:190} INFO - [2026-05-15T16:12:21.975+0000] {dag.py:4180} INFO - Setting next_dagrun for example_python_operator to None, run_after=None
[2026-05-15T16:12:21.991+0000] {processor.py:208} INFO - Processing /usr/local/python/3.12.1/lib/python3.12/site-packages/airflow/example_dags/example_python_operator.py took 0.056 seconds
[2026-05-15T16:13:09.089+0000] {processor.py:186} INFO - Started process (PID=26656) to work on /usr/local/python/3.12.1/lib/python3.12/site-packages/airflow/example_dags/example_python_operator.py
[2026-05-15T16:13:09.090+0000] {processor.py:914} INFO - Processing file /usr/local/python/3.12.1/lib/python3.12/site-packages/airflow/example_dags/example_python_operator.py for tasks to queue
[2026-05-15T16:13:09.093+0000] {logging_mixin.py:190} INFO - [2026-05-15T16:13:09.092+0000] {dagbag.py:588} INFO - Filling up the DagBag from /usr/local/python/3.12.1/lib/python3.12/site-packages/airflow/example_dags/example_python_operator.py
[2026-05-15T16:13:09.104+0000] {processor.py:925} INFO - DAG(s) 'example_python_operator' retrieved from /usr/local/python/3.12.1/lib/python3.12/site-packages/airflow/example_dags/example_python_operator.py
[2026-05-15T16:13:09.119+0000] {logging_mixin.py:190} INFO - [2026-05-15T16:13:09.119+0000] {dag.py:3239} INFO - Sync 1 DAGs
[2026-05-15T16:13:09.130+0000] {logging_mixin.py:190} INFO - [2026-05-15T16:13:09.130+0000] {dag.py:4180} INFO - Setting next_dagrun for example_python_operator to None, run_after=None
[2026-05-15T16:13:09.147+0000] {processor.py:208} INFO - Processing /usr/local/python/3.12.1/lib/python3.12/site-packages/airflow/example_dags/example_python_operator.py took 0.062 seconds
[2026-05-15T16:13:55.569+0000] {processor.py:186} INFO - Started process (PID=27128) to work on /usr/local/python/3.12.1/lib/python3.12/site-packages/airflow/example_dags/example_python_operator.py
[2026-05-15T16:13:55.570+0000] {processor.py:914} INFO - Processing file /usr/local/python/3.12.1/lib/python3.12/site-packages/airflow/example_dags/example_python_operator.py for tasks to queue
[2026-05-15T16:13:55.571+0000] {logging_mixin.py:190} INFO - [2026-05-15T16:13:55.571+0000] {dagbag.py:588} INFO - Filling up the DagBag from /usr/local/python/3.12.1/lib/python3.12/site-packages/airflow/example_dags/example_python_operator.py
[2026-05-15T16:13:55.581+0000] {processor.py:925} INFO - DAG(s) 'example_python_operator' retrieved from /usr/local/python/3.12.1/lib/python3.12/site-packages/airflow/example_dags/example_python_operator.py
[2026-05-15T16:13:55.595+0000] {logging_mixin.py:190} INFO - [2026-05-15T16:13:55.595+0000] {dag.py:3239} INFO - Sync 1 DAGs
[2026-05-15T16:13:55.610+0000] {logging_mixin.py:190} INFO - [2026-05-15T16:13:55.610+0000] {dag.py:4180} INFO - Setting next_dagrun for example_python_operator to None, run_after=None
[2026-05-15T16:13:55.626+0000] {processor.py:208} INFO - Processing /usr/local/python/3.12.1/lib/python3.12/site-packages/airflow/example_dags/example_python_operator.py took 0.061 seconds
[2026-05-15T16:14:42.353+0000] {processor.py:186} INFO - Started process (PID=27520) to work on /usr/local/python/3.12.1/lib/python3.12/site-packages/airflow/example_dags/example_python_operator.py
[2026-05-15T16:14:42.354+0000] {processor.py:914} INFO - Processing file /usr/local/python/3.12.1/lib/python3.12/site-packages/airflow/example_dags/example_python_operator.py for tasks to queue
[2026-05-15T16:14:42.357+0000] {logging_mixin.py:190} INFO - [2026-05-15T16:14:42.356+0000] {dagbag.py:588} INFO - Filling up the DagBag from /usr/local/python/3.12.1/lib/python3.12/site-packages/airflow/example_dags/example_python_operator.py
[2026-05-15T16:14:42.372+0000] {processor.py:925} INFO - DAG(s) 'example_python_operator' retrieved from /usr/local/python/3.12.1/lib/python3.12/site-packages/airflow/example_dags/example_python_operator.py
[2026-05-15T16:14:42.394+0000] {logging_mixin.py:190} INFO - [2026-05-15T16:14:42.393+0000] {dag.py:3239} INFO - Sync 1 DAGs
[2026-05-15T16:14:42.409+0000] {logging_mixin.py:190} INFO - [2026-05-15T16:14:42.409+0000] {dag.py:4180} INFO - Setting next_dagrun for example_python_operator to None, run_after=None
[2026-05-15T16:14:42.429+0000] {processor.py:208} INFO - Processing /usr/local/python/3.12.1/lib/python3.12/site-packages/airflow/example_dags/example_python_operator.py took 0.083 seconds
[2026-05-15T16:15:31.965+0000] {processor.py:186} INFO - Started process (PID=27936) to work on /usr/local/python/3.12.1/lib/python3.12/site-packages/airflow/example_dags/example_python_operator.py
[2026-05-15T16:15:31.966+0000] {processor.py:914} INFO - Processing file /usr/local/python/3.12.1/lib/python3.12/site-packages/airflow/example_dags/example_python_operator.py for tasks to queue
[2026-05-15T16:15:31.967+0000] {logging_mixin.py:190} INFO - [2026-05-15T16:15:31.967+0000] {dagbag.py:588} INFO - Filling up the DagBag from /usr/local/python/3.12.1/lib/python3.12/site-packages/airflow/example_dags/example_python_operator.py
[2026-05-15T16:15:31.977+0000] {processor.py:925} INFO - DAG(s) 'example_python_operator' retrieved from /usr/local/python/3.12.1/lib/python3.12/site-packages/airflow/example_dags/example_python_operator.py
[2026-05-15T16:15:31.991+0000] {logging_mixin.py:190} INFO - [2026-05-15T16:15:31.991+0000] {dag.py:3239} INFO - Sync 1 DAGs
[2026-05-15T16:15:32.001+0000] {logging_mixin.py:190} INFO - [2026-05-15T16:15:32.001+0000] {dag.py:4180} INFO - Setting next_dagrun for example_python_operator to None, run_after=None
[2026-05-15T16:15:32.017+0000] {processor.py:208} INFO - Processing /usr/local/python/3.12.1/lib/python3.12/site-packages/airflow/example_dags/example_python_operator.py took 0.056 seconds
[2026-05-15T16:16:18.497+0000] {processor.py:186} INFO - Started process (PID=28355) to work on /usr/local/python/3.12.1/lib/python3.12/site-packages/airflow/example_dags/example_python_operator.py
[2026-05-15T16:16:18.497+0000] {processor.py:914} INFO - Processing file /usr/local/python/3.12.1/lib/python3.12/site-packages/airflow/example_dags/example_python_operator.py for tasks to queue
[2026-05-15T16:16:18.499+0000] {logging_mixin.py:190} INFO - [2026-05-15T16:16:18.499+0000] {dagbag.py:588} INFO - Filling up the DagBag from /usr/local/python/3.12.1/lib/python3.12/site-packages/airflow/example_dags/example_python_operator.py
[2026-05-15T16:16:18.509+0000] {processor.py:925} INFO - DAG(s) 'example_python_operator' retrieved from /usr/local/python/3.12.1/lib/python3.12/site-packages/airflow/example_dags/example_python_operator.py
[2026-05-15T16:16:18.523+0000] {logging_mixin.py:190} INFO - [2026-05-15T16:16:18.523+0000] {dag.py:3239} INFO - Sync 1 DAGs
[2026-05-15T16:16:18.533+0000] {logging_mixin.py:190} INFO - [2026-05-15T16:16:18.533+0000] {dag.py:4180} INFO - Setting next_dagrun for example_python_operator to None, run_after=None
[2026-05-15T16:16:18.550+0000] {processor.py:208} INFO - Processing /usr/local/python/3.12.1/lib/python3.12/site-packages/airflow/example_dags/example_python_operator.py took 0.057 seconds
[2026-05-15T16:17:04.555+0000] {processor.py:186} INFO - Started process (PID=28778) to work on /usr/local/python/3.12.1/lib/python3.12/site-packages/airflow/example_dags/example_python_operator.py
[2026-05-15T16:17:04.556+0000] {processor.py:914} INFO - Processing file /usr/local/python/3.12.1/lib/python3.12/site-packages/airflow/example_dags/example_python_operator.py for tasks to queue
[2026-05-15T16:17:04.557+0000] {logging_mixin.py:190} INFO - [2026-05-15T16:17:04.557+0000] {dagbag.py:588} INFO - Filling up the DagBag from /usr/local/python/3.12.1/lib/python3.12/site-packages/airflow/example_dags/example_python_operator.py
[2026-05-15T16:17:04.567+0000] {processor.py:925} INFO - DAG(s) 'example_python_operator' retrieved from /usr/local/python/3.12.1/lib/python3.12/site-packages/airflow/example_dags/example_python_operator.py
[2026-05-15T16:17:04.581+0000] {logging_mixin.py:190} INFO - [2026-05-15T16:17:04.581+0000] {dag.py:3239} INFO - Sync 1 DAGs
[2026-05-15T16:17:04.591+0000] {logging_mixin.py:190} INFO - [2026-05-15T16:17:04.591+0000] {dag.py:4180} INFO - Setting next_dagrun for example_python_operator to None, run_after=None
[2026-05-15T16:17:04.608+0000] {processor.py:208} INFO - Processing /usr/local/python/3.12.1/lib/python3.12/site-packages/airflow/example_dags/example_python_operator.py took 0.057 seconds
[2026-05-15T16:17:53.922+0000] {processor.py:186} INFO - Started process (PID=29235) to work on /usr/local/python/3.12.1/lib/python3.12/site-packages/airflow/example_dags/example_python_operator.py
[2026-05-15T16:17:53.922+0000] {processor.py:914} INFO - Processing file /usr/local/python/3.12.1/lib/python3.12/site-packages/airflow/example_dags/example_python_operator.py for tasks to queue
[2026-05-15T16:17:53.924+0000] {logging_mixin.py:190} INFO - [2026-05-15T16:17:53.924+0000] {dagbag.py:588} INFO - Filling up the DagBag from /usr/local/python/3.12.1/lib/python3.12/site-packages/airflow/example_dags/example_python_operator.py
[2026-05-15T16:17:53.934+0000] {processor.py:925} INFO - DAG(s) 'example_python_operator' retrieved from /usr/local/python/3.12.1/lib/python3.12/site-packages/airflow/example_dags/example_python_operator.py
[2026-05-15T16:17:53.948+0000] {logging_mixin.py:190} INFO - [2026-05-15T16:17:53.948+0000] {dag.py:3239} INFO - Sync 1 DAGs
[2026-05-15T16:17:53.958+0000] {logging_mixin.py:190} INFO - [2026-05-15T16:17:53.958+0000] {dag.py:4180} INFO - Setting next_dagrun for example_python_operator to None, run_after=None
[2026-05-15T16:17:53.974+0000] {processor.py:208} INFO - Processing /usr/local/python/3.12.1/lib/python3.12/site-packages/airflow/example_dags/example_python_operator.py took 0.056 seconds
[2026-05-15T16:18:46.399+0000] {processor.py:186} INFO - Started process (PID=29734) to work on /usr/local/python/3.12.1/lib/python3.12/site-packages/airflow/example_dags/example_python_operator.py
[2026-05-15T16:18:46.400+0000] {processor.py:914} INFO - Processing file /usr/local/python/3.12.1/lib/python3.12/site-packages/airflow/example_dags/example_python_operator.py for tasks to queue
[2026-05-15T16:18:46.401+0000] {logging_mixin.py:190} INFO - [2026-05-15T16:18:46.401+0000] {dagbag.py:588} INFO - Filling up the DagBag from /usr/local/python/3.12.1/lib/python3.12/site-packages/airflow/example_dags/example_python_operator.py
[2026-05-15T16:18:46.411+0000] {processor.py:925} INFO - DAG(s) 'example_python_operator' retrieved from /usr/local/python/3.12.1/lib/python3.12/site-packages/airflow/example_dags/example_python_operator.py
[2026-05-15T16:18:46.425+0000] {logging_mixin.py:190} INFO - [2026-05-15T16:18:46.425+0000] {dag.py:3239} INFO - Sync 1 DAGs
[2026-05-15T16:18:46.435+0000] {logging_mixin.py:190} INFO - [2026-05-15T16:18:46.435+0000] {dag.py:4180} INFO - Setting next_dagrun for example_python_operator to None, run_after=None
[2026-05-15T16:18:46.451+0000] {processor.py:208} INFO - Processing /usr/local/python/3.12.1/lib/python3.12/site-packages/airflow/example_dags/example_python_operator.py took 0.057 seconds
[2026-05-15T16:19:36.650+0000] {processor.py:186} INFO - Started process (PID=30220) to work on /usr/local/python/3.12.1/lib/python3.12/site-packages/airflow/example_dags/example_python_operator.py
[2026-05-15T16:19:36.651+0000] {processor.py:914} INFO - Processing file /usr/local/python/3.12.1/lib/python3.12/site-packages/airflow/example_dags/example_python_operator.py for tasks to queue
[2026-05-15T16:19:36.653+0000] {logging_mixin.py:190} INFO - [2026-05-15T16:19:36.652+0000] {dagbag.py:588} INFO - Filling up the DagBag from /usr/local/python/3.12.1/lib/python3.12/site-packages/airflow/example_dags/example_python_operator.py
[2026-05-15T16:19:36.662+0000] {processor.py:925} INFO - DAG(s) 'example_python_operator' retrieved from /usr/local/python/3.12.1/lib/python3.12/site-packages/airflow/example_dags/example_python_operator.py
[2026-05-15T16:19:36.676+0000] {logging_mixin.py:190} INFO - [2026-05-15T16:19:36.676+0000] {dag.py:3239} INFO - Sync 1 DAGs
[2026-05-15T16:19:36.686+0000] {logging_mixin.py:190} INFO - [2026-05-15T16:19:36.686+0000] {dag.py:4180} INFO - Setting next_dagrun for example_python_operator to None, run_after=None
[2026-05-15T16:19:36.702+0000] {processor.py:208} INFO - Processing /usr/local/python/3.12.1/lib/python3.12/site-packages/airflow/example_dags/example_python_operator.py took 0.055 seconds
[2026-05-15T16:20:24.652+0000] {processor.py:186} INFO - Started process (PID=30678) to work on /usr/local/python/3.12.1/lib/python3.12/site-packages/airflow/example_dags/example_python_operator.py
[2026-05-15T16:20:24.652+0000] {processor.py:914} INFO - Processing file /usr/local/python/3.12.1/lib/python3.12/site-packages/airflow/example_dags/example_python_operator.py for tasks to queue
[2026-05-15T16:20:24.654+0000] {logging_mixin.py:190} INFO - [2026-05-15T16:20:24.654+0000] {dagbag.py:588} INFO - Filling up the DagBag from /usr/local/python/3.12.1/lib/python3.12/site-packages/airflow/example_dags/example_python_operator.py
[2026-05-15T16:20:24.664+0000] {processor.py:925} INFO - DAG(s) 'example_python_operator' retrieved from /usr/local/python/3.12.1/lib/python3.12/site-packages/airflow/example_dags/example_python_operator.py
[2026-05-15T16:20:24.677+0000] {logging_mixin.py:190} INFO - [2026-05-15T16:20:24.677+0000] {dag.py:3239} INFO - Sync 1 DAGs
[2026-05-15T16:20:24.687+0000] {logging_mixin.py:190} INFO - [2026-05-15T16:20:24.687+0000] {dag.py:4180} INFO - Setting next_dagrun for example_python_operator to None, run_after=None
[2026-05-15T16:20:24.704+0000] {processor.py:208} INFO - Processing /usr/local/python/3.12.1/lib/python3.12/site-packages/airflow/example_dags/example_python_operator.py took 0.056 seconds
[2026-05-15T16:21:15.513+0000] {processor.py:186} INFO - Started process (PID=31173) to work on /usr/local/python/3.12.1/lib/python3.12/site-packages/airflow/example_dags/example_python_operator.py
[2026-05-15T16:21:15.513+0000] {processor.py:914} INFO - Processing file /usr/local/python/3.12.1/lib/python3.12/site-packages/airflow/example_dags/example_python_operator.py for tasks to queue
[2026-05-15T16:21:15.515+0000] {logging_mixin.py:190} INFO - [2026-05-15T16:21:15.515+0000] {dagbag.py:588} INFO - Filling up the DagBag from /usr/local/python/3.12.1/lib/python3.12/site-packages/airflow/example_dags/example_python_operator.py
[2026-05-15T16:21:15.526+0000] {processor.py:925} INFO - DAG(s) 'example_python_operator' retrieved from /usr/local/python/3.12.1/lib/python3.12/site-packages/airflow/example_dags/example_python_operator.py
[2026-05-15T16:21:15.541+0000] {logging_mixin.py:190} INFO - [2026-05-15T16:21:15.541+0000] {dag.py:3239} INFO - Sync 1 DAGs
[2026-05-15T16:21:15.551+0000] {logging_mixin.py:190} INFO - [2026-05-15T16:21:15.551+0000] {dag.py:4180} INFO - Setting next_dagrun for example_python_operator to None, run_after=None
[2026-05-15T16:21:15.570+0000] {processor.py:208} INFO - Processing /usr/local/python/3.12.1/lib/python3.12/site-packages/airflow/example_dags/example_python_operator.py took 0.062 seconds
[2026-05-15T16:22:03.280+0000] {processor.py:186} INFO - Started process (PID=31641) to work on /usr/local/python/3.12.1/lib/python3.12/site-packages/airflow/example_dags/example_python_operator.py
[2026-05-15T16:22:03.281+0000] {processor.py:914} INFO - Processing file /usr/local/python/3.12.1/lib/python3.12/site-packages/airflow/example_dags/example_python_operator.py for tasks to queue
[2026-05-15T16:22:03.283+0000] {logging_mixin.py:190} INFO - [2026-05-15T16:22:03.282+0000] {dagbag.py:588} INFO - Filling up the DagBag from /usr/local/python/3.12.1/lib/python3.12/site-packages/airflow/example_dags/example_python_operator.py
[2026-05-15T16:22:03.293+0000] {processor.py:925} INFO - DAG(s) 'example_python_operator' retrieved from /usr/local/python/3.12.1/lib/python3.12/site-packages/airflow/example_dags/example_python_operator.py
[2026-05-15T16:22:03.307+0000] {logging_mixin.py:190} INFO - [2026-05-15T16:22:03.307+0000] {dag.py:3239} INFO - Sync 1 DAGs
[2026-05-15T16:22:03.317+0000] {logging_mixin.py:190} INFO - [2026-05-15T16:22:03.317+0000] {dag.py:4180} INFO - Setting next_dagrun for example_python_operator to None, run_after=None
[2026-05-15T16:22:03.336+0000] {processor.py:208} INFO - Processing /usr/local/python/3.12.1/lib/python3.12/site-packages/airflow/example_dags/example_python_operator.py took 0.060 seconds
[2026-05-15T16:22:52.005+0000] {processor.py:186} INFO - Started process (PID=32130) to work on /usr/local/python/3.12.1/lib/python3.12/site-packages/airflow/example_dags/example_python_operator.py
[2026-05-15T16:22:52.006+0000] {processor.py:914} INFO - Processing file /usr/local/python/3.12.1/lib/python3.12/site-packages/airflow/example_dags/example_python_operator.py for tasks to queue
[2026-05-15T16:22:52.008+0000] {logging_mixin.py:190} INFO - [2026-05-15T16:22:52.008+0000] {dagbag.py:588} INFO - Filling up the DagBag from /usr/local/python/3.12.1/lib/python3.12/site-packages/airflow/example_dags/example_python_operator.py
[2026-05-15T16:22:52.028+0000] {processor.py:925} INFO - DAG(s) 'example_python_operator' retrieved from /usr/local/python/3.12.1/lib/python3.12/site-packages/airflow/example_dags/example_python_operator.py
[2026-05-15T16:22:52.078+0000] {logging_mixin.py:190} INFO - [2026-05-15T16:22:52.077+0000] {dag.py:3239} INFO - Sync 1 DAGs
[2026-05-15T16:22:52.116+0000] {logging_mixin.py:190} INFO - [2026-05-15T16:22:52.115+0000] {dag.py:4180} INFO - Setting next_dagrun for example_python_operator to None, run_after=None
[2026-05-15T16:22:52.142+0000] {processor.py:208} INFO - Processing /usr/local/python/3.12.1/lib/python3.12/site-packages/airflow/example_dags/example_python_operator.py took 0.145 seconds
[2026-05-15T16:23:42.091+0000] {processor.py:186} INFO - Started process (PID=32571) to work on /usr/local/python/3.12.1/lib/python3.12/site-packages/airflow/example_dags/example_python_operator.py
[2026-05-15T16:23:42.092+0000] {processor.py:914} INFO - Processing file /usr/local/python/3.12.1/lib/python3.12/site-packages/airflow/example_dags/example_python_operator.py for tasks to queue
[2026-05-15T16:23:42.094+0000] {logging_mixin.py:190} INFO - [2026-05-15T16:23:42.093+0000] {dagbag.py:588} INFO - Filling up the DagBag from /usr/local/python/3.12.1/lib/python3.12/site-packages/airflow/example_dags/example_python_operator.py
[2026-05-15T16:23:42.104+0000] {processor.py:925} INFO - DAG(s) 'example_python_operator' retrieved from /usr/local/python/3.12.1/lib/python3.12/site-packages/airflow/example_dags/example_python_operator.py
[2026-05-15T16:23:42.118+0000] {logging_mixin.py:190} INFO - [2026-05-15T16:23:42.118+0000] {dag.py:3239} INFO - Sync 1 DAGs
[2026-05-15T16:23:42.128+0000] {logging_mixin.py:190} INFO - [2026-05-15T16:23:42.128+0000] {dag.py:4180} INFO - Setting next_dagrun for example_python_operator to None, run_after=None
[2026-05-15T16:23:42.144+0000] {processor.py:208} INFO - Processing /usr/local/python/3.12.1/lib/python3.12/site-packages/airflow/example_dags/example_python_operator.py took 0.057 seconds
[2026-05-15T16:24:28.823+0000] {processor.py:186} INFO - Started process (PID=33050) to work on /usr/local/python/3.12.1/lib/python3.12/site-packages/airflow/example_dags/example_python_operator.py
[2026-05-15T16:24:28.824+0000] {processor.py:914} INFO - Processing file /usr/local/python/3.12.1/lib/python3.12/site-packages/airflow/example_dags/example_python_operator.py for tasks to queue
[2026-05-15T16:24:28.827+0000] {logging_mixin.py:190} INFO - [2026-05-15T16:24:28.826+0000] {dagbag.py:588} INFO - Filling up the DagBag from /usr/local/python/3.12.1/lib/python3.12/site-packages/airflow/example_dags/example_python_operator.py
[2026-05-15T16:24:28.843+0000] {processor.py:925} INFO - DAG(s) 'example_python_operator' retrieved from /usr/local/python/3.12.1/lib/python3.12/site-packages/airflow/example_dags/example_python_operator.py
[2026-05-15T16:24:28.867+0000] {logging_mixin.py:190} INFO - [2026-05-15T16:24:28.866+0000] {dag.py:3239} INFO - Sync 1 DAGs
[2026-05-15T16:24:28.883+0000] {logging_mixin.py:190} INFO - [2026-05-15T16:24:28.883+0000] {dag.py:4180} INFO - Setting next_dagrun for example_python_operator to None, run_after=None
[2026-05-15T16:24:28.907+0000] {processor.py:208} INFO - Processing /usr/local/python/3.12.1/lib/python3.12/site-packages/airflow/example_dags/example_python_operator.py took 0.090 seconds
[2026-05-15T16:25:15.178+0000] {processor.py:186} INFO - Started process (PID=33732) to work on /usr/local/python/3.12.1/lib/python3.12/site-packages/airflow/example_dags/example_python_operator.py
[2026-05-15T16:25:15.181+0000] {processor.py:914} INFO - Processing file /usr/local/python/3.12.1/lib/python3.12/site-packages/airflow/example_dags/example_python_operator.py for tasks to queue
[2026-05-15T16:25:15.185+0000] {logging_mixin.py:190} INFO - [2026-05-15T16:25:15.184+0000] {dagbag.py:588} INFO - Filling up the DagBag from /usr/local/python/3.12.1/lib/python3.12/site-packages/airflow/example_dags/example_python_operator.py
[2026-05-15T16:25:15.201+0000] {processor.py:925} INFO - DAG(s) 'example_python_operator' retrieved from /usr/local/python/3.12.1/lib/python3.12/site-packages/airflow/example_dags/example_python_operator.py
[2026-05-15T16:25:15.225+0000] {logging_mixin.py:190} INFO - [2026-05-15T16:25:15.225+0000] {dag.py:3239} INFO - Sync 1 DAGs
[2026-05-15T16:25:15.244+0000] {logging_mixin.py:190} INFO - [2026-05-15T16:25:15.244+0000] {dag.py:4180} INFO - Setting next_dagrun for example_python_operator to None, run_after=None
[2026-05-15T16:25:15.262+0000] {processor.py:208} INFO - Processing /usr/local/python/3.12.1/lib/python3.12/site-packages/airflow/example_dags/example_python_operator.py took 0.098 seconds
[2026-05-15T16:26:03.166+0000] {processor.py:186} INFO - Started process (PID=34317) to work on /usr/local/python/3.12.1/lib/python3.12/site-packages/airflow/example_dags/example_python_operator.py
[2026-05-15T16:26:03.167+0000] {processor.py:914} INFO - Processing file /usr/local/python/3.12.1/lib/python3.12/site-packages/airflow/example_dags/example_python_operator.py for tasks to queue
[2026-05-15T16:26:03.169+0000] {logging_mixin.py:190} INFO - [2026-05-15T16:26:03.169+0000] {dagbag.py:588} INFO - Filling up the DagBag from /usr/local/python/3.12.1/lib/python3.12/site-packages/airflow/example_dags/example_python_operator.py
[2026-05-15T16:26:03.181+0000] {processor.py:925} INFO - DAG(s) 'example_python_operator' retrieved from /usr/local/python/3.12.1/lib/python3.12/site-packages/airflow/example_dags/example_python_operator.py
[2026-05-15T16:26:03.196+0000] {logging_mixin.py:190} INFO - [2026-05-15T16:26:03.195+0000] {dag.py:3239} INFO - Sync 1 DAGs
[2026-05-15T16:26:03.205+0000] {logging_mixin.py:190} INFO - [2026-05-15T16:26:03.205+0000] {dag.py:4180} INFO - Setting next_dagrun for example_python_operator to None, run_after=None
[2026-05-15T16:26:03.224+0000] {processor.py:208} INFO - Processing /usr/local/python/3.12.1/lib/python3.12/site-packages/airflow/example_dags/example_python_operator.py took 0.062 seconds
[2026-05-15T16:26:57.838+0000] {processor.py:186} INFO - Started process (PID=35096) to work on /usr/local/python/3.12.1/lib/python3.12/site-packages/airflow/example_dags/example_python_operator.py
[2026-05-15T16:26:57.839+0000] {processor.py:914} INFO - Processing file /usr/local/python/3.12.1/lib/python3.12/site-packages/airflow/example_dags/example_python_operator.py for tasks to queue
[2026-05-15T16:26:57.841+0000] {logging_mixin.py:190} INFO - [2026-05-15T16:26:57.840+0000] {dagbag.py:588} INFO - Filling up the DagBag from /usr/local/python/3.12.1/lib/python3.12/site-packages/airflow/example_dags/example_python_operator.py
[2026-05-15T16:26:57.851+0000] {processor.py:925} INFO - DAG(s) 'example_python_operator' retrieved from /usr/local/python/3.12.1/lib/python3.12/site-packages/airflow/example_dags/example_python_operator.py
[2026-05-15T16:26:57.865+0000] {logging_mixin.py:190} INFO - [2026-05-15T16:26:57.865+0000] {dag.py:3239} INFO - Sync 1 DAGs
[2026-05-15T16:26:57.877+0000] {logging_mixin.py:190} INFO - [2026-05-15T16:26:57.877+0000] {dag.py:4180} INFO - Setting next_dagrun for example_python_operator to None, run_after=None
[2026-05-15T16:26:57.901+0000] {processor.py:208} INFO - Processing /usr/local/python/3.12.1/lib/python3.12/site-packages/airflow/example_dags/example_python_operator.py took 0.067 seconds
[2026-05-15T16:27:50.494+0000] {processor.py:186} INFO - Started process (PID=35667) to work on /usr/local/python/3.12.1/lib/python3.12/site-packages/airflow/example_dags/example_python_operator.py
[2026-05-15T16:27:50.495+0000] {processor.py:914} INFO - Processing file /usr/local/python/3.12.1/lib/python3.12/site-packages/airflow/example_dags/example_python_operator.py for tasks to queue
[2026-05-15T16:27:50.498+0000] {logging_mixin.py:190} INFO - [2026-05-15T16:27:50.497+0000] {dagbag.py:588} INFO - Filling up the DagBag from /usr/local/python/3.12.1/lib/python3.12/site-packages/airflow/example_dags/example_python_operator.py
[2026-05-15T16:27:50.514+0000] {processor.py:925} INFO - DAG(s) 'example_python_operator' retrieved from /usr/local/python/3.12.1/lib/python3.12/site-packages/airflow/example_dags/example_python_operator.py
[2026-05-15T16:27:50.528+0000] {logging_mixin.py:190} INFO - [2026-05-15T16:27:50.528+0000] {dag.py:3239} INFO - Sync 1 DAGs
[2026-05-15T16:27:50.538+0000] {logging_mixin.py:190} INFO - [2026-05-15T16:27:50.538+0000] {dag.py:4180} INFO - Setting next_dagrun for example_python_operator to None, run_after=None
[2026-05-15T16:27:50.555+0000] {processor.py:208} INFO - Processing /usr/local/python/3.12.1/lib/python3.12/site-packages/airflow/example_dags/example_python_operator.py took 0.069 seconds
[2026-05-15T16:28:42.627+0000] {processor.py:186} INFO - Started process (PID=36095) to work on /usr/local/python/3.12.1/lib/python3.12/site-packages/airflow/example_dags/example_python_operator.py
[2026-05-15T16:28:42.629+0000] {processor.py:914} INFO - Processing file /usr/local/python/3.12.1/lib/python3.12/site-packages/airflow/example_dags/example_python_operator.py for tasks to queue
[2026-05-15T16:28:42.630+0000] {logging_mixin.py:190} INFO - [2026-05-15T16:28:42.630+0000] {dagbag.py:588} INFO - Filling up the DagBag from /usr/local/python/3.12.1/lib/python3.12/site-packages/airflow/example_dags/example_python_operator.py
[2026-05-15T16:28:42.643+0000] {processor.py:925} INFO - DAG(s) 'example_python_operator' retrieved from /usr/local/python/3.12.1/lib/python3.12/site-packages/airflow/example_dags/example_python_operator.py
[2026-05-15T16:28:42.725+0000] {logging_mixin.py:190} INFO - [2026-05-15T16:28:42.725+0000] {dag.py:3239} INFO - Sync 1 DAGs
[2026-05-15T16:28:42.751+0000] {logging_mixin.py:190} INFO - [2026-05-15T16:28:42.751+0000] {dag.py:4180} INFO - Setting next_dagrun for example_python_operator to None, run_after=None
[2026-05-15T16:28:42.769+0000] {processor.py:208} INFO - Processing /usr/local/python/3.12.1/lib/python3.12/site-packages/airflow/example_dags/example_python_operator.py took 0.148 seconds
[2026-05-15T16:29:34.173+0000] {processor.py:186} INFO - Started process (PID=36583) to work on /usr/local/python/3.12.1/lib/python3.12/site-packages/airflow/example_dags/example_python_operator.py
[2026-05-15T16:29:34.174+0000] {processor.py:914} INFO - Processing file /usr/local/python/3.12.1/lib/python3.12/site-packages/airflow/example_dags/example_python_operator.py for tasks to queue
[2026-05-15T16:29:34.176+0000] {logging_mixin.py:190} INFO - [2026-05-15T16:29:34.176+0000] {dagbag.py:588} INFO - Filling up the DagBag from /usr/local/python/3.12.1/lib/python3.12/site-packages/airflow/example_dags/example_python_operator.py
[2026-05-15T16:29:34.191+0000] {processor.py:925} INFO - DAG(s) 'example_python_operator' retrieved from /usr/local/python/3.12.1/lib/python3.12/site-packages/airflow/example_dags/example_python_operator.py
[2026-05-15T16:29:34.209+0000] {logging_mixin.py:190} INFO - [2026-05-15T16:29:34.209+0000] {dag.py:3239} INFO - Sync 1 DAGs
[2026-05-15T16:29:34.220+0000] {logging_mixin.py:190} INFO - [2026-05-15T16:29:34.220+0000] {dag.py:4180} INFO - Setting next_dagrun for example_python_operator to None, run_after=None
[2026-05-15T16:29:34.236+0000] {processor.py:208} INFO - Processing /usr/local/python/3.12.1/lib/python3.12/site-packages/airflow/example_dags/example_python_operator.py took 0.068 seconds
[2026-05-15T16:30:27.801+0000] {processor.py:186} INFO - Started process (PID=37076) to work on /usr/local/python/3.12.1/lib/python3.12/site-packages/airflow/example_dags/example_python_operator.py
[2026-05-15T16:30:27.802+0000] {processor.py:914} INFO - Processing file /usr/local/python/3.12.1/lib/python3.12/site-packages/airflow/example_dags/example_python_operator.py for tasks to queue
[2026-05-15T16:30:27.804+0000] {logging_mixin.py:190} INFO - [2026-05-15T16:30:27.803+0000] {dagbag.py:588} INFO - Filling up the DagBag from /usr/local/python/3.12.1/lib/python3.12/site-packages/airflow/example_dags/example_python_operator.py
[2026-05-15T16:30:27.814+0000] {processor.py:925} INFO - DAG(s) 'example_python_operator' retrieved from /usr/local/python/3.12.1/lib/python3.12/site-packages/airflow/example_dags/example_python_operator.py
[2026-05-15T16:30:27.828+0000] {logging_mixin.py:190} INFO - [2026-05-15T16:30:27.828+0000] {dag.py:3239} INFO - Sync 1 DAGs
[2026-05-15T16:30:27.838+0000] {logging_mixin.py:190} INFO - [2026-05-15T16:30:27.838+0000] {dag.py:4180} INFO - Setting next_dagrun for example_python_operator to None, run_after=None
[2026-05-15T16:30:27.854+0000] {processor.py:208} INFO - Processing /usr/local/python/3.12.1/lib/python3.12/site-packages/airflow/example_dags/example_python_operator.py took 0.057 seconds
[2026-05-15T16:31:18.355+0000] {processor.py:186} INFO - Started process (PID=37524) to work on /usr/local/python/3.12.1/lib/python3.12/site-packages/airflow/example_dags/example_python_operator.py
[2026-05-15T16:31:18.356+0000] {processor.py:914} INFO - Processing file /usr/local/python/3.12.1/lib/python3.12/site-packages/airflow/example_dags/example_python_operator.py for tasks to queue
[2026-05-15T16:31:18.357+0000] {logging_mixin.py:190} INFO - [2026-05-15T16:31:18.357+0000] {dagbag.py:588} INFO - Filling up the DagBag from /usr/local/python/3.12.1/lib/python3.12/site-packages/airflow/example_dags/example_python_operator.py
[2026-05-15T16:31:18.367+0000] {processor.py:925} INFO - DAG(s) 'example_python_operator' retrieved from /usr/local/python/3.12.1/lib/python3.12/site-packages/airflow/example_dags/example_python_operator.py
[2026-05-15T16:31:18.385+0000] {logging_mixin.py:190} INFO - [2026-05-15T16:31:18.385+0000] {dag.py:3239} INFO - Sync 1 DAGs
[2026-05-15T16:31:18.397+0000] {logging_mixin.py:190} INFO - [2026-05-15T16:31:18.397+0000] {dag.py:4180} INFO - Setting next_dagrun for example_python_operator to None, run_after=None
[2026-05-15T16:31:18.413+0000] {processor.py:208} INFO - Processing /usr/local/python/3.12.1/lib/python3.12/site-packages/airflow/example_dags/example_python_operator.py took 0.062 seconds
[2026-05-15T16:32:09.172+0000] {processor.py:186} INFO - Started process (PID=37975) to work on /usr/local/python/3.12.1/lib/python3.12/site-packages/airflow/example_dags/example_python_operator.py
[2026-05-15T16:32:09.175+0000] {processor.py:914} INFO - Processing file /usr/local/python/3.12.1/lib/python3.12/site-packages/airflow/example_dags/example_python_operator.py for tasks to queue
[2026-05-15T16:32:09.178+0000] {logging_mixin.py:190} INFO - [2026-05-15T16:32:09.178+0000] {dagbag.py:588} INFO - Filling up the DagBag from /usr/local/python/3.12.1/lib/python3.12/site-packages/airflow/example_dags/example_python_operator.py
[2026-05-15T16:32:09.215+0000] {processor.py:925} INFO - DAG(s) 'example_python_operator' retrieved from /usr/local/python/3.12.1/lib/python3.12/site-packages/airflow/example_dags/example_python_operator.py
[2026-05-15T16:32:09.235+0000] {logging_mixin.py:190} INFO - [2026-05-15T16:32:09.235+0000] {dag.py:3239} INFO - Sync 1 DAGs
[2026-05-15T16:32:09.259+0000] {logging_mixin.py:190} INFO - [2026-05-15T16:32:09.259+0000] {dag.py:4180} INFO - Setting next_dagrun for example_python_operator to None, run_after=None
[2026-05-15T16:32:09.277+0000] {processor.py:208} INFO - Processing /usr/local/python/3.12.1/lib/python3.12/site-packages/airflow/example_dags/example_python_operator.py took 0.114 seconds
[2026-05-15T16:32:58.301+0000] {processor.py:186} INFO - Started process (PID=38405) to work on /usr/local/python/3.12.1/lib/python3.12/site-packages/airflow/example_dags/example_python_operator.py
[2026-05-15T16:32:58.302+0000] {processor.py:914} INFO - Processing file /usr/local/python/3.12.1/lib/python3.12/site-packages/airflow/example_dags/example_python_operator.py for tasks to queue
[2026-05-15T16:32:58.304+0000] {logging_mixin.py:190} INFO - [2026-05-15T16:32:58.303+0000] {dagbag.py:588} INFO - Filling up the DagBag from /usr/local/python/3.12.1/lib/python3.12/site-packages/airflow/example_dags/example_python_operator.py
[2026-05-15T16:32:58.314+0000] {processor.py:925} INFO - DAG(s) 'example_python_operator' retrieved from /usr/local/python/3.12.1/lib/python3.12/site-packages/airflow/example_dags/example_python_operator.py
[2026-05-15T16:32:58.328+0000] {logging_mixin.py:190} INFO - [2026-05-15T16:32:58.327+0000] {dag.py:3239} INFO - Sync 1 DAGs
[2026-05-15T16:32:58.337+0000] {logging_mixin.py:190} INFO - [2026-05-15T16:32:58.337+0000] {dag.py:4180} INFO - Setting next_dagrun for example_python_operator to None, run_after=None
[2026-05-15T16:32:58.354+0000] {processor.py:208} INFO - Processing /usr/local/python/3.12.1/lib/python3.12/site-packages/airflow/example_dags/example_python_operator.py took 0.056 seconds
[2026-05-15T16:33:47.942+0000] {processor.py:186} INFO - Started process (PID=38877) to work on /usr/local/python/3.12.1/lib/python3.12/site-packages/airflow/example_dags/example_python_operator.py
[2026-05-15T16:33:47.943+0000] {processor.py:914} INFO - Processing file /usr/local/python/3.12.1/lib/python3.12/site-packages/airflow/example_dags/example_python_operator.py for tasks to queue
[2026-05-15T16:33:47.944+0000] {logging_mixin.py:190} INFO - [2026-05-15T16:33:47.944+0000] {dagbag.py:588} INFO - Filling up the DagBag from /usr/local/python/3.12.1/lib/python3.12/site-packages/airflow/example_dags/example_python_operator.py
[2026-05-15T16:33:47.954+0000] {processor.py:925} INFO - DAG(s) 'example_python_operator' retrieved from /usr/local/python/3.12.1/lib/python3.12/site-packages/airflow/example_dags/example_python_operator.py
[2026-05-15T16:33:47.969+0000] {logging_mixin.py:190} INFO - [2026-05-15T16:33:47.969+0000] {dag.py:3239} INFO - Sync 1 DAGs
[2026-05-15T16:33:47.981+0000] {logging_mixin.py:190} INFO - [2026-05-15T16:33:47.981+0000] {dag.py:4180} INFO - Setting next_dagrun for example_python_operator to None, run_after=None
[2026-05-15T16:33:47.998+0000] {processor.py:208} INFO - Processing /usr/local/python/3.12.1/lib/python3.12/site-packages/airflow/example_dags/example_python_operator.py took 0.060 seconds
[2026-05-15T16:34:34.615+0000] {processor.py:186} INFO - Started process (PID=39321) to work on /usr/local/python/3.12.1/lib/python3.12/site-packages/airflow/example_dags/example_python_operator.py
[2026-05-15T16:34:34.616+0000] {processor.py:914} INFO - Processing file /usr/local/python/3.12.1/lib/python3.12/site-packages/airflow/example_dags/example_python_operator.py for tasks to queue
[2026-05-15T16:34:34.618+0000] {logging_mixin.py:190} INFO - [2026-05-15T16:34:34.618+0000] {dagbag.py:588} INFO - Filling up the DagBag from /usr/local/python/3.12.1/lib/python3.12/site-packages/airflow/example_dags/example_python_operator.py
[2026-05-15T16:34:34.630+0000] {processor.py:925} INFO - DAG(s) 'example_python_operator' retrieved from /usr/local/python/3.12.1/lib/python3.12/site-packages/airflow/example_dags/example_python_operator.py
[2026-05-15T16:34:34.644+0000] {logging_mixin.py:190} INFO - [2026-05-15T16:34:34.644+0000] {dag.py:3239} INFO - Sync 1 DAGs
[2026-05-15T16:34:34.654+0000] {logging_mixin.py:190} INFO - [2026-05-15T16:34:34.654+0000] {dag.py:4180} INFO - Setting next_dagrun for example_python_operator to None, run_after=None
[2026-05-15T16:34:34.670+0000] {processor.py:208} INFO - Processing /usr/local/python/3.12.1/lib/python3.12/site-packages/airflow/example_dags/example_python_operator.py took 0.061 seconds
[2026-05-15T16:35:27.109+0000] {processor.py:186} INFO - Started process (PID=39816) to work on /usr/local/python/3.12.1/lib/python3.12/site-packages/airflow/example_dags/example_python_operator.py
[2026-05-15T16:35:27.109+0000] {processor.py:914} INFO - Processing file /usr/local/python/3.12.1/lib/python3.12/site-packages/airflow/example_dags/example_python_operator.py for tasks to queue
[2026-05-15T16:35:27.111+0000] {logging_mixin.py:190} INFO - [2026-05-15T16:35:27.111+0000] {dagbag.py:588} INFO - Filling up the DagBag from /usr/local/python/3.12.1/lib/python3.12/site-packages/airflow/example_dags/example_python_operator.py
[2026-05-15T16:35:27.121+0000] {processor.py:925} INFO - DAG(s) 'example_python_operator' retrieved from /usr/local/python/3.12.1/lib/python3.12/site-packages/airflow/example_dags/example_python_operator.py
[2026-05-15T16:35:27.135+0000] {logging_mixin.py:190} INFO - [2026-05-15T16:35:27.135+0000] {dag.py:3239} INFO - Sync 1 DAGs
[2026-05-15T16:35:27.144+0000] {logging_mixin.py:190} INFO - [2026-05-15T16:35:27.144+0000] {dag.py:4180} INFO - Setting next_dagrun for example_python_operator to None, run_after=None
[2026-05-15T16:35:27.161+0000] {processor.py:208} INFO - Processing /usr/local/python/3.12.1/lib/python3.12/site-packages/airflow/example_dags/example_python_operator.py took 0.057 seconds
[2026-05-15T16:36:23.365+0000] {processor.py:186} INFO - Started process (PID=40337) to work on /usr/local/python/3.12.1/lib/python3.12/site-packages/airflow/example_dags/example_python_operator.py
[2026-05-15T16:36:23.366+0000] {processor.py:914} INFO - Processing file /usr/local/python/3.12.1/lib/python3.12/site-packages/airflow/example_dags/example_python_operator.py for tasks to queue
[2026-05-15T16:36:23.368+0000] {logging_mixin.py:190} INFO - [2026-05-15T16:36:23.368+0000] {dagbag.py:588} INFO - Filling up the DagBag from /usr/local/python/3.12.1/lib/python3.12/site-packages/airflow/example_dags/example_python_operator.py
[2026-05-15T16:36:23.393+0000] {processor.py:925} INFO - DAG(s) 'example_python_operator' retrieved from /usr/local/python/3.12.1/lib/python3.12/site-packages/airflow/example_dags/example_python_operator.py
[2026-05-15T16:36:23.418+0000] {logging_mixin.py:190} INFO - [2026-05-15T16:36:23.418+0000] {dag.py:3239} INFO - Sync 1 DAGs
[2026-05-15T16:36:23.434+0000] {logging_mixin.py:190} INFO - [2026-05-15T16:36:23.434+0000] {dag.py:4180} INFO - Setting next_dagrun for example_python_operator to None, run_after=None
[2026-05-15T16:36:23.450+0000] {processor.py:208} INFO - Processing /usr/local/python/3.12.1/lib/python3.12/site-packages/airflow/example_dags/example_python_operator.py took 0.091 seconds
[2026-05-15T16:37:12.773+0000] {processor.py:186} INFO - Started process (PID=40824) to work on /usr/local/python/3.12.1/lib/python3.12/site-packages/airflow/example_dags/example_python_operator.py
[2026-05-15T16:37:12.774+0000] {processor.py:914} INFO - Processing file /usr/local/python/3.12.1/lib/python3.12/site-packages/airflow/example_dags/example_python_operator.py for tasks to queue
[2026-05-15T16:37:12.776+0000] {logging_mixin.py:190} INFO - [2026-05-15T16:37:12.776+0000] {dagbag.py:588} INFO - Filling up the DagBag from /usr/local/python/3.12.1/lib/python3.12/site-packages/airflow/example_dags/example_python_operator.py
[2026-05-15T16:37:12.794+0000] {processor.py:925} INFO - DAG(s) 'example_python_operator' retrieved from /usr/local/python/3.12.1/lib/python3.12/site-packages/airflow/example_dags/example_python_operator.py
[2026-05-15T16:37:12.821+0000] {logging_mixin.py:190} INFO - [2026-05-15T16:37:12.820+0000] {dag.py:3239} INFO - Sync 1 DAGs
[2026-05-15T16:37:12.839+0000] {logging_mixin.py:190} INFO - [2026-05-15T16:37:12.839+0000] {dag.py:4180} INFO - Setting next_dagrun for example_python_operator to None, run_after=None
[2026-05-15T16:37:12.869+0000] {processor.py:208} INFO - Processing /usr/local/python/3.12.1/lib/python3.12/site-packages/airflow/example_dags/example_python_operator.py took 0.104 seconds
[2026-05-15T16:38:06.680+0000] {processor.py:186} INFO - Started process (PID=41348) to work on /usr/local/python/3.12.1/lib/python3.12/site-packages/airflow/example_dags/example_python_operator.py
[2026-05-15T16:38:06.680+0000] {processor.py:914} INFO - Processing file /usr/local/python/3.12.1/lib/python3.12/site-packages/airflow/example_dags/example_python_operator.py for tasks to queue
[2026-05-15T16:38:06.682+0000] {logging_mixin.py:190} INFO - [2026-05-15T16:38:06.682+0000] {dagbag.py:588} INFO - Filling up the DagBag from /usr/local/python/3.12.1/lib/python3.12/site-packages/airflow/example_dags/example_python_operator.py
[2026-05-15T16:38:06.695+0000] {processor.py:925} INFO - DAG(s) 'example_python_operator' retrieved from /usr/local/python/3.12.1/lib/python3.12/site-packages/airflow/example_dags/example_python_operator.py
[2026-05-15T16:38:06.709+0000] {logging_mixin.py:190} INFO - [2026-05-15T16:38:06.709+0000] {dag.py:3239} INFO - Sync 1 DAGs
[2026-05-15T16:38:06.719+0000] {logging_mixin.py:190} INFO - [2026-05-15T16:38:06.719+0000] {dag.py:4180} INFO - Setting next_dagrun for example_python_operator to None, run_after=None
[2026-05-15T16:38:06.735+0000] {processor.py:208} INFO - Processing /usr/local/python/3.12.1/lib/python3.12/site-packages/airflow/example_dags/example_python_operator.py took 0.061 seconds
[2026-05-15T16:39:02.135+0000] {processor.py:186} INFO - Started process (PID=41934) to work on /usr/local/python/3.12.1/lib/python3.12/site-packages/airflow/example_dags/example_python_operator.py
[2026-05-15T16:39:02.135+0000] {processor.py:914} INFO - Processing file /usr/local/python/3.12.1/lib/python3.12/site-packages/airflow/example_dags/example_python_operator.py for tasks to queue
[2026-05-15T16:39:02.137+0000] {logging_mixin.py:190} INFO - [2026-05-15T16:39:02.137+0000] {dagbag.py:588} INFO - Filling up the DagBag from /usr/local/python/3.12.1/lib/python3.12/site-packages/airflow/example_dags/example_python_operator.py
[2026-05-15T16:39:02.149+0000] {processor.py:925} INFO - DAG(s) 'example_python_operator' retrieved from /usr/local/python/3.12.1/lib/python3.12/site-packages/airflow/example_dags/example_python_operator.py
[2026-05-15T16:39:02.163+0000] {logging_mixin.py:190} INFO - [2026-05-15T16:39:02.163+0000] {dag.py:3239} INFO - Sync 1 DAGs
[2026-05-15T16:39:02.173+0000] {logging_mixin.py:190} INFO - [2026-05-15T16:39:02.173+0000] {dag.py:4180} INFO - Setting next_dagrun for example_python_operator to None, run_after=None
[2026-05-15T16:39:02.194+0000] {processor.py:208} INFO - Processing /usr/local/python/3.12.1/lib/python3.12/site-packages/airflow/example_dags/example_python_operator.py took 0.064 seconds
[2026-05-15T16:39:58.390+0000] {processor.py:186} INFO - Started process (PID=42476) to work on /usr/local/python/3.12.1/lib/python3.12/site-packages/airflow/example_dags/example_python_operator.py
[2026-05-15T16:39:58.391+0000] {processor.py:914} INFO - Processing file /usr/local/python/3.12.1/lib/python3.12/site-packages/airflow/example_dags/example_python_operator.py for tasks to queue
[2026-05-15T16:39:58.393+0000] {logging_mixin.py:190} INFO - [2026-05-15T16:39:58.393+0000] {dagbag.py:588} INFO - Filling up the DagBag from /usr/local/python/3.12.1/lib/python3.12/site-packages/airflow/example_dags/example_python_operator.py
[2026-05-15T16:39:58.404+0000] {processor.py:925} INFO - DAG(s) 'example_python_operator' retrieved from /usr/local/python/3.12.1/lib/python3.12/site-packages/airflow/example_dags/example_python_operator.py
[2026-05-15T16:39:58.421+0000] {logging_mixin.py:190} INFO - [2026-05-15T16:39:58.421+0000] {dag.py:3239} INFO - Sync 1 DAGs
[2026-05-15T16:39:58.435+0000] {logging_mixin.py:190} INFO - [2026-05-15T16:39:58.435+0000] {dag.py:4180} INFO - Setting next_dagrun for example_python_operator to None, run_after=None
[2026-05-15T16:39:58.453+0000] {processor.py:208} INFO - Processing /usr/local/python/3.12.1/lib/python3.12/site-packages/airflow/example_dags/example_python_operator.py took 0.068 seconds
[2026-05-15T16:41:00.001+0000] {processor.py:186} INFO - Started process (PID=43052) to work on /usr/local/python/3.12.1/lib/python3.12/site-packages/airflow/example_dags/example_python_operator.py
[2026-05-15T16:41:00.002+0000] {processor.py:914} INFO - Processing file /usr/local/python/3.12.1/lib/python3.12/site-packages/airflow/example_dags/example_python_operator.py for tasks to queue
[2026-05-15T16:41:00.003+0000] {logging_mixin.py:190} INFO - [2026-05-15T16:41:00.003+0000] {dagbag.py:588} INFO - Filling up the DagBag from /usr/local/python/3.12.1/lib/python3.12/site-packages/airflow/example_dags/example_python_operator.py
[2026-05-15T16:41:00.013+0000] {processor.py:925} INFO - DAG(s) 'example_python_operator' retrieved from /usr/local/python/3.12.1/lib/python3.12/site-packages/airflow/example_dags/example_python_operator.py
[2026-05-15T16:41:00.027+0000] {logging_mixin.py:190} INFO - [2026-05-15T16:41:00.027+0000] {dag.py:3239} INFO - Sync 1 DAGs
[2026-05-15T16:41:00.037+0000] {logging_mixin.py:190} INFO - [2026-05-15T16:41:00.037+0000] {dag.py:4180} INFO - Setting next_dagrun for example_python_operator to None, run_after=None
[2026-05-15T16:41:00.054+0000] {processor.py:208} INFO - Processing /usr/local/python/3.12.1/lib/python3.12/site-packages/airflow/example_dags/example_python_operator.py took 0.057 seconds
[2026-05-15T16:41:59.928+0000] {processor.py:186} INFO - Started process (PID=43610) to work on /usr/local/python/3.12.1/lib/python3.12/site-packages/airflow/example_dags/example_python_operator.py
[2026-05-15T16:41:59.929+0000] {processor.py:914} INFO - Processing file /usr/local/python/3.12.1/lib/python3.12/site-packages/airflow/example_dags/example_python_operator.py for tasks to queue
[2026-05-15T16:41:59.930+0000] {logging_mixin.py:190} INFO - [2026-05-15T16:41:59.930+0000] {dagbag.py:588} INFO - Filling up the DagBag from /usr/local/python/3.12.1/lib/python3.12/site-packages/airflow/example_dags/example_python_operator.py
[2026-05-15T16:41:59.943+0000] {processor.py:925} INFO - DAG(s) 'example_python_operator' retrieved from /usr/local/python/3.12.1/lib/python3.12/site-packages/airflow/example_dags/example_python_operator.py
[2026-05-15T16:41:59.972+0000] {logging_mixin.py:190} INFO - [2026-05-15T16:41:59.972+0000] {dag.py:3239} INFO - Sync 1 DAGs
[2026-05-15T16:42:00.204+0000] {logging_mixin.py:190} INFO - [2026-05-15T16:42:00.203+0000] {dag.py:4180} INFO - Setting next_dagrun for example_python_operator to None, run_after=None
[2026-05-15T16:42:00.219+0000] {processor.py:208} INFO - Processing /usr/local/python/3.12.1/lib/python3.12/site-packages/airflow/example_dags/example_python_operator.py took 0.300 seconds
[2026-05-15T16:42:59.604+0000] {processor.py:186} INFO - Started process (PID=44159) to work on /usr/local/python/3.12.1/lib/python3.12/site-packages/airflow/example_dags/example_python_operator.py
[2026-05-15T16:42:59.605+0000] {processor.py:914} INFO - Processing file /usr/local/python/3.12.1/lib/python3.12/site-packages/airflow/example_dags/example_python_operator.py for tasks to queue
[2026-05-15T16:42:59.607+0000] {logging_mixin.py:190} INFO - [2026-05-15T16:42:59.607+0000] {dagbag.py:588} INFO - Filling up the DagBag from /usr/local/python/3.12.1/lib/python3.12/site-packages/airflow/example_dags/example_python_operator.py
[2026-05-15T16:42:59.619+0000] {processor.py:925} INFO - DAG(s) 'example_python_operator' retrieved from /usr/local/python/3.12.1/lib/python3.12/site-packages/airflow/example_dags/example_python_operator.py
[2026-05-15T16:42:59.635+0000] {logging_mixin.py:190} INFO - [2026-05-15T16:42:59.635+0000] {dag.py:3239} INFO - Sync 1 DAGs
[2026-05-15T16:42:59.645+0000] {logging_mixin.py:190} INFO - [2026-05-15T16:42:59.645+0000] {dag.py:4180} INFO - Setting next_dagrun for example_python_operator to None, run_after=None
[2026-05-15T16:42:59.661+0000] {processor.py:208} INFO - Processing /usr/local/python/3.12.1/lib/python3.12/site-packages/airflow/example_dags/example_python_operator.py took 0.062 seconds
[2026-05-15T16:43:52.431+0000] {processor.py:186} INFO - Started process (PID=44745) to work on /usr/local/python/3.12.1/lib/python3.12/site-packages/airflow/example_dags/example_python_operator.py
[2026-05-15T16:43:52.432+0000] {processor.py:914} INFO - Processing file /usr/local/python/3.12.1/lib/python3.12/site-packages/airflow/example_dags/example_python_operator.py for tasks to queue
[2026-05-15T16:43:52.434+0000] {logging_mixin.py:190} INFO - [2026-05-15T16:43:52.433+0000] {dagbag.py:588} INFO - Filling up the DagBag from /usr/local/python/3.12.1/lib/python3.12/site-packages/airflow/example_dags/example_python_operator.py
[2026-05-15T16:43:52.444+0000] {processor.py:925} INFO - DAG(s) 'example_python_operator' retrieved from /usr/local/python/3.12.1/lib/python3.12/site-packages/airflow/example_dags/example_python_operator.py
[2026-05-15T16:43:52.458+0000] {logging_mixin.py:190} INFO - [2026-05-15T16:43:52.458+0000] {dag.py:3239} INFO - Sync 1 DAGs
[2026-05-15T16:43:52.469+0000] {logging_mixin.py:190} INFO - [2026-05-15T16:43:52.469+0000] {dag.py:4180} INFO - Setting next_dagrun for example_python_operator to None, run_after=None
[2026-05-15T16:43:52.489+0000] {processor.py:208} INFO - Processing /usr/local/python/3.12.1/lib/python3.12/site-packages/airflow/example_dags/example_python_operator.py took 0.067 seconds
[2026-05-15T16:44:41.529+0000] {processor.py:186} INFO - Started process (PID=45146) to work on /usr/local/python/3.12.1/lib/python3.12/site-packages/airflow/example_dags/example_python_operator.py
[2026-05-15T16:44:41.530+0000] {processor.py:914} INFO - Processing file /usr/local/python/3.12.1/lib/python3.12/site-packages/airflow/example_dags/example_python_operator.py for tasks to queue
[2026-05-15T16:44:41.531+0000] {logging_mixin.py:190} INFO - [2026-05-15T16:44:41.531+0000] {dagbag.py:588} INFO - Filling up the DagBag from /usr/local/python/3.12.1/lib/python3.12/site-packages/airflow/example_dags/example_python_operator.py
[2026-05-15T16:44:41.541+0000] {processor.py:925} INFO - DAG(s) 'example_python_operator' retrieved from /usr/local/python/3.12.1/lib/python3.12/site-packages/airflow/example_dags/example_python_operator.py
[2026-05-15T16:44:41.556+0000] {logging_mixin.py:190} INFO - [2026-05-15T16:44:41.556+0000] {dag.py:3239} INFO - Sync 1 DAGs
[2026-05-15T16:44:41.566+0000] {logging_mixin.py:190} INFO - [2026-05-15T16:44:41.566+0000] {dag.py:4180} INFO - Setting next_dagrun for example_python_operator to None, run_after=None
[2026-05-15T16:44:41.584+0000] {processor.py:208} INFO - Processing /usr/local/python/3.12.1/lib/python3.12/site-packages/airflow/example_dags/example_python_operator.py took 0.059 seconds
[2026-05-15T16:45:33.724+0000] {processor.py:186} INFO - Started process (PID=45638) to work on /usr/local/python/3.12.1/lib/python3.12/site-packages/airflow/example_dags/example_python_operator.py
[2026-05-15T16:45:33.725+0000] {processor.py:914} INFO - Processing file /usr/local/python/3.12.1/lib/python3.12/site-packages/airflow/example_dags/example_python_operator.py for tasks to queue
[2026-05-15T16:45:33.727+0000] {logging_mixin.py:190} INFO - [2026-05-15T16:45:33.726+0000] {dagbag.py:588} INFO - Filling up the DagBag from /usr/local/python/3.12.1/lib/python3.12/site-packages/airflow/example_dags/example_python_operator.py
[2026-05-15T16:45:33.737+0000] {processor.py:925} INFO - DAG(s) 'example_python_operator' retrieved from /usr/local/python/3.12.1/lib/python3.12/site-packages/airflow/example_dags/example_python_operator.py
[2026-05-15T16:45:33.751+0000] {logging_mixin.py:190} INFO - [2026-05-15T16:45:33.751+0000] {dag.py:3239} INFO - Sync 1 DAGs
[2026-05-15T16:45:33.761+0000] {logging_mixin.py:190} INFO - [2026-05-15T16:45:33.761+0000] {dag.py:4180} INFO - Setting next_dagrun for example_python_operator to None, run_after=None
[2026-05-15T16:45:33.780+0000] {processor.py:208} INFO - Processing /usr/local/python/3.12.1/lib/python3.12/site-packages/airflow/example_dags/example_python_operator.py took 0.060 seconds
[2026-05-15T16:46:24.099+0000] {processor.py:186} INFO - Started process (PID=46131) to work on /usr/local/python/3.12.1/lib/python3.12/site-packages/airflow/example_dags/example_python_operator.py
[2026-05-15T16:46:24.099+0000] {processor.py:914} INFO - Processing file /usr/local/python/3.12.1/lib/python3.12/site-packages/airflow/example_dags/example_python_operator.py for tasks to queue
[2026-05-15T16:46:24.101+0000] {logging_mixin.py:190} INFO - [2026-05-15T16:46:24.101+0000] {dagbag.py:588} INFO - Filling up the DagBag from /usr/local/python/3.12.1/lib/python3.12/site-packages/airflow/example_dags/example_python_operator.py
[2026-05-15T16:46:24.111+0000] {processor.py:925} INFO - DAG(s) 'example_python_operator' retrieved from /usr/local/python/3.12.1/lib/python3.12/site-packages/airflow/example_dags/example_python_operator.py
[2026-05-15T16:46:24.125+0000] {logging_mixin.py:190} INFO - [2026-05-15T16:46:24.125+0000] {dag.py:3239} INFO - Sync 1 DAGs
[2026-05-15T16:46:24.134+0000] {logging_mixin.py:190} INFO - [2026-05-15T16:46:24.134+0000] {dag.py:4180} INFO - Setting next_dagrun for example_python_operator to None, run_after=None
[2026-05-15T16:46:24.151+0000] {processor.py:208} INFO - Processing /usr/local/python/3.12.1/lib/python3.12/site-packages/airflow/example_dags/example_python_operator.py took 0.057 seconds
[2026-05-15T16:47:13.280+0000] {processor.py:186} INFO - Started process (PID=46617) to work on /usr/local/python/3.12.1/lib/python3.12/site-packages/airflow/example_dags/example_python_operator.py
[2026-05-15T16:47:13.280+0000] {processor.py:914} INFO - Processing file /usr/local/python/3.12.1/lib/python3.12/site-packages/airflow/example_dags/example_python_operator.py for tasks to queue
[2026-05-15T16:47:13.283+0000] {logging_mixin.py:190} INFO - [2026-05-15T16:47:13.282+0000] {dagbag.py:588} INFO - Filling up the DagBag from /usr/local/python/3.12.1/lib/python3.12/site-packages/airflow/example_dags/example_python_operator.py
[2026-05-15T16:47:13.296+0000] {processor.py:925} INFO - DAG(s) 'example_python_operator' retrieved from /usr/local/python/3.12.1/lib/python3.12/site-packages/airflow/example_dags/example_python_operator.py
[2026-05-15T16:47:13.311+0000] {logging_mixin.py:190} INFO - [2026-05-15T16:47:13.311+0000] {dag.py:3239} INFO - Sync 1 DAGs
[2026-05-15T16:47:13.321+0000] {logging_mixin.py:190} INFO - [2026-05-15T16:47:13.321+0000] {dag.py:4180} INFO - Setting next_dagrun for example_python_operator to None, run_after=None
[2026-05-15T16:47:13.339+0000] {processor.py:208} INFO - Processing /usr/local/python/3.12.1/lib/python3.12/site-packages/airflow/example_dags/example_python_operator.py took 0.066 seconds
[2026-05-15T16:48:02.943+0000] {processor.py:186} INFO - Started process (PID=47096) to work on /usr/local/python/3.12.1/lib/python3.12/site-packages/airflow/example_dags/example_python_operator.py
[2026-05-15T16:48:02.943+0000] {processor.py:914} INFO - Processing file /usr/local/python/3.12.1/lib/python3.12/site-packages/airflow/example_dags/example_python_operator.py for tasks to queue
[2026-05-15T16:48:02.945+0000] {logging_mixin.py:190} INFO - [2026-05-15T16:48:02.945+0000] {dagbag.py:588} INFO - Filling up the DagBag from /usr/local/python/3.12.1/lib/python3.12/site-packages/airflow/example_dags/example_python_operator.py
[2026-05-15T16:48:02.957+0000] {processor.py:925} INFO - DAG(s) 'example_python_operator' retrieved from /usr/local/python/3.12.1/lib/python3.12/site-packages/airflow/example_dags/example_python_operator.py
[2026-05-15T16:48:02.970+0000] {logging_mixin.py:190} INFO - [2026-05-15T16:48:02.970+0000] {dag.py:3239} INFO - Sync 1 DAGs
[2026-05-15T16:48:02.983+0000] {logging_mixin.py:190} INFO - [2026-05-15T16:48:02.983+0000] {dag.py:4180} INFO - Setting next_dagrun for example_python_operator to None, run_after=None
[2026-05-15T16:48:03.001+0000] {processor.py:208} INFO - Processing /usr/local/python/3.12.1/lib/python3.12/site-packages/airflow/example_dags/example_python_operator.py took 0.063 seconds
[2026-05-15T16:48:55.763+0000] {processor.py:186} INFO - Started process (PID=47665) to work on /usr/local/python/3.12.1/lib/python3.12/site-packages/airflow/example_dags/example_python_operator.py
[2026-05-15T16:48:55.765+0000] {processor.py:914} INFO - Processing file /usr/local/python/3.12.1/lib/python3.12/site-packages/airflow/example_dags/example_python_operator.py for tasks to queue
[2026-05-15T16:48:55.769+0000] {logging_mixin.py:190} INFO - [2026-05-15T16:48:55.768+0000] {dagbag.py:588} INFO - Filling up the DagBag from /usr/local/python/3.12.1/lib/python3.12/site-packages/airflow/example_dags/example_python_operator.py
[2026-05-15T16:48:55.792+0000] {processor.py:925} INFO - DAG(s) 'example_python_operator' retrieved from /usr/local/python/3.12.1/lib/python3.12/site-packages/airflow/example_dags/example_python_operator.py
[2026-05-15T16:48:55.823+0000] {logging_mixin.py:190} INFO - [2026-05-15T16:48:55.823+0000] {dag.py:3239} INFO - Sync 1 DAGs
[2026-05-15T16:48:55.877+0000] {logging_mixin.py:190} INFO - [2026-05-15T16:48:55.877+0000] {dag.py:4180} INFO - Setting next_dagrun for example_python_operator to None, run_after=None
[2026-05-15T16:48:55.915+0000] {processor.py:208} INFO - Processing /usr/local/python/3.12.1/lib/python3.12/site-packages/airflow/example_dags/example_python_operator.py took 0.162 seconds
[2026-05-15T16:49:46.107+0000] {processor.py:186} INFO - Started process (PID=48151) to work on /usr/local/python/3.12.1/lib/python3.12/site-packages/airflow/example_dags/example_python_operator.py
[2026-05-15T16:49:46.108+0000] {processor.py:914} INFO - Processing file /usr/local/python/3.12.1/lib/python3.12/site-packages/airflow/example_dags/example_python_operator.py for tasks to queue
[2026-05-15T16:49:46.111+0000] {logging_mixin.py:190} INFO - [2026-05-15T16:49:46.110+0000] {dagbag.py:588} INFO - Filling up the DagBag from /usr/local/python/3.12.1/lib/python3.12/site-packages/airflow/example_dags/example_python_operator.py
[2026-05-15T16:49:46.122+0000] {processor.py:925} INFO - DAG(s) 'example_python_operator' retrieved from /usr/local/python/3.12.1/lib/python3.12/site-packages/airflow/example_dags/example_python_operator.py
[2026-05-15T16:49:46.136+0000] {logging_mixin.py:190} INFO - [2026-05-15T16:49:46.136+0000] {dag.py:3239} INFO - Sync 1 DAGs
[2026-05-15T16:49:46.146+0000] {logging_mixin.py:190} INFO - [2026-05-15T16:49:46.146+0000] {dag.py:4180} INFO - Setting next_dagrun for example_python_operator to None, run_after=None
[2026-05-15T16:49:46.164+0000] {processor.py:208} INFO - Processing /usr/local/python/3.12.1/lib/python3.12/site-packages/airflow/example_dags/example_python_operator.py took 0.064 seconds
[2026-05-15T16:50:39.779+0000] {processor.py:186} INFO - Started process (PID=48600) to work on /usr/local/python/3.12.1/lib/python3.12/site-packages/airflow/example_dags/example_python_operator.py
[2026-05-15T16:50:39.780+0000] {processor.py:914} INFO - Processing file /usr/local/python/3.12.1/lib/python3.12/site-packages/airflow/example_dags/example_python_operator.py for tasks to queue
[2026-05-15T16:50:39.782+0000] {logging_mixin.py:190} INFO - [2026-05-15T16:50:39.782+0000] {dagbag.py:588} INFO - Filling up the DagBag from /usr/local/python/3.12.1/lib/python3.12/site-packages/airflow/example_dags/example_python_operator.py
[2026-05-15T16:50:39.794+0000] {processor.py:925} INFO - DAG(s) 'example_python_operator' retrieved from /usr/local/python/3.12.1/lib/python3.12/site-packages/airflow/example_dags/example_python_operator.py
[2026-05-15T16:50:39.808+0000] {logging_mixin.py:190} INFO - [2026-05-15T16:50:39.808+0000] {dag.py:3239} INFO - Sync 1 DAGs
[2026-05-15T16:50:39.818+0000] {logging_mixin.py:190} INFO - [2026-05-15T16:50:39.818+0000] {dag.py:4180} INFO - Setting next_dagrun for example_python_operator to None, run_after=None
[2026-05-15T16:50:39.834+0000] {processor.py:208} INFO - Processing /usr/local/python/3.12.1/lib/python3.12/site-packages/airflow/example_dags/example_python_operator.py took 0.060 seconds
[2026-05-15T16:51:32.766+0000] {processor.py:186} INFO - Started process (PID=49130) to work on /usr/local/python/3.12.1/lib/python3.12/site-packages/airflow/example_dags/example_python_operator.py
[2026-05-15T16:51:32.767+0000] {processor.py:914} INFO - Processing file /usr/local/python/3.12.1/lib/python3.12/site-packages/airflow/example_dags/example_python_operator.py for tasks to queue
[2026-05-15T16:51:32.769+0000] {logging_mixin.py:190} INFO - [2026-05-15T16:51:32.768+0000] {dagbag.py:588} INFO - Filling up the DagBag from /usr/local/python/3.12.1/lib/python3.12/site-packages/airflow/example_dags/example_python_operator.py
[2026-05-15T16:51:32.782+0000] {processor.py:925} INFO - DAG(s) 'example_python_operator' retrieved from /usr/local/python/3.12.1/lib/python3.12/site-packages/airflow/example_dags/example_python_operator.py
[2026-05-15T16:51:32.799+0000] {logging_mixin.py:190} INFO - [2026-05-15T16:51:32.798+0000] {dag.py:3239} INFO - Sync 1 DAGs
[2026-05-15T16:51:32.808+0000] {logging_mixin.py:190} INFO - [2026-05-15T16:51:32.808+0000] {dag.py:4180} INFO - Setting next_dagrun for example_python_operator to None, run_after=None
[2026-05-15T16:51:32.825+0000] {processor.py:208} INFO - Processing /usr/local/python/3.12.1/lib/python3.12/site-packages/airflow/example_dags/example_python_operator.py took 0.064 seconds
[2026-05-15T16:52:22.594+0000] {processor.py:186} INFO - Started process (PID=49609) to work on /usr/local/python/3.12.1/lib/python3.12/site-packages/airflow/example_dags/example_python_operator.py
[2026-05-15T16:52:22.594+0000] {processor.py:914} INFO - Processing file /usr/local/python/3.12.1/lib/python3.12/site-packages/airflow/example_dags/example_python_operator.py for tasks to queue
[2026-05-15T16:52:22.596+0000] {logging_mixin.py:190} INFO - [2026-05-15T16:52:22.595+0000] {dagbag.py:588} INFO - Filling up the DagBag from /usr/local/python/3.12.1/lib/python3.12/site-packages/airflow/example_dags/example_python_operator.py
[2026-05-15T16:52:22.607+0000] {processor.py:925} INFO - DAG(s) 'example_python_operator' retrieved from /usr/local/python/3.12.1/lib/python3.12/site-packages/airflow/example_dags/example_python_operator.py
[2026-05-15T16:52:22.621+0000] {logging_mixin.py:190} INFO - [2026-05-15T16:52:22.621+0000] {dag.py:3239} INFO - Sync 1 DAGs
[2026-05-15T16:52:22.631+0000] {logging_mixin.py:190} INFO - [2026-05-15T16:52:22.631+0000] {dag.py:4180} INFO - Setting next_dagrun for example_python_operator to None, run_after=None
[2026-05-15T16:52:22.648+0000] {processor.py:208} INFO - Processing /usr/local/python/3.12.1/lib/python3.12/site-packages/airflow/example_dags/example_python_operator.py took 0.060 seconds
[2026-05-15T16:53:12.278+0000] {processor.py:186} INFO - Started process (PID=50038) to work on /usr/local/python/3.12.1/lib/python3.12/site-packages/airflow/example_dags/example_python_operator.py
[2026-05-15T16:53:12.279+0000] {processor.py:914} INFO - Processing file /usr/local/python/3.12.1/lib/python3.12/site-packages/airflow/example_dags/example_python_operator.py for tasks to queue
[2026-05-15T16:53:12.281+0000] {logging_mixin.py:190} INFO - [2026-05-15T16:53:12.281+0000] {dagbag.py:588} INFO - Filling up the DagBag from /usr/local/python/3.12.1/lib/python3.12/site-packages/airflow/example_dags/example_python_operator.py
[2026-05-15T16:53:12.294+0000] {processor.py:925} INFO - DAG(s) 'example_python_operator' retrieved from /usr/local/python/3.12.1/lib/python3.12/site-packages/airflow/example_dags/example_python_operator.py
[2026-05-15T16:53:12.308+0000] {logging_mixin.py:190} INFO - [2026-05-15T16:53:12.308+0000] {dag.py:3239} INFO - Sync 1 DAGs
[2026-05-15T16:53:12.318+0000] {logging_mixin.py:190} INFO - [2026-05-15T16:53:12.318+0000] {dag.py:4180} INFO - Setting next_dagrun for example_python_operator to None, run_after=None
[2026-05-15T16:53:12.334+0000] {processor.py:208} INFO - Processing /usr/local/python/3.12.1/lib/python3.12/site-packages/airflow/example_dags/example_python_operator.py took 0.061 seconds
[2026-05-15T16:53:59.936+0000] {processor.py:186} INFO - Started process (PID=50540) to work on /usr/local/python/3.12.1/lib/python3.12/site-packages/airflow/example_dags/example_python_operator.py
[2026-05-15T16:53:59.936+0000] {processor.py:914} INFO - Processing file /usr/local/python/3.12.1/lib/python3.12/site-packages/airflow/example_dags/example_python_operator.py for tasks to queue
[2026-05-15T16:53:59.938+0000] {logging_mixin.py:190} INFO - [2026-05-15T16:53:59.938+0000] {dagbag.py:588} INFO - Filling up the DagBag from /usr/local/python/3.12.1/lib/python3.12/site-packages/airflow/example_dags/example_python_operator.py
[2026-05-15T16:53:59.949+0000] {processor.py:925} INFO - DAG(s) 'example_python_operator' retrieved from /usr/local/python/3.12.1/lib/python3.12/site-packages/airflow/example_dags/example_python_operator.py
[2026-05-15T16:53:59.963+0000] {logging_mixin.py:190} INFO - [2026-05-15T16:53:59.963+0000] {dag.py:3239} INFO - Sync 1 DAGs
[2026-05-15T16:53:59.973+0000] {logging_mixin.py:190} INFO - [2026-05-15T16:53:59.972+0000] {dag.py:4180} INFO - Setting next_dagrun for example_python_operator to None, run_after=None
[2026-05-15T16:53:59.993+0000] {processor.py:208} INFO - Processing /usr/local/python/3.12.1/lib/python3.12/site-packages/airflow/example_dags/example_python_operator.py took 0.062 seconds
[2026-05-15T16:54:48.647+0000] {processor.py:186} INFO - Started process (PID=50973) to work on /usr/local/python/3.12.1/lib/python3.12/site-packages/airflow/example_dags/example_python_operator.py
[2026-05-15T16:54:48.648+0000] {processor.py:914} INFO - Processing file /usr/local/python/3.12.1/lib/python3.12/site-packages/airflow/example_dags/example_python_operator.py for tasks to queue
[2026-05-15T16:54:48.649+0000] {logging_mixin.py:190} INFO - [2026-05-15T16:54:48.649+0000] {dagbag.py:588} INFO - Filling up the DagBag from /usr/local/python/3.12.1/lib/python3.12/site-packages/airflow/example_dags/example_python_operator.py
[2026-05-15T16:54:48.660+0000] {processor.py:925} INFO - DAG(s) 'example_python_operator' retrieved from /usr/local/python/3.12.1/lib/python3.12/site-packages/airflow/example_dags/example_python_operator.py
[2026-05-15T16:54:48.675+0000] {logging_mixin.py:190} INFO - [2026-05-15T16:54:48.674+0000] {dag.py:3239} INFO - Sync 1 DAGs
[2026-05-15T16:54:48.686+0000] {logging_mixin.py:190} INFO - [2026-05-15T16:54:48.686+0000] {dag.py:4180} INFO - Setting next_dagrun for example_python_operator to None, run_after=None
[2026-05-15T16:54:48.705+0000] {processor.py:208} INFO - Processing /usr/local/python/3.12.1/lib/python3.12/site-packages/airflow/example_dags/example_python_operator.py took 0.062 seconds
[2026-05-15T16:55:40.311+0000] {processor.py:186} INFO - Started process (PID=51375) to work on /usr/local/python/3.12.1/lib/python3.12/site-packages/airflow/example_dags/example_python_operator.py
[2026-05-15T16:55:40.312+0000] {processor.py:914} INFO - Processing file /usr/local/python/3.12.1/lib/python3.12/site-packages/airflow/example_dags/example_python_operator.py for tasks to queue
[2026-05-15T16:55:40.313+0000] {logging_mixin.py:190} INFO - [2026-05-15T16:55:40.313+0000] {dagbag.py:588} INFO - Filling up the DagBag from /usr/local/python/3.12.1/lib/python3.12/site-packages/airflow/example_dags/example_python_operator.py
[2026-05-15T16:55:40.324+0000] {processor.py:925} INFO - DAG(s) 'example_python_operator' retrieved from /usr/local/python/3.12.1/lib/python3.12/site-packages/airflow/example_dags/example_python_operator.py
[2026-05-15T16:55:40.338+0000] {logging_mixin.py:190} INFO - [2026-05-15T16:55:40.338+0000] {dag.py:3239} INFO - Sync 1 DAGs
[2026-05-15T16:55:40.350+0000] {logging_mixin.py:190} INFO - [2026-05-15T16:55:40.350+0000] {dag.py:4180} INFO - Setting next_dagrun for example_python_operator to None, run_after=None
[2026-05-15T16:55:40.367+0000] {processor.py:208} INFO - Processing /usr/local/python/3.12.1/lib/python3.12/site-packages/airflow/example_dags/example_python_operator.py took 0.061 seconds
[2026-05-15T16:56:30.613+0000] {processor.py:186} INFO - Started process (PID=51827) to work on /usr/local/python/3.12.1/lib/python3.12/site-packages/airflow/example_dags/example_python_operator.py
[2026-05-15T16:56:30.614+0000] {processor.py:914} INFO - Processing file /usr/local/python/3.12.1/lib/python3.12/site-packages/airflow/example_dags/example_python_operator.py for tasks to queue
[2026-05-15T16:56:30.616+0000] {logging_mixin.py:190} INFO - [2026-05-15T16:56:30.615+0000] {dagbag.py:588} INFO - Filling up the DagBag from /usr/local/python/3.12.1/lib/python3.12/site-packages/airflow/example_dags/example_python_operator.py
[2026-05-15T16:56:30.626+0000] {processor.py:925} INFO - DAG(s) 'example_python_operator' retrieved from /usr/local/python/3.12.1/lib/python3.12/site-packages/airflow/example_dags/example_python_operator.py
[2026-05-15T16:56:30.640+0000] {logging_mixin.py:190} INFO - [2026-05-15T16:56:30.640+0000] {dag.py:3239} INFO - Sync 1 DAGs
[2026-05-15T16:56:30.649+0000] {logging_mixin.py:190} INFO - [2026-05-15T16:56:30.649+0000] {dag.py:4180} INFO - Setting next_dagrun for example_python_operator to None, run_after=None
[2026-05-15T16:56:30.667+0000] {processor.py:208} INFO - Processing /usr/local/python/3.12.1/lib/python3.12/site-packages/airflow/example_dags/example_python_operator.py took 0.057 seconds
[2026-05-15T16:57:20.927+0000] {processor.py:186} INFO - Started process (PID=52291) to work on /usr/local/python/3.12.1/lib/python3.12/site-packages/airflow/example_dags/example_python_operator.py
[2026-05-15T16:57:20.927+0000] {processor.py:914} INFO - Processing file /usr/local/python/3.12.1/lib/python3.12/site-packages/airflow/example_dags/example_python_operator.py for tasks to queue
[2026-05-15T16:57:20.929+0000] {logging_mixin.py:190} INFO - [2026-05-15T16:57:20.928+0000] {dagbag.py:588} INFO - Filling up the DagBag from /usr/local/python/3.12.1/lib/python3.12/site-packages/airflow/example_dags/example_python_operator.py
[2026-05-15T16:57:20.938+0000] {processor.py:925} INFO - DAG(s) 'example_python_operator' retrieved from /usr/local/python/3.12.1/lib/python3.12/site-packages/airflow/example_dags/example_python_operator.py
[2026-05-15T16:57:20.952+0000] {logging_mixin.py:190} INFO - [2026-05-15T16:57:20.952+0000] {dag.py:3239} INFO - Sync 1 DAGs
[2026-05-15T16:57:20.964+0000] {logging_mixin.py:190} INFO - [2026-05-15T16:57:20.963+0000] {dag.py:4180} INFO - Setting next_dagrun for example_python_operator to None, run_after=None
[2026-05-15T16:57:20.986+0000] {processor.py:208} INFO - Processing /usr/local/python/3.12.1/lib/python3.12/site-packages/airflow/example_dags/example_python_operator.py took 0.064 seconds
[2026-05-15T16:58:11.153+0000] {processor.py:186} INFO - Started process (PID=52741) to work on /usr/local/python/3.12.1/lib/python3.12/site-packages/airflow/example_dags/example_python_operator.py
[2026-05-15T16:58:11.153+0000] {processor.py:914} INFO - Processing file /usr/local/python/3.12.1/lib/python3.12/site-packages/airflow/example_dags/example_python_operator.py for tasks to queue
[2026-05-15T16:58:11.155+0000] {logging_mixin.py:190} INFO - [2026-05-15T16:58:11.155+0000] {dagbag.py:588} INFO - Filling up the DagBag from /usr/local/python/3.12.1/lib/python3.12/site-packages/airflow/example_dags/example_python_operator.py
[2026-05-15T16:58:11.165+0000] {processor.py:925} INFO - DAG(s) 'example_python_operator' retrieved from /usr/local/python/3.12.1/lib/python3.12/site-packages/airflow/example_dags/example_python_operator.py
[2026-05-15T16:58:11.182+0000] {logging_mixin.py:190} INFO - [2026-05-15T16:58:11.182+0000] {dag.py:3239} INFO - Sync 1 DAGs
[2026-05-15T16:58:11.194+0000] {logging_mixin.py:190} INFO - [2026-05-15T16:58:11.194+0000] {dag.py:4180} INFO - Setting next_dagrun for example_python_operator to None, run_after=None
[2026-05-15T16:58:11.222+0000] {processor.py:208} INFO - Processing /usr/local/python/3.12.1/lib/python3.12/site-packages/airflow/example_dags/example_python_operator.py took 0.074 seconds
[2026-05-15T16:59:02.635+0000] {processor.py:186} INFO - Started process (PID=53263) to work on /usr/local/python/3.12.1/lib/python3.12/site-packages/airflow/example_dags/example_python_operator.py
[2026-05-15T16:59:02.636+0000] {processor.py:914} INFO - Processing file /usr/local/python/3.12.1/lib/python3.12/site-packages/airflow/example_dags/example_python_operator.py for tasks to queue
[2026-05-15T16:59:02.637+0000] {logging_mixin.py:190} INFO - [2026-05-15T16:59:02.637+0000] {dagbag.py:588} INFO - Filling up the DagBag from /usr/local/python/3.12.1/lib/python3.12/site-packages/airflow/example_dags/example_python_operator.py
[2026-05-15T16:59:02.648+0000] {processor.py:925} INFO - DAG(s) 'example_python_operator' retrieved from /usr/local/python/3.12.1/lib/python3.12/site-packages/airflow/example_dags/example_python_operator.py
[2026-05-15T16:59:02.662+0000] {logging_mixin.py:190} INFO - [2026-05-15T16:59:02.662+0000] {dag.py:3239} INFO - Sync 1 DAGs
[2026-05-15T16:59:02.672+0000] {logging_mixin.py:190} INFO - [2026-05-15T16:59:02.672+0000] {dag.py:4180} INFO - Setting next_dagrun for example_python_operator to None, run_after=None
[2026-05-15T16:59:02.695+0000] {processor.py:208} INFO - Processing /usr/local/python/3.12.1/lib/python3.12/site-packages/airflow/example_dags/example_python_operator.py took 0.065 seconds
[2026-05-15T16:59:54.306+0000] {processor.py:186} INFO - Started process (PID=53724) to work on /usr/local/python/3.12.1/lib/python3.12/site-packages/airflow/example_dags/example_python_operator.py
[2026-05-15T16:59:54.306+0000] {processor.py:914} INFO - Processing file /usr/local/python/3.12.1/lib/python3.12/site-packages/airflow/example_dags/example_python_operator.py for tasks to queue
[2026-05-15T16:59:54.308+0000] {logging_mixin.py:190} INFO - [2026-05-15T16:59:54.308+0000] {dagbag.py:588} INFO - Filling up the DagBag from /usr/local/python/3.12.1/lib/python3.12/site-packages/airflow/example_dags/example_python_operator.py
[2026-05-15T16:59:54.318+0000] {processor.py:925} INFO - DAG(s) 'example_python_operator' retrieved from /usr/local/python/3.12.1/lib/python3.12/site-packages/airflow/example_dags/example_python_operator.py
[2026-05-15T16:59:54.332+0000] {logging_mixin.py:190} INFO - [2026-05-15T16:59:54.332+0000] {dag.py:3239} INFO - Sync 1 DAGs
[2026-05-15T16:59:54.342+0000] {logging_mixin.py:190} INFO - [2026-05-15T16:59:54.342+0000] {dag.py:4180} INFO - Setting next_dagrun for example_python_operator to None, run_after=None
[2026-05-15T16:59:54.359+0000] {processor.py:208} INFO - Processing /usr/local/python/3.12.1/lib/python3.12/site-packages/airflow/example_dags/example_python_operator.py took 0.058 seconds
[2026-05-15T17:00:45.544+0000] {processor.py:186} INFO - Started process (PID=54195) to work on /usr/local/python/3.12.1/lib/python3.12/site-packages/airflow/example_dags/example_python_operator.py
[2026-05-15T17:00:45.545+0000] {processor.py:914} INFO - Processing file /usr/local/python/3.12.1/lib/python3.12/site-packages/airflow/example_dags/example_python_operator.py for tasks to queue
[2026-05-15T17:00:45.547+0000] {logging_mixin.py:190} INFO - [2026-05-15T17:00:45.547+0000] {dagbag.py:588} INFO - Filling up the DagBag from /usr/local/python/3.12.1/lib/python3.12/site-packages/airflow/example_dags/example_python_operator.py
[2026-05-15T17:00:45.562+0000] {processor.py:925} INFO - DAG(s) 'example_python_operator' retrieved from /usr/local/python/3.12.1/lib/python3.12/site-packages/airflow/example_dags/example_python_operator.py
[2026-05-15T17:00:45.583+0000] {logging_mixin.py:190} INFO - [2026-05-15T17:00:45.582+0000] {dag.py:3239} INFO - Sync 1 DAGs
[2026-05-15T17:00:45.598+0000] {logging_mixin.py:190} INFO - [2026-05-15T17:00:45.598+0000] {dag.py:4180} INFO - Setting next_dagrun for example_python_operator to None, run_after=None
[2026-05-15T17:00:45.616+0000] {processor.py:208} INFO - Processing /usr/local/python/3.12.1/lib/python3.12/site-packages/airflow/example_dags/example_python_operator.py took 0.079 seconds
[2026-05-15T17:01:33.577+0000] {processor.py:186} INFO - Started process (PID=54651) to work on /usr/local/python/3.12.1/lib/python3.12/site-packages/airflow/example_dags/example_python_operator.py
[2026-05-15T17:01:33.578+0000] {processor.py:914} INFO - Processing file /usr/local/python/3.12.1/lib/python3.12/site-packages/airflow/example_dags/example_python_operator.py for tasks to queue
[2026-05-15T17:01:33.582+0000] {logging_mixin.py:190} INFO - [2026-05-15T17:01:33.581+0000] {dagbag.py:588} INFO - Filling up the DagBag from /usr/local/python/3.12.1/lib/python3.12/site-packages/airflow/example_dags/example_python_operator.py
[2026-05-15T17:01:33.609+0000] {processor.py:925} INFO - DAG(s) 'example_python_operator' retrieved from /usr/local/python/3.12.1/lib/python3.12/site-packages/airflow/example_dags/example_python_operator.py
[2026-05-15T17:01:33.661+0000] {logging_mixin.py:190} INFO - [2026-05-15T17:01:33.660+0000] {dag.py:3239} INFO - Sync 1 DAGs
[2026-05-15T17:01:33.679+0000] {logging_mixin.py:190} INFO - [2026-05-15T17:01:33.679+0000] {dag.py:4180} INFO - Setting next_dagrun for example_python_operator to None, run_after=None
[2026-05-15T17:01:33.717+0000] {processor.py:208} INFO - Processing /usr/local/python/3.12.1/lib/python3.12/site-packages/airflow/example_dags/example_python_operator.py took 0.154 seconds
[2026-05-15T17:02:26.085+0000] {processor.py:186} INFO - Started process (PID=55123) to work on /usr/local/python/3.12.1/lib/python3.12/site-packages/airflow/example_dags/example_python_operator.py
[2026-05-15T17:02:26.086+0000] {processor.py:914} INFO - Processing file /usr/local/python/3.12.1/lib/python3.12/site-packages/airflow/example_dags/example_python_operator.py for tasks to queue
[2026-05-15T17:02:26.088+0000] {logging_mixin.py:190} INFO - [2026-05-15T17:02:26.088+0000] {dagbag.py:588} INFO - Filling up the DagBag from /usr/local/python/3.12.1/lib/python3.12/site-packages/airflow/example_dags/example_python_operator.py
[2026-05-15T17:02:26.102+0000] {processor.py:925} INFO - DAG(s) 'example_python_operator' retrieved from /usr/local/python/3.12.1/lib/python3.12/site-packages/airflow/example_dags/example_python_operator.py
[2026-05-15T17:02:26.122+0000] {logging_mixin.py:190} INFO - [2026-05-15T17:02:26.122+0000] {dag.py:3239} INFO - Sync 1 DAGs
[2026-05-15T17:02:26.132+0000] {logging_mixin.py:190} INFO - [2026-05-15T17:02:26.132+0000] {dag.py:4180} INFO - Setting next_dagrun for example_python_operator to None, run_after=None
[2026-05-15T17:02:26.149+0000] {processor.py:208} INFO - Processing /usr/local/python/3.12.1/lib/python3.12/site-packages/airflow/example_dags/example_python_operator.py took 0.070 seconds
[2026-05-15T17:03:19.768+0000] {processor.py:186} INFO - Started process (PID=56398) to work on /usr/local/python/3.12.1/lib/python3.12/site-packages/airflow/example_dags/example_python_operator.py
[2026-05-15T17:03:19.769+0000] {processor.py:914} INFO - Processing file /usr/local/python/3.12.1/lib/python3.12/site-packages/airflow/example_dags/example_python_operator.py for tasks to queue
[2026-05-15T17:03:19.771+0000] {logging_mixin.py:190} INFO - [2026-05-15T17:03:19.770+0000] {dagbag.py:588} INFO - Filling up the DagBag from /usr/local/python/3.12.1/lib/python3.12/site-packages/airflow/example_dags/example_python_operator.py
[2026-05-15T17:03:19.785+0000] {processor.py:925} INFO - DAG(s) 'example_python_operator' retrieved from /usr/local/python/3.12.1/lib/python3.12/site-packages/airflow/example_dags/example_python_operator.py
[2026-05-15T17:03:19.801+0000] {logging_mixin.py:190} INFO - [2026-05-15T17:03:19.800+0000] {dag.py:3239} INFO - Sync 1 DAGs
[2026-05-15T17:03:19.811+0000] {logging_mixin.py:190} INFO - [2026-05-15T17:03:19.811+0000] {dag.py:4180} INFO - Setting next_dagrun for example_python_operator to None, run_after=None
[2026-05-15T17:03:19.828+0000] {processor.py:208} INFO - Processing /usr/local/python/3.12.1/lib/python3.12/site-packages/airflow/example_dags/example_python_operator.py took 0.064 seconds
[2026-05-15T17:04:07.856+0000] {processor.py:186} INFO - Started process (PID=57015) to work on /usr/local/python/3.12.1/lib/python3.12/site-packages/airflow/example_dags/example_python_operator.py
[2026-05-15T17:04:07.857+0000] {processor.py:914} INFO - Processing file /usr/local/python/3.12.1/lib/python3.12/site-packages/airflow/example_dags/example_python_operator.py for tasks to queue
[2026-05-15T17:04:07.859+0000] {logging_mixin.py:190} INFO - [2026-05-15T17:04:07.858+0000] {dagbag.py:588} INFO - Filling up the DagBag from /usr/local/python/3.12.1/lib/python3.12/site-packages/airflow/example_dags/example_python_operator.py
[2026-05-15T17:04:07.869+0000] {processor.py:925} INFO - DAG(s) 'example_python_operator' retrieved from /usr/local/python/3.12.1/lib/python3.12/site-packages/airflow/example_dags/example_python_operator.py
[2026-05-15T17:04:07.886+0000] {logging_mixin.py:190} INFO - [2026-05-15T17:04:07.886+0000] {dag.py:3239} INFO - Sync 1 DAGs
[2026-05-15T17:04:07.898+0000] {logging_mixin.py:190} INFO - [2026-05-15T17:04:07.898+0000] {dag.py:4180} INFO - Setting next_dagrun for example_python_operator to None, run_after=None
[2026-05-15T17:04:07.915+0000] {processor.py:208} INFO - Processing /usr/local/python/3.12.1/lib/python3.12/site-packages/airflow/example_dags/example_python_operator.py took 0.063 seconds
[2026-05-15T17:04:58.215+0000] {processor.py:186} INFO - Started process (PID=57527) to work on /usr/local/python/3.12.1/lib/python3.12/site-packages/airflow/example_dags/example_python_operator.py
[2026-05-15T17:04:58.216+0000] {processor.py:914} INFO - Processing file /usr/local/python/3.12.1/lib/python3.12/site-packages/airflow/example_dags/example_python_operator.py for tasks to queue
[2026-05-15T17:04:58.218+0000] {logging_mixin.py:190} INFO - [2026-05-15T17:04:58.218+0000] {dagbag.py:588} INFO - Filling up the DagBag from /usr/local/python/3.12.1/lib/python3.12/site-packages/airflow/example_dags/example_python_operator.py
[2026-05-15T17:04:58.228+0000] {processor.py:925} INFO - DAG(s) 'example_python_operator' retrieved from /usr/local/python/3.12.1/lib/python3.12/site-packages/airflow/example_dags/example_python_operator.py
[2026-05-15T17:04:58.242+0000] {logging_mixin.py:190} INFO - [2026-05-15T17:04:58.242+0000] {dag.py:3239} INFO - Sync 1 DAGs
[2026-05-15T17:04:58.253+0000] {logging_mixin.py:190} INFO - [2026-05-15T17:04:58.253+0000] {dag.py:4180} INFO - Setting next_dagrun for example_python_operator to None, run_after=None
[2026-05-15T17:04:58.269+0000] {processor.py:208} INFO - Processing /usr/local/python/3.12.1/lib/python3.12/site-packages/airflow/example_dags/example_python_operator.py took 0.060 seconds
[2026-05-15T17:05:49.643+0000] {processor.py:186} INFO - Started process (PID=58001) to work on /usr/local/python/3.12.1/lib/python3.12/site-packages/airflow/example_dags/example_python_operator.py
[2026-05-15T17:05:49.644+0000] {processor.py:914} INFO - Processing file /usr/local/python/3.12.1/lib/python3.12/site-packages/airflow/example_dags/example_python_operator.py for tasks to queue
[2026-05-15T17:05:49.645+0000] {logging_mixin.py:190} INFO - [2026-05-15T17:05:49.645+0000] {dagbag.py:588} INFO - Filling up the DagBag from /usr/local/python/3.12.1/lib/python3.12/site-packages/airflow/example_dags/example_python_operator.py
[2026-05-15T17:05:49.656+0000] {processor.py:925} INFO - DAG(s) 'example_python_operator' retrieved from /usr/local/python/3.12.1/lib/python3.12/site-packages/airflow/example_dags/example_python_operator.py
[2026-05-15T17:05:49.670+0000] {logging_mixin.py:190} INFO - [2026-05-15T17:05:49.670+0000] {dag.py:3239} INFO - Sync 1 DAGs
[2026-05-15T17:05:49.684+0000] {logging_mixin.py:190} INFO - [2026-05-15T17:05:49.683+0000] {dag.py:4180} INFO - Setting next_dagrun for example_python_operator to None, run_after=None
[2026-05-15T17:05:49.702+0000] {processor.py:208} INFO - Processing /usr/local/python/3.12.1/lib/python3.12/site-packages/airflow/example_dags/example_python_operator.py took 0.064 seconds
[2026-05-15T17:06:40.231+0000] {processor.py:186} INFO - Started process (PID=58393) to work on /usr/local/python/3.12.1/lib/python3.12/site-packages/airflow/example_dags/example_python_operator.py
[2026-05-15T17:06:40.232+0000] {processor.py:914} INFO - Processing file /usr/local/python/3.12.1/lib/python3.12/site-packages/airflow/example_dags/example_python_operator.py for tasks to queue
[2026-05-15T17:06:40.234+0000] {logging_mixin.py:190} INFO - [2026-05-15T17:06:40.233+0000] {dagbag.py:588} INFO - Filling up the DagBag from /usr/local/python/3.12.1/lib/python3.12/site-packages/airflow/example_dags/example_python_operator.py
[2026-05-15T17:06:40.244+0000] {processor.py:925} INFO - DAG(s) 'example_python_operator' retrieved from /usr/local/python/3.12.1/lib/python3.12/site-packages/airflow/example_dags/example_python_operator.py
[2026-05-15T17:06:40.258+0000] {logging_mixin.py:190} INFO - [2026-05-15T17:06:40.258+0000] {dag.py:3239} INFO - Sync 1 DAGs
[2026-05-15T17:06:40.268+0000] {logging_mixin.py:190} INFO - [2026-05-15T17:06:40.268+0000] {dag.py:4180} INFO - Setting next_dagrun for example_python_operator to None, run_after=None
[2026-05-15T17:06:40.289+0000] {processor.py:208} INFO - Processing /usr/local/python/3.12.1/lib/python3.12/site-packages/airflow/example_dags/example_python_operator.py took 0.062 seconds
[2026-05-15T17:07:31.103+0000] {processor.py:186} INFO - Started process (PID=58842) to work on /usr/local/python/3.12.1/lib/python3.12/site-packages/airflow/example_dags/example_python_operator.py
[2026-05-15T17:07:31.103+0000] {processor.py:914} INFO - Processing file /usr/local/python/3.12.1/lib/python3.12/site-packages/airflow/example_dags/example_python_operator.py for tasks to queue
[2026-05-15T17:07:31.105+0000] {logging_mixin.py:190} INFO - [2026-05-15T17:07:31.105+0000] {dagbag.py:588} INFO - Filling up the DagBag from /usr/local/python/3.12.1/lib/python3.12/site-packages/airflow/example_dags/example_python_operator.py
[2026-05-15T17:07:31.115+0000] {processor.py:925} INFO - DAG(s) 'example_python_operator' retrieved from /usr/local/python/3.12.1/lib/python3.12/site-packages/airflow/example_dags/example_python_operator.py
[2026-05-15T17:07:31.129+0000] {logging_mixin.py:190} INFO - [2026-05-15T17:07:31.129+0000] {dag.py:3239} INFO - Sync 1 DAGs
[2026-05-15T17:07:31.139+0000] {logging_mixin.py:190} INFO - [2026-05-15T17:07:31.139+0000] {dag.py:4180} INFO - Setting next_dagrun for example_python_operator to None, run_after=None
[2026-05-15T17:07:31.157+0000] {processor.py:208} INFO - Processing /usr/local/python/3.12.1/lib/python3.12/site-packages/airflow/example_dags/example_python_operator.py took 0.058 seconds
[2026-05-15T17:08:20.241+0000] {processor.py:186} INFO - Started process (PID=59270) to work on /usr/local/python/3.12.1/lib/python3.12/site-packages/airflow/example_dags/example_python_operator.py
[2026-05-15T17:08:20.242+0000] {processor.py:914} INFO - Processing file /usr/local/python/3.12.1/lib/python3.12/site-packages/airflow/example_dags/example_python_operator.py for tasks to queue
[2026-05-15T17:08:20.244+0000] {logging_mixin.py:190} INFO - [2026-05-15T17:08:20.244+0000] {dagbag.py:588} INFO - Filling up the DagBag from /usr/local/python/3.12.1/lib/python3.12/site-packages/airflow/example_dags/example_python_operator.py
[2026-05-15T17:08:20.255+0000] {processor.py:925} INFO - DAG(s) 'example_python_operator' retrieved from /usr/local/python/3.12.1/lib/python3.12/site-packages/airflow/example_dags/example_python_operator.py
[2026-05-15T17:08:20.270+0000] {logging_mixin.py:190} INFO - [2026-05-15T17:08:20.269+0000] {dag.py:3239} INFO - Sync 1 DAGs
[2026-05-15T17:08:20.284+0000] {logging_mixin.py:190} INFO - [2026-05-15T17:08:20.284+0000] {dag.py:4180} INFO - Setting next_dagrun for example_python_operator to None, run_after=None
[2026-05-15T17:08:20.303+0000] {processor.py:208} INFO - Processing /usr/local/python/3.12.1/lib/python3.12/site-packages/airflow/example_dags/example_python_operator.py took 0.066 seconds
[2026-05-15T17:09:04.755+0000] {processor.py:186} INFO - Started process (PID=59750) to work on /usr/local/python/3.12.1/lib/python3.12/site-packages/airflow/example_dags/example_python_operator.py
[2026-05-15T17:09:04.755+0000] {processor.py:914} INFO - Processing file /usr/local/python/3.12.1/lib/python3.12/site-packages/airflow/example_dags/example_python_operator.py for tasks to queue
[2026-05-15T17:09:04.757+0000] {logging_mixin.py:190} INFO - [2026-05-15T17:09:04.757+0000] {dagbag.py:588} INFO - Filling up the DagBag from /usr/local/python/3.12.1/lib/python3.12/site-packages/airflow/example_dags/example_python_operator.py
[2026-05-15T17:09:04.767+0000] {processor.py:925} INFO - DAG(s) 'example_python_operator' retrieved from /usr/local/python/3.12.1/lib/python3.12/site-packages/airflow/example_dags/example_python_operator.py
[2026-05-15T17:09:04.786+0000] {logging_mixin.py:190} INFO - [2026-05-15T17:09:04.785+0000] {dag.py:3239} INFO - Sync 1 DAGs
[2026-05-15T17:09:04.797+0000] {logging_mixin.py:190} INFO - [2026-05-15T17:09:04.797+0000] {dag.py:4180} INFO - Setting next_dagrun for example_python_operator to None, run_after=None
[2026-05-15T17:09:04.814+0000] {processor.py:208} INFO - Processing /usr/local/python/3.12.1/lib/python3.12/site-packages/airflow/example_dags/example_python_operator.py took 0.063 seconds
[2026-05-15T17:09:56.731+0000] {processor.py:186} INFO - Started process (PID=60210) to work on /usr/local/python/3.12.1/lib/python3.12/site-packages/airflow/example_dags/example_python_operator.py
[2026-05-15T17:09:56.731+0000] {processor.py:914} INFO - Processing file /usr/local/python/3.12.1/lib/python3.12/site-packages/airflow/example_dags/example_python_operator.py for tasks to queue
[2026-05-15T17:09:56.733+0000] {logging_mixin.py:190} INFO - [2026-05-15T17:09:56.733+0000] {dagbag.py:588} INFO - Filling up the DagBag from /usr/local/python/3.12.1/lib/python3.12/site-packages/airflow/example_dags/example_python_operator.py
[2026-05-15T17:09:56.743+0000] {processor.py:925} INFO - DAG(s) 'example_python_operator' retrieved from /usr/local/python/3.12.1/lib/python3.12/site-packages/airflow/example_dags/example_python_operator.py
[2026-05-15T17:09:56.757+0000] {logging_mixin.py:190} INFO - [2026-05-15T17:09:56.757+0000] {dag.py:3239} INFO - Sync 1 DAGs
[2026-05-15T17:09:56.767+0000] {logging_mixin.py:190} INFO - [2026-05-15T17:09:56.767+0000] {dag.py:4180} INFO - Setting next_dagrun for example_python_operator to None, run_after=None
[2026-05-15T17:09:56.785+0000] {processor.py:208} INFO - Processing /usr/local/python/3.12.1/lib/python3.12/site-packages/airflow/example_dags/example_python_operator.py took 0.059 seconds
[2026-05-15T17:10:48.292+0000] {processor.py:186} INFO - Started process (PID=60668) to work on /usr/local/python/3.12.1/lib/python3.12/site-packages/airflow/example_dags/example_python_operator.py
[2026-05-15T17:10:48.292+0000] {processor.py:914} INFO - Processing file /usr/local/python/3.12.1/lib/python3.12/site-packages/airflow/example_dags/example_python_operator.py for tasks to queue
[2026-05-15T17:10:48.294+0000] {logging_mixin.py:190} INFO - [2026-05-15T17:10:48.294+0000] {dagbag.py:588} INFO - Filling up the DagBag from /usr/local/python/3.12.1/lib/python3.12/site-packages/airflow/example_dags/example_python_operator.py
[2026-05-15T17:10:48.304+0000] {processor.py:925} INFO - DAG(s) 'example_python_operator' retrieved from /usr/local/python/3.12.1/lib/python3.12/site-packages/airflow/example_dags/example_python_operator.py
[2026-05-15T17:10:48.318+0000] {logging_mixin.py:190} INFO - [2026-05-15T17:10:48.318+0000] {dag.py:3239} INFO - Sync 1 DAGs
[2026-05-15T17:10:48.328+0000] {logging_mixin.py:190} INFO - [2026-05-15T17:10:48.328+0000] {dag.py:4180} INFO - Setting next_dagrun for example_python_operator to None, run_after=None
[2026-05-15T17:10:48.345+0000] {processor.py:208} INFO - Processing /usr/local/python/3.12.1/lib/python3.12/site-packages/airflow/example_dags/example_python_operator.py took 0.059 seconds
[2026-05-15T17:11:38.333+0000] {processor.py:186} INFO - Started process (PID=61057) to work on /usr/local/python/3.12.1/lib/python3.12/site-packages/airflow/example_dags/example_python_operator.py
[2026-05-15T17:11:38.333+0000] {processor.py:914} INFO - Processing file /usr/local/python/3.12.1/lib/python3.12/site-packages/airflow/example_dags/example_python_operator.py for tasks to queue
[2026-05-15T17:11:38.335+0000] {logging_mixin.py:190} INFO - [2026-05-15T17:11:38.335+0000] {dagbag.py:588} INFO - Filling up the DagBag from /usr/local/python/3.12.1/lib/python3.12/site-packages/airflow/example_dags/example_python_operator.py
[2026-05-15T17:11:38.345+0000] {processor.py:925} INFO - DAG(s) 'example_python_operator' retrieved from /usr/local/python/3.12.1/lib/python3.12/site-packages/airflow/example_dags/example_python_operator.py
[2026-05-15T17:11:38.360+0000] {logging_mixin.py:190} INFO - [2026-05-15T17:11:38.360+0000] {dag.py:3239} INFO - Sync 1 DAGs
[2026-05-15T17:11:38.370+0000] {logging_mixin.py:190} INFO - [2026-05-15T17:11:38.370+0000] {dag.py:4180} INFO - Setting next_dagrun for example_python_operator to None, run_after=None
[2026-05-15T17:11:38.392+0000] {processor.py:208} INFO - Processing /usr/local/python/3.12.1/lib/python3.12/site-packages/airflow/example_dags/example_python_operator.py took 0.063 seconds
[2026-05-15T17:12:27.866+0000] {processor.py:186} INFO - Started process (PID=61504) to work on /usr/local/python/3.12.1/lib/python3.12/site-packages/airflow/example_dags/example_python_operator.py
[2026-05-15T17:12:27.867+0000] {processor.py:914} INFO - Processing file /usr/local/python/3.12.1/lib/python3.12/site-packages/airflow/example_dags/example_python_operator.py for tasks to queue
[2026-05-15T17:12:27.869+0000] {logging_mixin.py:190} INFO - [2026-05-15T17:12:27.868+0000] {dagbag.py:588} INFO - Filling up the DagBag from /usr/local/python/3.12.1/lib/python3.12/site-packages/airflow/example_dags/example_python_operator.py
[2026-05-15T17:12:27.882+0000] {processor.py:925} INFO - DAG(s) 'example_python_operator' retrieved from /usr/local/python/3.12.1/lib/python3.12/site-packages/airflow/example_dags/example_python_operator.py
[2026-05-15T17:12:27.898+0000] {logging_mixin.py:190} INFO - [2026-05-15T17:12:27.898+0000] {dag.py:3239} INFO - Sync 1 DAGs
[2026-05-15T17:12:27.908+0000] {logging_mixin.py:190} INFO - [2026-05-15T17:12:27.908+0000] {dag.py:4180} INFO - Setting next_dagrun for example_python_operator to None, run_after=None
[2026-05-15T17:12:27.925+0000] {processor.py:208} INFO - Processing /usr/local/python/3.12.1/lib/python3.12/site-packages/airflow/example_dags/example_python_operator.py took 0.063 seconds
[2026-05-15T17:13:18.581+0000] {processor.py:186} INFO - Started process (PID=61956) to work on /usr/local/python/3.12.1/lib/python3.12/site-packages/airflow/example_dags/example_python_operator.py
[2026-05-15T17:13:18.581+0000] {processor.py:914} INFO - Processing file /usr/local/python/3.12.1/lib/python3.12/site-packages/airflow/example_dags/example_python_operator.py for tasks to queue
[2026-05-15T17:13:18.584+0000] {logging_mixin.py:190} INFO - [2026-05-15T17:13:18.583+0000] {dagbag.py:588} INFO - Filling up the DagBag from /usr/local/python/3.12.1/lib/python3.12/site-packages/airflow/example_dags/example_python_operator.py
[2026-05-15T17:13:18.595+0000] {processor.py:925} INFO - DAG(s) 'example_python_operator' retrieved from /usr/local/python/3.12.1/lib/python3.12/site-packages/airflow/example_dags/example_python_operator.py
[2026-05-15T17:13:18.611+0000] {logging_mixin.py:190} INFO - [2026-05-15T17:13:18.610+0000] {dag.py:3239} INFO - Sync 1 DAGs
[2026-05-15T17:13:18.621+0000] {logging_mixin.py:190} INFO - [2026-05-15T17:13:18.621+0000] {dag.py:4180} INFO - Setting next_dagrun for example_python_operator to None, run_after=None
[2026-05-15T17:13:18.638+0000] {processor.py:208} INFO - Processing /usr/local/python/3.12.1/lib/python3.12/site-packages/airflow/example_dags/example_python_operator.py took 0.063 seconds
[2026-05-15T17:14:08.563+0000] {processor.py:186} INFO - Started process (PID=62462) to work on /usr/local/python/3.12.1/lib/python3.12/site-packages/airflow/example_dags/example_python_operator.py
[2026-05-15T17:14:08.563+0000] {processor.py:914} INFO - Processing file /usr/local/python/3.12.1/lib/python3.12/site-packages/airflow/example_dags/example_python_operator.py for tasks to queue
[2026-05-15T17:14:08.565+0000] {logging_mixin.py:190} INFO - [2026-05-15T17:14:08.565+0000] {dagbag.py:588} INFO - Filling up the DagBag from /usr/local/python/3.12.1/lib/python3.12/site-packages/airflow/example_dags/example_python_operator.py
[2026-05-15T17:14:08.576+0000] {processor.py:925} INFO - DAG(s) 'example_python_operator' retrieved from /usr/local/python/3.12.1/lib/python3.12/site-packages/airflow/example_dags/example_python_operator.py
[2026-05-15T17:14:08.594+0000] {logging_mixin.py:190} INFO - [2026-05-15T17:14:08.594+0000] {dag.py:3239} INFO - Sync 1 DAGs
[2026-05-15T17:14:08.605+0000] {logging_mixin.py:190} INFO - [2026-05-15T17:14:08.605+0000] {dag.py:4180} INFO - Setting next_dagrun for example_python_operator to None, run_after=None
[2026-05-15T17:14:08.622+0000] {processor.py:208} INFO - Processing /usr/local/python/3.12.1/lib/python3.12/site-packages/airflow/example_dags/example_python_operator.py took 0.064 seconds
[2026-05-15T17:14:57.831+0000] {processor.py:186} INFO - Started process (PID=62880) to work on /usr/local/python/3.12.1/lib/python3.12/site-packages/airflow/example_dags/example_python_operator.py
[2026-05-15T17:14:57.832+0000] {processor.py:914} INFO - Processing file /usr/local/python/3.12.1/lib/python3.12/site-packages/airflow/example_dags/example_python_operator.py for tasks to queue
[2026-05-15T17:14:57.833+0000] {logging_mixin.py:190} INFO - [2026-05-15T17:14:57.833+0000] {dagbag.py:588} INFO - Filling up the DagBag from /usr/local/python/3.12.1/lib/python3.12/site-packages/airflow/example_dags/example_python_operator.py
[2026-05-15T17:14:57.843+0000] {processor.py:925} INFO - DAG(s) 'example_python_operator' retrieved from /usr/local/python/3.12.1/lib/python3.12/site-packages/airflow/example_dags/example_python_operator.py
[2026-05-15T17:14:57.857+0000] {logging_mixin.py:190} INFO - [2026-05-15T17:14:57.857+0000] {dag.py:3239} INFO - Sync 1 DAGs
[2026-05-15T17:14:57.868+0000] {logging_mixin.py:190} INFO - [2026-05-15T17:14:57.867+0000] {dag.py:4180} INFO - Setting next_dagrun for example_python_operator to None, run_after=None
[2026-05-15T17:14:57.888+0000] {processor.py:208} INFO - Processing /usr/local/python/3.12.1/lib/python3.12/site-packages/airflow/example_dags/example_python_operator.py took 0.062 seconds
[2026-05-15T17:15:51.895+0000] {processor.py:186} INFO - Started process (PID=63558) to work on /usr/local/python/3.12.1/lib/python3.12/site-packages/airflow/example_dags/example_python_operator.py
[2026-05-15T17:15:51.895+0000] {processor.py:914} INFO - Processing file /usr/local/python/3.12.1/lib/python3.12/site-packages/airflow/example_dags/example_python_operator.py for tasks to queue
[2026-05-15T17:15:51.897+0000] {logging_mixin.py:190} INFO - [2026-05-15T17:15:51.897+0000] {dagbag.py:588} INFO - Filling up the DagBag from /usr/local/python/3.12.1/lib/python3.12/site-packages/airflow/example_dags/example_python_operator.py
[2026-05-15T17:15:51.907+0000] {processor.py:925} INFO - DAG(s) 'example_python_operator' retrieved from /usr/local/python/3.12.1/lib/python3.12/site-packages/airflow/example_dags/example_python_operator.py
[2026-05-15T17:15:51.921+0000] {logging_mixin.py:190} INFO - [2026-05-15T17:15:51.921+0000] {dag.py:3239} INFO - Sync 1 DAGs
[2026-05-15T17:15:51.931+0000] {logging_mixin.py:190} INFO - [2026-05-15T17:15:51.931+0000] {dag.py:4180} INFO - Setting next_dagrun for example_python_operator to None, run_after=None
[2026-05-15T17:15:51.947+0000] {processor.py:208} INFO - Processing /usr/local/python/3.12.1/lib/python3.12/site-packages/airflow/example_dags/example_python_operator.py took 0.057 seconds
[2026-05-15T17:16:56.750+0000] {processor.py:186} INFO - Started process (PID=64380) to work on /usr/local/python/3.12.1/lib/python3.12/site-packages/airflow/example_dags/example_python_operator.py
[2026-05-15T17:16:56.751+0000] {processor.py:914} INFO - Processing file /usr/local/python/3.12.1/lib/python3.12/site-packages/airflow/example_dags/example_python_operator.py for tasks to queue
[2026-05-15T17:16:56.754+0000] {logging_mixin.py:190} INFO - [2026-05-15T17:16:56.753+0000] {dagbag.py:588} INFO - Filling up the DagBag from /usr/local/python/3.12.1/lib/python3.12/site-packages/airflow/example_dags/example_python_operator.py
[2026-05-15T17:16:56.781+0000] {processor.py:925} INFO - DAG(s) 'example_python_operator' retrieved from /usr/local/python/3.12.1/lib/python3.12/site-packages/airflow/example_dags/example_python_operator.py
[2026-05-15T17:16:56.801+0000] {logging_mixin.py:190} INFO - [2026-05-15T17:16:56.801+0000] {dag.py:3239} INFO - Sync 1 DAGs
[2026-05-15T17:16:56.816+0000] {logging_mixin.py:190} INFO - [2026-05-15T17:16:56.816+0000] {dag.py:4180} INFO - Setting next_dagrun for example_python_operator to None, run_after=None
[2026-05-15T17:16:56.842+0000] {processor.py:208} INFO - Processing /usr/local/python/3.12.1/lib/python3.12/site-packages/airflow/example_dags/example_python_operator.py took 0.100 seconds
[2026-05-15T17:17:55.824+0000] {processor.py:186} INFO - Started process (PID=64919) to work on /usr/local/python/3.12.1/lib/python3.12/site-packages/airflow/example_dags/example_python_operator.py
[2026-05-15T17:17:55.825+0000] {processor.py:914} INFO - Processing file /usr/local/python/3.12.1/lib/python3.12/site-packages/airflow/example_dags/example_python_operator.py for tasks to queue
[2026-05-15T17:17:55.827+0000] {logging_mixin.py:190} INFO - [2026-05-15T17:17:55.826+0000] {dagbag.py:588} INFO - Filling up the DagBag from /usr/local/python/3.12.1/lib/python3.12/site-packages/airflow/example_dags/example_python_operator.py
[2026-05-15T17:17:55.836+0000] {processor.py:925} INFO - DAG(s) 'example_python_operator' retrieved from /usr/local/python/3.12.1/lib/python3.12/site-packages/airflow/example_dags/example_python_operator.py
[2026-05-15T17:17:55.851+0000] {logging_mixin.py:190} INFO - [2026-05-15T17:17:55.851+0000] {dag.py:3239} INFO - Sync 1 DAGs
[2026-05-15T17:17:55.864+0000] {logging_mixin.py:190} INFO - [2026-05-15T17:17:55.864+0000] {dag.py:4180} INFO - Setting next_dagrun for example_python_operator to None, run_after=None
[2026-05-15T17:17:55.916+0000] {processor.py:208} INFO - Processing /usr/local/python/3.12.1/lib/python3.12/site-packages/airflow/example_dags/example_python_operator.py took 0.097 seconds
[2026-05-15T17:18:50.058+0000] {processor.py:186} INFO - Started process (PID=65546) to work on /usr/local/python/3.12.1/lib/python3.12/site-packages/airflow/example_dags/example_python_operator.py
[2026-05-15T17:18:50.060+0000] {processor.py:914} INFO - Processing file /usr/local/python/3.12.1/lib/python3.12/site-packages/airflow/example_dags/example_python_operator.py for tasks to queue
[2026-05-15T17:18:50.062+0000] {logging_mixin.py:190} INFO - [2026-05-15T17:18:50.061+0000] {dagbag.py:588} INFO - Filling up the DagBag from /usr/local/python/3.12.1/lib/python3.12/site-packages/airflow/example_dags/example_python_operator.py
[2026-05-15T17:18:50.072+0000] {processor.py:925} INFO - DAG(s) 'example_python_operator' retrieved from /usr/local/python/3.12.1/lib/python3.12/site-packages/airflow/example_dags/example_python_operator.py
[2026-05-15T17:18:50.087+0000] {logging_mixin.py:190} INFO - [2026-05-15T17:18:50.087+0000] {dag.py:3239} INFO - Sync 1 DAGs
[2026-05-15T17:18:50.099+0000] {logging_mixin.py:190} INFO - [2026-05-15T17:18:50.099+0000] {dag.py:4180} INFO - Setting next_dagrun for example_python_operator to None, run_after=None
[2026-05-15T17:18:50.119+0000] {processor.py:208} INFO - Processing /usr/local/python/3.12.1/lib/python3.12/site-packages/airflow/example_dags/example_python_operator.py took 0.066 seconds
[2026-05-15T17:19:37.638+0000] {processor.py:186} INFO - Started process (PID=65928) to work on /usr/local/python/3.12.1/lib/python3.12/site-packages/airflow/example_dags/example_python_operator.py
[2026-05-15T17:19:37.639+0000] {processor.py:914} INFO - Processing file /usr/local/python/3.12.1/lib/python3.12/site-packages/airflow/example_dags/example_python_operator.py for tasks to queue
[2026-05-15T17:19:37.641+0000] {logging_mixin.py:190} INFO - [2026-05-15T17:19:37.641+0000] {dagbag.py:588} INFO - Filling up the DagBag from /usr/local/python/3.12.1/lib/python3.12/site-packages/airflow/example_dags/example_python_operator.py
[2026-05-15T17:19:37.653+0000] {processor.py:925} INFO - DAG(s) 'example_python_operator' retrieved from /usr/local/python/3.12.1/lib/python3.12/site-packages/airflow/example_dags/example_python_operator.py
[2026-05-15T17:19:37.667+0000] {logging_mixin.py:190} INFO - [2026-05-15T17:19:37.667+0000] {dag.py:3239} INFO - Sync 1 DAGs
[2026-05-15T17:19:37.679+0000] {logging_mixin.py:190} INFO - [2026-05-15T17:19:37.678+0000] {dag.py:4180} INFO - Setting next_dagrun for example_python_operator to None, run_after=None
[2026-05-15T17:19:37.698+0000] {processor.py:208} INFO - Processing /usr/local/python/3.12.1/lib/python3.12/site-packages/airflow/example_dags/example_python_operator.py took 0.065 seconds
[2026-05-15T17:20:29.099+0000] {processor.py:186} INFO - Started process (PID=66387) to work on /usr/local/python/3.12.1/lib/python3.12/site-packages/airflow/example_dags/example_python_operator.py
[2026-05-15T17:20:29.099+0000] {processor.py:914} INFO - Processing file /usr/local/python/3.12.1/lib/python3.12/site-packages/airflow/example_dags/example_python_operator.py for tasks to queue
[2026-05-15T17:20:29.101+0000] {logging_mixin.py:190} INFO - [2026-05-15T17:20:29.101+0000] {dagbag.py:588} INFO - Filling up the DagBag from /usr/local/python/3.12.1/lib/python3.12/site-packages/airflow/example_dags/example_python_operator.py
[2026-05-15T17:20:29.111+0000] {processor.py:925} INFO - DAG(s) 'example_python_operator' retrieved from /usr/local/python/3.12.1/lib/python3.12/site-packages/airflow/example_dags/example_python_operator.py
[2026-05-15T17:20:29.126+0000] {logging_mixin.py:190} INFO - [2026-05-15T17:20:29.126+0000] {dag.py:3239} INFO - Sync 1 DAGs
[2026-05-15T17:20:29.136+0000] {logging_mixin.py:190} INFO - [2026-05-15T17:20:29.136+0000] {dag.py:4180} INFO - Setting next_dagrun for example_python_operator to None, run_after=None
[2026-05-15T17:20:29.154+0000] {processor.py:208} INFO - Processing /usr/local/python/3.12.1/lib/python3.12/site-packages/airflow/example_dags/example_python_operator.py took 0.060 seconds
[2026-05-15T17:21:16.906+0000] {processor.py:186} INFO - Started process (PID=66936) to work on /usr/local/python/3.12.1/lib/python3.12/site-packages/airflow/example_dags/example_python_operator.py
[2026-05-15T17:21:16.907+0000] {processor.py:914} INFO - Processing file /usr/local/python/3.12.1/lib/python3.12/site-packages/airflow/example_dags/example_python_operator.py for tasks to queue
[2026-05-15T17:21:16.915+0000] {logging_mixin.py:190} INFO - [2026-05-15T17:21:16.912+0000] {dagbag.py:588} INFO - Filling up the DagBag from /usr/local/python/3.12.1/lib/python3.12/site-packages/airflow/example_dags/example_python_operator.py
[2026-05-15T17:21:16.941+0000] {processor.py:925} INFO - DAG(s) 'example_python_operator' retrieved from /usr/local/python/3.12.1/lib/python3.12/site-packages/airflow/example_dags/example_python_operator.py
[2026-05-15T17:21:16.968+0000] {logging_mixin.py:190} INFO - [2026-05-15T17:21:16.968+0000] {dag.py:3239} INFO - Sync 1 DAGs
[2026-05-15T17:21:16.996+0000] {logging_mixin.py:190} INFO - [2026-05-15T17:21:16.996+0000] {dag.py:4180} INFO - Setting next_dagrun for example_python_operator to None, run_after=None
[2026-05-15T17:21:17.035+0000] {processor.py:208} INFO - Processing /usr/local/python/3.12.1/lib/python3.12/site-packages/airflow/example_dags/example_python_operator.py took 0.139 seconds
[2026-05-15T17:22:07.092+0000] {processor.py:186} INFO - Started process (PID=67383) to work on /usr/local/python/3.12.1/lib/python3.12/site-packages/airflow/example_dags/example_python_operator.py
[2026-05-15T17:22:07.093+0000] {processor.py:914} INFO - Processing file /usr/local/python/3.12.1/lib/python3.12/site-packages/airflow/example_dags/example_python_operator.py for tasks to queue
[2026-05-15T17:22:07.095+0000] {logging_mixin.py:190} INFO - [2026-05-15T17:22:07.094+0000] {dagbag.py:588} INFO - Filling up the DagBag from /usr/local/python/3.12.1/lib/python3.12/site-packages/airflow/example_dags/example_python_operator.py
[2026-05-15T17:22:07.107+0000] {processor.py:925} INFO - DAG(s) 'example_python_operator' retrieved from /usr/local/python/3.12.1/lib/python3.12/site-packages/airflow/example_dags/example_python_operator.py
[2026-05-15T17:22:07.122+0000] {logging_mixin.py:190} INFO - [2026-05-15T17:22:07.122+0000] {dag.py:3239} INFO - Sync 1 DAGs
[2026-05-15T17:22:07.132+0000] {logging_mixin.py:190} INFO - [2026-05-15T17:22:07.132+0000] {dag.py:4180} INFO - Setting next_dagrun for example_python_operator to None, run_after=None
[2026-05-15T17:22:07.149+0000] {processor.py:208} INFO - Processing /usr/local/python/3.12.1/lib/python3.12/site-packages/airflow/example_dags/example_python_operator.py took 0.062 seconds
[2026-05-15T17:22:55.375+0000] {processor.py:186} INFO - Started process (PID=67814) to work on /usr/local/python/3.12.1/lib/python3.12/site-packages/airflow/example_dags/example_python_operator.py
[2026-05-15T17:22:55.375+0000] {processor.py:914} INFO - Processing file /usr/local/python/3.12.1/lib/python3.12/site-packages/airflow/example_dags/example_python_operator.py for tasks to queue
[2026-05-15T17:22:55.381+0000] {logging_mixin.py:190} INFO - [2026-05-15T17:22:55.377+0000] {dagbag.py:588} INFO - Filling up the DagBag from /usr/local/python/3.12.1/lib/python3.12/site-packages/airflow/example_dags/example_python_operator.py
[2026-05-15T17:22:55.395+0000] {processor.py:925} INFO - DAG(s) 'example_python_operator' retrieved from /usr/local/python/3.12.1/lib/python3.12/site-packages/airflow/example_dags/example_python_operator.py
[2026-05-15T17:22:55.415+0000] {logging_mixin.py:190} INFO - [2026-05-15T17:22:55.415+0000] {dag.py:3239} INFO - Sync 1 DAGs
[2026-05-15T17:22:55.425+0000] {logging_mixin.py:190} INFO - [2026-05-15T17:22:55.425+0000] {dag.py:4180} INFO - Setting next_dagrun for example_python_operator to None, run_after=None
[2026-05-15T17:22:55.441+0000] {processor.py:208} INFO - Processing /usr/local/python/3.12.1/lib/python3.12/site-packages/airflow/example_dags/example_python_operator.py took 0.072 seconds
[2026-05-15T17:23:44.975+0000] {processor.py:186} INFO - Started process (PID=68272) to work on /usr/local/python/3.12.1/lib/python3.12/site-packages/airflow/example_dags/example_python_operator.py
[2026-05-15T17:23:44.981+0000] {processor.py:914} INFO - Processing file /usr/local/python/3.12.1/lib/python3.12/site-packages/airflow/example_dags/example_python_operator.py for tasks to queue
[2026-05-15T17:23:44.987+0000] {logging_mixin.py:190} INFO - [2026-05-15T17:23:44.987+0000] {dagbag.py:588} INFO - Filling up the DagBag from /usr/local/python/3.12.1/lib/python3.12/site-packages/airflow/example_dags/example_python_operator.py
[2026-05-15T17:23:45.009+0000] {processor.py:925} INFO - DAG(s) 'example_python_operator' retrieved from /usr/local/python/3.12.1/lib/python3.12/site-packages/airflow/example_dags/example_python_operator.py
[2026-05-15T17:23:45.037+0000] {logging_mixin.py:190} INFO - [2026-05-15T17:23:45.036+0000] {dag.py:3239} INFO - Sync 1 DAGs
[2026-05-15T17:23:45.064+0000] {logging_mixin.py:190} INFO - [2026-05-15T17:23:45.064+0000] {dag.py:4180} INFO - Setting next_dagrun for example_python_operator to None, run_after=None
[2026-05-15T17:23:45.109+0000] {processor.py:208} INFO - Processing /usr/local/python/3.12.1/lib/python3.12/site-packages/airflow/example_dags/example_python_operator.py took 0.148 seconds
[2026-05-15T17:24:35.031+0000] {processor.py:186} INFO - Started process (PID=68731) to work on /usr/local/python/3.12.1/lib/python3.12/site-packages/airflow/example_dags/example_python_operator.py
[2026-05-15T17:24:35.032+0000] {processor.py:914} INFO - Processing file /usr/local/python/3.12.1/lib/python3.12/site-packages/airflow/example_dags/example_python_operator.py for tasks to queue
[2026-05-15T17:24:35.034+0000] {logging_mixin.py:190} INFO - [2026-05-15T17:24:35.034+0000] {dagbag.py:588} INFO - Filling up the DagBag from /usr/local/python/3.12.1/lib/python3.12/site-packages/airflow/example_dags/example_python_operator.py
[2026-05-15T17:24:35.044+0000] {processor.py:925} INFO - DAG(s) 'example_python_operator' retrieved from /usr/local/python/3.12.1/lib/python3.12/site-packages/airflow/example_dags/example_python_operator.py
[2026-05-15T17:24:35.057+0000] {logging_mixin.py:190} INFO - [2026-05-15T17:24:35.057+0000] {dag.py:3239} INFO - Sync 1 DAGs
[2026-05-15T17:24:35.068+0000] {logging_mixin.py:190} INFO - [2026-05-15T17:24:35.068+0000] {dag.py:4180} INFO - Setting next_dagrun for example_python_operator to None, run_after=None
[2026-05-15T17:24:35.087+0000] {processor.py:208} INFO - Processing /usr/local/python/3.12.1/lib/python3.12/site-packages/airflow/example_dags/example_python_operator.py took 0.060 seconds
[2026-05-15T17:25:26.537+0000] {processor.py:186} INFO - Started process (PID=69186) to work on /usr/local/python/3.12.1/lib/python3.12/site-packages/airflow/example_dags/example_python_operator.py
[2026-05-15T17:25:26.538+0000] {processor.py:914} INFO - Processing file /usr/local/python/3.12.1/lib/python3.12/site-packages/airflow/example_dags/example_python_operator.py for tasks to queue
[2026-05-15T17:25:26.540+0000] {logging_mixin.py:190} INFO - [2026-05-15T17:25:26.539+0000] {dagbag.py:588} INFO - Filling up the DagBag from /usr/local/python/3.12.1/lib/python3.12/site-packages/airflow/example_dags/example_python_operator.py
[2026-05-15T17:25:26.550+0000] {processor.py:925} INFO - DAG(s) 'example_python_operator' retrieved from /usr/local/python/3.12.1/lib/python3.12/site-packages/airflow/example_dags/example_python_operator.py
[2026-05-15T17:25:26.564+0000] {logging_mixin.py:190} INFO - [2026-05-15T17:25:26.564+0000] {dag.py:3239} INFO - Sync 1 DAGs
[2026-05-15T17:25:26.575+0000] {logging_mixin.py:190} INFO - [2026-05-15T17:25:26.575+0000] {dag.py:4180} INFO - Setting next_dagrun for example_python_operator to None, run_after=None
[2026-05-15T17:25:26.596+0000] {processor.py:208} INFO - Processing /usr/local/python/3.12.1/lib/python3.12/site-packages/airflow/example_dags/example_python_operator.py took 0.064 seconds
[2026-05-15T17:26:19.199+0000] {processor.py:186} INFO - Started process (PID=69650) to work on /usr/local/python/3.12.1/lib/python3.12/site-packages/airflow/example_dags/example_python_operator.py
[2026-05-15T17:26:19.200+0000] {processor.py:914} INFO - Processing file /usr/local/python/3.12.1/lib/python3.12/site-packages/airflow/example_dags/example_python_operator.py for tasks to queue
[2026-05-15T17:26:19.202+0000] {logging_mixin.py:190} INFO - [2026-05-15T17:26:19.201+0000] {dagbag.py:588} INFO - Filling up the DagBag from /usr/local/python/3.12.1/lib/python3.12/site-packages/airflow/example_dags/example_python_operator.py
[2026-05-15T17:26:19.212+0000] {processor.py:925} INFO - DAG(s) 'example_python_operator' retrieved from /usr/local/python/3.12.1/lib/python3.12/site-packages/airflow/example_dags/example_python_operator.py
[2026-05-15T17:26:19.225+0000] {logging_mixin.py:190} INFO - [2026-05-15T17:26:19.225+0000] {dag.py:3239} INFO - Sync 1 DAGs
[2026-05-15T17:26:19.237+0000] {logging_mixin.py:190} INFO - [2026-05-15T17:26:19.236+0000] {dag.py:4180} INFO - Setting next_dagrun for example_python_operator to None, run_after=None
[2026-05-15T17:26:19.253+0000] {processor.py:208} INFO - Processing /usr/local/python/3.12.1/lib/python3.12/site-packages/airflow/example_dags/example_python_operator.py took 0.059 seconds
[2026-05-15T17:27:07.697+0000] {processor.py:186} INFO - Started process (PID=70098) to work on /usr/local/python/3.12.1/lib/python3.12/site-packages/airflow/example_dags/example_python_operator.py
[2026-05-15T17:27:07.698+0000] {processor.py:914} INFO - Processing file /usr/local/python/3.12.1/lib/python3.12/site-packages/airflow/example_dags/example_python_operator.py for tasks to queue
[2026-05-15T17:27:07.701+0000] {logging_mixin.py:190} INFO - [2026-05-15T17:27:07.700+0000] {dagbag.py:588} INFO - Filling up the DagBag from /usr/local/python/3.12.1/lib/python3.12/site-packages/airflow/example_dags/example_python_operator.py
[2026-05-15T17:27:07.733+0000] {processor.py:925} INFO - DAG(s) 'example_python_operator' retrieved from /usr/local/python/3.12.1/lib/python3.12/site-packages/airflow/example_dags/example_python_operator.py
[2026-05-15T17:27:07.756+0000] {logging_mixin.py:190} INFO - [2026-05-15T17:27:07.756+0000] {dag.py:3239} INFO - Sync 1 DAGs
[2026-05-15T17:27:07.767+0000] {logging_mixin.py:190} INFO - [2026-05-15T17:27:07.767+0000] {dag.py:4180} INFO - Setting next_dagrun for example_python_operator to None, run_after=None
[2026-05-15T17:27:07.786+0000] {processor.py:208} INFO - Processing /usr/local/python/3.12.1/lib/python3.12/site-packages/airflow/example_dags/example_python_operator.py took 0.101 seconds
[2026-05-15T17:28:00.732+0000] {processor.py:186} INFO - Started process (PID=70688) to work on /usr/local/python/3.12.1/lib/python3.12/site-packages/airflow/example_dags/example_python_operator.py
[2026-05-15T17:28:00.733+0000] {processor.py:914} INFO - Processing file /usr/local/python/3.12.1/lib/python3.12/site-packages/airflow/example_dags/example_python_operator.py for tasks to queue
[2026-05-15T17:28:00.735+0000] {logging_mixin.py:190} INFO - [2026-05-15T17:28:00.735+0000] {dagbag.py:588} INFO - Filling up the DagBag from /usr/local/python/3.12.1/lib/python3.12/site-packages/airflow/example_dags/example_python_operator.py
[2026-05-15T17:28:00.745+0000] {processor.py:925} INFO - DAG(s) 'example_python_operator' retrieved from /usr/local/python/3.12.1/lib/python3.12/site-packages/airflow/example_dags/example_python_operator.py
[2026-05-15T17:28:00.765+0000] {logging_mixin.py:190} INFO - [2026-05-15T17:28:00.765+0000] {dag.py:3239} INFO - Sync 1 DAGs
[2026-05-15T17:28:00.781+0000] {logging_mixin.py:190} INFO - [2026-05-15T17:28:00.780+0000] {dag.py:4180} INFO - Setting next_dagrun for example_python_operator to None, run_after=None
[2026-05-15T17:28:00.799+0000] {processor.py:208} INFO - Processing /usr/local/python/3.12.1/lib/python3.12/site-packages/airflow/example_dags/example_python_operator.py took 0.072 seconds
[2026-05-15T17:28:48.535+0000] {processor.py:186} INFO - Started process (PID=71124) to work on /usr/local/python/3.12.1/lib/python3.12/site-packages/airflow/example_dags/example_python_operator.py
[2026-05-15T17:28:48.536+0000] {processor.py:914} INFO - Processing file /usr/local/python/3.12.1/lib/python3.12/site-packages/airflow/example_dags/example_python_operator.py for tasks to queue
[2026-05-15T17:28:48.538+0000] {logging_mixin.py:190} INFO - [2026-05-15T17:28:48.538+0000] {dagbag.py:588} INFO - Filling up the DagBag from /usr/local/python/3.12.1/lib/python3.12/site-packages/airflow/example_dags/example_python_operator.py
[2026-05-15T17:28:48.548+0000] {processor.py:925} INFO - DAG(s) 'example_python_operator' retrieved from /usr/local/python/3.12.1/lib/python3.12/site-packages/airflow/example_dags/example_python_operator.py
[2026-05-15T17:28:48.563+0000] {logging_mixin.py:190} INFO - [2026-05-15T17:28:48.562+0000] {dag.py:3239} INFO - Sync 1 DAGs
[2026-05-15T17:28:48.573+0000] {logging_mixin.py:190} INFO - [2026-05-15T17:28:48.573+0000] {dag.py:4180} INFO - Setting next_dagrun for example_python_operator to None, run_after=None
[2026-05-15T17:28:48.593+0000] {processor.py:208} INFO - Processing /usr/local/python/3.12.1/lib/python3.12/site-packages/airflow/example_dags/example_python_operator.py took 0.063 seconds
[2026-05-15T17:29:38.570+0000] {processor.py:186} INFO - Started process (PID=71571) to work on /usr/local/python/3.12.1/lib/python3.12/site-packages/airflow/example_dags/example_python_operator.py
[2026-05-15T17:29:38.571+0000] {processor.py:914} INFO - Processing file /usr/local/python/3.12.1/lib/python3.12/site-packages/airflow/example_dags/example_python_operator.py for tasks to queue
[2026-05-15T17:29:38.573+0000] {logging_mixin.py:190} INFO - [2026-05-15T17:29:38.572+0000] {dagbag.py:588} INFO - Filling up the DagBag from /usr/local/python/3.12.1/lib/python3.12/site-packages/airflow/example_dags/example_python_operator.py
[2026-05-15T17:29:38.586+0000] {processor.py:925} INFO - DAG(s) 'example_python_operator' retrieved from /usr/local/python/3.12.1/lib/python3.12/site-packages/airflow/example_dags/example_python_operator.py
[2026-05-15T17:29:38.602+0000] {logging_mixin.py:190} INFO - [2026-05-15T17:29:38.602+0000] {dag.py:3239} INFO - Sync 1 DAGs
[2026-05-15T17:29:38.612+0000] {logging_mixin.py:190} INFO - [2026-05-15T17:29:38.612+0000] {dag.py:4180} INFO - Setting next_dagrun for example_python_operator to None, run_after=None
[2026-05-15T17:29:38.629+0000] {processor.py:208} INFO - Processing /usr/local/python/3.12.1/lib/python3.12/site-packages/airflow/example_dags/example_python_operator.py took 0.064 seconds
[2026-05-15T17:30:31.338+0000] {processor.py:186} INFO - Started process (PID=72162) to work on /usr/local/python/3.12.1/lib/python3.12/site-packages/airflow/example_dags/example_python_operator.py
[2026-05-15T17:30:31.339+0000] {processor.py:914} INFO - Processing file /usr/local/python/3.12.1/lib/python3.12/site-packages/airflow/example_dags/example_python_operator.py for tasks to queue
[2026-05-15T17:30:31.341+0000] {logging_mixin.py:190} INFO - [2026-05-15T17:30:31.341+0000] {dagbag.py:588} INFO - Filling up the DagBag from /usr/local/python/3.12.1/lib/python3.12/site-packages/airflow/example_dags/example_python_operator.py
[2026-05-15T17:30:31.351+0000] {processor.py:925} INFO - DAG(s) 'example_python_operator' retrieved from /usr/local/python/3.12.1/lib/python3.12/site-packages/airflow/example_dags/example_python_operator.py
[2026-05-15T17:30:31.368+0000] {logging_mixin.py:190} INFO - [2026-05-15T17:30:31.368+0000] {dag.py:3239} INFO - Sync 1 DAGs
[2026-05-15T17:30:31.381+0000] {logging_mixin.py:190} INFO - [2026-05-15T17:30:31.381+0000] {dag.py:4180} INFO - Setting next_dagrun for example_python_operator to None, run_after=None
[2026-05-15T17:30:31.429+0000] {processor.py:208} INFO - Processing /usr/local/python/3.12.1/lib/python3.12/site-packages/airflow/example_dags/example_python_operator.py took 0.096 seconds
[2026-05-15T17:31:24.422+0000] {processor.py:186} INFO - Started process (PID=72712) to work on /usr/local/python/3.12.1/lib/python3.12/site-packages/airflow/example_dags/example_python_operator.py
[2026-05-15T17:31:24.423+0000] {processor.py:914} INFO - Processing file /usr/local/python/3.12.1/lib/python3.12/site-packages/airflow/example_dags/example_python_operator.py for tasks to queue
[2026-05-15T17:31:24.426+0000] {logging_mixin.py:190} INFO - [2026-05-15T17:31:24.426+0000] {dagbag.py:588} INFO - Filling up the DagBag from /usr/local/python/3.12.1/lib/python3.12/site-packages/airflow/example_dags/example_python_operator.py
[2026-05-15T17:31:24.451+0000] {processor.py:925} INFO - DAG(s) 'example_python_operator' retrieved from /usr/local/python/3.12.1/lib/python3.12/site-packages/airflow/example_dags/example_python_operator.py
[2026-05-15T17:31:24.477+0000] {logging_mixin.py:190} INFO - [2026-05-15T17:31:24.477+0000] {dag.py:3239} INFO - Sync 1 DAGs
[2026-05-15T17:31:24.497+0000] {logging_mixin.py:190} INFO - [2026-05-15T17:31:24.496+0000] {dag.py:4180} INFO - Setting next_dagrun for example_python_operator to None, run_after=None
[2026-05-15T17:31:24.530+0000] {processor.py:208} INFO - Processing /usr/local/python/3.12.1/lib/python3.12/site-packages/airflow/example_dags/example_python_operator.py took 0.118 seconds
[2026-05-15T17:32:17.509+0000] {processor.py:186} INFO - Started process (PID=73188) to work on /usr/local/python/3.12.1/lib/python3.12/site-packages/airflow/example_dags/example_python_operator.py
[2026-05-15T17:32:17.510+0000] {processor.py:914} INFO - Processing file /usr/local/python/3.12.1/lib/python3.12/site-packages/airflow/example_dags/example_python_operator.py for tasks to queue
[2026-05-15T17:32:17.512+0000] {logging_mixin.py:190} INFO - [2026-05-15T17:32:17.512+0000] {dagbag.py:588} INFO - Filling up the DagBag from /usr/local/python/3.12.1/lib/python3.12/site-packages/airflow/example_dags/example_python_operator.py
[2026-05-15T17:32:17.522+0000] {processor.py:925} INFO - DAG(s) 'example_python_operator' retrieved from /usr/local/python/3.12.1/lib/python3.12/site-packages/airflow/example_dags/example_python_operator.py
[2026-05-15T17:32:17.536+0000] {logging_mixin.py:190} INFO - [2026-05-15T17:32:17.536+0000] {dag.py:3239} INFO - Sync 1 DAGs
[2026-05-15T17:32:17.546+0000] {logging_mixin.py:190} INFO - [2026-05-15T17:32:17.546+0000] {dag.py:4180} INFO - Setting next_dagrun for example_python_operator to None, run_after=None
[2026-05-15T17:32:17.562+0000] {processor.py:208} INFO - Processing /usr/local/python/3.12.1/lib/python3.12/site-packages/airflow/example_dags/example_python_operator.py took 0.059 seconds
[2026-05-15T17:33:08.941+0000] {processor.py:186} INFO - Started process (PID=73759) to work on /usr/local/python/3.12.1/lib/python3.12/site-packages/airflow/example_dags/example_python_operator.py
[2026-05-15T17:33:08.941+0000] {processor.py:914} INFO - Processing file /usr/local/python/3.12.1/lib/python3.12/site-packages/airflow/example_dags/example_python_operator.py for tasks to queue
[2026-05-15T17:33:08.943+0000] {logging_mixin.py:190} INFO - [2026-05-15T17:33:08.943+0000] {dagbag.py:588} INFO - Filling up the DagBag from /usr/local/python/3.12.1/lib/python3.12/site-packages/airflow/example_dags/example_python_operator.py
[2026-05-15T17:33:08.953+0000] {processor.py:925} INFO - DAG(s) 'example_python_operator' retrieved from /usr/local/python/3.12.1/lib/python3.12/site-packages/airflow/example_dags/example_python_operator.py
[2026-05-15T17:33:08.968+0000] {logging_mixin.py:190} INFO - [2026-05-15T17:33:08.967+0000] {dag.py:3239} INFO - Sync 1 DAGs
[2026-05-15T17:33:08.981+0000] {logging_mixin.py:190} INFO - [2026-05-15T17:33:08.980+0000] {dag.py:4180} INFO - Setting next_dagrun for example_python_operator to None, run_after=None
[2026-05-15T17:33:08.998+0000] {processor.py:208} INFO - Processing /usr/local/python/3.12.1/lib/python3.12/site-packages/airflow/example_dags/example_python_operator.py took 0.063 seconds
[2026-05-15T17:33:58.023+0000] {processor.py:186} INFO - Started process (PID=74329) to work on /usr/local/python/3.12.1/lib/python3.12/site-packages/airflow/example_dags/example_python_operator.py
[2026-05-15T17:33:58.024+0000] {processor.py:914} INFO - Processing file /usr/local/python/3.12.1/lib/python3.12/site-packages/airflow/example_dags/example_python_operator.py for tasks to queue
[2026-05-15T17:33:58.026+0000] {logging_mixin.py:190} INFO - [2026-05-15T17:33:58.026+0000] {dagbag.py:588} INFO - Filling up the DagBag from /usr/local/python/3.12.1/lib/python3.12/site-packages/airflow/example_dags/example_python_operator.py
[2026-05-15T17:33:58.036+0000] {processor.py:925} INFO - DAG(s) 'example_python_operator' retrieved from /usr/local/python/3.12.1/lib/python3.12/site-packages/airflow/example_dags/example_python_operator.py
[2026-05-15T17:33:58.051+0000] {logging_mixin.py:190} INFO - [2026-05-15T17:33:58.051+0000] {dag.py:3239} INFO - Sync 1 DAGs
[2026-05-15T17:33:58.060+0000] {logging_mixin.py:190} INFO - [2026-05-15T17:33:58.060+0000] {dag.py:4180} INFO - Setting next_dagrun for example_python_operator to None, run_after=None
[2026-05-15T17:33:58.079+0000] {processor.py:208} INFO - Processing /usr/local/python/3.12.1/lib/python3.12/site-packages/airflow/example_dags/example_python_operator.py took 0.061 seconds
[2026-05-15T17:34:55.306+0000] {processor.py:186} INFO - Started process (PID=75528) to work on /usr/local/python/3.12.1/lib/python3.12/site-packages/airflow/example_dags/example_python_operator.py
[2026-05-15T17:34:55.307+0000] {processor.py:914} INFO - Processing file /usr/local/python/3.12.1/lib/python3.12/site-packages/airflow/example_dags/example_python_operator.py for tasks to queue
[2026-05-15T17:34:55.309+0000] {logging_mixin.py:190} INFO - [2026-05-15T17:34:55.309+0000] {dagbag.py:588} INFO - Filling up the DagBag from /usr/local/python/3.12.1/lib/python3.12/site-packages/airflow/example_dags/example_python_operator.py
[2026-05-15T17:34:55.320+0000] {processor.py:925} INFO - DAG(s) 'example_python_operator' retrieved from /usr/local/python/3.12.1/lib/python3.12/site-packages/airflow/example_dags/example_python_operator.py
[2026-05-15T17:34:55.335+0000] {logging_mixin.py:190} INFO - [2026-05-15T17:34:55.334+0000] {dag.py:3239} INFO - Sync 1 DAGs
[2026-05-15T17:34:55.346+0000] {logging_mixin.py:190} INFO - [2026-05-15T17:34:55.346+0000] {dag.py:4180} INFO - Setting next_dagrun for example_python_operator to None, run_after=None
[2026-05-15T17:34:55.364+0000] {processor.py:208} INFO - Processing /usr/local/python/3.12.1/lib/python3.12/site-packages/airflow/example_dags/example_python_operator.py took 0.064 seconds
[2026-05-15T17:35:48.745+0000] {processor.py:186} INFO - Started process (PID=76071) to work on /usr/local/python/3.12.1/lib/python3.12/site-packages/airflow/example_dags/example_python_operator.py
[2026-05-15T17:35:48.746+0000] {processor.py:914} INFO - Processing file /usr/local/python/3.12.1/lib/python3.12/site-packages/airflow/example_dags/example_python_operator.py for tasks to queue
[2026-05-15T17:35:48.748+0000] {logging_mixin.py:190} INFO - [2026-05-15T17:35:48.747+0000] {dagbag.py:588} INFO - Filling up the DagBag from /usr/local/python/3.12.1/lib/python3.12/site-packages/airflow/example_dags/example_python_operator.py
[2026-05-15T17:35:48.758+0000] {processor.py:925} INFO - DAG(s) 'example_python_operator' retrieved from /usr/local/python/3.12.1/lib/python3.12/site-packages/airflow/example_dags/example_python_operator.py
[2026-05-15T17:35:48.771+0000] {logging_mixin.py:190} INFO - [2026-05-15T17:35:48.771+0000] {dag.py:3239} INFO - Sync 1 DAGs
[2026-05-15T17:35:48.785+0000] {logging_mixin.py:190} INFO - [2026-05-15T17:35:48.785+0000] {dag.py:4180} INFO - Setting next_dagrun for example_python_operator to None, run_after=None
[2026-05-15T17:35:48.803+0000] {processor.py:208} INFO - Processing /usr/local/python/3.12.1/lib/python3.12/site-packages/airflow/example_dags/example_python_operator.py took 0.064 seconds
[2026-05-15T17:36:38.128+0000] {processor.py:186} INFO - Started process (PID=76515) to work on /usr/local/python/3.12.1/lib/python3.12/site-packages/airflow/example_dags/example_python_operator.py
[2026-05-15T17:36:38.129+0000] {processor.py:914} INFO - Processing file /usr/local/python/3.12.1/lib/python3.12/site-packages/airflow/example_dags/example_python_operator.py for tasks to queue
[2026-05-15T17:36:38.131+0000] {logging_mixin.py:190} INFO - [2026-05-15T17:36:38.131+0000] {dagbag.py:588} INFO - Filling up the DagBag from /usr/local/python/3.12.1/lib/python3.12/site-packages/airflow/example_dags/example_python_operator.py
[2026-05-15T17:36:38.141+0000] {processor.py:925} INFO - DAG(s) 'example_python_operator' retrieved from /usr/local/python/3.12.1/lib/python3.12/site-packages/airflow/example_dags/example_python_operator.py
[2026-05-15T17:36:38.155+0000] {logging_mixin.py:190} INFO - [2026-05-15T17:36:38.155+0000] {dag.py:3239} INFO - Sync 1 DAGs
[2026-05-15T17:36:38.165+0000] {logging_mixin.py:190} INFO - [2026-05-15T17:36:38.164+0000] {dag.py:4180} INFO - Setting next_dagrun for example_python_operator to None, run_after=None
[2026-05-15T17:36:38.182+0000] {processor.py:208} INFO - Processing /usr/local/python/3.12.1/lib/python3.12/site-packages/airflow/example_dags/example_python_operator.py took 0.059 seconds
[2026-05-15T17:37:27.991+0000] {processor.py:186} INFO - Started process (PID=77041) to work on /usr/local/python/3.12.1/lib/python3.12/site-packages/airflow/example_dags/example_python_operator.py
[2026-05-15T17:37:27.992+0000] {processor.py:914} INFO - Processing file /usr/local/python/3.12.1/lib/python3.12/site-packages/airflow/example_dags/example_python_operator.py for tasks to queue
[2026-05-15T17:37:27.994+0000] {logging_mixin.py:190} INFO - [2026-05-15T17:37:27.993+0000] {dagbag.py:588} INFO - Filling up the DagBag from /usr/local/python/3.12.1/lib/python3.12/site-packages/airflow/example_dags/example_python_operator.py
[2026-05-15T17:37:28.006+0000] {processor.py:925} INFO - DAG(s) 'example_python_operator' retrieved from /usr/local/python/3.12.1/lib/python3.12/site-packages/airflow/example_dags/example_python_operator.py
[2026-05-15T17:37:28.020+0000] {logging_mixin.py:190} INFO - [2026-05-15T17:37:28.020+0000] {dag.py:3239} INFO - Sync 1 DAGs
[2026-05-15T17:37:28.031+0000] {logging_mixin.py:190} INFO - [2026-05-15T17:37:28.031+0000] {dag.py:4180} INFO - Setting next_dagrun for example_python_operator to None, run_after=None
[2026-05-15T17:37:28.048+0000] {processor.py:208} INFO - Processing /usr/local/python/3.12.1/lib/python3.12/site-packages/airflow/example_dags/example_python_operator.py took 0.062 seconds
[2026-05-15T17:38:18.701+0000] {processor.py:186} INFO - Started process (PID=77561) to work on /usr/local/python/3.12.1/lib/python3.12/site-packages/airflow/example_dags/example_python_operator.py
[2026-05-15T17:38:18.702+0000] {processor.py:914} INFO - Processing file /usr/local/python/3.12.1/lib/python3.12/site-packages/airflow/example_dags/example_python_operator.py for tasks to queue
[2026-05-15T17:38:18.703+0000] {logging_mixin.py:190} INFO - [2026-05-15T17:38:18.703+0000] {dagbag.py:588} INFO - Filling up the DagBag from /usr/local/python/3.12.1/lib/python3.12/site-packages/airflow/example_dags/example_python_operator.py
[2026-05-15T17:38:18.713+0000] {processor.py:925} INFO - DAG(s) 'example_python_operator' retrieved from /usr/local/python/3.12.1/lib/python3.12/site-packages/airflow/example_dags/example_python_operator.py
[2026-05-15T17:38:18.727+0000] {logging_mixin.py:190} INFO - [2026-05-15T17:38:18.727+0000] {dag.py:3239} INFO - Sync 1 DAGs
[2026-05-15T17:38:18.737+0000] {logging_mixin.py:190} INFO - [2026-05-15T17:38:18.737+0000] {dag.py:4180} INFO - Setting next_dagrun for example_python_operator to None, run_after=None
[2026-05-15T17:38:18.756+0000] {processor.py:208} INFO - Processing /usr/local/python/3.12.1/lib/python3.12/site-packages/airflow/example_dags/example_python_operator.py took 0.060 seconds
[2026-05-15T17:39:13.105+0000] {processor.py:186} INFO - Started process (PID=78266) to work on /usr/local/python/3.12.1/lib/python3.12/site-packages/airflow/example_dags/example_python_operator.py
[2026-05-15T17:39:13.105+0000] {processor.py:914} INFO - Processing file /usr/local/python/3.12.1/lib/python3.12/site-packages/airflow/example_dags/example_python_operator.py for tasks to queue
[2026-05-15T17:39:13.107+0000] {logging_mixin.py:190} INFO - [2026-05-15T17:39:13.107+0000] {dagbag.py:588} INFO - Filling up the DagBag from /usr/local/python/3.12.1/lib/python3.12/site-packages/airflow/example_dags/example_python_operator.py
[2026-05-15T17:39:13.117+0000] {processor.py:925} INFO - DAG(s) 'example_python_operator' retrieved from /usr/local/python/3.12.1/lib/python3.12/site-packages/airflow/example_dags/example_python_operator.py
[2026-05-15T17:39:13.131+0000] {logging_mixin.py:190} INFO - [2026-05-15T17:39:13.131+0000] {dag.py:3239} INFO - Sync 1 DAGs
[2026-05-15T17:39:13.141+0000] {logging_mixin.py:190} INFO - [2026-05-15T17:39:13.140+0000] {dag.py:4180} INFO - Setting next_dagrun for example_python_operator to None, run_after=None
[2026-05-15T17:39:13.160+0000] {processor.py:208} INFO - Processing /usr/local/python/3.12.1/lib/python3.12/site-packages/airflow/example_dags/example_python_operator.py took 0.060 seconds
[2026-05-15T17:40:10.992+0000] {processor.py:186} INFO - Started process (PID=78912) to work on /usr/local/python/3.12.1/lib/python3.12/site-packages/airflow/example_dags/example_python_operator.py
[2026-05-15T17:40:10.994+0000] {processor.py:914} INFO - Processing file /usr/local/python/3.12.1/lib/python3.12/site-packages/airflow/example_dags/example_python_operator.py for tasks to queue
[2026-05-15T17:40:10.997+0000] {logging_mixin.py:190} INFO - [2026-05-15T17:40:10.996+0000] {dagbag.py:588} INFO - Filling up the DagBag from /usr/local/python/3.12.1/lib/python3.12/site-packages/airflow/example_dags/example_python_operator.py
[2026-05-15T17:40:11.011+0000] {processor.py:925} INFO - DAG(s) 'example_python_operator' retrieved from /usr/local/python/3.12.1/lib/python3.12/site-packages/airflow/example_dags/example_python_operator.py
[2026-05-15T17:40:11.032+0000] {logging_mixin.py:190} INFO - [2026-05-15T17:40:11.032+0000] {dag.py:3239} INFO - Sync 1 DAGs
[2026-05-15T17:40:11.047+0000] {logging_mixin.py:190} INFO - [2026-05-15T17:40:11.047+0000] {dag.py:4180} INFO - Setting next_dagrun for example_python_operator to None, run_after=None
[2026-05-15T17:40:11.083+0000] {processor.py:208} INFO - Processing /usr/local/python/3.12.1/lib/python3.12/site-packages/airflow/example_dags/example_python_operator.py took 0.098 seconds
[2026-05-15T17:41:06.055+0000] {processor.py:186} INFO - Started process (PID=79478) to work on /usr/local/python/3.12.1/lib/python3.12/site-packages/airflow/example_dags/example_python_operator.py
[2026-05-15T17:41:06.056+0000] {processor.py:914} INFO - Processing file /usr/local/python/3.12.1/lib/python3.12/site-packages/airflow/example_dags/example_python_operator.py for tasks to queue
[2026-05-15T17:41:06.059+0000] {logging_mixin.py:190} INFO - [2026-05-15T17:41:06.059+0000] {dagbag.py:588} INFO - Filling up the DagBag from /usr/local/python/3.12.1/lib/python3.12/site-packages/airflow/example_dags/example_python_operator.py
[2026-05-15T17:41:06.073+0000] {processor.py:925} INFO - DAG(s) 'example_python_operator' retrieved from /usr/local/python/3.12.1/lib/python3.12/site-packages/airflow/example_dags/example_python_operator.py
[2026-05-15T17:41:06.092+0000] {logging_mixin.py:190} INFO - [2026-05-15T17:41:06.092+0000] {dag.py:3239} INFO - Sync 1 DAGs
[2026-05-15T17:41:06.108+0000] {logging_mixin.py:190} INFO - [2026-05-15T17:41:06.108+0000] {dag.py:4180} INFO - Setting next_dagrun for example_python_operator to None, run_after=None
[2026-05-15T17:41:06.153+0000] {processor.py:208} INFO - Processing /usr/local/python/3.12.1/lib/python3.12/site-packages/airflow/example_dags/example_python_operator.py took 0.106 seconds
[2026-05-15T17:41:56.920+0000] {processor.py:186} INFO - Started process (PID=79999) to work on /usr/local/python/3.12.1/lib/python3.12/site-packages/airflow/example_dags/example_python_operator.py
[2026-05-15T17:41:56.920+0000] {processor.py:914} INFO - Processing file /usr/local/python/3.12.1/lib/python3.12/site-packages/airflow/example_dags/example_python_operator.py for tasks to queue
[2026-05-15T17:41:56.922+0000] {logging_mixin.py:190} INFO - [2026-05-15T17:41:56.922+0000] {dagbag.py:588} INFO - Filling up the DagBag from /usr/local/python/3.12.1/lib/python3.12/site-packages/airflow/example_dags/example_python_operator.py
[2026-05-15T17:41:56.932+0000] {processor.py:925} INFO - DAG(s) 'example_python_operator' retrieved from /usr/local/python/3.12.1/lib/python3.12/site-packages/airflow/example_dags/example_python_operator.py
[2026-05-15T17:41:56.954+0000] {logging_mixin.py:190} INFO - [2026-05-15T17:41:56.953+0000] {dag.py:3239} INFO - Sync 1 DAGs
[2026-05-15T17:41:56.968+0000] {logging_mixin.py:190} INFO - [2026-05-15T17:41:56.967+0000] {dag.py:4180} INFO - Setting next_dagrun for example_python_operator to None, run_after=None
[2026-05-15T17:41:56.992+0000] {processor.py:208} INFO - Processing /usr/local/python/3.12.1/lib/python3.12/site-packages/airflow/example_dags/example_python_operator.py took 0.078 seconds
[2026-05-15T17:42:49.627+0000] {processor.py:186} INFO - Started process (PID=80539) to work on /usr/local/python/3.12.1/lib/python3.12/site-packages/airflow/example_dags/example_python_operator.py
[2026-05-15T17:42:49.628+0000] {processor.py:914} INFO - Processing file /usr/local/python/3.12.1/lib/python3.12/site-packages/airflow/example_dags/example_python_operator.py for tasks to queue
[2026-05-15T17:42:49.630+0000] {logging_mixin.py:190} INFO - [2026-05-15T17:42:49.630+0000] {dagbag.py:588} INFO - Filling up the DagBag from /usr/local/python/3.12.1/lib/python3.12/site-packages/airflow/example_dags/example_python_operator.py
[2026-05-15T17:42:49.640+0000] {processor.py:925} INFO - DAG(s) 'example_python_operator' retrieved from /usr/local/python/3.12.1/lib/python3.12/site-packages/airflow/example_dags/example_python_operator.py
[2026-05-15T17:42:49.654+0000] {logging_mixin.py:190} INFO - [2026-05-15T17:42:49.654+0000] {dag.py:3239} INFO - Sync 1 DAGs
[2026-05-15T17:42:49.664+0000] {logging_mixin.py:190} INFO - [2026-05-15T17:42:49.664+0000] {dag.py:4180} INFO - Setting next_dagrun for example_python_operator to None, run_after=None
[2026-05-15T17:42:49.681+0000] {processor.py:208} INFO - Processing /usr/local/python/3.12.1/lib/python3.12/site-packages/airflow/example_dags/example_python_operator.py took 0.059 seconds
[2026-05-15T17:43:41.852+0000] {processor.py:186} INFO - Started process (PID=81012) to work on /usr/local/python/3.12.1/lib/python3.12/site-packages/airflow/example_dags/example_python_operator.py
[2026-05-15T17:43:41.852+0000] {processor.py:914} INFO - Processing file /usr/local/python/3.12.1/lib/python3.12/site-packages/airflow/example_dags/example_python_operator.py for tasks to queue
[2026-05-15T17:43:41.854+0000] {logging_mixin.py:190} INFO - [2026-05-15T17:43:41.854+0000] {dagbag.py:588} INFO - Filling up the DagBag from /usr/local/python/3.12.1/lib/python3.12/site-packages/airflow/example_dags/example_python_operator.py
[2026-05-15T17:43:41.864+0000] {processor.py:925} INFO - DAG(s) 'example_python_operator' retrieved from /usr/local/python/3.12.1/lib/python3.12/site-packages/airflow/example_dags/example_python_operator.py
[2026-05-15T17:43:41.883+0000] {logging_mixin.py:190} INFO - [2026-05-15T17:43:41.882+0000] {dag.py:3239} INFO - Sync 1 DAGs
[2026-05-15T17:43:41.900+0000] {logging_mixin.py:190} INFO - [2026-05-15T17:43:41.899+0000] {dag.py:4180} INFO - Setting next_dagrun for example_python_operator to None, run_after=None
[2026-05-15T17:43:41.916+0000] {processor.py:208} INFO - Processing /usr/local/python/3.12.1/lib/python3.12/site-packages/airflow/example_dags/example_python_operator.py took 0.070 seconds
[2026-05-15T17:44:29.779+0000] {processor.py:186} INFO - Started process (PID=81577) to work on /usr/local/python/3.12.1/lib/python3.12/site-packages/airflow/example_dags/example_python_operator.py
[2026-05-15T17:44:29.780+0000] {processor.py:914} INFO - Processing file /usr/local/python/3.12.1/lib/python3.12/site-packages/airflow/example_dags/example_python_operator.py for tasks to queue
[2026-05-15T17:44:29.782+0000] {logging_mixin.py:190} INFO - [2026-05-15T17:44:29.782+0000] {dagbag.py:588} INFO - Filling up the DagBag from /usr/local/python/3.12.1/lib/python3.12/site-packages/airflow/example_dags/example_python_operator.py
[2026-05-15T17:44:29.796+0000] {processor.py:925} INFO - DAG(s) 'example_python_operator' retrieved from /usr/local/python/3.12.1/lib/python3.12/site-packages/airflow/example_dags/example_python_operator.py
[2026-05-15T17:44:29.810+0000] {logging_mixin.py:190} INFO - [2026-05-15T17:44:29.810+0000] {dag.py:3239} INFO - Sync 1 DAGs
[2026-05-15T17:44:29.820+0000] {logging_mixin.py:190} INFO - [2026-05-15T17:44:29.820+0000] {dag.py:4180} INFO - Setting next_dagrun for example_python_operator to None, run_after=None
[2026-05-15T17:44:29.837+0000] {processor.py:208} INFO - Processing /usr/local/python/3.12.1/lib/python3.12/site-packages/airflow/example_dags/example_python_operator.py took 0.063 seconds
[2026-05-15T17:45:22.378+0000] {processor.py:186} INFO - Started process (PID=82180) to work on /usr/local/python/3.12.1/lib/python3.12/site-packages/airflow/example_dags/example_python_operator.py
[2026-05-15T17:45:22.379+0000] {processor.py:914} INFO - Processing file /usr/local/python/3.12.1/lib/python3.12/site-packages/airflow/example_dags/example_python_operator.py for tasks to queue
[2026-05-15T17:45:22.380+0000] {logging_mixin.py:190} INFO - [2026-05-15T17:45:22.380+0000] {dagbag.py:588} INFO - Filling up the DagBag from /usr/local/python/3.12.1/lib/python3.12/site-packages/airflow/example_dags/example_python_operator.py
[2026-05-15T17:45:22.390+0000] {processor.py:925} INFO - DAG(s) 'example_python_operator' retrieved from /usr/local/python/3.12.1/lib/python3.12/site-packages/airflow/example_dags/example_python_operator.py
[2026-05-15T17:45:22.406+0000] {logging_mixin.py:190} INFO - [2026-05-15T17:45:22.406+0000] {dag.py:3239} INFO - Sync 1 DAGs
[2026-05-15T17:45:22.421+0000] {logging_mixin.py:190} INFO - [2026-05-15T17:45:22.420+0000] {dag.py:4180} INFO - Setting next_dagrun for example_python_operator to None, run_after=None
[2026-05-15T17:45:22.438+0000] {processor.py:208} INFO - Processing /usr/local/python/3.12.1/lib/python3.12/site-packages/airflow/example_dags/example_python_operator.py took 0.066 seconds
[2026-05-15T17:46:12.889+0000] {processor.py:186} INFO - Started process (PID=82707) to work on /usr/local/python/3.12.1/lib/python3.12/site-packages/airflow/example_dags/example_python_operator.py
[2026-05-15T17:46:12.890+0000] {processor.py:914} INFO - Processing file /usr/local/python/3.12.1/lib/python3.12/site-packages/airflow/example_dags/example_python_operator.py for tasks to queue
[2026-05-15T17:46:12.892+0000] {logging_mixin.py:190} INFO - [2026-05-15T17:46:12.891+0000] {dagbag.py:588} INFO - Filling up the DagBag from /usr/local/python/3.12.1/lib/python3.12/site-packages/airflow/example_dags/example_python_operator.py
[2026-05-15T17:46:12.902+0000] {processor.py:925} INFO - DAG(s) 'example_python_operator' retrieved from /usr/local/python/3.12.1/lib/python3.12/site-packages/airflow/example_dags/example_python_operator.py
[2026-05-15T17:46:12.915+0000] {logging_mixin.py:190} INFO - [2026-05-15T17:46:12.915+0000] {dag.py:3239} INFO - Sync 1 DAGs
[2026-05-15T17:46:12.925+0000] {logging_mixin.py:190} INFO - [2026-05-15T17:46:12.925+0000] {dag.py:4180} INFO - Setting next_dagrun for example_python_operator to None, run_after=None
[2026-05-15T17:46:12.942+0000] {processor.py:208} INFO - Processing /usr/local/python/3.12.1/lib/python3.12/site-packages/airflow/example_dags/example_python_operator.py took 0.060 seconds
[2026-05-15T17:47:01.538+0000] {processor.py:186} INFO - Started process (PID=83223) to work on /usr/local/python/3.12.1/lib/python3.12/site-packages/airflow/example_dags/example_python_operator.py
[2026-05-15T17:47:01.538+0000] {processor.py:914} INFO - Processing file /usr/local/python/3.12.1/lib/python3.12/site-packages/airflow/example_dags/example_python_operator.py for tasks to queue
[2026-05-15T17:47:01.540+0000] {logging_mixin.py:190} INFO - [2026-05-15T17:47:01.540+0000] {dagbag.py:588} INFO - Filling up the DagBag from /usr/local/python/3.12.1/lib/python3.12/site-packages/airflow/example_dags/example_python_operator.py
[2026-05-15T17:47:01.551+0000] {processor.py:925} INFO - DAG(s) 'example_python_operator' retrieved from /usr/local/python/3.12.1/lib/python3.12/site-packages/airflow/example_dags/example_python_operator.py
[2026-05-15T17:47:01.565+0000] {logging_mixin.py:190} INFO - [2026-05-15T17:47:01.565+0000] {dag.py:3239} INFO - Sync 1 DAGs
[2026-05-15T17:47:01.577+0000] {logging_mixin.py:190} INFO - [2026-05-15T17:47:01.577+0000] {dag.py:4180} INFO - Setting next_dagrun for example_python_operator to None, run_after=None
[2026-05-15T17:47:01.597+0000] {processor.py:208} INFO - Processing /usr/local/python/3.12.1/lib/python3.12/site-packages/airflow/example_dags/example_python_operator.py took 0.065 seconds
[2026-05-15T17:47:53.531+0000] {processor.py:186} INFO - Started process (PID=83756) to work on /usr/local/python/3.12.1/lib/python3.12/site-packages/airflow/example_dags/example_python_operator.py
[2026-05-15T17:47:53.532+0000] {processor.py:914} INFO - Processing file /usr/local/python/3.12.1/lib/python3.12/site-packages/airflow/example_dags/example_python_operator.py for tasks to queue
[2026-05-15T17:47:53.534+0000] {logging_mixin.py:190} INFO - [2026-05-15T17:47:53.534+0000] {dagbag.py:588} INFO - Filling up the DagBag from /usr/local/python/3.12.1/lib/python3.12/site-packages/airflow/example_dags/example_python_operator.py
[2026-05-15T17:47:53.544+0000] {processor.py:925} INFO - DAG(s) 'example_python_operator' retrieved from /usr/local/python/3.12.1/lib/python3.12/site-packages/airflow/example_dags/example_python_operator.py
[2026-05-15T17:47:53.559+0000] {logging_mixin.py:190} INFO - [2026-05-15T17:47:53.558+0000] {dag.py:3239} INFO - Sync 1 DAGs
[2026-05-15T17:47:53.572+0000] {logging_mixin.py:190} INFO - [2026-05-15T17:47:53.572+0000] {dag.py:4180} INFO - Setting next_dagrun for example_python_operator to None, run_after=None
[2026-05-15T17:47:53.595+0000] {processor.py:208} INFO - Processing /usr/local/python/3.12.1/lib/python3.12/site-packages/airflow/example_dags/example_python_operator.py took 0.068 seconds
[2026-05-15T17:48:45.936+0000] {processor.py:186} INFO - Started process (PID=84298) to work on /usr/local/python/3.12.1/lib/python3.12/site-packages/airflow/example_dags/example_python_operator.py
[2026-05-15T17:48:45.936+0000] {processor.py:914} INFO - Processing file /usr/local/python/3.12.1/lib/python3.12/site-packages/airflow/example_dags/example_python_operator.py for tasks to queue
[2026-05-15T17:48:45.938+0000] {logging_mixin.py:190} INFO - [2026-05-15T17:48:45.938+0000] {dagbag.py:588} INFO - Filling up the DagBag from /usr/local/python/3.12.1/lib/python3.12/site-packages/airflow/example_dags/example_python_operator.py
[2026-05-15T17:48:45.948+0000] {processor.py:925} INFO - DAG(s) 'example_python_operator' retrieved from /usr/local/python/3.12.1/lib/python3.12/site-packages/airflow/example_dags/example_python_operator.py
[2026-05-15T17:48:45.964+0000] {logging_mixin.py:190} INFO - [2026-05-15T17:48:45.964+0000] {dag.py:3239} INFO - Sync 1 DAGs
[2026-05-15T17:48:45.976+0000] {logging_mixin.py:190} INFO - [2026-05-15T17:48:45.976+0000] {dag.py:4180} INFO - Setting next_dagrun for example_python_operator to None, run_after=None
[2026-05-15T17:48:46.001+0000] {processor.py:208} INFO - Processing /usr/local/python/3.12.1/lib/python3.12/site-packages/airflow/example_dags/example_python_operator.py took 0.071 seconds
[2026-05-15T17:49:42.134+0000] {processor.py:186} INFO - Started process (PID=84884) to work on /usr/local/python/3.12.1/lib/python3.12/site-packages/airflow/example_dags/example_python_operator.py
[2026-05-15T17:49:42.135+0000] {processor.py:914} INFO - Processing file /usr/local/python/3.12.1/lib/python3.12/site-packages/airflow/example_dags/example_python_operator.py for tasks to queue
[2026-05-15T17:49:42.137+0000] {logging_mixin.py:190} INFO - [2026-05-15T17:49:42.136+0000] {dagbag.py:588} INFO - Filling up the DagBag from /usr/local/python/3.12.1/lib/python3.12/site-packages/airflow/example_dags/example_python_operator.py
[2026-05-15T17:49:42.147+0000] {processor.py:925} INFO - DAG(s) 'example_python_operator' retrieved from /usr/local/python/3.12.1/lib/python3.12/site-packages/airflow/example_dags/example_python_operator.py
[2026-05-15T17:49:42.163+0000] {logging_mixin.py:190} INFO - [2026-05-15T17:49:42.162+0000] {dag.py:3239} INFO - Sync 1 DAGs
[2026-05-15T17:49:42.175+0000] {logging_mixin.py:190} INFO - [2026-05-15T17:49:42.175+0000] {dag.py:4180} INFO - Setting next_dagrun for example_python_operator to None, run_after=None
[2026-05-15T17:49:42.195+0000] {processor.py:208} INFO - Processing /usr/local/python/3.12.1/lib/python3.12/site-packages/airflow/example_dags/example_python_operator.py took 0.066 seconds
[2026-05-15T17:50:37.196+0000] {processor.py:186} INFO - Started process (PID=85470) to work on /usr/local/python/3.12.1/lib/python3.12/site-packages/airflow/example_dags/example_python_operator.py
[2026-05-15T17:50:37.197+0000] {processor.py:914} INFO - Processing file /usr/local/python/3.12.1/lib/python3.12/site-packages/airflow/example_dags/example_python_operator.py for tasks to queue
[2026-05-15T17:50:37.199+0000] {logging_mixin.py:190} INFO - [2026-05-15T17:50:37.199+0000] {dagbag.py:588} INFO - Filling up the DagBag from /usr/local/python/3.12.1/lib/python3.12/site-packages/airflow/example_dags/example_python_operator.py
[2026-05-15T17:50:37.209+0000] {processor.py:925} INFO - DAG(s) 'example_python_operator' retrieved from /usr/local/python/3.12.1/lib/python3.12/site-packages/airflow/example_dags/example_python_operator.py
[2026-05-15T17:50:37.224+0000] {logging_mixin.py:190} INFO - [2026-05-15T17:50:37.224+0000] {dag.py:3239} INFO - Sync 1 DAGs
[2026-05-15T17:50:37.233+0000] {logging_mixin.py:190} INFO - [2026-05-15T17:50:37.233+0000] {dag.py:4180} INFO - Setting next_dagrun for example_python_operator to None, run_after=None
[2026-05-15T17:50:37.250+0000] {processor.py:208} INFO - Processing /usr/local/python/3.12.1/lib/python3.12/site-packages/airflow/example_dags/example_python_operator.py took 0.062 seconds
[2026-05-15T17:51:31.675+0000] {processor.py:186} INFO - Started process (PID=86018) to work on /usr/local/python/3.12.1/lib/python3.12/site-packages/airflow/example_dags/example_python_operator.py
[2026-05-15T17:51:31.675+0000] {processor.py:914} INFO - Processing file /usr/local/python/3.12.1/lib/python3.12/site-packages/airflow/example_dags/example_python_operator.py for tasks to queue
[2026-05-15T17:51:31.678+0000] {logging_mixin.py:190} INFO - [2026-05-15T17:51:31.677+0000] {dagbag.py:588} INFO - Filling up the DagBag from /usr/local/python/3.12.1/lib/python3.12/site-packages/airflow/example_dags/example_python_operator.py
[2026-05-15T17:51:31.691+0000] {processor.py:925} INFO - DAG(s) 'example_python_operator' retrieved from /usr/local/python/3.12.1/lib/python3.12/site-packages/airflow/example_dags/example_python_operator.py
[2026-05-15T17:51:31.706+0000] {logging_mixin.py:190} INFO - [2026-05-15T17:51:31.706+0000] {dag.py:3239} INFO - Sync 1 DAGs
[2026-05-15T17:51:31.716+0000] {logging_mixin.py:190} INFO - [2026-05-15T17:51:31.716+0000] {dag.py:4180} INFO - Setting next_dagrun for example_python_operator to None, run_after=None
[2026-05-15T17:51:31.742+0000] {processor.py:208} INFO - Processing /usr/local/python/3.12.1/lib/python3.12/site-packages/airflow/example_dags/example_python_operator.py took 0.073 seconds
[2026-05-15T17:52:22.239+0000] {processor.py:186} INFO - Started process (PID=86532) to work on /usr/local/python/3.12.1/lib/python3.12/site-packages/airflow/example_dags/example_python_operator.py
[2026-05-15T17:52:22.239+0000] {processor.py:914} INFO - Processing file /usr/local/python/3.12.1/lib/python3.12/site-packages/airflow/example_dags/example_python_operator.py for tasks to queue
[2026-05-15T17:52:22.241+0000] {logging_mixin.py:190} INFO - [2026-05-15T17:52:22.241+0000] {dagbag.py:588} INFO - Filling up the DagBag from /usr/local/python/3.12.1/lib/python3.12/site-packages/airflow/example_dags/example_python_operator.py
[2026-05-15T17:52:22.251+0000] {processor.py:925} INFO - DAG(s) 'example_python_operator' retrieved from /usr/local/python/3.12.1/lib/python3.12/site-packages/airflow/example_dags/example_python_operator.py
[2026-05-15T17:52:22.265+0000] {logging_mixin.py:190} INFO - [2026-05-15T17:52:22.265+0000] {dag.py:3239} INFO - Sync 1 DAGs
[2026-05-15T17:52:22.277+0000] {logging_mixin.py:190} INFO - [2026-05-15T17:52:22.276+0000] {dag.py:4180} INFO - Setting next_dagrun for example_python_operator to None, run_after=None
[2026-05-15T17:52:22.297+0000] {processor.py:208} INFO - Processing /usr/local/python/3.12.1/lib/python3.12/site-packages/airflow/example_dags/example_python_operator.py took 0.063 seconds
[2026-05-15T17:53:17.339+0000] {processor.py:186} INFO - Started process (PID=87057) to work on /usr/local/python/3.12.1/lib/python3.12/site-packages/airflow/example_dags/example_python_operator.py
[2026-05-15T17:53:17.339+0000] {processor.py:914} INFO - Processing file /usr/local/python/3.12.1/lib/python3.12/site-packages/airflow/example_dags/example_python_operator.py for tasks to queue
[2026-05-15T17:53:17.341+0000] {logging_mixin.py:190} INFO - [2026-05-15T17:53:17.341+0000] {dagbag.py:588} INFO - Filling up the DagBag from /usr/local/python/3.12.1/lib/python3.12/site-packages/airflow/example_dags/example_python_operator.py
[2026-05-15T17:53:17.352+0000] {processor.py:925} INFO - DAG(s) 'example_python_operator' retrieved from /usr/local/python/3.12.1/lib/python3.12/site-packages/airflow/example_dags/example_python_operator.py
[2026-05-15T17:53:17.365+0000] {logging_mixin.py:190} INFO - [2026-05-15T17:53:17.365+0000] {dag.py:3239} INFO - Sync 1 DAGs
[2026-05-15T17:53:17.377+0000] {logging_mixin.py:190} INFO - [2026-05-15T17:53:17.377+0000] {dag.py:4180} INFO - Setting next_dagrun for example_python_operator to None, run_after=None
[2026-05-15T17:53:17.397+0000] {processor.py:208} INFO - Processing /usr/local/python/3.12.1/lib/python3.12/site-packages/airflow/example_dags/example_python_operator.py took 0.064 seconds
[2026-05-15T17:54:11.993+0000] {processor.py:186} INFO - Started process (PID=87673) to work on /usr/local/python/3.12.1/lib/python3.12/site-packages/airflow/example_dags/example_python_operator.py
[2026-05-15T17:54:11.994+0000] {processor.py:914} INFO - Processing file /usr/local/python/3.12.1/lib/python3.12/site-packages/airflow/example_dags/example_python_operator.py for tasks to queue
[2026-05-15T17:54:11.996+0000] {logging_mixin.py:190} INFO - [2026-05-15T17:54:11.995+0000] {dagbag.py:588} INFO - Filling up the DagBag from /usr/local/python/3.12.1/lib/python3.12/site-packages/airflow/example_dags/example_python_operator.py
[2026-05-15T17:54:12.006+0000] {processor.py:925} INFO - DAG(s) 'example_python_operator' retrieved from /usr/local/python/3.12.1/lib/python3.12/site-packages/airflow/example_dags/example_python_operator.py
[2026-05-15T17:54:12.020+0000] {logging_mixin.py:190} INFO - [2026-05-15T17:54:12.020+0000] {dag.py:3239} INFO - Sync 1 DAGs
[2026-05-15T17:54:12.030+0000] {logging_mixin.py:190} INFO - [2026-05-15T17:54:12.030+0000] {dag.py:4180} INFO - Setting next_dagrun for example_python_operator to None, run_after=None
[2026-05-15T17:54:12.048+0000] {processor.py:208} INFO - Processing /usr/local/python/3.12.1/lib/python3.12/site-packages/airflow/example_dags/example_python_operator.py took 0.063 seconds
[2026-05-15T17:55:09.398+0000] {processor.py:186} INFO - Started process (PID=88347) to work on /usr/local/python/3.12.1/lib/python3.12/site-packages/airflow/example_dags/example_python_operator.py
[2026-05-15T17:55:09.399+0000] {processor.py:914} INFO - Processing file /usr/local/python/3.12.1/lib/python3.12/site-packages/airflow/example_dags/example_python_operator.py for tasks to queue
[2026-05-15T17:55:09.401+0000] {logging_mixin.py:190} INFO - [2026-05-15T17:55:09.400+0000] {dagbag.py:588} INFO - Filling up the DagBag from /usr/local/python/3.12.1/lib/python3.12/site-packages/airflow/example_dags/example_python_operator.py
[2026-05-15T17:55:09.411+0000] {processor.py:925} INFO - DAG(s) 'example_python_operator' retrieved from /usr/local/python/3.12.1/lib/python3.12/site-packages/airflow/example_dags/example_python_operator.py
[2026-05-15T17:55:09.425+0000] {logging_mixin.py:190} INFO - [2026-05-15T17:55:09.425+0000] {dag.py:3239} INFO - Sync 1 DAGs
[2026-05-15T17:55:09.435+0000] {logging_mixin.py:190} INFO - [2026-05-15T17:55:09.434+0000] {dag.py:4180} INFO - Setting next_dagrun for example_python_operator to None, run_after=None
[2026-05-15T17:55:09.451+0000] {processor.py:208} INFO - Processing /usr/local/python/3.12.1/lib/python3.12/site-packages/airflow/example_dags/example_python_operator.py took 0.058 seconds
[2026-05-15T17:56:09.821+0000] {processor.py:186} INFO - Started process (PID=88933) to work on /usr/local/python/3.12.1/lib/python3.12/site-packages/airflow/example_dags/example_python_operator.py
[2026-05-15T17:56:09.821+0000] {processor.py:914} INFO - Processing file /usr/local/python/3.12.1/lib/python3.12/site-packages/airflow/example_dags/example_python_operator.py for tasks to queue
[2026-05-15T17:56:09.823+0000] {logging_mixin.py:190} INFO - [2026-05-15T17:56:09.823+0000] {dagbag.py:588} INFO - Filling up the DagBag from /usr/local/python/3.12.1/lib/python3.12/site-packages/airflow/example_dags/example_python_operator.py
[2026-05-15T17:56:09.833+0000] {processor.py:925} INFO - DAG(s) 'example_python_operator' retrieved from /usr/local/python/3.12.1/lib/python3.12/site-packages/airflow/example_dags/example_python_operator.py
[2026-05-15T17:56:09.847+0000] {logging_mixin.py:190} INFO - [2026-05-15T17:56:09.847+0000] {dag.py:3239} INFO - Sync 1 DAGs
[2026-05-15T17:56:09.857+0000] {logging_mixin.py:190} INFO - [2026-05-15T17:56:09.857+0000] {dag.py:4180} INFO - Setting next_dagrun for example_python_operator to None, run_after=None
[2026-05-15T17:56:09.874+0000] {processor.py:208} INFO - Processing /usr/local/python/3.12.1/lib/python3.12/site-packages/airflow/example_dags/example_python_operator.py took 0.058 seconds
[2026-05-15T17:58:00.599+0000] {processor.py:186} INFO - Started process (PID=90392) to work on /usr/local/python/3.12.1/lib/python3.12/site-packages/airflow/example_dags/example_python_operator.py
[2026-05-15T17:58:00.600+0000] {processor.py:914} INFO - Processing file /usr/local/python/3.12.1/lib/python3.12/site-packages/airflow/example_dags/example_python_operator.py for tasks to queue
[2026-05-15T17:58:00.601+0000] {logging_mixin.py:190} INFO - [2026-05-15T17:58:00.601+0000] {dagbag.py:588} INFO - Filling up the DagBag from /usr/local/python/3.12.1/lib/python3.12/site-packages/airflow/example_dags/example_python_operator.py
[2026-05-15T17:58:00.612+0000] {processor.py:925} INFO - DAG(s) 'example_python_operator' retrieved from /usr/local/python/3.12.1/lib/python3.12/site-packages/airflow/example_dags/example_python_operator.py
[2026-05-15T17:58:00.710+0000] {logging_mixin.py:190} INFO - [2026-05-15T17:58:00.709+0000] {dag.py:3239} INFO - Sync 1 DAGs
[2026-05-15T17:58:00.719+0000] {logging_mixin.py:190} INFO - [2026-05-15T17:58:00.719+0000] {dag.py:4180} INFO - Setting next_dagrun for example_python_operator to None, run_after=None
[2026-05-15T17:58:00.736+0000] {processor.py:208} INFO - Processing /usr/local/python/3.12.1/lib/python3.12/site-packages/airflow/example_dags/example_python_operator.py took 0.142 seconds
[2026-05-15T17:58:53.841+0000] {processor.py:186} INFO - Started process (PID=90920) to work on /usr/local/python/3.12.1/lib/python3.12/site-packages/airflow/example_dags/example_python_operator.py
[2026-05-15T17:58:53.842+0000] {processor.py:914} INFO - Processing file /usr/local/python/3.12.1/lib/python3.12/site-packages/airflow/example_dags/example_python_operator.py for tasks to queue
[2026-05-15T17:58:53.844+0000] {logging_mixin.py:190} INFO - [2026-05-15T17:58:53.843+0000] {dagbag.py:588} INFO - Filling up the DagBag from /usr/local/python/3.12.1/lib/python3.12/site-packages/airflow/example_dags/example_python_operator.py
[2026-05-15T17:58:53.855+0000] {processor.py:925} INFO - DAG(s) 'example_python_operator' retrieved from /usr/local/python/3.12.1/lib/python3.12/site-packages/airflow/example_dags/example_python_operator.py
[2026-05-15T17:58:53.870+0000] {logging_mixin.py:190} INFO - [2026-05-15T17:58:53.869+0000] {dag.py:3239} INFO - Sync 1 DAGs
[2026-05-15T17:58:53.883+0000] {logging_mixin.py:190} INFO - [2026-05-15T17:58:53.883+0000] {dag.py:4180} INFO - Setting next_dagrun for example_python_operator to None, run_after=None
[2026-05-15T17:58:53.903+0000] {processor.py:208} INFO - Processing /usr/local/python/3.12.1/lib/python3.12/site-packages/airflow/example_dags/example_python_operator.py took 0.068 seconds
[2026-05-15T17:59:49.081+0000] {processor.py:186} INFO - Started process (PID=91612) to work on /usr/local/python/3.12.1/lib/python3.12/site-packages/airflow/example_dags/example_python_operator.py
[2026-05-15T17:59:49.082+0000] {processor.py:914} INFO - Processing file /usr/local/python/3.12.1/lib/python3.12/site-packages/airflow/example_dags/example_python_operator.py for tasks to queue
[2026-05-15T17:59:49.084+0000] {logging_mixin.py:190} INFO - [2026-05-15T17:59:49.084+0000] {dagbag.py:588} INFO - Filling up the DagBag from /usr/local/python/3.12.1/lib/python3.12/site-packages/airflow/example_dags/example_python_operator.py
[2026-05-15T17:59:49.096+0000] {processor.py:925} INFO - DAG(s) 'example_python_operator' retrieved from /usr/local/python/3.12.1/lib/python3.12/site-packages/airflow/example_dags/example_python_operator.py
[2026-05-15T17:59:49.110+0000] {logging_mixin.py:190} INFO - [2026-05-15T17:59:49.110+0000] {dag.py:3239} INFO - Sync 1 DAGs
[2026-05-15T17:59:49.120+0000] {logging_mixin.py:190} INFO - [2026-05-15T17:59:49.120+0000] {dag.py:4180} INFO - Setting next_dagrun for example_python_operator to None, run_after=None
[2026-05-15T17:59:49.139+0000] {processor.py:208} INFO - Processing /usr/local/python/3.12.1/lib/python3.12/site-packages/airflow/example_dags/example_python_operator.py took 0.063 seconds
[2026-05-15T18:00:38.653+0000] {processor.py:186} INFO - Started process (PID=92111) to work on /usr/local/python/3.12.1/lib/python3.12/site-packages/airflow/example_dags/example_python_operator.py
[2026-05-15T18:00:38.654+0000] {processor.py:914} INFO - Processing file /usr/local/python/3.12.1/lib/python3.12/site-packages/airflow/example_dags/example_python_operator.py for tasks to queue
[2026-05-15T18:00:38.658+0000] {logging_mixin.py:190} INFO - [2026-05-15T18:00:38.656+0000] {dagbag.py:588} INFO - Filling up the DagBag from /usr/local/python/3.12.1/lib/python3.12/site-packages/airflow/example_dags/example_python_operator.py
[2026-05-15T18:00:38.672+0000] {processor.py:925} INFO - DAG(s) 'example_python_operator' retrieved from /usr/local/python/3.12.1/lib/python3.12/site-packages/airflow/example_dags/example_python_operator.py
[2026-05-15T18:00:38.688+0000] {logging_mixin.py:190} INFO - [2026-05-15T18:00:38.688+0000] {dag.py:3239} INFO - Sync 1 DAGs
[2026-05-15T18:00:38.698+0000] {logging_mixin.py:190} INFO - [2026-05-15T18:00:38.698+0000] {dag.py:4180} INFO - Setting next_dagrun for example_python_operator to None, run_after=None
[2026-05-15T18:00:38.717+0000] {processor.py:208} INFO - Processing /usr/local/python/3.12.1/lib/python3.12/site-packages/airflow/example_dags/example_python_operator.py took 0.073 seconds
