[2026-05-15T15:51:57.813+0000] {processor.py:186} INFO - Started process (PID=13932) to work on /usr/local/python/3.12.1/lib/python3.12/site-packages/airflow/example_dags/example_dynamic_task_mapping_with_no_taskflow_operators.py
[2026-05-15T15:51:57.813+0000] {processor.py:914} INFO - Processing file /usr/local/python/3.12.1/lib/python3.12/site-packages/airflow/example_dags/example_dynamic_task_mapping_with_no_taskflow_operators.py for tasks to queue
[2026-05-15T15:51:57.815+0000] {logging_mixin.py:190} INFO - [2026-05-15T15:51:57.815+0000] {dagbag.py:588} INFO - Filling up the DagBag from /usr/local/python/3.12.1/lib/python3.12/site-packages/airflow/example_dags/example_dynamic_task_mapping_with_no_taskflow_operators.py
[2026-05-15T15:51:57.821+0000] {processor.py:925} INFO - DAG(s) 'example_dynamic_task_mapping_with_no_taskflow_operators' retrieved from /usr/local/python/3.12.1/lib/python3.12/site-packages/airflow/example_dags/example_dynamic_task_mapping_with_no_taskflow_operators.py
[2026-05-15T15:51:57.910+0000] {logging_mixin.py:190} INFO - [2026-05-15T15:51:57.910+0000] {override.py:1900} INFO - Created Permission View: can delete on DAG:example_dynamic_task_mapping_with_no_taskflow_operators
[2026-05-15T15:51:57.919+0000] {logging_mixin.py:190} INFO - [2026-05-15T15:51:57.919+0000] {override.py:1900} INFO - Created Permission View: can edit on DAG:example_dynamic_task_mapping_with_no_taskflow_operators
[2026-05-15T15:51:57.926+0000] {logging_mixin.py:190} INFO - [2026-05-15T15:51:57.926+0000] {override.py:1900} INFO - Created Permission View: can read on DAG:example_dynamic_task_mapping_with_no_taskflow_operators
[2026-05-15T15:51:57.936+0000] {logging_mixin.py:190} INFO - [2026-05-15T15:51:57.936+0000] {override.py:1900} INFO - Created Permission View: can create on DAG Run:example_dynamic_task_mapping_with_no_taskflow_operators
[2026-05-15T15:51:57.942+0000] {logging_mixin.py:190} INFO - [2026-05-15T15:51:57.942+0000] {override.py:1900} INFO - Created Permission View: menu access on DAG Run:example_dynamic_task_mapping_with_no_taskflow_operators
[2026-05-15T15:51:57.949+0000] {logging_mixin.py:190} INFO - [2026-05-15T15:51:57.949+0000] {override.py:1900} INFO - Created Permission View: can delete on DAG Run:example_dynamic_task_mapping_with_no_taskflow_operators
[2026-05-15T15:51:57.956+0000] {logging_mixin.py:190} INFO - [2026-05-15T15:51:57.955+0000] {override.py:1900} INFO - Created Permission View: can read on DAG Run:example_dynamic_task_mapping_with_no_taskflow_operators
[2026-05-15T15:51:57.956+0000] {logging_mixin.py:190} INFO - [2026-05-15T15:51:57.956+0000] {dag.py:3239} INFO - Sync 1 DAGs
[2026-05-15T15:51:57.967+0000] {logging_mixin.py:190} INFO - [2026-05-15T15:51:57.967+0000] {dag.py:3262} INFO - Creating ORM DAG for example_dynamic_task_mapping_with_no_taskflow_operators
[2026-05-15T15:51:57.967+0000] {logging_mixin.py:190} INFO - [2026-05-15T15:51:57.967+0000] {dag.py:4180} INFO - Setting next_dagrun for example_dynamic_task_mapping_with_no_taskflow_operators to None, run_after=None
[2026-05-15T15:51:57.981+0000] {processor.py:208} INFO - Processing /usr/local/python/3.12.1/lib/python3.12/site-packages/airflow/example_dags/example_dynamic_task_mapping_with_no_taskflow_operators.py took 0.173 seconds
[2026-05-15T15:52:58.276+0000] {processor.py:186} INFO - Started process (PID=14490) to work on /usr/local/python/3.12.1/lib/python3.12/site-packages/airflow/example_dags/example_dynamic_task_mapping_with_no_taskflow_operators.py
[2026-05-15T15:52:58.277+0000] {processor.py:914} INFO - Processing file /usr/local/python/3.12.1/lib/python3.12/site-packages/airflow/example_dags/example_dynamic_task_mapping_with_no_taskflow_operators.py for tasks to queue
[2026-05-15T15:52:58.279+0000] {logging_mixin.py:190} INFO - [2026-05-15T15:52:58.278+0000] {dagbag.py:588} INFO - Filling up the DagBag from /usr/local/python/3.12.1/lib/python3.12/site-packages/airflow/example_dags/example_dynamic_task_mapping_with_no_taskflow_operators.py
[2026-05-15T15:52:58.285+0000] {processor.py:925} INFO - DAG(s) 'example_dynamic_task_mapping_with_no_taskflow_operators' retrieved from /usr/local/python/3.12.1/lib/python3.12/site-packages/airflow/example_dags/example_dynamic_task_mapping_with_no_taskflow_operators.py
[2026-05-15T15:52:58.297+0000] {logging_mixin.py:190} INFO - [2026-05-15T15:52:58.296+0000] {dag.py:3239} INFO - Sync 1 DAGs
[2026-05-15T15:52:58.306+0000] {logging_mixin.py:190} INFO - [2026-05-15T15:52:58.306+0000] {dag.py:4180} INFO - Setting next_dagrun for example_dynamic_task_mapping_with_no_taskflow_operators to None, run_after=None
[2026-05-15T15:52:58.324+0000] {processor.py:208} INFO - Processing /usr/local/python/3.12.1/lib/python3.12/site-packages/airflow/example_dags/example_dynamic_task_mapping_with_no_taskflow_operators.py took 0.051 seconds
[2026-05-15T15:53:53.941+0000] {processor.py:186} INFO - Started process (PID=15015) to work on /usr/local/python/3.12.1/lib/python3.12/site-packages/airflow/example_dags/example_dynamic_task_mapping_with_no_taskflow_operators.py
[2026-05-15T15:53:53.944+0000] {processor.py:914} INFO - Processing file /usr/local/python/3.12.1/lib/python3.12/site-packages/airflow/example_dags/example_dynamic_task_mapping_with_no_taskflow_operators.py for tasks to queue
[2026-05-15T15:53:53.948+0000] {logging_mixin.py:190} INFO - [2026-05-15T15:53:53.948+0000] {dagbag.py:588} INFO - Filling up the DagBag from /usr/local/python/3.12.1/lib/python3.12/site-packages/airflow/example_dags/example_dynamic_task_mapping_with_no_taskflow_operators.py
[2026-05-15T15:53:53.977+0000] {processor.py:925} INFO - DAG(s) 'example_dynamic_task_mapping_with_no_taskflow_operators' retrieved from /usr/local/python/3.12.1/lib/python3.12/site-packages/airflow/example_dags/example_dynamic_task_mapping_with_no_taskflow_operators.py
[2026-05-15T15:53:54.006+0000] {logging_mixin.py:190} INFO - [2026-05-15T15:53:54.006+0000] {dag.py:3239} INFO - Sync 1 DAGs
[2026-05-15T15:53:54.022+0000] {logging_mixin.py:190} INFO - [2026-05-15T15:53:54.021+0000] {dag.py:4180} INFO - Setting next_dagrun for example_dynamic_task_mapping_with_no_taskflow_operators to None, run_after=None
[2026-05-15T15:53:54.039+0000] {processor.py:208} INFO - Processing /usr/local/python/3.12.1/lib/python3.12/site-packages/airflow/example_dags/example_dynamic_task_mapping_with_no_taskflow_operators.py took 0.111 seconds
[2026-05-15T15:54:47.694+0000] {processor.py:186} INFO - Started process (PID=15525) to work on /usr/local/python/3.12.1/lib/python3.12/site-packages/airflow/example_dags/example_dynamic_task_mapping_with_no_taskflow_operators.py
[2026-05-15T15:54:47.695+0000] {processor.py:914} INFO - Processing file /usr/local/python/3.12.1/lib/python3.12/site-packages/airflow/example_dags/example_dynamic_task_mapping_with_no_taskflow_operators.py for tasks to queue
[2026-05-15T15:54:47.696+0000] {logging_mixin.py:190} INFO - [2026-05-15T15:54:47.696+0000] {dagbag.py:588} INFO - Filling up the DagBag from /usr/local/python/3.12.1/lib/python3.12/site-packages/airflow/example_dags/example_dynamic_task_mapping_with_no_taskflow_operators.py
[2026-05-15T15:54:47.703+0000] {processor.py:925} INFO - DAG(s) 'example_dynamic_task_mapping_with_no_taskflow_operators' retrieved from /usr/local/python/3.12.1/lib/python3.12/site-packages/airflow/example_dags/example_dynamic_task_mapping_with_no_taskflow_operators.py
[2026-05-15T15:54:47.716+0000] {logging_mixin.py:190} INFO - [2026-05-15T15:54:47.715+0000] {dag.py:3239} INFO - Sync 1 DAGs
[2026-05-15T15:54:47.726+0000] {logging_mixin.py:190} INFO - [2026-05-15T15:54:47.725+0000] {dag.py:4180} INFO - Setting next_dagrun for example_dynamic_task_mapping_with_no_taskflow_operators to None, run_after=None
[2026-05-15T15:54:47.741+0000] {processor.py:208} INFO - Processing /usr/local/python/3.12.1/lib/python3.12/site-packages/airflow/example_dags/example_dynamic_task_mapping_with_no_taskflow_operators.py took 0.052 seconds
[2026-05-15T15:55:38.073+0000] {processor.py:186} INFO - Started process (PID=16015) to work on /usr/local/python/3.12.1/lib/python3.12/site-packages/airflow/example_dags/example_dynamic_task_mapping_with_no_taskflow_operators.py
[2026-05-15T15:55:38.074+0000] {processor.py:914} INFO - Processing file /usr/local/python/3.12.1/lib/python3.12/site-packages/airflow/example_dags/example_dynamic_task_mapping_with_no_taskflow_operators.py for tasks to queue
[2026-05-15T15:55:38.078+0000] {logging_mixin.py:190} INFO - [2026-05-15T15:55:38.078+0000] {dagbag.py:588} INFO - Filling up the DagBag from /usr/local/python/3.12.1/lib/python3.12/site-packages/airflow/example_dags/example_dynamic_task_mapping_with_no_taskflow_operators.py
[2026-05-15T15:55:38.095+0000] {processor.py:925} INFO - DAG(s) 'example_dynamic_task_mapping_with_no_taskflow_operators' retrieved from /usr/local/python/3.12.1/lib/python3.12/site-packages/airflow/example_dags/example_dynamic_task_mapping_with_no_taskflow_operators.py
[2026-05-15T15:55:38.133+0000] {logging_mixin.py:190} INFO - [2026-05-15T15:55:38.133+0000] {dag.py:3239} INFO - Sync 1 DAGs
[2026-05-15T15:55:38.169+0000] {logging_mixin.py:190} INFO - [2026-05-15T15:55:38.169+0000] {dag.py:4180} INFO - Setting next_dagrun for example_dynamic_task_mapping_with_no_taskflow_operators to None, run_after=None
[2026-05-15T15:55:38.186+0000] {processor.py:208} INFO - Processing /usr/local/python/3.12.1/lib/python3.12/site-packages/airflow/example_dags/example_dynamic_task_mapping_with_no_taskflow_operators.py took 0.118 seconds
[2026-05-15T15:56:28.858+0000] {processor.py:186} INFO - Started process (PID=16570) to work on /usr/local/python/3.12.1/lib/python3.12/site-packages/airflow/example_dags/example_dynamic_task_mapping_with_no_taskflow_operators.py
[2026-05-15T15:56:28.859+0000] {processor.py:914} INFO - Processing file /usr/local/python/3.12.1/lib/python3.12/site-packages/airflow/example_dags/example_dynamic_task_mapping_with_no_taskflow_operators.py for tasks to queue
[2026-05-15T15:56:28.860+0000] {logging_mixin.py:190} INFO - [2026-05-15T15:56:28.860+0000] {dagbag.py:588} INFO - Filling up the DagBag from /usr/local/python/3.12.1/lib/python3.12/site-packages/airflow/example_dags/example_dynamic_task_mapping_with_no_taskflow_operators.py
[2026-05-15T15:56:28.866+0000] {processor.py:925} INFO - DAG(s) 'example_dynamic_task_mapping_with_no_taskflow_operators' retrieved from /usr/local/python/3.12.1/lib/python3.12/site-packages/airflow/example_dags/example_dynamic_task_mapping_with_no_taskflow_operators.py
[2026-05-15T15:56:28.878+0000] {logging_mixin.py:190} INFO - [2026-05-15T15:56:28.878+0000] {dag.py:3239} INFO - Sync 1 DAGs
[2026-05-15T15:56:28.888+0000] {logging_mixin.py:190} INFO - [2026-05-15T15:56:28.888+0000] {dag.py:4180} INFO - Setting next_dagrun for example_dynamic_task_mapping_with_no_taskflow_operators to None, run_after=None
[2026-05-15T15:56:28.905+0000] {processor.py:208} INFO - Processing /usr/local/python/3.12.1/lib/python3.12/site-packages/airflow/example_dags/example_dynamic_task_mapping_with_no_taskflow_operators.py took 0.051 seconds
[2026-05-15T15:57:20.936+0000] {processor.py:186} INFO - Started process (PID=17067) to work on /usr/local/python/3.12.1/lib/python3.12/site-packages/airflow/example_dags/example_dynamic_task_mapping_with_no_taskflow_operators.py
[2026-05-15T15:57:20.936+0000] {processor.py:914} INFO - Processing file /usr/local/python/3.12.1/lib/python3.12/site-packages/airflow/example_dags/example_dynamic_task_mapping_with_no_taskflow_operators.py for tasks to queue
[2026-05-15T15:57:20.938+0000] {logging_mixin.py:190} INFO - [2026-05-15T15:57:20.938+0000] {dagbag.py:588} INFO - Filling up the DagBag from /usr/local/python/3.12.1/lib/python3.12/site-packages/airflow/example_dags/example_dynamic_task_mapping_with_no_taskflow_operators.py
[2026-05-15T15:57:20.944+0000] {processor.py:925} INFO - DAG(s) 'example_dynamic_task_mapping_with_no_taskflow_operators' retrieved from /usr/local/python/3.12.1/lib/python3.12/site-packages/airflow/example_dags/example_dynamic_task_mapping_with_no_taskflow_operators.py
[2026-05-15T15:57:20.955+0000] {logging_mixin.py:190} INFO - [2026-05-15T15:57:20.955+0000] {dag.py:3239} INFO - Sync 1 DAGs
[2026-05-15T15:57:20.966+0000] {logging_mixin.py:190} INFO - [2026-05-15T15:57:20.966+0000] {dag.py:4180} INFO - Setting next_dagrun for example_dynamic_task_mapping_with_no_taskflow_operators to None, run_after=None
[2026-05-15T15:57:20.982+0000] {processor.py:208} INFO - Processing /usr/local/python/3.12.1/lib/python3.12/site-packages/airflow/example_dags/example_dynamic_task_mapping_with_no_taskflow_operators.py took 0.050 seconds
[2026-05-15T15:58:12.510+0000] {processor.py:186} INFO - Started process (PID=17554) to work on /usr/local/python/3.12.1/lib/python3.12/site-packages/airflow/example_dags/example_dynamic_task_mapping_with_no_taskflow_operators.py
[2026-05-15T15:58:12.510+0000] {processor.py:914} INFO - Processing file /usr/local/python/3.12.1/lib/python3.12/site-packages/airflow/example_dags/example_dynamic_task_mapping_with_no_taskflow_operators.py for tasks to queue
[2026-05-15T15:58:12.512+0000] {logging_mixin.py:190} INFO - [2026-05-15T15:58:12.512+0000] {dagbag.py:588} INFO - Filling up the DagBag from /usr/local/python/3.12.1/lib/python3.12/site-packages/airflow/example_dags/example_dynamic_task_mapping_with_no_taskflow_operators.py
[2026-05-15T15:58:12.518+0000] {processor.py:925} INFO - DAG(s) 'example_dynamic_task_mapping_with_no_taskflow_operators' retrieved from /usr/local/python/3.12.1/lib/python3.12/site-packages/airflow/example_dags/example_dynamic_task_mapping_with_no_taskflow_operators.py
[2026-05-15T15:58:12.530+0000] {logging_mixin.py:190} INFO - [2026-05-15T15:58:12.530+0000] {dag.py:3239} INFO - Sync 1 DAGs
[2026-05-15T15:58:12.540+0000] {logging_mixin.py:190} INFO - [2026-05-15T15:58:12.540+0000] {dag.py:4180} INFO - Setting next_dagrun for example_dynamic_task_mapping_with_no_taskflow_operators to None, run_after=None
[2026-05-15T15:58:12.557+0000] {processor.py:208} INFO - Processing /usr/local/python/3.12.1/lib/python3.12/site-packages/airflow/example_dags/example_dynamic_task_mapping_with_no_taskflow_operators.py took 0.051 seconds
[2026-05-15T15:59:19.672+0000] {processor.py:186} INFO - Started process (PID=18563) to work on /usr/local/python/3.12.1/lib/python3.12/site-packages/airflow/example_dags/example_dynamic_task_mapping_with_no_taskflow_operators.py
[2026-05-15T15:59:19.673+0000] {processor.py:914} INFO - Processing file /usr/local/python/3.12.1/lib/python3.12/site-packages/airflow/example_dags/example_dynamic_task_mapping_with_no_taskflow_operators.py for tasks to queue
[2026-05-15T15:59:19.675+0000] {logging_mixin.py:190} INFO - [2026-05-15T15:59:19.675+0000] {dagbag.py:588} INFO - Filling up the DagBag from /usr/local/python/3.12.1/lib/python3.12/site-packages/airflow/example_dags/example_dynamic_task_mapping_with_no_taskflow_operators.py
[2026-05-15T15:59:19.682+0000] {processor.py:925} INFO - DAG(s) 'example_dynamic_task_mapping_with_no_taskflow_operators' retrieved from /usr/local/python/3.12.1/lib/python3.12/site-packages/airflow/example_dags/example_dynamic_task_mapping_with_no_taskflow_operators.py
[2026-05-15T15:59:19.694+0000] {logging_mixin.py:190} INFO - [2026-05-15T15:59:19.694+0000] {dag.py:3239} INFO - Sync 1 DAGs
[2026-05-15T15:59:19.705+0000] {logging_mixin.py:190} INFO - [2026-05-15T15:59:19.705+0000] {dag.py:4180} INFO - Setting next_dagrun for example_dynamic_task_mapping_with_no_taskflow_operators to None, run_after=None
[2026-05-15T15:59:19.723+0000] {processor.py:208} INFO - Processing /usr/local/python/3.12.1/lib/python3.12/site-packages/airflow/example_dags/example_dynamic_task_mapping_with_no_taskflow_operators.py took 0.055 seconds
[2026-05-15T16:00:14.058+0000] {processor.py:186} INFO - Started process (PID=19303) to work on /usr/local/python/3.12.1/lib/python3.12/site-packages/airflow/example_dags/example_dynamic_task_mapping_with_no_taskflow_operators.py
[2026-05-15T16:00:14.058+0000] {processor.py:914} INFO - Processing file /usr/local/python/3.12.1/lib/python3.12/site-packages/airflow/example_dags/example_dynamic_task_mapping_with_no_taskflow_operators.py for tasks to queue
[2026-05-15T16:00:14.060+0000] {logging_mixin.py:190} INFO - [2026-05-15T16:00:14.059+0000] {dagbag.py:588} INFO - Filling up the DagBag from /usr/local/python/3.12.1/lib/python3.12/site-packages/airflow/example_dags/example_dynamic_task_mapping_with_no_taskflow_operators.py
[2026-05-15T16:00:14.066+0000] {processor.py:925} INFO - DAG(s) 'example_dynamic_task_mapping_with_no_taskflow_operators' retrieved from /usr/local/python/3.12.1/lib/python3.12/site-packages/airflow/example_dags/example_dynamic_task_mapping_with_no_taskflow_operators.py
[2026-05-15T16:00:14.079+0000] {logging_mixin.py:190} INFO - [2026-05-15T16:00:14.078+0000] {dag.py:3239} INFO - Sync 1 DAGs
[2026-05-15T16:00:14.089+0000] {logging_mixin.py:190} INFO - [2026-05-15T16:00:14.088+0000] {dag.py:4180} INFO - Setting next_dagrun for example_dynamic_task_mapping_with_no_taskflow_operators to None, run_after=None
[2026-05-15T16:00:14.105+0000] {processor.py:208} INFO - Processing /usr/local/python/3.12.1/lib/python3.12/site-packages/airflow/example_dags/example_dynamic_task_mapping_with_no_taskflow_operators.py took 0.052 seconds
[2026-05-15T16:01:05.503+0000] {processor.py:186} INFO - Started process (PID=20039) to work on /usr/local/python/3.12.1/lib/python3.12/site-packages/airflow/example_dags/example_dynamic_task_mapping_with_no_taskflow_operators.py
[2026-05-15T16:01:05.504+0000] {processor.py:914} INFO - Processing file /usr/local/python/3.12.1/lib/python3.12/site-packages/airflow/example_dags/example_dynamic_task_mapping_with_no_taskflow_operators.py for tasks to queue
[2026-05-15T16:01:05.509+0000] {logging_mixin.py:190} INFO - [2026-05-15T16:01:05.508+0000] {dagbag.py:588} INFO - Filling up the DagBag from /usr/local/python/3.12.1/lib/python3.12/site-packages/airflow/example_dags/example_dynamic_task_mapping_with_no_taskflow_operators.py
[2026-05-15T16:01:05.527+0000] {processor.py:925} INFO - DAG(s) 'example_dynamic_task_mapping_with_no_taskflow_operators' retrieved from /usr/local/python/3.12.1/lib/python3.12/site-packages/airflow/example_dags/example_dynamic_task_mapping_with_no_taskflow_operators.py
[2026-05-15T16:01:05.547+0000] {logging_mixin.py:190} INFO - [2026-05-15T16:01:05.547+0000] {dag.py:3239} INFO - Sync 1 DAGs
[2026-05-15T16:01:05.563+0000] {logging_mixin.py:190} INFO - [2026-05-15T16:01:05.563+0000] {dag.py:4180} INFO - Setting next_dagrun for example_dynamic_task_mapping_with_no_taskflow_operators to None, run_after=None
[2026-05-15T16:01:05.588+0000] {processor.py:208} INFO - Processing /usr/local/python/3.12.1/lib/python3.12/site-packages/airflow/example_dags/example_dynamic_task_mapping_with_no_taskflow_operators.py took 0.099 seconds
[2026-05-15T16:02:17.442+0000] {processor.py:186} INFO - Started process (PID=20834) to work on /usr/local/python/3.12.1/lib/python3.12/site-packages/airflow/example_dags/example_dynamic_task_mapping_with_no_taskflow_operators.py
[2026-05-15T16:02:17.443+0000] {processor.py:914} INFO - Processing file /usr/local/python/3.12.1/lib/python3.12/site-packages/airflow/example_dags/example_dynamic_task_mapping_with_no_taskflow_operators.py for tasks to queue
[2026-05-15T16:02:17.444+0000] {logging_mixin.py:190} INFO - [2026-05-15T16:02:17.444+0000] {dagbag.py:588} INFO - Filling up the DagBag from /usr/local/python/3.12.1/lib/python3.12/site-packages/airflow/example_dags/example_dynamic_task_mapping_with_no_taskflow_operators.py
[2026-05-15T16:02:17.451+0000] {processor.py:925} INFO - DAG(s) 'example_dynamic_task_mapping_with_no_taskflow_operators' retrieved from /usr/local/python/3.12.1/lib/python3.12/site-packages/airflow/example_dags/example_dynamic_task_mapping_with_no_taskflow_operators.py
[2026-05-15T16:02:17.463+0000] {logging_mixin.py:190} INFO - [2026-05-15T16:02:17.462+0000] {dag.py:3239} INFO - Sync 1 DAGs
[2026-05-15T16:02:17.473+0000] {logging_mixin.py:190} INFO - [2026-05-15T16:02:17.473+0000] {dag.py:4180} INFO - Setting next_dagrun for example_dynamic_task_mapping_with_no_taskflow_operators to None, run_after=None
[2026-05-15T16:02:17.495+0000] {processor.py:208} INFO - Processing /usr/local/python/3.12.1/lib/python3.12/site-packages/airflow/example_dags/example_dynamic_task_mapping_with_no_taskflow_operators.py took 0.058 seconds
[2026-05-15T16:03:09.988+0000] {processor.py:186} INFO - Started process (PID=21309) to work on /usr/local/python/3.12.1/lib/python3.12/site-packages/airflow/example_dags/example_dynamic_task_mapping_with_no_taskflow_operators.py
[2026-05-15T16:03:09.989+0000] {processor.py:914} INFO - Processing file /usr/local/python/3.12.1/lib/python3.12/site-packages/airflow/example_dags/example_dynamic_task_mapping_with_no_taskflow_operators.py for tasks to queue
[2026-05-15T16:03:09.991+0000] {logging_mixin.py:190} INFO - [2026-05-15T16:03:09.990+0000] {dagbag.py:588} INFO - Filling up the DagBag from /usr/local/python/3.12.1/lib/python3.12/site-packages/airflow/example_dags/example_dynamic_task_mapping_with_no_taskflow_operators.py
[2026-05-15T16:03:09.997+0000] {processor.py:925} INFO - DAG(s) 'example_dynamic_task_mapping_with_no_taskflow_operators' retrieved from /usr/local/python/3.12.1/lib/python3.12/site-packages/airflow/example_dags/example_dynamic_task_mapping_with_no_taskflow_operators.py
[2026-05-15T16:03:10.008+0000] {logging_mixin.py:190} INFO - [2026-05-15T16:03:10.008+0000] {dag.py:3239} INFO - Sync 1 DAGs
[2026-05-15T16:03:10.018+0000] {logging_mixin.py:190} INFO - [2026-05-15T16:03:10.018+0000] {dag.py:4180} INFO - Setting next_dagrun for example_dynamic_task_mapping_with_no_taskflow_operators to None, run_after=None
[2026-05-15T16:03:10.037+0000] {processor.py:208} INFO - Processing /usr/local/python/3.12.1/lib/python3.12/site-packages/airflow/example_dags/example_dynamic_task_mapping_with_no_taskflow_operators.py took 0.053 seconds
[2026-05-15T16:04:22.119+0000] {processor.py:186} INFO - Started process (PID=21986) to work on /usr/local/python/3.12.1/lib/python3.12/site-packages/airflow/example_dags/example_dynamic_task_mapping_with_no_taskflow_operators.py
[2026-05-15T16:04:22.120+0000] {processor.py:914} INFO - Processing file /usr/local/python/3.12.1/lib/python3.12/site-packages/airflow/example_dags/example_dynamic_task_mapping_with_no_taskflow_operators.py for tasks to queue
[2026-05-15T16:04:22.122+0000] {logging_mixin.py:190} INFO - [2026-05-15T16:04:22.121+0000] {dagbag.py:588} INFO - Filling up the DagBag from /usr/local/python/3.12.1/lib/python3.12/site-packages/airflow/example_dags/example_dynamic_task_mapping_with_no_taskflow_operators.py
[2026-05-15T16:04:22.128+0000] {processor.py:925} INFO - DAG(s) 'example_dynamic_task_mapping_with_no_taskflow_operators' retrieved from /usr/local/python/3.12.1/lib/python3.12/site-packages/airflow/example_dags/example_dynamic_task_mapping_with_no_taskflow_operators.py
[2026-05-15T16:04:22.140+0000] {logging_mixin.py:190} INFO - [2026-05-15T16:04:22.140+0000] {dag.py:3239} INFO - Sync 1 DAGs
[2026-05-15T16:04:22.151+0000] {logging_mixin.py:190} INFO - [2026-05-15T16:04:22.150+0000] {dag.py:4180} INFO - Setting next_dagrun for example_dynamic_task_mapping_with_no_taskflow_operators to None, run_after=None
[2026-05-15T16:04:22.169+0000] {processor.py:208} INFO - Processing /usr/local/python/3.12.1/lib/python3.12/site-packages/airflow/example_dags/example_dynamic_task_mapping_with_no_taskflow_operators.py took 0.054 seconds
[2026-05-15T16:05:35.091+0000] {processor.py:186} INFO - Started process (PID=22604) to work on /usr/local/python/3.12.1/lib/python3.12/site-packages/airflow/example_dags/example_dynamic_task_mapping_with_no_taskflow_operators.py
[2026-05-15T16:05:35.092+0000] {processor.py:914} INFO - Processing file /usr/local/python/3.12.1/lib/python3.12/site-packages/airflow/example_dags/example_dynamic_task_mapping_with_no_taskflow_operators.py for tasks to queue
[2026-05-15T16:05:35.093+0000] {logging_mixin.py:190} INFO - [2026-05-15T16:05:35.093+0000] {dagbag.py:588} INFO - Filling up the DagBag from /usr/local/python/3.12.1/lib/python3.12/site-packages/airflow/example_dags/example_dynamic_task_mapping_with_no_taskflow_operators.py
[2026-05-15T16:05:35.099+0000] {processor.py:925} INFO - DAG(s) 'example_dynamic_task_mapping_with_no_taskflow_operators' retrieved from /usr/local/python/3.12.1/lib/python3.12/site-packages/airflow/example_dags/example_dynamic_task_mapping_with_no_taskflow_operators.py
[2026-05-15T16:05:35.111+0000] {logging_mixin.py:190} INFO - [2026-05-15T16:05:35.111+0000] {dag.py:3239} INFO - Sync 1 DAGs
[2026-05-15T16:05:35.121+0000] {logging_mixin.py:190} INFO - [2026-05-15T16:05:35.121+0000] {dag.py:4180} INFO - Setting next_dagrun for example_dynamic_task_mapping_with_no_taskflow_operators to None, run_after=None
[2026-05-15T16:05:35.137+0000] {processor.py:208} INFO - Processing /usr/local/python/3.12.1/lib/python3.12/site-packages/airflow/example_dags/example_dynamic_task_mapping_with_no_taskflow_operators.py took 0.050 seconds
[2026-05-15T16:06:48.388+0000] {processor.py:186} INFO - Started process (PID=23287) to work on /usr/local/python/3.12.1/lib/python3.12/site-packages/airflow/example_dags/example_dynamic_task_mapping_with_no_taskflow_operators.py
[2026-05-15T16:06:48.389+0000] {processor.py:914} INFO - Processing file /usr/local/python/3.12.1/lib/python3.12/site-packages/airflow/example_dags/example_dynamic_task_mapping_with_no_taskflow_operators.py for tasks to queue
[2026-05-15T16:06:48.392+0000] {logging_mixin.py:190} INFO - [2026-05-15T16:06:48.391+0000] {dagbag.py:588} INFO - Filling up the DagBag from /usr/local/python/3.12.1/lib/python3.12/site-packages/airflow/example_dags/example_dynamic_task_mapping_with_no_taskflow_operators.py
[2026-05-15T16:06:48.398+0000] {processor.py:925} INFO - DAG(s) 'example_dynamic_task_mapping_with_no_taskflow_operators' retrieved from /usr/local/python/3.12.1/lib/python3.12/site-packages/airflow/example_dags/example_dynamic_task_mapping_with_no_taskflow_operators.py
[2026-05-15T16:06:48.410+0000] {logging_mixin.py:190} INFO - [2026-05-15T16:06:48.410+0000] {dag.py:3239} INFO - Sync 1 DAGs
[2026-05-15T16:06:48.420+0000] {logging_mixin.py:190} INFO - [2026-05-15T16:06:48.420+0000] {dag.py:4180} INFO - Setting next_dagrun for example_dynamic_task_mapping_with_no_taskflow_operators to None, run_after=None
[2026-05-15T16:06:48.436+0000] {processor.py:208} INFO - Processing /usr/local/python/3.12.1/lib/python3.12/site-packages/airflow/example_dags/example_dynamic_task_mapping_with_no_taskflow_operators.py took 0.055 seconds
[2026-05-15T16:07:40.075+0000] {processor.py:186} INFO - Started process (PID=23681) to work on /usr/local/python/3.12.1/lib/python3.12/site-packages/airflow/example_dags/example_dynamic_task_mapping_with_no_taskflow_operators.py
[2026-05-15T16:07:40.076+0000] {processor.py:914} INFO - Processing file /usr/local/python/3.12.1/lib/python3.12/site-packages/airflow/example_dags/example_dynamic_task_mapping_with_no_taskflow_operators.py for tasks to queue
[2026-05-15T16:07:40.078+0000] {logging_mixin.py:190} INFO - [2026-05-15T16:07:40.078+0000] {dagbag.py:588} INFO - Filling up the DagBag from /usr/local/python/3.12.1/lib/python3.12/site-packages/airflow/example_dags/example_dynamic_task_mapping_with_no_taskflow_operators.py
[2026-05-15T16:07:40.088+0000] {processor.py:925} INFO - DAG(s) 'example_dynamic_task_mapping_with_no_taskflow_operators' retrieved from /usr/local/python/3.12.1/lib/python3.12/site-packages/airflow/example_dags/example_dynamic_task_mapping_with_no_taskflow_operators.py
[2026-05-15T16:07:40.100+0000] {logging_mixin.py:190} INFO - [2026-05-15T16:07:40.100+0000] {dag.py:3239} INFO - Sync 1 DAGs
[2026-05-15T16:07:40.110+0000] {logging_mixin.py:190} INFO - [2026-05-15T16:07:40.110+0000] {dag.py:4180} INFO - Setting next_dagrun for example_dynamic_task_mapping_with_no_taskflow_operators to None, run_after=None
[2026-05-15T16:07:40.127+0000] {processor.py:208} INFO - Processing /usr/local/python/3.12.1/lib/python3.12/site-packages/airflow/example_dags/example_dynamic_task_mapping_with_no_taskflow_operators.py took 0.058 seconds
[2026-05-15T16:08:27.478+0000] {processor.py:186} INFO - Started process (PID=24117) to work on /usr/local/python/3.12.1/lib/python3.12/site-packages/airflow/example_dags/example_dynamic_task_mapping_with_no_taskflow_operators.py
[2026-05-15T16:08:27.479+0000] {processor.py:914} INFO - Processing file /usr/local/python/3.12.1/lib/python3.12/site-packages/airflow/example_dags/example_dynamic_task_mapping_with_no_taskflow_operators.py for tasks to queue
[2026-05-15T16:08:27.481+0000] {logging_mixin.py:190} INFO - [2026-05-15T16:08:27.481+0000] {dagbag.py:588} INFO - Filling up the DagBag from /usr/local/python/3.12.1/lib/python3.12/site-packages/airflow/example_dags/example_dynamic_task_mapping_with_no_taskflow_operators.py
[2026-05-15T16:08:27.490+0000] {processor.py:925} INFO - DAG(s) 'example_dynamic_task_mapping_with_no_taskflow_operators' retrieved from /usr/local/python/3.12.1/lib/python3.12/site-packages/airflow/example_dags/example_dynamic_task_mapping_with_no_taskflow_operators.py
[2026-05-15T16:08:27.506+0000] {logging_mixin.py:190} INFO - [2026-05-15T16:08:27.506+0000] {dag.py:3239} INFO - Sync 1 DAGs
[2026-05-15T16:08:27.522+0000] {logging_mixin.py:190} INFO - [2026-05-15T16:08:27.522+0000] {dag.py:4180} INFO - Setting next_dagrun for example_dynamic_task_mapping_with_no_taskflow_operators to None, run_after=None
[2026-05-15T16:08:27.541+0000] {processor.py:208} INFO - Processing /usr/local/python/3.12.1/lib/python3.12/site-packages/airflow/example_dags/example_dynamic_task_mapping_with_no_taskflow_operators.py took 0.069 seconds
[2026-05-15T16:09:39.479+0000] {processor.py:186} INFO - Started process (PID=24792) to work on /usr/local/python/3.12.1/lib/python3.12/site-packages/airflow/example_dags/example_dynamic_task_mapping_with_no_taskflow_operators.py
[2026-05-15T16:09:39.480+0000] {processor.py:914} INFO - Processing file /usr/local/python/3.12.1/lib/python3.12/site-packages/airflow/example_dags/example_dynamic_task_mapping_with_no_taskflow_operators.py for tasks to queue
[2026-05-15T16:09:39.481+0000] {logging_mixin.py:190} INFO - [2026-05-15T16:09:39.481+0000] {dagbag.py:588} INFO - Filling up the DagBag from /usr/local/python/3.12.1/lib/python3.12/site-packages/airflow/example_dags/example_dynamic_task_mapping_with_no_taskflow_operators.py
[2026-05-15T16:09:39.487+0000] {processor.py:925} INFO - DAG(s) 'example_dynamic_task_mapping_with_no_taskflow_operators' retrieved from /usr/local/python/3.12.1/lib/python3.12/site-packages/airflow/example_dags/example_dynamic_task_mapping_with_no_taskflow_operators.py
[2026-05-15T16:09:39.499+0000] {logging_mixin.py:190} INFO - [2026-05-15T16:09:39.499+0000] {dag.py:3239} INFO - Sync 1 DAGs
[2026-05-15T16:09:39.509+0000] {logging_mixin.py:190} INFO - [2026-05-15T16:09:39.509+0000] {dag.py:4180} INFO - Setting next_dagrun for example_dynamic_task_mapping_with_no_taskflow_operators to None, run_after=None
[2026-05-15T16:09:39.525+0000] {processor.py:208} INFO - Processing /usr/local/python/3.12.1/lib/python3.12/site-packages/airflow/example_dags/example_dynamic_task_mapping_with_no_taskflow_operators.py took 0.051 seconds
[2026-05-15T16:10:31.990+0000] {processor.py:186} INFO - Started process (PID=25254) to work on /usr/local/python/3.12.1/lib/python3.12/site-packages/airflow/example_dags/example_dynamic_task_mapping_with_no_taskflow_operators.py
[2026-05-15T16:10:31.991+0000] {processor.py:914} INFO - Processing file /usr/local/python/3.12.1/lib/python3.12/site-packages/airflow/example_dags/example_dynamic_task_mapping_with_no_taskflow_operators.py for tasks to queue
[2026-05-15T16:10:31.993+0000] {logging_mixin.py:190} INFO - [2026-05-15T16:10:31.993+0000] {dagbag.py:588} INFO - Filling up the DagBag from /usr/local/python/3.12.1/lib/python3.12/site-packages/airflow/example_dags/example_dynamic_task_mapping_with_no_taskflow_operators.py
[2026-05-15T16:10:31.999+0000] {processor.py:925} INFO - DAG(s) 'example_dynamic_task_mapping_with_no_taskflow_operators' retrieved from /usr/local/python/3.12.1/lib/python3.12/site-packages/airflow/example_dags/example_dynamic_task_mapping_with_no_taskflow_operators.py
[2026-05-15T16:10:32.011+0000] {logging_mixin.py:190} INFO - [2026-05-15T16:10:32.011+0000] {dag.py:3239} INFO - Sync 1 DAGs
[2026-05-15T16:10:32.022+0000] {logging_mixin.py:190} INFO - [2026-05-15T16:10:32.022+0000] {dag.py:4180} INFO - Setting next_dagrun for example_dynamic_task_mapping_with_no_taskflow_operators to None, run_after=None
[2026-05-15T16:10:32.038+0000] {processor.py:208} INFO - Processing /usr/local/python/3.12.1/lib/python3.12/site-packages/airflow/example_dags/example_dynamic_task_mapping_with_no_taskflow_operators.py took 0.052 seconds
[2026-05-15T16:11:20.919+0000] {processor.py:186} INFO - Started process (PID=25691) to work on /usr/local/python/3.12.1/lib/python3.12/site-packages/airflow/example_dags/example_dynamic_task_mapping_with_no_taskflow_operators.py
[2026-05-15T16:11:20.920+0000] {processor.py:914} INFO - Processing file /usr/local/python/3.12.1/lib/python3.12/site-packages/airflow/example_dags/example_dynamic_task_mapping_with_no_taskflow_operators.py for tasks to queue
[2026-05-15T16:11:20.921+0000] {logging_mixin.py:190} INFO - [2026-05-15T16:11:20.921+0000] {dagbag.py:588} INFO - Filling up the DagBag from /usr/local/python/3.12.1/lib/python3.12/site-packages/airflow/example_dags/example_dynamic_task_mapping_with_no_taskflow_operators.py
[2026-05-15T16:11:20.928+0000] {processor.py:925} INFO - DAG(s) 'example_dynamic_task_mapping_with_no_taskflow_operators' retrieved from /usr/local/python/3.12.1/lib/python3.12/site-packages/airflow/example_dags/example_dynamic_task_mapping_with_no_taskflow_operators.py
[2026-05-15T16:11:20.940+0000] {logging_mixin.py:190} INFO - [2026-05-15T16:11:20.939+0000] {dag.py:3239} INFO - Sync 1 DAGs
[2026-05-15T16:11:20.950+0000] {logging_mixin.py:190} INFO - [2026-05-15T16:11:20.949+0000] {dag.py:4180} INFO - Setting next_dagrun for example_dynamic_task_mapping_with_no_taskflow_operators to None, run_after=None
[2026-05-15T16:11:20.966+0000] {processor.py:208} INFO - Processing /usr/local/python/3.12.1/lib/python3.12/site-packages/airflow/example_dags/example_dynamic_task_mapping_with_no_taskflow_operators.py took 0.051 seconds
[2026-05-15T16:12:30.646+0000] {processor.py:186} INFO - Started process (PID=26291) to work on /usr/local/python/3.12.1/lib/python3.12/site-packages/airflow/example_dags/example_dynamic_task_mapping_with_no_taskflow_operators.py
[2026-05-15T16:12:30.650+0000] {processor.py:914} INFO - Processing file /usr/local/python/3.12.1/lib/python3.12/site-packages/airflow/example_dags/example_dynamic_task_mapping_with_no_taskflow_operators.py for tasks to queue
[2026-05-15T16:12:30.653+0000] {logging_mixin.py:190} INFO - [2026-05-15T16:12:30.652+0000] {dagbag.py:588} INFO - Filling up the DagBag from /usr/local/python/3.12.1/lib/python3.12/site-packages/airflow/example_dags/example_dynamic_task_mapping_with_no_taskflow_operators.py
[2026-05-15T16:12:30.662+0000] {processor.py:925} INFO - DAG(s) 'example_dynamic_task_mapping_with_no_taskflow_operators' retrieved from /usr/local/python/3.12.1/lib/python3.12/site-packages/airflow/example_dags/example_dynamic_task_mapping_with_no_taskflow_operators.py
[2026-05-15T16:12:30.681+0000] {logging_mixin.py:190} INFO - [2026-05-15T16:12:30.681+0000] {dag.py:3239} INFO - Sync 1 DAGs
[2026-05-15T16:12:30.696+0000] {logging_mixin.py:190} INFO - [2026-05-15T16:12:30.696+0000] {dag.py:4180} INFO - Setting next_dagrun for example_dynamic_task_mapping_with_no_taskflow_operators to None, run_after=None
[2026-05-15T16:12:30.720+0000] {processor.py:208} INFO - Processing /usr/local/python/3.12.1/lib/python3.12/site-packages/airflow/example_dags/example_dynamic_task_mapping_with_no_taskflow_operators.py took 0.080 seconds
[2026-05-15T16:13:40.675+0000] {processor.py:186} INFO - Started process (PID=26899) to work on /usr/local/python/3.12.1/lib/python3.12/site-packages/airflow/example_dags/example_dynamic_task_mapping_with_no_taskflow_operators.py
[2026-05-15T16:13:40.676+0000] {processor.py:914} INFO - Processing file /usr/local/python/3.12.1/lib/python3.12/site-packages/airflow/example_dags/example_dynamic_task_mapping_with_no_taskflow_operators.py for tasks to queue
[2026-05-15T16:13:40.678+0000] {logging_mixin.py:190} INFO - [2026-05-15T16:13:40.678+0000] {dagbag.py:588} INFO - Filling up the DagBag from /usr/local/python/3.12.1/lib/python3.12/site-packages/airflow/example_dags/example_dynamic_task_mapping_with_no_taskflow_operators.py
[2026-05-15T16:13:40.685+0000] {processor.py:925} INFO - DAG(s) 'example_dynamic_task_mapping_with_no_taskflow_operators' retrieved from /usr/local/python/3.12.1/lib/python3.12/site-packages/airflow/example_dags/example_dynamic_task_mapping_with_no_taskflow_operators.py
[2026-05-15T16:13:40.697+0000] {logging_mixin.py:190} INFO - [2026-05-15T16:13:40.697+0000] {dag.py:3239} INFO - Sync 1 DAGs
[2026-05-15T16:13:40.706+0000] {logging_mixin.py:190} INFO - [2026-05-15T16:13:40.706+0000] {dag.py:4180} INFO - Setting next_dagrun for example_dynamic_task_mapping_with_no_taskflow_operators to None, run_after=None
[2026-05-15T16:13:40.723+0000] {processor.py:208} INFO - Processing /usr/local/python/3.12.1/lib/python3.12/site-packages/airflow/example_dags/example_dynamic_task_mapping_with_no_taskflow_operators.py took 0.052 seconds
[2026-05-15T16:14:53.676+0000] {processor.py:186} INFO - Started process (PID=27637) to work on /usr/local/python/3.12.1/lib/python3.12/site-packages/airflow/example_dags/example_dynamic_task_mapping_with_no_taskflow_operators.py
[2026-05-15T16:14:53.677+0000] {processor.py:914} INFO - Processing file /usr/local/python/3.12.1/lib/python3.12/site-packages/airflow/example_dags/example_dynamic_task_mapping_with_no_taskflow_operators.py for tasks to queue
[2026-05-15T16:14:53.678+0000] {logging_mixin.py:190} INFO - [2026-05-15T16:14:53.678+0000] {dagbag.py:588} INFO - Filling up the DagBag from /usr/local/python/3.12.1/lib/python3.12/site-packages/airflow/example_dags/example_dynamic_task_mapping_with_no_taskflow_operators.py
[2026-05-15T16:14:53.684+0000] {processor.py:925} INFO - DAG(s) 'example_dynamic_task_mapping_with_no_taskflow_operators' retrieved from /usr/local/python/3.12.1/lib/python3.12/site-packages/airflow/example_dags/example_dynamic_task_mapping_with_no_taskflow_operators.py
[2026-05-15T16:14:53.696+0000] {logging_mixin.py:190} INFO - [2026-05-15T16:14:53.696+0000] {dag.py:3239} INFO - Sync 1 DAGs
[2026-05-15T16:14:53.706+0000] {logging_mixin.py:190} INFO - [2026-05-15T16:14:53.706+0000] {dag.py:4180} INFO - Setting next_dagrun for example_dynamic_task_mapping_with_no_taskflow_operators to None, run_after=None
[2026-05-15T16:14:53.723+0000] {processor.py:208} INFO - Processing /usr/local/python/3.12.1/lib/python3.12/site-packages/airflow/example_dags/example_dynamic_task_mapping_with_no_taskflow_operators.py took 0.051 seconds
[2026-05-15T16:16:03.915+0000] {processor.py:186} INFO - Started process (PID=28245) to work on /usr/local/python/3.12.1/lib/python3.12/site-packages/airflow/example_dags/example_dynamic_task_mapping_with_no_taskflow_operators.py
[2026-05-15T16:16:03.916+0000] {processor.py:914} INFO - Processing file /usr/local/python/3.12.1/lib/python3.12/site-packages/airflow/example_dags/example_dynamic_task_mapping_with_no_taskflow_operators.py for tasks to queue
[2026-05-15T16:16:03.917+0000] {logging_mixin.py:190} INFO - [2026-05-15T16:16:03.917+0000] {dagbag.py:588} INFO - Filling up the DagBag from /usr/local/python/3.12.1/lib/python3.12/site-packages/airflow/example_dags/example_dynamic_task_mapping_with_no_taskflow_operators.py
[2026-05-15T16:16:03.923+0000] {processor.py:925} INFO - DAG(s) 'example_dynamic_task_mapping_with_no_taskflow_operators' retrieved from /usr/local/python/3.12.1/lib/python3.12/site-packages/airflow/example_dags/example_dynamic_task_mapping_with_no_taskflow_operators.py
[2026-05-15T16:16:03.935+0000] {logging_mixin.py:190} INFO - [2026-05-15T16:16:03.935+0000] {dag.py:3239} INFO - Sync 1 DAGs
[2026-05-15T16:16:03.945+0000] {logging_mixin.py:190} INFO - [2026-05-15T16:16:03.945+0000] {dag.py:4180} INFO - Setting next_dagrun for example_dynamic_task_mapping_with_no_taskflow_operators to None, run_after=None
[2026-05-15T16:16:03.961+0000] {processor.py:208} INFO - Processing /usr/local/python/3.12.1/lib/python3.12/site-packages/airflow/example_dags/example_dynamic_task_mapping_with_no_taskflow_operators.py took 0.050 seconds
[2026-05-15T16:17:12.557+0000] {processor.py:186} INFO - Started process (PID=28848) to work on /usr/local/python/3.12.1/lib/python3.12/site-packages/airflow/example_dags/example_dynamic_task_mapping_with_no_taskflow_operators.py
[2026-05-15T16:17:12.557+0000] {processor.py:914} INFO - Processing file /usr/local/python/3.12.1/lib/python3.12/site-packages/airflow/example_dags/example_dynamic_task_mapping_with_no_taskflow_operators.py for tasks to queue
[2026-05-15T16:17:12.559+0000] {logging_mixin.py:190} INFO - [2026-05-15T16:17:12.559+0000] {dagbag.py:588} INFO - Filling up the DagBag from /usr/local/python/3.12.1/lib/python3.12/site-packages/airflow/example_dags/example_dynamic_task_mapping_with_no_taskflow_operators.py
[2026-05-15T16:17:12.565+0000] {processor.py:925} INFO - DAG(s) 'example_dynamic_task_mapping_with_no_taskflow_operators' retrieved from /usr/local/python/3.12.1/lib/python3.12/site-packages/airflow/example_dags/example_dynamic_task_mapping_with_no_taskflow_operators.py
[2026-05-15T16:17:12.577+0000] {logging_mixin.py:190} INFO - [2026-05-15T16:17:12.577+0000] {dag.py:3239} INFO - Sync 1 DAGs
[2026-05-15T16:17:12.586+0000] {logging_mixin.py:190} INFO - [2026-05-15T16:17:12.586+0000] {dag.py:4180} INFO - Setting next_dagrun for example_dynamic_task_mapping_with_no_taskflow_operators to None, run_after=None
[2026-05-15T16:17:12.603+0000] {processor.py:208} INFO - Processing /usr/local/python/3.12.1/lib/python3.12/site-packages/airflow/example_dags/example_dynamic_task_mapping_with_no_taskflow_operators.py took 0.051 seconds
[2026-05-15T16:18:03.063+0000] {processor.py:186} INFO - Started process (PID=29315) to work on /usr/local/python/3.12.1/lib/python3.12/site-packages/airflow/example_dags/example_dynamic_task_mapping_with_no_taskflow_operators.py
[2026-05-15T16:18:03.063+0000] {processor.py:914} INFO - Processing file /usr/local/python/3.12.1/lib/python3.12/site-packages/airflow/example_dags/example_dynamic_task_mapping_with_no_taskflow_operators.py for tasks to queue
[2026-05-15T16:18:03.065+0000] {logging_mixin.py:190} INFO - [2026-05-15T16:18:03.065+0000] {dagbag.py:588} INFO - Filling up the DagBag from /usr/local/python/3.12.1/lib/python3.12/site-packages/airflow/example_dags/example_dynamic_task_mapping_with_no_taskflow_operators.py
[2026-05-15T16:18:03.071+0000] {processor.py:925} INFO - DAG(s) 'example_dynamic_task_mapping_with_no_taskflow_operators' retrieved from /usr/local/python/3.12.1/lib/python3.12/site-packages/airflow/example_dags/example_dynamic_task_mapping_with_no_taskflow_operators.py
[2026-05-15T16:18:03.083+0000] {logging_mixin.py:190} INFO - [2026-05-15T16:18:03.082+0000] {dag.py:3239} INFO - Sync 1 DAGs
[2026-05-15T16:18:03.093+0000] {logging_mixin.py:190} INFO - [2026-05-15T16:18:03.092+0000] {dag.py:4180} INFO - Setting next_dagrun for example_dynamic_task_mapping_with_no_taskflow_operators to None, run_after=None
[2026-05-15T16:18:03.109+0000] {processor.py:208} INFO - Processing /usr/local/python/3.12.1/lib/python3.12/site-packages/airflow/example_dags/example_dynamic_task_mapping_with_no_taskflow_operators.py took 0.051 seconds
[2026-05-15T16:18:54.386+0000] {processor.py:186} INFO - Started process (PID=29866) to work on /usr/local/python/3.12.1/lib/python3.12/site-packages/airflow/example_dags/example_dynamic_task_mapping_with_no_taskflow_operators.py
[2026-05-15T16:18:54.387+0000] {processor.py:914} INFO - Processing file /usr/local/python/3.12.1/lib/python3.12/site-packages/airflow/example_dags/example_dynamic_task_mapping_with_no_taskflow_operators.py for tasks to queue
[2026-05-15T16:18:54.389+0000] {logging_mixin.py:190} INFO - [2026-05-15T16:18:54.389+0000] {dagbag.py:588} INFO - Filling up the DagBag from /usr/local/python/3.12.1/lib/python3.12/site-packages/airflow/example_dags/example_dynamic_task_mapping_with_no_taskflow_operators.py
[2026-05-15T16:18:54.395+0000] {processor.py:925} INFO - DAG(s) 'example_dynamic_task_mapping_with_no_taskflow_operators' retrieved from /usr/local/python/3.12.1/lib/python3.12/site-packages/airflow/example_dags/example_dynamic_task_mapping_with_no_taskflow_operators.py
[2026-05-15T16:18:54.407+0000] {logging_mixin.py:190} INFO - [2026-05-15T16:18:54.407+0000] {dag.py:3239} INFO - Sync 1 DAGs
[2026-05-15T16:18:54.418+0000] {logging_mixin.py:190} INFO - [2026-05-15T16:18:54.418+0000] {dag.py:4180} INFO - Setting next_dagrun for example_dynamic_task_mapping_with_no_taskflow_operators to None, run_after=None
[2026-05-15T16:18:54.435+0000] {processor.py:208} INFO - Processing /usr/local/python/3.12.1/lib/python3.12/site-packages/airflow/example_dags/example_dynamic_task_mapping_with_no_taskflow_operators.py took 0.053 seconds
[2026-05-15T16:19:44.371+0000] {processor.py:186} INFO - Started process (PID=30335) to work on /usr/local/python/3.12.1/lib/python3.12/site-packages/airflow/example_dags/example_dynamic_task_mapping_with_no_taskflow_operators.py
[2026-05-15T16:19:44.376+0000] {processor.py:914} INFO - Processing file /usr/local/python/3.12.1/lib/python3.12/site-packages/airflow/example_dags/example_dynamic_task_mapping_with_no_taskflow_operators.py for tasks to queue
[2026-05-15T16:19:44.379+0000] {logging_mixin.py:190} INFO - [2026-05-15T16:19:44.379+0000] {dagbag.py:588} INFO - Filling up the DagBag from /usr/local/python/3.12.1/lib/python3.12/site-packages/airflow/example_dags/example_dynamic_task_mapping_with_no_taskflow_operators.py
[2026-05-15T16:19:44.387+0000] {processor.py:925} INFO - DAG(s) 'example_dynamic_task_mapping_with_no_taskflow_operators' retrieved from /usr/local/python/3.12.1/lib/python3.12/site-packages/airflow/example_dags/example_dynamic_task_mapping_with_no_taskflow_operators.py
[2026-05-15T16:19:44.412+0000] {logging_mixin.py:190} INFO - [2026-05-15T16:19:44.412+0000] {dag.py:3239} INFO - Sync 1 DAGs
[2026-05-15T16:19:44.429+0000] {logging_mixin.py:190} INFO - [2026-05-15T16:19:44.428+0000] {dag.py:4180} INFO - Setting next_dagrun for example_dynamic_task_mapping_with_no_taskflow_operators to None, run_after=None
[2026-05-15T16:19:44.455+0000] {processor.py:208} INFO - Processing /usr/local/python/3.12.1/lib/python3.12/site-packages/airflow/example_dags/example_dynamic_task_mapping_with_no_taskflow_operators.py took 0.103 seconds
[2026-05-15T16:20:35.510+0000] {processor.py:186} INFO - Started process (PID=30783) to work on /usr/local/python/3.12.1/lib/python3.12/site-packages/airflow/example_dags/example_dynamic_task_mapping_with_no_taskflow_operators.py
[2026-05-15T16:20:35.511+0000] {processor.py:914} INFO - Processing file /usr/local/python/3.12.1/lib/python3.12/site-packages/airflow/example_dags/example_dynamic_task_mapping_with_no_taskflow_operators.py for tasks to queue
[2026-05-15T16:20:35.513+0000] {logging_mixin.py:190} INFO - [2026-05-15T16:20:35.512+0000] {dagbag.py:588} INFO - Filling up the DagBag from /usr/local/python/3.12.1/lib/python3.12/site-packages/airflow/example_dags/example_dynamic_task_mapping_with_no_taskflow_operators.py
[2026-05-15T16:20:35.519+0000] {processor.py:925} INFO - DAG(s) 'example_dynamic_task_mapping_with_no_taskflow_operators' retrieved from /usr/local/python/3.12.1/lib/python3.12/site-packages/airflow/example_dags/example_dynamic_task_mapping_with_no_taskflow_operators.py
[2026-05-15T16:20:35.531+0000] {logging_mixin.py:190} INFO - [2026-05-15T16:20:35.530+0000] {dag.py:3239} INFO - Sync 1 DAGs
[2026-05-15T16:20:35.540+0000] {logging_mixin.py:190} INFO - [2026-05-15T16:20:35.540+0000] {dag.py:4180} INFO - Setting next_dagrun for example_dynamic_task_mapping_with_no_taskflow_operators to None, run_after=None
[2026-05-15T16:20:35.556+0000] {processor.py:208} INFO - Processing /usr/local/python/3.12.1/lib/python3.12/site-packages/airflow/example_dags/example_dynamic_task_mapping_with_no_taskflow_operators.py took 0.050 seconds
[2026-05-15T16:21:46.410+0000] {processor.py:186} INFO - Started process (PID=31499) to work on /usr/local/python/3.12.1/lib/python3.12/site-packages/airflow/example_dags/example_dynamic_task_mapping_with_no_taskflow_operators.py
[2026-05-15T16:21:46.410+0000] {processor.py:914} INFO - Processing file /usr/local/python/3.12.1/lib/python3.12/site-packages/airflow/example_dags/example_dynamic_task_mapping_with_no_taskflow_operators.py for tasks to queue
[2026-05-15T16:21:46.412+0000] {logging_mixin.py:190} INFO - [2026-05-15T16:21:46.412+0000] {dagbag.py:588} INFO - Filling up the DagBag from /usr/local/python/3.12.1/lib/python3.12/site-packages/airflow/example_dags/example_dynamic_task_mapping_with_no_taskflow_operators.py
[2026-05-15T16:21:46.425+0000] {processor.py:925} INFO - DAG(s) 'example_dynamic_task_mapping_with_no_taskflow_operators' retrieved from /usr/local/python/3.12.1/lib/python3.12/site-packages/airflow/example_dags/example_dynamic_task_mapping_with_no_taskflow_operators.py
[2026-05-15T16:21:46.445+0000] {logging_mixin.py:190} INFO - [2026-05-15T16:21:46.444+0000] {dag.py:3239} INFO - Sync 1 DAGs
[2026-05-15T16:21:46.461+0000] {logging_mixin.py:190} INFO - [2026-05-15T16:21:46.460+0000] {dag.py:4180} INFO - Setting next_dagrun for example_dynamic_task_mapping_with_no_taskflow_operators to None, run_after=None
[2026-05-15T16:21:46.493+0000] {processor.py:208} INFO - Processing /usr/local/python/3.12.1/lib/python3.12/site-packages/airflow/example_dags/example_dynamic_task_mapping_with_no_taskflow_operators.py took 0.089 seconds
[2026-05-15T16:22:37.925+0000] {processor.py:186} INFO - Started process (PID=31949) to work on /usr/local/python/3.12.1/lib/python3.12/site-packages/airflow/example_dags/example_dynamic_task_mapping_with_no_taskflow_operators.py
[2026-05-15T16:22:37.925+0000] {processor.py:914} INFO - Processing file /usr/local/python/3.12.1/lib/python3.12/site-packages/airflow/example_dags/example_dynamic_task_mapping_with_no_taskflow_operators.py for tasks to queue
[2026-05-15T16:22:37.927+0000] {logging_mixin.py:190} INFO - [2026-05-15T16:22:37.927+0000] {dagbag.py:588} INFO - Filling up the DagBag from /usr/local/python/3.12.1/lib/python3.12/site-packages/airflow/example_dags/example_dynamic_task_mapping_with_no_taskflow_operators.py
[2026-05-15T16:22:37.934+0000] {processor.py:925} INFO - DAG(s) 'example_dynamic_task_mapping_with_no_taskflow_operators' retrieved from /usr/local/python/3.12.1/lib/python3.12/site-packages/airflow/example_dags/example_dynamic_task_mapping_with_no_taskflow_operators.py
[2026-05-15T16:22:37.946+0000] {logging_mixin.py:190} INFO - [2026-05-15T16:22:37.946+0000] {dag.py:3239} INFO - Sync 1 DAGs
[2026-05-15T16:22:37.956+0000] {logging_mixin.py:190} INFO - [2026-05-15T16:22:37.956+0000] {dag.py:4180} INFO - Setting next_dagrun for example_dynamic_task_mapping_with_no_taskflow_operators to None, run_after=None
[2026-05-15T16:22:37.973+0000] {processor.py:208} INFO - Processing /usr/local/python/3.12.1/lib/python3.12/site-packages/airflow/example_dags/example_dynamic_task_mapping_with_no_taskflow_operators.py took 0.052 seconds
[2026-05-15T16:23:50.870+0000] {processor.py:186} INFO - Started process (PID=32740) to work on /usr/local/python/3.12.1/lib/python3.12/site-packages/airflow/example_dags/example_dynamic_task_mapping_with_no_taskflow_operators.py
[2026-05-15T16:23:50.871+0000] {processor.py:914} INFO - Processing file /usr/local/python/3.12.1/lib/python3.12/site-packages/airflow/example_dags/example_dynamic_task_mapping_with_no_taskflow_operators.py for tasks to queue
[2026-05-15T16:23:50.872+0000] {logging_mixin.py:190} INFO - [2026-05-15T16:23:50.872+0000] {dagbag.py:588} INFO - Filling up the DagBag from /usr/local/python/3.12.1/lib/python3.12/site-packages/airflow/example_dags/example_dynamic_task_mapping_with_no_taskflow_operators.py
[2026-05-15T16:23:50.879+0000] {processor.py:925} INFO - DAG(s) 'example_dynamic_task_mapping_with_no_taskflow_operators' retrieved from /usr/local/python/3.12.1/lib/python3.12/site-packages/airflow/example_dags/example_dynamic_task_mapping_with_no_taskflow_operators.py
[2026-05-15T16:23:50.891+0000] {logging_mixin.py:190} INFO - [2026-05-15T16:23:50.891+0000] {dag.py:3239} INFO - Sync 1 DAGs
[2026-05-15T16:23:50.901+0000] {logging_mixin.py:190} INFO - [2026-05-15T16:23:50.901+0000] {dag.py:4180} INFO - Setting next_dagrun for example_dynamic_task_mapping_with_no_taskflow_operators to None, run_after=None
[2026-05-15T16:23:50.918+0000] {processor.py:208} INFO - Processing /usr/local/python/3.12.1/lib/python3.12/site-packages/airflow/example_dags/example_dynamic_task_mapping_with_no_taskflow_operators.py took 0.052 seconds
[2026-05-15T16:25:01.003+0000] {processor.py:186} INFO - Started process (PID=33556) to work on /usr/local/python/3.12.1/lib/python3.12/site-packages/airflow/example_dags/example_dynamic_task_mapping_with_no_taskflow_operators.py
[2026-05-15T16:25:01.004+0000] {processor.py:914} INFO - Processing file /usr/local/python/3.12.1/lib/python3.12/site-packages/airflow/example_dags/example_dynamic_task_mapping_with_no_taskflow_operators.py for tasks to queue
[2026-05-15T16:25:01.006+0000] {logging_mixin.py:190} INFO - [2026-05-15T16:25:01.005+0000] {dagbag.py:588} INFO - Filling up the DagBag from /usr/local/python/3.12.1/lib/python3.12/site-packages/airflow/example_dags/example_dynamic_task_mapping_with_no_taskflow_operators.py
[2026-05-15T16:25:01.012+0000] {processor.py:925} INFO - DAG(s) 'example_dynamic_task_mapping_with_no_taskflow_operators' retrieved from /usr/local/python/3.12.1/lib/python3.12/site-packages/airflow/example_dags/example_dynamic_task_mapping_with_no_taskflow_operators.py
[2026-05-15T16:25:01.024+0000] {logging_mixin.py:190} INFO - [2026-05-15T16:25:01.023+0000] {dag.py:3239} INFO - Sync 1 DAGs
[2026-05-15T16:25:01.034+0000] {logging_mixin.py:190} INFO - [2026-05-15T16:25:01.033+0000] {dag.py:4180} INFO - Setting next_dagrun for example_dynamic_task_mapping_with_no_taskflow_operators to None, run_after=None
[2026-05-15T16:25:01.050+0000] {processor.py:208} INFO - Processing /usr/local/python/3.12.1/lib/python3.12/site-packages/airflow/example_dags/example_dynamic_task_mapping_with_no_taskflow_operators.py took 0.051 seconds
[2026-05-15T16:26:13.313+0000] {processor.py:186} INFO - Started process (PID=34397) to work on /usr/local/python/3.12.1/lib/python3.12/site-packages/airflow/example_dags/example_dynamic_task_mapping_with_no_taskflow_operators.py
[2026-05-15T16:26:13.314+0000] {processor.py:914} INFO - Processing file /usr/local/python/3.12.1/lib/python3.12/site-packages/airflow/example_dags/example_dynamic_task_mapping_with_no_taskflow_operators.py for tasks to queue
[2026-05-15T16:26:13.315+0000] {logging_mixin.py:190} INFO - [2026-05-15T16:26:13.315+0000] {dagbag.py:588} INFO - Filling up the DagBag from /usr/local/python/3.12.1/lib/python3.12/site-packages/airflow/example_dags/example_dynamic_task_mapping_with_no_taskflow_operators.py
[2026-05-15T16:26:13.321+0000] {processor.py:925} INFO - DAG(s) 'example_dynamic_task_mapping_with_no_taskflow_operators' retrieved from /usr/local/python/3.12.1/lib/python3.12/site-packages/airflow/example_dags/example_dynamic_task_mapping_with_no_taskflow_operators.py
[2026-05-15T16:26:13.333+0000] {logging_mixin.py:190} INFO - [2026-05-15T16:26:13.333+0000] {dag.py:3239} INFO - Sync 1 DAGs
[2026-05-15T16:26:13.343+0000] {logging_mixin.py:190} INFO - [2026-05-15T16:26:13.343+0000] {dag.py:4180} INFO - Setting next_dagrun for example_dynamic_task_mapping_with_no_taskflow_operators to None, run_after=None
[2026-05-15T16:26:13.359+0000] {processor.py:208} INFO - Processing /usr/local/python/3.12.1/lib/python3.12/site-packages/airflow/example_dags/example_dynamic_task_mapping_with_no_taskflow_operators.py took 0.050 seconds
[2026-05-15T16:27:08.134+0000] {processor.py:186} INFO - Started process (PID=35246) to work on /usr/local/python/3.12.1/lib/python3.12/site-packages/airflow/example_dags/example_dynamic_task_mapping_with_no_taskflow_operators.py
[2026-05-15T16:27:08.134+0000] {processor.py:914} INFO - Processing file /usr/local/python/3.12.1/lib/python3.12/site-packages/airflow/example_dags/example_dynamic_task_mapping_with_no_taskflow_operators.py for tasks to queue
[2026-05-15T16:27:08.136+0000] {logging_mixin.py:190} INFO - [2026-05-15T16:27:08.136+0000] {dagbag.py:588} INFO - Filling up the DagBag from /usr/local/python/3.12.1/lib/python3.12/site-packages/airflow/example_dags/example_dynamic_task_mapping_with_no_taskflow_operators.py
[2026-05-15T16:27:08.142+0000] {processor.py:925} INFO - DAG(s) 'example_dynamic_task_mapping_with_no_taskflow_operators' retrieved from /usr/local/python/3.12.1/lib/python3.12/site-packages/airflow/example_dags/example_dynamic_task_mapping_with_no_taskflow_operators.py
[2026-05-15T16:27:08.154+0000] {logging_mixin.py:190} INFO - [2026-05-15T16:27:08.154+0000] {dag.py:3239} INFO - Sync 1 DAGs
[2026-05-15T16:27:08.164+0000] {logging_mixin.py:190} INFO - [2026-05-15T16:27:08.164+0000] {dag.py:4180} INFO - Setting next_dagrun for example_dynamic_task_mapping_with_no_taskflow_operators to None, run_after=None
[2026-05-15T16:27:08.181+0000] {processor.py:208} INFO - Processing /usr/local/python/3.12.1/lib/python3.12/site-packages/airflow/example_dags/example_dynamic_task_mapping_with_no_taskflow_operators.py took 0.051 seconds
[2026-05-15T16:28:00.878+0000] {processor.py:186} INFO - Started process (PID=35745) to work on /usr/local/python/3.12.1/lib/python3.12/site-packages/airflow/example_dags/example_dynamic_task_mapping_with_no_taskflow_operators.py
[2026-05-15T16:28:00.879+0000] {processor.py:914} INFO - Processing file /usr/local/python/3.12.1/lib/python3.12/site-packages/airflow/example_dags/example_dynamic_task_mapping_with_no_taskflow_operators.py for tasks to queue
[2026-05-15T16:28:00.881+0000] {logging_mixin.py:190} INFO - [2026-05-15T16:28:00.880+0000] {dagbag.py:588} INFO - Filling up the DagBag from /usr/local/python/3.12.1/lib/python3.12/site-packages/airflow/example_dags/example_dynamic_task_mapping_with_no_taskflow_operators.py
[2026-05-15T16:28:00.889+0000] {processor.py:925} INFO - DAG(s) 'example_dynamic_task_mapping_with_no_taskflow_operators' retrieved from /usr/local/python/3.12.1/lib/python3.12/site-packages/airflow/example_dags/example_dynamic_task_mapping_with_no_taskflow_operators.py
[2026-05-15T16:28:00.911+0000] {logging_mixin.py:190} INFO - [2026-05-15T16:28:00.910+0000] {dag.py:3239} INFO - Sync 1 DAGs
[2026-05-15T16:28:00.964+0000] {logging_mixin.py:190} INFO - [2026-05-15T16:28:00.963+0000] {dag.py:4180} INFO - Setting next_dagrun for example_dynamic_task_mapping_with_no_taskflow_operators to None, run_after=None
[2026-05-15T16:28:01.029+0000] {processor.py:208} INFO - Processing /usr/local/python/3.12.1/lib/python3.12/site-packages/airflow/example_dags/example_dynamic_task_mapping_with_no_taskflow_operators.py took 0.157 seconds
[2026-05-15T16:28:52.001+0000] {processor.py:186} INFO - Started process (PID=36263) to work on /usr/local/python/3.12.1/lib/python3.12/site-packages/airflow/example_dags/example_dynamic_task_mapping_with_no_taskflow_operators.py
[2026-05-15T16:28:52.002+0000] {processor.py:914} INFO - Processing file /usr/local/python/3.12.1/lib/python3.12/site-packages/airflow/example_dags/example_dynamic_task_mapping_with_no_taskflow_operators.py for tasks to queue
[2026-05-15T16:28:52.004+0000] {logging_mixin.py:190} INFO - [2026-05-15T16:28:52.003+0000] {dagbag.py:588} INFO - Filling up the DagBag from /usr/local/python/3.12.1/lib/python3.12/site-packages/airflow/example_dags/example_dynamic_task_mapping_with_no_taskflow_operators.py
[2026-05-15T16:28:52.011+0000] {processor.py:925} INFO - DAG(s) 'example_dynamic_task_mapping_with_no_taskflow_operators' retrieved from /usr/local/python/3.12.1/lib/python3.12/site-packages/airflow/example_dags/example_dynamic_task_mapping_with_no_taskflow_operators.py
[2026-05-15T16:28:52.024+0000] {logging_mixin.py:190} INFO - [2026-05-15T16:28:52.023+0000] {dag.py:3239} INFO - Sync 1 DAGs
[2026-05-15T16:28:52.034+0000] {logging_mixin.py:190} INFO - [2026-05-15T16:28:52.034+0000] {dag.py:4180} INFO - Setting next_dagrun for example_dynamic_task_mapping_with_no_taskflow_operators to None, run_after=None
[2026-05-15T16:28:52.051+0000] {processor.py:208} INFO - Processing /usr/local/python/3.12.1/lib/python3.12/site-packages/airflow/example_dags/example_dynamic_task_mapping_with_no_taskflow_operators.py took 0.054 seconds
[2026-05-15T16:29:44.366+0000] {processor.py:186} INFO - Started process (PID=36725) to work on /usr/local/python/3.12.1/lib/python3.12/site-packages/airflow/example_dags/example_dynamic_task_mapping_with_no_taskflow_operators.py
[2026-05-15T16:29:44.367+0000] {processor.py:914} INFO - Processing file /usr/local/python/3.12.1/lib/python3.12/site-packages/airflow/example_dags/example_dynamic_task_mapping_with_no_taskflow_operators.py for tasks to queue
[2026-05-15T16:29:44.369+0000] {logging_mixin.py:190} INFO - [2026-05-15T16:29:44.369+0000] {dagbag.py:588} INFO - Filling up the DagBag from /usr/local/python/3.12.1/lib/python3.12/site-packages/airflow/example_dags/example_dynamic_task_mapping_with_no_taskflow_operators.py
[2026-05-15T16:29:44.378+0000] {processor.py:925} INFO - DAG(s) 'example_dynamic_task_mapping_with_no_taskflow_operators' retrieved from /usr/local/python/3.12.1/lib/python3.12/site-packages/airflow/example_dags/example_dynamic_task_mapping_with_no_taskflow_operators.py
[2026-05-15T16:29:44.393+0000] {logging_mixin.py:190} INFO - [2026-05-15T16:29:44.393+0000] {dag.py:3239} INFO - Sync 1 DAGs
[2026-05-15T16:29:44.406+0000] {logging_mixin.py:190} INFO - [2026-05-15T16:29:44.406+0000] {dag.py:4180} INFO - Setting next_dagrun for example_dynamic_task_mapping_with_no_taskflow_operators to None, run_after=None
[2026-05-15T16:29:44.427+0000] {processor.py:208} INFO - Processing /usr/local/python/3.12.1/lib/python3.12/site-packages/airflow/example_dags/example_dynamic_task_mapping_with_no_taskflow_operators.py took 0.066 seconds
[2026-05-15T16:30:37.937+0000] {processor.py:186} INFO - Started process (PID=37155) to work on /usr/local/python/3.12.1/lib/python3.12/site-packages/airflow/example_dags/example_dynamic_task_mapping_with_no_taskflow_operators.py
[2026-05-15T16:30:37.938+0000] {processor.py:914} INFO - Processing file /usr/local/python/3.12.1/lib/python3.12/site-packages/airflow/example_dags/example_dynamic_task_mapping_with_no_taskflow_operators.py for tasks to queue
[2026-05-15T16:30:37.939+0000] {logging_mixin.py:190} INFO - [2026-05-15T16:30:37.939+0000] {dagbag.py:588} INFO - Filling up the DagBag from /usr/local/python/3.12.1/lib/python3.12/site-packages/airflow/example_dags/example_dynamic_task_mapping_with_no_taskflow_operators.py
[2026-05-15T16:30:37.946+0000] {processor.py:925} INFO - DAG(s) 'example_dynamic_task_mapping_with_no_taskflow_operators' retrieved from /usr/local/python/3.12.1/lib/python3.12/site-packages/airflow/example_dags/example_dynamic_task_mapping_with_no_taskflow_operators.py
[2026-05-15T16:30:37.958+0000] {logging_mixin.py:190} INFO - [2026-05-15T16:30:37.958+0000] {dag.py:3239} INFO - Sync 1 DAGs
[2026-05-15T16:30:37.968+0000] {logging_mixin.py:190} INFO - [2026-05-15T16:30:37.968+0000] {dag.py:4180} INFO - Setting next_dagrun for example_dynamic_task_mapping_with_no_taskflow_operators to None, run_after=None
[2026-05-15T16:30:37.986+0000] {processor.py:208} INFO - Processing /usr/local/python/3.12.1/lib/python3.12/site-packages/airflow/example_dags/example_dynamic_task_mapping_with_no_taskflow_operators.py took 0.054 seconds
[2026-05-15T16:31:51.189+0000] {processor.py:186} INFO - Started process (PID=37837) to work on /usr/local/python/3.12.1/lib/python3.12/site-packages/airflow/example_dags/example_dynamic_task_mapping_with_no_taskflow_operators.py
[2026-05-15T16:31:51.190+0000] {processor.py:914} INFO - Processing file /usr/local/python/3.12.1/lib/python3.12/site-packages/airflow/example_dags/example_dynamic_task_mapping_with_no_taskflow_operators.py for tasks to queue
[2026-05-15T16:31:51.192+0000] {logging_mixin.py:190} INFO - [2026-05-15T16:31:51.192+0000] {dagbag.py:588} INFO - Filling up the DagBag from /usr/local/python/3.12.1/lib/python3.12/site-packages/airflow/example_dags/example_dynamic_task_mapping_with_no_taskflow_operators.py
[2026-05-15T16:31:51.198+0000] {processor.py:925} INFO - DAG(s) 'example_dynamic_task_mapping_with_no_taskflow_operators' retrieved from /usr/local/python/3.12.1/lib/python3.12/site-packages/airflow/example_dags/example_dynamic_task_mapping_with_no_taskflow_operators.py
[2026-05-15T16:31:51.210+0000] {logging_mixin.py:190} INFO - [2026-05-15T16:31:51.210+0000] {dag.py:3239} INFO - Sync 1 DAGs
[2026-05-15T16:31:51.220+0000] {logging_mixin.py:190} INFO - [2026-05-15T16:31:51.220+0000] {dag.py:4180} INFO - Setting next_dagrun for example_dynamic_task_mapping_with_no_taskflow_operators to None, run_after=None
[2026-05-15T16:31:51.236+0000] {processor.py:208} INFO - Processing /usr/local/python/3.12.1/lib/python3.12/site-packages/airflow/example_dags/example_dynamic_task_mapping_with_no_taskflow_operators.py took 0.052 seconds
[2026-05-15T16:32:42.069+0000] {processor.py:186} INFO - Started process (PID=38227) to work on /usr/local/python/3.12.1/lib/python3.12/site-packages/airflow/example_dags/example_dynamic_task_mapping_with_no_taskflow_operators.py
[2026-05-15T16:32:42.070+0000] {processor.py:914} INFO - Processing file /usr/local/python/3.12.1/lib/python3.12/site-packages/airflow/example_dags/example_dynamic_task_mapping_with_no_taskflow_operators.py for tasks to queue
[2026-05-15T16:32:42.072+0000] {logging_mixin.py:190} INFO - [2026-05-15T16:32:42.071+0000] {dagbag.py:588} INFO - Filling up the DagBag from /usr/local/python/3.12.1/lib/python3.12/site-packages/airflow/example_dags/example_dynamic_task_mapping_with_no_taskflow_operators.py
[2026-05-15T16:32:42.079+0000] {processor.py:925} INFO - DAG(s) 'example_dynamic_task_mapping_with_no_taskflow_operators' retrieved from /usr/local/python/3.12.1/lib/python3.12/site-packages/airflow/example_dags/example_dynamic_task_mapping_with_no_taskflow_operators.py
[2026-05-15T16:32:42.094+0000] {logging_mixin.py:190} INFO - [2026-05-15T16:32:42.094+0000] {dag.py:3239} INFO - Sync 1 DAGs
[2026-05-15T16:32:42.104+0000] {logging_mixin.py:190} INFO - [2026-05-15T16:32:42.104+0000] {dag.py:4180} INFO - Setting next_dagrun for example_dynamic_task_mapping_with_no_taskflow_operators to None, run_after=None
[2026-05-15T16:32:42.120+0000] {processor.py:208} INFO - Processing /usr/local/python/3.12.1/lib/python3.12/site-packages/airflow/example_dags/example_dynamic_task_mapping_with_no_taskflow_operators.py took 0.055 seconds
[2026-05-15T16:33:32.801+0000] {processor.py:186} INFO - Started process (PID=38682) to work on /usr/local/python/3.12.1/lib/python3.12/site-packages/airflow/example_dags/example_dynamic_task_mapping_with_no_taskflow_operators.py
[2026-05-15T16:33:32.801+0000] {processor.py:914} INFO - Processing file /usr/local/python/3.12.1/lib/python3.12/site-packages/airflow/example_dags/example_dynamic_task_mapping_with_no_taskflow_operators.py for tasks to queue
[2026-05-15T16:33:32.803+0000] {logging_mixin.py:190} INFO - [2026-05-15T16:33:32.803+0000] {dagbag.py:588} INFO - Filling up the DagBag from /usr/local/python/3.12.1/lib/python3.12/site-packages/airflow/example_dags/example_dynamic_task_mapping_with_no_taskflow_operators.py
[2026-05-15T16:33:32.810+0000] {processor.py:925} INFO - DAG(s) 'example_dynamic_task_mapping_with_no_taskflow_operators' retrieved from /usr/local/python/3.12.1/lib/python3.12/site-packages/airflow/example_dags/example_dynamic_task_mapping_with_no_taskflow_operators.py
[2026-05-15T16:33:32.821+0000] {logging_mixin.py:190} INFO - [2026-05-15T16:33:32.821+0000] {dag.py:3239} INFO - Sync 1 DAGs
[2026-05-15T16:33:32.831+0000] {logging_mixin.py:190} INFO - [2026-05-15T16:33:32.831+0000] {dag.py:4180} INFO - Setting next_dagrun for example_dynamic_task_mapping_with_no_taskflow_operators to None, run_after=None
[2026-05-15T16:33:32.847+0000] {processor.py:208} INFO - Processing /usr/local/python/3.12.1/lib/python3.12/site-packages/airflow/example_dags/example_dynamic_task_mapping_with_no_taskflow_operators.py took 0.051 seconds
[2026-05-15T16:34:42.436+0000] {processor.py:186} INFO - Started process (PID=39388) to work on /usr/local/python/3.12.1/lib/python3.12/site-packages/airflow/example_dags/example_dynamic_task_mapping_with_no_taskflow_operators.py
[2026-05-15T16:34:42.437+0000] {processor.py:914} INFO - Processing file /usr/local/python/3.12.1/lib/python3.12/site-packages/airflow/example_dags/example_dynamic_task_mapping_with_no_taskflow_operators.py for tasks to queue
[2026-05-15T16:34:42.438+0000] {logging_mixin.py:190} INFO - [2026-05-15T16:34:42.438+0000] {dagbag.py:588} INFO - Filling up the DagBag from /usr/local/python/3.12.1/lib/python3.12/site-packages/airflow/example_dags/example_dynamic_task_mapping_with_no_taskflow_operators.py
[2026-05-15T16:34:42.456+0000] {processor.py:925} INFO - DAG(s) 'example_dynamic_task_mapping_with_no_taskflow_operators' retrieved from /usr/local/python/3.12.1/lib/python3.12/site-packages/airflow/example_dags/example_dynamic_task_mapping_with_no_taskflow_operators.py
[2026-05-15T16:34:42.487+0000] {logging_mixin.py:190} INFO - [2026-05-15T16:34:42.486+0000] {dag.py:3239} INFO - Sync 1 DAGs
[2026-05-15T16:34:42.508+0000] {logging_mixin.py:190} INFO - [2026-05-15T16:34:42.508+0000] {dag.py:4180} INFO - Setting next_dagrun for example_dynamic_task_mapping_with_no_taskflow_operators to None, run_after=None
[2026-05-15T16:34:42.564+0000] {processor.py:208} INFO - Processing /usr/local/python/3.12.1/lib/python3.12/site-packages/airflow/example_dags/example_dynamic_task_mapping_with_no_taskflow_operators.py took 0.134 seconds
[2026-05-15T16:35:36.060+0000] {processor.py:186} INFO - Started process (PID=39901) to work on /usr/local/python/3.12.1/lib/python3.12/site-packages/airflow/example_dags/example_dynamic_task_mapping_with_no_taskflow_operators.py
[2026-05-15T16:35:36.061+0000] {processor.py:914} INFO - Processing file /usr/local/python/3.12.1/lib/python3.12/site-packages/airflow/example_dags/example_dynamic_task_mapping_with_no_taskflow_operators.py for tasks to queue
[2026-05-15T16:35:36.063+0000] {logging_mixin.py:190} INFO - [2026-05-15T16:35:36.062+0000] {dagbag.py:588} INFO - Filling up the DagBag from /usr/local/python/3.12.1/lib/python3.12/site-packages/airflow/example_dags/example_dynamic_task_mapping_with_no_taskflow_operators.py
[2026-05-15T16:35:36.069+0000] {processor.py:925} INFO - DAG(s) 'example_dynamic_task_mapping_with_no_taskflow_operators' retrieved from /usr/local/python/3.12.1/lib/python3.12/site-packages/airflow/example_dags/example_dynamic_task_mapping_with_no_taskflow_operators.py
[2026-05-15T16:35:36.083+0000] {logging_mixin.py:190} INFO - [2026-05-15T16:35:36.083+0000] {dag.py:3239} INFO - Sync 1 DAGs
[2026-05-15T16:35:36.095+0000] {logging_mixin.py:190} INFO - [2026-05-15T16:35:36.095+0000] {dag.py:4180} INFO - Setting next_dagrun for example_dynamic_task_mapping_with_no_taskflow_operators to None, run_after=None
[2026-05-15T16:35:36.112+0000] {processor.py:208} INFO - Processing /usr/local/python/3.12.1/lib/python3.12/site-packages/airflow/example_dags/example_dynamic_task_mapping_with_no_taskflow_operators.py took 0.056 seconds
[2026-05-15T16:36:31.449+0000] {processor.py:186} INFO - Started process (PID=40414) to work on /usr/local/python/3.12.1/lib/python3.12/site-packages/airflow/example_dags/example_dynamic_task_mapping_with_no_taskflow_operators.py
[2026-05-15T16:36:31.450+0000] {processor.py:914} INFO - Processing file /usr/local/python/3.12.1/lib/python3.12/site-packages/airflow/example_dags/example_dynamic_task_mapping_with_no_taskflow_operators.py for tasks to queue
[2026-05-15T16:36:31.451+0000] {logging_mixin.py:190} INFO - [2026-05-15T16:36:31.451+0000] {dagbag.py:588} INFO - Filling up the DagBag from /usr/local/python/3.12.1/lib/python3.12/site-packages/airflow/example_dags/example_dynamic_task_mapping_with_no_taskflow_operators.py
[2026-05-15T16:36:31.458+0000] {processor.py:925} INFO - DAG(s) 'example_dynamic_task_mapping_with_no_taskflow_operators' retrieved from /usr/local/python/3.12.1/lib/python3.12/site-packages/airflow/example_dags/example_dynamic_task_mapping_with_no_taskflow_operators.py
[2026-05-15T16:36:31.478+0000] {logging_mixin.py:190} INFO - [2026-05-15T16:36:31.478+0000] {dag.py:3239} INFO - Sync 1 DAGs
[2026-05-15T16:36:31.491+0000] {logging_mixin.py:190} INFO - [2026-05-15T16:36:31.490+0000] {dag.py:4180} INFO - Setting next_dagrun for example_dynamic_task_mapping_with_no_taskflow_operators to None, run_after=None
[2026-05-15T16:36:31.511+0000] {processor.py:208} INFO - Processing /usr/local/python/3.12.1/lib/python3.12/site-packages/airflow/example_dags/example_dynamic_task_mapping_with_no_taskflow_operators.py took 0.066 seconds
[2026-05-15T16:37:21.926+0000] {processor.py:186} INFO - Started process (PID=40901) to work on /usr/local/python/3.12.1/lib/python3.12/site-packages/airflow/example_dags/example_dynamic_task_mapping_with_no_taskflow_operators.py
[2026-05-15T16:37:21.927+0000] {processor.py:914} INFO - Processing file /usr/local/python/3.12.1/lib/python3.12/site-packages/airflow/example_dags/example_dynamic_task_mapping_with_no_taskflow_operators.py for tasks to queue
[2026-05-15T16:37:21.928+0000] {logging_mixin.py:190} INFO - [2026-05-15T16:37:21.928+0000] {dagbag.py:588} INFO - Filling up the DagBag from /usr/local/python/3.12.1/lib/python3.12/site-packages/airflow/example_dags/example_dynamic_task_mapping_with_no_taskflow_operators.py
[2026-05-15T16:37:21.935+0000] {processor.py:925} INFO - DAG(s) 'example_dynamic_task_mapping_with_no_taskflow_operators' retrieved from /usr/local/python/3.12.1/lib/python3.12/site-packages/airflow/example_dags/example_dynamic_task_mapping_with_no_taskflow_operators.py
[2026-05-15T16:37:21.946+0000] {logging_mixin.py:190} INFO - [2026-05-15T16:37:21.946+0000] {dag.py:3239} INFO - Sync 1 DAGs
[2026-05-15T16:37:21.956+0000] {logging_mixin.py:190} INFO - [2026-05-15T16:37:21.956+0000] {dag.py:4180} INFO - Setting next_dagrun for example_dynamic_task_mapping_with_no_taskflow_operators to None, run_after=None
[2026-05-15T16:37:21.972+0000] {processor.py:208} INFO - Processing /usr/local/python/3.12.1/lib/python3.12/site-packages/airflow/example_dags/example_dynamic_task_mapping_with_no_taskflow_operators.py took 0.051 seconds
[2026-05-15T16:38:15.637+0000] {processor.py:186} INFO - Started process (PID=41415) to work on /usr/local/python/3.12.1/lib/python3.12/site-packages/airflow/example_dags/example_dynamic_task_mapping_with_no_taskflow_operators.py
[2026-05-15T16:38:15.637+0000] {processor.py:914} INFO - Processing file /usr/local/python/3.12.1/lib/python3.12/site-packages/airflow/example_dags/example_dynamic_task_mapping_with_no_taskflow_operators.py for tasks to queue
[2026-05-15T16:38:15.639+0000] {logging_mixin.py:190} INFO - [2026-05-15T16:38:15.639+0000] {dagbag.py:588} INFO - Filling up the DagBag from /usr/local/python/3.12.1/lib/python3.12/site-packages/airflow/example_dags/example_dynamic_task_mapping_with_no_taskflow_operators.py
[2026-05-15T16:38:15.646+0000] {processor.py:925} INFO - DAG(s) 'example_dynamic_task_mapping_with_no_taskflow_operators' retrieved from /usr/local/python/3.12.1/lib/python3.12/site-packages/airflow/example_dags/example_dynamic_task_mapping_with_no_taskflow_operators.py
[2026-05-15T16:38:15.658+0000] {logging_mixin.py:190} INFO - [2026-05-15T16:38:15.658+0000] {dag.py:3239} INFO - Sync 1 DAGs
[2026-05-15T16:38:15.668+0000] {logging_mixin.py:190} INFO - [2026-05-15T16:38:15.667+0000] {dag.py:4180} INFO - Setting next_dagrun for example_dynamic_task_mapping_with_no_taskflow_operators to None, run_after=None
[2026-05-15T16:38:15.687+0000] {processor.py:208} INFO - Processing /usr/local/python/3.12.1/lib/python3.12/site-packages/airflow/example_dags/example_dynamic_task_mapping_with_no_taskflow_operators.py took 0.055 seconds
[2026-05-15T16:39:11.637+0000] {processor.py:186} INFO - Started process (PID=42014) to work on /usr/local/python/3.12.1/lib/python3.12/site-packages/airflow/example_dags/example_dynamic_task_mapping_with_no_taskflow_operators.py
[2026-05-15T16:39:11.638+0000] {processor.py:914} INFO - Processing file /usr/local/python/3.12.1/lib/python3.12/site-packages/airflow/example_dags/example_dynamic_task_mapping_with_no_taskflow_operators.py for tasks to queue
[2026-05-15T16:39:11.640+0000] {logging_mixin.py:190} INFO - [2026-05-15T16:39:11.639+0000] {dagbag.py:588} INFO - Filling up the DagBag from /usr/local/python/3.12.1/lib/python3.12/site-packages/airflow/example_dags/example_dynamic_task_mapping_with_no_taskflow_operators.py
[2026-05-15T16:39:11.646+0000] {processor.py:925} INFO - DAG(s) 'example_dynamic_task_mapping_with_no_taskflow_operators' retrieved from /usr/local/python/3.12.1/lib/python3.12/site-packages/airflow/example_dags/example_dynamic_task_mapping_with_no_taskflow_operators.py
[2026-05-15T16:39:11.657+0000] {logging_mixin.py:190} INFO - [2026-05-15T16:39:11.657+0000] {dag.py:3239} INFO - Sync 1 DAGs
[2026-05-15T16:39:11.790+0000] {logging_mixin.py:190} INFO - [2026-05-15T16:39:11.790+0000] {dag.py:4180} INFO - Setting next_dagrun for example_dynamic_task_mapping_with_no_taskflow_operators to None, run_after=None
[2026-05-15T16:39:11.809+0000] {processor.py:208} INFO - Processing /usr/local/python/3.12.1/lib/python3.12/site-packages/airflow/example_dags/example_dynamic_task_mapping_with_no_taskflow_operators.py took 0.175 seconds
[2026-05-15T16:40:07.388+0000] {processor.py:186} INFO - Started process (PID=42537) to work on /usr/local/python/3.12.1/lib/python3.12/site-packages/airflow/example_dags/example_dynamic_task_mapping_with_no_taskflow_operators.py
[2026-05-15T16:40:07.389+0000] {processor.py:914} INFO - Processing file /usr/local/python/3.12.1/lib/python3.12/site-packages/airflow/example_dags/example_dynamic_task_mapping_with_no_taskflow_operators.py for tasks to queue
[2026-05-15T16:40:07.391+0000] {logging_mixin.py:190} INFO - [2026-05-15T16:40:07.391+0000] {dagbag.py:588} INFO - Filling up the DagBag from /usr/local/python/3.12.1/lib/python3.12/site-packages/airflow/example_dags/example_dynamic_task_mapping_with_no_taskflow_operators.py
[2026-05-15T16:40:07.398+0000] {processor.py:925} INFO - DAG(s) 'example_dynamic_task_mapping_with_no_taskflow_operators' retrieved from /usr/local/python/3.12.1/lib/python3.12/site-packages/airflow/example_dags/example_dynamic_task_mapping_with_no_taskflow_operators.py
[2026-05-15T16:40:07.410+0000] {logging_mixin.py:190} INFO - [2026-05-15T16:40:07.410+0000] {dag.py:3239} INFO - Sync 1 DAGs
[2026-05-15T16:40:07.420+0000] {logging_mixin.py:190} INFO - [2026-05-15T16:40:07.420+0000] {dag.py:4180} INFO - Setting next_dagrun for example_dynamic_task_mapping_with_no_taskflow_operators to None, run_after=None
[2026-05-15T16:40:07.438+0000] {processor.py:208} INFO - Processing /usr/local/python/3.12.1/lib/python3.12/site-packages/airflow/example_dags/example_dynamic_task_mapping_with_no_taskflow_operators.py took 0.055 seconds
[2026-05-15T16:41:08.721+0000] {processor.py:186} INFO - Started process (PID=43108) to work on /usr/local/python/3.12.1/lib/python3.12/site-packages/airflow/example_dags/example_dynamic_task_mapping_with_no_taskflow_operators.py
[2026-05-15T16:41:08.722+0000] {processor.py:914} INFO - Processing file /usr/local/python/3.12.1/lib/python3.12/site-packages/airflow/example_dags/example_dynamic_task_mapping_with_no_taskflow_operators.py for tasks to queue
[2026-05-15T16:41:08.723+0000] {logging_mixin.py:190} INFO - [2026-05-15T16:41:08.723+0000] {dagbag.py:588} INFO - Filling up the DagBag from /usr/local/python/3.12.1/lib/python3.12/site-packages/airflow/example_dags/example_dynamic_task_mapping_with_no_taskflow_operators.py
[2026-05-15T16:41:08.729+0000] {processor.py:925} INFO - DAG(s) 'example_dynamic_task_mapping_with_no_taskflow_operators' retrieved from /usr/local/python/3.12.1/lib/python3.12/site-packages/airflow/example_dags/example_dynamic_task_mapping_with_no_taskflow_operators.py
[2026-05-15T16:41:08.741+0000] {logging_mixin.py:190} INFO - [2026-05-15T16:41:08.741+0000] {dag.py:3239} INFO - Sync 1 DAGs
[2026-05-15T16:41:08.751+0000] {logging_mixin.py:190} INFO - [2026-05-15T16:41:08.751+0000] {dag.py:4180} INFO - Setting next_dagrun for example_dynamic_task_mapping_with_no_taskflow_operators to None, run_after=None
[2026-05-15T16:41:08.768+0000] {processor.py:208} INFO - Processing /usr/local/python/3.12.1/lib/python3.12/site-packages/airflow/example_dags/example_dynamic_task_mapping_with_no_taskflow_operators.py took 0.052 seconds
[2026-05-15T16:42:11.519+0000] {processor.py:186} INFO - Started process (PID=43709) to work on /usr/local/python/3.12.1/lib/python3.12/site-packages/airflow/example_dags/example_dynamic_task_mapping_with_no_taskflow_operators.py
[2026-05-15T16:42:11.520+0000] {processor.py:914} INFO - Processing file /usr/local/python/3.12.1/lib/python3.12/site-packages/airflow/example_dags/example_dynamic_task_mapping_with_no_taskflow_operators.py for tasks to queue
[2026-05-15T16:42:11.521+0000] {logging_mixin.py:190} INFO - [2026-05-15T16:42:11.521+0000] {dagbag.py:588} INFO - Filling up the DagBag from /usr/local/python/3.12.1/lib/python3.12/site-packages/airflow/example_dags/example_dynamic_task_mapping_with_no_taskflow_operators.py
[2026-05-15T16:42:11.528+0000] {processor.py:925} INFO - DAG(s) 'example_dynamic_task_mapping_with_no_taskflow_operators' retrieved from /usr/local/python/3.12.1/lib/python3.12/site-packages/airflow/example_dags/example_dynamic_task_mapping_with_no_taskflow_operators.py
[2026-05-15T16:42:11.661+0000] {logging_mixin.py:190} INFO - [2026-05-15T16:42:11.661+0000] {dag.py:3239} INFO - Sync 1 DAGs
[2026-05-15T16:42:11.669+0000] {logging_mixin.py:190} INFO - [2026-05-15T16:42:11.669+0000] {dag.py:4180} INFO - Setting next_dagrun for example_dynamic_task_mapping_with_no_taskflow_operators to None, run_after=None
[2026-05-15T16:42:11.687+0000] {processor.py:208} INFO - Processing /usr/local/python/3.12.1/lib/python3.12/site-packages/airflow/example_dags/example_dynamic_task_mapping_with_no_taskflow_operators.py took 0.172 seconds
[2026-05-15T16:43:08.703+0000] {processor.py:186} INFO - Started process (PID=44240) to work on /usr/local/python/3.12.1/lib/python3.12/site-packages/airflow/example_dags/example_dynamic_task_mapping_with_no_taskflow_operators.py
[2026-05-15T16:43:08.704+0000] {processor.py:914} INFO - Processing file /usr/local/python/3.12.1/lib/python3.12/site-packages/airflow/example_dags/example_dynamic_task_mapping_with_no_taskflow_operators.py for tasks to queue
[2026-05-15T16:43:08.706+0000] {logging_mixin.py:190} INFO - [2026-05-15T16:43:08.706+0000] {dagbag.py:588} INFO - Filling up the DagBag from /usr/local/python/3.12.1/lib/python3.12/site-packages/airflow/example_dags/example_dynamic_task_mapping_with_no_taskflow_operators.py
[2026-05-15T16:43:08.715+0000] {processor.py:925} INFO - DAG(s) 'example_dynamic_task_mapping_with_no_taskflow_operators' retrieved from /usr/local/python/3.12.1/lib/python3.12/site-packages/airflow/example_dags/example_dynamic_task_mapping_with_no_taskflow_operators.py
[2026-05-15T16:43:08.728+0000] {logging_mixin.py:190} INFO - [2026-05-15T16:43:08.728+0000] {dag.py:3239} INFO - Sync 1 DAGs
[2026-05-15T16:43:08.740+0000] {logging_mixin.py:190} INFO - [2026-05-15T16:43:08.740+0000] {dag.py:4180} INFO - Setting next_dagrun for example_dynamic_task_mapping_with_no_taskflow_operators to None, run_after=None
[2026-05-15T16:43:08.758+0000] {processor.py:208} INFO - Processing /usr/local/python/3.12.1/lib/python3.12/site-packages/airflow/example_dags/example_dynamic_task_mapping_with_no_taskflow_operators.py took 0.059 seconds
[2026-05-15T16:44:01.141+0000] {processor.py:186} INFO - Started process (PID=44809) to work on /usr/local/python/3.12.1/lib/python3.12/site-packages/airflow/example_dags/example_dynamic_task_mapping_with_no_taskflow_operators.py
[2026-05-15T16:44:01.142+0000] {processor.py:914} INFO - Processing file /usr/local/python/3.12.1/lib/python3.12/site-packages/airflow/example_dags/example_dynamic_task_mapping_with_no_taskflow_operators.py for tasks to queue
[2026-05-15T16:44:01.143+0000] {logging_mixin.py:190} INFO - [2026-05-15T16:44:01.143+0000] {dagbag.py:588} INFO - Filling up the DagBag from /usr/local/python/3.12.1/lib/python3.12/site-packages/airflow/example_dags/example_dynamic_task_mapping_with_no_taskflow_operators.py
[2026-05-15T16:44:01.150+0000] {processor.py:925} INFO - DAG(s) 'example_dynamic_task_mapping_with_no_taskflow_operators' retrieved from /usr/local/python/3.12.1/lib/python3.12/site-packages/airflow/example_dags/example_dynamic_task_mapping_with_no_taskflow_operators.py
[2026-05-15T16:44:01.161+0000] {logging_mixin.py:190} INFO - [2026-05-15T16:44:01.161+0000] {dag.py:3239} INFO - Sync 1 DAGs
[2026-05-15T16:44:01.172+0000] {logging_mixin.py:190} INFO - [2026-05-15T16:44:01.171+0000] {dag.py:4180} INFO - Setting next_dagrun for example_dynamic_task_mapping_with_no_taskflow_operators to None, run_after=None
[2026-05-15T16:44:01.191+0000] {processor.py:208} INFO - Processing /usr/local/python/3.12.1/lib/python3.12/site-packages/airflow/example_dags/example_dynamic_task_mapping_with_no_taskflow_operators.py took 0.055 seconds
[2026-05-15T16:44:51.657+0000] {processor.py:186} INFO - Started process (PID=45293) to work on /usr/local/python/3.12.1/lib/python3.12/site-packages/airflow/example_dags/example_dynamic_task_mapping_with_no_taskflow_operators.py
[2026-05-15T16:44:51.658+0000] {processor.py:914} INFO - Processing file /usr/local/python/3.12.1/lib/python3.12/site-packages/airflow/example_dags/example_dynamic_task_mapping_with_no_taskflow_operators.py for tasks to queue
[2026-05-15T16:44:51.660+0000] {logging_mixin.py:190} INFO - [2026-05-15T16:44:51.659+0000] {dagbag.py:588} INFO - Filling up the DagBag from /usr/local/python/3.12.1/lib/python3.12/site-packages/airflow/example_dags/example_dynamic_task_mapping_with_no_taskflow_operators.py
[2026-05-15T16:44:51.666+0000] {processor.py:925} INFO - DAG(s) 'example_dynamic_task_mapping_with_no_taskflow_operators' retrieved from /usr/local/python/3.12.1/lib/python3.12/site-packages/airflow/example_dags/example_dynamic_task_mapping_with_no_taskflow_operators.py
[2026-05-15T16:44:51.682+0000] {logging_mixin.py:190} INFO - [2026-05-15T16:44:51.681+0000] {dag.py:3239} INFO - Sync 1 DAGs
[2026-05-15T16:44:51.695+0000] {logging_mixin.py:190} INFO - [2026-05-15T16:44:51.695+0000] {dag.py:4180} INFO - Setting next_dagrun for example_dynamic_task_mapping_with_no_taskflow_operators to None, run_after=None
[2026-05-15T16:44:51.713+0000] {processor.py:208} INFO - Processing /usr/local/python/3.12.1/lib/python3.12/site-packages/airflow/example_dags/example_dynamic_task_mapping_with_no_taskflow_operators.py took 0.060 seconds
[2026-05-15T16:45:44.089+0000] {processor.py:186} INFO - Started process (PID=45752) to work on /usr/local/python/3.12.1/lib/python3.12/site-packages/airflow/example_dags/example_dynamic_task_mapping_with_no_taskflow_operators.py
[2026-05-15T16:45:44.090+0000] {processor.py:914} INFO - Processing file /usr/local/python/3.12.1/lib/python3.12/site-packages/airflow/example_dags/example_dynamic_task_mapping_with_no_taskflow_operators.py for tasks to queue
[2026-05-15T16:45:44.092+0000] {logging_mixin.py:190} INFO - [2026-05-15T16:45:44.092+0000] {dagbag.py:588} INFO - Filling up the DagBag from /usr/local/python/3.12.1/lib/python3.12/site-packages/airflow/example_dags/example_dynamic_task_mapping_with_no_taskflow_operators.py
[2026-05-15T16:45:44.099+0000] {processor.py:925} INFO - DAG(s) 'example_dynamic_task_mapping_with_no_taskflow_operators' retrieved from /usr/local/python/3.12.1/lib/python3.12/site-packages/airflow/example_dags/example_dynamic_task_mapping_with_no_taskflow_operators.py
[2026-05-15T16:45:44.111+0000] {logging_mixin.py:190} INFO - [2026-05-15T16:45:44.111+0000] {dag.py:3239} INFO - Sync 1 DAGs
[2026-05-15T16:45:44.131+0000] {logging_mixin.py:190} INFO - [2026-05-15T16:45:44.131+0000] {dag.py:4180} INFO - Setting next_dagrun for example_dynamic_task_mapping_with_no_taskflow_operators to None, run_after=None
[2026-05-15T16:45:44.168+0000] {processor.py:208} INFO - Processing /usr/local/python/3.12.1/lib/python3.12/site-packages/airflow/example_dags/example_dynamic_task_mapping_with_no_taskflow_operators.py took 0.085 seconds
[2026-05-15T16:46:34.386+0000] {processor.py:186} INFO - Started process (PID=46213) to work on /usr/local/python/3.12.1/lib/python3.12/site-packages/airflow/example_dags/example_dynamic_task_mapping_with_no_taskflow_operators.py
[2026-05-15T16:46:34.387+0000] {processor.py:914} INFO - Processing file /usr/local/python/3.12.1/lib/python3.12/site-packages/airflow/example_dags/example_dynamic_task_mapping_with_no_taskflow_operators.py for tasks to queue
[2026-05-15T16:46:34.389+0000] {logging_mixin.py:190} INFO - [2026-05-15T16:46:34.389+0000] {dagbag.py:588} INFO - Filling up the DagBag from /usr/local/python/3.12.1/lib/python3.12/site-packages/airflow/example_dags/example_dynamic_task_mapping_with_no_taskflow_operators.py
[2026-05-15T16:46:34.397+0000] {processor.py:925} INFO - DAG(s) 'example_dynamic_task_mapping_with_no_taskflow_operators' retrieved from /usr/local/python/3.12.1/lib/python3.12/site-packages/airflow/example_dags/example_dynamic_task_mapping_with_no_taskflow_operators.py
[2026-05-15T16:46:34.409+0000] {logging_mixin.py:190} INFO - [2026-05-15T16:46:34.409+0000] {dag.py:3239} INFO - Sync 1 DAGs
[2026-05-15T16:46:34.419+0000] {logging_mixin.py:190} INFO - [2026-05-15T16:46:34.419+0000] {dag.py:4180} INFO - Setting next_dagrun for example_dynamic_task_mapping_with_no_taskflow_operators to None, run_after=None
[2026-05-15T16:46:34.437+0000] {processor.py:208} INFO - Processing /usr/local/python/3.12.1/lib/python3.12/site-packages/airflow/example_dags/example_dynamic_task_mapping_with_no_taskflow_operators.py took 0.055 seconds
[2026-05-15T16:47:25.467+0000] {processor.py:186} INFO - Started process (PID=46712) to work on /usr/local/python/3.12.1/lib/python3.12/site-packages/airflow/example_dags/example_dynamic_task_mapping_with_no_taskflow_operators.py
[2026-05-15T16:47:25.468+0000] {processor.py:914} INFO - Processing file /usr/local/python/3.12.1/lib/python3.12/site-packages/airflow/example_dags/example_dynamic_task_mapping_with_no_taskflow_operators.py for tasks to queue
[2026-05-15T16:47:25.469+0000] {logging_mixin.py:190} INFO - [2026-05-15T16:47:25.469+0000] {dagbag.py:588} INFO - Filling up the DagBag from /usr/local/python/3.12.1/lib/python3.12/site-packages/airflow/example_dags/example_dynamic_task_mapping_with_no_taskflow_operators.py
[2026-05-15T16:47:25.477+0000] {processor.py:925} INFO - DAG(s) 'example_dynamic_task_mapping_with_no_taskflow_operators' retrieved from /usr/local/python/3.12.1/lib/python3.12/site-packages/airflow/example_dags/example_dynamic_task_mapping_with_no_taskflow_operators.py
[2026-05-15T16:47:25.492+0000] {logging_mixin.py:190} INFO - [2026-05-15T16:47:25.492+0000] {dag.py:3239} INFO - Sync 1 DAGs
[2026-05-15T16:47:25.502+0000] {logging_mixin.py:190} INFO - [2026-05-15T16:47:25.502+0000] {dag.py:4180} INFO - Setting next_dagrun for example_dynamic_task_mapping_with_no_taskflow_operators to None, run_after=None
[2026-05-15T16:47:25.518+0000] {processor.py:208} INFO - Processing /usr/local/python/3.12.1/lib/python3.12/site-packages/airflow/example_dags/example_dynamic_task_mapping_with_no_taskflow_operators.py took 0.057 seconds
[2026-05-15T16:48:15.513+0000] {processor.py:186} INFO - Started process (PID=47198) to work on /usr/local/python/3.12.1/lib/python3.12/site-packages/airflow/example_dags/example_dynamic_task_mapping_with_no_taskflow_operators.py
[2026-05-15T16:48:15.514+0000] {processor.py:914} INFO - Processing file /usr/local/python/3.12.1/lib/python3.12/site-packages/airflow/example_dags/example_dynamic_task_mapping_with_no_taskflow_operators.py for tasks to queue
[2026-05-15T16:48:15.515+0000] {logging_mixin.py:190} INFO - [2026-05-15T16:48:15.515+0000] {dagbag.py:588} INFO - Filling up the DagBag from /usr/local/python/3.12.1/lib/python3.12/site-packages/airflow/example_dags/example_dynamic_task_mapping_with_no_taskflow_operators.py
[2026-05-15T16:48:15.522+0000] {processor.py:925} INFO - DAG(s) 'example_dynamic_task_mapping_with_no_taskflow_operators' retrieved from /usr/local/python/3.12.1/lib/python3.12/site-packages/airflow/example_dags/example_dynamic_task_mapping_with_no_taskflow_operators.py
[2026-05-15T16:48:15.535+0000] {logging_mixin.py:190} INFO - [2026-05-15T16:48:15.535+0000] {dag.py:3239} INFO - Sync 1 DAGs
[2026-05-15T16:48:15.545+0000] {logging_mixin.py:190} INFO - [2026-05-15T16:48:15.545+0000] {dag.py:4180} INFO - Setting next_dagrun for example_dynamic_task_mapping_with_no_taskflow_operators to None, run_after=None
[2026-05-15T16:48:15.562+0000] {processor.py:208} INFO - Processing /usr/local/python/3.12.1/lib/python3.12/site-packages/airflow/example_dags/example_dynamic_task_mapping_with_no_taskflow_operators.py took 0.054 seconds
[2026-05-15T16:49:07.232+0000] {processor.py:186} INFO - Started process (PID=47757) to work on /usr/local/python/3.12.1/lib/python3.12/site-packages/airflow/example_dags/example_dynamic_task_mapping_with_no_taskflow_operators.py
[2026-05-15T16:49:07.232+0000] {processor.py:914} INFO - Processing file /usr/local/python/3.12.1/lib/python3.12/site-packages/airflow/example_dags/example_dynamic_task_mapping_with_no_taskflow_operators.py for tasks to queue
[2026-05-15T16:49:07.234+0000] {logging_mixin.py:190} INFO - [2026-05-15T16:49:07.234+0000] {dagbag.py:588} INFO - Filling up the DagBag from /usr/local/python/3.12.1/lib/python3.12/site-packages/airflow/example_dags/example_dynamic_task_mapping_with_no_taskflow_operators.py
[2026-05-15T16:49:07.240+0000] {processor.py:925} INFO - DAG(s) 'example_dynamic_task_mapping_with_no_taskflow_operators' retrieved from /usr/local/python/3.12.1/lib/python3.12/site-packages/airflow/example_dags/example_dynamic_task_mapping_with_no_taskflow_operators.py
[2026-05-15T16:49:07.255+0000] {logging_mixin.py:190} INFO - [2026-05-15T16:49:07.255+0000] {dag.py:3239} INFO - Sync 1 DAGs
[2026-05-15T16:49:07.267+0000] {logging_mixin.py:190} INFO - [2026-05-15T16:49:07.267+0000] {dag.py:4180} INFO - Setting next_dagrun for example_dynamic_task_mapping_with_no_taskflow_operators to None, run_after=None
[2026-05-15T16:49:07.286+0000] {processor.py:208} INFO - Processing /usr/local/python/3.12.1/lib/python3.12/site-packages/airflow/example_dags/example_dynamic_task_mapping_with_no_taskflow_operators.py took 0.059 seconds
[2026-05-15T16:49:58.120+0000] {processor.py:186} INFO - Started process (PID=48255) to work on /usr/local/python/3.12.1/lib/python3.12/site-packages/airflow/example_dags/example_dynamic_task_mapping_with_no_taskflow_operators.py
[2026-05-15T16:49:58.121+0000] {processor.py:914} INFO - Processing file /usr/local/python/3.12.1/lib/python3.12/site-packages/airflow/example_dags/example_dynamic_task_mapping_with_no_taskflow_operators.py for tasks to queue
[2026-05-15T16:49:58.124+0000] {logging_mixin.py:190} INFO - [2026-05-15T16:49:58.124+0000] {dagbag.py:588} INFO - Filling up the DagBag from /usr/local/python/3.12.1/lib/python3.12/site-packages/airflow/example_dags/example_dynamic_task_mapping_with_no_taskflow_operators.py
[2026-05-15T16:49:58.133+0000] {processor.py:925} INFO - DAG(s) 'example_dynamic_task_mapping_with_no_taskflow_operators' retrieved from /usr/local/python/3.12.1/lib/python3.12/site-packages/airflow/example_dags/example_dynamic_task_mapping_with_no_taskflow_operators.py
[2026-05-15T16:49:58.149+0000] {logging_mixin.py:190} INFO - [2026-05-15T16:49:58.149+0000] {dag.py:3239} INFO - Sync 1 DAGs
[2026-05-15T16:49:58.166+0000] {logging_mixin.py:190} INFO - [2026-05-15T16:49:58.165+0000] {dag.py:4180} INFO - Setting next_dagrun for example_dynamic_task_mapping_with_no_taskflow_operators to None, run_after=None
[2026-05-15T16:49:58.197+0000] {processor.py:208} INFO - Processing /usr/local/python/3.12.1/lib/python3.12/site-packages/airflow/example_dags/example_dynamic_task_mapping_with_no_taskflow_operators.py took 0.085 seconds
[2026-05-15T16:50:52.070+0000] {processor.py:186} INFO - Started process (PID=48777) to work on /usr/local/python/3.12.1/lib/python3.12/site-packages/airflow/example_dags/example_dynamic_task_mapping_with_no_taskflow_operators.py
[2026-05-15T16:50:52.070+0000] {processor.py:914} INFO - Processing file /usr/local/python/3.12.1/lib/python3.12/site-packages/airflow/example_dags/example_dynamic_task_mapping_with_no_taskflow_operators.py for tasks to queue
[2026-05-15T16:50:52.072+0000] {logging_mixin.py:190} INFO - [2026-05-15T16:50:52.072+0000] {dagbag.py:588} INFO - Filling up the DagBag from /usr/local/python/3.12.1/lib/python3.12/site-packages/airflow/example_dags/example_dynamic_task_mapping_with_no_taskflow_operators.py
[2026-05-15T16:50:52.081+0000] {processor.py:925} INFO - DAG(s) 'example_dynamic_task_mapping_with_no_taskflow_operators' retrieved from /usr/local/python/3.12.1/lib/python3.12/site-packages/airflow/example_dags/example_dynamic_task_mapping_with_no_taskflow_operators.py
[2026-05-15T16:50:52.096+0000] {logging_mixin.py:190} INFO - [2026-05-15T16:50:52.096+0000] {dag.py:3239} INFO - Sync 1 DAGs
[2026-05-15T16:50:52.106+0000] {logging_mixin.py:190} INFO - [2026-05-15T16:50:52.106+0000] {dag.py:4180} INFO - Setting next_dagrun for example_dynamic_task_mapping_with_no_taskflow_operators to None, run_after=None
[2026-05-15T16:50:52.122+0000] {processor.py:208} INFO - Processing /usr/local/python/3.12.1/lib/python3.12/site-packages/airflow/example_dags/example_dynamic_task_mapping_with_no_taskflow_operators.py took 0.057 seconds
[2026-05-15T16:51:43.730+0000] {processor.py:186} INFO - Started process (PID=49247) to work on /usr/local/python/3.12.1/lib/python3.12/site-packages/airflow/example_dags/example_dynamic_task_mapping_with_no_taskflow_operators.py
[2026-05-15T16:51:43.730+0000] {processor.py:914} INFO - Processing file /usr/local/python/3.12.1/lib/python3.12/site-packages/airflow/example_dags/example_dynamic_task_mapping_with_no_taskflow_operators.py for tasks to queue
[2026-05-15T16:51:43.732+0000] {logging_mixin.py:190} INFO - [2026-05-15T16:51:43.731+0000] {dagbag.py:588} INFO - Filling up the DagBag from /usr/local/python/3.12.1/lib/python3.12/site-packages/airflow/example_dags/example_dynamic_task_mapping_with_no_taskflow_operators.py
[2026-05-15T16:51:43.738+0000] {processor.py:925} INFO - DAG(s) 'example_dynamic_task_mapping_with_no_taskflow_operators' retrieved from /usr/local/python/3.12.1/lib/python3.12/site-packages/airflow/example_dags/example_dynamic_task_mapping_with_no_taskflow_operators.py
[2026-05-15T16:51:43.750+0000] {logging_mixin.py:190} INFO - [2026-05-15T16:51:43.749+0000] {dag.py:3239} INFO - Sync 1 DAGs
[2026-05-15T16:51:43.759+0000] {logging_mixin.py:190} INFO - [2026-05-15T16:51:43.759+0000] {dag.py:4180} INFO - Setting next_dagrun for example_dynamic_task_mapping_with_no_taskflow_operators to None, run_after=None
[2026-05-15T16:51:43.776+0000] {processor.py:208} INFO - Processing /usr/local/python/3.12.1/lib/python3.12/site-packages/airflow/example_dags/example_dynamic_task_mapping_with_no_taskflow_operators.py took 0.051 seconds
[2026-05-15T16:52:35.015+0000] {processor.py:186} INFO - Started process (PID=49698) to work on /usr/local/python/3.12.1/lib/python3.12/site-packages/airflow/example_dags/example_dynamic_task_mapping_with_no_taskflow_operators.py
[2026-05-15T16:52:35.016+0000] {processor.py:914} INFO - Processing file /usr/local/python/3.12.1/lib/python3.12/site-packages/airflow/example_dags/example_dynamic_task_mapping_with_no_taskflow_operators.py for tasks to queue
[2026-05-15T16:52:35.017+0000] {logging_mixin.py:190} INFO - [2026-05-15T16:52:35.017+0000] {dagbag.py:588} INFO - Filling up the DagBag from /usr/local/python/3.12.1/lib/python3.12/site-packages/airflow/example_dags/example_dynamic_task_mapping_with_no_taskflow_operators.py
[2026-05-15T16:52:35.024+0000] {processor.py:925} INFO - DAG(s) 'example_dynamic_task_mapping_with_no_taskflow_operators' retrieved from /usr/local/python/3.12.1/lib/python3.12/site-packages/airflow/example_dags/example_dynamic_task_mapping_with_no_taskflow_operators.py
[2026-05-15T16:52:35.035+0000] {logging_mixin.py:190} INFO - [2026-05-15T16:52:35.035+0000] {dag.py:3239} INFO - Sync 1 DAGs
[2026-05-15T16:52:35.045+0000] {logging_mixin.py:190} INFO - [2026-05-15T16:52:35.045+0000] {dag.py:4180} INFO - Setting next_dagrun for example_dynamic_task_mapping_with_no_taskflow_operators to None, run_after=None
[2026-05-15T16:52:35.062+0000] {processor.py:208} INFO - Processing /usr/local/python/3.12.1/lib/python3.12/site-packages/airflow/example_dags/example_dynamic_task_mapping_with_no_taskflow_operators.py took 0.052 seconds
[2026-05-15T16:53:22.664+0000] {processor.py:186} INFO - Started process (PID=50120) to work on /usr/local/python/3.12.1/lib/python3.12/site-packages/airflow/example_dags/example_dynamic_task_mapping_with_no_taskflow_operators.py
[2026-05-15T16:53:22.664+0000] {processor.py:914} INFO - Processing file /usr/local/python/3.12.1/lib/python3.12/site-packages/airflow/example_dags/example_dynamic_task_mapping_with_no_taskflow_operators.py for tasks to queue
[2026-05-15T16:53:22.666+0000] {logging_mixin.py:190} INFO - [2026-05-15T16:53:22.666+0000] {dagbag.py:588} INFO - Filling up the DagBag from /usr/local/python/3.12.1/lib/python3.12/site-packages/airflow/example_dags/example_dynamic_task_mapping_with_no_taskflow_operators.py
[2026-05-15T16:53:22.672+0000] {processor.py:925} INFO - DAG(s) 'example_dynamic_task_mapping_with_no_taskflow_operators' retrieved from /usr/local/python/3.12.1/lib/python3.12/site-packages/airflow/example_dags/example_dynamic_task_mapping_with_no_taskflow_operators.py
[2026-05-15T16:53:22.687+0000] {logging_mixin.py:190} INFO - [2026-05-15T16:53:22.687+0000] {dag.py:3239} INFO - Sync 1 DAGs
[2026-05-15T16:53:22.698+0000] {logging_mixin.py:190} INFO - [2026-05-15T16:53:22.698+0000] {dag.py:4180} INFO - Setting next_dagrun for example_dynamic_task_mapping_with_no_taskflow_operators to None, run_after=None
[2026-05-15T16:53:22.714+0000] {processor.py:208} INFO - Processing /usr/local/python/3.12.1/lib/python3.12/site-packages/airflow/example_dags/example_dynamic_task_mapping_with_no_taskflow_operators.py took 0.055 seconds
[2026-05-15T16:54:33.805+0000] {processor.py:186} INFO - Started process (PID=50796) to work on /usr/local/python/3.12.1/lib/python3.12/site-packages/airflow/example_dags/example_dynamic_task_mapping_with_no_taskflow_operators.py
[2026-05-15T16:54:33.805+0000] {processor.py:914} INFO - Processing file /usr/local/python/3.12.1/lib/python3.12/site-packages/airflow/example_dags/example_dynamic_task_mapping_with_no_taskflow_operators.py for tasks to queue
[2026-05-15T16:54:33.807+0000] {logging_mixin.py:190} INFO - [2026-05-15T16:54:33.807+0000] {dagbag.py:588} INFO - Filling up the DagBag from /usr/local/python/3.12.1/lib/python3.12/site-packages/airflow/example_dags/example_dynamic_task_mapping_with_no_taskflow_operators.py
[2026-05-15T16:54:33.813+0000] {processor.py:925} INFO - DAG(s) 'example_dynamic_task_mapping_with_no_taskflow_operators' retrieved from /usr/local/python/3.12.1/lib/python3.12/site-packages/airflow/example_dags/example_dynamic_task_mapping_with_no_taskflow_operators.py
[2026-05-15T16:54:33.825+0000] {logging_mixin.py:190} INFO - [2026-05-15T16:54:33.825+0000] {dag.py:3239} INFO - Sync 1 DAGs
[2026-05-15T16:54:33.835+0000] {logging_mixin.py:190} INFO - [2026-05-15T16:54:33.834+0000] {dag.py:4180} INFO - Setting next_dagrun for example_dynamic_task_mapping_with_no_taskflow_operators to None, run_after=None
[2026-05-15T16:54:33.850+0000] {processor.py:208} INFO - Processing /usr/local/python/3.12.1/lib/python3.12/site-packages/airflow/example_dags/example_dynamic_task_mapping_with_no_taskflow_operators.py took 0.050 seconds
[2026-05-15T16:55:47.376+0000] {processor.py:186} INFO - Started process (PID=51499) to work on /usr/local/python/3.12.1/lib/python3.12/site-packages/airflow/example_dags/example_dynamic_task_mapping_with_no_taskflow_operators.py
[2026-05-15T16:55:47.377+0000] {processor.py:914} INFO - Processing file /usr/local/python/3.12.1/lib/python3.12/site-packages/airflow/example_dags/example_dynamic_task_mapping_with_no_taskflow_operators.py for tasks to queue
[2026-05-15T16:55:47.378+0000] {logging_mixin.py:190} INFO - [2026-05-15T16:55:47.378+0000] {dagbag.py:588} INFO - Filling up the DagBag from /usr/local/python/3.12.1/lib/python3.12/site-packages/airflow/example_dags/example_dynamic_task_mapping_with_no_taskflow_operators.py
[2026-05-15T16:55:47.386+0000] {processor.py:925} INFO - DAG(s) 'example_dynamic_task_mapping_with_no_taskflow_operators' retrieved from /usr/local/python/3.12.1/lib/python3.12/site-packages/airflow/example_dags/example_dynamic_task_mapping_with_no_taskflow_operators.py
[2026-05-15T16:55:47.401+0000] {logging_mixin.py:190} INFO - [2026-05-15T16:55:47.401+0000] {dag.py:3239} INFO - Sync 1 DAGs
[2026-05-15T16:55:47.411+0000] {logging_mixin.py:190} INFO - [2026-05-15T16:55:47.411+0000] {dag.py:4180} INFO - Setting next_dagrun for example_dynamic_task_mapping_with_no_taskflow_operators to None, run_after=None
[2026-05-15T16:55:47.428+0000] {processor.py:208} INFO - Processing /usr/local/python/3.12.1/lib/python3.12/site-packages/airflow/example_dags/example_dynamic_task_mapping_with_no_taskflow_operators.py took 0.059 seconds
[2026-05-15T16:56:39.762+0000] {processor.py:186} INFO - Started process (PID=51905) to work on /usr/local/python/3.12.1/lib/python3.12/site-packages/airflow/example_dags/example_dynamic_task_mapping_with_no_taskflow_operators.py
[2026-05-15T16:56:39.763+0000] {processor.py:914} INFO - Processing file /usr/local/python/3.12.1/lib/python3.12/site-packages/airflow/example_dags/example_dynamic_task_mapping_with_no_taskflow_operators.py for tasks to queue
[2026-05-15T16:56:39.764+0000] {logging_mixin.py:190} INFO - [2026-05-15T16:56:39.764+0000] {dagbag.py:588} INFO - Filling up the DagBag from /usr/local/python/3.12.1/lib/python3.12/site-packages/airflow/example_dags/example_dynamic_task_mapping_with_no_taskflow_operators.py
[2026-05-15T16:56:39.771+0000] {processor.py:925} INFO - DAG(s) 'example_dynamic_task_mapping_with_no_taskflow_operators' retrieved from /usr/local/python/3.12.1/lib/python3.12/site-packages/airflow/example_dags/example_dynamic_task_mapping_with_no_taskflow_operators.py
[2026-05-15T16:56:39.787+0000] {logging_mixin.py:190} INFO - [2026-05-15T16:56:39.786+0000] {dag.py:3239} INFO - Sync 1 DAGs
[2026-05-15T16:56:39.801+0000] {logging_mixin.py:190} INFO - [2026-05-15T16:56:39.801+0000] {dag.py:4180} INFO - Setting next_dagrun for example_dynamic_task_mapping_with_no_taskflow_operators to None, run_after=None
[2026-05-15T16:56:39.818+0000] {processor.py:208} INFO - Processing /usr/local/python/3.12.1/lib/python3.12/site-packages/airflow/example_dags/example_dynamic_task_mapping_with_no_taskflow_operators.py took 0.061 seconds
[2026-05-15T16:57:30.069+0000] {processor.py:186} INFO - Started process (PID=52367) to work on /usr/local/python/3.12.1/lib/python3.12/site-packages/airflow/example_dags/example_dynamic_task_mapping_with_no_taskflow_operators.py
[2026-05-15T16:57:30.070+0000] {processor.py:914} INFO - Processing file /usr/local/python/3.12.1/lib/python3.12/site-packages/airflow/example_dags/example_dynamic_task_mapping_with_no_taskflow_operators.py for tasks to queue
[2026-05-15T16:57:30.071+0000] {logging_mixin.py:190} INFO - [2026-05-15T16:57:30.071+0000] {dagbag.py:588} INFO - Filling up the DagBag from /usr/local/python/3.12.1/lib/python3.12/site-packages/airflow/example_dags/example_dynamic_task_mapping_with_no_taskflow_operators.py
[2026-05-15T16:57:30.079+0000] {processor.py:925} INFO - DAG(s) 'example_dynamic_task_mapping_with_no_taskflow_operators' retrieved from /usr/local/python/3.12.1/lib/python3.12/site-packages/airflow/example_dags/example_dynamic_task_mapping_with_no_taskflow_operators.py
[2026-05-15T16:57:30.095+0000] {logging_mixin.py:190} INFO - [2026-05-15T16:57:30.095+0000] {dag.py:3239} INFO - Sync 1 DAGs
[2026-05-15T16:57:30.117+0000] {logging_mixin.py:190} INFO - [2026-05-15T16:57:30.117+0000] {dag.py:4180} INFO - Setting next_dagrun for example_dynamic_task_mapping_with_no_taskflow_operators to None, run_after=None
[2026-05-15T16:57:30.140+0000] {processor.py:208} INFO - Processing /usr/local/python/3.12.1/lib/python3.12/site-packages/airflow/example_dags/example_dynamic_task_mapping_with_no_taskflow_operators.py took 0.076 seconds
[2026-05-15T16:58:20.299+0000] {processor.py:186} INFO - Started process (PID=52814) to work on /usr/local/python/3.12.1/lib/python3.12/site-packages/airflow/example_dags/example_dynamic_task_mapping_with_no_taskflow_operators.py
[2026-05-15T16:58:20.299+0000] {processor.py:914} INFO - Processing file /usr/local/python/3.12.1/lib/python3.12/site-packages/airflow/example_dags/example_dynamic_task_mapping_with_no_taskflow_operators.py for tasks to queue
[2026-05-15T16:58:20.301+0000] {logging_mixin.py:190} INFO - [2026-05-15T16:58:20.301+0000] {dagbag.py:588} INFO - Filling up the DagBag from /usr/local/python/3.12.1/lib/python3.12/site-packages/airflow/example_dags/example_dynamic_task_mapping_with_no_taskflow_operators.py
[2026-05-15T16:58:20.307+0000] {processor.py:925} INFO - DAG(s) 'example_dynamic_task_mapping_with_no_taskflow_operators' retrieved from /usr/local/python/3.12.1/lib/python3.12/site-packages/airflow/example_dags/example_dynamic_task_mapping_with_no_taskflow_operators.py
[2026-05-15T16:58:20.320+0000] {logging_mixin.py:190} INFO - [2026-05-15T16:58:20.320+0000] {dag.py:3239} INFO - Sync 1 DAGs
[2026-05-15T16:58:20.331+0000] {logging_mixin.py:190} INFO - [2026-05-15T16:58:20.331+0000] {dag.py:4180} INFO - Setting next_dagrun for example_dynamic_task_mapping_with_no_taskflow_operators to None, run_after=None
[2026-05-15T16:58:20.348+0000] {processor.py:208} INFO - Processing /usr/local/python/3.12.1/lib/python3.12/site-packages/airflow/example_dags/example_dynamic_task_mapping_with_no_taskflow_operators.py took 0.054 seconds
[2026-05-15T16:59:11.886+0000] {processor.py:186} INFO - Started process (PID=53336) to work on /usr/local/python/3.12.1/lib/python3.12/site-packages/airflow/example_dags/example_dynamic_task_mapping_with_no_taskflow_operators.py
[2026-05-15T16:59:11.887+0000] {processor.py:914} INFO - Processing file /usr/local/python/3.12.1/lib/python3.12/site-packages/airflow/example_dags/example_dynamic_task_mapping_with_no_taskflow_operators.py for tasks to queue
[2026-05-15T16:59:11.889+0000] {logging_mixin.py:190} INFO - [2026-05-15T16:59:11.889+0000] {dagbag.py:588} INFO - Filling up the DagBag from /usr/local/python/3.12.1/lib/python3.12/site-packages/airflow/example_dags/example_dynamic_task_mapping_with_no_taskflow_operators.py
[2026-05-15T16:59:11.897+0000] {processor.py:925} INFO - DAG(s) 'example_dynamic_task_mapping_with_no_taskflow_operators' retrieved from /usr/local/python/3.12.1/lib/python3.12/site-packages/airflow/example_dags/example_dynamic_task_mapping_with_no_taskflow_operators.py
[2026-05-15T16:59:11.910+0000] {logging_mixin.py:190} INFO - [2026-05-15T16:59:11.909+0000] {dag.py:3239} INFO - Sync 1 DAGs
[2026-05-15T16:59:11.919+0000] {logging_mixin.py:190} INFO - [2026-05-15T16:59:11.919+0000] {dag.py:4180} INFO - Setting next_dagrun for example_dynamic_task_mapping_with_no_taskflow_operators to None, run_after=None
[2026-05-15T16:59:11.936+0000] {processor.py:208} INFO - Processing /usr/local/python/3.12.1/lib/python3.12/site-packages/airflow/example_dags/example_dynamic_task_mapping_with_no_taskflow_operators.py took 0.056 seconds
[2026-05-15T17:00:03.864+0000] {processor.py:186} INFO - Started process (PID=53805) to work on /usr/local/python/3.12.1/lib/python3.12/site-packages/airflow/example_dags/example_dynamic_task_mapping_with_no_taskflow_operators.py
[2026-05-15T17:00:03.865+0000] {processor.py:914} INFO - Processing file /usr/local/python/3.12.1/lib/python3.12/site-packages/airflow/example_dags/example_dynamic_task_mapping_with_no_taskflow_operators.py for tasks to queue
[2026-05-15T17:00:03.866+0000] {logging_mixin.py:190} INFO - [2026-05-15T17:00:03.866+0000] {dagbag.py:588} INFO - Filling up the DagBag from /usr/local/python/3.12.1/lib/python3.12/site-packages/airflow/example_dags/example_dynamic_task_mapping_with_no_taskflow_operators.py
[2026-05-15T17:00:03.873+0000] {processor.py:925} INFO - DAG(s) 'example_dynamic_task_mapping_with_no_taskflow_operators' retrieved from /usr/local/python/3.12.1/lib/python3.12/site-packages/airflow/example_dags/example_dynamic_task_mapping_with_no_taskflow_operators.py
[2026-05-15T17:00:03.889+0000] {logging_mixin.py:190} INFO - [2026-05-15T17:00:03.888+0000] {dag.py:3239} INFO - Sync 1 DAGs
[2026-05-15T17:00:03.901+0000] {logging_mixin.py:190} INFO - [2026-05-15T17:00:03.900+0000] {dag.py:4180} INFO - Setting next_dagrun for example_dynamic_task_mapping_with_no_taskflow_operators to None, run_after=None
[2026-05-15T17:00:03.916+0000] {processor.py:208} INFO - Processing /usr/local/python/3.12.1/lib/python3.12/site-packages/airflow/example_dags/example_dynamic_task_mapping_with_no_taskflow_operators.py took 0.056 seconds
[2026-05-15T17:00:54.487+0000] {processor.py:186} INFO - Started process (PID=54332) to work on /usr/local/python/3.12.1/lib/python3.12/site-packages/airflow/example_dags/example_dynamic_task_mapping_with_no_taskflow_operators.py
[2026-05-15T17:00:54.488+0000] {processor.py:914} INFO - Processing file /usr/local/python/3.12.1/lib/python3.12/site-packages/airflow/example_dags/example_dynamic_task_mapping_with_no_taskflow_operators.py for tasks to queue
[2026-05-15T17:00:54.490+0000] {logging_mixin.py:190} INFO - [2026-05-15T17:00:54.489+0000] {dagbag.py:588} INFO - Filling up the DagBag from /usr/local/python/3.12.1/lib/python3.12/site-packages/airflow/example_dags/example_dynamic_task_mapping_with_no_taskflow_operators.py
[2026-05-15T17:00:54.497+0000] {processor.py:925} INFO - DAG(s) 'example_dynamic_task_mapping_with_no_taskflow_operators' retrieved from /usr/local/python/3.12.1/lib/python3.12/site-packages/airflow/example_dags/example_dynamic_task_mapping_with_no_taskflow_operators.py
[2026-05-15T17:00:54.509+0000] {logging_mixin.py:190} INFO - [2026-05-15T17:00:54.509+0000] {dag.py:3239} INFO - Sync 1 DAGs
[2026-05-15T17:00:54.520+0000] {logging_mixin.py:190} INFO - [2026-05-15T17:00:54.520+0000] {dag.py:4180} INFO - Setting next_dagrun for example_dynamic_task_mapping_with_no_taskflow_operators to None, run_after=None
[2026-05-15T17:00:54.536+0000] {processor.py:208} INFO - Processing /usr/local/python/3.12.1/lib/python3.12/site-packages/airflow/example_dags/example_dynamic_task_mapping_with_no_taskflow_operators.py took 0.054 seconds
[2026-05-15T17:02:08.987+0000] {processor.py:186} INFO - Started process (PID=54984) to work on /usr/local/python/3.12.1/lib/python3.12/site-packages/airflow/example_dags/example_dynamic_task_mapping_with_no_taskflow_operators.py
[2026-05-15T17:02:08.988+0000] {processor.py:914} INFO - Processing file /usr/local/python/3.12.1/lib/python3.12/site-packages/airflow/example_dags/example_dynamic_task_mapping_with_no_taskflow_operators.py for tasks to queue
[2026-05-15T17:02:08.990+0000] {logging_mixin.py:190} INFO - [2026-05-15T17:02:08.990+0000] {dagbag.py:588} INFO - Filling up the DagBag from /usr/local/python/3.12.1/lib/python3.12/site-packages/airflow/example_dags/example_dynamic_task_mapping_with_no_taskflow_operators.py
[2026-05-15T17:02:08.997+0000] {processor.py:925} INFO - DAG(s) 'example_dynamic_task_mapping_with_no_taskflow_operators' retrieved from /usr/local/python/3.12.1/lib/python3.12/site-packages/airflow/example_dags/example_dynamic_task_mapping_with_no_taskflow_operators.py
[2026-05-15T17:02:09.009+0000] {logging_mixin.py:190} INFO - [2026-05-15T17:02:09.008+0000] {dag.py:3239} INFO - Sync 1 DAGs
[2026-05-15T17:02:09.021+0000] {logging_mixin.py:190} INFO - [2026-05-15T17:02:09.021+0000] {dag.py:4180} INFO - Setting next_dagrun for example_dynamic_task_mapping_with_no_taskflow_operators to None, run_after=None
[2026-05-15T17:02:09.039+0000] {processor.py:208} INFO - Processing /usr/local/python/3.12.1/lib/python3.12/site-packages/airflow/example_dags/example_dynamic_task_mapping_with_no_taskflow_operators.py took 0.058 seconds
[2026-05-15T17:03:01.063+0000] {processor.py:186} INFO - Started process (PID=56172) to work on /usr/local/python/3.12.1/lib/python3.12/site-packages/airflow/example_dags/example_dynamic_task_mapping_with_no_taskflow_operators.py
[2026-05-15T17:03:01.064+0000] {processor.py:914} INFO - Processing file /usr/local/python/3.12.1/lib/python3.12/site-packages/airflow/example_dags/example_dynamic_task_mapping_with_no_taskflow_operators.py for tasks to queue
[2026-05-15T17:03:01.066+0000] {logging_mixin.py:190} INFO - [2026-05-15T17:03:01.066+0000] {dagbag.py:588} INFO - Filling up the DagBag from /usr/local/python/3.12.1/lib/python3.12/site-packages/airflow/example_dags/example_dynamic_task_mapping_with_no_taskflow_operators.py
[2026-05-15T17:03:01.072+0000] {processor.py:925} INFO - DAG(s) 'example_dynamic_task_mapping_with_no_taskflow_operators' retrieved from /usr/local/python/3.12.1/lib/python3.12/site-packages/airflow/example_dags/example_dynamic_task_mapping_with_no_taskflow_operators.py
[2026-05-15T17:03:01.088+0000] {logging_mixin.py:190} INFO - [2026-05-15T17:03:01.088+0000] {dag.py:3239} INFO - Sync 1 DAGs
[2026-05-15T17:03:01.099+0000] {logging_mixin.py:190} INFO - [2026-05-15T17:03:01.099+0000] {dag.py:4180} INFO - Setting next_dagrun for example_dynamic_task_mapping_with_no_taskflow_operators to None, run_after=None
[2026-05-15T17:03:01.116+0000] {processor.py:208} INFO - Processing /usr/local/python/3.12.1/lib/python3.12/site-packages/airflow/example_dags/example_dynamic_task_mapping_with_no_taskflow_operators.py took 0.057 seconds
[2026-05-15T17:03:52.421+0000] {processor.py:186} INFO - Started process (PID=56892) to work on /usr/local/python/3.12.1/lib/python3.12/site-packages/airflow/example_dags/example_dynamic_task_mapping_with_no_taskflow_operators.py
[2026-05-15T17:03:52.422+0000] {processor.py:914} INFO - Processing file /usr/local/python/3.12.1/lib/python3.12/site-packages/airflow/example_dags/example_dynamic_task_mapping_with_no_taskflow_operators.py for tasks to queue
[2026-05-15T17:03:52.424+0000] {logging_mixin.py:190} INFO - [2026-05-15T17:03:52.424+0000] {dagbag.py:588} INFO - Filling up the DagBag from /usr/local/python/3.12.1/lib/python3.12/site-packages/airflow/example_dags/example_dynamic_task_mapping_with_no_taskflow_operators.py
[2026-05-15T17:03:52.432+0000] {processor.py:925} INFO - DAG(s) 'example_dynamic_task_mapping_with_no_taskflow_operators' retrieved from /usr/local/python/3.12.1/lib/python3.12/site-packages/airflow/example_dags/example_dynamic_task_mapping_with_no_taskflow_operators.py
[2026-05-15T17:03:52.444+0000] {logging_mixin.py:190} INFO - [2026-05-15T17:03:52.444+0000] {dag.py:3239} INFO - Sync 1 DAGs
[2026-05-15T17:03:52.454+0000] {logging_mixin.py:190} INFO - [2026-05-15T17:03:52.454+0000] {dag.py:4180} INFO - Setting next_dagrun for example_dynamic_task_mapping_with_no_taskflow_operators to None, run_after=None
[2026-05-15T17:03:52.472+0000] {processor.py:208} INFO - Processing /usr/local/python/3.12.1/lib/python3.12/site-packages/airflow/example_dags/example_dynamic_task_mapping_with_no_taskflow_operators.py took 0.055 seconds
[2026-05-15T17:05:08.252+0000] {processor.py:186} INFO - Started process (PID=57621) to work on /usr/local/python/3.12.1/lib/python3.12/site-packages/airflow/example_dags/example_dynamic_task_mapping_with_no_taskflow_operators.py
[2026-05-15T17:05:08.252+0000] {processor.py:914} INFO - Processing file /usr/local/python/3.12.1/lib/python3.12/site-packages/airflow/example_dags/example_dynamic_task_mapping_with_no_taskflow_operators.py for tasks to queue
[2026-05-15T17:05:08.254+0000] {logging_mixin.py:190} INFO - [2026-05-15T17:05:08.253+0000] {dagbag.py:588} INFO - Filling up the DagBag from /usr/local/python/3.12.1/lib/python3.12/site-packages/airflow/example_dags/example_dynamic_task_mapping_with_no_taskflow_operators.py
[2026-05-15T17:05:08.260+0000] {processor.py:925} INFO - DAG(s) 'example_dynamic_task_mapping_with_no_taskflow_operators' retrieved from /usr/local/python/3.12.1/lib/python3.12/site-packages/airflow/example_dags/example_dynamic_task_mapping_with_no_taskflow_operators.py
[2026-05-15T17:05:08.272+0000] {logging_mixin.py:190} INFO - [2026-05-15T17:05:08.271+0000] {dag.py:3239} INFO - Sync 1 DAGs
[2026-05-15T17:05:08.284+0000] {logging_mixin.py:190} INFO - [2026-05-15T17:05:08.284+0000] {dag.py:4180} INFO - Setting next_dagrun for example_dynamic_task_mapping_with_no_taskflow_operators to None, run_after=None
[2026-05-15T17:05:08.303+0000] {processor.py:208} INFO - Processing /usr/local/python/3.12.1/lib/python3.12/site-packages/airflow/example_dags/example_dynamic_task_mapping_with_no_taskflow_operators.py took 0.055 seconds
[2026-05-15T17:05:59.344+0000] {processor.py:186} INFO - Started process (PID=58076) to work on /usr/local/python/3.12.1/lib/python3.12/site-packages/airflow/example_dags/example_dynamic_task_mapping_with_no_taskflow_operators.py
[2026-05-15T17:05:59.345+0000] {processor.py:914} INFO - Processing file /usr/local/python/3.12.1/lib/python3.12/site-packages/airflow/example_dags/example_dynamic_task_mapping_with_no_taskflow_operators.py for tasks to queue
[2026-05-15T17:05:59.346+0000] {logging_mixin.py:190} INFO - [2026-05-15T17:05:59.346+0000] {dagbag.py:588} INFO - Filling up the DagBag from /usr/local/python/3.12.1/lib/python3.12/site-packages/airflow/example_dags/example_dynamic_task_mapping_with_no_taskflow_operators.py
[2026-05-15T17:05:59.352+0000] {processor.py:925} INFO - DAG(s) 'example_dynamic_task_mapping_with_no_taskflow_operators' retrieved from /usr/local/python/3.12.1/lib/python3.12/site-packages/airflow/example_dags/example_dynamic_task_mapping_with_no_taskflow_operators.py
[2026-05-15T17:05:59.364+0000] {logging_mixin.py:190} INFO - [2026-05-15T17:05:59.364+0000] {dag.py:3239} INFO - Sync 1 DAGs
[2026-05-15T17:05:59.375+0000] {logging_mixin.py:190} INFO - [2026-05-15T17:05:59.375+0000] {dag.py:4180} INFO - Setting next_dagrun for example_dynamic_task_mapping_with_no_taskflow_operators to None, run_after=None
[2026-05-15T17:05:59.395+0000] {processor.py:208} INFO - Processing /usr/local/python/3.12.1/lib/python3.12/site-packages/airflow/example_dags/example_dynamic_task_mapping_with_no_taskflow_operators.py took 0.055 seconds
[2026-05-15T17:06:49.976+0000] {processor.py:186} INFO - Started process (PID=58526) to work on /usr/local/python/3.12.1/lib/python3.12/site-packages/airflow/example_dags/example_dynamic_task_mapping_with_no_taskflow_operators.py
[2026-05-15T17:06:49.977+0000] {processor.py:914} INFO - Processing file /usr/local/python/3.12.1/lib/python3.12/site-packages/airflow/example_dags/example_dynamic_task_mapping_with_no_taskflow_operators.py for tasks to queue
[2026-05-15T17:06:49.979+0000] {logging_mixin.py:190} INFO - [2026-05-15T17:06:49.979+0000] {dagbag.py:588} INFO - Filling up the DagBag from /usr/local/python/3.12.1/lib/python3.12/site-packages/airflow/example_dags/example_dynamic_task_mapping_with_no_taskflow_operators.py
[2026-05-15T17:06:49.988+0000] {processor.py:925} INFO - DAG(s) 'example_dynamic_task_mapping_with_no_taskflow_operators' retrieved from /usr/local/python/3.12.1/lib/python3.12/site-packages/airflow/example_dags/example_dynamic_task_mapping_with_no_taskflow_operators.py
[2026-05-15T17:06:50.026+0000] {logging_mixin.py:190} INFO - [2026-05-15T17:06:50.025+0000] {dag.py:3239} INFO - Sync 1 DAGs
[2026-05-15T17:06:50.045+0000] {logging_mixin.py:190} INFO - [2026-05-15T17:06:50.045+0000] {dag.py:4180} INFO - Setting next_dagrun for example_dynamic_task_mapping_with_no_taskflow_operators to None, run_after=None
[2026-05-15T17:06:50.070+0000] {processor.py:208} INFO - Processing /usr/local/python/3.12.1/lib/python3.12/site-packages/airflow/example_dags/example_dynamic_task_mapping_with_no_taskflow_operators.py took 0.099 seconds
[2026-05-15T17:07:40.799+0000] {processor.py:186} INFO - Started process (PID=58921) to work on /usr/local/python/3.12.1/lib/python3.12/site-packages/airflow/example_dags/example_dynamic_task_mapping_with_no_taskflow_operators.py
[2026-05-15T17:07:40.800+0000] {processor.py:914} INFO - Processing file /usr/local/python/3.12.1/lib/python3.12/site-packages/airflow/example_dags/example_dynamic_task_mapping_with_no_taskflow_operators.py for tasks to queue
[2026-05-15T17:07:40.802+0000] {logging_mixin.py:190} INFO - [2026-05-15T17:07:40.801+0000] {dagbag.py:588} INFO - Filling up the DagBag from /usr/local/python/3.12.1/lib/python3.12/site-packages/airflow/example_dags/example_dynamic_task_mapping_with_no_taskflow_operators.py
[2026-05-15T17:07:40.808+0000] {processor.py:925} INFO - DAG(s) 'example_dynamic_task_mapping_with_no_taskflow_operators' retrieved from /usr/local/python/3.12.1/lib/python3.12/site-packages/airflow/example_dags/example_dynamic_task_mapping_with_no_taskflow_operators.py
[2026-05-15T17:07:40.820+0000] {logging_mixin.py:190} INFO - [2026-05-15T17:07:40.820+0000] {dag.py:3239} INFO - Sync 1 DAGs
[2026-05-15T17:07:40.830+0000] {logging_mixin.py:190} INFO - [2026-05-15T17:07:40.830+0000] {dag.py:4180} INFO - Setting next_dagrun for example_dynamic_task_mapping_with_no_taskflow_operators to None, run_after=None
[2026-05-15T17:07:40.846+0000] {processor.py:208} INFO - Processing /usr/local/python/3.12.1/lib/python3.12/site-packages/airflow/example_dags/example_dynamic_task_mapping_with_no_taskflow_operators.py took 0.051 seconds
[2026-05-15T17:08:50.020+0000] {processor.py:186} INFO - Started process (PID=59630) to work on /usr/local/python/3.12.1/lib/python3.12/site-packages/airflow/example_dags/example_dynamic_task_mapping_with_no_taskflow_operators.py
[2026-05-15T17:08:50.021+0000] {processor.py:914} INFO - Processing file /usr/local/python/3.12.1/lib/python3.12/site-packages/airflow/example_dags/example_dynamic_task_mapping_with_no_taskflow_operators.py for tasks to queue
[2026-05-15T17:08:50.023+0000] {logging_mixin.py:190} INFO - [2026-05-15T17:08:50.023+0000] {dagbag.py:588} INFO - Filling up the DagBag from /usr/local/python/3.12.1/lib/python3.12/site-packages/airflow/example_dags/example_dynamic_task_mapping_with_no_taskflow_operators.py
[2026-05-15T17:08:50.035+0000] {processor.py:925} INFO - DAG(s) 'example_dynamic_task_mapping_with_no_taskflow_operators' retrieved from /usr/local/python/3.12.1/lib/python3.12/site-packages/airflow/example_dags/example_dynamic_task_mapping_with_no_taskflow_operators.py
[2026-05-15T17:08:50.053+0000] {logging_mixin.py:190} INFO - [2026-05-15T17:08:50.053+0000] {dag.py:3239} INFO - Sync 1 DAGs
[2026-05-15T17:08:50.068+0000] {logging_mixin.py:190} INFO - [2026-05-15T17:08:50.068+0000] {dag.py:4180} INFO - Setting next_dagrun for example_dynamic_task_mapping_with_no_taskflow_operators to None, run_after=None
[2026-05-15T17:08:50.103+0000] {processor.py:208} INFO - Processing /usr/local/python/3.12.1/lib/python3.12/site-packages/airflow/example_dags/example_dynamic_task_mapping_with_no_taskflow_operators.py took 0.089 seconds
[2026-05-15T17:09:41.399+0000] {processor.py:186} INFO - Started process (PID=60025) to work on /usr/local/python/3.12.1/lib/python3.12/site-packages/airflow/example_dags/example_dynamic_task_mapping_with_no_taskflow_operators.py
[2026-05-15T17:09:41.400+0000] {processor.py:914} INFO - Processing file /usr/local/python/3.12.1/lib/python3.12/site-packages/airflow/example_dags/example_dynamic_task_mapping_with_no_taskflow_operators.py for tasks to queue
[2026-05-15T17:09:41.402+0000] {logging_mixin.py:190} INFO - [2026-05-15T17:09:41.401+0000] {dagbag.py:588} INFO - Filling up the DagBag from /usr/local/python/3.12.1/lib/python3.12/site-packages/airflow/example_dags/example_dynamic_task_mapping_with_no_taskflow_operators.py
[2026-05-15T17:09:41.408+0000] {processor.py:925} INFO - DAG(s) 'example_dynamic_task_mapping_with_no_taskflow_operators' retrieved from /usr/local/python/3.12.1/lib/python3.12/site-packages/airflow/example_dags/example_dynamic_task_mapping_with_no_taskflow_operators.py
[2026-05-15T17:09:41.420+0000] {logging_mixin.py:190} INFO - [2026-05-15T17:09:41.420+0000] {dag.py:3239} INFO - Sync 1 DAGs
[2026-05-15T17:09:41.430+0000] {logging_mixin.py:190} INFO - [2026-05-15T17:09:41.430+0000] {dag.py:4180} INFO - Setting next_dagrun for example_dynamic_task_mapping_with_no_taskflow_operators to None, run_after=None
[2026-05-15T17:09:41.447+0000] {processor.py:208} INFO - Processing /usr/local/python/3.12.1/lib/python3.12/site-packages/airflow/example_dags/example_dynamic_task_mapping_with_no_taskflow_operators.py took 0.052 seconds
[2026-05-15T17:10:34.000+0000] {processor.py:186} INFO - Started process (PID=60507) to work on /usr/local/python/3.12.1/lib/python3.12/site-packages/airflow/example_dags/example_dynamic_task_mapping_with_no_taskflow_operators.py
[2026-05-15T17:10:34.001+0000] {processor.py:914} INFO - Processing file /usr/local/python/3.12.1/lib/python3.12/site-packages/airflow/example_dags/example_dynamic_task_mapping_with_no_taskflow_operators.py for tasks to queue
[2026-05-15T17:10:34.003+0000] {logging_mixin.py:190} INFO - [2026-05-15T17:10:34.003+0000] {dagbag.py:588} INFO - Filling up the DagBag from /usr/local/python/3.12.1/lib/python3.12/site-packages/airflow/example_dags/example_dynamic_task_mapping_with_no_taskflow_operators.py
[2026-05-15T17:10:34.010+0000] {processor.py:925} INFO - DAG(s) 'example_dynamic_task_mapping_with_no_taskflow_operators' retrieved from /usr/local/python/3.12.1/lib/python3.12/site-packages/airflow/example_dags/example_dynamic_task_mapping_with_no_taskflow_operators.py
[2026-05-15T17:10:34.023+0000] {logging_mixin.py:190} INFO - [2026-05-15T17:10:34.023+0000] {dag.py:3239} INFO - Sync 1 DAGs
[2026-05-15T17:10:34.034+0000] {logging_mixin.py:190} INFO - [2026-05-15T17:10:34.033+0000] {dag.py:4180} INFO - Setting next_dagrun for example_dynamic_task_mapping_with_no_taskflow_operators to None, run_after=None
[2026-05-15T17:10:34.050+0000] {processor.py:208} INFO - Processing /usr/local/python/3.12.1/lib/python3.12/site-packages/airflow/example_dags/example_dynamic_task_mapping_with_no_taskflow_operators.py took 0.054 seconds
[2026-05-15T17:11:46.074+0000] {processor.py:186} INFO - Started process (PID=61187) to work on /usr/local/python/3.12.1/lib/python3.12/site-packages/airflow/example_dags/example_dynamic_task_mapping_with_no_taskflow_operators.py
[2026-05-15T17:11:46.075+0000] {processor.py:914} INFO - Processing file /usr/local/python/3.12.1/lib/python3.12/site-packages/airflow/example_dags/example_dynamic_task_mapping_with_no_taskflow_operators.py for tasks to queue
[2026-05-15T17:11:46.077+0000] {logging_mixin.py:190} INFO - [2026-05-15T17:11:46.076+0000] {dagbag.py:588} INFO - Filling up the DagBag from /usr/local/python/3.12.1/lib/python3.12/site-packages/airflow/example_dags/example_dynamic_task_mapping_with_no_taskflow_operators.py
[2026-05-15T17:11:46.086+0000] {processor.py:925} INFO - DAG(s) 'example_dynamic_task_mapping_with_no_taskflow_operators' retrieved from /usr/local/python/3.12.1/lib/python3.12/site-packages/airflow/example_dags/example_dynamic_task_mapping_with_no_taskflow_operators.py
[2026-05-15T17:11:46.100+0000] {logging_mixin.py:190} INFO - [2026-05-15T17:11:46.100+0000] {dag.py:3239} INFO - Sync 1 DAGs
[2026-05-15T17:11:46.111+0000] {logging_mixin.py:190} INFO - [2026-05-15T17:11:46.111+0000] {dag.py:4180} INFO - Setting next_dagrun for example_dynamic_task_mapping_with_no_taskflow_operators to None, run_after=None
[2026-05-15T17:11:46.127+0000] {processor.py:208} INFO - Processing /usr/local/python/3.12.1/lib/python3.12/site-packages/airflow/example_dags/example_dynamic_task_mapping_with_no_taskflow_operators.py took 0.058 seconds
[2026-05-15T17:12:37.563+0000] {processor.py:186} INFO - Started process (PID=61576) to work on /usr/local/python/3.12.1/lib/python3.12/site-packages/airflow/example_dags/example_dynamic_task_mapping_with_no_taskflow_operators.py
[2026-05-15T17:12:37.564+0000] {processor.py:914} INFO - Processing file /usr/local/python/3.12.1/lib/python3.12/site-packages/airflow/example_dags/example_dynamic_task_mapping_with_no_taskflow_operators.py for tasks to queue
[2026-05-15T17:12:37.566+0000] {logging_mixin.py:190} INFO - [2026-05-15T17:12:37.565+0000] {dagbag.py:588} INFO - Filling up the DagBag from /usr/local/python/3.12.1/lib/python3.12/site-packages/airflow/example_dags/example_dynamic_task_mapping_with_no_taskflow_operators.py
[2026-05-15T17:12:37.572+0000] {processor.py:925} INFO - DAG(s) 'example_dynamic_task_mapping_with_no_taskflow_operators' retrieved from /usr/local/python/3.12.1/lib/python3.12/site-packages/airflow/example_dags/example_dynamic_task_mapping_with_no_taskflow_operators.py
[2026-05-15T17:12:37.589+0000] {logging_mixin.py:190} INFO - [2026-05-15T17:12:37.589+0000] {dag.py:3239} INFO - Sync 1 DAGs
[2026-05-15T17:12:37.600+0000] {logging_mixin.py:190} INFO - [2026-05-15T17:12:37.600+0000] {dag.py:4180} INFO - Setting next_dagrun for example_dynamic_task_mapping_with_no_taskflow_operators to None, run_after=None
[2026-05-15T17:12:37.617+0000] {processor.py:208} INFO - Processing /usr/local/python/3.12.1/lib/python3.12/site-packages/airflow/example_dags/example_dynamic_task_mapping_with_no_taskflow_operators.py took 0.058 seconds
[2026-05-15T17:13:27.871+0000] {processor.py:186} INFO - Started process (PID=62019) to work on /usr/local/python/3.12.1/lib/python3.12/site-packages/airflow/example_dags/example_dynamic_task_mapping_with_no_taskflow_operators.py
[2026-05-15T17:13:27.872+0000] {processor.py:914} INFO - Processing file /usr/local/python/3.12.1/lib/python3.12/site-packages/airflow/example_dags/example_dynamic_task_mapping_with_no_taskflow_operators.py for tasks to queue
[2026-05-15T17:13:27.874+0000] {logging_mixin.py:190} INFO - [2026-05-15T17:13:27.874+0000] {dagbag.py:588} INFO - Filling up the DagBag from /usr/local/python/3.12.1/lib/python3.12/site-packages/airflow/example_dags/example_dynamic_task_mapping_with_no_taskflow_operators.py
[2026-05-15T17:13:27.881+0000] {processor.py:925} INFO - DAG(s) 'example_dynamic_task_mapping_with_no_taskflow_operators' retrieved from /usr/local/python/3.12.1/lib/python3.12/site-packages/airflow/example_dags/example_dynamic_task_mapping_with_no_taskflow_operators.py
[2026-05-15T17:13:27.896+0000] {logging_mixin.py:190} INFO - [2026-05-15T17:13:27.896+0000] {dag.py:3239} INFO - Sync 1 DAGs
[2026-05-15T17:13:27.907+0000] {logging_mixin.py:190} INFO - [2026-05-15T17:13:27.907+0000] {dag.py:4180} INFO - Setting next_dagrun for example_dynamic_task_mapping_with_no_taskflow_operators to None, run_after=None
[2026-05-15T17:13:27.923+0000] {processor.py:208} INFO - Processing /usr/local/python/3.12.1/lib/python3.12/site-packages/airflow/example_dags/example_dynamic_task_mapping_with_no_taskflow_operators.py took 0.056 seconds
[2026-05-15T17:14:16.580+0000] {processor.py:186} INFO - Started process (PID=62508) to work on /usr/local/python/3.12.1/lib/python3.12/site-packages/airflow/example_dags/example_dynamic_task_mapping_with_no_taskflow_operators.py
[2026-05-15T17:14:16.580+0000] {processor.py:914} INFO - Processing file /usr/local/python/3.12.1/lib/python3.12/site-packages/airflow/example_dags/example_dynamic_task_mapping_with_no_taskflow_operators.py for tasks to queue
[2026-05-15T17:14:16.582+0000] {logging_mixin.py:190} INFO - [2026-05-15T17:14:16.582+0000] {dagbag.py:588} INFO - Filling up the DagBag from /usr/local/python/3.12.1/lib/python3.12/site-packages/airflow/example_dags/example_dynamic_task_mapping_with_no_taskflow_operators.py
[2026-05-15T17:14:16.591+0000] {processor.py:925} INFO - DAG(s) 'example_dynamic_task_mapping_with_no_taskflow_operators' retrieved from /usr/local/python/3.12.1/lib/python3.12/site-packages/airflow/example_dags/example_dynamic_task_mapping_with_no_taskflow_operators.py
[2026-05-15T17:14:16.603+0000] {logging_mixin.py:190} INFO - [2026-05-15T17:14:16.603+0000] {dag.py:3239} INFO - Sync 1 DAGs
[2026-05-15T17:14:16.613+0000] {logging_mixin.py:190} INFO - [2026-05-15T17:14:16.613+0000] {dag.py:4180} INFO - Setting next_dagrun for example_dynamic_task_mapping_with_no_taskflow_operators to None, run_after=None
[2026-05-15T17:14:16.630+0000] {processor.py:208} INFO - Processing /usr/local/python/3.12.1/lib/python3.12/site-packages/airflow/example_dags/example_dynamic_task_mapping_with_no_taskflow_operators.py took 0.056 seconds
[2026-05-15T17:15:06.721+0000] {processor.py:186} INFO - Started process (PID=63032) to work on /usr/local/python/3.12.1/lib/python3.12/site-packages/airflow/example_dags/example_dynamic_task_mapping_with_no_taskflow_operators.py
[2026-05-15T17:15:06.722+0000] {processor.py:914} INFO - Processing file /usr/local/python/3.12.1/lib/python3.12/site-packages/airflow/example_dags/example_dynamic_task_mapping_with_no_taskflow_operators.py for tasks to queue
[2026-05-15T17:15:06.724+0000] {logging_mixin.py:190} INFO - [2026-05-15T17:15:06.724+0000] {dagbag.py:588} INFO - Filling up the DagBag from /usr/local/python/3.12.1/lib/python3.12/site-packages/airflow/example_dags/example_dynamic_task_mapping_with_no_taskflow_operators.py
[2026-05-15T17:15:06.731+0000] {processor.py:925} INFO - DAG(s) 'example_dynamic_task_mapping_with_no_taskflow_operators' retrieved from /usr/local/python/3.12.1/lib/python3.12/site-packages/airflow/example_dags/example_dynamic_task_mapping_with_no_taskflow_operators.py
[2026-05-15T17:15:06.742+0000] {logging_mixin.py:190} INFO - [2026-05-15T17:15:06.742+0000] {dag.py:3239} INFO - Sync 1 DAGs
[2026-05-15T17:15:06.752+0000] {logging_mixin.py:190} INFO - [2026-05-15T17:15:06.752+0000] {dag.py:4180} INFO - Setting next_dagrun for example_dynamic_task_mapping_with_no_taskflow_operators to None, run_after=None
[2026-05-15T17:15:06.770+0000] {processor.py:208} INFO - Processing /usr/local/python/3.12.1/lib/python3.12/site-packages/airflow/example_dags/example_dynamic_task_mapping_with_no_taskflow_operators.py took 0.053 seconds
[2026-05-15T17:16:00.940+0000] {processor.py:186} INFO - Started process (PID=63632) to work on /usr/local/python/3.12.1/lib/python3.12/site-packages/airflow/example_dags/example_dynamic_task_mapping_with_no_taskflow_operators.py
[2026-05-15T17:16:00.941+0000] {processor.py:914} INFO - Processing file /usr/local/python/3.12.1/lib/python3.12/site-packages/airflow/example_dags/example_dynamic_task_mapping_with_no_taskflow_operators.py for tasks to queue
[2026-05-15T17:16:00.942+0000] {logging_mixin.py:190} INFO - [2026-05-15T17:16:00.942+0000] {dagbag.py:588} INFO - Filling up the DagBag from /usr/local/python/3.12.1/lib/python3.12/site-packages/airflow/example_dags/example_dynamic_task_mapping_with_no_taskflow_operators.py
[2026-05-15T17:16:00.949+0000] {processor.py:925} INFO - DAG(s) 'example_dynamic_task_mapping_with_no_taskflow_operators' retrieved from /usr/local/python/3.12.1/lib/python3.12/site-packages/airflow/example_dags/example_dynamic_task_mapping_with_no_taskflow_operators.py
[2026-05-15T17:16:00.961+0000] {logging_mixin.py:190} INFO - [2026-05-15T17:16:00.961+0000] {dag.py:3239} INFO - Sync 1 DAGs
[2026-05-15T17:16:00.971+0000] {logging_mixin.py:190} INFO - [2026-05-15T17:16:00.971+0000] {dag.py:4180} INFO - Setting next_dagrun for example_dynamic_task_mapping_with_no_taskflow_operators to None, run_after=None
[2026-05-15T17:16:00.991+0000] {processor.py:208} INFO - Processing /usr/local/python/3.12.1/lib/python3.12/site-packages/airflow/example_dags/example_dynamic_task_mapping_with_no_taskflow_operators.py took 0.055 seconds
[2026-05-15T17:17:06.065+0000] {processor.py:186} INFO - Started process (PID=64468) to work on /usr/local/python/3.12.1/lib/python3.12/site-packages/airflow/example_dags/example_dynamic_task_mapping_with_no_taskflow_operators.py
[2026-05-15T17:17:06.066+0000] {processor.py:914} INFO - Processing file /usr/local/python/3.12.1/lib/python3.12/site-packages/airflow/example_dags/example_dynamic_task_mapping_with_no_taskflow_operators.py for tasks to queue
[2026-05-15T17:17:06.070+0000] {logging_mixin.py:190} INFO - [2026-05-15T17:17:06.070+0000] {dagbag.py:588} INFO - Filling up the DagBag from /usr/local/python/3.12.1/lib/python3.12/site-packages/airflow/example_dags/example_dynamic_task_mapping_with_no_taskflow_operators.py
[2026-05-15T17:17:06.078+0000] {processor.py:925} INFO - DAG(s) 'example_dynamic_task_mapping_with_no_taskflow_operators' retrieved from /usr/local/python/3.12.1/lib/python3.12/site-packages/airflow/example_dags/example_dynamic_task_mapping_with_no_taskflow_operators.py
[2026-05-15T17:17:06.105+0000] {logging_mixin.py:190} INFO - [2026-05-15T17:17:06.105+0000] {dag.py:3239} INFO - Sync 1 DAGs
[2026-05-15T17:17:06.121+0000] {logging_mixin.py:190} INFO - [2026-05-15T17:17:06.121+0000] {dag.py:4180} INFO - Setting next_dagrun for example_dynamic_task_mapping_with_no_taskflow_operators to None, run_after=None
[2026-05-15T17:17:06.159+0000] {processor.py:208} INFO - Processing /usr/local/python/3.12.1/lib/python3.12/site-packages/airflow/example_dags/example_dynamic_task_mapping_with_no_taskflow_operators.py took 0.106 seconds
[2026-05-15T17:18:04.948+0000] {processor.py:186} INFO - Started process (PID=65008) to work on /usr/local/python/3.12.1/lib/python3.12/site-packages/airflow/example_dags/example_dynamic_task_mapping_with_no_taskflow_operators.py
[2026-05-15T17:18:04.949+0000] {processor.py:914} INFO - Processing file /usr/local/python/3.12.1/lib/python3.12/site-packages/airflow/example_dags/example_dynamic_task_mapping_with_no_taskflow_operators.py for tasks to queue
[2026-05-15T17:18:04.953+0000] {logging_mixin.py:190} INFO - [2026-05-15T17:18:04.953+0000] {dagbag.py:588} INFO - Filling up the DagBag from /usr/local/python/3.12.1/lib/python3.12/site-packages/airflow/example_dags/example_dynamic_task_mapping_with_no_taskflow_operators.py
[2026-05-15T17:18:04.963+0000] {processor.py:925} INFO - DAG(s) 'example_dynamic_task_mapping_with_no_taskflow_operators' retrieved from /usr/local/python/3.12.1/lib/python3.12/site-packages/airflow/example_dags/example_dynamic_task_mapping_with_no_taskflow_operators.py
[2026-05-15T17:18:04.982+0000] {logging_mixin.py:190} INFO - [2026-05-15T17:18:04.982+0000] {dag.py:3239} INFO - Sync 1 DAGs
[2026-05-15T17:18:05.000+0000] {logging_mixin.py:190} INFO - [2026-05-15T17:18:04.999+0000] {dag.py:4180} INFO - Setting next_dagrun for example_dynamic_task_mapping_with_no_taskflow_operators to None, run_after=None
[2026-05-15T17:18:05.063+0000] {processor.py:208} INFO - Processing /usr/local/python/3.12.1/lib/python3.12/site-packages/airflow/example_dags/example_dynamic_task_mapping_with_no_taskflow_operators.py took 0.123 seconds
[2026-05-15T17:18:58.767+0000] {processor.py:186} INFO - Started process (PID=65620) to work on /usr/local/python/3.12.1/lib/python3.12/site-packages/airflow/example_dags/example_dynamic_task_mapping_with_no_taskflow_operators.py
[2026-05-15T17:18:58.768+0000] {processor.py:914} INFO - Processing file /usr/local/python/3.12.1/lib/python3.12/site-packages/airflow/example_dags/example_dynamic_task_mapping_with_no_taskflow_operators.py for tasks to queue
[2026-05-15T17:18:58.771+0000] {logging_mixin.py:190} INFO - [2026-05-15T17:18:58.771+0000] {dagbag.py:588} INFO - Filling up the DagBag from /usr/local/python/3.12.1/lib/python3.12/site-packages/airflow/example_dags/example_dynamic_task_mapping_with_no_taskflow_operators.py
[2026-05-15T17:18:58.780+0000] {processor.py:925} INFO - DAG(s) 'example_dynamic_task_mapping_with_no_taskflow_operators' retrieved from /usr/local/python/3.12.1/lib/python3.12/site-packages/airflow/example_dags/example_dynamic_task_mapping_with_no_taskflow_operators.py
[2026-05-15T17:18:58.796+0000] {logging_mixin.py:190} INFO - [2026-05-15T17:18:58.796+0000] {dag.py:3239} INFO - Sync 1 DAGs
[2026-05-15T17:18:58.806+0000] {logging_mixin.py:190} INFO - [2026-05-15T17:18:58.806+0000] {dag.py:4180} INFO - Setting next_dagrun for example_dynamic_task_mapping_with_no_taskflow_operators to None, run_after=None
[2026-05-15T17:18:58.824+0000] {processor.py:208} INFO - Processing /usr/local/python/3.12.1/lib/python3.12/site-packages/airflow/example_dags/example_dynamic_task_mapping_with_no_taskflow_operators.py took 0.063 seconds
[2026-05-15T17:19:49.355+0000] {processor.py:186} INFO - Started process (PID=66076) to work on /usr/local/python/3.12.1/lib/python3.12/site-packages/airflow/example_dags/example_dynamic_task_mapping_with_no_taskflow_operators.py
[2026-05-15T17:19:49.356+0000] {processor.py:914} INFO - Processing file /usr/local/python/3.12.1/lib/python3.12/site-packages/airflow/example_dags/example_dynamic_task_mapping_with_no_taskflow_operators.py for tasks to queue
[2026-05-15T17:19:49.358+0000] {logging_mixin.py:190} INFO - [2026-05-15T17:19:49.358+0000] {dagbag.py:588} INFO - Filling up the DagBag from /usr/local/python/3.12.1/lib/python3.12/site-packages/airflow/example_dags/example_dynamic_task_mapping_with_no_taskflow_operators.py
[2026-05-15T17:19:49.374+0000] {processor.py:925} INFO - DAG(s) 'example_dynamic_task_mapping_with_no_taskflow_operators' retrieved from /usr/local/python/3.12.1/lib/python3.12/site-packages/airflow/example_dags/example_dynamic_task_mapping_with_no_taskflow_operators.py
[2026-05-15T17:19:49.396+0000] {logging_mixin.py:190} INFO - [2026-05-15T17:19:49.395+0000] {dag.py:3239} INFO - Sync 1 DAGs
[2026-05-15T17:19:49.415+0000] {logging_mixin.py:190} INFO - [2026-05-15T17:19:49.414+0000] {dag.py:4180} INFO - Setting next_dagrun for example_dynamic_task_mapping_with_no_taskflow_operators to None, run_after=None
[2026-05-15T17:19:49.439+0000] {processor.py:208} INFO - Processing /usr/local/python/3.12.1/lib/python3.12/site-packages/airflow/example_dags/example_dynamic_task_mapping_with_no_taskflow_operators.py took 0.091 seconds
[2026-05-15T17:20:40.638+0000] {processor.py:186} INFO - Started process (PID=66485) to work on /usr/local/python/3.12.1/lib/python3.12/site-packages/airflow/example_dags/example_dynamic_task_mapping_with_no_taskflow_operators.py
[2026-05-15T17:20:40.639+0000] {processor.py:914} INFO - Processing file /usr/local/python/3.12.1/lib/python3.12/site-packages/airflow/example_dags/example_dynamic_task_mapping_with_no_taskflow_operators.py for tasks to queue
[2026-05-15T17:20:40.641+0000] {logging_mixin.py:190} INFO - [2026-05-15T17:20:40.640+0000] {dagbag.py:588} INFO - Filling up the DagBag from /usr/local/python/3.12.1/lib/python3.12/site-packages/airflow/example_dags/example_dynamic_task_mapping_with_no_taskflow_operators.py
[2026-05-15T17:20:40.647+0000] {processor.py:925} INFO - DAG(s) 'example_dynamic_task_mapping_with_no_taskflow_operators' retrieved from /usr/local/python/3.12.1/lib/python3.12/site-packages/airflow/example_dags/example_dynamic_task_mapping_with_no_taskflow_operators.py
[2026-05-15T17:20:40.659+0000] {logging_mixin.py:190} INFO - [2026-05-15T17:20:40.659+0000] {dag.py:3239} INFO - Sync 1 DAGs
[2026-05-15T17:20:40.669+0000] {logging_mixin.py:190} INFO - [2026-05-15T17:20:40.669+0000] {dag.py:4180} INFO - Setting next_dagrun for example_dynamic_task_mapping_with_no_taskflow_operators to None, run_after=None
[2026-05-15T17:20:40.688+0000] {processor.py:208} INFO - Processing /usr/local/python/3.12.1/lib/python3.12/site-packages/airflow/example_dags/example_dynamic_task_mapping_with_no_taskflow_operators.py took 0.055 seconds
[2026-05-15T17:21:52.560+0000] {processor.py:186} INFO - Started process (PID=67276) to work on /usr/local/python/3.12.1/lib/python3.12/site-packages/airflow/example_dags/example_dynamic_task_mapping_with_no_taskflow_operators.py
[2026-05-15T17:21:52.561+0000] {processor.py:914} INFO - Processing file /usr/local/python/3.12.1/lib/python3.12/site-packages/airflow/example_dags/example_dynamic_task_mapping_with_no_taskflow_operators.py for tasks to queue
[2026-05-15T17:21:52.563+0000] {logging_mixin.py:190} INFO - [2026-05-15T17:21:52.562+0000] {dagbag.py:588} INFO - Filling up the DagBag from /usr/local/python/3.12.1/lib/python3.12/site-packages/airflow/example_dags/example_dynamic_task_mapping_with_no_taskflow_operators.py
[2026-05-15T17:21:52.569+0000] {processor.py:925} INFO - DAG(s) 'example_dynamic_task_mapping_with_no_taskflow_operators' retrieved from /usr/local/python/3.12.1/lib/python3.12/site-packages/airflow/example_dags/example_dynamic_task_mapping_with_no_taskflow_operators.py
[2026-05-15T17:21:52.582+0000] {logging_mixin.py:190} INFO - [2026-05-15T17:21:52.582+0000] {dag.py:3239} INFO - Sync 1 DAGs
[2026-05-15T17:21:52.595+0000] {logging_mixin.py:190} INFO - [2026-05-15T17:21:52.594+0000] {dag.py:4180} INFO - Setting next_dagrun for example_dynamic_task_mapping_with_no_taskflow_operators to None, run_after=None
[2026-05-15T17:21:52.613+0000] {processor.py:208} INFO - Processing /usr/local/python/3.12.1/lib/python3.12/site-packages/airflow/example_dags/example_dynamic_task_mapping_with_no_taskflow_operators.py took 0.059 seconds
[2026-05-15T17:23:05.365+0000] {processor.py:186} INFO - Started process (PID=67894) to work on /usr/local/python/3.12.1/lib/python3.12/site-packages/airflow/example_dags/example_dynamic_task_mapping_with_no_taskflow_operators.py
[2026-05-15T17:23:05.366+0000] {processor.py:914} INFO - Processing file /usr/local/python/3.12.1/lib/python3.12/site-packages/airflow/example_dags/example_dynamic_task_mapping_with_no_taskflow_operators.py for tasks to queue
[2026-05-15T17:23:05.368+0000] {logging_mixin.py:190} INFO - [2026-05-15T17:23:05.367+0000] {dagbag.py:588} INFO - Filling up the DagBag from /usr/local/python/3.12.1/lib/python3.12/site-packages/airflow/example_dags/example_dynamic_task_mapping_with_no_taskflow_operators.py
[2026-05-15T17:23:05.374+0000] {processor.py:925} INFO - DAG(s) 'example_dynamic_task_mapping_with_no_taskflow_operators' retrieved from /usr/local/python/3.12.1/lib/python3.12/site-packages/airflow/example_dags/example_dynamic_task_mapping_with_no_taskflow_operators.py
[2026-05-15T17:23:05.390+0000] {logging_mixin.py:190} INFO - [2026-05-15T17:23:05.390+0000] {dag.py:3239} INFO - Sync 1 DAGs
[2026-05-15T17:23:05.401+0000] {logging_mixin.py:190} INFO - [2026-05-15T17:23:05.401+0000] {dag.py:4180} INFO - Setting next_dagrun for example_dynamic_task_mapping_with_no_taskflow_operators to None, run_after=None
[2026-05-15T17:23:05.418+0000] {processor.py:208} INFO - Processing /usr/local/python/3.12.1/lib/python3.12/site-packages/airflow/example_dags/example_dynamic_task_mapping_with_no_taskflow_operators.py took 0.058 seconds
[2026-05-15T17:23:55.538+0000] {processor.py:186} INFO - Started process (PID=68422) to work on /usr/local/python/3.12.1/lib/python3.12/site-packages/airflow/example_dags/example_dynamic_task_mapping_with_no_taskflow_operators.py
[2026-05-15T17:23:55.539+0000] {processor.py:914} INFO - Processing file /usr/local/python/3.12.1/lib/python3.12/site-packages/airflow/example_dags/example_dynamic_task_mapping_with_no_taskflow_operators.py for tasks to queue
[2026-05-15T17:23:55.541+0000] {logging_mixin.py:190} INFO - [2026-05-15T17:23:55.540+0000] {dagbag.py:588} INFO - Filling up the DagBag from /usr/local/python/3.12.1/lib/python3.12/site-packages/airflow/example_dags/example_dynamic_task_mapping_with_no_taskflow_operators.py
[2026-05-15T17:23:55.547+0000] {processor.py:925} INFO - DAG(s) 'example_dynamic_task_mapping_with_no_taskflow_operators' retrieved from /usr/local/python/3.12.1/lib/python3.12/site-packages/airflow/example_dags/example_dynamic_task_mapping_with_no_taskflow_operators.py
[2026-05-15T17:23:55.559+0000] {logging_mixin.py:190} INFO - [2026-05-15T17:23:55.559+0000] {dag.py:3239} INFO - Sync 1 DAGs
[2026-05-15T17:23:55.569+0000] {logging_mixin.py:190} INFO - [2026-05-15T17:23:55.569+0000] {dag.py:4180} INFO - Setting next_dagrun for example_dynamic_task_mapping_with_no_taskflow_operators to None, run_after=None
[2026-05-15T17:23:55.588+0000] {processor.py:208} INFO - Processing /usr/local/python/3.12.1/lib/python3.12/site-packages/airflow/example_dags/example_dynamic_task_mapping_with_no_taskflow_operators.py took 0.055 seconds
[2026-05-15T17:24:46.554+0000] {processor.py:186} INFO - Started process (PID=68873) to work on /usr/local/python/3.12.1/lib/python3.12/site-packages/airflow/example_dags/example_dynamic_task_mapping_with_no_taskflow_operators.py
[2026-05-15T17:24:46.555+0000] {processor.py:914} INFO - Processing file /usr/local/python/3.12.1/lib/python3.12/site-packages/airflow/example_dags/example_dynamic_task_mapping_with_no_taskflow_operators.py for tasks to queue
[2026-05-15T17:24:46.557+0000] {logging_mixin.py:190} INFO - [2026-05-15T17:24:46.557+0000] {dagbag.py:588} INFO - Filling up the DagBag from /usr/local/python/3.12.1/lib/python3.12/site-packages/airflow/example_dags/example_dynamic_task_mapping_with_no_taskflow_operators.py
[2026-05-15T17:24:46.565+0000] {processor.py:925} INFO - DAG(s) 'example_dynamic_task_mapping_with_no_taskflow_operators' retrieved from /usr/local/python/3.12.1/lib/python3.12/site-packages/airflow/example_dags/example_dynamic_task_mapping_with_no_taskflow_operators.py
[2026-05-15T17:24:46.615+0000] {logging_mixin.py:190} INFO - [2026-05-15T17:24:46.615+0000] {dag.py:3239} INFO - Sync 1 DAGs
[2026-05-15T17:24:46.637+0000] {logging_mixin.py:190} INFO - [2026-05-15T17:24:46.636+0000] {dag.py:4180} INFO - Setting next_dagrun for example_dynamic_task_mapping_with_no_taskflow_operators to None, run_after=None
[2026-05-15T17:24:46.666+0000] {processor.py:208} INFO - Processing /usr/local/python/3.12.1/lib/python3.12/site-packages/airflow/example_dags/example_dynamic_task_mapping_with_no_taskflow_operators.py took 0.119 seconds
[2026-05-15T17:25:37.851+0000] {processor.py:186} INFO - Started process (PID=69267) to work on /usr/local/python/3.12.1/lib/python3.12/site-packages/airflow/example_dags/example_dynamic_task_mapping_with_no_taskflow_operators.py
[2026-05-15T17:25:37.852+0000] {processor.py:914} INFO - Processing file /usr/local/python/3.12.1/lib/python3.12/site-packages/airflow/example_dags/example_dynamic_task_mapping_with_no_taskflow_operators.py for tasks to queue
[2026-05-15T17:25:37.854+0000] {logging_mixin.py:190} INFO - [2026-05-15T17:25:37.853+0000] {dagbag.py:588} INFO - Filling up the DagBag from /usr/local/python/3.12.1/lib/python3.12/site-packages/airflow/example_dags/example_dynamic_task_mapping_with_no_taskflow_operators.py
[2026-05-15T17:25:37.860+0000] {processor.py:925} INFO - DAG(s) 'example_dynamic_task_mapping_with_no_taskflow_operators' retrieved from /usr/local/python/3.12.1/lib/python3.12/site-packages/airflow/example_dags/example_dynamic_task_mapping_with_no_taskflow_operators.py
[2026-05-15T17:25:37.872+0000] {logging_mixin.py:190} INFO - [2026-05-15T17:25:37.872+0000] {dag.py:3239} INFO - Sync 1 DAGs
[2026-05-15T17:25:37.886+0000] {logging_mixin.py:190} INFO - [2026-05-15T17:25:37.886+0000] {dag.py:4180} INFO - Setting next_dagrun for example_dynamic_task_mapping_with_no_taskflow_operators to None, run_after=None
[2026-05-15T17:25:37.903+0000] {processor.py:208} INFO - Processing /usr/local/python/3.12.1/lib/python3.12/site-packages/airflow/example_dags/example_dynamic_task_mapping_with_no_taskflow_operators.py took 0.057 seconds
[2026-05-15T17:26:29.493+0000] {processor.py:186} INFO - Started process (PID=69726) to work on /usr/local/python/3.12.1/lib/python3.12/site-packages/airflow/example_dags/example_dynamic_task_mapping_with_no_taskflow_operators.py
[2026-05-15T17:26:29.496+0000] {processor.py:914} INFO - Processing file /usr/local/python/3.12.1/lib/python3.12/site-packages/airflow/example_dags/example_dynamic_task_mapping_with_no_taskflow_operators.py for tasks to queue
[2026-05-15T17:26:29.499+0000] {logging_mixin.py:190} INFO - [2026-05-15T17:26:29.498+0000] {dagbag.py:588} INFO - Filling up the DagBag from /usr/local/python/3.12.1/lib/python3.12/site-packages/airflow/example_dags/example_dynamic_task_mapping_with_no_taskflow_operators.py
[2026-05-15T17:26:29.508+0000] {processor.py:925} INFO - DAG(s) 'example_dynamic_task_mapping_with_no_taskflow_operators' retrieved from /usr/local/python/3.12.1/lib/python3.12/site-packages/airflow/example_dags/example_dynamic_task_mapping_with_no_taskflow_operators.py
[2026-05-15T17:26:29.527+0000] {logging_mixin.py:190} INFO - [2026-05-15T17:26:29.526+0000] {dag.py:3239} INFO - Sync 1 DAGs
[2026-05-15T17:26:29.544+0000] {logging_mixin.py:190} INFO - [2026-05-15T17:26:29.543+0000] {dag.py:4180} INFO - Setting next_dagrun for example_dynamic_task_mapping_with_no_taskflow_operators to None, run_after=None
[2026-05-15T17:26:29.575+0000] {processor.py:208} INFO - Processing /usr/local/python/3.12.1/lib/python3.12/site-packages/airflow/example_dags/example_dynamic_task_mapping_with_no_taskflow_operators.py took 0.092 seconds
[2026-05-15T17:27:45.299+0000] {processor.py:186} INFO - Started process (PID=70543) to work on /usr/local/python/3.12.1/lib/python3.12/site-packages/airflow/example_dags/example_dynamic_task_mapping_with_no_taskflow_operators.py
[2026-05-15T17:27:45.300+0000] {processor.py:914} INFO - Processing file /usr/local/python/3.12.1/lib/python3.12/site-packages/airflow/example_dags/example_dynamic_task_mapping_with_no_taskflow_operators.py for tasks to queue
[2026-05-15T17:27:45.302+0000] {logging_mixin.py:190} INFO - [2026-05-15T17:27:45.301+0000] {dagbag.py:588} INFO - Filling up the DagBag from /usr/local/python/3.12.1/lib/python3.12/site-packages/airflow/example_dags/example_dynamic_task_mapping_with_no_taskflow_operators.py
[2026-05-15T17:27:45.308+0000] {processor.py:925} INFO - DAG(s) 'example_dynamic_task_mapping_with_no_taskflow_operators' retrieved from /usr/local/python/3.12.1/lib/python3.12/site-packages/airflow/example_dags/example_dynamic_task_mapping_with_no_taskflow_operators.py
[2026-05-15T17:27:45.320+0000] {logging_mixin.py:190} INFO - [2026-05-15T17:27:45.319+0000] {dag.py:3239} INFO - Sync 1 DAGs
[2026-05-15T17:27:45.329+0000] {logging_mixin.py:190} INFO - [2026-05-15T17:27:45.329+0000] {dag.py:4180} INFO - Setting next_dagrun for example_dynamic_task_mapping_with_no_taskflow_operators to None, run_after=None
[2026-05-15T17:27:45.345+0000] {processor.py:208} INFO - Processing /usr/local/python/3.12.1/lib/python3.12/site-packages/airflow/example_dags/example_dynamic_task_mapping_with_no_taskflow_operators.py took 0.052 seconds
[2026-05-15T17:28:36.770+0000] {processor.py:186} INFO - Started process (PID=70975) to work on /usr/local/python/3.12.1/lib/python3.12/site-packages/airflow/example_dags/example_dynamic_task_mapping_with_no_taskflow_operators.py
[2026-05-15T17:28:36.770+0000] {processor.py:914} INFO - Processing file /usr/local/python/3.12.1/lib/python3.12/site-packages/airflow/example_dags/example_dynamic_task_mapping_with_no_taskflow_operators.py for tasks to queue
[2026-05-15T17:28:36.772+0000] {logging_mixin.py:190} INFO - [2026-05-15T17:28:36.772+0000] {dagbag.py:588} INFO - Filling up the DagBag from /usr/local/python/3.12.1/lib/python3.12/site-packages/airflow/example_dags/example_dynamic_task_mapping_with_no_taskflow_operators.py
[2026-05-15T17:28:36.780+0000] {processor.py:925} INFO - DAG(s) 'example_dynamic_task_mapping_with_no_taskflow_operators' retrieved from /usr/local/python/3.12.1/lib/python3.12/site-packages/airflow/example_dags/example_dynamic_task_mapping_with_no_taskflow_operators.py
[2026-05-15T17:28:36.795+0000] {logging_mixin.py:190} INFO - [2026-05-15T17:28:36.794+0000] {dag.py:3239} INFO - Sync 1 DAGs
[2026-05-15T17:28:36.804+0000] {logging_mixin.py:190} INFO - [2026-05-15T17:28:36.804+0000] {dag.py:4180} INFO - Setting next_dagrun for example_dynamic_task_mapping_with_no_taskflow_operators to None, run_after=None
[2026-05-15T17:28:36.820+0000] {processor.py:208} INFO - Processing /usr/local/python/3.12.1/lib/python3.12/site-packages/airflow/example_dags/example_dynamic_task_mapping_with_no_taskflow_operators.py took 0.056 seconds
[2026-05-15T17:29:49.929+0000] {processor.py:186} INFO - Started process (PID=71713) to work on /usr/local/python/3.12.1/lib/python3.12/site-packages/airflow/example_dags/example_dynamic_task_mapping_with_no_taskflow_operators.py
[2026-05-15T17:29:49.930+0000] {processor.py:914} INFO - Processing file /usr/local/python/3.12.1/lib/python3.12/site-packages/airflow/example_dags/example_dynamic_task_mapping_with_no_taskflow_operators.py for tasks to queue
[2026-05-15T17:29:49.932+0000] {logging_mixin.py:190} INFO - [2026-05-15T17:29:49.932+0000] {dagbag.py:588} INFO - Filling up the DagBag from /usr/local/python/3.12.1/lib/python3.12/site-packages/airflow/example_dags/example_dynamic_task_mapping_with_no_taskflow_operators.py
[2026-05-15T17:29:49.938+0000] {processor.py:925} INFO - DAG(s) 'example_dynamic_task_mapping_with_no_taskflow_operators' retrieved from /usr/local/python/3.12.1/lib/python3.12/site-packages/airflow/example_dags/example_dynamic_task_mapping_with_no_taskflow_operators.py
[2026-05-15T17:29:49.950+0000] {logging_mixin.py:190} INFO - [2026-05-15T17:29:49.950+0000] {dag.py:3239} INFO - Sync 1 DAGs
[2026-05-15T17:29:49.960+0000] {logging_mixin.py:190} INFO - [2026-05-15T17:29:49.960+0000] {dag.py:4180} INFO - Setting next_dagrun for example_dynamic_task_mapping_with_no_taskflow_operators to None, run_after=None
[2026-05-15T17:29:49.978+0000] {processor.py:208} INFO - Processing /usr/local/python/3.12.1/lib/python3.12/site-packages/airflow/example_dags/example_dynamic_task_mapping_with_no_taskflow_operators.py took 0.054 seconds
[2026-05-15T17:30:42.872+0000] {processor.py:186} INFO - Started process (PID=72258) to work on /usr/local/python/3.12.1/lib/python3.12/site-packages/airflow/example_dags/example_dynamic_task_mapping_with_no_taskflow_operators.py
[2026-05-15T17:30:42.875+0000] {processor.py:914} INFO - Processing file /usr/local/python/3.12.1/lib/python3.12/site-packages/airflow/example_dags/example_dynamic_task_mapping_with_no_taskflow_operators.py for tasks to queue
[2026-05-15T17:30:42.877+0000] {logging_mixin.py:190} INFO - [2026-05-15T17:30:42.877+0000] {dagbag.py:588} INFO - Filling up the DagBag from /usr/local/python/3.12.1/lib/python3.12/site-packages/airflow/example_dags/example_dynamic_task_mapping_with_no_taskflow_operators.py
[2026-05-15T17:30:42.885+0000] {processor.py:925} INFO - DAG(s) 'example_dynamic_task_mapping_with_no_taskflow_operators' retrieved from /usr/local/python/3.12.1/lib/python3.12/site-packages/airflow/example_dags/example_dynamic_task_mapping_with_no_taskflow_operators.py
[2026-05-15T17:30:42.900+0000] {logging_mixin.py:190} INFO - [2026-05-15T17:30:42.900+0000] {dag.py:3239} INFO - Sync 1 DAGs
[2026-05-15T17:30:42.910+0000] {logging_mixin.py:190} INFO - [2026-05-15T17:30:42.910+0000] {dag.py:4180} INFO - Setting next_dagrun for example_dynamic_task_mapping_with_no_taskflow_operators to None, run_after=None
[2026-05-15T17:30:42.926+0000] {processor.py:208} INFO - Processing /usr/local/python/3.12.1/lib/python3.12/site-packages/airflow/example_dags/example_dynamic_task_mapping_with_no_taskflow_operators.py took 0.063 seconds
[2026-05-15T17:31:35.810+0000] {processor.py:186} INFO - Started process (PID=72799) to work on /usr/local/python/3.12.1/lib/python3.12/site-packages/airflow/example_dags/example_dynamic_task_mapping_with_no_taskflow_operators.py
[2026-05-15T17:31:35.811+0000] {processor.py:914} INFO - Processing file /usr/local/python/3.12.1/lib/python3.12/site-packages/airflow/example_dags/example_dynamic_task_mapping_with_no_taskflow_operators.py for tasks to queue
[2026-05-15T17:31:35.813+0000] {logging_mixin.py:190} INFO - [2026-05-15T17:31:35.812+0000] {dagbag.py:588} INFO - Filling up the DagBag from /usr/local/python/3.12.1/lib/python3.12/site-packages/airflow/example_dags/example_dynamic_task_mapping_with_no_taskflow_operators.py
[2026-05-15T17:31:35.819+0000] {processor.py:925} INFO - DAG(s) 'example_dynamic_task_mapping_with_no_taskflow_operators' retrieved from /usr/local/python/3.12.1/lib/python3.12/site-packages/airflow/example_dags/example_dynamic_task_mapping_with_no_taskflow_operators.py
[2026-05-15T17:31:35.832+0000] {logging_mixin.py:190} INFO - [2026-05-15T17:31:35.832+0000] {dag.py:3239} INFO - Sync 1 DAGs
[2026-05-15T17:31:35.842+0000] {logging_mixin.py:190} INFO - [2026-05-15T17:31:35.842+0000] {dag.py:4180} INFO - Setting next_dagrun for example_dynamic_task_mapping_with_no_taskflow_operators to None, run_after=None
[2026-05-15T17:31:35.860+0000] {processor.py:208} INFO - Processing /usr/local/python/3.12.1/lib/python3.12/site-packages/airflow/example_dags/example_dynamic_task_mapping_with_no_taskflow_operators.py took 0.055 seconds
[2026-05-15T17:32:28.661+0000] {processor.py:186} INFO - Started process (PID=73268) to work on /usr/local/python/3.12.1/lib/python3.12/site-packages/airflow/example_dags/example_dynamic_task_mapping_with_no_taskflow_operators.py
[2026-05-15T17:32:28.662+0000] {processor.py:914} INFO - Processing file /usr/local/python/3.12.1/lib/python3.12/site-packages/airflow/example_dags/example_dynamic_task_mapping_with_no_taskflow_operators.py for tasks to queue
[2026-05-15T17:32:28.664+0000] {logging_mixin.py:190} INFO - [2026-05-15T17:32:28.663+0000] {dagbag.py:588} INFO - Filling up the DagBag from /usr/local/python/3.12.1/lib/python3.12/site-packages/airflow/example_dags/example_dynamic_task_mapping_with_no_taskflow_operators.py
[2026-05-15T17:32:28.671+0000] {processor.py:925} INFO - DAG(s) 'example_dynamic_task_mapping_with_no_taskflow_operators' retrieved from /usr/local/python/3.12.1/lib/python3.12/site-packages/airflow/example_dags/example_dynamic_task_mapping_with_no_taskflow_operators.py
[2026-05-15T17:32:28.688+0000] {logging_mixin.py:190} INFO - [2026-05-15T17:32:28.688+0000] {dag.py:3239} INFO - Sync 1 DAGs
[2026-05-15T17:32:28.702+0000] {logging_mixin.py:190} INFO - [2026-05-15T17:32:28.702+0000] {dag.py:4180} INFO - Setting next_dagrun for example_dynamic_task_mapping_with_no_taskflow_operators to None, run_after=None
[2026-05-15T17:32:28.721+0000] {processor.py:208} INFO - Processing /usr/local/python/3.12.1/lib/python3.12/site-packages/airflow/example_dags/example_dynamic_task_mapping_with_no_taskflow_operators.py took 0.065 seconds
[2026-05-15T17:33:40.362+0000] {processor.py:186} INFO - Started process (PID=74059) to work on /usr/local/python/3.12.1/lib/python3.12/site-packages/airflow/example_dags/example_dynamic_task_mapping_with_no_taskflow_operators.py
[2026-05-15T17:33:40.363+0000] {processor.py:914} INFO - Processing file /usr/local/python/3.12.1/lib/python3.12/site-packages/airflow/example_dags/example_dynamic_task_mapping_with_no_taskflow_operators.py for tasks to queue
[2026-05-15T17:33:40.364+0000] {logging_mixin.py:190} INFO - [2026-05-15T17:33:40.364+0000] {dagbag.py:588} INFO - Filling up the DagBag from /usr/local/python/3.12.1/lib/python3.12/site-packages/airflow/example_dags/example_dynamic_task_mapping_with_no_taskflow_operators.py
[2026-05-15T17:33:40.370+0000] {processor.py:925} INFO - DAG(s) 'example_dynamic_task_mapping_with_no_taskflow_operators' retrieved from /usr/local/python/3.12.1/lib/python3.12/site-packages/airflow/example_dags/example_dynamic_task_mapping_with_no_taskflow_operators.py
[2026-05-15T17:33:40.386+0000] {logging_mixin.py:190} INFO - [2026-05-15T17:33:40.385+0000] {dag.py:3239} INFO - Sync 1 DAGs
[2026-05-15T17:33:40.399+0000] {logging_mixin.py:190} INFO - [2026-05-15T17:33:40.399+0000] {dag.py:4180} INFO - Setting next_dagrun for example_dynamic_task_mapping_with_no_taskflow_operators to None, run_after=None
[2026-05-15T17:33:40.416+0000] {processor.py:208} INFO - Processing /usr/local/python/3.12.1/lib/python3.12/site-packages/airflow/example_dags/example_dynamic_task_mapping_with_no_taskflow_operators.py took 0.059 seconds
[2026-05-15T17:34:37.493+0000] {processor.py:186} INFO - Started process (PID=75274) to work on /usr/local/python/3.12.1/lib/python3.12/site-packages/airflow/example_dags/example_dynamic_task_mapping_with_no_taskflow_operators.py
[2026-05-15T17:34:37.497+0000] {processor.py:914} INFO - Processing file /usr/local/python/3.12.1/lib/python3.12/site-packages/airflow/example_dags/example_dynamic_task_mapping_with_no_taskflow_operators.py for tasks to queue
[2026-05-15T17:34:37.501+0000] {logging_mixin.py:190} INFO - [2026-05-15T17:34:37.501+0000] {dagbag.py:588} INFO - Filling up the DagBag from /usr/local/python/3.12.1/lib/python3.12/site-packages/airflow/example_dags/example_dynamic_task_mapping_with_no_taskflow_operators.py
[2026-05-15T17:34:37.519+0000] {processor.py:925} INFO - DAG(s) 'example_dynamic_task_mapping_with_no_taskflow_operators' retrieved from /usr/local/python/3.12.1/lib/python3.12/site-packages/airflow/example_dags/example_dynamic_task_mapping_with_no_taskflow_operators.py
[2026-05-15T17:34:37.535+0000] {logging_mixin.py:190} INFO - [2026-05-15T17:34:37.534+0000] {dag.py:3239} INFO - Sync 1 DAGs
[2026-05-15T17:34:37.548+0000] {logging_mixin.py:190} INFO - [2026-05-15T17:34:37.548+0000] {dag.py:4180} INFO - Setting next_dagrun for example_dynamic_task_mapping_with_no_taskflow_operators to None, run_after=None
[2026-05-15T17:34:37.573+0000] {processor.py:208} INFO - Processing /usr/local/python/3.12.1/lib/python3.12/site-packages/airflow/example_dags/example_dynamic_task_mapping_with_no_taskflow_operators.py took 0.097 seconds
[2026-05-15T17:35:31.722+0000] {processor.py:186} INFO - Started process (PID=75852) to work on /usr/local/python/3.12.1/lib/python3.12/site-packages/airflow/example_dags/example_dynamic_task_mapping_with_no_taskflow_operators.py
[2026-05-15T17:35:31.723+0000] {processor.py:914} INFO - Processing file /usr/local/python/3.12.1/lib/python3.12/site-packages/airflow/example_dags/example_dynamic_task_mapping_with_no_taskflow_operators.py for tasks to queue
[2026-05-15T17:35:31.725+0000] {logging_mixin.py:190} INFO - [2026-05-15T17:35:31.724+0000] {dagbag.py:588} INFO - Filling up the DagBag from /usr/local/python/3.12.1/lib/python3.12/site-packages/airflow/example_dags/example_dynamic_task_mapping_with_no_taskflow_operators.py
[2026-05-15T17:35:31.731+0000] {processor.py:925} INFO - DAG(s) 'example_dynamic_task_mapping_with_no_taskflow_operators' retrieved from /usr/local/python/3.12.1/lib/python3.12/site-packages/airflow/example_dags/example_dynamic_task_mapping_with_no_taskflow_operators.py
[2026-05-15T17:35:31.742+0000] {logging_mixin.py:190} INFO - [2026-05-15T17:35:31.742+0000] {dag.py:3239} INFO - Sync 1 DAGs
[2026-05-15T17:35:31.752+0000] {logging_mixin.py:190} INFO - [2026-05-15T17:35:31.752+0000] {dag.py:4180} INFO - Setting next_dagrun for example_dynamic_task_mapping_with_no_taskflow_operators to None, run_after=None
[2026-05-15T17:35:31.769+0000] {processor.py:208} INFO - Processing /usr/local/python/3.12.1/lib/python3.12/site-packages/airflow/example_dags/example_dynamic_task_mapping_with_no_taskflow_operators.py took 0.053 seconds
[2026-05-15T17:36:21.554+0000] {processor.py:186} INFO - Started process (PID=76361) to work on /usr/local/python/3.12.1/lib/python3.12/site-packages/airflow/example_dags/example_dynamic_task_mapping_with_no_taskflow_operators.py
[2026-05-15T17:36:21.555+0000] {processor.py:914} INFO - Processing file /usr/local/python/3.12.1/lib/python3.12/site-packages/airflow/example_dags/example_dynamic_task_mapping_with_no_taskflow_operators.py for tasks to queue
[2026-05-15T17:36:21.556+0000] {logging_mixin.py:190} INFO - [2026-05-15T17:36:21.556+0000] {dagbag.py:588} INFO - Filling up the DagBag from /usr/local/python/3.12.1/lib/python3.12/site-packages/airflow/example_dags/example_dynamic_task_mapping_with_no_taskflow_operators.py
[2026-05-15T17:36:21.562+0000] {processor.py:925} INFO - DAG(s) 'example_dynamic_task_mapping_with_no_taskflow_operators' retrieved from /usr/local/python/3.12.1/lib/python3.12/site-packages/airflow/example_dags/example_dynamic_task_mapping_with_no_taskflow_operators.py
[2026-05-15T17:36:21.575+0000] {logging_mixin.py:190} INFO - [2026-05-15T17:36:21.575+0000] {dag.py:3239} INFO - Sync 1 DAGs
[2026-05-15T17:36:21.589+0000] {logging_mixin.py:190} INFO - [2026-05-15T17:36:21.589+0000] {dag.py:4180} INFO - Setting next_dagrun for example_dynamic_task_mapping_with_no_taskflow_operators to None, run_after=None
[2026-05-15T17:36:21.607+0000] {processor.py:208} INFO - Processing /usr/local/python/3.12.1/lib/python3.12/site-packages/airflow/example_dags/example_dynamic_task_mapping_with_no_taskflow_operators.py took 0.059 seconds
[2026-05-15T17:37:10.582+0000] {processor.py:186} INFO - Started process (PID=76878) to work on /usr/local/python/3.12.1/lib/python3.12/site-packages/airflow/example_dags/example_dynamic_task_mapping_with_no_taskflow_operators.py
[2026-05-15T17:37:10.584+0000] {processor.py:914} INFO - Processing file /usr/local/python/3.12.1/lib/python3.12/site-packages/airflow/example_dags/example_dynamic_task_mapping_with_no_taskflow_operators.py for tasks to queue
[2026-05-15T17:37:10.586+0000] {logging_mixin.py:190} INFO - [2026-05-15T17:37:10.585+0000] {dagbag.py:588} INFO - Filling up the DagBag from /usr/local/python/3.12.1/lib/python3.12/site-packages/airflow/example_dags/example_dynamic_task_mapping_with_no_taskflow_operators.py
[2026-05-15T17:37:10.595+0000] {processor.py:925} INFO - DAG(s) 'example_dynamic_task_mapping_with_no_taskflow_operators' retrieved from /usr/local/python/3.12.1/lib/python3.12/site-packages/airflow/example_dags/example_dynamic_task_mapping_with_no_taskflow_operators.py
[2026-05-15T17:37:10.611+0000] {logging_mixin.py:190} INFO - [2026-05-15T17:37:10.611+0000] {dag.py:3239} INFO - Sync 1 DAGs
[2026-05-15T17:37:10.621+0000] {logging_mixin.py:190} INFO - [2026-05-15T17:37:10.621+0000] {dag.py:4180} INFO - Setting next_dagrun for example_dynamic_task_mapping_with_no_taskflow_operators to None, run_after=None
[2026-05-15T17:37:10.639+0000] {processor.py:208} INFO - Processing /usr/local/python/3.12.1/lib/python3.12/site-packages/airflow/example_dags/example_dynamic_task_mapping_with_no_taskflow_operators.py took 0.067 seconds
[2026-05-15T17:37:59.468+0000] {processor.py:186} INFO - Started process (PID=77388) to work on /usr/local/python/3.12.1/lib/python3.12/site-packages/airflow/example_dags/example_dynamic_task_mapping_with_no_taskflow_operators.py
[2026-05-15T17:37:59.469+0000] {processor.py:914} INFO - Processing file /usr/local/python/3.12.1/lib/python3.12/site-packages/airflow/example_dags/example_dynamic_task_mapping_with_no_taskflow_operators.py for tasks to queue
[2026-05-15T17:37:59.470+0000] {logging_mixin.py:190} INFO - [2026-05-15T17:37:59.470+0000] {dagbag.py:588} INFO - Filling up the DagBag from /usr/local/python/3.12.1/lib/python3.12/site-packages/airflow/example_dags/example_dynamic_task_mapping_with_no_taskflow_operators.py
[2026-05-15T17:37:59.478+0000] {processor.py:925} INFO - DAG(s) 'example_dynamic_task_mapping_with_no_taskflow_operators' retrieved from /usr/local/python/3.12.1/lib/python3.12/site-packages/airflow/example_dags/example_dynamic_task_mapping_with_no_taskflow_operators.py
[2026-05-15T17:37:59.491+0000] {logging_mixin.py:190} INFO - [2026-05-15T17:37:59.491+0000] {dag.py:3239} INFO - Sync 1 DAGs
[2026-05-15T17:37:59.504+0000] {logging_mixin.py:190} INFO - [2026-05-15T17:37:59.504+0000] {dag.py:4180} INFO - Setting next_dagrun for example_dynamic_task_mapping_with_no_taskflow_operators to None, run_after=None
[2026-05-15T17:37:59.522+0000] {processor.py:208} INFO - Processing /usr/local/python/3.12.1/lib/python3.12/site-packages/airflow/example_dags/example_dynamic_task_mapping_with_no_taskflow_operators.py took 0.060 seconds
[2026-05-15T17:38:53.099+0000] {processor.py:186} INFO - Started process (PID=78059) to work on /usr/local/python/3.12.1/lib/python3.12/site-packages/airflow/example_dags/example_dynamic_task_mapping_with_no_taskflow_operators.py
[2026-05-15T17:38:53.100+0000] {processor.py:914} INFO - Processing file /usr/local/python/3.12.1/lib/python3.12/site-packages/airflow/example_dags/example_dynamic_task_mapping_with_no_taskflow_operators.py for tasks to queue
[2026-05-15T17:38:53.103+0000] {logging_mixin.py:190} INFO - [2026-05-15T17:38:53.102+0000] {dagbag.py:588} INFO - Filling up the DagBag from /usr/local/python/3.12.1/lib/python3.12/site-packages/airflow/example_dags/example_dynamic_task_mapping_with_no_taskflow_operators.py
[2026-05-15T17:38:53.116+0000] {processor.py:925} INFO - DAG(s) 'example_dynamic_task_mapping_with_no_taskflow_operators' retrieved from /usr/local/python/3.12.1/lib/python3.12/site-packages/airflow/example_dags/example_dynamic_task_mapping_with_no_taskflow_operators.py
[2026-05-15T17:38:53.137+0000] {logging_mixin.py:190} INFO - [2026-05-15T17:38:53.136+0000] {dag.py:3239} INFO - Sync 1 DAGs
[2026-05-15T17:38:53.156+0000] {logging_mixin.py:190} INFO - [2026-05-15T17:38:53.156+0000] {dag.py:4180} INFO - Setting next_dagrun for example_dynamic_task_mapping_with_no_taskflow_operators to None, run_after=None
[2026-05-15T17:38:53.194+0000] {processor.py:208} INFO - Processing /usr/local/python/3.12.1/lib/python3.12/site-packages/airflow/example_dags/example_dynamic_task_mapping_with_no_taskflow_operators.py took 0.102 seconds
[2026-05-15T17:39:49.980+0000] {processor.py:186} INFO - Started process (PID=78716) to work on /usr/local/python/3.12.1/lib/python3.12/site-packages/airflow/example_dags/example_dynamic_task_mapping_with_no_taskflow_operators.py
[2026-05-15T17:39:49.981+0000] {processor.py:914} INFO - Processing file /usr/local/python/3.12.1/lib/python3.12/site-packages/airflow/example_dags/example_dynamic_task_mapping_with_no_taskflow_operators.py for tasks to queue
[2026-05-15T17:39:49.984+0000] {logging_mixin.py:190} INFO - [2026-05-15T17:39:49.984+0000] {dagbag.py:588} INFO - Filling up the DagBag from /usr/local/python/3.12.1/lib/python3.12/site-packages/airflow/example_dags/example_dynamic_task_mapping_with_no_taskflow_operators.py
[2026-05-15T17:39:49.993+0000] {processor.py:925} INFO - DAG(s) 'example_dynamic_task_mapping_with_no_taskflow_operators' retrieved from /usr/local/python/3.12.1/lib/python3.12/site-packages/airflow/example_dags/example_dynamic_task_mapping_with_no_taskflow_operators.py
[2026-05-15T17:39:50.023+0000] {logging_mixin.py:190} INFO - [2026-05-15T17:39:50.022+0000] {dag.py:3239} INFO - Sync 1 DAGs
[2026-05-15T17:39:50.042+0000] {logging_mixin.py:190} INFO - [2026-05-15T17:39:50.042+0000] {dag.py:4180} INFO - Setting next_dagrun for example_dynamic_task_mapping_with_no_taskflow_operators to None, run_after=None
[2026-05-15T17:39:50.091+0000] {processor.py:208} INFO - Processing /usr/local/python/3.12.1/lib/python3.12/site-packages/airflow/example_dags/example_dynamic_task_mapping_with_no_taskflow_operators.py took 0.124 seconds
[2026-05-15T17:40:47.001+0000] {processor.py:186} INFO - Started process (PID=79297) to work on /usr/local/python/3.12.1/lib/python3.12/site-packages/airflow/example_dags/example_dynamic_task_mapping_with_no_taskflow_operators.py
[2026-05-15T17:40:47.002+0000] {processor.py:914} INFO - Processing file /usr/local/python/3.12.1/lib/python3.12/site-packages/airflow/example_dags/example_dynamic_task_mapping_with_no_taskflow_operators.py for tasks to queue
[2026-05-15T17:40:47.004+0000] {logging_mixin.py:190} INFO - [2026-05-15T17:40:47.004+0000] {dagbag.py:588} INFO - Filling up the DagBag from /usr/local/python/3.12.1/lib/python3.12/site-packages/airflow/example_dags/example_dynamic_task_mapping_with_no_taskflow_operators.py
[2026-05-15T17:40:47.010+0000] {processor.py:925} INFO - DAG(s) 'example_dynamic_task_mapping_with_no_taskflow_operators' retrieved from /usr/local/python/3.12.1/lib/python3.12/site-packages/airflow/example_dags/example_dynamic_task_mapping_with_no_taskflow_operators.py
[2026-05-15T17:40:47.022+0000] {logging_mixin.py:190} INFO - [2026-05-15T17:40:47.022+0000] {dag.py:3239} INFO - Sync 1 DAGs
[2026-05-15T17:40:47.033+0000] {logging_mixin.py:190} INFO - [2026-05-15T17:40:47.033+0000] {dag.py:4180} INFO - Setting next_dagrun for example_dynamic_task_mapping_with_no_taskflow_operators to None, run_after=None
[2026-05-15T17:40:47.049+0000] {processor.py:208} INFO - Processing /usr/local/python/3.12.1/lib/python3.12/site-packages/airflow/example_dags/example_dynamic_task_mapping_with_no_taskflow_operators.py took 0.054 seconds
[2026-05-15T17:41:39.719+0000] {processor.py:186} INFO - Started process (PID=79781) to work on /usr/local/python/3.12.1/lib/python3.12/site-packages/airflow/example_dags/example_dynamic_task_mapping_with_no_taskflow_operators.py
[2026-05-15T17:41:39.720+0000] {processor.py:914} INFO - Processing file /usr/local/python/3.12.1/lib/python3.12/site-packages/airflow/example_dags/example_dynamic_task_mapping_with_no_taskflow_operators.py for tasks to queue
[2026-05-15T17:41:39.722+0000] {logging_mixin.py:190} INFO - [2026-05-15T17:41:39.721+0000] {dagbag.py:588} INFO - Filling up the DagBag from /usr/local/python/3.12.1/lib/python3.12/site-packages/airflow/example_dags/example_dynamic_task_mapping_with_no_taskflow_operators.py
[2026-05-15T17:41:39.730+0000] {processor.py:925} INFO - DAG(s) 'example_dynamic_task_mapping_with_no_taskflow_operators' retrieved from /usr/local/python/3.12.1/lib/python3.12/site-packages/airflow/example_dags/example_dynamic_task_mapping_with_no_taskflow_operators.py
[2026-05-15T17:41:39.746+0000] {logging_mixin.py:190} INFO - [2026-05-15T17:41:39.746+0000] {dag.py:3239} INFO - Sync 1 DAGs
[2026-05-15T17:41:39.767+0000] {logging_mixin.py:190} INFO - [2026-05-15T17:41:39.766+0000] {dag.py:4180} INFO - Setting next_dagrun for example_dynamic_task_mapping_with_no_taskflow_operators to None, run_after=None
[2026-05-15T17:41:39.813+0000] {processor.py:208} INFO - Processing /usr/local/python/3.12.1/lib/python3.12/site-packages/airflow/example_dags/example_dynamic_task_mapping_with_no_taskflow_operators.py took 0.102 seconds
[2026-05-15T17:42:30.100+0000] {processor.py:186} INFO - Started process (PID=80300) to work on /usr/local/python/3.12.1/lib/python3.12/site-packages/airflow/example_dags/example_dynamic_task_mapping_with_no_taskflow_operators.py
[2026-05-15T17:42:30.101+0000] {processor.py:914} INFO - Processing file /usr/local/python/3.12.1/lib/python3.12/site-packages/airflow/example_dags/example_dynamic_task_mapping_with_no_taskflow_operators.py for tasks to queue
[2026-05-15T17:42:30.102+0000] {logging_mixin.py:190} INFO - [2026-05-15T17:42:30.102+0000] {dagbag.py:588} INFO - Filling up the DagBag from /usr/local/python/3.12.1/lib/python3.12/site-packages/airflow/example_dags/example_dynamic_task_mapping_with_no_taskflow_operators.py
[2026-05-15T17:42:30.108+0000] {processor.py:925} INFO - DAG(s) 'example_dynamic_task_mapping_with_no_taskflow_operators' retrieved from /usr/local/python/3.12.1/lib/python3.12/site-packages/airflow/example_dags/example_dynamic_task_mapping_with_no_taskflow_operators.py
[2026-05-15T17:42:30.121+0000] {logging_mixin.py:190} INFO - [2026-05-15T17:42:30.120+0000] {dag.py:3239} INFO - Sync 1 DAGs
[2026-05-15T17:42:30.131+0000] {logging_mixin.py:190} INFO - [2026-05-15T17:42:30.131+0000] {dag.py:4180} INFO - Setting next_dagrun for example_dynamic_task_mapping_with_no_taskflow_operators to None, run_after=None
[2026-05-15T17:42:30.149+0000] {processor.py:208} INFO - Processing /usr/local/python/3.12.1/lib/python3.12/site-packages/airflow/example_dags/example_dynamic_task_mapping_with_no_taskflow_operators.py took 0.055 seconds
[2026-05-15T17:43:22.654+0000] {processor.py:186} INFO - Started process (PID=80838) to work on /usr/local/python/3.12.1/lib/python3.12/site-packages/airflow/example_dags/example_dynamic_task_mapping_with_no_taskflow_operators.py
[2026-05-15T17:43:22.655+0000] {processor.py:914} INFO - Processing file /usr/local/python/3.12.1/lib/python3.12/site-packages/airflow/example_dags/example_dynamic_task_mapping_with_no_taskflow_operators.py for tasks to queue
[2026-05-15T17:43:22.657+0000] {logging_mixin.py:190} INFO - [2026-05-15T17:43:22.656+0000] {dagbag.py:588} INFO - Filling up the DagBag from /usr/local/python/3.12.1/lib/python3.12/site-packages/airflow/example_dags/example_dynamic_task_mapping_with_no_taskflow_operators.py
[2026-05-15T17:43:22.663+0000] {processor.py:925} INFO - DAG(s) 'example_dynamic_task_mapping_with_no_taskflow_operators' retrieved from /usr/local/python/3.12.1/lib/python3.12/site-packages/airflow/example_dags/example_dynamic_task_mapping_with_no_taskflow_operators.py
[2026-05-15T17:43:22.675+0000] {logging_mixin.py:190} INFO - [2026-05-15T17:43:22.675+0000] {dag.py:3239} INFO - Sync 1 DAGs
[2026-05-15T17:43:22.689+0000] {logging_mixin.py:190} INFO - [2026-05-15T17:43:22.689+0000] {dag.py:4180} INFO - Setting next_dagrun for example_dynamic_task_mapping_with_no_taskflow_operators to None, run_after=None
[2026-05-15T17:43:22.708+0000] {processor.py:208} INFO - Processing /usr/local/python/3.12.1/lib/python3.12/site-packages/airflow/example_dags/example_dynamic_task_mapping_with_no_taskflow_operators.py took 0.059 seconds
[2026-05-15T17:44:12.597+0000] {processor.py:186} INFO - Started process (PID=81425) to work on /usr/local/python/3.12.1/lib/python3.12/site-packages/airflow/example_dags/example_dynamic_task_mapping_with_no_taskflow_operators.py
[2026-05-15T17:44:12.598+0000] {processor.py:914} INFO - Processing file /usr/local/python/3.12.1/lib/python3.12/site-packages/airflow/example_dags/example_dynamic_task_mapping_with_no_taskflow_operators.py for tasks to queue
[2026-05-15T17:44:12.600+0000] {logging_mixin.py:190} INFO - [2026-05-15T17:44:12.599+0000] {dagbag.py:588} INFO - Filling up the DagBag from /usr/local/python/3.12.1/lib/python3.12/site-packages/airflow/example_dags/example_dynamic_task_mapping_with_no_taskflow_operators.py
[2026-05-15T17:44:12.606+0000] {processor.py:925} INFO - DAG(s) 'example_dynamic_task_mapping_with_no_taskflow_operators' retrieved from /usr/local/python/3.12.1/lib/python3.12/site-packages/airflow/example_dags/example_dynamic_task_mapping_with_no_taskflow_operators.py
[2026-05-15T17:44:12.618+0000] {logging_mixin.py:190} INFO - [2026-05-15T17:44:12.618+0000] {dag.py:3239} INFO - Sync 1 DAGs
[2026-05-15T17:44:12.627+0000] {logging_mixin.py:190} INFO - [2026-05-15T17:44:12.627+0000] {dag.py:4180} INFO - Setting next_dagrun for example_dynamic_task_mapping_with_no_taskflow_operators to None, run_after=None
[2026-05-15T17:44:12.644+0000] {processor.py:208} INFO - Processing /usr/local/python/3.12.1/lib/python3.12/site-packages/airflow/example_dags/example_dynamic_task_mapping_with_no_taskflow_operators.py took 0.052 seconds
[2026-05-15T17:45:02.230+0000] {processor.py:186} INFO - Started process (PID=81996) to work on /usr/local/python/3.12.1/lib/python3.12/site-packages/airflow/example_dags/example_dynamic_task_mapping_with_no_taskflow_operators.py
[2026-05-15T17:45:02.231+0000] {processor.py:914} INFO - Processing file /usr/local/python/3.12.1/lib/python3.12/site-packages/airflow/example_dags/example_dynamic_task_mapping_with_no_taskflow_operators.py for tasks to queue
[2026-05-15T17:45:02.233+0000] {logging_mixin.py:190} INFO - [2026-05-15T17:45:02.232+0000] {dagbag.py:588} INFO - Filling up the DagBag from /usr/local/python/3.12.1/lib/python3.12/site-packages/airflow/example_dags/example_dynamic_task_mapping_with_no_taskflow_operators.py
[2026-05-15T17:45:02.239+0000] {processor.py:925} INFO - DAG(s) 'example_dynamic_task_mapping_with_no_taskflow_operators' retrieved from /usr/local/python/3.12.1/lib/python3.12/site-packages/airflow/example_dags/example_dynamic_task_mapping_with_no_taskflow_operators.py
[2026-05-15T17:45:02.251+0000] {logging_mixin.py:190} INFO - [2026-05-15T17:45:02.251+0000] {dag.py:3239} INFO - Sync 1 DAGs
[2026-05-15T17:45:02.262+0000] {logging_mixin.py:190} INFO - [2026-05-15T17:45:02.262+0000] {dag.py:4180} INFO - Setting next_dagrun for example_dynamic_task_mapping_with_no_taskflow_operators to None, run_after=None
[2026-05-15T17:45:02.280+0000] {processor.py:208} INFO - Processing /usr/local/python/3.12.1/lib/python3.12/site-packages/airflow/example_dags/example_dynamic_task_mapping_with_no_taskflow_operators.py took 0.055 seconds
[2026-05-15T17:45:56.245+0000] {processor.py:186} INFO - Started process (PID=82545) to work on /usr/local/python/3.12.1/lib/python3.12/site-packages/airflow/example_dags/example_dynamic_task_mapping_with_no_taskflow_operators.py
[2026-05-15T17:45:56.249+0000] {processor.py:914} INFO - Processing file /usr/local/python/3.12.1/lib/python3.12/site-packages/airflow/example_dags/example_dynamic_task_mapping_with_no_taskflow_operators.py for tasks to queue
[2026-05-15T17:45:56.251+0000] {logging_mixin.py:190} INFO - [2026-05-15T17:45:56.251+0000] {dagbag.py:588} INFO - Filling up the DagBag from /usr/local/python/3.12.1/lib/python3.12/site-packages/airflow/example_dags/example_dynamic_task_mapping_with_no_taskflow_operators.py
[2026-05-15T17:45:56.258+0000] {processor.py:925} INFO - DAG(s) 'example_dynamic_task_mapping_with_no_taskflow_operators' retrieved from /usr/local/python/3.12.1/lib/python3.12/site-packages/airflow/example_dags/example_dynamic_task_mapping_with_no_taskflow_operators.py
[2026-05-15T17:45:56.270+0000] {logging_mixin.py:190} INFO - [2026-05-15T17:45:56.270+0000] {dag.py:3239} INFO - Sync 1 DAGs
[2026-05-15T17:45:56.284+0000] {logging_mixin.py:190} INFO - [2026-05-15T17:45:56.283+0000] {dag.py:4180} INFO - Setting next_dagrun for example_dynamic_task_mapping_with_no_taskflow_operators to None, run_after=None
[2026-05-15T17:45:56.302+0000] {processor.py:208} INFO - Processing /usr/local/python/3.12.1/lib/python3.12/site-packages/airflow/example_dags/example_dynamic_task_mapping_with_no_taskflow_operators.py took 0.066 seconds
[2026-05-15T17:47:10.132+0000] {processor.py:186} INFO - Started process (PID=83299) to work on /usr/local/python/3.12.1/lib/python3.12/site-packages/airflow/example_dags/example_dynamic_task_mapping_with_no_taskflow_operators.py
[2026-05-15T17:47:10.132+0000] {processor.py:914} INFO - Processing file /usr/local/python/3.12.1/lib/python3.12/site-packages/airflow/example_dags/example_dynamic_task_mapping_with_no_taskflow_operators.py for tasks to queue
[2026-05-15T17:47:10.134+0000] {logging_mixin.py:190} INFO - [2026-05-15T17:47:10.134+0000] {dagbag.py:588} INFO - Filling up the DagBag from /usr/local/python/3.12.1/lib/python3.12/site-packages/airflow/example_dags/example_dynamic_task_mapping_with_no_taskflow_operators.py
[2026-05-15T17:47:10.140+0000] {processor.py:925} INFO - DAG(s) 'example_dynamic_task_mapping_with_no_taskflow_operators' retrieved from /usr/local/python/3.12.1/lib/python3.12/site-packages/airflow/example_dags/example_dynamic_task_mapping_with_no_taskflow_operators.py
[2026-05-15T17:47:10.152+0000] {logging_mixin.py:190} INFO - [2026-05-15T17:47:10.152+0000] {dag.py:3239} INFO - Sync 1 DAGs
[2026-05-15T17:47:10.166+0000] {logging_mixin.py:190} INFO - [2026-05-15T17:47:10.166+0000] {dag.py:4180} INFO - Setting next_dagrun for example_dynamic_task_mapping_with_no_taskflow_operators to None, run_after=None
[2026-05-15T17:47:10.196+0000] {processor.py:208} INFO - Processing /usr/local/python/3.12.1/lib/python3.12/site-packages/airflow/example_dags/example_dynamic_task_mapping_with_no_taskflow_operators.py took 0.069 seconds
[2026-05-15T17:48:02.541+0000] {processor.py:186} INFO - Started process (PID=83840) to work on /usr/local/python/3.12.1/lib/python3.12/site-packages/airflow/example_dags/example_dynamic_task_mapping_with_no_taskflow_operators.py
[2026-05-15T17:48:02.542+0000] {processor.py:914} INFO - Processing file /usr/local/python/3.12.1/lib/python3.12/site-packages/airflow/example_dags/example_dynamic_task_mapping_with_no_taskflow_operators.py for tasks to queue
[2026-05-15T17:48:02.545+0000] {logging_mixin.py:190} INFO - [2026-05-15T17:48:02.544+0000] {dagbag.py:588} INFO - Filling up the DagBag from /usr/local/python/3.12.1/lib/python3.12/site-packages/airflow/example_dags/example_dynamic_task_mapping_with_no_taskflow_operators.py
[2026-05-15T17:48:02.551+0000] {processor.py:925} INFO - DAG(s) 'example_dynamic_task_mapping_with_no_taskflow_operators' retrieved from /usr/local/python/3.12.1/lib/python3.12/site-packages/airflow/example_dags/example_dynamic_task_mapping_with_no_taskflow_operators.py
[2026-05-15T17:48:02.563+0000] {logging_mixin.py:190} INFO - [2026-05-15T17:48:02.563+0000] {dag.py:3239} INFO - Sync 1 DAGs
[2026-05-15T17:48:02.573+0000] {logging_mixin.py:190} INFO - [2026-05-15T17:48:02.573+0000] {dag.py:4180} INFO - Setting next_dagrun for example_dynamic_task_mapping_with_no_taskflow_operators to None, run_after=None
[2026-05-15T17:48:02.594+0000] {processor.py:208} INFO - Processing /usr/local/python/3.12.1/lib/python3.12/site-packages/airflow/example_dags/example_dynamic_task_mapping_with_no_taskflow_operators.py took 0.058 seconds
[2026-05-15T17:48:55.573+0000] {processor.py:186} INFO - Started process (PID=84450) to work on /usr/local/python/3.12.1/lib/python3.12/site-packages/airflow/example_dags/example_dynamic_task_mapping_with_no_taskflow_operators.py
[2026-05-15T17:48:55.575+0000] {processor.py:914} INFO - Processing file /usr/local/python/3.12.1/lib/python3.12/site-packages/airflow/example_dags/example_dynamic_task_mapping_with_no_taskflow_operators.py for tasks to queue
[2026-05-15T17:48:55.578+0000] {logging_mixin.py:190} INFO - [2026-05-15T17:48:55.577+0000] {dagbag.py:588} INFO - Filling up the DagBag from /usr/local/python/3.12.1/lib/python3.12/site-packages/airflow/example_dags/example_dynamic_task_mapping_with_no_taskflow_operators.py
[2026-05-15T17:48:55.586+0000] {processor.py:925} INFO - DAG(s) 'example_dynamic_task_mapping_with_no_taskflow_operators' retrieved from /usr/local/python/3.12.1/lib/python3.12/site-packages/airflow/example_dags/example_dynamic_task_mapping_with_no_taskflow_operators.py
[2026-05-15T17:48:55.599+0000] {logging_mixin.py:190} INFO - [2026-05-15T17:48:55.599+0000] {dag.py:3239} INFO - Sync 1 DAGs
[2026-05-15T17:48:55.609+0000] {logging_mixin.py:190} INFO - [2026-05-15T17:48:55.609+0000] {dag.py:4180} INFO - Setting next_dagrun for example_dynamic_task_mapping_with_no_taskflow_operators to None, run_after=None
[2026-05-15T17:48:55.626+0000] {processor.py:208} INFO - Processing /usr/local/python/3.12.1/lib/python3.12/site-packages/airflow/example_dags/example_dynamic_task_mapping_with_no_taskflow_operators.py took 0.059 seconds
[2026-05-15T17:49:51.647+0000] {processor.py:186} INFO - Started process (PID=85032) to work on /usr/local/python/3.12.1/lib/python3.12/site-packages/airflow/example_dags/example_dynamic_task_mapping_with_no_taskflow_operators.py
[2026-05-15T17:49:51.648+0000] {processor.py:914} INFO - Processing file /usr/local/python/3.12.1/lib/python3.12/site-packages/airflow/example_dags/example_dynamic_task_mapping_with_no_taskflow_operators.py for tasks to queue
[2026-05-15T17:49:51.650+0000] {logging_mixin.py:190} INFO - [2026-05-15T17:49:51.650+0000] {dagbag.py:588} INFO - Filling up the DagBag from /usr/local/python/3.12.1/lib/python3.12/site-packages/airflow/example_dags/example_dynamic_task_mapping_with_no_taskflow_operators.py
[2026-05-15T17:49:51.656+0000] {processor.py:925} INFO - DAG(s) 'example_dynamic_task_mapping_with_no_taskflow_operators' retrieved from /usr/local/python/3.12.1/lib/python3.12/site-packages/airflow/example_dags/example_dynamic_task_mapping_with_no_taskflow_operators.py
[2026-05-15T17:49:51.668+0000] {logging_mixin.py:190} INFO - [2026-05-15T17:49:51.667+0000] {dag.py:3239} INFO - Sync 1 DAGs
[2026-05-15T17:49:51.680+0000] {logging_mixin.py:190} INFO - [2026-05-15T17:49:51.680+0000] {dag.py:4180} INFO - Setting next_dagrun for example_dynamic_task_mapping_with_no_taskflow_operators to None, run_after=None
[2026-05-15T17:49:51.699+0000] {processor.py:208} INFO - Processing /usr/local/python/3.12.1/lib/python3.12/site-packages/airflow/example_dags/example_dynamic_task_mapping_with_no_taskflow_operators.py took 0.057 seconds
[2026-05-15T17:50:47.024+0000] {processor.py:186} INFO - Started process (PID=85584) to work on /usr/local/python/3.12.1/lib/python3.12/site-packages/airflow/example_dags/example_dynamic_task_mapping_with_no_taskflow_operators.py
[2026-05-15T17:50:47.026+0000] {processor.py:914} INFO - Processing file /usr/local/python/3.12.1/lib/python3.12/site-packages/airflow/example_dags/example_dynamic_task_mapping_with_no_taskflow_operators.py for tasks to queue
[2026-05-15T17:50:47.040+0000] {logging_mixin.py:190} INFO - [2026-05-15T17:50:47.037+0000] {dagbag.py:588} INFO - Filling up the DagBag from /usr/local/python/3.12.1/lib/python3.12/site-packages/airflow/example_dags/example_dynamic_task_mapping_with_no_taskflow_operators.py
[2026-05-15T17:50:47.055+0000] {processor.py:925} INFO - DAG(s) 'example_dynamic_task_mapping_with_no_taskflow_operators' retrieved from /usr/local/python/3.12.1/lib/python3.12/site-packages/airflow/example_dags/example_dynamic_task_mapping_with_no_taskflow_operators.py
[2026-05-15T17:50:47.073+0000] {logging_mixin.py:190} INFO - [2026-05-15T17:50:47.073+0000] {dag.py:3239} INFO - Sync 1 DAGs
[2026-05-15T17:50:47.088+0000] {logging_mixin.py:190} INFO - [2026-05-15T17:50:47.087+0000] {dag.py:4180} INFO - Setting next_dagrun for example_dynamic_task_mapping_with_no_taskflow_operators to None, run_after=None
[2026-05-15T17:50:47.122+0000] {processor.py:208} INFO - Processing /usr/local/python/3.12.1/lib/python3.12/site-packages/airflow/example_dags/example_dynamic_task_mapping_with_no_taskflow_operators.py took 0.122 seconds
[2026-05-15T17:51:39.709+0000] {processor.py:186} INFO - Started process (PID=86091) to work on /usr/local/python/3.12.1/lib/python3.12/site-packages/airflow/example_dags/example_dynamic_task_mapping_with_no_taskflow_operators.py
[2026-05-15T17:51:39.710+0000] {processor.py:914} INFO - Processing file /usr/local/python/3.12.1/lib/python3.12/site-packages/airflow/example_dags/example_dynamic_task_mapping_with_no_taskflow_operators.py for tasks to queue
[2026-05-15T17:51:39.712+0000] {logging_mixin.py:190} INFO - [2026-05-15T17:51:39.711+0000] {dagbag.py:588} INFO - Filling up the DagBag from /usr/local/python/3.12.1/lib/python3.12/site-packages/airflow/example_dags/example_dynamic_task_mapping_with_no_taskflow_operators.py
[2026-05-15T17:51:39.718+0000] {processor.py:925} INFO - DAG(s) 'example_dynamic_task_mapping_with_no_taskflow_operators' retrieved from /usr/local/python/3.12.1/lib/python3.12/site-packages/airflow/example_dags/example_dynamic_task_mapping_with_no_taskflow_operators.py
[2026-05-15T17:51:39.730+0000] {logging_mixin.py:190} INFO - [2026-05-15T17:51:39.730+0000] {dag.py:3239} INFO - Sync 1 DAGs
[2026-05-15T17:51:39.740+0000] {logging_mixin.py:190} INFO - [2026-05-15T17:51:39.740+0000] {dag.py:4180} INFO - Setting next_dagrun for example_dynamic_task_mapping_with_no_taskflow_operators to None, run_after=None
[2026-05-15T17:51:39.757+0000] {processor.py:208} INFO - Processing /usr/local/python/3.12.1/lib/python3.12/site-packages/airflow/example_dags/example_dynamic_task_mapping_with_no_taskflow_operators.py took 0.053 seconds
[2026-05-15T17:52:31.739+0000] {processor.py:186} INFO - Started process (PID=86613) to work on /usr/local/python/3.12.1/lib/python3.12/site-packages/airflow/example_dags/example_dynamic_task_mapping_with_no_taskflow_operators.py
[2026-05-15T17:52:31.740+0000] {processor.py:914} INFO - Processing file /usr/local/python/3.12.1/lib/python3.12/site-packages/airflow/example_dags/example_dynamic_task_mapping_with_no_taskflow_operators.py for tasks to queue
[2026-05-15T17:52:31.742+0000] {logging_mixin.py:190} INFO - [2026-05-15T17:52:31.741+0000] {dagbag.py:588} INFO - Filling up the DagBag from /usr/local/python/3.12.1/lib/python3.12/site-packages/airflow/example_dags/example_dynamic_task_mapping_with_no_taskflow_operators.py
[2026-05-15T17:52:31.748+0000] {processor.py:925} INFO - DAG(s) 'example_dynamic_task_mapping_with_no_taskflow_operators' retrieved from /usr/local/python/3.12.1/lib/python3.12/site-packages/airflow/example_dags/example_dynamic_task_mapping_with_no_taskflow_operators.py
[2026-05-15T17:52:31.760+0000] {logging_mixin.py:190} INFO - [2026-05-15T17:52:31.760+0000] {dag.py:3239} INFO - Sync 1 DAGs
[2026-05-15T17:52:31.770+0000] {logging_mixin.py:190} INFO - [2026-05-15T17:52:31.770+0000] {dag.py:4180} INFO - Setting next_dagrun for example_dynamic_task_mapping_with_no_taskflow_operators to None, run_after=None
[2026-05-15T17:52:31.793+0000] {processor.py:208} INFO - Processing /usr/local/python/3.12.1/lib/python3.12/site-packages/airflow/example_dags/example_dynamic_task_mapping_with_no_taskflow_operators.py took 0.059 seconds
[2026-05-15T17:53:26.620+0000] {processor.py:186} INFO - Started process (PID=87138) to work on /usr/local/python/3.12.1/lib/python3.12/site-packages/airflow/example_dags/example_dynamic_task_mapping_with_no_taskflow_operators.py
[2026-05-15T17:53:26.621+0000] {processor.py:914} INFO - Processing file /usr/local/python/3.12.1/lib/python3.12/site-packages/airflow/example_dags/example_dynamic_task_mapping_with_no_taskflow_operators.py for tasks to queue
[2026-05-15T17:53:26.624+0000] {logging_mixin.py:190} INFO - [2026-05-15T17:53:26.624+0000] {dagbag.py:588} INFO - Filling up the DagBag from /usr/local/python/3.12.1/lib/python3.12/site-packages/airflow/example_dags/example_dynamic_task_mapping_with_no_taskflow_operators.py
[2026-05-15T17:53:26.633+0000] {processor.py:925} INFO - DAG(s) 'example_dynamic_task_mapping_with_no_taskflow_operators' retrieved from /usr/local/python/3.12.1/lib/python3.12/site-packages/airflow/example_dags/example_dynamic_task_mapping_with_no_taskflow_operators.py
[2026-05-15T17:53:26.647+0000] {logging_mixin.py:190} INFO - [2026-05-15T17:53:26.647+0000] {dag.py:3239} INFO - Sync 1 DAGs
[2026-05-15T17:53:26.662+0000] {logging_mixin.py:190} INFO - [2026-05-15T17:53:26.662+0000] {dag.py:4180} INFO - Setting next_dagrun for example_dynamic_task_mapping_with_no_taskflow_operators to None, run_after=None
[2026-05-15T17:53:26.682+0000] {processor.py:208} INFO - Processing /usr/local/python/3.12.1/lib/python3.12/site-packages/airflow/example_dags/example_dynamic_task_mapping_with_no_taskflow_operators.py took 0.070 seconds
[2026-05-15T17:54:23.406+0000] {processor.py:186} INFO - Started process (PID=87774) to work on /usr/local/python/3.12.1/lib/python3.12/site-packages/airflow/example_dags/example_dynamic_task_mapping_with_no_taskflow_operators.py
[2026-05-15T17:54:23.407+0000] {processor.py:914} INFO - Processing file /usr/local/python/3.12.1/lib/python3.12/site-packages/airflow/example_dags/example_dynamic_task_mapping_with_no_taskflow_operators.py for tasks to queue
[2026-05-15T17:54:23.409+0000] {logging_mixin.py:190} INFO - [2026-05-15T17:54:23.409+0000] {dagbag.py:588} INFO - Filling up the DagBag from /usr/local/python/3.12.1/lib/python3.12/site-packages/airflow/example_dags/example_dynamic_task_mapping_with_no_taskflow_operators.py
[2026-05-15T17:54:23.415+0000] {processor.py:925} INFO - DAG(s) 'example_dynamic_task_mapping_with_no_taskflow_operators' retrieved from /usr/local/python/3.12.1/lib/python3.12/site-packages/airflow/example_dags/example_dynamic_task_mapping_with_no_taskflow_operators.py
[2026-05-15T17:54:23.427+0000] {logging_mixin.py:190} INFO - [2026-05-15T17:54:23.427+0000] {dag.py:3239} INFO - Sync 1 DAGs
[2026-05-15T17:54:23.438+0000] {logging_mixin.py:190} INFO - [2026-05-15T17:54:23.438+0000] {dag.py:4180} INFO - Setting next_dagrun for example_dynamic_task_mapping_with_no_taskflow_operators to None, run_after=None
[2026-05-15T17:54:23.578+0000] {processor.py:208} INFO - Processing /usr/local/python/3.12.1/lib/python3.12/site-packages/airflow/example_dags/example_dynamic_task_mapping_with_no_taskflow_operators.py took 0.177 seconds
[2026-05-15T17:55:18.487+0000] {processor.py:186} INFO - Started process (PID=88421) to work on /usr/local/python/3.12.1/lib/python3.12/site-packages/airflow/example_dags/example_dynamic_task_mapping_with_no_taskflow_operators.py
[2026-05-15T17:55:18.488+0000] {processor.py:914} INFO - Processing file /usr/local/python/3.12.1/lib/python3.12/site-packages/airflow/example_dags/example_dynamic_task_mapping_with_no_taskflow_operators.py for tasks to queue
[2026-05-15T17:55:18.491+0000] {logging_mixin.py:190} INFO - [2026-05-15T17:55:18.491+0000] {dagbag.py:588} INFO - Filling up the DagBag from /usr/local/python/3.12.1/lib/python3.12/site-packages/airflow/example_dags/example_dynamic_task_mapping_with_no_taskflow_operators.py
[2026-05-15T17:55:18.505+0000] {processor.py:925} INFO - DAG(s) 'example_dynamic_task_mapping_with_no_taskflow_operators' retrieved from /usr/local/python/3.12.1/lib/python3.12/site-packages/airflow/example_dags/example_dynamic_task_mapping_with_no_taskflow_operators.py
[2026-05-15T17:55:18.539+0000] {logging_mixin.py:190} INFO - [2026-05-15T17:55:18.537+0000] {dag.py:3239} INFO - Sync 1 DAGs
[2026-05-15T17:55:18.567+0000] {logging_mixin.py:190} INFO - [2026-05-15T17:55:18.567+0000] {dag.py:4180} INFO - Setting next_dagrun for example_dynamic_task_mapping_with_no_taskflow_operators to None, run_after=None
[2026-05-15T17:55:18.617+0000] {processor.py:208} INFO - Processing /usr/local/python/3.12.1/lib/python3.12/site-packages/airflow/example_dags/example_dynamic_task_mapping_with_no_taskflow_operators.py took 0.138 seconds
[2026-05-15T17:56:17.846+0000] {processor.py:186} INFO - Started process (PID=89017) to work on /usr/local/python/3.12.1/lib/python3.12/site-packages/airflow/example_dags/example_dynamic_task_mapping_with_no_taskflow_operators.py
[2026-05-15T17:56:17.847+0000] {processor.py:914} INFO - Processing file /usr/local/python/3.12.1/lib/python3.12/site-packages/airflow/example_dags/example_dynamic_task_mapping_with_no_taskflow_operators.py for tasks to queue
[2026-05-15T17:56:17.851+0000] {logging_mixin.py:190} INFO - [2026-05-15T17:56:17.850+0000] {dagbag.py:588} INFO - Filling up the DagBag from /usr/local/python/3.12.1/lib/python3.12/site-packages/airflow/example_dags/example_dynamic_task_mapping_with_no_taskflow_operators.py
[2026-05-15T17:56:17.860+0000] {processor.py:925} INFO - DAG(s) 'example_dynamic_task_mapping_with_no_taskflow_operators' retrieved from /usr/local/python/3.12.1/lib/python3.12/site-packages/airflow/example_dags/example_dynamic_task_mapping_with_no_taskflow_operators.py
[2026-05-15T17:56:17.880+0000] {logging_mixin.py:190} INFO - [2026-05-15T17:56:17.879+0000] {dag.py:3239} INFO - Sync 1 DAGs
[2026-05-15T17:56:17.895+0000] {logging_mixin.py:190} INFO - [2026-05-15T17:56:17.894+0000] {dag.py:4180} INFO - Setting next_dagrun for example_dynamic_task_mapping_with_no_taskflow_operators to None, run_after=None
[2026-05-15T17:56:17.918+0000] {processor.py:208} INFO - Processing /usr/local/python/3.12.1/lib/python3.12/site-packages/airflow/example_dags/example_dynamic_task_mapping_with_no_taskflow_operators.py took 0.084 seconds
[2026-05-15T17:58:12.146+0000] {processor.py:186} INFO - Started process (PID=90495) to work on /usr/local/python/3.12.1/lib/python3.12/site-packages/airflow/example_dags/example_dynamic_task_mapping_with_no_taskflow_operators.py
[2026-05-15T17:58:12.147+0000] {processor.py:914} INFO - Processing file /usr/local/python/3.12.1/lib/python3.12/site-packages/airflow/example_dags/example_dynamic_task_mapping_with_no_taskflow_operators.py for tasks to queue
[2026-05-15T17:58:12.148+0000] {logging_mixin.py:190} INFO - [2026-05-15T17:58:12.148+0000] {dagbag.py:588} INFO - Filling up the DagBag from /usr/local/python/3.12.1/lib/python3.12/site-packages/airflow/example_dags/example_dynamic_task_mapping_with_no_taskflow_operators.py
[2026-05-15T17:58:12.154+0000] {processor.py:925} INFO - DAG(s) 'example_dynamic_task_mapping_with_no_taskflow_operators' retrieved from /usr/local/python/3.12.1/lib/python3.12/site-packages/airflow/example_dags/example_dynamic_task_mapping_with_no_taskflow_operators.py
[2026-05-15T17:58:12.166+0000] {logging_mixin.py:190} INFO - [2026-05-15T17:58:12.166+0000] {dag.py:3239} INFO - Sync 1 DAGs
[2026-05-15T17:58:12.178+0000] {logging_mixin.py:190} INFO - [2026-05-15T17:58:12.178+0000] {dag.py:4180} INFO - Setting next_dagrun for example_dynamic_task_mapping_with_no_taskflow_operators to None, run_after=None
[2026-05-15T17:58:12.197+0000] {processor.py:208} INFO - Processing /usr/local/python/3.12.1/lib/python3.12/site-packages/airflow/example_dags/example_dynamic_task_mapping_with_no_taskflow_operators.py took 0.055 seconds
[2026-05-15T17:59:06.523+0000] {processor.py:186} INFO - Started process (PID=91042) to work on /usr/local/python/3.12.1/lib/python3.12/site-packages/airflow/example_dags/example_dynamic_task_mapping_with_no_taskflow_operators.py
[2026-05-15T17:59:06.523+0000] {processor.py:914} INFO - Processing file /usr/local/python/3.12.1/lib/python3.12/site-packages/airflow/example_dags/example_dynamic_task_mapping_with_no_taskflow_operators.py for tasks to queue
[2026-05-15T17:59:06.525+0000] {logging_mixin.py:190} INFO - [2026-05-15T17:59:06.525+0000] {dagbag.py:588} INFO - Filling up the DagBag from /usr/local/python/3.12.1/lib/python3.12/site-packages/airflow/example_dags/example_dynamic_task_mapping_with_no_taskflow_operators.py
[2026-05-15T17:59:06.532+0000] {processor.py:925} INFO - DAG(s) 'example_dynamic_task_mapping_with_no_taskflow_operators' retrieved from /usr/local/python/3.12.1/lib/python3.12/site-packages/airflow/example_dags/example_dynamic_task_mapping_with_no_taskflow_operators.py
[2026-05-15T17:59:06.545+0000] {logging_mixin.py:190} INFO - [2026-05-15T17:59:06.544+0000] {dag.py:3239} INFO - Sync 1 DAGs
[2026-05-15T17:59:06.556+0000] {logging_mixin.py:190} INFO - [2026-05-15T17:59:06.555+0000] {dag.py:4180} INFO - Setting next_dagrun for example_dynamic_task_mapping_with_no_taskflow_operators to None, run_after=None
[2026-05-15T17:59:06.572+0000] {processor.py:208} INFO - Processing /usr/local/python/3.12.1/lib/python3.12/site-packages/airflow/example_dags/example_dynamic_task_mapping_with_no_taskflow_operators.py took 0.054 seconds
[2026-05-15T18:00:01.093+0000] {processor.py:186} INFO - Started process (PID=91715) to work on /usr/local/python/3.12.1/lib/python3.12/site-packages/airflow/example_dags/example_dynamic_task_mapping_with_no_taskflow_operators.py
[2026-05-15T18:00:01.093+0000] {processor.py:914} INFO - Processing file /usr/local/python/3.12.1/lib/python3.12/site-packages/airflow/example_dags/example_dynamic_task_mapping_with_no_taskflow_operators.py for tasks to queue
[2026-05-15T18:00:01.095+0000] {logging_mixin.py:190} INFO - [2026-05-15T18:00:01.094+0000] {dagbag.py:588} INFO - Filling up the DagBag from /usr/local/python/3.12.1/lib/python3.12/site-packages/airflow/example_dags/example_dynamic_task_mapping_with_no_taskflow_operators.py
[2026-05-15T18:00:01.101+0000] {processor.py:925} INFO - DAG(s) 'example_dynamic_task_mapping_with_no_taskflow_operators' retrieved from /usr/local/python/3.12.1/lib/python3.12/site-packages/airflow/example_dags/example_dynamic_task_mapping_with_no_taskflow_operators.py
[2026-05-15T18:00:01.113+0000] {logging_mixin.py:190} INFO - [2026-05-15T18:00:01.113+0000] {dag.py:3239} INFO - Sync 1 DAGs
[2026-05-15T18:00:01.123+0000] {logging_mixin.py:190} INFO - [2026-05-15T18:00:01.123+0000] {dag.py:4180} INFO - Setting next_dagrun for example_dynamic_task_mapping_with_no_taskflow_operators to None, run_after=None
[2026-05-15T18:00:01.139+0000] {processor.py:208} INFO - Processing /usr/local/python/3.12.1/lib/python3.12/site-packages/airflow/example_dags/example_dynamic_task_mapping_with_no_taskflow_operators.py took 0.052 seconds
[2026-05-15T18:00:49.666+0000] {processor.py:186} INFO - Started process (PID=92204) to work on /usr/local/python/3.12.1/lib/python3.12/site-packages/airflow/example_dags/example_dynamic_task_mapping_with_no_taskflow_operators.py
[2026-05-15T18:00:49.667+0000] {processor.py:914} INFO - Processing file /usr/local/python/3.12.1/lib/python3.12/site-packages/airflow/example_dags/example_dynamic_task_mapping_with_no_taskflow_operators.py for tasks to queue
[2026-05-15T18:00:49.668+0000] {logging_mixin.py:190} INFO - [2026-05-15T18:00:49.668+0000] {dagbag.py:588} INFO - Filling up the DagBag from /usr/local/python/3.12.1/lib/python3.12/site-packages/airflow/example_dags/example_dynamic_task_mapping_with_no_taskflow_operators.py
[2026-05-15T18:00:49.676+0000] {processor.py:925} INFO - DAG(s) 'example_dynamic_task_mapping_with_no_taskflow_operators' retrieved from /usr/local/python/3.12.1/lib/python3.12/site-packages/airflow/example_dags/example_dynamic_task_mapping_with_no_taskflow_operators.py
[2026-05-15T18:00:49.692+0000] {logging_mixin.py:190} INFO - [2026-05-15T18:00:49.691+0000] {dag.py:3239} INFO - Sync 1 DAGs
[2026-05-15T18:00:49.702+0000] {logging_mixin.py:190} INFO - [2026-05-15T18:00:49.702+0000] {dag.py:4180} INFO - Setting next_dagrun for example_dynamic_task_mapping_with_no_taskflow_operators to None, run_after=None
[2026-05-15T18:00:49.718+0000] {processor.py:208} INFO - Processing /usr/local/python/3.12.1/lib/python3.12/site-packages/airflow/example_dags/example_dynamic_task_mapping_with_no_taskflow_operators.py took 0.057 seconds
