[2026-05-15T15:51:14.065+0000] {processor.py:186} INFO - Started process (PID=13371) to work on /usr/local/python/3.12.1/lib/python3.12/site-packages/airflow/example_dags/plugins/listener_plugin.py
[2026-05-15T15:51:14.070+0000] {processor.py:914} INFO - Processing file /usr/local/python/3.12.1/lib/python3.12/site-packages/airflow/example_dags/plugins/listener_plugin.py for tasks to queue
[2026-05-15T15:51:14.079+0000] {logging_mixin.py:190} INFO - [2026-05-15T15:51:14.078+0000] {dagbag.py:588} INFO - Filling up the DagBag from /usr/local/python/3.12.1/lib/python3.12/site-packages/airflow/example_dags/plugins/listener_plugin.py
[2026-05-15T15:51:14.087+0000] {processor.py:927} WARNING - No viable dags retrieved from /usr/local/python/3.12.1/lib/python3.12/site-packages/airflow/example_dags/plugins/listener_plugin.py
[2026-05-15T15:51:14.128+0000] {processor.py:208} INFO - Processing /usr/local/python/3.12.1/lib/python3.12/site-packages/airflow/example_dags/plugins/listener_plugin.py took 0.088 seconds
[2026-05-15T15:52:18.741+0000] {processor.py:186} INFO - Started process (PID=14161) to work on /usr/local/python/3.12.1/lib/python3.12/site-packages/airflow/example_dags/plugins/listener_plugin.py
[2026-05-15T15:52:18.742+0000] {processor.py:914} INFO - Processing file /usr/local/python/3.12.1/lib/python3.12/site-packages/airflow/example_dags/plugins/listener_plugin.py for tasks to queue
[2026-05-15T15:52:18.747+0000] {logging_mixin.py:190} INFO - [2026-05-15T15:52:18.746+0000] {dagbag.py:588} INFO - Filling up the DagBag from /usr/local/python/3.12.1/lib/python3.12/site-packages/airflow/example_dags/plugins/listener_plugin.py
[2026-05-15T15:52:18.750+0000] {processor.py:927} WARNING - No viable dags retrieved from /usr/local/python/3.12.1/lib/python3.12/site-packages/airflow/example_dags/plugins/listener_plugin.py
[2026-05-15T15:52:18.764+0000] {processor.py:208} INFO - Processing /usr/local/python/3.12.1/lib/python3.12/site-packages/airflow/example_dags/plugins/listener_plugin.py took 0.030 seconds
[2026-05-15T15:53:14.268+0000] {processor.py:186} INFO - Started process (PID=14679) to work on /usr/local/python/3.12.1/lib/python3.12/site-packages/airflow/example_dags/plugins/listener_plugin.py
[2026-05-15T15:53:14.269+0000] {processor.py:914} INFO - Processing file /usr/local/python/3.12.1/lib/python3.12/site-packages/airflow/example_dags/plugins/listener_plugin.py for tasks to queue
[2026-05-15T15:53:14.271+0000] {logging_mixin.py:190} INFO - [2026-05-15T15:53:14.270+0000] {dagbag.py:588} INFO - Filling up the DagBag from /usr/local/python/3.12.1/lib/python3.12/site-packages/airflow/example_dags/plugins/listener_plugin.py
[2026-05-15T15:53:14.272+0000] {processor.py:927} WARNING - No viable dags retrieved from /usr/local/python/3.12.1/lib/python3.12/site-packages/airflow/example_dags/plugins/listener_plugin.py
[2026-05-15T15:53:14.280+0000] {processor.py:208} INFO - Processing /usr/local/python/3.12.1/lib/python3.12/site-packages/airflow/example_dags/plugins/listener_plugin.py took 0.016 seconds
[2026-05-15T15:54:06.554+0000] {processor.py:186} INFO - Started process (PID=15121) to work on /usr/local/python/3.12.1/lib/python3.12/site-packages/airflow/example_dags/plugins/listener_plugin.py
[2026-05-15T15:54:06.554+0000] {processor.py:914} INFO - Processing file /usr/local/python/3.12.1/lib/python3.12/site-packages/airflow/example_dags/plugins/listener_plugin.py for tasks to queue
[2026-05-15T15:54:06.556+0000] {logging_mixin.py:190} INFO - [2026-05-15T15:54:06.556+0000] {dagbag.py:588} INFO - Filling up the DagBag from /usr/local/python/3.12.1/lib/python3.12/site-packages/airflow/example_dags/plugins/listener_plugin.py
[2026-05-15T15:54:06.558+0000] {processor.py:927} WARNING - No viable dags retrieved from /usr/local/python/3.12.1/lib/python3.12/site-packages/airflow/example_dags/plugins/listener_plugin.py
[2026-05-15T15:54:06.566+0000] {processor.py:208} INFO - Processing /usr/local/python/3.12.1/lib/python3.12/site-packages/airflow/example_dags/plugins/listener_plugin.py took 0.017 seconds
[2026-05-15T15:54:56.148+0000] {processor.py:186} INFO - Started process (PID=15602) to work on /usr/local/python/3.12.1/lib/python3.12/site-packages/airflow/example_dags/plugins/listener_plugin.py
[2026-05-15T15:54:56.148+0000] {processor.py:914} INFO - Processing file /usr/local/python/3.12.1/lib/python3.12/site-packages/airflow/example_dags/plugins/listener_plugin.py for tasks to queue
[2026-05-15T15:54:56.150+0000] {logging_mixin.py:190} INFO - [2026-05-15T15:54:56.150+0000] {dagbag.py:588} INFO - Filling up the DagBag from /usr/local/python/3.12.1/lib/python3.12/site-packages/airflow/example_dags/plugins/listener_plugin.py
[2026-05-15T15:54:56.152+0000] {processor.py:927} WARNING - No viable dags retrieved from /usr/local/python/3.12.1/lib/python3.12/site-packages/airflow/example_dags/plugins/listener_plugin.py
[2026-05-15T15:54:56.160+0000] {processor.py:208} INFO - Processing /usr/local/python/3.12.1/lib/python3.12/site-packages/airflow/example_dags/plugins/listener_plugin.py took 0.016 seconds
[2026-05-15T15:55:45.604+0000] {processor.py:186} INFO - Started process (PID=16087) to work on /usr/local/python/3.12.1/lib/python3.12/site-packages/airflow/example_dags/plugins/listener_plugin.py
[2026-05-15T15:55:45.608+0000] {processor.py:914} INFO - Processing file /usr/local/python/3.12.1/lib/python3.12/site-packages/airflow/example_dags/plugins/listener_plugin.py for tasks to queue
[2026-05-15T15:55:45.619+0000] {logging_mixin.py:190} INFO - [2026-05-15T15:55:45.616+0000] {dagbag.py:588} INFO - Filling up the DagBag from /usr/local/python/3.12.1/lib/python3.12/site-packages/airflow/example_dags/plugins/listener_plugin.py
[2026-05-15T15:55:45.624+0000] {processor.py:927} WARNING - No viable dags retrieved from /usr/local/python/3.12.1/lib/python3.12/site-packages/airflow/example_dags/plugins/listener_plugin.py
[2026-05-15T15:55:45.659+0000] {processor.py:208} INFO - Processing /usr/local/python/3.12.1/lib/python3.12/site-packages/airflow/example_dags/plugins/listener_plugin.py took 0.075 seconds
[2026-05-15T15:56:35.900+0000] {processor.py:186} INFO - Started process (PID=16631) to work on /usr/local/python/3.12.1/lib/python3.12/site-packages/airflow/example_dags/plugins/listener_plugin.py
[2026-05-15T15:56:35.901+0000] {processor.py:914} INFO - Processing file /usr/local/python/3.12.1/lib/python3.12/site-packages/airflow/example_dags/plugins/listener_plugin.py for tasks to queue
[2026-05-15T15:56:35.903+0000] {logging_mixin.py:190} INFO - [2026-05-15T15:56:35.902+0000] {dagbag.py:588} INFO - Filling up the DagBag from /usr/local/python/3.12.1/lib/python3.12/site-packages/airflow/example_dags/plugins/listener_plugin.py
[2026-05-15T15:56:35.904+0000] {processor.py:927} WARNING - No viable dags retrieved from /usr/local/python/3.12.1/lib/python3.12/site-packages/airflow/example_dags/plugins/listener_plugin.py
[2026-05-15T15:56:35.913+0000] {processor.py:208} INFO - Processing /usr/local/python/3.12.1/lib/python3.12/site-packages/airflow/example_dags/plugins/listener_plugin.py took 0.017 seconds
[2026-05-15T15:57:29.747+0000] {processor.py:186} INFO - Started process (PID=17145) to work on /usr/local/python/3.12.1/lib/python3.12/site-packages/airflow/example_dags/plugins/listener_plugin.py
[2026-05-15T15:57:29.747+0000] {processor.py:914} INFO - Processing file /usr/local/python/3.12.1/lib/python3.12/site-packages/airflow/example_dags/plugins/listener_plugin.py for tasks to queue
[2026-05-15T15:57:29.749+0000] {logging_mixin.py:190} INFO - [2026-05-15T15:57:29.748+0000] {dagbag.py:588} INFO - Filling up the DagBag from /usr/local/python/3.12.1/lib/python3.12/site-packages/airflow/example_dags/plugins/listener_plugin.py
[2026-05-15T15:57:29.750+0000] {processor.py:927} WARNING - No viable dags retrieved from /usr/local/python/3.12.1/lib/python3.12/site-packages/airflow/example_dags/plugins/listener_plugin.py
[2026-05-15T15:57:29.758+0000] {processor.py:208} INFO - Processing /usr/local/python/3.12.1/lib/python3.12/site-packages/airflow/example_dags/plugins/listener_plugin.py took 0.016 seconds
[2026-05-15T15:58:43.096+0000] {processor.py:186} INFO - Started process (PID=17991) to work on /usr/local/python/3.12.1/lib/python3.12/site-packages/airflow/example_dags/plugins/listener_plugin.py
[2026-05-15T15:58:43.097+0000] {processor.py:914} INFO - Processing file /usr/local/python/3.12.1/lib/python3.12/site-packages/airflow/example_dags/plugins/listener_plugin.py for tasks to queue
[2026-05-15T15:58:43.099+0000] {logging_mixin.py:190} INFO - [2026-05-15T15:58:43.098+0000] {dagbag.py:588} INFO - Filling up the DagBag from /usr/local/python/3.12.1/lib/python3.12/site-packages/airflow/example_dags/plugins/listener_plugin.py
[2026-05-15T15:58:43.101+0000] {processor.py:927} WARNING - No viable dags retrieved from /usr/local/python/3.12.1/lib/python3.12/site-packages/airflow/example_dags/plugins/listener_plugin.py
[2026-05-15T15:58:43.113+0000] {processor.py:208} INFO - Processing /usr/local/python/3.12.1/lib/python3.12/site-packages/airflow/example_dags/plugins/listener_plugin.py took 0.023 seconds
[2026-05-15T15:59:36.922+0000] {processor.py:186} INFO - Started process (PID=18721) to work on /usr/local/python/3.12.1/lib/python3.12/site-packages/airflow/example_dags/plugins/listener_plugin.py
[2026-05-15T15:59:36.923+0000] {processor.py:914} INFO - Processing file /usr/local/python/3.12.1/lib/python3.12/site-packages/airflow/example_dags/plugins/listener_plugin.py for tasks to queue
[2026-05-15T15:59:36.924+0000] {logging_mixin.py:190} INFO - [2026-05-15T15:59:36.924+0000] {dagbag.py:588} INFO - Filling up the DagBag from /usr/local/python/3.12.1/lib/python3.12/site-packages/airflow/example_dags/plugins/listener_plugin.py
[2026-05-15T15:59:36.926+0000] {processor.py:927} WARNING - No viable dags retrieved from /usr/local/python/3.12.1/lib/python3.12/site-packages/airflow/example_dags/plugins/listener_plugin.py
[2026-05-15T15:59:36.934+0000] {processor.py:208} INFO - Processing /usr/local/python/3.12.1/lib/python3.12/site-packages/airflow/example_dags/plugins/listener_plugin.py took 0.016 seconds
[2026-05-15T16:00:25.488+0000] {processor.py:186} INFO - Started process (PID=19524) to work on /usr/local/python/3.12.1/lib/python3.12/site-packages/airflow/example_dags/plugins/listener_plugin.py
[2026-05-15T16:00:25.488+0000] {processor.py:914} INFO - Processing file /usr/local/python/3.12.1/lib/python3.12/site-packages/airflow/example_dags/plugins/listener_plugin.py for tasks to queue
[2026-05-15T16:00:25.490+0000] {logging_mixin.py:190} INFO - [2026-05-15T16:00:25.490+0000] {dagbag.py:588} INFO - Filling up the DagBag from /usr/local/python/3.12.1/lib/python3.12/site-packages/airflow/example_dags/plugins/listener_plugin.py
[2026-05-15T16:00:25.492+0000] {processor.py:927} WARNING - No viable dags retrieved from /usr/local/python/3.12.1/lib/python3.12/site-packages/airflow/example_dags/plugins/listener_plugin.py
[2026-05-15T16:00:25.500+0000] {processor.py:208} INFO - Processing /usr/local/python/3.12.1/lib/python3.12/site-packages/airflow/example_dags/plugins/listener_plugin.py took 0.017 seconds
[2026-05-15T16:01:10.635+0000] {processor.py:186} INFO - Started process (PID=20084) to work on /usr/local/python/3.12.1/lib/python3.12/site-packages/airflow/example_dags/plugins/listener_plugin.py
[2026-05-15T16:01:10.636+0000] {processor.py:914} INFO - Processing file /usr/local/python/3.12.1/lib/python3.12/site-packages/airflow/example_dags/plugins/listener_plugin.py for tasks to queue
[2026-05-15T16:01:10.638+0000] {logging_mixin.py:190} INFO - [2026-05-15T16:01:10.637+0000] {dagbag.py:588} INFO - Filling up the DagBag from /usr/local/python/3.12.1/lib/python3.12/site-packages/airflow/example_dags/plugins/listener_plugin.py
[2026-05-15T16:01:10.639+0000] {processor.py:927} WARNING - No viable dags retrieved from /usr/local/python/3.12.1/lib/python3.12/site-packages/airflow/example_dags/plugins/listener_plugin.py
[2026-05-15T16:01:10.647+0000] {processor.py:208} INFO - Processing /usr/local/python/3.12.1/lib/python3.12/site-packages/airflow/example_dags/plugins/listener_plugin.py took 0.016 seconds
[2026-05-15T16:01:58.324+0000] {processor.py:186} INFO - Started process (PID=20562) to work on /usr/local/python/3.12.1/lib/python3.12/site-packages/airflow/example_dags/plugins/listener_plugin.py
[2026-05-15T16:01:58.325+0000] {processor.py:914} INFO - Processing file /usr/local/python/3.12.1/lib/python3.12/site-packages/airflow/example_dags/plugins/listener_plugin.py for tasks to queue
[2026-05-15T16:01:58.326+0000] {logging_mixin.py:190} INFO - [2026-05-15T16:01:58.326+0000] {dagbag.py:588} INFO - Filling up the DagBag from /usr/local/python/3.12.1/lib/python3.12/site-packages/airflow/example_dags/plugins/listener_plugin.py
[2026-05-15T16:01:58.328+0000] {processor.py:927} WARNING - No viable dags retrieved from /usr/local/python/3.12.1/lib/python3.12/site-packages/airflow/example_dags/plugins/listener_plugin.py
[2026-05-15T16:01:58.337+0000] {processor.py:208} INFO - Processing /usr/local/python/3.12.1/lib/python3.12/site-packages/airflow/example_dags/plugins/listener_plugin.py took 0.017 seconds
[2026-05-15T16:02:50.462+0000] {processor.py:186} INFO - Started process (PID=21145) to work on /usr/local/python/3.12.1/lib/python3.12/site-packages/airflow/example_dags/plugins/listener_plugin.py
[2026-05-15T16:02:50.463+0000] {processor.py:914} INFO - Processing file /usr/local/python/3.12.1/lib/python3.12/site-packages/airflow/example_dags/plugins/listener_plugin.py for tasks to queue
[2026-05-15T16:02:50.464+0000] {logging_mixin.py:190} INFO - [2026-05-15T16:02:50.464+0000] {dagbag.py:588} INFO - Filling up the DagBag from /usr/local/python/3.12.1/lib/python3.12/site-packages/airflow/example_dags/plugins/listener_plugin.py
[2026-05-15T16:02:50.466+0000] {processor.py:927} WARNING - No viable dags retrieved from /usr/local/python/3.12.1/lib/python3.12/site-packages/airflow/example_dags/plugins/listener_plugin.py
[2026-05-15T16:02:50.475+0000] {processor.py:208} INFO - Processing /usr/local/python/3.12.1/lib/python3.12/site-packages/airflow/example_dags/plugins/listener_plugin.py took 0.017 seconds
[2026-05-15T16:03:40.708+0000] {processor.py:186} INFO - Started process (PID=21545) to work on /usr/local/python/3.12.1/lib/python3.12/site-packages/airflow/example_dags/plugins/listener_plugin.py
[2026-05-15T16:03:40.709+0000] {processor.py:914} INFO - Processing file /usr/local/python/3.12.1/lib/python3.12/site-packages/airflow/example_dags/plugins/listener_plugin.py for tasks to queue
[2026-05-15T16:03:40.711+0000] {logging_mixin.py:190} INFO - [2026-05-15T16:03:40.710+0000] {dagbag.py:588} INFO - Filling up the DagBag from /usr/local/python/3.12.1/lib/python3.12/site-packages/airflow/example_dags/plugins/listener_plugin.py
[2026-05-15T16:03:40.712+0000] {processor.py:927} WARNING - No viable dags retrieved from /usr/local/python/3.12.1/lib/python3.12/site-packages/airflow/example_dags/plugins/listener_plugin.py
[2026-05-15T16:03:40.721+0000] {processor.py:208} INFO - Processing /usr/local/python/3.12.1/lib/python3.12/site-packages/airflow/example_dags/plugins/listener_plugin.py took 0.017 seconds
[2026-05-15T16:04:28.030+0000] {processor.py:186} INFO - Started process (PID=22022) to work on /usr/local/python/3.12.1/lib/python3.12/site-packages/airflow/example_dags/plugins/listener_plugin.py
[2026-05-15T16:04:28.030+0000] {processor.py:914} INFO - Processing file /usr/local/python/3.12.1/lib/python3.12/site-packages/airflow/example_dags/plugins/listener_plugin.py for tasks to queue
[2026-05-15T16:04:28.032+0000] {logging_mixin.py:190} INFO - [2026-05-15T16:04:28.031+0000] {dagbag.py:588} INFO - Filling up the DagBag from /usr/local/python/3.12.1/lib/python3.12/site-packages/airflow/example_dags/plugins/listener_plugin.py
[2026-05-15T16:04:28.033+0000] {processor.py:927} WARNING - No viable dags retrieved from /usr/local/python/3.12.1/lib/python3.12/site-packages/airflow/example_dags/plugins/listener_plugin.py
[2026-05-15T16:04:28.042+0000] {processor.py:208} INFO - Processing /usr/local/python/3.12.1/lib/python3.12/site-packages/airflow/example_dags/plugins/listener_plugin.py took 0.016 seconds
[2026-05-15T16:05:15.388+0000] {processor.py:186} INFO - Started process (PID=22459) to work on /usr/local/python/3.12.1/lib/python3.12/site-packages/airflow/example_dags/plugins/listener_plugin.py
[2026-05-15T16:05:15.389+0000] {processor.py:914} INFO - Processing file /usr/local/python/3.12.1/lib/python3.12/site-packages/airflow/example_dags/plugins/listener_plugin.py for tasks to queue
[2026-05-15T16:05:15.391+0000] {logging_mixin.py:190} INFO - [2026-05-15T16:05:15.391+0000] {dagbag.py:588} INFO - Filling up the DagBag from /usr/local/python/3.12.1/lib/python3.12/site-packages/airflow/example_dags/plugins/listener_plugin.py
[2026-05-15T16:05:15.392+0000] {processor.py:927} WARNING - No viable dags retrieved from /usr/local/python/3.12.1/lib/python3.12/site-packages/airflow/example_dags/plugins/listener_plugin.py
[2026-05-15T16:05:15.401+0000] {processor.py:208} INFO - Processing /usr/local/python/3.12.1/lib/python3.12/site-packages/airflow/example_dags/plugins/listener_plugin.py took 0.017 seconds
[2026-05-15T16:06:06.948+0000] {processor.py:186} INFO - Started process (PID=22909) to work on /usr/local/python/3.12.1/lib/python3.12/site-packages/airflow/example_dags/plugins/listener_plugin.py
[2026-05-15T16:06:06.948+0000] {processor.py:914} INFO - Processing file /usr/local/python/3.12.1/lib/python3.12/site-packages/airflow/example_dags/plugins/listener_plugin.py for tasks to queue
[2026-05-15T16:06:06.950+0000] {logging_mixin.py:190} INFO - [2026-05-15T16:06:06.950+0000] {dagbag.py:588} INFO - Filling up the DagBag from /usr/local/python/3.12.1/lib/python3.12/site-packages/airflow/example_dags/plugins/listener_plugin.py
[2026-05-15T16:06:06.952+0000] {processor.py:927} WARNING - No viable dags retrieved from /usr/local/python/3.12.1/lib/python3.12/site-packages/airflow/example_dags/plugins/listener_plugin.py
[2026-05-15T16:06:06.960+0000] {processor.py:208} INFO - Processing /usr/local/python/3.12.1/lib/python3.12/site-packages/airflow/example_dags/plugins/listener_plugin.py took 0.017 seconds
[2026-05-15T16:06:57.377+0000] {processor.py:186} INFO - Started process (PID=23359) to work on /usr/local/python/3.12.1/lib/python3.12/site-packages/airflow/example_dags/plugins/listener_plugin.py
[2026-05-15T16:06:57.378+0000] {processor.py:914} INFO - Processing file /usr/local/python/3.12.1/lib/python3.12/site-packages/airflow/example_dags/plugins/listener_plugin.py for tasks to queue
[2026-05-15T16:06:57.379+0000] {logging_mixin.py:190} INFO - [2026-05-15T16:06:57.379+0000] {dagbag.py:588} INFO - Filling up the DagBag from /usr/local/python/3.12.1/lib/python3.12/site-packages/airflow/example_dags/plugins/listener_plugin.py
[2026-05-15T16:06:57.381+0000] {processor.py:927} WARNING - No viable dags retrieved from /usr/local/python/3.12.1/lib/python3.12/site-packages/airflow/example_dags/plugins/listener_plugin.py
[2026-05-15T16:06:57.390+0000] {processor.py:208} INFO - Processing /usr/local/python/3.12.1/lib/python3.12/site-packages/airflow/example_dags/plugins/listener_plugin.py took 0.017 seconds
[2026-05-15T16:07:47.803+0000] {processor.py:186} INFO - Started process (PID=23805) to work on /usr/local/python/3.12.1/lib/python3.12/site-packages/airflow/example_dags/plugins/listener_plugin.py
[2026-05-15T16:07:47.804+0000] {processor.py:914} INFO - Processing file /usr/local/python/3.12.1/lib/python3.12/site-packages/airflow/example_dags/plugins/listener_plugin.py for tasks to queue
[2026-05-15T16:07:47.805+0000] {logging_mixin.py:190} INFO - [2026-05-15T16:07:47.805+0000] {dagbag.py:588} INFO - Filling up the DagBag from /usr/local/python/3.12.1/lib/python3.12/site-packages/airflow/example_dags/plugins/listener_plugin.py
[2026-05-15T16:07:47.807+0000] {processor.py:927} WARNING - No viable dags retrieved from /usr/local/python/3.12.1/lib/python3.12/site-packages/airflow/example_dags/plugins/listener_plugin.py
[2026-05-15T16:07:47.815+0000] {processor.py:208} INFO - Processing /usr/local/python/3.12.1/lib/python3.12/site-packages/airflow/example_dags/plugins/listener_plugin.py took 0.016 seconds
[2026-05-15T16:08:34.878+0000] {processor.py:186} INFO - Started process (PID=24178) to work on /usr/local/python/3.12.1/lib/python3.12/site-packages/airflow/example_dags/plugins/listener_plugin.py
[2026-05-15T16:08:34.879+0000] {processor.py:914} INFO - Processing file /usr/local/python/3.12.1/lib/python3.12/site-packages/airflow/example_dags/plugins/listener_plugin.py for tasks to queue
[2026-05-15T16:08:34.881+0000] {logging_mixin.py:190} INFO - [2026-05-15T16:08:34.880+0000] {dagbag.py:588} INFO - Filling up the DagBag from /usr/local/python/3.12.1/lib/python3.12/site-packages/airflow/example_dags/plugins/listener_plugin.py
[2026-05-15T16:08:34.882+0000] {processor.py:927} WARNING - No viable dags retrieved from /usr/local/python/3.12.1/lib/python3.12/site-packages/airflow/example_dags/plugins/listener_plugin.py
[2026-05-15T16:08:34.890+0000] {processor.py:208} INFO - Processing /usr/local/python/3.12.1/lib/python3.12/site-packages/airflow/example_dags/plugins/listener_plugin.py took 0.016 seconds
[2026-05-15T16:09:21.477+0000] {processor.py:186} INFO - Started process (PID=24650) to work on /usr/local/python/3.12.1/lib/python3.12/site-packages/airflow/example_dags/plugins/listener_plugin.py
[2026-05-15T16:09:21.478+0000] {processor.py:914} INFO - Processing file /usr/local/python/3.12.1/lib/python3.12/site-packages/airflow/example_dags/plugins/listener_plugin.py for tasks to queue
[2026-05-15T16:09:21.480+0000] {logging_mixin.py:190} INFO - [2026-05-15T16:09:21.480+0000] {dagbag.py:588} INFO - Filling up the DagBag from /usr/local/python/3.12.1/lib/python3.12/site-packages/airflow/example_dags/plugins/listener_plugin.py
[2026-05-15T16:09:21.482+0000] {processor.py:927} WARNING - No viable dags retrieved from /usr/local/python/3.12.1/lib/python3.12/site-packages/airflow/example_dags/plugins/listener_plugin.py
[2026-05-15T16:09:21.490+0000] {processor.py:208} INFO - Processing /usr/local/python/3.12.1/lib/python3.12/site-packages/airflow/example_dags/plugins/listener_plugin.py took 0.018 seconds
[2026-05-15T16:10:14.565+0000] {processor.py:186} INFO - Started process (PID=25111) to work on /usr/local/python/3.12.1/lib/python3.12/site-packages/airflow/example_dags/plugins/listener_plugin.py
[2026-05-15T16:10:14.566+0000] {processor.py:914} INFO - Processing file /usr/local/python/3.12.1/lib/python3.12/site-packages/airflow/example_dags/plugins/listener_plugin.py for tasks to queue
[2026-05-15T16:10:14.567+0000] {logging_mixin.py:190} INFO - [2026-05-15T16:10:14.567+0000] {dagbag.py:588} INFO - Filling up the DagBag from /usr/local/python/3.12.1/lib/python3.12/site-packages/airflow/example_dags/plugins/listener_plugin.py
[2026-05-15T16:10:14.569+0000] {processor.py:927} WARNING - No viable dags retrieved from /usr/local/python/3.12.1/lib/python3.12/site-packages/airflow/example_dags/plugins/listener_plugin.py
[2026-05-15T16:10:14.577+0000] {processor.py:208} INFO - Processing /usr/local/python/3.12.1/lib/python3.12/site-packages/airflow/example_dags/plugins/listener_plugin.py took 0.017 seconds
[2026-05-15T16:11:03.403+0000] {processor.py:186} INFO - Started process (PID=25551) to work on /usr/local/python/3.12.1/lib/python3.12/site-packages/airflow/example_dags/plugins/listener_plugin.py
[2026-05-15T16:11:03.404+0000] {processor.py:914} INFO - Processing file /usr/local/python/3.12.1/lib/python3.12/site-packages/airflow/example_dags/plugins/listener_plugin.py for tasks to queue
[2026-05-15T16:11:03.405+0000] {logging_mixin.py:190} INFO - [2026-05-15T16:11:03.405+0000] {dagbag.py:588} INFO - Filling up the DagBag from /usr/local/python/3.12.1/lib/python3.12/site-packages/airflow/example_dags/plugins/listener_plugin.py
[2026-05-15T16:11:03.407+0000] {processor.py:927} WARNING - No viable dags retrieved from /usr/local/python/3.12.1/lib/python3.12/site-packages/airflow/example_dags/plugins/listener_plugin.py
[2026-05-15T16:11:03.415+0000] {processor.py:208} INFO - Processing /usr/local/python/3.12.1/lib/python3.12/site-packages/airflow/example_dags/plugins/listener_plugin.py took 0.016 seconds
[2026-05-15T16:11:48.856+0000] {processor.py:186} INFO - Started process (PID=25978) to work on /usr/local/python/3.12.1/lib/python3.12/site-packages/airflow/example_dags/plugins/listener_plugin.py
[2026-05-15T16:11:48.857+0000] {processor.py:914} INFO - Processing file /usr/local/python/3.12.1/lib/python3.12/site-packages/airflow/example_dags/plugins/listener_plugin.py for tasks to queue
[2026-05-15T16:11:48.858+0000] {logging_mixin.py:190} INFO - [2026-05-15T16:11:48.858+0000] {dagbag.py:588} INFO - Filling up the DagBag from /usr/local/python/3.12.1/lib/python3.12/site-packages/airflow/example_dags/plugins/listener_plugin.py
[2026-05-15T16:11:48.860+0000] {processor.py:927} WARNING - No viable dags retrieved from /usr/local/python/3.12.1/lib/python3.12/site-packages/airflow/example_dags/plugins/listener_plugin.py
[2026-05-15T16:11:48.869+0000] {processor.py:208} INFO - Processing /usr/local/python/3.12.1/lib/python3.12/site-packages/airflow/example_dags/plugins/listener_plugin.py took 0.016 seconds
[2026-05-15T16:12:36.925+0000] {processor.py:186} INFO - Started process (PID=26329) to work on /usr/local/python/3.12.1/lib/python3.12/site-packages/airflow/example_dags/plugins/listener_plugin.py
[2026-05-15T16:12:36.926+0000] {processor.py:914} INFO - Processing file /usr/local/python/3.12.1/lib/python3.12/site-packages/airflow/example_dags/plugins/listener_plugin.py for tasks to queue
[2026-05-15T16:12:36.927+0000] {logging_mixin.py:190} INFO - [2026-05-15T16:12:36.927+0000] {dagbag.py:588} INFO - Filling up the DagBag from /usr/local/python/3.12.1/lib/python3.12/site-packages/airflow/example_dags/plugins/listener_plugin.py
[2026-05-15T16:12:36.929+0000] {processor.py:927} WARNING - No viable dags retrieved from /usr/local/python/3.12.1/lib/python3.12/site-packages/airflow/example_dags/plugins/listener_plugin.py
[2026-05-15T16:12:36.937+0000] {processor.py:208} INFO - Processing /usr/local/python/3.12.1/lib/python3.12/site-packages/airflow/example_dags/plugins/listener_plugin.py took 0.017 seconds
[2026-05-15T16:13:22.861+0000] {processor.py:186} INFO - Started process (PID=26756) to work on /usr/local/python/3.12.1/lib/python3.12/site-packages/airflow/example_dags/plugins/listener_plugin.py
[2026-05-15T16:13:22.861+0000] {processor.py:914} INFO - Processing file /usr/local/python/3.12.1/lib/python3.12/site-packages/airflow/example_dags/plugins/listener_plugin.py for tasks to queue
[2026-05-15T16:13:22.863+0000] {logging_mixin.py:190} INFO - [2026-05-15T16:13:22.863+0000] {dagbag.py:588} INFO - Filling up the DagBag from /usr/local/python/3.12.1/lib/python3.12/site-packages/airflow/example_dags/plugins/listener_plugin.py
[2026-05-15T16:13:22.865+0000] {processor.py:927} WARNING - No viable dags retrieved from /usr/local/python/3.12.1/lib/python3.12/site-packages/airflow/example_dags/plugins/listener_plugin.py
[2026-05-15T16:13:22.873+0000] {processor.py:208} INFO - Processing /usr/local/python/3.12.1/lib/python3.12/site-packages/airflow/example_dags/plugins/listener_plugin.py took 0.016 seconds
[2026-05-15T16:14:10.680+0000] {processor.py:186} INFO - Started process (PID=27248) to work on /usr/local/python/3.12.1/lib/python3.12/site-packages/airflow/example_dags/plugins/listener_plugin.py
[2026-05-15T16:14:10.681+0000] {processor.py:914} INFO - Processing file /usr/local/python/3.12.1/lib/python3.12/site-packages/airflow/example_dags/plugins/listener_plugin.py for tasks to queue
[2026-05-15T16:14:10.683+0000] {logging_mixin.py:190} INFO - [2026-05-15T16:14:10.682+0000] {dagbag.py:588} INFO - Filling up the DagBag from /usr/local/python/3.12.1/lib/python3.12/site-packages/airflow/example_dags/plugins/listener_plugin.py
[2026-05-15T16:14:10.684+0000] {processor.py:927} WARNING - No viable dags retrieved from /usr/local/python/3.12.1/lib/python3.12/site-packages/airflow/example_dags/plugins/listener_plugin.py
[2026-05-15T16:14:10.692+0000] {processor.py:208} INFO - Processing /usr/local/python/3.12.1/lib/python3.12/site-packages/airflow/example_dags/plugins/listener_plugin.py took 0.016 seconds
[2026-05-15T16:14:59.959+0000] {processor.py:186} INFO - Started process (PID=27692) to work on /usr/local/python/3.12.1/lib/python3.12/site-packages/airflow/example_dags/plugins/listener_plugin.py
[2026-05-15T16:14:59.960+0000] {processor.py:914} INFO - Processing file /usr/local/python/3.12.1/lib/python3.12/site-packages/airflow/example_dags/plugins/listener_plugin.py for tasks to queue
[2026-05-15T16:14:59.961+0000] {logging_mixin.py:190} INFO - [2026-05-15T16:14:59.961+0000] {dagbag.py:588} INFO - Filling up the DagBag from /usr/local/python/3.12.1/lib/python3.12/site-packages/airflow/example_dags/plugins/listener_plugin.py
[2026-05-15T16:14:59.963+0000] {processor.py:927} WARNING - No viable dags retrieved from /usr/local/python/3.12.1/lib/python3.12/site-packages/airflow/example_dags/plugins/listener_plugin.py
[2026-05-15T16:14:59.971+0000] {processor.py:208} INFO - Processing /usr/local/python/3.12.1/lib/python3.12/site-packages/airflow/example_dags/plugins/listener_plugin.py took 0.016 seconds
[2026-05-15T16:15:45.815+0000] {processor.py:186} INFO - Started process (PID=28104) to work on /usr/local/python/3.12.1/lib/python3.12/site-packages/airflow/example_dags/plugins/listener_plugin.py
[2026-05-15T16:15:45.816+0000] {processor.py:914} INFO - Processing file /usr/local/python/3.12.1/lib/python3.12/site-packages/airflow/example_dags/plugins/listener_plugin.py for tasks to queue
[2026-05-15T16:15:45.818+0000] {logging_mixin.py:190} INFO - [2026-05-15T16:15:45.817+0000] {dagbag.py:588} INFO - Filling up the DagBag from /usr/local/python/3.12.1/lib/python3.12/site-packages/airflow/example_dags/plugins/listener_plugin.py
[2026-05-15T16:15:45.819+0000] {processor.py:927} WARNING - No viable dags retrieved from /usr/local/python/3.12.1/lib/python3.12/site-packages/airflow/example_dags/plugins/listener_plugin.py
[2026-05-15T16:15:45.827+0000] {processor.py:208} INFO - Processing /usr/local/python/3.12.1/lib/python3.12/site-packages/airflow/example_dags/plugins/listener_plugin.py took 0.016 seconds
[2026-05-15T16:16:33.653+0000] {processor.py:186} INFO - Started process (PID=28481) to work on /usr/local/python/3.12.1/lib/python3.12/site-packages/airflow/example_dags/plugins/listener_plugin.py
[2026-05-15T16:16:33.654+0000] {processor.py:914} INFO - Processing file /usr/local/python/3.12.1/lib/python3.12/site-packages/airflow/example_dags/plugins/listener_plugin.py for tasks to queue
[2026-05-15T16:16:33.656+0000] {logging_mixin.py:190} INFO - [2026-05-15T16:16:33.655+0000] {dagbag.py:588} INFO - Filling up the DagBag from /usr/local/python/3.12.1/lib/python3.12/site-packages/airflow/example_dags/plugins/listener_plugin.py
[2026-05-15T16:16:33.657+0000] {processor.py:927} WARNING - No viable dags retrieved from /usr/local/python/3.12.1/lib/python3.12/site-packages/airflow/example_dags/plugins/listener_plugin.py
[2026-05-15T16:16:33.665+0000] {processor.py:208} INFO - Processing /usr/local/python/3.12.1/lib/python3.12/site-packages/airflow/example_dags/plugins/listener_plugin.py took 0.016 seconds
[2026-05-15T16:17:19.970+0000] {processor.py:186} INFO - Started process (PID=28886) to work on /usr/local/python/3.12.1/lib/python3.12/site-packages/airflow/example_dags/plugins/listener_plugin.py
[2026-05-15T16:17:19.971+0000] {processor.py:914} INFO - Processing file /usr/local/python/3.12.1/lib/python3.12/site-packages/airflow/example_dags/plugins/listener_plugin.py for tasks to queue
[2026-05-15T16:17:19.973+0000] {logging_mixin.py:190} INFO - [2026-05-15T16:17:19.972+0000] {dagbag.py:588} INFO - Filling up the DagBag from /usr/local/python/3.12.1/lib/python3.12/site-packages/airflow/example_dags/plugins/listener_plugin.py
[2026-05-15T16:17:19.974+0000] {processor.py:927} WARNING - No viable dags retrieved from /usr/local/python/3.12.1/lib/python3.12/site-packages/airflow/example_dags/plugins/listener_plugin.py
[2026-05-15T16:17:19.982+0000] {processor.py:208} INFO - Processing /usr/local/python/3.12.1/lib/python3.12/site-packages/airflow/example_dags/plugins/listener_plugin.py took 0.016 seconds
[2026-05-15T16:18:11.658+0000] {processor.py:186} INFO - Started process (PID=29368) to work on /usr/local/python/3.12.1/lib/python3.12/site-packages/airflow/example_dags/plugins/listener_plugin.py
[2026-05-15T16:18:11.659+0000] {processor.py:914} INFO - Processing file /usr/local/python/3.12.1/lib/python3.12/site-packages/airflow/example_dags/plugins/listener_plugin.py for tasks to queue
[2026-05-15T16:18:11.662+0000] {logging_mixin.py:190} INFO - [2026-05-15T16:18:11.661+0000] {dagbag.py:588} INFO - Filling up the DagBag from /usr/local/python/3.12.1/lib/python3.12/site-packages/airflow/example_dags/plugins/listener_plugin.py
[2026-05-15T16:18:11.665+0000] {processor.py:927} WARNING - No viable dags retrieved from /usr/local/python/3.12.1/lib/python3.12/site-packages/airflow/example_dags/plugins/listener_plugin.py
[2026-05-15T16:18:11.690+0000] {processor.py:208} INFO - Processing /usr/local/python/3.12.1/lib/python3.12/site-packages/airflow/example_dags/plugins/listener_plugin.py took 0.039 seconds
[2026-05-15T16:19:04.162+0000] {processor.py:186} INFO - Started process (PID=29952) to work on /usr/local/python/3.12.1/lib/python3.12/site-packages/airflow/example_dags/plugins/listener_plugin.py
[2026-05-15T16:19:04.162+0000] {processor.py:914} INFO - Processing file /usr/local/python/3.12.1/lib/python3.12/site-packages/airflow/example_dags/plugins/listener_plugin.py for tasks to queue
[2026-05-15T16:19:04.164+0000] {logging_mixin.py:190} INFO - [2026-05-15T16:19:04.164+0000] {dagbag.py:588} INFO - Filling up the DagBag from /usr/local/python/3.12.1/lib/python3.12/site-packages/airflow/example_dags/plugins/listener_plugin.py
[2026-05-15T16:19:04.165+0000] {processor.py:927} WARNING - No viable dags retrieved from /usr/local/python/3.12.1/lib/python3.12/site-packages/airflow/example_dags/plugins/listener_plugin.py
[2026-05-15T16:19:04.174+0000] {processor.py:208} INFO - Processing /usr/local/python/3.12.1/lib/python3.12/site-packages/airflow/example_dags/plugins/listener_plugin.py took 0.016 seconds
[2026-05-15T16:19:50.956+0000] {processor.py:186} INFO - Started process (PID=30399) to work on /usr/local/python/3.12.1/lib/python3.12/site-packages/airflow/example_dags/plugins/listener_plugin.py
[2026-05-15T16:19:50.957+0000] {processor.py:914} INFO - Processing file /usr/local/python/3.12.1/lib/python3.12/site-packages/airflow/example_dags/plugins/listener_plugin.py for tasks to queue
[2026-05-15T16:19:50.959+0000] {logging_mixin.py:190} INFO - [2026-05-15T16:19:50.958+0000] {dagbag.py:588} INFO - Filling up the DagBag from /usr/local/python/3.12.1/lib/python3.12/site-packages/airflow/example_dags/plugins/listener_plugin.py
[2026-05-15T16:19:50.960+0000] {processor.py:927} WARNING - No viable dags retrieved from /usr/local/python/3.12.1/lib/python3.12/site-packages/airflow/example_dags/plugins/listener_plugin.py
[2026-05-15T16:19:50.969+0000] {processor.py:208} INFO - Processing /usr/local/python/3.12.1/lib/python3.12/site-packages/airflow/example_dags/plugins/listener_plugin.py took 0.016 seconds
[2026-05-15T16:20:42.249+0000] {processor.py:186} INFO - Started process (PID=30857) to work on /usr/local/python/3.12.1/lib/python3.12/site-packages/airflow/example_dags/plugins/listener_plugin.py
[2026-05-15T16:20:42.250+0000] {processor.py:914} INFO - Processing file /usr/local/python/3.12.1/lib/python3.12/site-packages/airflow/example_dags/plugins/listener_plugin.py for tasks to queue
[2026-05-15T16:20:42.252+0000] {logging_mixin.py:190} INFO - [2026-05-15T16:20:42.251+0000] {dagbag.py:588} INFO - Filling up the DagBag from /usr/local/python/3.12.1/lib/python3.12/site-packages/airflow/example_dags/plugins/listener_plugin.py
[2026-05-15T16:20:42.253+0000] {processor.py:927} WARNING - No viable dags retrieved from /usr/local/python/3.12.1/lib/python3.12/site-packages/airflow/example_dags/plugins/listener_plugin.py
[2026-05-15T16:20:42.262+0000] {processor.py:208} INFO - Processing /usr/local/python/3.12.1/lib/python3.12/site-packages/airflow/example_dags/plugins/listener_plugin.py took 0.016 seconds
[2026-05-15T16:21:29.233+0000] {processor.py:186} INFO - Started process (PID=31298) to work on /usr/local/python/3.12.1/lib/python3.12/site-packages/airflow/example_dags/plugins/listener_plugin.py
[2026-05-15T16:21:29.233+0000] {processor.py:914} INFO - Processing file /usr/local/python/3.12.1/lib/python3.12/site-packages/airflow/example_dags/plugins/listener_plugin.py for tasks to queue
[2026-05-15T16:21:29.235+0000] {logging_mixin.py:190} INFO - [2026-05-15T16:21:29.235+0000] {dagbag.py:588} INFO - Filling up the DagBag from /usr/local/python/3.12.1/lib/python3.12/site-packages/airflow/example_dags/plugins/listener_plugin.py
[2026-05-15T16:21:29.237+0000] {processor.py:927} WARNING - No viable dags retrieved from /usr/local/python/3.12.1/lib/python3.12/site-packages/airflow/example_dags/plugins/listener_plugin.py
[2026-05-15T16:21:29.245+0000] {processor.py:208} INFO - Processing /usr/local/python/3.12.1/lib/python3.12/site-packages/airflow/example_dags/plugins/listener_plugin.py took 0.017 seconds
[2026-05-15T16:22:19.957+0000] {processor.py:186} INFO - Started process (PID=31789) to work on /usr/local/python/3.12.1/lib/python3.12/site-packages/airflow/example_dags/plugins/listener_plugin.py
[2026-05-15T16:22:19.958+0000] {processor.py:914} INFO - Processing file /usr/local/python/3.12.1/lib/python3.12/site-packages/airflow/example_dags/plugins/listener_plugin.py for tasks to queue
[2026-05-15T16:22:19.963+0000] {logging_mixin.py:190} INFO - [2026-05-15T16:22:19.962+0000] {dagbag.py:588} INFO - Filling up the DagBag from /usr/local/python/3.12.1/lib/python3.12/site-packages/airflow/example_dags/plugins/listener_plugin.py
[2026-05-15T16:22:19.965+0000] {processor.py:927} WARNING - No viable dags retrieved from /usr/local/python/3.12.1/lib/python3.12/site-packages/airflow/example_dags/plugins/listener_plugin.py
[2026-05-15T16:22:19.990+0000] {processor.py:208} INFO - Processing /usr/local/python/3.12.1/lib/python3.12/site-packages/airflow/example_dags/plugins/listener_plugin.py took 0.039 seconds
[2026-05-15T16:23:08.573+0000] {processor.py:186} INFO - Started process (PID=32274) to work on /usr/local/python/3.12.1/lib/python3.12/site-packages/airflow/example_dags/plugins/listener_plugin.py
[2026-05-15T16:23:08.574+0000] {processor.py:914} INFO - Processing file /usr/local/python/3.12.1/lib/python3.12/site-packages/airflow/example_dags/plugins/listener_plugin.py for tasks to queue
[2026-05-15T16:23:08.575+0000] {logging_mixin.py:190} INFO - [2026-05-15T16:23:08.575+0000] {dagbag.py:588} INFO - Filling up the DagBag from /usr/local/python/3.12.1/lib/python3.12/site-packages/airflow/example_dags/plugins/listener_plugin.py
[2026-05-15T16:23:08.577+0000] {processor.py:927} WARNING - No viable dags retrieved from /usr/local/python/3.12.1/lib/python3.12/site-packages/airflow/example_dags/plugins/listener_plugin.py
[2026-05-15T16:23:08.585+0000] {processor.py:208} INFO - Processing /usr/local/python/3.12.1/lib/python3.12/site-packages/airflow/example_dags/plugins/listener_plugin.py took 0.017 seconds
[2026-05-15T16:23:56.583+0000] {processor.py:186} INFO - Started process (PID=32780) to work on /usr/local/python/3.12.1/lib/python3.12/site-packages/airflow/example_dags/plugins/listener_plugin.py
[2026-05-15T16:23:56.584+0000] {processor.py:914} INFO - Processing file /usr/local/python/3.12.1/lib/python3.12/site-packages/airflow/example_dags/plugins/listener_plugin.py for tasks to queue
[2026-05-15T16:23:56.585+0000] {logging_mixin.py:190} INFO - [2026-05-15T16:23:56.585+0000] {dagbag.py:588} INFO - Filling up the DagBag from /usr/local/python/3.12.1/lib/python3.12/site-packages/airflow/example_dags/plugins/listener_plugin.py
[2026-05-15T16:23:56.587+0000] {processor.py:927} WARNING - No viable dags retrieved from /usr/local/python/3.12.1/lib/python3.12/site-packages/airflow/example_dags/plugins/listener_plugin.py
[2026-05-15T16:23:56.595+0000] {processor.py:208} INFO - Processing /usr/local/python/3.12.1/lib/python3.12/site-packages/airflow/example_dags/plugins/listener_plugin.py took 0.016 seconds
[2026-05-15T16:24:43.940+0000] {processor.py:186} INFO - Started process (PID=33286) to work on /usr/local/python/3.12.1/lib/python3.12/site-packages/airflow/example_dags/plugins/listener_plugin.py
[2026-05-15T16:24:43.941+0000] {processor.py:914} INFO - Processing file /usr/local/python/3.12.1/lib/python3.12/site-packages/airflow/example_dags/plugins/listener_plugin.py for tasks to queue
[2026-05-15T16:24:43.946+0000] {logging_mixin.py:190} INFO - [2026-05-15T16:24:43.943+0000] {dagbag.py:588} INFO - Filling up the DagBag from /usr/local/python/3.12.1/lib/python3.12/site-packages/airflow/example_dags/plugins/listener_plugin.py
[2026-05-15T16:24:43.951+0000] {processor.py:927} WARNING - No viable dags retrieved from /usr/local/python/3.12.1/lib/python3.12/site-packages/airflow/example_dags/plugins/listener_plugin.py
[2026-05-15T16:24:43.964+0000] {processor.py:208} INFO - Processing /usr/local/python/3.12.1/lib/python3.12/site-packages/airflow/example_dags/plugins/listener_plugin.py took 0.035 seconds
[2026-05-15T16:25:29.090+0000] {processor.py:186} INFO - Started process (PID=33836) to work on /usr/local/python/3.12.1/lib/python3.12/site-packages/airflow/example_dags/plugins/listener_plugin.py
[2026-05-15T16:25:29.091+0000] {processor.py:914} INFO - Processing file /usr/local/python/3.12.1/lib/python3.12/site-packages/airflow/example_dags/plugins/listener_plugin.py for tasks to queue
[2026-05-15T16:25:29.093+0000] {logging_mixin.py:190} INFO - [2026-05-15T16:25:29.093+0000] {dagbag.py:588} INFO - Filling up the DagBag from /usr/local/python/3.12.1/lib/python3.12/site-packages/airflow/example_dags/plugins/listener_plugin.py
[2026-05-15T16:25:29.095+0000] {processor.py:927} WARNING - No viable dags retrieved from /usr/local/python/3.12.1/lib/python3.12/site-packages/airflow/example_dags/plugins/listener_plugin.py
[2026-05-15T16:25:29.103+0000] {processor.py:208} INFO - Processing /usr/local/python/3.12.1/lib/python3.12/site-packages/airflow/example_dags/plugins/listener_plugin.py took 0.017 seconds
[2026-05-15T16:26:22.026+0000] {processor.py:186} INFO - Started process (PID=34597) to work on /usr/local/python/3.12.1/lib/python3.12/site-packages/airflow/example_dags/plugins/listener_plugin.py
[2026-05-15T16:26:22.027+0000] {processor.py:914} INFO - Processing file /usr/local/python/3.12.1/lib/python3.12/site-packages/airflow/example_dags/plugins/listener_plugin.py for tasks to queue
[2026-05-15T16:26:22.028+0000] {logging_mixin.py:190} INFO - [2026-05-15T16:26:22.028+0000] {dagbag.py:588} INFO - Filling up the DagBag from /usr/local/python/3.12.1/lib/python3.12/site-packages/airflow/example_dags/plugins/listener_plugin.py
[2026-05-15T16:26:22.030+0000] {processor.py:927} WARNING - No viable dags retrieved from /usr/local/python/3.12.1/lib/python3.12/site-packages/airflow/example_dags/plugins/listener_plugin.py
[2026-05-15T16:26:22.040+0000] {processor.py:208} INFO - Processing /usr/local/python/3.12.1/lib/python3.12/site-packages/airflow/example_dags/plugins/listener_plugin.py took 0.018 seconds
[2026-05-15T16:27:15.142+0000] {processor.py:186} INFO - Started process (PID=35315) to work on /usr/local/python/3.12.1/lib/python3.12/site-packages/airflow/example_dags/plugins/listener_plugin.py
[2026-05-15T16:27:15.143+0000] {processor.py:914} INFO - Processing file /usr/local/python/3.12.1/lib/python3.12/site-packages/airflow/example_dags/plugins/listener_plugin.py for tasks to queue
[2026-05-15T16:27:15.145+0000] {logging_mixin.py:190} INFO - [2026-05-15T16:27:15.144+0000] {dagbag.py:588} INFO - Filling up the DagBag from /usr/local/python/3.12.1/lib/python3.12/site-packages/airflow/example_dags/plugins/listener_plugin.py
[2026-05-15T16:27:15.146+0000] {processor.py:927} WARNING - No viable dags retrieved from /usr/local/python/3.12.1/lib/python3.12/site-packages/airflow/example_dags/plugins/listener_plugin.py
[2026-05-15T16:27:15.154+0000] {processor.py:208} INFO - Processing /usr/local/python/3.12.1/lib/python3.12/site-packages/airflow/example_dags/plugins/listener_plugin.py took 0.016 seconds
[2026-05-15T16:28:08.150+0000] {processor.py:186} INFO - Started process (PID=35807) to work on /usr/local/python/3.12.1/lib/python3.12/site-packages/airflow/example_dags/plugins/listener_plugin.py
[2026-05-15T16:28:08.151+0000] {processor.py:914} INFO - Processing file /usr/local/python/3.12.1/lib/python3.12/site-packages/airflow/example_dags/plugins/listener_plugin.py for tasks to queue
[2026-05-15T16:28:08.153+0000] {logging_mixin.py:190} INFO - [2026-05-15T16:28:08.152+0000] {dagbag.py:588} INFO - Filling up the DagBag from /usr/local/python/3.12.1/lib/python3.12/site-packages/airflow/example_dags/plugins/listener_plugin.py
[2026-05-15T16:28:08.154+0000] {processor.py:927} WARNING - No viable dags retrieved from /usr/local/python/3.12.1/lib/python3.12/site-packages/airflow/example_dags/plugins/listener_plugin.py
[2026-05-15T16:28:08.163+0000] {processor.py:208} INFO - Processing /usr/local/python/3.12.1/lib/python3.12/site-packages/airflow/example_dags/plugins/listener_plugin.py took 0.017 seconds
[2026-05-15T16:28:59.321+0000] {processor.py:186} INFO - Started process (PID=36324) to work on /usr/local/python/3.12.1/lib/python3.12/site-packages/airflow/example_dags/plugins/listener_plugin.py
[2026-05-15T16:28:59.322+0000] {processor.py:914} INFO - Processing file /usr/local/python/3.12.1/lib/python3.12/site-packages/airflow/example_dags/plugins/listener_plugin.py for tasks to queue
[2026-05-15T16:28:59.327+0000] {logging_mixin.py:190} INFO - [2026-05-15T16:28:59.327+0000] {dagbag.py:588} INFO - Filling up the DagBag from /usr/local/python/3.12.1/lib/python3.12/site-packages/airflow/example_dags/plugins/listener_plugin.py
[2026-05-15T16:28:59.329+0000] {processor.py:927} WARNING - No viable dags retrieved from /usr/local/python/3.12.1/lib/python3.12/site-packages/airflow/example_dags/plugins/listener_plugin.py
[2026-05-15T16:28:59.350+0000] {processor.py:208} INFO - Processing /usr/local/python/3.12.1/lib/python3.12/site-packages/airflow/example_dags/plugins/listener_plugin.py took 0.036 seconds
[2026-05-15T16:29:52.586+0000] {processor.py:186} INFO - Started process (PID=36790) to work on /usr/local/python/3.12.1/lib/python3.12/site-packages/airflow/example_dags/plugins/listener_plugin.py
[2026-05-15T16:29:52.586+0000] {processor.py:914} INFO - Processing file /usr/local/python/3.12.1/lib/python3.12/site-packages/airflow/example_dags/plugins/listener_plugin.py for tasks to queue
[2026-05-15T16:29:52.588+0000] {logging_mixin.py:190} INFO - [2026-05-15T16:29:52.588+0000] {dagbag.py:588} INFO - Filling up the DagBag from /usr/local/python/3.12.1/lib/python3.12/site-packages/airflow/example_dags/plugins/listener_plugin.py
[2026-05-15T16:29:52.590+0000] {processor.py:927} WARNING - No viable dags retrieved from /usr/local/python/3.12.1/lib/python3.12/site-packages/airflow/example_dags/plugins/listener_plugin.py
[2026-05-15T16:29:52.598+0000] {processor.py:208} INFO - Processing /usr/local/python/3.12.1/lib/python3.12/site-packages/airflow/example_dags/plugins/listener_plugin.py took 0.017 seconds
[2026-05-15T16:30:44.513+0000] {processor.py:186} INFO - Started process (PID=37252) to work on /usr/local/python/3.12.1/lib/python3.12/site-packages/airflow/example_dags/plugins/listener_plugin.py
[2026-05-15T16:30:44.513+0000] {processor.py:914} INFO - Processing file /usr/local/python/3.12.1/lib/python3.12/site-packages/airflow/example_dags/plugins/listener_plugin.py for tasks to queue
[2026-05-15T16:30:44.515+0000] {logging_mixin.py:190} INFO - [2026-05-15T16:30:44.515+0000] {dagbag.py:588} INFO - Filling up the DagBag from /usr/local/python/3.12.1/lib/python3.12/site-packages/airflow/example_dags/plugins/listener_plugin.py
[2026-05-15T16:30:44.517+0000] {processor.py:927} WARNING - No viable dags retrieved from /usr/local/python/3.12.1/lib/python3.12/site-packages/airflow/example_dags/plugins/listener_plugin.py
[2026-05-15T16:30:44.525+0000] {processor.py:208} INFO - Processing /usr/local/python/3.12.1/lib/python3.12/site-packages/airflow/example_dags/plugins/listener_plugin.py took 0.017 seconds
[2026-05-15T16:31:35.666+0000] {processor.py:186} INFO - Started process (PID=37642) to work on /usr/local/python/3.12.1/lib/python3.12/site-packages/airflow/example_dags/plugins/listener_plugin.py
[2026-05-15T16:31:35.666+0000] {processor.py:914} INFO - Processing file /usr/local/python/3.12.1/lib/python3.12/site-packages/airflow/example_dags/plugins/listener_plugin.py for tasks to queue
[2026-05-15T16:31:35.771+0000] {logging_mixin.py:190} INFO - [2026-05-15T16:31:35.770+0000] {dagbag.py:588} INFO - Filling up the DagBag from /usr/local/python/3.12.1/lib/python3.12/site-packages/airflow/example_dags/plugins/listener_plugin.py
[2026-05-15T16:31:35.773+0000] {processor.py:927} WARNING - No viable dags retrieved from /usr/local/python/3.12.1/lib/python3.12/site-packages/airflow/example_dags/plugins/listener_plugin.py
[2026-05-15T16:31:35.785+0000] {processor.py:208} INFO - Processing /usr/local/python/3.12.1/lib/python3.12/site-packages/airflow/example_dags/plugins/listener_plugin.py took 0.123 seconds
[2026-05-15T16:32:25.601+0000] {processor.py:186} INFO - Started process (PID=38092) to work on /usr/local/python/3.12.1/lib/python3.12/site-packages/airflow/example_dags/plugins/listener_plugin.py
[2026-05-15T16:32:25.601+0000] {processor.py:914} INFO - Processing file /usr/local/python/3.12.1/lib/python3.12/site-packages/airflow/example_dags/plugins/listener_plugin.py for tasks to queue
[2026-05-15T16:32:25.603+0000] {logging_mixin.py:190} INFO - [2026-05-15T16:32:25.603+0000] {dagbag.py:588} INFO - Filling up the DagBag from /usr/local/python/3.12.1/lib/python3.12/site-packages/airflow/example_dags/plugins/listener_plugin.py
[2026-05-15T16:32:25.604+0000] {processor.py:927} WARNING - No viable dags retrieved from /usr/local/python/3.12.1/lib/python3.12/site-packages/airflow/example_dags/plugins/listener_plugin.py
[2026-05-15T16:32:25.613+0000] {processor.py:208} INFO - Processing /usr/local/python/3.12.1/lib/python3.12/site-packages/airflow/example_dags/plugins/listener_plugin.py took 0.017 seconds
[2026-05-15T16:33:15.370+0000] {processor.py:186} INFO - Started process (PID=38539) to work on /usr/local/python/3.12.1/lib/python3.12/site-packages/airflow/example_dags/plugins/listener_plugin.py
[2026-05-15T16:33:15.371+0000] {processor.py:914} INFO - Processing file /usr/local/python/3.12.1/lib/python3.12/site-packages/airflow/example_dags/plugins/listener_plugin.py for tasks to queue
[2026-05-15T16:33:15.373+0000] {logging_mixin.py:190} INFO - [2026-05-15T16:33:15.372+0000] {dagbag.py:588} INFO - Filling up the DagBag from /usr/local/python/3.12.1/lib/python3.12/site-packages/airflow/example_dags/plugins/listener_plugin.py
[2026-05-15T16:33:15.375+0000] {processor.py:927} WARNING - No viable dags retrieved from /usr/local/python/3.12.1/lib/python3.12/site-packages/airflow/example_dags/plugins/listener_plugin.py
[2026-05-15T16:33:15.385+0000] {processor.py:208} INFO - Processing /usr/local/python/3.12.1/lib/python3.12/site-packages/airflow/example_dags/plugins/listener_plugin.py took 0.019 seconds
[2026-05-15T16:34:03.088+0000] {processor.py:186} INFO - Started process (PID=39052) to work on /usr/local/python/3.12.1/lib/python3.12/site-packages/airflow/example_dags/plugins/listener_plugin.py
[2026-05-15T16:34:03.089+0000] {processor.py:914} INFO - Processing file /usr/local/python/3.12.1/lib/python3.12/site-packages/airflow/example_dags/plugins/listener_plugin.py for tasks to queue
[2026-05-15T16:34:03.092+0000] {logging_mixin.py:190} INFO - [2026-05-15T16:34:03.091+0000] {dagbag.py:588} INFO - Filling up the DagBag from /usr/local/python/3.12.1/lib/python3.12/site-packages/airflow/example_dags/plugins/listener_plugin.py
[2026-05-15T16:34:03.095+0000] {processor.py:927} WARNING - No viable dags retrieved from /usr/local/python/3.12.1/lib/python3.12/site-packages/airflow/example_dags/plugins/listener_plugin.py
[2026-05-15T16:34:03.108+0000] {processor.py:208} INFO - Processing /usr/local/python/3.12.1/lib/python3.12/site-packages/airflow/example_dags/plugins/listener_plugin.py took 0.026 seconds
[2026-05-15T16:34:50.871+0000] {processor.py:186} INFO - Started process (PID=39509) to work on /usr/local/python/3.12.1/lib/python3.12/site-packages/airflow/example_dags/plugins/listener_plugin.py
[2026-05-15T16:34:50.873+0000] {processor.py:914} INFO - Processing file /usr/local/python/3.12.1/lib/python3.12/site-packages/airflow/example_dags/plugins/listener_plugin.py for tasks to queue
[2026-05-15T16:34:50.876+0000] {logging_mixin.py:190} INFO - [2026-05-15T16:34:50.875+0000] {dagbag.py:588} INFO - Filling up the DagBag from /usr/local/python/3.12.1/lib/python3.12/site-packages/airflow/example_dags/plugins/listener_plugin.py
[2026-05-15T16:34:50.878+0000] {processor.py:927} WARNING - No viable dags retrieved from /usr/local/python/3.12.1/lib/python3.12/site-packages/airflow/example_dags/plugins/listener_plugin.py
[2026-05-15T16:34:50.891+0000] {processor.py:208} INFO - Processing /usr/local/python/3.12.1/lib/python3.12/site-packages/airflow/example_dags/plugins/listener_plugin.py took 0.027 seconds
[2026-05-15T16:35:45.544+0000] {processor.py:186} INFO - Started process (PID=40035) to work on /usr/local/python/3.12.1/lib/python3.12/site-packages/airflow/example_dags/plugins/listener_plugin.py
[2026-05-15T16:35:45.545+0000] {processor.py:914} INFO - Processing file /usr/local/python/3.12.1/lib/python3.12/site-packages/airflow/example_dags/plugins/listener_plugin.py for tasks to queue
[2026-05-15T16:35:45.546+0000] {logging_mixin.py:190} INFO - [2026-05-15T16:35:45.546+0000] {dagbag.py:588} INFO - Filling up the DagBag from /usr/local/python/3.12.1/lib/python3.12/site-packages/airflow/example_dags/plugins/listener_plugin.py
[2026-05-15T16:35:45.548+0000] {processor.py:927} WARNING - No viable dags retrieved from /usr/local/python/3.12.1/lib/python3.12/site-packages/airflow/example_dags/plugins/listener_plugin.py
[2026-05-15T16:35:45.556+0000] {processor.py:208} INFO - Processing /usr/local/python/3.12.1/lib/python3.12/site-packages/airflow/example_dags/plugins/listener_plugin.py took 0.016 seconds
[2026-05-15T16:36:39.661+0000] {processor.py:186} INFO - Started process (PID=40484) to work on /usr/local/python/3.12.1/lib/python3.12/site-packages/airflow/example_dags/plugins/listener_plugin.py
[2026-05-15T16:36:39.661+0000] {processor.py:914} INFO - Processing file /usr/local/python/3.12.1/lib/python3.12/site-packages/airflow/example_dags/plugins/listener_plugin.py for tasks to queue
[2026-05-15T16:36:39.663+0000] {logging_mixin.py:190} INFO - [2026-05-15T16:36:39.662+0000] {dagbag.py:588} INFO - Filling up the DagBag from /usr/local/python/3.12.1/lib/python3.12/site-packages/airflow/example_dags/plugins/listener_plugin.py
[2026-05-15T16:36:39.665+0000] {processor.py:927} WARNING - No viable dags retrieved from /usr/local/python/3.12.1/lib/python3.12/site-packages/airflow/example_dags/plugins/listener_plugin.py
[2026-05-15T16:36:39.673+0000] {processor.py:208} INFO - Processing /usr/local/python/3.12.1/lib/python3.12/site-packages/airflow/example_dags/plugins/listener_plugin.py took 0.017 seconds
[2026-05-15T16:37:29.387+0000] {processor.py:186} INFO - Started process (PID=40971) to work on /usr/local/python/3.12.1/lib/python3.12/site-packages/airflow/example_dags/plugins/listener_plugin.py
[2026-05-15T16:37:29.388+0000] {processor.py:914} INFO - Processing file /usr/local/python/3.12.1/lib/python3.12/site-packages/airflow/example_dags/plugins/listener_plugin.py for tasks to queue
[2026-05-15T16:37:29.390+0000] {logging_mixin.py:190} INFO - [2026-05-15T16:37:29.390+0000] {dagbag.py:588} INFO - Filling up the DagBag from /usr/local/python/3.12.1/lib/python3.12/site-packages/airflow/example_dags/plugins/listener_plugin.py
[2026-05-15T16:37:29.392+0000] {processor.py:927} WARNING - No viable dags retrieved from /usr/local/python/3.12.1/lib/python3.12/site-packages/airflow/example_dags/plugins/listener_plugin.py
[2026-05-15T16:37:29.400+0000] {processor.py:208} INFO - Processing /usr/local/python/3.12.1/lib/python3.12/site-packages/airflow/example_dags/plugins/listener_plugin.py took 0.018 seconds
[2026-05-15T16:38:24.681+0000] {processor.py:186} INFO - Started process (PID=41487) to work on /usr/local/python/3.12.1/lib/python3.12/site-packages/airflow/example_dags/plugins/listener_plugin.py
[2026-05-15T16:38:24.682+0000] {processor.py:914} INFO - Processing file /usr/local/python/3.12.1/lib/python3.12/site-packages/airflow/example_dags/plugins/listener_plugin.py for tasks to queue
[2026-05-15T16:38:24.684+0000] {logging_mixin.py:190} INFO - [2026-05-15T16:38:24.684+0000] {dagbag.py:588} INFO - Filling up the DagBag from /usr/local/python/3.12.1/lib/python3.12/site-packages/airflow/example_dags/plugins/listener_plugin.py
[2026-05-15T16:38:24.686+0000] {processor.py:927} WARNING - No viable dags retrieved from /usr/local/python/3.12.1/lib/python3.12/site-packages/airflow/example_dags/plugins/listener_plugin.py
[2026-05-15T16:38:24.696+0000] {processor.py:208} INFO - Processing /usr/local/python/3.12.1/lib/python3.12/site-packages/airflow/example_dags/plugins/listener_plugin.py took 0.021 seconds
[2026-05-15T16:39:21.418+0000] {processor.py:186} INFO - Started process (PID=42099) to work on /usr/local/python/3.12.1/lib/python3.12/site-packages/airflow/example_dags/plugins/listener_plugin.py
[2026-05-15T16:39:21.418+0000] {processor.py:914} INFO - Processing file /usr/local/python/3.12.1/lib/python3.12/site-packages/airflow/example_dags/plugins/listener_plugin.py for tasks to queue
[2026-05-15T16:39:21.420+0000] {logging_mixin.py:190} INFO - [2026-05-15T16:39:21.420+0000] {dagbag.py:588} INFO - Filling up the DagBag from /usr/local/python/3.12.1/lib/python3.12/site-packages/airflow/example_dags/plugins/listener_plugin.py
[2026-05-15T16:39:21.421+0000] {processor.py:927} WARNING - No viable dags retrieved from /usr/local/python/3.12.1/lib/python3.12/site-packages/airflow/example_dags/plugins/listener_plugin.py
[2026-05-15T16:39:21.430+0000] {processor.py:208} INFO - Processing /usr/local/python/3.12.1/lib/python3.12/site-packages/airflow/example_dags/plugins/listener_plugin.py took 0.016 seconds
[2026-05-15T16:40:16.580+0000] {processor.py:186} INFO - Started process (PID=42616) to work on /usr/local/python/3.12.1/lib/python3.12/site-packages/airflow/example_dags/plugins/listener_plugin.py
[2026-05-15T16:40:16.581+0000] {processor.py:914} INFO - Processing file /usr/local/python/3.12.1/lib/python3.12/site-packages/airflow/example_dags/plugins/listener_plugin.py for tasks to queue
[2026-05-15T16:40:16.582+0000] {logging_mixin.py:190} INFO - [2026-05-15T16:40:16.582+0000] {dagbag.py:588} INFO - Filling up the DagBag from /usr/local/python/3.12.1/lib/python3.12/site-packages/airflow/example_dags/plugins/listener_plugin.py
[2026-05-15T16:40:16.584+0000] {processor.py:927} WARNING - No viable dags retrieved from /usr/local/python/3.12.1/lib/python3.12/site-packages/airflow/example_dags/plugins/listener_plugin.py
[2026-05-15T16:40:16.595+0000] {processor.py:208} INFO - Processing /usr/local/python/3.12.1/lib/python3.12/site-packages/airflow/example_dags/plugins/listener_plugin.py took 0.021 seconds
[2026-05-15T16:41:19.448+0000] {processor.py:186} INFO - Started process (PID=43221) to work on /usr/local/python/3.12.1/lib/python3.12/site-packages/airflow/example_dags/plugins/listener_plugin.py
[2026-05-15T16:41:19.449+0000] {processor.py:914} INFO - Processing file /usr/local/python/3.12.1/lib/python3.12/site-packages/airflow/example_dags/plugins/listener_plugin.py for tasks to queue
[2026-05-15T16:41:19.450+0000] {logging_mixin.py:190} INFO - [2026-05-15T16:41:19.450+0000] {dagbag.py:588} INFO - Filling up the DagBag from /usr/local/python/3.12.1/lib/python3.12/site-packages/airflow/example_dags/plugins/listener_plugin.py
[2026-05-15T16:41:19.452+0000] {processor.py:927} WARNING - No viable dags retrieved from /usr/local/python/3.12.1/lib/python3.12/site-packages/airflow/example_dags/plugins/listener_plugin.py
[2026-05-15T16:41:19.461+0000] {processor.py:208} INFO - Processing /usr/local/python/3.12.1/lib/python3.12/site-packages/airflow/example_dags/plugins/listener_plugin.py took 0.017 seconds
[2026-05-15T16:42:23.247+0000] {processor.py:186} INFO - Started process (PID=43805) to work on /usr/local/python/3.12.1/lib/python3.12/site-packages/airflow/example_dags/plugins/listener_plugin.py
[2026-05-15T16:42:23.248+0000] {processor.py:914} INFO - Processing file /usr/local/python/3.12.1/lib/python3.12/site-packages/airflow/example_dags/plugins/listener_plugin.py for tasks to queue
[2026-05-15T16:42:23.250+0000] {logging_mixin.py:190} INFO - [2026-05-15T16:42:23.249+0000] {dagbag.py:588} INFO - Filling up the DagBag from /usr/local/python/3.12.1/lib/python3.12/site-packages/airflow/example_dags/plugins/listener_plugin.py
[2026-05-15T16:42:23.252+0000] {processor.py:927} WARNING - No viable dags retrieved from /usr/local/python/3.12.1/lib/python3.12/site-packages/airflow/example_dags/plugins/listener_plugin.py
[2026-05-15T16:42:23.259+0000] {processor.py:208} INFO - Processing /usr/local/python/3.12.1/lib/python3.12/site-packages/airflow/example_dags/plugins/listener_plugin.py took 0.017 seconds
[2026-05-15T16:43:19.003+0000] {processor.py:186} INFO - Started process (PID=44329) to work on /usr/local/python/3.12.1/lib/python3.12/site-packages/airflow/example_dags/plugins/listener_plugin.py
[2026-05-15T16:43:19.003+0000] {processor.py:914} INFO - Processing file /usr/local/python/3.12.1/lib/python3.12/site-packages/airflow/example_dags/plugins/listener_plugin.py for tasks to queue
[2026-05-15T16:43:19.005+0000] {logging_mixin.py:190} INFO - [2026-05-15T16:43:19.005+0000] {dagbag.py:588} INFO - Filling up the DagBag from /usr/local/python/3.12.1/lib/python3.12/site-packages/airflow/example_dags/plugins/listener_plugin.py
[2026-05-15T16:43:19.006+0000] {processor.py:927} WARNING - No viable dags retrieved from /usr/local/python/3.12.1/lib/python3.12/site-packages/airflow/example_dags/plugins/listener_plugin.py
[2026-05-15T16:43:19.015+0000] {processor.py:208} INFO - Processing /usr/local/python/3.12.1/lib/python3.12/site-packages/airflow/example_dags/plugins/listener_plugin.py took 0.017 seconds
[2026-05-15T16:44:10.275+0000] {processor.py:186} INFO - Started process (PID=44879) to work on /usr/local/python/3.12.1/lib/python3.12/site-packages/airflow/example_dags/plugins/listener_plugin.py
[2026-05-15T16:44:10.276+0000] {processor.py:914} INFO - Processing file /usr/local/python/3.12.1/lib/python3.12/site-packages/airflow/example_dags/plugins/listener_plugin.py for tasks to queue
[2026-05-15T16:44:10.278+0000] {logging_mixin.py:190} INFO - [2026-05-15T16:44:10.278+0000] {dagbag.py:588} INFO - Filling up the DagBag from /usr/local/python/3.12.1/lib/python3.12/site-packages/airflow/example_dags/plugins/listener_plugin.py
[2026-05-15T16:44:10.282+0000] {processor.py:927} WARNING - No viable dags retrieved from /usr/local/python/3.12.1/lib/python3.12/site-packages/airflow/example_dags/plugins/listener_plugin.py
[2026-05-15T16:44:10.294+0000] {processor.py:208} INFO - Processing /usr/local/python/3.12.1/lib/python3.12/site-packages/airflow/example_dags/plugins/listener_plugin.py took 0.024 seconds
[2026-05-15T16:45:00.237+0000] {processor.py:186} INFO - Started process (PID=45362) to work on /usr/local/python/3.12.1/lib/python3.12/site-packages/airflow/example_dags/plugins/listener_plugin.py
[2026-05-15T16:45:00.238+0000] {processor.py:914} INFO - Processing file /usr/local/python/3.12.1/lib/python3.12/site-packages/airflow/example_dags/plugins/listener_plugin.py for tasks to queue
[2026-05-15T16:45:00.239+0000] {logging_mixin.py:190} INFO - [2026-05-15T16:45:00.239+0000] {dagbag.py:588} INFO - Filling up the DagBag from /usr/local/python/3.12.1/lib/python3.12/site-packages/airflow/example_dags/plugins/listener_plugin.py
[2026-05-15T16:45:00.241+0000] {processor.py:927} WARNING - No viable dags retrieved from /usr/local/python/3.12.1/lib/python3.12/site-packages/airflow/example_dags/plugins/listener_plugin.py
[2026-05-15T16:45:00.249+0000] {processor.py:208} INFO - Processing /usr/local/python/3.12.1/lib/python3.12/site-packages/airflow/example_dags/plugins/listener_plugin.py took 0.016 seconds
[2026-05-15T16:45:52.654+0000] {processor.py:186} INFO - Started process (PID=45866) to work on /usr/local/python/3.12.1/lib/python3.12/site-packages/airflow/example_dags/plugins/listener_plugin.py
[2026-05-15T16:45:52.655+0000] {processor.py:914} INFO - Processing file /usr/local/python/3.12.1/lib/python3.12/site-packages/airflow/example_dags/plugins/listener_plugin.py for tasks to queue
[2026-05-15T16:45:52.656+0000] {logging_mixin.py:190} INFO - [2026-05-15T16:45:52.656+0000] {dagbag.py:588} INFO - Filling up the DagBag from /usr/local/python/3.12.1/lib/python3.12/site-packages/airflow/example_dags/plugins/listener_plugin.py
[2026-05-15T16:45:52.658+0000] {processor.py:927} WARNING - No viable dags retrieved from /usr/local/python/3.12.1/lib/python3.12/site-packages/airflow/example_dags/plugins/listener_plugin.py
[2026-05-15T16:45:52.672+0000] {processor.py:208} INFO - Processing /usr/local/python/3.12.1/lib/python3.12/site-packages/airflow/example_dags/plugins/listener_plugin.py took 0.024 seconds
[2026-05-15T16:46:44.148+0000] {processor.py:186} INFO - Started process (PID=46360) to work on /usr/local/python/3.12.1/lib/python3.12/site-packages/airflow/example_dags/plugins/listener_plugin.py
[2026-05-15T16:46:44.149+0000] {processor.py:914} INFO - Processing file /usr/local/python/3.12.1/lib/python3.12/site-packages/airflow/example_dags/plugins/listener_plugin.py for tasks to queue
[2026-05-15T16:46:44.151+0000] {logging_mixin.py:190} INFO - [2026-05-15T16:46:44.151+0000] {dagbag.py:588} INFO - Filling up the DagBag from /usr/local/python/3.12.1/lib/python3.12/site-packages/airflow/example_dags/plugins/listener_plugin.py
[2026-05-15T16:46:44.154+0000] {processor.py:927} WARNING - No viable dags retrieved from /usr/local/python/3.12.1/lib/python3.12/site-packages/airflow/example_dags/plugins/listener_plugin.py
[2026-05-15T16:46:44.164+0000] {processor.py:208} INFO - Processing /usr/local/python/3.12.1/lib/python3.12/site-packages/airflow/example_dags/plugins/listener_plugin.py took 0.022 seconds
[2026-05-15T16:47:30.805+0000] {processor.py:186} INFO - Started process (PID=46768) to work on /usr/local/python/3.12.1/lib/python3.12/site-packages/airflow/example_dags/plugins/listener_plugin.py
[2026-05-15T16:47:30.806+0000] {processor.py:914} INFO - Processing file /usr/local/python/3.12.1/lib/python3.12/site-packages/airflow/example_dags/plugins/listener_plugin.py for tasks to queue
[2026-05-15T16:47:30.808+0000] {logging_mixin.py:190} INFO - [2026-05-15T16:47:30.807+0000] {dagbag.py:588} INFO - Filling up the DagBag from /usr/local/python/3.12.1/lib/python3.12/site-packages/airflow/example_dags/plugins/listener_plugin.py
[2026-05-15T16:47:30.809+0000] {processor.py:927} WARNING - No viable dags retrieved from /usr/local/python/3.12.1/lib/python3.12/site-packages/airflow/example_dags/plugins/listener_plugin.py
[2026-05-15T16:47:30.818+0000] {processor.py:208} INFO - Processing /usr/local/python/3.12.1/lib/python3.12/site-packages/airflow/example_dags/plugins/listener_plugin.py took 0.017 seconds
[2026-05-15T16:48:23.526+0000] {processor.py:186} INFO - Started process (PID=47265) to work on /usr/local/python/3.12.1/lib/python3.12/site-packages/airflow/example_dags/plugins/listener_plugin.py
[2026-05-15T16:48:23.527+0000] {processor.py:914} INFO - Processing file /usr/local/python/3.12.1/lib/python3.12/site-packages/airflow/example_dags/plugins/listener_plugin.py for tasks to queue
[2026-05-15T16:48:23.528+0000] {logging_mixin.py:190} INFO - [2026-05-15T16:48:23.528+0000] {dagbag.py:588} INFO - Filling up the DagBag from /usr/local/python/3.12.1/lib/python3.12/site-packages/airflow/example_dags/plugins/listener_plugin.py
[2026-05-15T16:48:23.530+0000] {processor.py:927} WARNING - No viable dags retrieved from /usr/local/python/3.12.1/lib/python3.12/site-packages/airflow/example_dags/plugins/listener_plugin.py
[2026-05-15T16:48:23.538+0000] {processor.py:208} INFO - Processing /usr/local/python/3.12.1/lib/python3.12/site-packages/airflow/example_dags/plugins/listener_plugin.py took 0.017 seconds
[2026-05-15T16:49:14.077+0000] {processor.py:186} INFO - Started process (PID=47823) to work on /usr/local/python/3.12.1/lib/python3.12/site-packages/airflow/example_dags/plugins/listener_plugin.py
[2026-05-15T16:49:14.078+0000] {processor.py:914} INFO - Processing file /usr/local/python/3.12.1/lib/python3.12/site-packages/airflow/example_dags/plugins/listener_plugin.py for tasks to queue
[2026-05-15T16:49:14.080+0000] {logging_mixin.py:190} INFO - [2026-05-15T16:49:14.079+0000] {dagbag.py:588} INFO - Filling up the DagBag from /usr/local/python/3.12.1/lib/python3.12/site-packages/airflow/example_dags/plugins/listener_plugin.py
[2026-05-15T16:49:14.082+0000] {processor.py:927} WARNING - No viable dags retrieved from /usr/local/python/3.12.1/lib/python3.12/site-packages/airflow/example_dags/plugins/listener_plugin.py
[2026-05-15T16:49:14.093+0000] {processor.py:208} INFO - Processing /usr/local/python/3.12.1/lib/python3.12/site-packages/airflow/example_dags/plugins/listener_plugin.py took 0.021 seconds
[2026-05-15T16:50:05.640+0000] {processor.py:186} INFO - Started process (PID=48321) to work on /usr/local/python/3.12.1/lib/python3.12/site-packages/airflow/example_dags/plugins/listener_plugin.py
[2026-05-15T16:50:05.641+0000] {processor.py:914} INFO - Processing file /usr/local/python/3.12.1/lib/python3.12/site-packages/airflow/example_dags/plugins/listener_plugin.py for tasks to queue
[2026-05-15T16:50:05.642+0000] {logging_mixin.py:190} INFO - [2026-05-15T16:50:05.642+0000] {dagbag.py:588} INFO - Filling up the DagBag from /usr/local/python/3.12.1/lib/python3.12/site-packages/airflow/example_dags/plugins/listener_plugin.py
[2026-05-15T16:50:05.644+0000] {processor.py:927} WARNING - No viable dags retrieved from /usr/local/python/3.12.1/lib/python3.12/site-packages/airflow/example_dags/plugins/listener_plugin.py
[2026-05-15T16:50:05.652+0000] {processor.py:208} INFO - Processing /usr/local/python/3.12.1/lib/python3.12/site-packages/airflow/example_dags/plugins/listener_plugin.py took 0.016 seconds
[2026-05-15T16:50:58.922+0000] {processor.py:186} INFO - Started process (PID=48829) to work on /usr/local/python/3.12.1/lib/python3.12/site-packages/airflow/example_dags/plugins/listener_plugin.py
[2026-05-15T16:50:58.923+0000] {processor.py:914} INFO - Processing file /usr/local/python/3.12.1/lib/python3.12/site-packages/airflow/example_dags/plugins/listener_plugin.py for tasks to queue
[2026-05-15T16:50:58.924+0000] {logging_mixin.py:190} INFO - [2026-05-15T16:50:58.924+0000] {dagbag.py:588} INFO - Filling up the DagBag from /usr/local/python/3.12.1/lib/python3.12/site-packages/airflow/example_dags/plugins/listener_plugin.py
[2026-05-15T16:50:58.926+0000] {processor.py:927} WARNING - No viable dags retrieved from /usr/local/python/3.12.1/lib/python3.12/site-packages/airflow/example_dags/plugins/listener_plugin.py
[2026-05-15T16:50:58.935+0000] {processor.py:208} INFO - Processing /usr/local/python/3.12.1/lib/python3.12/site-packages/airflow/example_dags/plugins/listener_plugin.py took 0.017 seconds
[2026-05-15T16:51:50.797+0000] {processor.py:186} INFO - Started process (PID=49328) to work on /usr/local/python/3.12.1/lib/python3.12/site-packages/airflow/example_dags/plugins/listener_plugin.py
[2026-05-15T16:51:50.798+0000] {processor.py:914} INFO - Processing file /usr/local/python/3.12.1/lib/python3.12/site-packages/airflow/example_dags/plugins/listener_plugin.py for tasks to queue
[2026-05-15T16:51:50.799+0000] {logging_mixin.py:190} INFO - [2026-05-15T16:51:50.799+0000] {dagbag.py:588} INFO - Filling up the DagBag from /usr/local/python/3.12.1/lib/python3.12/site-packages/airflow/example_dags/plugins/listener_plugin.py
[2026-05-15T16:51:50.801+0000] {processor.py:927} WARNING - No viable dags retrieved from /usr/local/python/3.12.1/lib/python3.12/site-packages/airflow/example_dags/plugins/listener_plugin.py
[2026-05-15T16:51:50.809+0000] {processor.py:208} INFO - Processing /usr/local/python/3.12.1/lib/python3.12/site-packages/airflow/example_dags/plugins/listener_plugin.py took 0.017 seconds
[2026-05-15T16:52:41.736+0000] {processor.py:186} INFO - Started process (PID=49742) to work on /usr/local/python/3.12.1/lib/python3.12/site-packages/airflow/example_dags/plugins/listener_plugin.py
[2026-05-15T16:52:41.737+0000] {processor.py:914} INFO - Processing file /usr/local/python/3.12.1/lib/python3.12/site-packages/airflow/example_dags/plugins/listener_plugin.py for tasks to queue
[2026-05-15T16:52:41.738+0000] {logging_mixin.py:190} INFO - [2026-05-15T16:52:41.738+0000] {dagbag.py:588} INFO - Filling up the DagBag from /usr/local/python/3.12.1/lib/python3.12/site-packages/airflow/example_dags/plugins/listener_plugin.py
[2026-05-15T16:52:41.740+0000] {processor.py:927} WARNING - No viable dags retrieved from /usr/local/python/3.12.1/lib/python3.12/site-packages/airflow/example_dags/plugins/listener_plugin.py
[2026-05-15T16:52:41.749+0000] {processor.py:208} INFO - Processing /usr/local/python/3.12.1/lib/python3.12/site-packages/airflow/example_dags/plugins/listener_plugin.py took 0.017 seconds
[2026-05-15T16:53:28.955+0000] {processor.py:186} INFO - Started process (PID=50175) to work on /usr/local/python/3.12.1/lib/python3.12/site-packages/airflow/example_dags/plugins/listener_plugin.py
[2026-05-15T16:53:28.955+0000] {processor.py:914} INFO - Processing file /usr/local/python/3.12.1/lib/python3.12/site-packages/airflow/example_dags/plugins/listener_plugin.py for tasks to queue
[2026-05-15T16:53:28.957+0000] {logging_mixin.py:190} INFO - [2026-05-15T16:53:28.957+0000] {dagbag.py:588} INFO - Filling up the DagBag from /usr/local/python/3.12.1/lib/python3.12/site-packages/airflow/example_dags/plugins/listener_plugin.py
[2026-05-15T16:53:28.959+0000] {processor.py:927} WARNING - No viable dags retrieved from /usr/local/python/3.12.1/lib/python3.12/site-packages/airflow/example_dags/plugins/listener_plugin.py
[2026-05-15T16:53:28.967+0000] {processor.py:208} INFO - Processing /usr/local/python/3.12.1/lib/python3.12/site-packages/airflow/example_dags/plugins/listener_plugin.py took 0.016 seconds
[2026-05-15T16:54:15.276+0000] {processor.py:186} INFO - Started process (PID=50661) to work on /usr/local/python/3.12.1/lib/python3.12/site-packages/airflow/example_dags/plugins/listener_plugin.py
[2026-05-15T16:54:15.277+0000] {processor.py:914} INFO - Processing file /usr/local/python/3.12.1/lib/python3.12/site-packages/airflow/example_dags/plugins/listener_plugin.py for tasks to queue
[2026-05-15T16:54:15.279+0000] {logging_mixin.py:190} INFO - [2026-05-15T16:54:15.278+0000] {dagbag.py:588} INFO - Filling up the DagBag from /usr/local/python/3.12.1/lib/python3.12/site-packages/airflow/example_dags/plugins/listener_plugin.py
[2026-05-15T16:54:15.281+0000] {processor.py:927} WARNING - No viable dags retrieved from /usr/local/python/3.12.1/lib/python3.12/site-packages/airflow/example_dags/plugins/listener_plugin.py
[2026-05-15T16:54:15.291+0000] {processor.py:208} INFO - Processing /usr/local/python/3.12.1/lib/python3.12/site-packages/airflow/example_dags/plugins/listener_plugin.py took 0.021 seconds
[2026-05-15T16:55:04.958+0000] {processor.py:186} INFO - Started process (PID=51108) to work on /usr/local/python/3.12.1/lib/python3.12/site-packages/airflow/example_dags/plugins/listener_plugin.py
[2026-05-15T16:55:04.961+0000] {processor.py:914} INFO - Processing file /usr/local/python/3.12.1/lib/python3.12/site-packages/airflow/example_dags/plugins/listener_plugin.py for tasks to queue
[2026-05-15T16:55:04.963+0000] {logging_mixin.py:190} INFO - [2026-05-15T16:55:04.963+0000] {dagbag.py:588} INFO - Filling up the DagBag from /usr/local/python/3.12.1/lib/python3.12/site-packages/airflow/example_dags/plugins/listener_plugin.py
[2026-05-15T16:55:04.965+0000] {processor.py:927} WARNING - No viable dags retrieved from /usr/local/python/3.12.1/lib/python3.12/site-packages/airflow/example_dags/plugins/listener_plugin.py
[2026-05-15T16:55:04.974+0000] {processor.py:208} INFO - Processing /usr/local/python/3.12.1/lib/python3.12/site-packages/airflow/example_dags/plugins/listener_plugin.py took 0.022 seconds
[2026-05-15T16:55:56.219+0000] {processor.py:186} INFO - Started process (PID=51571) to work on /usr/local/python/3.12.1/lib/python3.12/site-packages/airflow/example_dags/plugins/listener_plugin.py
[2026-05-15T16:55:56.220+0000] {processor.py:914} INFO - Processing file /usr/local/python/3.12.1/lib/python3.12/site-packages/airflow/example_dags/plugins/listener_plugin.py for tasks to queue
[2026-05-15T16:55:56.222+0000] {logging_mixin.py:190} INFO - [2026-05-15T16:55:56.221+0000] {dagbag.py:588} INFO - Filling up the DagBag from /usr/local/python/3.12.1/lib/python3.12/site-packages/airflow/example_dags/plugins/listener_plugin.py
[2026-05-15T16:55:56.223+0000] {processor.py:927} WARNING - No viable dags retrieved from /usr/local/python/3.12.1/lib/python3.12/site-packages/airflow/example_dags/plugins/listener_plugin.py
[2026-05-15T16:55:56.231+0000] {processor.py:208} INFO - Processing /usr/local/python/3.12.1/lib/python3.12/site-packages/airflow/example_dags/plugins/listener_plugin.py took 0.017 seconds
[2026-05-15T16:56:47.771+0000] {processor.py:186} INFO - Started process (PID=52030) to work on /usr/local/python/3.12.1/lib/python3.12/site-packages/airflow/example_dags/plugins/listener_plugin.py
[2026-05-15T16:56:47.771+0000] {processor.py:914} INFO - Processing file /usr/local/python/3.12.1/lib/python3.12/site-packages/airflow/example_dags/plugins/listener_plugin.py for tasks to queue
[2026-05-15T16:56:47.773+0000] {logging_mixin.py:190} INFO - [2026-05-15T16:56:47.773+0000] {dagbag.py:588} INFO - Filling up the DagBag from /usr/local/python/3.12.1/lib/python3.12/site-packages/airflow/example_dags/plugins/listener_plugin.py
[2026-05-15T16:56:47.775+0000] {processor.py:927} WARNING - No viable dags retrieved from /usr/local/python/3.12.1/lib/python3.12/site-packages/airflow/example_dags/plugins/listener_plugin.py
[2026-05-15T16:56:47.786+0000] {processor.py:208} INFO - Processing /usr/local/python/3.12.1/lib/python3.12/site-packages/airflow/example_dags/plugins/listener_plugin.py took 0.020 seconds
[2026-05-15T16:57:36.163+0000] {processor.py:186} INFO - Started process (PID=52403) to work on /usr/local/python/3.12.1/lib/python3.12/site-packages/airflow/example_dags/plugins/listener_plugin.py
[2026-05-15T16:57:36.164+0000] {processor.py:914} INFO - Processing file /usr/local/python/3.12.1/lib/python3.12/site-packages/airflow/example_dags/plugins/listener_plugin.py for tasks to queue
[2026-05-15T16:57:36.166+0000] {logging_mixin.py:190} INFO - [2026-05-15T16:57:36.165+0000] {dagbag.py:588} INFO - Filling up the DagBag from /usr/local/python/3.12.1/lib/python3.12/site-packages/airflow/example_dags/plugins/listener_plugin.py
[2026-05-15T16:57:36.168+0000] {processor.py:927} WARNING - No viable dags retrieved from /usr/local/python/3.12.1/lib/python3.12/site-packages/airflow/example_dags/plugins/listener_plugin.py
[2026-05-15T16:57:36.181+0000] {processor.py:208} INFO - Processing /usr/local/python/3.12.1/lib/python3.12/site-packages/airflow/example_dags/plugins/listener_plugin.py took 0.024 seconds
[2026-05-15T16:58:26.869+0000] {processor.py:186} INFO - Started process (PID=52851) to work on /usr/local/python/3.12.1/lib/python3.12/site-packages/airflow/example_dags/plugins/listener_plugin.py
[2026-05-15T16:58:26.869+0000] {processor.py:914} INFO - Processing file /usr/local/python/3.12.1/lib/python3.12/site-packages/airflow/example_dags/plugins/listener_plugin.py for tasks to queue
[2026-05-15T16:58:26.871+0000] {logging_mixin.py:190} INFO - [2026-05-15T16:58:26.870+0000] {dagbag.py:588} INFO - Filling up the DagBag from /usr/local/python/3.12.1/lib/python3.12/site-packages/airflow/example_dags/plugins/listener_plugin.py
[2026-05-15T16:58:26.873+0000] {processor.py:927} WARNING - No viable dags retrieved from /usr/local/python/3.12.1/lib/python3.12/site-packages/airflow/example_dags/plugins/listener_plugin.py
[2026-05-15T16:58:26.883+0000] {processor.py:208} INFO - Processing /usr/local/python/3.12.1/lib/python3.12/site-packages/airflow/example_dags/plugins/listener_plugin.py took 0.019 seconds
[2026-05-15T16:59:18.417+0000] {processor.py:186} INFO - Started process (PID=53380) to work on /usr/local/python/3.12.1/lib/python3.12/site-packages/airflow/example_dags/plugins/listener_plugin.py
[2026-05-15T16:59:18.418+0000] {processor.py:914} INFO - Processing file /usr/local/python/3.12.1/lib/python3.12/site-packages/airflow/example_dags/plugins/listener_plugin.py for tasks to queue
[2026-05-15T16:59:18.419+0000] {logging_mixin.py:190} INFO - [2026-05-15T16:59:18.419+0000] {dagbag.py:588} INFO - Filling up the DagBag from /usr/local/python/3.12.1/lib/python3.12/site-packages/airflow/example_dags/plugins/listener_plugin.py
[2026-05-15T16:59:18.421+0000] {processor.py:927} WARNING - No viable dags retrieved from /usr/local/python/3.12.1/lib/python3.12/site-packages/airflow/example_dags/plugins/listener_plugin.py
[2026-05-15T16:59:18.429+0000] {processor.py:208} INFO - Processing /usr/local/python/3.12.1/lib/python3.12/site-packages/airflow/example_dags/plugins/listener_plugin.py took 0.017 seconds
[2026-05-15T17:00:10.975+0000] {processor.py:186} INFO - Started process (PID=53860) to work on /usr/local/python/3.12.1/lib/python3.12/site-packages/airflow/example_dags/plugins/listener_plugin.py
[2026-05-15T17:00:10.976+0000] {processor.py:914} INFO - Processing file /usr/local/python/3.12.1/lib/python3.12/site-packages/airflow/example_dags/plugins/listener_plugin.py for tasks to queue
[2026-05-15T17:00:10.979+0000] {logging_mixin.py:190} INFO - [2026-05-15T17:00:10.978+0000] {dagbag.py:588} INFO - Filling up the DagBag from /usr/local/python/3.12.1/lib/python3.12/site-packages/airflow/example_dags/plugins/listener_plugin.py
[2026-05-15T17:00:10.985+0000] {processor.py:927} WARNING - No viable dags retrieved from /usr/local/python/3.12.1/lib/python3.12/site-packages/airflow/example_dags/plugins/listener_plugin.py
[2026-05-15T17:00:10.999+0000] {processor.py:208} INFO - Processing /usr/local/python/3.12.1/lib/python3.12/site-packages/airflow/example_dags/plugins/listener_plugin.py took 0.029 seconds
[2026-05-15T17:01:01.351+0000] {processor.py:186} INFO - Started process (PID=54370) to work on /usr/local/python/3.12.1/lib/python3.12/site-packages/airflow/example_dags/plugins/listener_plugin.py
[2026-05-15T17:01:01.352+0000] {processor.py:914} INFO - Processing file /usr/local/python/3.12.1/lib/python3.12/site-packages/airflow/example_dags/plugins/listener_plugin.py for tasks to queue
[2026-05-15T17:01:01.354+0000] {logging_mixin.py:190} INFO - [2026-05-15T17:01:01.353+0000] {dagbag.py:588} INFO - Filling up the DagBag from /usr/local/python/3.12.1/lib/python3.12/site-packages/airflow/example_dags/plugins/listener_plugin.py
[2026-05-15T17:01:01.355+0000] {processor.py:927} WARNING - No viable dags retrieved from /usr/local/python/3.12.1/lib/python3.12/site-packages/airflow/example_dags/plugins/listener_plugin.py
[2026-05-15T17:01:01.363+0000] {processor.py:208} INFO - Processing /usr/local/python/3.12.1/lib/python3.12/site-packages/airflow/example_dags/plugins/listener_plugin.py took 0.016 seconds
[2026-05-15T17:01:49.976+0000] {processor.py:186} INFO - Started process (PID=54833) to work on /usr/local/python/3.12.1/lib/python3.12/site-packages/airflow/example_dags/plugins/listener_plugin.py
[2026-05-15T17:01:49.977+0000] {processor.py:914} INFO - Processing file /usr/local/python/3.12.1/lib/python3.12/site-packages/airflow/example_dags/plugins/listener_plugin.py for tasks to queue
[2026-05-15T17:01:49.979+0000] {logging_mixin.py:190} INFO - [2026-05-15T17:01:49.979+0000] {dagbag.py:588} INFO - Filling up the DagBag from /usr/local/python/3.12.1/lib/python3.12/site-packages/airflow/example_dags/plugins/listener_plugin.py
[2026-05-15T17:01:49.981+0000] {processor.py:927} WARNING - No viable dags retrieved from /usr/local/python/3.12.1/lib/python3.12/site-packages/airflow/example_dags/plugins/listener_plugin.py
[2026-05-15T17:01:49.992+0000] {processor.py:208} INFO - Processing /usr/local/python/3.12.1/lib/python3.12/site-packages/airflow/example_dags/plugins/listener_plugin.py took 0.022 seconds
[2026-05-15T17:02:44.216+0000] {processor.py:186} INFO - Started process (PID=55922) to work on /usr/local/python/3.12.1/lib/python3.12/site-packages/airflow/example_dags/plugins/listener_plugin.py
[2026-05-15T17:02:44.217+0000] {processor.py:914} INFO - Processing file /usr/local/python/3.12.1/lib/python3.12/site-packages/airflow/example_dags/plugins/listener_plugin.py for tasks to queue
[2026-05-15T17:02:44.219+0000] {logging_mixin.py:190} INFO - [2026-05-15T17:02:44.219+0000] {dagbag.py:588} INFO - Filling up the DagBag from /usr/local/python/3.12.1/lib/python3.12/site-packages/airflow/example_dags/plugins/listener_plugin.py
[2026-05-15T17:02:44.221+0000] {processor.py:927} WARNING - No viable dags retrieved from /usr/local/python/3.12.1/lib/python3.12/site-packages/airflow/example_dags/plugins/listener_plugin.py
[2026-05-15T17:02:44.229+0000] {processor.py:208} INFO - Processing /usr/local/python/3.12.1/lib/python3.12/site-packages/airflow/example_dags/plugins/listener_plugin.py took 0.019 seconds
[2026-05-15T17:03:35.423+0000] {processor.py:186} INFO - Started process (PID=56646) to work on /usr/local/python/3.12.1/lib/python3.12/site-packages/airflow/example_dags/plugins/listener_plugin.py
[2026-05-15T17:03:35.427+0000] {processor.py:914} INFO - Processing file /usr/local/python/3.12.1/lib/python3.12/site-packages/airflow/example_dags/plugins/listener_plugin.py for tasks to queue
[2026-05-15T17:03:35.431+0000] {logging_mixin.py:190} INFO - [2026-05-15T17:03:35.430+0000] {dagbag.py:588} INFO - Filling up the DagBag from /usr/local/python/3.12.1/lib/python3.12/site-packages/airflow/example_dags/plugins/listener_plugin.py
[2026-05-15T17:03:35.434+0000] {processor.py:927} WARNING - No viable dags retrieved from /usr/local/python/3.12.1/lib/python3.12/site-packages/airflow/example_dags/plugins/listener_plugin.py
[2026-05-15T17:03:35.449+0000] {processor.py:208} INFO - Processing /usr/local/python/3.12.1/lib/python3.12/site-packages/airflow/example_dags/plugins/listener_plugin.py took 0.036 seconds
[2026-05-15T17:04:23.294+0000] {processor.py:186} INFO - Started process (PID=57130) to work on /usr/local/python/3.12.1/lib/python3.12/site-packages/airflow/example_dags/plugins/listener_plugin.py
[2026-05-15T17:04:23.295+0000] {processor.py:914} INFO - Processing file /usr/local/python/3.12.1/lib/python3.12/site-packages/airflow/example_dags/plugins/listener_plugin.py for tasks to queue
[2026-05-15T17:04:23.297+0000] {logging_mixin.py:190} INFO - [2026-05-15T17:04:23.297+0000] {dagbag.py:588} INFO - Filling up the DagBag from /usr/local/python/3.12.1/lib/python3.12/site-packages/airflow/example_dags/plugins/listener_plugin.py
[2026-05-15T17:04:23.299+0000] {processor.py:927} WARNING - No viable dags retrieved from /usr/local/python/3.12.1/lib/python3.12/site-packages/airflow/example_dags/plugins/listener_plugin.py
[2026-05-15T17:04:23.308+0000] {processor.py:208} INFO - Processing /usr/local/python/3.12.1/lib/python3.12/site-packages/airflow/example_dags/plugins/listener_plugin.py took 0.018 seconds
[2026-05-15T17:05:14.819+0000] {processor.py:186} INFO - Started process (PID=57665) to work on /usr/local/python/3.12.1/lib/python3.12/site-packages/airflow/example_dags/plugins/listener_plugin.py
[2026-05-15T17:05:14.820+0000] {processor.py:914} INFO - Processing file /usr/local/python/3.12.1/lib/python3.12/site-packages/airflow/example_dags/plugins/listener_plugin.py for tasks to queue
[2026-05-15T17:05:14.821+0000] {logging_mixin.py:190} INFO - [2026-05-15T17:05:14.821+0000] {dagbag.py:588} INFO - Filling up the DagBag from /usr/local/python/3.12.1/lib/python3.12/site-packages/airflow/example_dags/plugins/listener_plugin.py
[2026-05-15T17:05:14.823+0000] {processor.py:927} WARNING - No viable dags retrieved from /usr/local/python/3.12.1/lib/python3.12/site-packages/airflow/example_dags/plugins/listener_plugin.py
[2026-05-15T17:05:14.831+0000] {processor.py:208} INFO - Processing /usr/local/python/3.12.1/lib/python3.12/site-packages/airflow/example_dags/plugins/listener_plugin.py took 0.017 seconds
[2026-05-15T17:06:05.093+0000] {processor.py:186} INFO - Started process (PID=58113) to work on /usr/local/python/3.12.1/lib/python3.12/site-packages/airflow/example_dags/plugins/listener_plugin.py
[2026-05-15T17:06:05.093+0000] {processor.py:914} INFO - Processing file /usr/local/python/3.12.1/lib/python3.12/site-packages/airflow/example_dags/plugins/listener_plugin.py for tasks to queue
[2026-05-15T17:06:05.095+0000] {logging_mixin.py:190} INFO - [2026-05-15T17:06:05.095+0000] {dagbag.py:588} INFO - Filling up the DagBag from /usr/local/python/3.12.1/lib/python3.12/site-packages/airflow/example_dags/plugins/listener_plugin.py
[2026-05-15T17:06:05.097+0000] {processor.py:927} WARNING - No viable dags retrieved from /usr/local/python/3.12.1/lib/python3.12/site-packages/airflow/example_dags/plugins/listener_plugin.py
[2026-05-15T17:06:05.105+0000] {processor.py:208} INFO - Processing /usr/local/python/3.12.1/lib/python3.12/site-packages/airflow/example_dags/plugins/listener_plugin.py took 0.018 seconds
[2026-05-15T17:06:56.536+0000] {processor.py:186} INFO - Started process (PID=58569) to work on /usr/local/python/3.12.1/lib/python3.12/site-packages/airflow/example_dags/plugins/listener_plugin.py
[2026-05-15T17:06:56.537+0000] {processor.py:914} INFO - Processing file /usr/local/python/3.12.1/lib/python3.12/site-packages/airflow/example_dags/plugins/listener_plugin.py for tasks to queue
[2026-05-15T17:06:56.539+0000] {logging_mixin.py:190} INFO - [2026-05-15T17:06:56.538+0000] {dagbag.py:588} INFO - Filling up the DagBag from /usr/local/python/3.12.1/lib/python3.12/site-packages/airflow/example_dags/plugins/listener_plugin.py
[2026-05-15T17:06:56.540+0000] {processor.py:927} WARNING - No viable dags retrieved from /usr/local/python/3.12.1/lib/python3.12/site-packages/airflow/example_dags/plugins/listener_plugin.py
[2026-05-15T17:06:56.549+0000] {processor.py:208} INFO - Processing /usr/local/python/3.12.1/lib/python3.12/site-packages/airflow/example_dags/plugins/listener_plugin.py took 0.018 seconds
[2026-05-15T17:07:47.079+0000] {processor.py:186} INFO - Started process (PID=59018) to work on /usr/local/python/3.12.1/lib/python3.12/site-packages/airflow/example_dags/plugins/listener_plugin.py
[2026-05-15T17:07:47.080+0000] {processor.py:914} INFO - Processing file /usr/local/python/3.12.1/lib/python3.12/site-packages/airflow/example_dags/plugins/listener_plugin.py for tasks to queue
[2026-05-15T17:07:47.082+0000] {logging_mixin.py:190} INFO - [2026-05-15T17:07:47.081+0000] {dagbag.py:588} INFO - Filling up the DagBag from /usr/local/python/3.12.1/lib/python3.12/site-packages/airflow/example_dags/plugins/listener_plugin.py
[2026-05-15T17:07:47.084+0000] {processor.py:927} WARNING - No viable dags retrieved from /usr/local/python/3.12.1/lib/python3.12/site-packages/airflow/example_dags/plugins/listener_plugin.py
[2026-05-15T17:07:47.093+0000] {processor.py:208} INFO - Processing /usr/local/python/3.12.1/lib/python3.12/site-packages/airflow/example_dags/plugins/listener_plugin.py took 0.020 seconds
[2026-05-15T17:08:33.936+0000] {processor.py:186} INFO - Started process (PID=59388) to work on /usr/local/python/3.12.1/lib/python3.12/site-packages/airflow/example_dags/plugins/listener_plugin.py
[2026-05-15T17:08:33.937+0000] {processor.py:914} INFO - Processing file /usr/local/python/3.12.1/lib/python3.12/site-packages/airflow/example_dags/plugins/listener_plugin.py for tasks to queue
[2026-05-15T17:08:33.939+0000] {logging_mixin.py:190} INFO - [2026-05-15T17:08:33.939+0000] {dagbag.py:588} INFO - Filling up the DagBag from /usr/local/python/3.12.1/lib/python3.12/site-packages/airflow/example_dags/plugins/listener_plugin.py
[2026-05-15T17:08:33.941+0000] {processor.py:927} WARNING - No viable dags retrieved from /usr/local/python/3.12.1/lib/python3.12/site-packages/airflow/example_dags/plugins/listener_plugin.py
[2026-05-15T17:08:33.960+0000] {processor.py:208} INFO - Processing /usr/local/python/3.12.1/lib/python3.12/site-packages/airflow/example_dags/plugins/listener_plugin.py took 0.029 seconds
[2026-05-15T17:09:20.827+0000] {processor.py:186} INFO - Started process (PID=59866) to work on /usr/local/python/3.12.1/lib/python3.12/site-packages/airflow/example_dags/plugins/listener_plugin.py
[2026-05-15T17:09:20.827+0000] {processor.py:914} INFO - Processing file /usr/local/python/3.12.1/lib/python3.12/site-packages/airflow/example_dags/plugins/listener_plugin.py for tasks to queue
[2026-05-15T17:09:20.829+0000] {logging_mixin.py:190} INFO - [2026-05-15T17:09:20.829+0000] {dagbag.py:588} INFO - Filling up the DagBag from /usr/local/python/3.12.1/lib/python3.12/site-packages/airflow/example_dags/plugins/listener_plugin.py
[2026-05-15T17:09:20.831+0000] {processor.py:927} WARNING - No viable dags retrieved from /usr/local/python/3.12.1/lib/python3.12/site-packages/airflow/example_dags/plugins/listener_plugin.py
[2026-05-15T17:09:20.839+0000] {processor.py:208} INFO - Processing /usr/local/python/3.12.1/lib/python3.12/site-packages/airflow/example_dags/plugins/listener_plugin.py took 0.016 seconds
[2026-05-15T17:10:14.512+0000] {processor.py:186} INFO - Started process (PID=60352) to work on /usr/local/python/3.12.1/lib/python3.12/site-packages/airflow/example_dags/plugins/listener_plugin.py
[2026-05-15T17:10:14.513+0000] {processor.py:914} INFO - Processing file /usr/local/python/3.12.1/lib/python3.12/site-packages/airflow/example_dags/plugins/listener_plugin.py for tasks to queue
[2026-05-15T17:10:14.515+0000] {logging_mixin.py:190} INFO - [2026-05-15T17:10:14.514+0000] {dagbag.py:588} INFO - Filling up the DagBag from /usr/local/python/3.12.1/lib/python3.12/site-packages/airflow/example_dags/plugins/listener_plugin.py
[2026-05-15T17:10:14.516+0000] {processor.py:927} WARNING - No viable dags retrieved from /usr/local/python/3.12.1/lib/python3.12/site-packages/airflow/example_dags/plugins/listener_plugin.py
[2026-05-15T17:10:14.524+0000] {processor.py:208} INFO - Processing /usr/local/python/3.12.1/lib/python3.12/site-packages/airflow/example_dags/plugins/listener_plugin.py took 0.016 seconds
[2026-05-15T17:11:05.002+0000] {processor.py:186} INFO - Started process (PID=60803) to work on /usr/local/python/3.12.1/lib/python3.12/site-packages/airflow/example_dags/plugins/listener_plugin.py
[2026-05-15T17:11:05.003+0000] {processor.py:914} INFO - Processing file /usr/local/python/3.12.1/lib/python3.12/site-packages/airflow/example_dags/plugins/listener_plugin.py for tasks to queue
[2026-05-15T17:11:05.004+0000] {logging_mixin.py:190} INFO - [2026-05-15T17:11:05.004+0000] {dagbag.py:588} INFO - Filling up the DagBag from /usr/local/python/3.12.1/lib/python3.12/site-packages/airflow/example_dags/plugins/listener_plugin.py
[2026-05-15T17:11:05.006+0000] {processor.py:927} WARNING - No viable dags retrieved from /usr/local/python/3.12.1/lib/python3.12/site-packages/airflow/example_dags/plugins/listener_plugin.py
[2026-05-15T17:11:05.014+0000] {processor.py:208} INFO - Processing /usr/local/python/3.12.1/lib/python3.12/site-packages/airflow/example_dags/plugins/listener_plugin.py took 0.016 seconds
[2026-05-15T17:11:55.330+0000] {processor.py:186} INFO - Started process (PID=61258) to work on /usr/local/python/3.12.1/lib/python3.12/site-packages/airflow/example_dags/plugins/listener_plugin.py
[2026-05-15T17:11:55.330+0000] {processor.py:914} INFO - Processing file /usr/local/python/3.12.1/lib/python3.12/site-packages/airflow/example_dags/plugins/listener_plugin.py for tasks to queue
[2026-05-15T17:11:55.332+0000] {logging_mixin.py:190} INFO - [2026-05-15T17:11:55.332+0000] {dagbag.py:588} INFO - Filling up the DagBag from /usr/local/python/3.12.1/lib/python3.12/site-packages/airflow/example_dags/plugins/listener_plugin.py
[2026-05-15T17:11:55.334+0000] {processor.py:927} WARNING - No viable dags retrieved from /usr/local/python/3.12.1/lib/python3.12/site-packages/airflow/example_dags/plugins/listener_plugin.py
[2026-05-15T17:11:55.342+0000] {processor.py:208} INFO - Processing /usr/local/python/3.12.1/lib/python3.12/site-packages/airflow/example_dags/plugins/listener_plugin.py took 0.018 seconds
[2026-05-15T17:12:46.008+0000] {processor.py:186} INFO - Started process (PID=61706) to work on /usr/local/python/3.12.1/lib/python3.12/site-packages/airflow/example_dags/plugins/listener_plugin.py
[2026-05-15T17:12:46.009+0000] {processor.py:914} INFO - Processing file /usr/local/python/3.12.1/lib/python3.12/site-packages/airflow/example_dags/plugins/listener_plugin.py for tasks to queue
[2026-05-15T17:12:46.010+0000] {logging_mixin.py:190} INFO - [2026-05-15T17:12:46.010+0000] {dagbag.py:588} INFO - Filling up the DagBag from /usr/local/python/3.12.1/lib/python3.12/site-packages/airflow/example_dags/plugins/listener_plugin.py
[2026-05-15T17:12:46.012+0000] {processor.py:927} WARNING - No viable dags retrieved from /usr/local/python/3.12.1/lib/python3.12/site-packages/airflow/example_dags/plugins/listener_plugin.py
[2026-05-15T17:12:46.020+0000] {processor.py:208} INFO - Processing /usr/local/python/3.12.1/lib/python3.12/site-packages/airflow/example_dags/plugins/listener_plugin.py took 0.017 seconds
[2026-05-15T17:13:34.169+0000] {processor.py:186} INFO - Started process (PID=62062) to work on /usr/local/python/3.12.1/lib/python3.12/site-packages/airflow/example_dags/plugins/listener_plugin.py
[2026-05-15T17:13:34.170+0000] {processor.py:914} INFO - Processing file /usr/local/python/3.12.1/lib/python3.12/site-packages/airflow/example_dags/plugins/listener_plugin.py for tasks to queue
[2026-05-15T17:13:34.172+0000] {logging_mixin.py:190} INFO - [2026-05-15T17:13:34.172+0000] {dagbag.py:588} INFO - Filling up the DagBag from /usr/local/python/3.12.1/lib/python3.12/site-packages/airflow/example_dags/plugins/listener_plugin.py
[2026-05-15T17:13:34.174+0000] {processor.py:927} WARNING - No viable dags retrieved from /usr/local/python/3.12.1/lib/python3.12/site-packages/airflow/example_dags/plugins/listener_plugin.py
[2026-05-15T17:13:34.186+0000] {processor.py:208} INFO - Processing /usr/local/python/3.12.1/lib/python3.12/site-packages/airflow/example_dags/plugins/listener_plugin.py took 0.023 seconds
[2026-05-15T17:14:24.011+0000] {processor.py:186} INFO - Started process (PID=62569) to work on /usr/local/python/3.12.1/lib/python3.12/site-packages/airflow/example_dags/plugins/listener_plugin.py
[2026-05-15T17:14:24.012+0000] {processor.py:914} INFO - Processing file /usr/local/python/3.12.1/lib/python3.12/site-packages/airflow/example_dags/plugins/listener_plugin.py for tasks to queue
[2026-05-15T17:14:24.014+0000] {logging_mixin.py:190} INFO - [2026-05-15T17:14:24.013+0000] {dagbag.py:588} INFO - Filling up the DagBag from /usr/local/python/3.12.1/lib/python3.12/site-packages/airflow/example_dags/plugins/listener_plugin.py
[2026-05-15T17:14:24.015+0000] {processor.py:927} WARNING - No viable dags retrieved from /usr/local/python/3.12.1/lib/python3.12/site-packages/airflow/example_dags/plugins/listener_plugin.py
[2026-05-15T17:14:24.024+0000] {processor.py:208} INFO - Processing /usr/local/python/3.12.1/lib/python3.12/site-packages/airflow/example_dags/plugins/listener_plugin.py took 0.016 seconds
[2026-05-15T17:15:15.310+0000] {processor.py:186} INFO - Started process (PID=63183) to work on /usr/local/python/3.12.1/lib/python3.12/site-packages/airflow/example_dags/plugins/listener_plugin.py
[2026-05-15T17:15:15.311+0000] {processor.py:914} INFO - Processing file /usr/local/python/3.12.1/lib/python3.12/site-packages/airflow/example_dags/plugins/listener_plugin.py for tasks to queue
[2026-05-15T17:15:15.313+0000] {logging_mixin.py:190} INFO - [2026-05-15T17:15:15.312+0000] {dagbag.py:588} INFO - Filling up the DagBag from /usr/local/python/3.12.1/lib/python3.12/site-packages/airflow/example_dags/plugins/listener_plugin.py
[2026-05-15T17:15:15.314+0000] {processor.py:927} WARNING - No viable dags retrieved from /usr/local/python/3.12.1/lib/python3.12/site-packages/airflow/example_dags/plugins/listener_plugin.py
[2026-05-15T17:15:15.322+0000] {processor.py:208} INFO - Processing /usr/local/python/3.12.1/lib/python3.12/site-packages/airflow/example_dags/plugins/listener_plugin.py took 0.016 seconds
[2026-05-15T17:16:11.130+0000] {processor.py:186} INFO - Started process (PID=63713) to work on /usr/local/python/3.12.1/lib/python3.12/site-packages/airflow/example_dags/plugins/listener_plugin.py
[2026-05-15T17:16:11.134+0000] {processor.py:914} INFO - Processing file /usr/local/python/3.12.1/lib/python3.12/site-packages/airflow/example_dags/plugins/listener_plugin.py for tasks to queue
[2026-05-15T17:16:11.137+0000] {logging_mixin.py:190} INFO - [2026-05-15T17:16:11.137+0000] {dagbag.py:588} INFO - Filling up the DagBag from /usr/local/python/3.12.1/lib/python3.12/site-packages/airflow/example_dags/plugins/listener_plugin.py
[2026-05-15T17:16:11.141+0000] {processor.py:927} WARNING - No viable dags retrieved from /usr/local/python/3.12.1/lib/python3.12/site-packages/airflow/example_dags/plugins/listener_plugin.py
[2026-05-15T17:16:11.169+0000] {processor.py:208} INFO - Processing /usr/local/python/3.12.1/lib/python3.12/site-packages/airflow/example_dags/plugins/listener_plugin.py took 0.055 seconds
[2026-05-15T17:16:43.761+0000] {processor.py:186} INFO - Started process (PID=64176) to work on /usr/local/python/3.12.1/lib/python3.12/site-packages/airflow/example_dags/plugins/listener_plugin.py
[2026-05-15T17:16:43.764+0000] {processor.py:914} INFO - Processing file /usr/local/python/3.12.1/lib/python3.12/site-packages/airflow/example_dags/plugins/listener_plugin.py for tasks to queue
[2026-05-15T17:16:43.771+0000] {logging_mixin.py:190} INFO - [2026-05-15T17:16:43.771+0000] {dagbag.py:588} INFO - Filling up the DagBag from /usr/local/python/3.12.1/lib/python3.12/site-packages/airflow/example_dags/plugins/listener_plugin.py
[2026-05-15T17:16:43.782+0000] {processor.py:927} WARNING - No viable dags retrieved from /usr/local/python/3.12.1/lib/python3.12/site-packages/airflow/example_dags/plugins/listener_plugin.py
[2026-05-15T17:16:43.801+0000] {processor.py:208} INFO - Processing /usr/local/python/3.12.1/lib/python3.12/site-packages/airflow/example_dags/plugins/listener_plugin.py took 0.054 seconds
[2026-05-15T17:17:21.644+0000] {processor.py:186} INFO - Started process (PID=64580) to work on /usr/local/python/3.12.1/lib/python3.12/site-packages/airflow/example_dags/plugins/listener_plugin.py
[2026-05-15T17:17:21.645+0000] {processor.py:914} INFO - Processing file /usr/local/python/3.12.1/lib/python3.12/site-packages/airflow/example_dags/plugins/listener_plugin.py for tasks to queue
[2026-05-15T17:17:21.646+0000] {logging_mixin.py:190} INFO - [2026-05-15T17:17:21.646+0000] {dagbag.py:588} INFO - Filling up the DagBag from /usr/local/python/3.12.1/lib/python3.12/site-packages/airflow/example_dags/plugins/listener_plugin.py
[2026-05-15T17:17:21.648+0000] {processor.py:927} WARNING - No viable dags retrieved from /usr/local/python/3.12.1/lib/python3.12/site-packages/airflow/example_dags/plugins/listener_plugin.py
[2026-05-15T17:17:21.656+0000] {processor.py:208} INFO - Processing /usr/local/python/3.12.1/lib/python3.12/site-packages/airflow/example_dags/plugins/listener_plugin.py took 0.018 seconds
[2026-05-15T17:18:20.137+0000] {processor.py:186} INFO - Started process (PID=65172) to work on /usr/local/python/3.12.1/lib/python3.12/site-packages/airflow/example_dags/plugins/listener_plugin.py
[2026-05-15T17:18:20.144+0000] {processor.py:914} INFO - Processing file /usr/local/python/3.12.1/lib/python3.12/site-packages/airflow/example_dags/plugins/listener_plugin.py for tasks to queue
[2026-05-15T17:18:20.148+0000] {logging_mixin.py:190} INFO - [2026-05-15T17:18:20.147+0000] {dagbag.py:588} INFO - Filling up the DagBag from /usr/local/python/3.12.1/lib/python3.12/site-packages/airflow/example_dags/plugins/listener_plugin.py
[2026-05-15T17:18:20.150+0000] {processor.py:927} WARNING - No viable dags retrieved from /usr/local/python/3.12.1/lib/python3.12/site-packages/airflow/example_dags/plugins/listener_plugin.py
[2026-05-15T17:18:20.170+0000] {processor.py:208} INFO - Processing /usr/local/python/3.12.1/lib/python3.12/site-packages/airflow/example_dags/plugins/listener_plugin.py took 0.038 seconds
[2026-05-15T17:19:09.748+0000] {processor.py:186} INFO - Started process (PID=65705) to work on /usr/local/python/3.12.1/lib/python3.12/site-packages/airflow/example_dags/plugins/listener_plugin.py
[2026-05-15T17:19:09.749+0000] {processor.py:914} INFO - Processing file /usr/local/python/3.12.1/lib/python3.12/site-packages/airflow/example_dags/plugins/listener_plugin.py for tasks to queue
[2026-05-15T17:19:09.750+0000] {logging_mixin.py:190} INFO - [2026-05-15T17:19:09.750+0000] {dagbag.py:588} INFO - Filling up the DagBag from /usr/local/python/3.12.1/lib/python3.12/site-packages/airflow/example_dags/plugins/listener_plugin.py
[2026-05-15T17:19:09.752+0000] {processor.py:927} WARNING - No viable dags retrieved from /usr/local/python/3.12.1/lib/python3.12/site-packages/airflow/example_dags/plugins/listener_plugin.py
[2026-05-15T17:19:09.760+0000] {processor.py:208} INFO - Processing /usr/local/python/3.12.1/lib/python3.12/site-packages/airflow/example_dags/plugins/listener_plugin.py took 0.017 seconds
[2026-05-15T17:19:59.386+0000] {processor.py:186} INFO - Started process (PID=66150) to work on /usr/local/python/3.12.1/lib/python3.12/site-packages/airflow/example_dags/plugins/listener_plugin.py
[2026-05-15T17:19:59.387+0000] {processor.py:914} INFO - Processing file /usr/local/python/3.12.1/lib/python3.12/site-packages/airflow/example_dags/plugins/listener_plugin.py for tasks to queue
[2026-05-15T17:19:59.388+0000] {logging_mixin.py:190} INFO - [2026-05-15T17:19:59.388+0000] {dagbag.py:588} INFO - Filling up the DagBag from /usr/local/python/3.12.1/lib/python3.12/site-packages/airflow/example_dags/plugins/listener_plugin.py
[2026-05-15T17:19:59.390+0000] {processor.py:927} WARNING - No viable dags retrieved from /usr/local/python/3.12.1/lib/python3.12/site-packages/airflow/example_dags/plugins/listener_plugin.py
[2026-05-15T17:19:59.399+0000] {processor.py:208} INFO - Processing /usr/local/python/3.12.1/lib/python3.12/site-packages/airflow/example_dags/plugins/listener_plugin.py took 0.021 seconds
[2026-05-15T17:20:46.858+0000] {processor.py:186} INFO - Started process (PID=66602) to work on /usr/local/python/3.12.1/lib/python3.12/site-packages/airflow/example_dags/plugins/listener_plugin.py
[2026-05-15T17:20:46.859+0000] {processor.py:914} INFO - Processing file /usr/local/python/3.12.1/lib/python3.12/site-packages/airflow/example_dags/plugins/listener_plugin.py for tasks to queue
[2026-05-15T17:20:46.862+0000] {logging_mixin.py:190} INFO - [2026-05-15T17:20:46.862+0000] {dagbag.py:588} INFO - Filling up the DagBag from /usr/local/python/3.12.1/lib/python3.12/site-packages/airflow/example_dags/plugins/listener_plugin.py
[2026-05-15T17:20:46.864+0000] {processor.py:927} WARNING - No viable dags retrieved from /usr/local/python/3.12.1/lib/python3.12/site-packages/airflow/example_dags/plugins/listener_plugin.py
[2026-05-15T17:20:46.875+0000] {processor.py:208} INFO - Processing /usr/local/python/3.12.1/lib/python3.12/site-packages/airflow/example_dags/plugins/listener_plugin.py took 0.025 seconds
[2026-05-15T17:21:33.602+0000] {processor.py:186} INFO - Started process (PID=67070) to work on /usr/local/python/3.12.1/lib/python3.12/site-packages/airflow/example_dags/plugins/listener_plugin.py
[2026-05-15T17:21:33.603+0000] {processor.py:914} INFO - Processing file /usr/local/python/3.12.1/lib/python3.12/site-packages/airflow/example_dags/plugins/listener_plugin.py for tasks to queue
[2026-05-15T17:21:33.605+0000] {logging_mixin.py:190} INFO - [2026-05-15T17:21:33.605+0000] {dagbag.py:588} INFO - Filling up the DagBag from /usr/local/python/3.12.1/lib/python3.12/site-packages/airflow/example_dags/plugins/listener_plugin.py
[2026-05-15T17:21:33.608+0000] {processor.py:927} WARNING - No viable dags retrieved from /usr/local/python/3.12.1/lib/python3.12/site-packages/airflow/example_dags/plugins/listener_plugin.py
[2026-05-15T17:21:33.620+0000] {processor.py:208} INFO - Processing /usr/local/python/3.12.1/lib/python3.12/site-packages/airflow/example_dags/plugins/listener_plugin.py took 0.029 seconds
[2026-05-15T17:22:24.505+0000] {processor.py:186} INFO - Started process (PID=67525) to work on /usr/local/python/3.12.1/lib/python3.12/site-packages/airflow/example_dags/plugins/listener_plugin.py
[2026-05-15T17:22:24.506+0000] {processor.py:914} INFO - Processing file /usr/local/python/3.12.1/lib/python3.12/site-packages/airflow/example_dags/plugins/listener_plugin.py for tasks to queue
[2026-05-15T17:22:24.508+0000] {logging_mixin.py:190} INFO - [2026-05-15T17:22:24.508+0000] {dagbag.py:588} INFO - Filling up the DagBag from /usr/local/python/3.12.1/lib/python3.12/site-packages/airflow/example_dags/plugins/listener_plugin.py
[2026-05-15T17:22:24.510+0000] {processor.py:927} WARNING - No viable dags retrieved from /usr/local/python/3.12.1/lib/python3.12/site-packages/airflow/example_dags/plugins/listener_plugin.py
[2026-05-15T17:22:24.518+0000] {processor.py:208} INFO - Processing /usr/local/python/3.12.1/lib/python3.12/site-packages/airflow/example_dags/plugins/listener_plugin.py took 0.018 seconds
[2026-05-15T17:23:13.791+0000] {processor.py:186} INFO - Started process (PID=67966) to work on /usr/local/python/3.12.1/lib/python3.12/site-packages/airflow/example_dags/plugins/listener_plugin.py
[2026-05-15T17:23:13.792+0000] {processor.py:914} INFO - Processing file /usr/local/python/3.12.1/lib/python3.12/site-packages/airflow/example_dags/plugins/listener_plugin.py for tasks to queue
[2026-05-15T17:23:13.794+0000] {logging_mixin.py:190} INFO - [2026-05-15T17:23:13.793+0000] {dagbag.py:588} INFO - Filling up the DagBag from /usr/local/python/3.12.1/lib/python3.12/site-packages/airflow/example_dags/plugins/listener_plugin.py
[2026-05-15T17:23:13.795+0000] {processor.py:927} WARNING - No viable dags retrieved from /usr/local/python/3.12.1/lib/python3.12/site-packages/airflow/example_dags/plugins/listener_plugin.py
[2026-05-15T17:23:13.806+0000] {processor.py:208} INFO - Processing /usr/local/python/3.12.1/lib/python3.12/site-packages/airflow/example_dags/plugins/listener_plugin.py took 0.022 seconds
[2026-05-15T17:24:02.930+0000] {processor.py:186} INFO - Started process (PID=68490) to work on /usr/local/python/3.12.1/lib/python3.12/site-packages/airflow/example_dags/plugins/listener_plugin.py
[2026-05-15T17:24:02.931+0000] {processor.py:914} INFO - Processing file /usr/local/python/3.12.1/lib/python3.12/site-packages/airflow/example_dags/plugins/listener_plugin.py for tasks to queue
[2026-05-15T17:24:02.933+0000] {logging_mixin.py:190} INFO - [2026-05-15T17:24:02.932+0000] {dagbag.py:588} INFO - Filling up the DagBag from /usr/local/python/3.12.1/lib/python3.12/site-packages/airflow/example_dags/plugins/listener_plugin.py
[2026-05-15T17:24:02.934+0000] {processor.py:927} WARNING - No viable dags retrieved from /usr/local/python/3.12.1/lib/python3.12/site-packages/airflow/example_dags/plugins/listener_plugin.py
[2026-05-15T17:24:02.942+0000] {processor.py:208} INFO - Processing /usr/local/python/3.12.1/lib/python3.12/site-packages/airflow/example_dags/plugins/listener_plugin.py took 0.018 seconds
[2026-05-15T17:24:53.375+0000] {processor.py:186} INFO - Started process (PID=68935) to work on /usr/local/python/3.12.1/lib/python3.12/site-packages/airflow/example_dags/plugins/listener_plugin.py
[2026-05-15T17:24:53.376+0000] {processor.py:914} INFO - Processing file /usr/local/python/3.12.1/lib/python3.12/site-packages/airflow/example_dags/plugins/listener_plugin.py for tasks to queue
[2026-05-15T17:24:53.379+0000] {logging_mixin.py:190} INFO - [2026-05-15T17:24:53.378+0000] {dagbag.py:588} INFO - Filling up the DagBag from /usr/local/python/3.12.1/lib/python3.12/site-packages/airflow/example_dags/plugins/listener_plugin.py
[2026-05-15T17:24:53.381+0000] {processor.py:927} WARNING - No viable dags retrieved from /usr/local/python/3.12.1/lib/python3.12/site-packages/airflow/example_dags/plugins/listener_plugin.py
[2026-05-15T17:24:53.391+0000] {processor.py:208} INFO - Processing /usr/local/python/3.12.1/lib/python3.12/site-packages/airflow/example_dags/plugins/listener_plugin.py took 0.022 seconds
[2026-05-15T17:25:45.959+0000] {processor.py:186} INFO - Started process (PID=69363) to work on /usr/local/python/3.12.1/lib/python3.12/site-packages/airflow/example_dags/plugins/listener_plugin.py
[2026-05-15T17:25:45.960+0000] {processor.py:914} INFO - Processing file /usr/local/python/3.12.1/lib/python3.12/site-packages/airflow/example_dags/plugins/listener_plugin.py for tasks to queue
[2026-05-15T17:25:45.962+0000] {logging_mixin.py:190} INFO - [2026-05-15T17:25:45.962+0000] {dagbag.py:588} INFO - Filling up the DagBag from /usr/local/python/3.12.1/lib/python3.12/site-packages/airflow/example_dags/plugins/listener_plugin.py
[2026-05-15T17:25:45.964+0000] {processor.py:927} WARNING - No viable dags retrieved from /usr/local/python/3.12.1/lib/python3.12/site-packages/airflow/example_dags/plugins/listener_plugin.py
[2026-05-15T17:25:45.973+0000] {processor.py:208} INFO - Processing /usr/local/python/3.12.1/lib/python3.12/site-packages/airflow/example_dags/plugins/listener_plugin.py took 0.018 seconds
[2026-05-15T17:26:36.192+0000] {processor.py:186} INFO - Started process (PID=69788) to work on /usr/local/python/3.12.1/lib/python3.12/site-packages/airflow/example_dags/plugins/listener_plugin.py
[2026-05-15T17:26:36.193+0000] {processor.py:914} INFO - Processing file /usr/local/python/3.12.1/lib/python3.12/site-packages/airflow/example_dags/plugins/listener_plugin.py for tasks to queue
[2026-05-15T17:26:36.195+0000] {logging_mixin.py:190} INFO - [2026-05-15T17:26:36.195+0000] {dagbag.py:588} INFO - Filling up the DagBag from /usr/local/python/3.12.1/lib/python3.12/site-packages/airflow/example_dags/plugins/listener_plugin.py
[2026-05-15T17:26:36.198+0000] {processor.py:927} WARNING - No viable dags retrieved from /usr/local/python/3.12.1/lib/python3.12/site-packages/airflow/example_dags/plugins/listener_plugin.py
[2026-05-15T17:26:36.217+0000] {processor.py:208} INFO - Processing /usr/local/python/3.12.1/lib/python3.12/site-packages/airflow/example_dags/plugins/listener_plugin.py took 0.032 seconds
[2026-05-15T17:27:25.864+0000] {processor.py:186} INFO - Started process (PID=70307) to work on /usr/local/python/3.12.1/lib/python3.12/site-packages/airflow/example_dags/plugins/listener_plugin.py
[2026-05-15T17:27:25.865+0000] {processor.py:914} INFO - Processing file /usr/local/python/3.12.1/lib/python3.12/site-packages/airflow/example_dags/plugins/listener_plugin.py for tasks to queue
[2026-05-15T17:27:25.868+0000] {logging_mixin.py:190} INFO - [2026-05-15T17:27:25.868+0000] {dagbag.py:588} INFO - Filling up the DagBag from /usr/local/python/3.12.1/lib/python3.12/site-packages/airflow/example_dags/plugins/listener_plugin.py
[2026-05-15T17:27:25.870+0000] {processor.py:927} WARNING - No viable dags retrieved from /usr/local/python/3.12.1/lib/python3.12/site-packages/airflow/example_dags/plugins/listener_plugin.py
[2026-05-15T17:27:25.883+0000] {processor.py:208} INFO - Processing /usr/local/python/3.12.1/lib/python3.12/site-packages/airflow/example_dags/plugins/listener_plugin.py took 0.027 seconds
[2026-05-15T17:28:19.610+0000] {processor.py:186} INFO - Started process (PID=70838) to work on /usr/local/python/3.12.1/lib/python3.12/site-packages/airflow/example_dags/plugins/listener_plugin.py
[2026-05-15T17:28:19.611+0000] {processor.py:914} INFO - Processing file /usr/local/python/3.12.1/lib/python3.12/site-packages/airflow/example_dags/plugins/listener_plugin.py for tasks to queue
[2026-05-15T17:28:19.612+0000] {logging_mixin.py:190} INFO - [2026-05-15T17:28:19.612+0000] {dagbag.py:588} INFO - Filling up the DagBag from /usr/local/python/3.12.1/lib/python3.12/site-packages/airflow/example_dags/plugins/listener_plugin.py
[2026-05-15T17:28:19.614+0000] {processor.py:927} WARNING - No viable dags retrieved from /usr/local/python/3.12.1/lib/python3.12/site-packages/airflow/example_dags/plugins/listener_plugin.py
[2026-05-15T17:28:19.622+0000] {processor.py:208} INFO - Processing /usr/local/python/3.12.1/lib/python3.12/site-packages/airflow/example_dags/plugins/listener_plugin.py took 0.017 seconds
[2026-05-15T17:29:04.778+0000] {processor.py:186} INFO - Started process (PID=71300) to work on /usr/local/python/3.12.1/lib/python3.12/site-packages/airflow/example_dags/plugins/listener_plugin.py
[2026-05-15T17:29:04.779+0000] {processor.py:914} INFO - Processing file /usr/local/python/3.12.1/lib/python3.12/site-packages/airflow/example_dags/plugins/listener_plugin.py for tasks to queue
[2026-05-15T17:29:04.781+0000] {logging_mixin.py:190} INFO - [2026-05-15T17:29:04.781+0000] {dagbag.py:588} INFO - Filling up the DagBag from /usr/local/python/3.12.1/lib/python3.12/site-packages/airflow/example_dags/plugins/listener_plugin.py
[2026-05-15T17:29:04.784+0000] {processor.py:927} WARNING - No viable dags retrieved from /usr/local/python/3.12.1/lib/python3.12/site-packages/airflow/example_dags/plugins/listener_plugin.py
[2026-05-15T17:29:04.794+0000] {processor.py:208} INFO - Processing /usr/local/python/3.12.1/lib/python3.12/site-packages/airflow/example_dags/plugins/listener_plugin.py took 0.023 seconds
[2026-05-15T17:29:56.228+0000] {processor.py:186} INFO - Started process (PID=71751) to work on /usr/local/python/3.12.1/lib/python3.12/site-packages/airflow/example_dags/plugins/listener_plugin.py
[2026-05-15T17:29:56.228+0000] {processor.py:914} INFO - Processing file /usr/local/python/3.12.1/lib/python3.12/site-packages/airflow/example_dags/plugins/listener_plugin.py for tasks to queue
[2026-05-15T17:29:56.230+0000] {logging_mixin.py:190} INFO - [2026-05-15T17:29:56.230+0000] {dagbag.py:588} INFO - Filling up the DagBag from /usr/local/python/3.12.1/lib/python3.12/site-packages/airflow/example_dags/plugins/listener_plugin.py
[2026-05-15T17:29:56.232+0000] {processor.py:927} WARNING - No viable dags retrieved from /usr/local/python/3.12.1/lib/python3.12/site-packages/airflow/example_dags/plugins/listener_plugin.py
[2026-05-15T17:29:56.240+0000] {processor.py:208} INFO - Processing /usr/local/python/3.12.1/lib/python3.12/site-packages/airflow/example_dags/plugins/listener_plugin.py took 0.017 seconds
[2026-05-15T17:30:48.677+0000] {processor.py:186} INFO - Started process (PID=72366) to work on /usr/local/python/3.12.1/lib/python3.12/site-packages/airflow/example_dags/plugins/listener_plugin.py
[2026-05-15T17:30:48.678+0000] {processor.py:914} INFO - Processing file /usr/local/python/3.12.1/lib/python3.12/site-packages/airflow/example_dags/plugins/listener_plugin.py for tasks to queue
[2026-05-15T17:30:48.680+0000] {logging_mixin.py:190} INFO - [2026-05-15T17:30:48.679+0000] {dagbag.py:588} INFO - Filling up the DagBag from /usr/local/python/3.12.1/lib/python3.12/site-packages/airflow/example_dags/plugins/listener_plugin.py
[2026-05-15T17:30:48.682+0000] {processor.py:927} WARNING - No viable dags retrieved from /usr/local/python/3.12.1/lib/python3.12/site-packages/airflow/example_dags/plugins/listener_plugin.py
[2026-05-15T17:30:48.692+0000] {processor.py:208} INFO - Processing /usr/local/python/3.12.1/lib/python3.12/site-packages/airflow/example_dags/plugins/listener_plugin.py took 0.022 seconds
[2026-05-15T17:31:43.394+0000] {processor.py:186} INFO - Started process (PID=72862) to work on /usr/local/python/3.12.1/lib/python3.12/site-packages/airflow/example_dags/plugins/listener_plugin.py
[2026-05-15T17:31:43.394+0000] {processor.py:914} INFO - Processing file /usr/local/python/3.12.1/lib/python3.12/site-packages/airflow/example_dags/plugins/listener_plugin.py for tasks to queue
[2026-05-15T17:31:43.396+0000] {logging_mixin.py:190} INFO - [2026-05-15T17:31:43.396+0000] {dagbag.py:588} INFO - Filling up the DagBag from /usr/local/python/3.12.1/lib/python3.12/site-packages/airflow/example_dags/plugins/listener_plugin.py
[2026-05-15T17:31:43.398+0000] {processor.py:927} WARNING - No viable dags retrieved from /usr/local/python/3.12.1/lib/python3.12/site-packages/airflow/example_dags/plugins/listener_plugin.py
[2026-05-15T17:31:43.408+0000] {processor.py:208} INFO - Processing /usr/local/python/3.12.1/lib/python3.12/site-packages/airflow/example_dags/plugins/listener_plugin.py took 0.021 seconds
[2026-05-15T17:32:34.955+0000] {processor.py:186} INFO - Started process (PID=73323) to work on /usr/local/python/3.12.1/lib/python3.12/site-packages/airflow/example_dags/plugins/listener_plugin.py
[2026-05-15T17:32:34.955+0000] {processor.py:914} INFO - Processing file /usr/local/python/3.12.1/lib/python3.12/site-packages/airflow/example_dags/plugins/listener_plugin.py for tasks to queue
[2026-05-15T17:32:34.957+0000] {logging_mixin.py:190} INFO - [2026-05-15T17:32:34.957+0000] {dagbag.py:588} INFO - Filling up the DagBag from /usr/local/python/3.12.1/lib/python3.12/site-packages/airflow/example_dags/plugins/listener_plugin.py
[2026-05-15T17:32:34.959+0000] {processor.py:927} WARNING - No viable dags retrieved from /usr/local/python/3.12.1/lib/python3.12/site-packages/airflow/example_dags/plugins/listener_plugin.py
[2026-05-15T17:32:34.967+0000] {processor.py:208} INFO - Processing /usr/local/python/3.12.1/lib/python3.12/site-packages/airflow/example_dags/plugins/listener_plugin.py took 0.017 seconds
[2026-05-15T17:33:25.222+0000] {processor.py:186} INFO - Started process (PID=73950) to work on /usr/local/python/3.12.1/lib/python3.12/site-packages/airflow/example_dags/plugins/listener_plugin.py
[2026-05-15T17:33:25.223+0000] {processor.py:914} INFO - Processing file /usr/local/python/3.12.1/lib/python3.12/site-packages/airflow/example_dags/plugins/listener_plugin.py for tasks to queue
[2026-05-15T17:33:25.225+0000] {logging_mixin.py:190} INFO - [2026-05-15T17:33:25.225+0000] {dagbag.py:588} INFO - Filling up the DagBag from /usr/local/python/3.12.1/lib/python3.12/site-packages/airflow/example_dags/plugins/listener_plugin.py
[2026-05-15T17:33:25.227+0000] {processor.py:927} WARNING - No viable dags retrieved from /usr/local/python/3.12.1/lib/python3.12/site-packages/airflow/example_dags/plugins/listener_plugin.py
[2026-05-15T17:33:25.236+0000] {processor.py:208} INFO - Processing /usr/local/python/3.12.1/lib/python3.12/site-packages/airflow/example_dags/plugins/listener_plugin.py took 0.020 seconds
[2026-05-15T17:34:17.235+0000] {processor.py:186} INFO - Started process (PID=74997) to work on /usr/local/python/3.12.1/lib/python3.12/site-packages/airflow/example_dags/plugins/listener_plugin.py
[2026-05-15T17:34:17.237+0000] {processor.py:914} INFO - Processing file /usr/local/python/3.12.1/lib/python3.12/site-packages/airflow/example_dags/plugins/listener_plugin.py for tasks to queue
[2026-05-15T17:34:17.240+0000] {logging_mixin.py:190} INFO - [2026-05-15T17:34:17.239+0000] {dagbag.py:588} INFO - Filling up the DagBag from /usr/local/python/3.12.1/lib/python3.12/site-packages/airflow/example_dags/plugins/listener_plugin.py
[2026-05-15T17:34:17.246+0000] {processor.py:927} WARNING - No viable dags retrieved from /usr/local/python/3.12.1/lib/python3.12/site-packages/airflow/example_dags/plugins/listener_plugin.py
[2026-05-15T17:34:17.273+0000] {processor.py:208} INFO - Processing /usr/local/python/3.12.1/lib/python3.12/site-packages/airflow/example_dags/plugins/listener_plugin.py took 0.049 seconds
[2026-05-15T17:35:13.908+0000] {processor.py:186} INFO - Started process (PID=75698) to work on /usr/local/python/3.12.1/lib/python3.12/site-packages/airflow/example_dags/plugins/listener_plugin.py
[2026-05-15T17:35:13.921+0000] {processor.py:914} INFO - Processing file /usr/local/python/3.12.1/lib/python3.12/site-packages/airflow/example_dags/plugins/listener_plugin.py for tasks to queue
[2026-05-15T17:35:13.929+0000] {logging_mixin.py:190} INFO - [2026-05-15T17:35:13.928+0000] {dagbag.py:588} INFO - Filling up the DagBag from /usr/local/python/3.12.1/lib/python3.12/site-packages/airflow/example_dags/plugins/listener_plugin.py
[2026-05-15T17:35:13.934+0000] {processor.py:927} WARNING - No viable dags retrieved from /usr/local/python/3.12.1/lib/python3.12/site-packages/airflow/example_dags/plugins/listener_plugin.py
[2026-05-15T17:35:14.022+0000] {processor.py:208} INFO - Processing /usr/local/python/3.12.1/lib/python3.12/site-packages/airflow/example_dags/plugins/listener_plugin.py took 0.135 seconds
[2026-05-15T17:36:04.030+0000] {processor.py:186} INFO - Started process (PID=76201) to work on /usr/local/python/3.12.1/lib/python3.12/site-packages/airflow/example_dags/plugins/listener_plugin.py
[2026-05-15T17:36:04.031+0000] {processor.py:914} INFO - Processing file /usr/local/python/3.12.1/lib/python3.12/site-packages/airflow/example_dags/plugins/listener_plugin.py for tasks to queue
[2026-05-15T17:36:04.033+0000] {logging_mixin.py:190} INFO - [2026-05-15T17:36:04.032+0000] {dagbag.py:588} INFO - Filling up the DagBag from /usr/local/python/3.12.1/lib/python3.12/site-packages/airflow/example_dags/plugins/listener_plugin.py
[2026-05-15T17:36:04.034+0000] {processor.py:927} WARNING - No viable dags retrieved from /usr/local/python/3.12.1/lib/python3.12/site-packages/airflow/example_dags/plugins/listener_plugin.py
[2026-05-15T17:36:04.042+0000] {processor.py:208} INFO - Processing /usr/local/python/3.12.1/lib/python3.12/site-packages/airflow/example_dags/plugins/listener_plugin.py took 0.017 seconds
[2026-05-15T17:36:53.572+0000] {processor.py:186} INFO - Started process (PID=76713) to work on /usr/local/python/3.12.1/lib/python3.12/site-packages/airflow/example_dags/plugins/listener_plugin.py
[2026-05-15T17:36:53.575+0000] {processor.py:914} INFO - Processing file /usr/local/python/3.12.1/lib/python3.12/site-packages/airflow/example_dags/plugins/listener_plugin.py for tasks to queue
[2026-05-15T17:36:53.577+0000] {logging_mixin.py:190} INFO - [2026-05-15T17:36:53.576+0000] {dagbag.py:588} INFO - Filling up the DagBag from /usr/local/python/3.12.1/lib/python3.12/site-packages/airflow/example_dags/plugins/listener_plugin.py
[2026-05-15T17:36:53.579+0000] {processor.py:927} WARNING - No viable dags retrieved from /usr/local/python/3.12.1/lib/python3.12/site-packages/airflow/example_dags/plugins/listener_plugin.py
[2026-05-15T17:36:53.589+0000] {processor.py:208} INFO - Processing /usr/local/python/3.12.1/lib/python3.12/site-packages/airflow/example_dags/plugins/listener_plugin.py took 0.028 seconds
[2026-05-15T17:37:42.048+0000] {processor.py:186} INFO - Started process (PID=77165) to work on /usr/local/python/3.12.1/lib/python3.12/site-packages/airflow/example_dags/plugins/listener_plugin.py
[2026-05-15T17:37:42.049+0000] {processor.py:914} INFO - Processing file /usr/local/python/3.12.1/lib/python3.12/site-packages/airflow/example_dags/plugins/listener_plugin.py for tasks to queue
[2026-05-15T17:37:42.053+0000] {logging_mixin.py:190} INFO - [2026-05-15T17:37:42.053+0000] {dagbag.py:588} INFO - Filling up the DagBag from /usr/local/python/3.12.1/lib/python3.12/site-packages/airflow/example_dags/plugins/listener_plugin.py
[2026-05-15T17:37:42.060+0000] {processor.py:927} WARNING - No viable dags retrieved from /usr/local/python/3.12.1/lib/python3.12/site-packages/airflow/example_dags/plugins/listener_plugin.py
[2026-05-15T17:37:42.081+0000] {processor.py:208} INFO - Processing /usr/local/python/3.12.1/lib/python3.12/site-packages/airflow/example_dags/plugins/listener_plugin.py took 0.052 seconds
[2026-05-15T17:38:34.370+0000] {processor.py:186} INFO - Started process (PID=77697) to work on /usr/local/python/3.12.1/lib/python3.12/site-packages/airflow/example_dags/plugins/listener_plugin.py
[2026-05-15T17:38:34.371+0000] {processor.py:914} INFO - Processing file /usr/local/python/3.12.1/lib/python3.12/site-packages/airflow/example_dags/plugins/listener_plugin.py for tasks to queue
[2026-05-15T17:38:34.375+0000] {logging_mixin.py:190} INFO - [2026-05-15T17:38:34.374+0000] {dagbag.py:588} INFO - Filling up the DagBag from /usr/local/python/3.12.1/lib/python3.12/site-packages/airflow/example_dags/plugins/listener_plugin.py
[2026-05-15T17:38:34.377+0000] {processor.py:927} WARNING - No viable dags retrieved from /usr/local/python/3.12.1/lib/python3.12/site-packages/airflow/example_dags/plugins/listener_plugin.py
[2026-05-15T17:38:34.388+0000] {processor.py:208} INFO - Processing /usr/local/python/3.12.1/lib/python3.12/site-packages/airflow/example_dags/plugins/listener_plugin.py took 0.024 seconds
[2026-05-15T17:39:30.548+0000] {processor.py:186} INFO - Started process (PID=78434) to work on /usr/local/python/3.12.1/lib/python3.12/site-packages/airflow/example_dags/plugins/listener_plugin.py
[2026-05-15T17:39:30.549+0000] {processor.py:914} INFO - Processing file /usr/local/python/3.12.1/lib/python3.12/site-packages/airflow/example_dags/plugins/listener_plugin.py for tasks to queue
[2026-05-15T17:39:30.552+0000] {logging_mixin.py:190} INFO - [2026-05-15T17:39:30.551+0000] {dagbag.py:588} INFO - Filling up the DagBag from /usr/local/python/3.12.1/lib/python3.12/site-packages/airflow/example_dags/plugins/listener_plugin.py
[2026-05-15T17:39:30.554+0000] {processor.py:927} WARNING - No viable dags retrieved from /usr/local/python/3.12.1/lib/python3.12/site-packages/airflow/example_dags/plugins/listener_plugin.py
[2026-05-15T17:39:30.566+0000] {processor.py:208} INFO - Processing /usr/local/python/3.12.1/lib/python3.12/site-packages/airflow/example_dags/plugins/listener_plugin.py took 0.027 seconds
[2026-05-15T17:40:28.749+0000] {processor.py:186} INFO - Started process (PID=79060) to work on /usr/local/python/3.12.1/lib/python3.12/site-packages/airflow/example_dags/plugins/listener_plugin.py
[2026-05-15T17:40:28.750+0000] {processor.py:914} INFO - Processing file /usr/local/python/3.12.1/lib/python3.12/site-packages/airflow/example_dags/plugins/listener_plugin.py for tasks to queue
[2026-05-15T17:40:28.752+0000] {logging_mixin.py:190} INFO - [2026-05-15T17:40:28.752+0000] {dagbag.py:588} INFO - Filling up the DagBag from /usr/local/python/3.12.1/lib/python3.12/site-packages/airflow/example_dags/plugins/listener_plugin.py
[2026-05-15T17:40:28.754+0000] {processor.py:927} WARNING - No viable dags retrieved from /usr/local/python/3.12.1/lib/python3.12/site-packages/airflow/example_dags/plugins/listener_plugin.py
[2026-05-15T17:40:28.762+0000] {processor.py:208} INFO - Processing /usr/local/python/3.12.1/lib/python3.12/site-packages/airflow/example_dags/plugins/listener_plugin.py took 0.019 seconds
[2026-05-15T17:41:21.413+0000] {processor.py:186} INFO - Started process (PID=79605) to work on /usr/local/python/3.12.1/lib/python3.12/site-packages/airflow/example_dags/plugins/listener_plugin.py
[2026-05-15T17:41:21.414+0000] {processor.py:914} INFO - Processing file /usr/local/python/3.12.1/lib/python3.12/site-packages/airflow/example_dags/plugins/listener_plugin.py for tasks to queue
[2026-05-15T17:41:21.416+0000] {logging_mixin.py:190} INFO - [2026-05-15T17:41:21.415+0000] {dagbag.py:588} INFO - Filling up the DagBag from /usr/local/python/3.12.1/lib/python3.12/site-packages/airflow/example_dags/plugins/listener_plugin.py
[2026-05-15T17:41:21.417+0000] {processor.py:927} WARNING - No viable dags retrieved from /usr/local/python/3.12.1/lib/python3.12/site-packages/airflow/example_dags/plugins/listener_plugin.py
[2026-05-15T17:41:21.425+0000] {processor.py:208} INFO - Processing /usr/local/python/3.12.1/lib/python3.12/site-packages/airflow/example_dags/plugins/listener_plugin.py took 0.020 seconds
[2026-05-15T17:42:12.994+0000] {processor.py:186} INFO - Started process (PID=80139) to work on /usr/local/python/3.12.1/lib/python3.12/site-packages/airflow/example_dags/plugins/listener_plugin.py
[2026-05-15T17:42:12.995+0000] {processor.py:914} INFO - Processing file /usr/local/python/3.12.1/lib/python3.12/site-packages/airflow/example_dags/plugins/listener_plugin.py for tasks to queue
[2026-05-15T17:42:12.998+0000] {logging_mixin.py:190} INFO - [2026-05-15T17:42:12.997+0000] {dagbag.py:588} INFO - Filling up the DagBag from /usr/local/python/3.12.1/lib/python3.12/site-packages/airflow/example_dags/plugins/listener_plugin.py
[2026-05-15T17:42:13.000+0000] {processor.py:927} WARNING - No viable dags retrieved from /usr/local/python/3.12.1/lib/python3.12/site-packages/airflow/example_dags/plugins/listener_plugin.py
[2026-05-15T17:42:13.012+0000] {processor.py:208} INFO - Processing /usr/local/python/3.12.1/lib/python3.12/site-packages/airflow/example_dags/plugins/listener_plugin.py took 0.025 seconds
[2026-05-15T17:43:04.558+0000] {processor.py:186} INFO - Started process (PID=80684) to work on /usr/local/python/3.12.1/lib/python3.12/site-packages/airflow/example_dags/plugins/listener_plugin.py
[2026-05-15T17:43:04.559+0000] {processor.py:914} INFO - Processing file /usr/local/python/3.12.1/lib/python3.12/site-packages/airflow/example_dags/plugins/listener_plugin.py for tasks to queue
[2026-05-15T17:43:04.561+0000] {logging_mixin.py:190} INFO - [2026-05-15T17:43:04.560+0000] {dagbag.py:588} INFO - Filling up the DagBag from /usr/local/python/3.12.1/lib/python3.12/site-packages/airflow/example_dags/plugins/listener_plugin.py
[2026-05-15T17:43:04.562+0000] {processor.py:927} WARNING - No viable dags retrieved from /usr/local/python/3.12.1/lib/python3.12/site-packages/airflow/example_dags/plugins/listener_plugin.py
[2026-05-15T17:43:04.570+0000] {processor.py:208} INFO - Processing /usr/local/python/3.12.1/lib/python3.12/site-packages/airflow/example_dags/plugins/listener_plugin.py took 0.017 seconds
[2026-05-15T17:43:56.122+0000] {processor.py:186} INFO - Started process (PID=81267) to work on /usr/local/python/3.12.1/lib/python3.12/site-packages/airflow/example_dags/plugins/listener_plugin.py
[2026-05-15T17:43:56.123+0000] {processor.py:914} INFO - Processing file /usr/local/python/3.12.1/lib/python3.12/site-packages/airflow/example_dags/plugins/listener_plugin.py for tasks to queue
[2026-05-15T17:43:56.125+0000] {logging_mixin.py:190} INFO - [2026-05-15T17:43:56.124+0000] {dagbag.py:588} INFO - Filling up the DagBag from /usr/local/python/3.12.1/lib/python3.12/site-packages/airflow/example_dags/plugins/listener_plugin.py
[2026-05-15T17:43:56.126+0000] {processor.py:927} WARNING - No viable dags retrieved from /usr/local/python/3.12.1/lib/python3.12/site-packages/airflow/example_dags/plugins/listener_plugin.py
[2026-05-15T17:43:56.134+0000] {processor.py:208} INFO - Processing /usr/local/python/3.12.1/lib/python3.12/site-packages/airflow/example_dags/plugins/listener_plugin.py took 0.017 seconds
[2026-05-15T17:44:44.064+0000] {processor.py:186} INFO - Started process (PID=81698) to work on /usr/local/python/3.12.1/lib/python3.12/site-packages/airflow/example_dags/plugins/listener_plugin.py
[2026-05-15T17:44:44.065+0000] {processor.py:914} INFO - Processing file /usr/local/python/3.12.1/lib/python3.12/site-packages/airflow/example_dags/plugins/listener_plugin.py for tasks to queue
[2026-05-15T17:44:44.068+0000] {logging_mixin.py:190} INFO - [2026-05-15T17:44:44.067+0000] {dagbag.py:588} INFO - Filling up the DagBag from /usr/local/python/3.12.1/lib/python3.12/site-packages/airflow/example_dags/plugins/listener_plugin.py
[2026-05-15T17:44:44.070+0000] {processor.py:927} WARNING - No viable dags retrieved from /usr/local/python/3.12.1/lib/python3.12/site-packages/airflow/example_dags/plugins/listener_plugin.py
[2026-05-15T17:44:44.082+0000] {processor.py:208} INFO - Processing /usr/local/python/3.12.1/lib/python3.12/site-packages/airflow/example_dags/plugins/listener_plugin.py took 0.024 seconds
[2026-05-15T17:45:38.037+0000] {processor.py:186} INFO - Started process (PID=82322) to work on /usr/local/python/3.12.1/lib/python3.12/site-packages/airflow/example_dags/plugins/listener_plugin.py
[2026-05-15T17:45:38.042+0000] {processor.py:914} INFO - Processing file /usr/local/python/3.12.1/lib/python3.12/site-packages/airflow/example_dags/plugins/listener_plugin.py for tasks to queue
[2026-05-15T17:45:38.051+0000] {logging_mixin.py:190} INFO - [2026-05-15T17:45:38.051+0000] {dagbag.py:588} INFO - Filling up the DagBag from /usr/local/python/3.12.1/lib/python3.12/site-packages/airflow/example_dags/plugins/listener_plugin.py
[2026-05-15T17:45:38.054+0000] {processor.py:927} WARNING - No viable dags retrieved from /usr/local/python/3.12.1/lib/python3.12/site-packages/airflow/example_dags/plugins/listener_plugin.py
[2026-05-15T17:45:38.075+0000] {processor.py:208} INFO - Processing /usr/local/python/3.12.1/lib/python3.12/site-packages/airflow/example_dags/plugins/listener_plugin.py took 0.075 seconds
[2026-05-15T17:46:27.118+0000] {processor.py:186} INFO - Started process (PID=82837) to work on /usr/local/python/3.12.1/lib/python3.12/site-packages/airflow/example_dags/plugins/listener_plugin.py
[2026-05-15T17:46:27.119+0000] {processor.py:914} INFO - Processing file /usr/local/python/3.12.1/lib/python3.12/site-packages/airflow/example_dags/plugins/listener_plugin.py for tasks to queue
[2026-05-15T17:46:27.122+0000] {logging_mixin.py:190} INFO - [2026-05-15T17:46:27.121+0000] {dagbag.py:588} INFO - Filling up the DagBag from /usr/local/python/3.12.1/lib/python3.12/site-packages/airflow/example_dags/plugins/listener_plugin.py
[2026-05-15T17:46:27.124+0000] {processor.py:927} WARNING - No viable dags retrieved from /usr/local/python/3.12.1/lib/python3.12/site-packages/airflow/example_dags/plugins/listener_plugin.py
[2026-05-15T17:46:27.136+0000] {processor.py:208} INFO - Processing /usr/local/python/3.12.1/lib/python3.12/site-packages/airflow/example_dags/plugins/listener_plugin.py took 0.025 seconds
[2026-05-15T17:47:17.517+0000] {processor.py:186} INFO - Started process (PID=83356) to work on /usr/local/python/3.12.1/lib/python3.12/site-packages/airflow/example_dags/plugins/listener_plugin.py
[2026-05-15T17:47:17.517+0000] {processor.py:914} INFO - Processing file /usr/local/python/3.12.1/lib/python3.12/site-packages/airflow/example_dags/plugins/listener_plugin.py for tasks to queue
[2026-05-15T17:47:17.519+0000] {logging_mixin.py:190} INFO - [2026-05-15T17:47:17.519+0000] {dagbag.py:588} INFO - Filling up the DagBag from /usr/local/python/3.12.1/lib/python3.12/site-packages/airflow/example_dags/plugins/listener_plugin.py
[2026-05-15T17:47:17.521+0000] {processor.py:927} WARNING - No viable dags retrieved from /usr/local/python/3.12.1/lib/python3.12/site-packages/airflow/example_dags/plugins/listener_plugin.py
[2026-05-15T17:47:17.529+0000] {processor.py:208} INFO - Processing /usr/local/python/3.12.1/lib/python3.12/site-packages/airflow/example_dags/plugins/listener_plugin.py took 0.018 seconds
[2026-05-15T17:48:09.249+0000] {processor.py:186} INFO - Started process (PID=83889) to work on /usr/local/python/3.12.1/lib/python3.12/site-packages/airflow/example_dags/plugins/listener_plugin.py
[2026-05-15T17:48:09.250+0000] {processor.py:914} INFO - Processing file /usr/local/python/3.12.1/lib/python3.12/site-packages/airflow/example_dags/plugins/listener_plugin.py for tasks to queue
[2026-05-15T17:48:09.252+0000] {logging_mixin.py:190} INFO - [2026-05-15T17:48:09.251+0000] {dagbag.py:588} INFO - Filling up the DagBag from /usr/local/python/3.12.1/lib/python3.12/site-packages/airflow/example_dags/plugins/listener_plugin.py
[2026-05-15T17:48:09.253+0000] {processor.py:927} WARNING - No viable dags retrieved from /usr/local/python/3.12.1/lib/python3.12/site-packages/airflow/example_dags/plugins/listener_plugin.py
[2026-05-15T17:48:09.261+0000] {processor.py:208} INFO - Processing /usr/local/python/3.12.1/lib/python3.12/site-packages/airflow/example_dags/plugins/listener_plugin.py took 0.017 seconds
[2026-05-15T17:49:02.615+0000] {processor.py:186} INFO - Started process (PID=84515) to work on /usr/local/python/3.12.1/lib/python3.12/site-packages/airflow/example_dags/plugins/listener_plugin.py
[2026-05-15T17:49:02.616+0000] {processor.py:914} INFO - Processing file /usr/local/python/3.12.1/lib/python3.12/site-packages/airflow/example_dags/plugins/listener_plugin.py for tasks to queue
[2026-05-15T17:49:02.618+0000] {logging_mixin.py:190} INFO - [2026-05-15T17:49:02.618+0000] {dagbag.py:588} INFO - Filling up the DagBag from /usr/local/python/3.12.1/lib/python3.12/site-packages/airflow/example_dags/plugins/listener_plugin.py
[2026-05-15T17:49:02.620+0000] {processor.py:927} WARNING - No viable dags retrieved from /usr/local/python/3.12.1/lib/python3.12/site-packages/airflow/example_dags/plugins/listener_plugin.py
[2026-05-15T17:49:02.627+0000] {processor.py:208} INFO - Processing /usr/local/python/3.12.1/lib/python3.12/site-packages/airflow/example_dags/plugins/listener_plugin.py took 0.017 seconds
[2026-05-15T17:49:58.132+0000] {processor.py:186} INFO - Started process (PID=85097) to work on /usr/local/python/3.12.1/lib/python3.12/site-packages/airflow/example_dags/plugins/listener_plugin.py
[2026-05-15T17:49:58.132+0000] {processor.py:914} INFO - Processing file /usr/local/python/3.12.1/lib/python3.12/site-packages/airflow/example_dags/plugins/listener_plugin.py for tasks to queue
[2026-05-15T17:49:58.135+0000] {logging_mixin.py:190} INFO - [2026-05-15T17:49:58.134+0000] {dagbag.py:588} INFO - Filling up the DagBag from /usr/local/python/3.12.1/lib/python3.12/site-packages/airflow/example_dags/plugins/listener_plugin.py
[2026-05-15T17:49:58.137+0000] {processor.py:927} WARNING - No viable dags retrieved from /usr/local/python/3.12.1/lib/python3.12/site-packages/airflow/example_dags/plugins/listener_plugin.py
[2026-05-15T17:49:58.149+0000] {processor.py:208} INFO - Processing /usr/local/python/3.12.1/lib/python3.12/site-packages/airflow/example_dags/plugins/listener_plugin.py took 0.025 seconds
[2026-05-15T17:50:53.684+0000] {processor.py:186} INFO - Started process (PID=85669) to work on /usr/local/python/3.12.1/lib/python3.12/site-packages/airflow/example_dags/plugins/listener_plugin.py
[2026-05-15T17:50:53.685+0000] {processor.py:914} INFO - Processing file /usr/local/python/3.12.1/lib/python3.12/site-packages/airflow/example_dags/plugins/listener_plugin.py for tasks to queue
[2026-05-15T17:50:53.687+0000] {logging_mixin.py:190} INFO - [2026-05-15T17:50:53.687+0000] {dagbag.py:588} INFO - Filling up the DagBag from /usr/local/python/3.12.1/lib/python3.12/site-packages/airflow/example_dags/plugins/listener_plugin.py
[2026-05-15T17:50:53.689+0000] {processor.py:927} WARNING - No viable dags retrieved from /usr/local/python/3.12.1/lib/python3.12/site-packages/airflow/example_dags/plugins/listener_plugin.py
[2026-05-15T17:50:53.698+0000] {processor.py:208} INFO - Processing /usr/local/python/3.12.1/lib/python3.12/site-packages/airflow/example_dags/plugins/listener_plugin.py took 0.022 seconds
[2026-05-15T17:51:45.544+0000] {processor.py:186} INFO - Started process (PID=86129) to work on /usr/local/python/3.12.1/lib/python3.12/site-packages/airflow/example_dags/plugins/listener_plugin.py
[2026-05-15T17:51:45.545+0000] {processor.py:914} INFO - Processing file /usr/local/python/3.12.1/lib/python3.12/site-packages/airflow/example_dags/plugins/listener_plugin.py for tasks to queue
[2026-05-15T17:51:45.547+0000] {logging_mixin.py:190} INFO - [2026-05-15T17:51:45.547+0000] {dagbag.py:588} INFO - Filling up the DagBag from /usr/local/python/3.12.1/lib/python3.12/site-packages/airflow/example_dags/plugins/listener_plugin.py
[2026-05-15T17:51:45.551+0000] {processor.py:927} WARNING - No viable dags retrieved from /usr/local/python/3.12.1/lib/python3.12/site-packages/airflow/example_dags/plugins/listener_plugin.py
[2026-05-15T17:51:45.563+0000] {processor.py:208} INFO - Processing /usr/local/python/3.12.1/lib/python3.12/site-packages/airflow/example_dags/plugins/listener_plugin.py took 0.028 seconds
[2026-05-15T17:52:37.397+0000] {processor.py:186} INFO - Started process (PID=86671) to work on /usr/local/python/3.12.1/lib/python3.12/site-packages/airflow/example_dags/plugins/listener_plugin.py
[2026-05-15T17:52:37.398+0000] {processor.py:914} INFO - Processing file /usr/local/python/3.12.1/lib/python3.12/site-packages/airflow/example_dags/plugins/listener_plugin.py for tasks to queue
[2026-05-15T17:52:37.401+0000] {logging_mixin.py:190} INFO - [2026-05-15T17:52:37.400+0000] {dagbag.py:588} INFO - Filling up the DagBag from /usr/local/python/3.12.1/lib/python3.12/site-packages/airflow/example_dags/plugins/listener_plugin.py
[2026-05-15T17:52:37.403+0000] {processor.py:927} WARNING - No viable dags retrieved from /usr/local/python/3.12.1/lib/python3.12/site-packages/airflow/example_dags/plugins/listener_plugin.py
[2026-05-15T17:52:37.415+0000] {processor.py:208} INFO - Processing /usr/local/python/3.12.1/lib/python3.12/site-packages/airflow/example_dags/plugins/listener_plugin.py took 0.030 seconds
[2026-05-15T17:53:34.043+0000] {processor.py:186} INFO - Started process (PID=87206) to work on /usr/local/python/3.12.1/lib/python3.12/site-packages/airflow/example_dags/plugins/listener_plugin.py
[2026-05-15T17:53:34.043+0000] {processor.py:914} INFO - Processing file /usr/local/python/3.12.1/lib/python3.12/site-packages/airflow/example_dags/plugins/listener_plugin.py for tasks to queue
[2026-05-15T17:53:34.045+0000] {logging_mixin.py:190} INFO - [2026-05-15T17:53:34.045+0000] {dagbag.py:588} INFO - Filling up the DagBag from /usr/local/python/3.12.1/lib/python3.12/site-packages/airflow/example_dags/plugins/listener_plugin.py
[2026-05-15T17:53:34.047+0000] {processor.py:927} WARNING - No viable dags retrieved from /usr/local/python/3.12.1/lib/python3.12/site-packages/airflow/example_dags/plugins/listener_plugin.py
[2026-05-15T17:53:34.055+0000] {processor.py:208} INFO - Processing /usr/local/python/3.12.1/lib/python3.12/site-packages/airflow/example_dags/plugins/listener_plugin.py took 0.018 seconds
[2026-05-15T17:54:29.730+0000] {processor.py:186} INFO - Started process (PID=87833) to work on /usr/local/python/3.12.1/lib/python3.12/site-packages/airflow/example_dags/plugins/listener_plugin.py
[2026-05-15T17:54:29.730+0000] {processor.py:914} INFO - Processing file /usr/local/python/3.12.1/lib/python3.12/site-packages/airflow/example_dags/plugins/listener_plugin.py for tasks to queue
[2026-05-15T17:54:29.732+0000] {logging_mixin.py:190} INFO - [2026-05-15T17:54:29.732+0000] {dagbag.py:588} INFO - Filling up the DagBag from /usr/local/python/3.12.1/lib/python3.12/site-packages/airflow/example_dags/plugins/listener_plugin.py
[2026-05-15T17:54:29.734+0000] {processor.py:927} WARNING - No viable dags retrieved from /usr/local/python/3.12.1/lib/python3.12/site-packages/airflow/example_dags/plugins/listener_plugin.py
[2026-05-15T17:54:29.742+0000] {processor.py:208} INFO - Processing /usr/local/python/3.12.1/lib/python3.12/site-packages/airflow/example_dags/plugins/listener_plugin.py took 0.020 seconds
[2026-05-15T17:55:24.541+0000] {processor.py:186} INFO - Started process (PID=88480) to work on /usr/local/python/3.12.1/lib/python3.12/site-packages/airflow/example_dags/plugins/listener_plugin.py
[2026-05-15T17:55:24.542+0000] {processor.py:914} INFO - Processing file /usr/local/python/3.12.1/lib/python3.12/site-packages/airflow/example_dags/plugins/listener_plugin.py for tasks to queue
[2026-05-15T17:55:24.543+0000] {logging_mixin.py:190} INFO - [2026-05-15T17:55:24.543+0000] {dagbag.py:588} INFO - Filling up the DagBag from /usr/local/python/3.12.1/lib/python3.12/site-packages/airflow/example_dags/plugins/listener_plugin.py
[2026-05-15T17:55:24.545+0000] {processor.py:927} WARNING - No viable dags retrieved from /usr/local/python/3.12.1/lib/python3.12/site-packages/airflow/example_dags/plugins/listener_plugin.py
[2026-05-15T17:55:24.553+0000] {processor.py:208} INFO - Processing /usr/local/python/3.12.1/lib/python3.12/site-packages/airflow/example_dags/plugins/listener_plugin.py took 0.017 seconds
[2026-05-15T17:55:57.049+0000] {processor.py:186} INFO - Started process (PID=88824) to work on /usr/local/python/3.12.1/lib/python3.12/site-packages/airflow/example_dags/plugins/listener_plugin.py
[2026-05-15T17:55:57.049+0000] {processor.py:914} INFO - Processing file /usr/local/python/3.12.1/lib/python3.12/site-packages/airflow/example_dags/plugins/listener_plugin.py for tasks to queue
[2026-05-15T17:55:57.051+0000] {logging_mixin.py:190} INFO - [2026-05-15T17:55:57.051+0000] {dagbag.py:588} INFO - Filling up the DagBag from /usr/local/python/3.12.1/lib/python3.12/site-packages/airflow/example_dags/plugins/listener_plugin.py
[2026-05-15T17:55:57.052+0000] {processor.py:927} WARNING - No viable dags retrieved from /usr/local/python/3.12.1/lib/python3.12/site-packages/airflow/example_dags/plugins/listener_plugin.py
[2026-05-15T17:55:57.061+0000] {processor.py:208} INFO - Processing /usr/local/python/3.12.1/lib/python3.12/site-packages/airflow/example_dags/plugins/listener_plugin.py took 0.017 seconds
[2026-05-15T17:57:34.123+0000] {processor.py:186} INFO - Started process (PID=89959) to work on /usr/local/python/3.12.1/lib/python3.12/site-packages/airflow/example_dags/plugins/listener_plugin.py
[2026-05-15T17:57:34.124+0000] {processor.py:914} INFO - Processing file /usr/local/python/3.12.1/lib/python3.12/site-packages/airflow/example_dags/plugins/listener_plugin.py for tasks to queue
[2026-05-15T17:57:34.126+0000] {logging_mixin.py:190} INFO - [2026-05-15T17:57:34.126+0000] {dagbag.py:588} INFO - Filling up the DagBag from /usr/local/python/3.12.1/lib/python3.12/site-packages/airflow/example_dags/plugins/listener_plugin.py
[2026-05-15T17:57:34.129+0000] {processor.py:927} WARNING - No viable dags retrieved from /usr/local/python/3.12.1/lib/python3.12/site-packages/airflow/example_dags/plugins/listener_plugin.py
[2026-05-15T17:57:34.146+0000] {processor.py:208} INFO - Processing /usr/local/python/3.12.1/lib/python3.12/site-packages/airflow/example_dags/plugins/listener_plugin.py took 0.030 seconds
[2026-05-15T17:58:30.255+0000] {processor.py:186} INFO - Started process (PID=90661) to work on /usr/local/python/3.12.1/lib/python3.12/site-packages/airflow/example_dags/plugins/listener_plugin.py
[2026-05-15T17:58:30.255+0000] {processor.py:914} INFO - Processing file /usr/local/python/3.12.1/lib/python3.12/site-packages/airflow/example_dags/plugins/listener_plugin.py for tasks to queue
[2026-05-15T17:58:30.257+0000] {logging_mixin.py:190} INFO - [2026-05-15T17:58:30.257+0000] {dagbag.py:588} INFO - Filling up the DagBag from /usr/local/python/3.12.1/lib/python3.12/site-packages/airflow/example_dags/plugins/listener_plugin.py
[2026-05-15T17:58:30.259+0000] {processor.py:927} WARNING - No viable dags retrieved from /usr/local/python/3.12.1/lib/python3.12/site-packages/airflow/example_dags/plugins/listener_plugin.py
[2026-05-15T17:58:30.267+0000] {processor.py:208} INFO - Processing /usr/local/python/3.12.1/lib/python3.12/site-packages/airflow/example_dags/plugins/listener_plugin.py took 0.017 seconds
[2026-05-15T17:59:17.552+0000] {processor.py:186} INFO - Started process (PID=91158) to work on /usr/local/python/3.12.1/lib/python3.12/site-packages/airflow/example_dags/plugins/listener_plugin.py
[2026-05-15T17:59:17.553+0000] {processor.py:914} INFO - Processing file /usr/local/python/3.12.1/lib/python3.12/site-packages/airflow/example_dags/plugins/listener_plugin.py for tasks to queue
[2026-05-15T17:59:17.554+0000] {logging_mixin.py:190} INFO - [2026-05-15T17:59:17.554+0000] {dagbag.py:588} INFO - Filling up the DagBag from /usr/local/python/3.12.1/lib/python3.12/site-packages/airflow/example_dags/plugins/listener_plugin.py
[2026-05-15T17:59:17.556+0000] {processor.py:927} WARNING - No viable dags retrieved from /usr/local/python/3.12.1/lib/python3.12/site-packages/airflow/example_dags/plugins/listener_plugin.py
[2026-05-15T17:59:17.565+0000] {processor.py:208} INFO - Processing /usr/local/python/3.12.1/lib/python3.12/site-packages/airflow/example_dags/plugins/listener_plugin.py took 0.017 seconds
[2026-05-15T18:00:06.253+0000] {processor.py:186} INFO - Started process (PID=91749) to work on /usr/local/python/3.12.1/lib/python3.12/site-packages/airflow/example_dags/plugins/listener_plugin.py
[2026-05-15T18:00:06.254+0000] {processor.py:914} INFO - Processing file /usr/local/python/3.12.1/lib/python3.12/site-packages/airflow/example_dags/plugins/listener_plugin.py for tasks to queue
[2026-05-15T18:00:06.256+0000] {logging_mixin.py:190} INFO - [2026-05-15T18:00:06.255+0000] {dagbag.py:588} INFO - Filling up the DagBag from /usr/local/python/3.12.1/lib/python3.12/site-packages/airflow/example_dags/plugins/listener_plugin.py
[2026-05-15T18:00:06.258+0000] {processor.py:927} WARNING - No viable dags retrieved from /usr/local/python/3.12.1/lib/python3.12/site-packages/airflow/example_dags/plugins/listener_plugin.py
[2026-05-15T18:00:06.268+0000] {processor.py:208} INFO - Processing /usr/local/python/3.12.1/lib/python3.12/site-packages/airflow/example_dags/plugins/listener_plugin.py took 0.022 seconds
[2026-05-15T18:00:56.687+0000] {processor.py:186} INFO - Started process (PID=92250) to work on /usr/local/python/3.12.1/lib/python3.12/site-packages/airflow/example_dags/plugins/listener_plugin.py
[2026-05-15T18:00:56.688+0000] {processor.py:914} INFO - Processing file /usr/local/python/3.12.1/lib/python3.12/site-packages/airflow/example_dags/plugins/listener_plugin.py for tasks to queue
[2026-05-15T18:00:56.690+0000] {logging_mixin.py:190} INFO - [2026-05-15T18:00:56.690+0000] {dagbag.py:588} INFO - Filling up the DagBag from /usr/local/python/3.12.1/lib/python3.12/site-packages/airflow/example_dags/plugins/listener_plugin.py
[2026-05-15T18:00:56.694+0000] {processor.py:927} WARNING - No viable dags retrieved from /usr/local/python/3.12.1/lib/python3.12/site-packages/airflow/example_dags/plugins/listener_plugin.py
[2026-05-15T18:00:56.707+0000] {processor.py:208} INFO - Processing /usr/local/python/3.12.1/lib/python3.12/site-packages/airflow/example_dags/plugins/listener_plugin.py took 0.026 seconds
