[2026-05-18T00:49:07.922+0000] {processor.py:186} INFO - Started process (PID=3321) to work on /usr/local/python/3.12.1/lib/python3.12/site-packages/airflow/example_dags/example_dynamic_task_mapping_with_no_taskflow_operators.py
[2026-05-18T00:49:07.923+0000] {processor.py:914} INFO - Processing file /usr/local/python/3.12.1/lib/python3.12/site-packages/airflow/example_dags/example_dynamic_task_mapping_with_no_taskflow_operators.py for tasks to queue
[2026-05-18T00:49:07.925+0000] {logging_mixin.py:190} INFO - [2026-05-18T00:49:07.925+0000] {dagbag.py:588} INFO - Filling up the DagBag from /usr/local/python/3.12.1/lib/python3.12/site-packages/airflow/example_dags/example_dynamic_task_mapping_with_no_taskflow_operators.py
[2026-05-18T00:49:07.931+0000] {processor.py:925} INFO - DAG(s) 'example_dynamic_task_mapping_with_no_taskflow_operators' retrieved from /usr/local/python/3.12.1/lib/python3.12/site-packages/airflow/example_dags/example_dynamic_task_mapping_with_no_taskflow_operators.py
[2026-05-18T00:49:07.943+0000] {logging_mixin.py:190} INFO - [2026-05-18T00:49:07.943+0000] {dag.py:3239} INFO - Sync 1 DAGs
[2026-05-18T00:49:07.954+0000] {logging_mixin.py:190} INFO - [2026-05-18T00:49:07.953+0000] {dag.py:4180} INFO - Setting next_dagrun for example_dynamic_task_mapping_with_no_taskflow_operators to None, run_after=None
[2026-05-18T00:49:07.970+0000] {processor.py:208} INFO - Processing /usr/local/python/3.12.1/lib/python3.12/site-packages/airflow/example_dags/example_dynamic_task_mapping_with_no_taskflow_operators.py took 0.052 seconds
[2026-05-18T00:50:02.252+0000] {processor.py:186} INFO - Started process (PID=3768) to work on /usr/local/python/3.12.1/lib/python3.12/site-packages/airflow/example_dags/example_dynamic_task_mapping_with_no_taskflow_operators.py
[2026-05-18T00:50:02.253+0000] {processor.py:914} INFO - Processing file /usr/local/python/3.12.1/lib/python3.12/site-packages/airflow/example_dags/example_dynamic_task_mapping_with_no_taskflow_operators.py for tasks to queue
[2026-05-18T00:50:02.255+0000] {logging_mixin.py:190} INFO - [2026-05-18T00:50:02.254+0000] {dagbag.py:588} INFO - Filling up the DagBag from /usr/local/python/3.12.1/lib/python3.12/site-packages/airflow/example_dags/example_dynamic_task_mapping_with_no_taskflow_operators.py
[2026-05-18T00:50:02.261+0000] {processor.py:925} INFO - DAG(s) 'example_dynamic_task_mapping_with_no_taskflow_operators' retrieved from /usr/local/python/3.12.1/lib/python3.12/site-packages/airflow/example_dags/example_dynamic_task_mapping_with_no_taskflow_operators.py
[2026-05-18T00:50:02.273+0000] {logging_mixin.py:190} INFO - [2026-05-18T00:50:02.273+0000] {dag.py:3239} INFO - Sync 1 DAGs
[2026-05-18T00:50:02.283+0000] {logging_mixin.py:190} INFO - [2026-05-18T00:50:02.283+0000] {dag.py:4180} INFO - Setting next_dagrun for example_dynamic_task_mapping_with_no_taskflow_operators to None, run_after=None
[2026-05-18T00:50:02.299+0000] {processor.py:208} INFO - Processing /usr/local/python/3.12.1/lib/python3.12/site-packages/airflow/example_dags/example_dynamic_task_mapping_with_no_taskflow_operators.py took 0.052 seconds
[2026-05-18T00:50:56.195+0000] {processor.py:186} INFO - Started process (PID=4440) to work on /usr/local/python/3.12.1/lib/python3.12/site-packages/airflow/example_dags/example_dynamic_task_mapping_with_no_taskflow_operators.py
[2026-05-18T00:50:56.196+0000] {processor.py:914} INFO - Processing file /usr/local/python/3.12.1/lib/python3.12/site-packages/airflow/example_dags/example_dynamic_task_mapping_with_no_taskflow_operators.py for tasks to queue
[2026-05-18T00:50:56.197+0000] {logging_mixin.py:190} INFO - [2026-05-18T00:50:56.197+0000] {dagbag.py:588} INFO - Filling up the DagBag from /usr/local/python/3.12.1/lib/python3.12/site-packages/airflow/example_dags/example_dynamic_task_mapping_with_no_taskflow_operators.py
[2026-05-18T00:50:56.204+0000] {processor.py:925} INFO - DAG(s) 'example_dynamic_task_mapping_with_no_taskflow_operators' retrieved from /usr/local/python/3.12.1/lib/python3.12/site-packages/airflow/example_dags/example_dynamic_task_mapping_with_no_taskflow_operators.py
[2026-05-18T00:50:56.216+0000] {logging_mixin.py:190} INFO - [2026-05-18T00:50:56.216+0000] {dag.py:3239} INFO - Sync 1 DAGs
[2026-05-18T00:50:56.226+0000] {logging_mixin.py:190} INFO - [2026-05-18T00:50:56.226+0000] {dag.py:4180} INFO - Setting next_dagrun for example_dynamic_task_mapping_with_no_taskflow_operators to None, run_after=None
[2026-05-18T00:50:56.250+0000] {processor.py:208} INFO - Processing /usr/local/python/3.12.1/lib/python3.12/site-packages/airflow/example_dags/example_dynamic_task_mapping_with_no_taskflow_operators.py took 0.060 seconds
[2026-05-18T00:51:46.645+0000] {processor.py:186} INFO - Started process (PID=5020) to work on /usr/local/python/3.12.1/lib/python3.12/site-packages/airflow/example_dags/example_dynamic_task_mapping_with_no_taskflow_operators.py
[2026-05-18T00:51:46.646+0000] {processor.py:914} INFO - Processing file /usr/local/python/3.12.1/lib/python3.12/site-packages/airflow/example_dags/example_dynamic_task_mapping_with_no_taskflow_operators.py for tasks to queue
[2026-05-18T00:51:46.648+0000] {logging_mixin.py:190} INFO - [2026-05-18T00:51:46.647+0000] {dagbag.py:588} INFO - Filling up the DagBag from /usr/local/python/3.12.1/lib/python3.12/site-packages/airflow/example_dags/example_dynamic_task_mapping_with_no_taskflow_operators.py
[2026-05-18T00:51:46.655+0000] {processor.py:925} INFO - DAG(s) 'example_dynamic_task_mapping_with_no_taskflow_operators' retrieved from /usr/local/python/3.12.1/lib/python3.12/site-packages/airflow/example_dags/example_dynamic_task_mapping_with_no_taskflow_operators.py
[2026-05-18T00:51:46.667+0000] {logging_mixin.py:190} INFO - [2026-05-18T00:51:46.667+0000] {dag.py:3239} INFO - Sync 1 DAGs
[2026-05-18T00:51:46.677+0000] {logging_mixin.py:190} INFO - [2026-05-18T00:51:46.677+0000] {dag.py:4180} INFO - Setting next_dagrun for example_dynamic_task_mapping_with_no_taskflow_operators to None, run_after=None
[2026-05-18T00:51:46.692+0000] {processor.py:208} INFO - Processing /usr/local/python/3.12.1/lib/python3.12/site-packages/airflow/example_dags/example_dynamic_task_mapping_with_no_taskflow_operators.py took 0.052 seconds
[2026-05-18T00:52:39.877+0000] {processor.py:186} INFO - Started process (PID=5564) to work on /usr/local/python/3.12.1/lib/python3.12/site-packages/airflow/example_dags/example_dynamic_task_mapping_with_no_taskflow_operators.py
[2026-05-18T00:52:39.879+0000] {processor.py:914} INFO - Processing file /usr/local/python/3.12.1/lib/python3.12/site-packages/airflow/example_dags/example_dynamic_task_mapping_with_no_taskflow_operators.py for tasks to queue
[2026-05-18T00:52:39.890+0000] {logging_mixin.py:190} INFO - [2026-05-18T00:52:39.890+0000] {dagbag.py:588} INFO - Filling up the DagBag from /usr/local/python/3.12.1/lib/python3.12/site-packages/airflow/example_dags/example_dynamic_task_mapping_with_no_taskflow_operators.py
[2026-05-18T00:52:39.908+0000] {processor.py:925} INFO - DAG(s) 'example_dynamic_task_mapping_with_no_taskflow_operators' retrieved from /usr/local/python/3.12.1/lib/python3.12/site-packages/airflow/example_dags/example_dynamic_task_mapping_with_no_taskflow_operators.py
[2026-05-18T00:52:39.927+0000] {logging_mixin.py:190} INFO - [2026-05-18T00:52:39.927+0000] {dag.py:3239} INFO - Sync 1 DAGs
[2026-05-18T00:52:39.972+0000] {logging_mixin.py:190} INFO - [2026-05-18T00:52:39.966+0000] {dag.py:4180} INFO - Setting next_dagrun for example_dynamic_task_mapping_with_no_taskflow_operators to None, run_after=None
[2026-05-18T00:52:40.017+0000] {processor.py:208} INFO - Processing /usr/local/python/3.12.1/lib/python3.12/site-packages/airflow/example_dags/example_dynamic_task_mapping_with_no_taskflow_operators.py took 0.145 seconds
[2026-05-18T00:53:32.317+0000] {processor.py:186} INFO - Started process (PID=5888) to work on /usr/local/python/3.12.1/lib/python3.12/site-packages/airflow/example_dags/example_dynamic_task_mapping_with_no_taskflow_operators.py
[2026-05-18T00:53:32.318+0000] {processor.py:914} INFO - Processing file /usr/local/python/3.12.1/lib/python3.12/site-packages/airflow/example_dags/example_dynamic_task_mapping_with_no_taskflow_operators.py for tasks to queue
[2026-05-18T00:53:32.319+0000] {logging_mixin.py:190} INFO - [2026-05-18T00:53:32.319+0000] {dagbag.py:588} INFO - Filling up the DagBag from /usr/local/python/3.12.1/lib/python3.12/site-packages/airflow/example_dags/example_dynamic_task_mapping_with_no_taskflow_operators.py
[2026-05-18T00:53:32.326+0000] {processor.py:925} INFO - DAG(s) 'example_dynamic_task_mapping_with_no_taskflow_operators' retrieved from /usr/local/python/3.12.1/lib/python3.12/site-packages/airflow/example_dags/example_dynamic_task_mapping_with_no_taskflow_operators.py
[2026-05-18T00:53:32.338+0000] {logging_mixin.py:190} INFO - [2026-05-18T00:53:32.338+0000] {dag.py:3239} INFO - Sync 1 DAGs
[2026-05-18T00:53:32.348+0000] {logging_mixin.py:190} INFO - [2026-05-18T00:53:32.348+0000] {dag.py:4180} INFO - Setting next_dagrun for example_dynamic_task_mapping_with_no_taskflow_operators to None, run_after=None
[2026-05-18T00:53:32.364+0000] {processor.py:208} INFO - Processing /usr/local/python/3.12.1/lib/python3.12/site-packages/airflow/example_dags/example_dynamic_task_mapping_with_no_taskflow_operators.py took 0.052 seconds
[2026-05-18T00:54:22.514+0000] {processor.py:186} INFO - Started process (PID=6211) to work on /usr/local/python/3.12.1/lib/python3.12/site-packages/airflow/example_dags/example_dynamic_task_mapping_with_no_taskflow_operators.py
[2026-05-18T00:54:22.517+0000] {processor.py:914} INFO - Processing file /usr/local/python/3.12.1/lib/python3.12/site-packages/airflow/example_dags/example_dynamic_task_mapping_with_no_taskflow_operators.py for tasks to queue
[2026-05-18T00:54:22.520+0000] {logging_mixin.py:190} INFO - [2026-05-18T00:54:22.520+0000] {dagbag.py:588} INFO - Filling up the DagBag from /usr/local/python/3.12.1/lib/python3.12/site-packages/airflow/example_dags/example_dynamic_task_mapping_with_no_taskflow_operators.py
[2026-05-18T00:54:22.530+0000] {processor.py:925} INFO - DAG(s) 'example_dynamic_task_mapping_with_no_taskflow_operators' retrieved from /usr/local/python/3.12.1/lib/python3.12/site-packages/airflow/example_dags/example_dynamic_task_mapping_with_no_taskflow_operators.py
[2026-05-18T00:54:22.547+0000] {logging_mixin.py:190} INFO - [2026-05-18T00:54:22.547+0000] {dag.py:3239} INFO - Sync 1 DAGs
[2026-05-18T00:54:22.563+0000] {logging_mixin.py:190} INFO - [2026-05-18T00:54:22.562+0000] {dag.py:4180} INFO - Setting next_dagrun for example_dynamic_task_mapping_with_no_taskflow_operators to None, run_after=None
[2026-05-18T00:54:22.597+0000] {processor.py:208} INFO - Processing /usr/local/python/3.12.1/lib/python3.12/site-packages/airflow/example_dags/example_dynamic_task_mapping_with_no_taskflow_operators.py took 0.094 seconds
[2026-05-18T00:55:13.277+0000] {processor.py:186} INFO - Started process (PID=6568) to work on /usr/local/python/3.12.1/lib/python3.12/site-packages/airflow/example_dags/example_dynamic_task_mapping_with_no_taskflow_operators.py
[2026-05-18T00:55:13.278+0000] {processor.py:914} INFO - Processing file /usr/local/python/3.12.1/lib/python3.12/site-packages/airflow/example_dags/example_dynamic_task_mapping_with_no_taskflow_operators.py for tasks to queue
[2026-05-18T00:55:13.280+0000] {logging_mixin.py:190} INFO - [2026-05-18T00:55:13.279+0000] {dagbag.py:588} INFO - Filling up the DagBag from /usr/local/python/3.12.1/lib/python3.12/site-packages/airflow/example_dags/example_dynamic_task_mapping_with_no_taskflow_operators.py
[2026-05-18T00:55:13.286+0000] {processor.py:925} INFO - DAG(s) 'example_dynamic_task_mapping_with_no_taskflow_operators' retrieved from /usr/local/python/3.12.1/lib/python3.12/site-packages/airflow/example_dags/example_dynamic_task_mapping_with_no_taskflow_operators.py
[2026-05-18T00:55:13.298+0000] {logging_mixin.py:190} INFO - [2026-05-18T00:55:13.298+0000] {dag.py:3239} INFO - Sync 1 DAGs
[2026-05-18T00:55:13.308+0000] {logging_mixin.py:190} INFO - [2026-05-18T00:55:13.307+0000] {dag.py:4180} INFO - Setting next_dagrun for example_dynamic_task_mapping_with_no_taskflow_operators to None, run_after=None
[2026-05-18T00:55:13.323+0000] {processor.py:208} INFO - Processing /usr/local/python/3.12.1/lib/python3.12/site-packages/airflow/example_dags/example_dynamic_task_mapping_with_no_taskflow_operators.py took 0.051 seconds
[2026-05-18T00:56:06.552+0000] {processor.py:186} INFO - Started process (PID=6919) to work on /usr/local/python/3.12.1/lib/python3.12/site-packages/airflow/example_dags/example_dynamic_task_mapping_with_no_taskflow_operators.py
[2026-05-18T00:56:06.563+0000] {processor.py:914} INFO - Processing file /usr/local/python/3.12.1/lib/python3.12/site-packages/airflow/example_dags/example_dynamic_task_mapping_with_no_taskflow_operators.py for tasks to queue
[2026-05-18T00:56:06.572+0000] {logging_mixin.py:190} INFO - [2026-05-18T00:56:06.571+0000] {dagbag.py:588} INFO - Filling up the DagBag from /usr/local/python/3.12.1/lib/python3.12/site-packages/airflow/example_dags/example_dynamic_task_mapping_with_no_taskflow_operators.py
[2026-05-18T00:56:06.632+0000] {processor.py:925} INFO - DAG(s) 'example_dynamic_task_mapping_with_no_taskflow_operators' retrieved from /usr/local/python/3.12.1/lib/python3.12/site-packages/airflow/example_dags/example_dynamic_task_mapping_with_no_taskflow_operators.py
[2026-05-18T00:56:06.725+0000] {logging_mixin.py:190} INFO - [2026-05-18T00:56:06.718+0000] {dag.py:3239} INFO - Sync 1 DAGs
[2026-05-18T00:56:06.794+0000] {logging_mixin.py:190} INFO - [2026-05-18T00:56:06.794+0000] {dag.py:4180} INFO - Setting next_dagrun for example_dynamic_task_mapping_with_no_taskflow_operators to None, run_after=None
[2026-05-18T00:56:06.835+0000] {processor.py:208} INFO - Processing /usr/local/python/3.12.1/lib/python3.12/site-packages/airflow/example_dags/example_dynamic_task_mapping_with_no_taskflow_operators.py took 0.313 seconds
[2026-05-18T00:57:05.121+0000] {processor.py:186} INFO - Started process (PID=7333) to work on /usr/local/python/3.12.1/lib/python3.12/site-packages/airflow/example_dags/example_dynamic_task_mapping_with_no_taskflow_operators.py
[2026-05-18T00:57:05.122+0000] {processor.py:914} INFO - Processing file /usr/local/python/3.12.1/lib/python3.12/site-packages/airflow/example_dags/example_dynamic_task_mapping_with_no_taskflow_operators.py for tasks to queue
[2026-05-18T00:57:05.125+0000] {logging_mixin.py:190} INFO - [2026-05-18T00:57:05.124+0000] {dagbag.py:588} INFO - Filling up the DagBag from /usr/local/python/3.12.1/lib/python3.12/site-packages/airflow/example_dags/example_dynamic_task_mapping_with_no_taskflow_operators.py
[2026-05-18T00:57:05.134+0000] {processor.py:925} INFO - DAG(s) 'example_dynamic_task_mapping_with_no_taskflow_operators' retrieved from /usr/local/python/3.12.1/lib/python3.12/site-packages/airflow/example_dags/example_dynamic_task_mapping_with_no_taskflow_operators.py
[2026-05-18T00:57:05.152+0000] {logging_mixin.py:190} INFO - [2026-05-18T00:57:05.151+0000] {dag.py:3239} INFO - Sync 1 DAGs
[2026-05-18T00:57:05.164+0000] {logging_mixin.py:190} INFO - [2026-05-18T00:57:05.164+0000] {dag.py:4180} INFO - Setting next_dagrun for example_dynamic_task_mapping_with_no_taskflow_operators to None, run_after=None
[2026-05-18T00:57:05.180+0000] {processor.py:208} INFO - Processing /usr/local/python/3.12.1/lib/python3.12/site-packages/airflow/example_dags/example_dynamic_task_mapping_with_no_taskflow_operators.py took 0.065 seconds
[2026-05-18T00:57:58.885+0000] {processor.py:186} INFO - Started process (PID=7696) to work on /usr/local/python/3.12.1/lib/python3.12/site-packages/airflow/example_dags/example_dynamic_task_mapping_with_no_taskflow_operators.py
[2026-05-18T00:57:58.886+0000] {processor.py:914} INFO - Processing file /usr/local/python/3.12.1/lib/python3.12/site-packages/airflow/example_dags/example_dynamic_task_mapping_with_no_taskflow_operators.py for tasks to queue
[2026-05-18T00:57:58.888+0000] {logging_mixin.py:190} INFO - [2026-05-18T00:57:58.887+0000] {dagbag.py:588} INFO - Filling up the DagBag from /usr/local/python/3.12.1/lib/python3.12/site-packages/airflow/example_dags/example_dynamic_task_mapping_with_no_taskflow_operators.py
[2026-05-18T00:57:58.894+0000] {processor.py:925} INFO - DAG(s) 'example_dynamic_task_mapping_with_no_taskflow_operators' retrieved from /usr/local/python/3.12.1/lib/python3.12/site-packages/airflow/example_dags/example_dynamic_task_mapping_with_no_taskflow_operators.py
[2026-05-18T00:57:58.906+0000] {logging_mixin.py:190} INFO - [2026-05-18T00:57:58.906+0000] {dag.py:3239} INFO - Sync 1 DAGs
[2026-05-18T00:57:58.916+0000] {logging_mixin.py:190} INFO - [2026-05-18T00:57:58.916+0000] {dag.py:4180} INFO - Setting next_dagrun for example_dynamic_task_mapping_with_no_taskflow_operators to None, run_after=None
[2026-05-18T00:57:58.932+0000] {processor.py:208} INFO - Processing /usr/local/python/3.12.1/lib/python3.12/site-packages/airflow/example_dags/example_dynamic_task_mapping_with_no_taskflow_operators.py took 0.051 seconds
[2026-05-18T00:58:48.686+0000] {processor.py:186} INFO - Started process (PID=8120) to work on /usr/local/python/3.12.1/lib/python3.12/site-packages/airflow/example_dags/example_dynamic_task_mapping_with_no_taskflow_operators.py
[2026-05-18T00:58:48.687+0000] {processor.py:914} INFO - Processing file /usr/local/python/3.12.1/lib/python3.12/site-packages/airflow/example_dags/example_dynamic_task_mapping_with_no_taskflow_operators.py for tasks to queue
[2026-05-18T00:58:48.689+0000] {logging_mixin.py:190} INFO - [2026-05-18T00:58:48.688+0000] {dagbag.py:588} INFO - Filling up the DagBag from /usr/local/python/3.12.1/lib/python3.12/site-packages/airflow/example_dags/example_dynamic_task_mapping_with_no_taskflow_operators.py
[2026-05-18T00:58:48.698+0000] {processor.py:925} INFO - DAG(s) 'example_dynamic_task_mapping_with_no_taskflow_operators' retrieved from /usr/local/python/3.12.1/lib/python3.12/site-packages/airflow/example_dags/example_dynamic_task_mapping_with_no_taskflow_operators.py
[2026-05-18T00:58:48.711+0000] {logging_mixin.py:190} INFO - [2026-05-18T00:58:48.711+0000] {dag.py:3239} INFO - Sync 1 DAGs
[2026-05-18T00:58:48.721+0000] {logging_mixin.py:190} INFO - [2026-05-18T00:58:48.721+0000] {dag.py:4180} INFO - Setting next_dagrun for example_dynamic_task_mapping_with_no_taskflow_operators to None, run_after=None
[2026-05-18T00:58:48.741+0000] {processor.py:208} INFO - Processing /usr/local/python/3.12.1/lib/python3.12/site-packages/airflow/example_dags/example_dynamic_task_mapping_with_no_taskflow_operators.py took 0.060 seconds
[2026-05-18T00:59:39.776+0000] {processor.py:186} INFO - Started process (PID=8483) to work on /usr/local/python/3.12.1/lib/python3.12/site-packages/airflow/example_dags/example_dynamic_task_mapping_with_no_taskflow_operators.py
[2026-05-18T00:59:39.776+0000] {processor.py:914} INFO - Processing file /usr/local/python/3.12.1/lib/python3.12/site-packages/airflow/example_dags/example_dynamic_task_mapping_with_no_taskflow_operators.py for tasks to queue
[2026-05-18T00:59:39.778+0000] {logging_mixin.py:190} INFO - [2026-05-18T00:59:39.778+0000] {dagbag.py:588} INFO - Filling up the DagBag from /usr/local/python/3.12.1/lib/python3.12/site-packages/airflow/example_dags/example_dynamic_task_mapping_with_no_taskflow_operators.py
[2026-05-18T00:59:39.785+0000] {processor.py:925} INFO - DAG(s) 'example_dynamic_task_mapping_with_no_taskflow_operators' retrieved from /usr/local/python/3.12.1/lib/python3.12/site-packages/airflow/example_dags/example_dynamic_task_mapping_with_no_taskflow_operators.py
[2026-05-18T00:59:39.797+0000] {logging_mixin.py:190} INFO - [2026-05-18T00:59:39.797+0000] {dag.py:3239} INFO - Sync 1 DAGs
[2026-05-18T00:59:39.806+0000] {logging_mixin.py:190} INFO - [2026-05-18T00:59:39.806+0000] {dag.py:4180} INFO - Setting next_dagrun for example_dynamic_task_mapping_with_no_taskflow_operators to None, run_after=None
[2026-05-18T00:59:39.822+0000] {processor.py:208} INFO - Processing /usr/local/python/3.12.1/lib/python3.12/site-packages/airflow/example_dags/example_dynamic_task_mapping_with_no_taskflow_operators.py took 0.051 seconds
[2026-05-18T01:00:31.708+0000] {processor.py:186} INFO - Started process (PID=8888) to work on /usr/local/python/3.12.1/lib/python3.12/site-packages/airflow/example_dags/example_dynamic_task_mapping_with_no_taskflow_operators.py
[2026-05-18T01:00:31.709+0000] {processor.py:914} INFO - Processing file /usr/local/python/3.12.1/lib/python3.12/site-packages/airflow/example_dags/example_dynamic_task_mapping_with_no_taskflow_operators.py for tasks to queue
[2026-05-18T01:00:31.710+0000] {logging_mixin.py:190} INFO - [2026-05-18T01:00:31.710+0000] {dagbag.py:588} INFO - Filling up the DagBag from /usr/local/python/3.12.1/lib/python3.12/site-packages/airflow/example_dags/example_dynamic_task_mapping_with_no_taskflow_operators.py
[2026-05-18T01:00:31.717+0000] {processor.py:925} INFO - DAG(s) 'example_dynamic_task_mapping_with_no_taskflow_operators' retrieved from /usr/local/python/3.12.1/lib/python3.12/site-packages/airflow/example_dags/example_dynamic_task_mapping_with_no_taskflow_operators.py
[2026-05-18T01:00:31.729+0000] {logging_mixin.py:190} INFO - [2026-05-18T01:00:31.729+0000] {dag.py:3239} INFO - Sync 1 DAGs
[2026-05-18T01:00:31.738+0000] {logging_mixin.py:190} INFO - [2026-05-18T01:00:31.738+0000] {dag.py:4180} INFO - Setting next_dagrun for example_dynamic_task_mapping_with_no_taskflow_operators to None, run_after=None
[2026-05-18T01:00:31.755+0000] {processor.py:208} INFO - Processing /usr/local/python/3.12.1/lib/python3.12/site-packages/airflow/example_dags/example_dynamic_task_mapping_with_no_taskflow_operators.py took 0.052 seconds
[2026-05-18T01:01:23.699+0000] {processor.py:186} INFO - Started process (PID=9230) to work on /usr/local/python/3.12.1/lib/python3.12/site-packages/airflow/example_dags/example_dynamic_task_mapping_with_no_taskflow_operators.py
[2026-05-18T01:01:23.700+0000] {processor.py:914} INFO - Processing file /usr/local/python/3.12.1/lib/python3.12/site-packages/airflow/example_dags/example_dynamic_task_mapping_with_no_taskflow_operators.py for tasks to queue
[2026-05-18T01:01:23.702+0000] {logging_mixin.py:190} INFO - [2026-05-18T01:01:23.702+0000] {dagbag.py:588} INFO - Filling up the DagBag from /usr/local/python/3.12.1/lib/python3.12/site-packages/airflow/example_dags/example_dynamic_task_mapping_with_no_taskflow_operators.py
[2026-05-18T01:01:23.709+0000] {processor.py:925} INFO - DAG(s) 'example_dynamic_task_mapping_with_no_taskflow_operators' retrieved from /usr/local/python/3.12.1/lib/python3.12/site-packages/airflow/example_dags/example_dynamic_task_mapping_with_no_taskflow_operators.py
[2026-05-18T01:01:23.721+0000] {logging_mixin.py:190} INFO - [2026-05-18T01:01:23.721+0000] {dag.py:3239} INFO - Sync 1 DAGs
[2026-05-18T01:01:23.731+0000] {logging_mixin.py:190} INFO - [2026-05-18T01:01:23.730+0000] {dag.py:4180} INFO - Setting next_dagrun for example_dynamic_task_mapping_with_no_taskflow_operators to None, run_after=None
[2026-05-18T01:01:23.747+0000] {processor.py:208} INFO - Processing /usr/local/python/3.12.1/lib/python3.12/site-packages/airflow/example_dags/example_dynamic_task_mapping_with_no_taskflow_operators.py took 0.052 seconds
[2026-05-18T01:02:18.772+0000] {processor.py:186} INFO - Started process (PID=9660) to work on /usr/local/python/3.12.1/lib/python3.12/site-packages/airflow/example_dags/example_dynamic_task_mapping_with_no_taskflow_operators.py
[2026-05-18T01:02:18.775+0000] {processor.py:914} INFO - Processing file /usr/local/python/3.12.1/lib/python3.12/site-packages/airflow/example_dags/example_dynamic_task_mapping_with_no_taskflow_operators.py for tasks to queue
[2026-05-18T01:02:18.778+0000] {logging_mixin.py:190} INFO - [2026-05-18T01:02:18.778+0000] {dagbag.py:588} INFO - Filling up the DagBag from /usr/local/python/3.12.1/lib/python3.12/site-packages/airflow/example_dags/example_dynamic_task_mapping_with_no_taskflow_operators.py
[2026-05-18T01:02:18.829+0000] {processor.py:925} INFO - DAG(s) 'example_dynamic_task_mapping_with_no_taskflow_operators' retrieved from /usr/local/python/3.12.1/lib/python3.12/site-packages/airflow/example_dags/example_dynamic_task_mapping_with_no_taskflow_operators.py
[2026-05-18T01:02:18.874+0000] {logging_mixin.py:190} INFO - [2026-05-18T01:02:18.873+0000] {dag.py:3239} INFO - Sync 1 DAGs
[2026-05-18T01:02:18.920+0000] {logging_mixin.py:190} INFO - [2026-05-18T01:02:18.920+0000] {dag.py:4180} INFO - Setting next_dagrun for example_dynamic_task_mapping_with_no_taskflow_operators to None, run_after=None
[2026-05-18T01:02:18.975+0000] {processor.py:208} INFO - Processing /usr/local/python/3.12.1/lib/python3.12/site-packages/airflow/example_dags/example_dynamic_task_mapping_with_no_taskflow_operators.py took 0.227 seconds
[2026-05-18T01:03:15.793+0000] {processor.py:186} INFO - Started process (PID=10082) to work on /usr/local/python/3.12.1/lib/python3.12/site-packages/airflow/example_dags/example_dynamic_task_mapping_with_no_taskflow_operators.py
[2026-05-18T01:03:15.794+0000] {processor.py:914} INFO - Processing file /usr/local/python/3.12.1/lib/python3.12/site-packages/airflow/example_dags/example_dynamic_task_mapping_with_no_taskflow_operators.py for tasks to queue
[2026-05-18T01:03:15.796+0000] {logging_mixin.py:190} INFO - [2026-05-18T01:03:15.796+0000] {dagbag.py:588} INFO - Filling up the DagBag from /usr/local/python/3.12.1/lib/python3.12/site-packages/airflow/example_dags/example_dynamic_task_mapping_with_no_taskflow_operators.py
[2026-05-18T01:03:15.803+0000] {processor.py:925} INFO - DAG(s) 'example_dynamic_task_mapping_with_no_taskflow_operators' retrieved from /usr/local/python/3.12.1/lib/python3.12/site-packages/airflow/example_dags/example_dynamic_task_mapping_with_no_taskflow_operators.py
[2026-05-18T01:03:15.819+0000] {logging_mixin.py:190} INFO - [2026-05-18T01:03:15.819+0000] {dag.py:3239} INFO - Sync 1 DAGs
[2026-05-18T01:03:15.828+0000] {logging_mixin.py:190} INFO - [2026-05-18T01:03:15.828+0000] {dag.py:4180} INFO - Setting next_dagrun for example_dynamic_task_mapping_with_no_taskflow_operators to None, run_after=None
[2026-05-18T01:03:15.851+0000] {processor.py:208} INFO - Processing /usr/local/python/3.12.1/lib/python3.12/site-packages/airflow/example_dags/example_dynamic_task_mapping_with_no_taskflow_operators.py took 0.063 seconds
[2026-05-18T01:04:12.274+0000] {processor.py:186} INFO - Started process (PID=10574) to work on /usr/local/python/3.12.1/lib/python3.12/site-packages/airflow/example_dags/example_dynamic_task_mapping_with_no_taskflow_operators.py
[2026-05-18T01:04:12.275+0000] {processor.py:914} INFO - Processing file /usr/local/python/3.12.1/lib/python3.12/site-packages/airflow/example_dags/example_dynamic_task_mapping_with_no_taskflow_operators.py for tasks to queue
[2026-05-18T01:04:12.276+0000] {logging_mixin.py:190} INFO - [2026-05-18T01:04:12.276+0000] {dagbag.py:588} INFO - Filling up the DagBag from /usr/local/python/3.12.1/lib/python3.12/site-packages/airflow/example_dags/example_dynamic_task_mapping_with_no_taskflow_operators.py
[2026-05-18T01:04:12.283+0000] {processor.py:925} INFO - DAG(s) 'example_dynamic_task_mapping_with_no_taskflow_operators' retrieved from /usr/local/python/3.12.1/lib/python3.12/site-packages/airflow/example_dags/example_dynamic_task_mapping_with_no_taskflow_operators.py
[2026-05-18T01:04:12.296+0000] {logging_mixin.py:190} INFO - [2026-05-18T01:04:12.296+0000] {dag.py:3239} INFO - Sync 1 DAGs
[2026-05-18T01:04:12.306+0000] {logging_mixin.py:190} INFO - [2026-05-18T01:04:12.305+0000] {dag.py:4180} INFO - Setting next_dagrun for example_dynamic_task_mapping_with_no_taskflow_operators to None, run_after=None
[2026-05-18T01:04:12.322+0000] {processor.py:208} INFO - Processing /usr/local/python/3.12.1/lib/python3.12/site-packages/airflow/example_dags/example_dynamic_task_mapping_with_no_taskflow_operators.py took 0.053 seconds
[2026-05-18T01:05:10.218+0000] {processor.py:186} INFO - Started process (PID=11015) to work on /usr/local/python/3.12.1/lib/python3.12/site-packages/airflow/example_dags/example_dynamic_task_mapping_with_no_taskflow_operators.py
[2026-05-18T01:05:10.219+0000] {processor.py:914} INFO - Processing file /usr/local/python/3.12.1/lib/python3.12/site-packages/airflow/example_dags/example_dynamic_task_mapping_with_no_taskflow_operators.py for tasks to queue
[2026-05-18T01:05:10.221+0000] {logging_mixin.py:190} INFO - [2026-05-18T01:05:10.220+0000] {dagbag.py:588} INFO - Filling up the DagBag from /usr/local/python/3.12.1/lib/python3.12/site-packages/airflow/example_dags/example_dynamic_task_mapping_with_no_taskflow_operators.py
[2026-05-18T01:05:10.227+0000] {processor.py:925} INFO - DAG(s) 'example_dynamic_task_mapping_with_no_taskflow_operators' retrieved from /usr/local/python/3.12.1/lib/python3.12/site-packages/airflow/example_dags/example_dynamic_task_mapping_with_no_taskflow_operators.py
[2026-05-18T01:05:10.240+0000] {logging_mixin.py:190} INFO - [2026-05-18T01:05:10.240+0000] {dag.py:3239} INFO - Sync 1 DAGs
[2026-05-18T01:05:10.249+0000] {logging_mixin.py:190} INFO - [2026-05-18T01:05:10.249+0000] {dag.py:4180} INFO - Setting next_dagrun for example_dynamic_task_mapping_with_no_taskflow_operators to None, run_after=None
[2026-05-18T01:05:10.265+0000] {processor.py:208} INFO - Processing /usr/local/python/3.12.1/lib/python3.12/site-packages/airflow/example_dags/example_dynamic_task_mapping_with_no_taskflow_operators.py took 0.051 seconds
[2026-05-18T01:06:02.381+0000] {processor.py:186} INFO - Started process (PID=11392) to work on /usr/local/python/3.12.1/lib/python3.12/site-packages/airflow/example_dags/example_dynamic_task_mapping_with_no_taskflow_operators.py
[2026-05-18T01:06:02.382+0000] {processor.py:914} INFO - Processing file /usr/local/python/3.12.1/lib/python3.12/site-packages/airflow/example_dags/example_dynamic_task_mapping_with_no_taskflow_operators.py for tasks to queue
[2026-05-18T01:06:02.383+0000] {logging_mixin.py:190} INFO - [2026-05-18T01:06:02.383+0000] {dagbag.py:588} INFO - Filling up the DagBag from /usr/local/python/3.12.1/lib/python3.12/site-packages/airflow/example_dags/example_dynamic_task_mapping_with_no_taskflow_operators.py
[2026-05-18T01:06:02.390+0000] {processor.py:925} INFO - DAG(s) 'example_dynamic_task_mapping_with_no_taskflow_operators' retrieved from /usr/local/python/3.12.1/lib/python3.12/site-packages/airflow/example_dags/example_dynamic_task_mapping_with_no_taskflow_operators.py
[2026-05-18T01:06:02.403+0000] {logging_mixin.py:190} INFO - [2026-05-18T01:06:02.402+0000] {dag.py:3239} INFO - Sync 1 DAGs
[2026-05-18T01:06:02.412+0000] {logging_mixin.py:190} INFO - [2026-05-18T01:06:02.412+0000] {dag.py:4180} INFO - Setting next_dagrun for example_dynamic_task_mapping_with_no_taskflow_operators to None, run_after=None
[2026-05-18T01:06:02.428+0000] {processor.py:208} INFO - Processing /usr/local/python/3.12.1/lib/python3.12/site-packages/airflow/example_dags/example_dynamic_task_mapping_with_no_taskflow_operators.py took 0.052 seconds
[2026-05-18T01:07:14.288+0000] {processor.py:186} INFO - Started process (PID=11954) to work on /usr/local/python/3.12.1/lib/python3.12/site-packages/airflow/example_dags/example_dynamic_task_mapping_with_no_taskflow_operators.py
[2026-05-18T01:07:14.289+0000] {processor.py:914} INFO - Processing file /usr/local/python/3.12.1/lib/python3.12/site-packages/airflow/example_dags/example_dynamic_task_mapping_with_no_taskflow_operators.py for tasks to queue
[2026-05-18T01:07:14.291+0000] {logging_mixin.py:190} INFO - [2026-05-18T01:07:14.290+0000] {dagbag.py:588} INFO - Filling up the DagBag from /usr/local/python/3.12.1/lib/python3.12/site-packages/airflow/example_dags/example_dynamic_task_mapping_with_no_taskflow_operators.py
[2026-05-18T01:07:14.297+0000] {processor.py:925} INFO - DAG(s) 'example_dynamic_task_mapping_with_no_taskflow_operators' retrieved from /usr/local/python/3.12.1/lib/python3.12/site-packages/airflow/example_dags/example_dynamic_task_mapping_with_no_taskflow_operators.py
[2026-05-18T01:07:14.309+0000] {logging_mixin.py:190} INFO - [2026-05-18T01:07:14.309+0000] {dag.py:3239} INFO - Sync 1 DAGs
[2026-05-18T01:07:14.318+0000] {logging_mixin.py:190} INFO - [2026-05-18T01:07:14.318+0000] {dag.py:4180} INFO - Setting next_dagrun for example_dynamic_task_mapping_with_no_taskflow_operators to None, run_after=None
[2026-05-18T01:07:14.335+0000] {processor.py:208} INFO - Processing /usr/local/python/3.12.1/lib/python3.12/site-packages/airflow/example_dags/example_dynamic_task_mapping_with_no_taskflow_operators.py took 0.051 seconds
[2026-05-18T01:08:04.293+0000] {processor.py:186} INFO - Started process (PID=12350) to work on /usr/local/python/3.12.1/lib/python3.12/site-packages/airflow/example_dags/example_dynamic_task_mapping_with_no_taskflow_operators.py
[2026-05-18T01:08:04.294+0000] {processor.py:914} INFO - Processing file /usr/local/python/3.12.1/lib/python3.12/site-packages/airflow/example_dags/example_dynamic_task_mapping_with_no_taskflow_operators.py for tasks to queue
[2026-05-18T01:08:04.296+0000] {logging_mixin.py:190} INFO - [2026-05-18T01:08:04.295+0000] {dagbag.py:588} INFO - Filling up the DagBag from /usr/local/python/3.12.1/lib/python3.12/site-packages/airflow/example_dags/example_dynamic_task_mapping_with_no_taskflow_operators.py
[2026-05-18T01:08:04.302+0000] {processor.py:925} INFO - DAG(s) 'example_dynamic_task_mapping_with_no_taskflow_operators' retrieved from /usr/local/python/3.12.1/lib/python3.12/site-packages/airflow/example_dags/example_dynamic_task_mapping_with_no_taskflow_operators.py
[2026-05-18T01:08:04.315+0000] {logging_mixin.py:190} INFO - [2026-05-18T01:08:04.314+0000] {dag.py:3239} INFO - Sync 1 DAGs
[2026-05-18T01:08:04.324+0000] {logging_mixin.py:190} INFO - [2026-05-18T01:08:04.324+0000] {dag.py:4180} INFO - Setting next_dagrun for example_dynamic_task_mapping_with_no_taskflow_operators to None, run_after=None
[2026-05-18T01:08:04.340+0000] {processor.py:208} INFO - Processing /usr/local/python/3.12.1/lib/python3.12/site-packages/airflow/example_dags/example_dynamic_task_mapping_with_no_taskflow_operators.py took 0.052 seconds
[2026-05-18T01:08:55.745+0000] {processor.py:186} INFO - Started process (PID=12847) to work on /usr/local/python/3.12.1/lib/python3.12/site-packages/airflow/example_dags/example_dynamic_task_mapping_with_no_taskflow_operators.py
[2026-05-18T01:08:55.746+0000] {processor.py:914} INFO - Processing file /usr/local/python/3.12.1/lib/python3.12/site-packages/airflow/example_dags/example_dynamic_task_mapping_with_no_taskflow_operators.py for tasks to queue
[2026-05-18T01:08:55.750+0000] {logging_mixin.py:190} INFO - [2026-05-18T01:08:55.749+0000] {dagbag.py:588} INFO - Filling up the DagBag from /usr/local/python/3.12.1/lib/python3.12/site-packages/airflow/example_dags/example_dynamic_task_mapping_with_no_taskflow_operators.py
[2026-05-18T01:08:55.763+0000] {processor.py:925} INFO - DAG(s) 'example_dynamic_task_mapping_with_no_taskflow_operators' retrieved from /usr/local/python/3.12.1/lib/python3.12/site-packages/airflow/example_dags/example_dynamic_task_mapping_with_no_taskflow_operators.py
[2026-05-18T01:08:55.796+0000] {logging_mixin.py:190} INFO - [2026-05-18T01:08:55.796+0000] {dag.py:3239} INFO - Sync 1 DAGs
[2026-05-18T01:08:55.812+0000] {logging_mixin.py:190} INFO - [2026-05-18T01:08:55.811+0000] {dag.py:4180} INFO - Setting next_dagrun for example_dynamic_task_mapping_with_no_taskflow_operators to None, run_after=None
[2026-05-18T01:08:55.835+0000] {processor.py:208} INFO - Processing /usr/local/python/3.12.1/lib/python3.12/site-packages/airflow/example_dags/example_dynamic_task_mapping_with_no_taskflow_operators.py took 0.101 seconds
[2026-05-18T01:09:47.033+0000] {processor.py:186} INFO - Started process (PID=13276) to work on /usr/local/python/3.12.1/lib/python3.12/site-packages/airflow/example_dags/example_dynamic_task_mapping_with_no_taskflow_operators.py
[2026-05-18T01:09:47.034+0000] {processor.py:914} INFO - Processing file /usr/local/python/3.12.1/lib/python3.12/site-packages/airflow/example_dags/example_dynamic_task_mapping_with_no_taskflow_operators.py for tasks to queue
[2026-05-18T01:09:47.035+0000] {logging_mixin.py:190} INFO - [2026-05-18T01:09:47.035+0000] {dagbag.py:588} INFO - Filling up the DagBag from /usr/local/python/3.12.1/lib/python3.12/site-packages/airflow/example_dags/example_dynamic_task_mapping_with_no_taskflow_operators.py
[2026-05-18T01:09:47.042+0000] {processor.py:925} INFO - DAG(s) 'example_dynamic_task_mapping_with_no_taskflow_operators' retrieved from /usr/local/python/3.12.1/lib/python3.12/site-packages/airflow/example_dags/example_dynamic_task_mapping_with_no_taskflow_operators.py
[2026-05-18T01:09:47.054+0000] {logging_mixin.py:190} INFO - [2026-05-18T01:09:47.054+0000] {dag.py:3239} INFO - Sync 1 DAGs
[2026-05-18T01:09:47.064+0000] {logging_mixin.py:190} INFO - [2026-05-18T01:09:47.064+0000] {dag.py:4180} INFO - Setting next_dagrun for example_dynamic_task_mapping_with_no_taskflow_operators to None, run_after=None
[2026-05-18T01:09:47.083+0000] {processor.py:208} INFO - Processing /usr/local/python/3.12.1/lib/python3.12/site-packages/airflow/example_dags/example_dynamic_task_mapping_with_no_taskflow_operators.py took 0.055 seconds
[2026-05-18T01:10:40.184+0000] {processor.py:186} INFO - Started process (PID=13737) to work on /usr/local/python/3.12.1/lib/python3.12/site-packages/airflow/example_dags/example_dynamic_task_mapping_with_no_taskflow_operators.py
[2026-05-18T01:10:40.185+0000] {processor.py:914} INFO - Processing file /usr/local/python/3.12.1/lib/python3.12/site-packages/airflow/example_dags/example_dynamic_task_mapping_with_no_taskflow_operators.py for tasks to queue
[2026-05-18T01:10:40.187+0000] {logging_mixin.py:190} INFO - [2026-05-18T01:10:40.187+0000] {dagbag.py:588} INFO - Filling up the DagBag from /usr/local/python/3.12.1/lib/python3.12/site-packages/airflow/example_dags/example_dynamic_task_mapping_with_no_taskflow_operators.py
[2026-05-18T01:10:40.195+0000] {processor.py:925} INFO - DAG(s) 'example_dynamic_task_mapping_with_no_taskflow_operators' retrieved from /usr/local/python/3.12.1/lib/python3.12/site-packages/airflow/example_dags/example_dynamic_task_mapping_with_no_taskflow_operators.py
[2026-05-18T01:10:40.207+0000] {logging_mixin.py:190} INFO - [2026-05-18T01:10:40.207+0000] {dag.py:3239} INFO - Sync 1 DAGs
[2026-05-18T01:10:40.216+0000] {logging_mixin.py:190} INFO - [2026-05-18T01:10:40.216+0000] {dag.py:4180} INFO - Setting next_dagrun for example_dynamic_task_mapping_with_no_taskflow_operators to None, run_after=None
[2026-05-18T01:10:40.232+0000] {processor.py:208} INFO - Processing /usr/local/python/3.12.1/lib/python3.12/site-packages/airflow/example_dags/example_dynamic_task_mapping_with_no_taskflow_operators.py took 0.052 seconds
[2026-05-18T01:11:29.249+0000] {processor.py:186} INFO - Started process (PID=14099) to work on /usr/local/python/3.12.1/lib/python3.12/site-packages/airflow/example_dags/example_dynamic_task_mapping_with_no_taskflow_operators.py
[2026-05-18T01:11:29.249+0000] {processor.py:914} INFO - Processing file /usr/local/python/3.12.1/lib/python3.12/site-packages/airflow/example_dags/example_dynamic_task_mapping_with_no_taskflow_operators.py for tasks to queue
[2026-05-18T01:11:29.251+0000] {logging_mixin.py:190} INFO - [2026-05-18T01:11:29.251+0000] {dagbag.py:588} INFO - Filling up the DagBag from /usr/local/python/3.12.1/lib/python3.12/site-packages/airflow/example_dags/example_dynamic_task_mapping_with_no_taskflow_operators.py
[2026-05-18T01:11:29.257+0000] {processor.py:925} INFO - DAG(s) 'example_dynamic_task_mapping_with_no_taskflow_operators' retrieved from /usr/local/python/3.12.1/lib/python3.12/site-packages/airflow/example_dags/example_dynamic_task_mapping_with_no_taskflow_operators.py
[2026-05-18T01:11:29.269+0000] {logging_mixin.py:190} INFO - [2026-05-18T01:11:29.269+0000] {dag.py:3239} INFO - Sync 1 DAGs
[2026-05-18T01:11:29.278+0000] {logging_mixin.py:190} INFO - [2026-05-18T01:11:29.278+0000] {dag.py:4180} INFO - Setting next_dagrun for example_dynamic_task_mapping_with_no_taskflow_operators to None, run_after=None
[2026-05-18T01:11:29.294+0000] {processor.py:208} INFO - Processing /usr/local/python/3.12.1/lib/python3.12/site-packages/airflow/example_dags/example_dynamic_task_mapping_with_no_taskflow_operators.py took 0.050 seconds
[2026-05-18T01:12:21.967+0000] {processor.py:186} INFO - Started process (PID=14536) to work on /usr/local/python/3.12.1/lib/python3.12/site-packages/airflow/example_dags/example_dynamic_task_mapping_with_no_taskflow_operators.py
[2026-05-18T01:12:21.968+0000] {processor.py:914} INFO - Processing file /usr/local/python/3.12.1/lib/python3.12/site-packages/airflow/example_dags/example_dynamic_task_mapping_with_no_taskflow_operators.py for tasks to queue
[2026-05-18T01:12:21.970+0000] {logging_mixin.py:190} INFO - [2026-05-18T01:12:21.969+0000] {dagbag.py:588} INFO - Filling up the DagBag from /usr/local/python/3.12.1/lib/python3.12/site-packages/airflow/example_dags/example_dynamic_task_mapping_with_no_taskflow_operators.py
[2026-05-18T01:12:21.978+0000] {processor.py:925} INFO - DAG(s) 'example_dynamic_task_mapping_with_no_taskflow_operators' retrieved from /usr/local/python/3.12.1/lib/python3.12/site-packages/airflow/example_dags/example_dynamic_task_mapping_with_no_taskflow_operators.py
[2026-05-18T01:12:21.991+0000] {logging_mixin.py:190} INFO - [2026-05-18T01:12:21.990+0000] {dag.py:3239} INFO - Sync 1 DAGs
[2026-05-18T01:12:22.002+0000] {logging_mixin.py:190} INFO - [2026-05-18T01:12:22.002+0000] {dag.py:4180} INFO - Setting next_dagrun for example_dynamic_task_mapping_with_no_taskflow_operators to None, run_after=None
[2026-05-18T01:12:22.018+0000] {processor.py:208} INFO - Processing /usr/local/python/3.12.1/lib/python3.12/site-packages/airflow/example_dags/example_dynamic_task_mapping_with_no_taskflow_operators.py took 0.056 seconds
[2026-05-18T01:13:18.141+0000] {processor.py:186} INFO - Started process (PID=15000) to work on /usr/local/python/3.12.1/lib/python3.12/site-packages/airflow/example_dags/example_dynamic_task_mapping_with_no_taskflow_operators.py
[2026-05-18T01:13:18.142+0000] {processor.py:914} INFO - Processing file /usr/local/python/3.12.1/lib/python3.12/site-packages/airflow/example_dags/example_dynamic_task_mapping_with_no_taskflow_operators.py for tasks to queue
[2026-05-18T01:13:18.144+0000] {logging_mixin.py:190} INFO - [2026-05-18T01:13:18.144+0000] {dagbag.py:588} INFO - Filling up the DagBag from /usr/local/python/3.12.1/lib/python3.12/site-packages/airflow/example_dags/example_dynamic_task_mapping_with_no_taskflow_operators.py
[2026-05-18T01:13:18.151+0000] {processor.py:925} INFO - DAG(s) 'example_dynamic_task_mapping_with_no_taskflow_operators' retrieved from /usr/local/python/3.12.1/lib/python3.12/site-packages/airflow/example_dags/example_dynamic_task_mapping_with_no_taskflow_operators.py
[2026-05-18T01:13:18.164+0000] {logging_mixin.py:190} INFO - [2026-05-18T01:13:18.163+0000] {dag.py:3239} INFO - Sync 1 DAGs
[2026-05-18T01:13:18.173+0000] {logging_mixin.py:190} INFO - [2026-05-18T01:13:18.173+0000] {dag.py:4180} INFO - Setting next_dagrun for example_dynamic_task_mapping_with_no_taskflow_operators to None, run_after=None
[2026-05-18T01:13:18.189+0000] {processor.py:208} INFO - Processing /usr/local/python/3.12.1/lib/python3.12/site-packages/airflow/example_dags/example_dynamic_task_mapping_with_no_taskflow_operators.py took 0.055 seconds
[2026-05-18T01:14:10.725+0000] {processor.py:186} INFO - Started process (PID=15609) to work on /usr/local/python/3.12.1/lib/python3.12/site-packages/airflow/example_dags/example_dynamic_task_mapping_with_no_taskflow_operators.py
[2026-05-18T01:14:10.726+0000] {processor.py:914} INFO - Processing file /usr/local/python/3.12.1/lib/python3.12/site-packages/airflow/example_dags/example_dynamic_task_mapping_with_no_taskflow_operators.py for tasks to queue
[2026-05-18T01:14:10.729+0000] {logging_mixin.py:190} INFO - [2026-05-18T01:14:10.728+0000] {dagbag.py:588} INFO - Filling up the DagBag from /usr/local/python/3.12.1/lib/python3.12/site-packages/airflow/example_dags/example_dynamic_task_mapping_with_no_taskflow_operators.py
[2026-05-18T01:14:10.738+0000] {processor.py:925} INFO - DAG(s) 'example_dynamic_task_mapping_with_no_taskflow_operators' retrieved from /usr/local/python/3.12.1/lib/python3.12/site-packages/airflow/example_dags/example_dynamic_task_mapping_with_no_taskflow_operators.py
[2026-05-18T01:14:10.755+0000] {logging_mixin.py:190} INFO - [2026-05-18T01:14:10.755+0000] {dag.py:3239} INFO - Sync 1 DAGs
[2026-05-18T01:14:10.772+0000] {logging_mixin.py:190} INFO - [2026-05-18T01:14:10.771+0000] {dag.py:4180} INFO - Setting next_dagrun for example_dynamic_task_mapping_with_no_taskflow_operators to None, run_after=None
[2026-05-18T01:14:10.789+0000] {processor.py:208} INFO - Processing /usr/local/python/3.12.1/lib/python3.12/site-packages/airflow/example_dags/example_dynamic_task_mapping_with_no_taskflow_operators.py took 0.071 seconds
[2026-05-18T01:15:55.752+0000] {processor.py:186} INFO - Started process (PID=16725) to work on /usr/local/python/3.12.1/lib/python3.12/site-packages/airflow/example_dags/example_dynamic_task_mapping_with_no_taskflow_operators.py
[2026-05-18T01:15:55.758+0000] {processor.py:914} INFO - Processing file /usr/local/python/3.12.1/lib/python3.12/site-packages/airflow/example_dags/example_dynamic_task_mapping_with_no_taskflow_operators.py for tasks to queue
[2026-05-18T01:15:55.764+0000] {logging_mixin.py:190} INFO - [2026-05-18T01:15:55.763+0000] {dagbag.py:588} INFO - Filling up the DagBag from /usr/local/python/3.12.1/lib/python3.12/site-packages/airflow/example_dags/example_dynamic_task_mapping_with_no_taskflow_operators.py
[2026-05-18T01:15:55.775+0000] {processor.py:925} INFO - DAG(s) 'example_dynamic_task_mapping_with_no_taskflow_operators' retrieved from /usr/local/python/3.12.1/lib/python3.12/site-packages/airflow/example_dags/example_dynamic_task_mapping_with_no_taskflow_operators.py
[2026-05-18T01:15:55.796+0000] {logging_mixin.py:190} INFO - [2026-05-18T01:15:55.796+0000] {dag.py:3239} INFO - Sync 1 DAGs
[2026-05-18T01:15:55.831+0000] {logging_mixin.py:190} INFO - [2026-05-18T01:15:55.831+0000] {dag.py:4180} INFO - Setting next_dagrun for example_dynamic_task_mapping_with_no_taskflow_operators to None, run_after=None
[2026-05-18T01:15:55.889+0000] {processor.py:208} INFO - Processing /usr/local/python/3.12.1/lib/python3.12/site-packages/airflow/example_dags/example_dynamic_task_mapping_with_no_taskflow_operators.py took 0.148 seconds
[2026-05-18T01:16:49.563+0000] {processor.py:186} INFO - Started process (PID=17283) to work on /usr/local/python/3.12.1/lib/python3.12/site-packages/airflow/example_dags/example_dynamic_task_mapping_with_no_taskflow_operators.py
[2026-05-18T01:16:49.563+0000] {processor.py:914} INFO - Processing file /usr/local/python/3.12.1/lib/python3.12/site-packages/airflow/example_dags/example_dynamic_task_mapping_with_no_taskflow_operators.py for tasks to queue
[2026-05-18T01:16:49.566+0000] {logging_mixin.py:190} INFO - [2026-05-18T01:16:49.565+0000] {dagbag.py:588} INFO - Filling up the DagBag from /usr/local/python/3.12.1/lib/python3.12/site-packages/airflow/example_dags/example_dynamic_task_mapping_with_no_taskflow_operators.py
[2026-05-18T01:16:49.573+0000] {processor.py:925} INFO - DAG(s) 'example_dynamic_task_mapping_with_no_taskflow_operators' retrieved from /usr/local/python/3.12.1/lib/python3.12/site-packages/airflow/example_dags/example_dynamic_task_mapping_with_no_taskflow_operators.py
[2026-05-18T01:16:49.585+0000] {logging_mixin.py:190} INFO - [2026-05-18T01:16:49.585+0000] {dag.py:3239} INFO - Sync 1 DAGs
[2026-05-18T01:16:49.596+0000] {logging_mixin.py:190} INFO - [2026-05-18T01:16:49.596+0000] {dag.py:4180} INFO - Setting next_dagrun for example_dynamic_task_mapping_with_no_taskflow_operators to None, run_after=None
[2026-05-18T01:16:49.614+0000] {processor.py:208} INFO - Processing /usr/local/python/3.12.1/lib/python3.12/site-packages/airflow/example_dags/example_dynamic_task_mapping_with_no_taskflow_operators.py took 0.056 seconds
[2026-05-18T01:17:43.933+0000] {processor.py:186} INFO - Started process (PID=17725) to work on /usr/local/python/3.12.1/lib/python3.12/site-packages/airflow/example_dags/example_dynamic_task_mapping_with_no_taskflow_operators.py
[2026-05-18T01:17:43.935+0000] {processor.py:914} INFO - Processing file /usr/local/python/3.12.1/lib/python3.12/site-packages/airflow/example_dags/example_dynamic_task_mapping_with_no_taskflow_operators.py for tasks to queue
[2026-05-18T01:17:43.937+0000] {logging_mixin.py:190} INFO - [2026-05-18T01:17:43.937+0000] {dagbag.py:588} INFO - Filling up the DagBag from /usr/local/python/3.12.1/lib/python3.12/site-packages/airflow/example_dags/example_dynamic_task_mapping_with_no_taskflow_operators.py
[2026-05-18T01:17:43.946+0000] {processor.py:925} INFO - DAG(s) 'example_dynamic_task_mapping_with_no_taskflow_operators' retrieved from /usr/local/python/3.12.1/lib/python3.12/site-packages/airflow/example_dags/example_dynamic_task_mapping_with_no_taskflow_operators.py
[2026-05-18T01:17:43.963+0000] {logging_mixin.py:190} INFO - [2026-05-18T01:17:43.963+0000] {dag.py:3239} INFO - Sync 1 DAGs
[2026-05-18T01:17:43.977+0000] {logging_mixin.py:190} INFO - [2026-05-18T01:17:43.976+0000] {dag.py:4180} INFO - Setting next_dagrun for example_dynamic_task_mapping_with_no_taskflow_operators to None, run_after=None
[2026-05-18T01:17:43.996+0000] {processor.py:208} INFO - Processing /usr/local/python/3.12.1/lib/python3.12/site-packages/airflow/example_dags/example_dynamic_task_mapping_with_no_taskflow_operators.py took 0.071 seconds
[2026-05-18T01:18:34.214+0000] {processor.py:186} INFO - Started process (PID=18164) to work on /usr/local/python/3.12.1/lib/python3.12/site-packages/airflow/example_dags/example_dynamic_task_mapping_with_no_taskflow_operators.py
[2026-05-18T01:18:34.215+0000] {processor.py:914} INFO - Processing file /usr/local/python/3.12.1/lib/python3.12/site-packages/airflow/example_dags/example_dynamic_task_mapping_with_no_taskflow_operators.py for tasks to queue
[2026-05-18T01:18:34.217+0000] {logging_mixin.py:190} INFO - [2026-05-18T01:18:34.216+0000] {dagbag.py:588} INFO - Filling up the DagBag from /usr/local/python/3.12.1/lib/python3.12/site-packages/airflow/example_dags/example_dynamic_task_mapping_with_no_taskflow_operators.py
[2026-05-18T01:18:34.229+0000] {processor.py:925} INFO - DAG(s) 'example_dynamic_task_mapping_with_no_taskflow_operators' retrieved from /usr/local/python/3.12.1/lib/python3.12/site-packages/airflow/example_dags/example_dynamic_task_mapping_with_no_taskflow_operators.py
[2026-05-18T01:18:34.246+0000] {logging_mixin.py:190} INFO - [2026-05-18T01:18:34.246+0000] {dag.py:3239} INFO - Sync 1 DAGs
[2026-05-18T01:18:34.256+0000] {logging_mixin.py:190} INFO - [2026-05-18T01:18:34.256+0000] {dag.py:4180} INFO - Setting next_dagrun for example_dynamic_task_mapping_with_no_taskflow_operators to None, run_after=None
[2026-05-18T01:18:34.272+0000] {processor.py:208} INFO - Processing /usr/local/python/3.12.1/lib/python3.12/site-packages/airflow/example_dags/example_dynamic_task_mapping_with_no_taskflow_operators.py took 0.063 seconds
[2026-05-18T01:19:24.191+0000] {processor.py:186} INFO - Started process (PID=18580) to work on /usr/local/python/3.12.1/lib/python3.12/site-packages/airflow/example_dags/example_dynamic_task_mapping_with_no_taskflow_operators.py
[2026-05-18T01:19:24.192+0000] {processor.py:914} INFO - Processing file /usr/local/python/3.12.1/lib/python3.12/site-packages/airflow/example_dags/example_dynamic_task_mapping_with_no_taskflow_operators.py for tasks to queue
[2026-05-18T01:19:24.193+0000] {logging_mixin.py:190} INFO - [2026-05-18T01:19:24.193+0000] {dagbag.py:588} INFO - Filling up the DagBag from /usr/local/python/3.12.1/lib/python3.12/site-packages/airflow/example_dags/example_dynamic_task_mapping_with_no_taskflow_operators.py
[2026-05-18T01:19:24.200+0000] {processor.py:925} INFO - DAG(s) 'example_dynamic_task_mapping_with_no_taskflow_operators' retrieved from /usr/local/python/3.12.1/lib/python3.12/site-packages/airflow/example_dags/example_dynamic_task_mapping_with_no_taskflow_operators.py
[2026-05-18T01:19:24.212+0000] {logging_mixin.py:190} INFO - [2026-05-18T01:19:24.212+0000] {dag.py:3239} INFO - Sync 1 DAGs
[2026-05-18T01:19:24.222+0000] {logging_mixin.py:190} INFO - [2026-05-18T01:19:24.222+0000] {dag.py:4180} INFO - Setting next_dagrun for example_dynamic_task_mapping_with_no_taskflow_operators to None, run_after=None
[2026-05-18T01:19:24.239+0000] {processor.py:208} INFO - Processing /usr/local/python/3.12.1/lib/python3.12/site-packages/airflow/example_dags/example_dynamic_task_mapping_with_no_taskflow_operators.py took 0.052 seconds
[2026-05-18T01:20:15.840+0000] {processor.py:186} INFO - Started process (PID=18947) to work on /usr/local/python/3.12.1/lib/python3.12/site-packages/airflow/example_dags/example_dynamic_task_mapping_with_no_taskflow_operators.py
[2026-05-18T01:20:15.841+0000] {processor.py:914} INFO - Processing file /usr/local/python/3.12.1/lib/python3.12/site-packages/airflow/example_dags/example_dynamic_task_mapping_with_no_taskflow_operators.py for tasks to queue
[2026-05-18T01:20:15.843+0000] {logging_mixin.py:190} INFO - [2026-05-18T01:20:15.842+0000] {dagbag.py:588} INFO - Filling up the DagBag from /usr/local/python/3.12.1/lib/python3.12/site-packages/airflow/example_dags/example_dynamic_task_mapping_with_no_taskflow_operators.py
[2026-05-18T01:20:15.849+0000] {processor.py:925} INFO - DAG(s) 'example_dynamic_task_mapping_with_no_taskflow_operators' retrieved from /usr/local/python/3.12.1/lib/python3.12/site-packages/airflow/example_dags/example_dynamic_task_mapping_with_no_taskflow_operators.py
[2026-05-18T01:20:15.862+0000] {logging_mixin.py:190} INFO - [2026-05-18T01:20:15.862+0000] {dag.py:3239} INFO - Sync 1 DAGs
[2026-05-18T01:20:15.871+0000] {logging_mixin.py:190} INFO - [2026-05-18T01:20:15.871+0000] {dag.py:4180} INFO - Setting next_dagrun for example_dynamic_task_mapping_with_no_taskflow_operators to None, run_after=None
[2026-05-18T01:20:15.888+0000] {processor.py:208} INFO - Processing /usr/local/python/3.12.1/lib/python3.12/site-packages/airflow/example_dags/example_dynamic_task_mapping_with_no_taskflow_operators.py took 0.052 seconds
[2026-05-18T01:21:27.151+0000] {processor.py:186} INFO - Started process (PID=19644) to work on /usr/local/python/3.12.1/lib/python3.12/site-packages/airflow/example_dags/example_dynamic_task_mapping_with_no_taskflow_operators.py
[2026-05-18T01:21:27.152+0000] {processor.py:914} INFO - Processing file /usr/local/python/3.12.1/lib/python3.12/site-packages/airflow/example_dags/example_dynamic_task_mapping_with_no_taskflow_operators.py for tasks to queue
[2026-05-18T01:21:27.154+0000] {logging_mixin.py:190} INFO - [2026-05-18T01:21:27.153+0000] {dagbag.py:588} INFO - Filling up the DagBag from /usr/local/python/3.12.1/lib/python3.12/site-packages/airflow/example_dags/example_dynamic_task_mapping_with_no_taskflow_operators.py
[2026-05-18T01:21:27.160+0000] {processor.py:925} INFO - DAG(s) 'example_dynamic_task_mapping_with_no_taskflow_operators' retrieved from /usr/local/python/3.12.1/lib/python3.12/site-packages/airflow/example_dags/example_dynamic_task_mapping_with_no_taskflow_operators.py
[2026-05-18T01:21:27.173+0000] {logging_mixin.py:190} INFO - [2026-05-18T01:21:27.173+0000] {dag.py:3239} INFO - Sync 1 DAGs
[2026-05-18T01:21:27.182+0000] {logging_mixin.py:190} INFO - [2026-05-18T01:21:27.182+0000] {dag.py:4180} INFO - Setting next_dagrun for example_dynamic_task_mapping_with_no_taskflow_operators to None, run_after=None
[2026-05-18T01:21:27.199+0000] {processor.py:208} INFO - Processing /usr/local/python/3.12.1/lib/python3.12/site-packages/airflow/example_dags/example_dynamic_task_mapping_with_no_taskflow_operators.py took 0.053 seconds
[2026-05-18T01:22:18.154+0000] {processor.py:186} INFO - Started process (PID=20044) to work on /usr/local/python/3.12.1/lib/python3.12/site-packages/airflow/example_dags/example_dynamic_task_mapping_with_no_taskflow_operators.py
[2026-05-18T01:22:18.154+0000] {processor.py:914} INFO - Processing file /usr/local/python/3.12.1/lib/python3.12/site-packages/airflow/example_dags/example_dynamic_task_mapping_with_no_taskflow_operators.py for tasks to queue
[2026-05-18T01:22:18.157+0000] {logging_mixin.py:190} INFO - [2026-05-18T01:22:18.156+0000] {dagbag.py:588} INFO - Filling up the DagBag from /usr/local/python/3.12.1/lib/python3.12/site-packages/airflow/example_dags/example_dynamic_task_mapping_with_no_taskflow_operators.py
[2026-05-18T01:22:18.163+0000] {processor.py:925} INFO - DAG(s) 'example_dynamic_task_mapping_with_no_taskflow_operators' retrieved from /usr/local/python/3.12.1/lib/python3.12/site-packages/airflow/example_dags/example_dynamic_task_mapping_with_no_taskflow_operators.py
[2026-05-18T01:22:18.176+0000] {logging_mixin.py:190} INFO - [2026-05-18T01:22:18.175+0000] {dag.py:3239} INFO - Sync 1 DAGs
[2026-05-18T01:22:18.188+0000] {logging_mixin.py:190} INFO - [2026-05-18T01:22:18.187+0000] {dag.py:4180} INFO - Setting next_dagrun for example_dynamic_task_mapping_with_no_taskflow_operators to None, run_after=None
[2026-05-18T01:22:18.209+0000] {processor.py:208} INFO - Processing /usr/local/python/3.12.1/lib/python3.12/site-packages/airflow/example_dags/example_dynamic_task_mapping_with_no_taskflow_operators.py took 0.060 seconds
[2026-05-18T01:23:09.562+0000] {processor.py:186} INFO - Started process (PID=20468) to work on /usr/local/python/3.12.1/lib/python3.12/site-packages/airflow/example_dags/example_dynamic_task_mapping_with_no_taskflow_operators.py
[2026-05-18T01:23:09.562+0000] {processor.py:914} INFO - Processing file /usr/local/python/3.12.1/lib/python3.12/site-packages/airflow/example_dags/example_dynamic_task_mapping_with_no_taskflow_operators.py for tasks to queue
[2026-05-18T01:23:09.565+0000] {logging_mixin.py:190} INFO - [2026-05-18T01:23:09.564+0000] {dagbag.py:588} INFO - Filling up the DagBag from /usr/local/python/3.12.1/lib/python3.12/site-packages/airflow/example_dags/example_dynamic_task_mapping_with_no_taskflow_operators.py
[2026-05-18T01:23:09.571+0000] {processor.py:925} INFO - DAG(s) 'example_dynamic_task_mapping_with_no_taskflow_operators' retrieved from /usr/local/python/3.12.1/lib/python3.12/site-packages/airflow/example_dags/example_dynamic_task_mapping_with_no_taskflow_operators.py
[2026-05-18T01:23:09.585+0000] {logging_mixin.py:190} INFO - [2026-05-18T01:23:09.585+0000] {dag.py:3239} INFO - Sync 1 DAGs
[2026-05-18T01:23:09.595+0000] {logging_mixin.py:190} INFO - [2026-05-18T01:23:09.595+0000] {dag.py:4180} INFO - Setting next_dagrun for example_dynamic_task_mapping_with_no_taskflow_operators to None, run_after=None
[2026-05-18T01:23:09.612+0000] {processor.py:208} INFO - Processing /usr/local/python/3.12.1/lib/python3.12/site-packages/airflow/example_dags/example_dynamic_task_mapping_with_no_taskflow_operators.py took 0.054 seconds
[2026-05-18T01:24:02.068+0000] {processor.py:186} INFO - Started process (PID=20911) to work on /usr/local/python/3.12.1/lib/python3.12/site-packages/airflow/example_dags/example_dynamic_task_mapping_with_no_taskflow_operators.py
[2026-05-18T01:24:02.069+0000] {processor.py:914} INFO - Processing file /usr/local/python/3.12.1/lib/python3.12/site-packages/airflow/example_dags/example_dynamic_task_mapping_with_no_taskflow_operators.py for tasks to queue
[2026-05-18T01:24:02.071+0000] {logging_mixin.py:190} INFO - [2026-05-18T01:24:02.071+0000] {dagbag.py:588} INFO - Filling up the DagBag from /usr/local/python/3.12.1/lib/python3.12/site-packages/airflow/example_dags/example_dynamic_task_mapping_with_no_taskflow_operators.py
[2026-05-18T01:24:02.078+0000] {processor.py:925} INFO - DAG(s) 'example_dynamic_task_mapping_with_no_taskflow_operators' retrieved from /usr/local/python/3.12.1/lib/python3.12/site-packages/airflow/example_dags/example_dynamic_task_mapping_with_no_taskflow_operators.py
[2026-05-18T01:24:02.090+0000] {logging_mixin.py:190} INFO - [2026-05-18T01:24:02.090+0000] {dag.py:3239} INFO - Sync 1 DAGs
[2026-05-18T01:24:02.099+0000] {logging_mixin.py:190} INFO - [2026-05-18T01:24:02.099+0000] {dag.py:4180} INFO - Setting next_dagrun for example_dynamic_task_mapping_with_no_taskflow_operators to None, run_after=None
[2026-05-18T01:24:02.116+0000] {processor.py:208} INFO - Processing /usr/local/python/3.12.1/lib/python3.12/site-packages/airflow/example_dags/example_dynamic_task_mapping_with_no_taskflow_operators.py took 0.052 seconds
[2026-05-18T01:24:54.453+0000] {processor.py:186} INFO - Started process (PID=21372) to work on /usr/local/python/3.12.1/lib/python3.12/site-packages/airflow/example_dags/example_dynamic_task_mapping_with_no_taskflow_operators.py
[2026-05-18T01:24:54.454+0000] {processor.py:914} INFO - Processing file /usr/local/python/3.12.1/lib/python3.12/site-packages/airflow/example_dags/example_dynamic_task_mapping_with_no_taskflow_operators.py for tasks to queue
[2026-05-18T01:24:54.457+0000] {logging_mixin.py:190} INFO - [2026-05-18T01:24:54.456+0000] {dagbag.py:588} INFO - Filling up the DagBag from /usr/local/python/3.12.1/lib/python3.12/site-packages/airflow/example_dags/example_dynamic_task_mapping_with_no_taskflow_operators.py
[2026-05-18T01:24:54.466+0000] {processor.py:925} INFO - DAG(s) 'example_dynamic_task_mapping_with_no_taskflow_operators' retrieved from /usr/local/python/3.12.1/lib/python3.12/site-packages/airflow/example_dags/example_dynamic_task_mapping_with_no_taskflow_operators.py
[2026-05-18T01:24:54.494+0000] {logging_mixin.py:190} INFO - [2026-05-18T01:24:54.493+0000] {dag.py:3239} INFO - Sync 1 DAGs
[2026-05-18T01:24:54.509+0000] {logging_mixin.py:190} INFO - [2026-05-18T01:24:54.509+0000] {dag.py:4180} INFO - Setting next_dagrun for example_dynamic_task_mapping_with_no_taskflow_operators to None, run_after=None
[2026-05-18T01:24:54.539+0000] {processor.py:208} INFO - Processing /usr/local/python/3.12.1/lib/python3.12/site-packages/airflow/example_dags/example_dynamic_task_mapping_with_no_taskflow_operators.py took 0.094 seconds
[2026-05-18T01:25:47.146+0000] {processor.py:186} INFO - Started process (PID=21890) to work on /usr/local/python/3.12.1/lib/python3.12/site-packages/airflow/example_dags/example_dynamic_task_mapping_with_no_taskflow_operators.py
[2026-05-18T01:25:47.147+0000] {processor.py:914} INFO - Processing file /usr/local/python/3.12.1/lib/python3.12/site-packages/airflow/example_dags/example_dynamic_task_mapping_with_no_taskflow_operators.py for tasks to queue
[2026-05-18T01:25:47.148+0000] {logging_mixin.py:190} INFO - [2026-05-18T01:25:47.148+0000] {dagbag.py:588} INFO - Filling up the DagBag from /usr/local/python/3.12.1/lib/python3.12/site-packages/airflow/example_dags/example_dynamic_task_mapping_with_no_taskflow_operators.py
[2026-05-18T01:25:47.155+0000] {processor.py:925} INFO - DAG(s) 'example_dynamic_task_mapping_with_no_taskflow_operators' retrieved from /usr/local/python/3.12.1/lib/python3.12/site-packages/airflow/example_dags/example_dynamic_task_mapping_with_no_taskflow_operators.py
[2026-05-18T01:25:47.168+0000] {logging_mixin.py:190} INFO - [2026-05-18T01:25:47.168+0000] {dag.py:3239} INFO - Sync 1 DAGs
[2026-05-18T01:25:47.177+0000] {logging_mixin.py:190} INFO - [2026-05-18T01:25:47.177+0000] {dag.py:4180} INFO - Setting next_dagrun for example_dynamic_task_mapping_with_no_taskflow_operators to None, run_after=None
[2026-05-18T01:25:47.194+0000] {processor.py:208} INFO - Processing /usr/local/python/3.12.1/lib/python3.12/site-packages/airflow/example_dags/example_dynamic_task_mapping_with_no_taskflow_operators.py took 0.053 seconds
[2026-05-18T01:27:00.219+0000] {processor.py:186} INFO - Started process (PID=22610) to work on /usr/local/python/3.12.1/lib/python3.12/site-packages/airflow/example_dags/example_dynamic_task_mapping_with_no_taskflow_operators.py
[2026-05-18T01:27:00.220+0000] {processor.py:914} INFO - Processing file /usr/local/python/3.12.1/lib/python3.12/site-packages/airflow/example_dags/example_dynamic_task_mapping_with_no_taskflow_operators.py for tasks to queue
[2026-05-18T01:27:00.222+0000] {logging_mixin.py:190} INFO - [2026-05-18T01:27:00.221+0000] {dagbag.py:588} INFO - Filling up the DagBag from /usr/local/python/3.12.1/lib/python3.12/site-packages/airflow/example_dags/example_dynamic_task_mapping_with_no_taskflow_operators.py
[2026-05-18T01:27:00.228+0000] {processor.py:925} INFO - DAG(s) 'example_dynamic_task_mapping_with_no_taskflow_operators' retrieved from /usr/local/python/3.12.1/lib/python3.12/site-packages/airflow/example_dags/example_dynamic_task_mapping_with_no_taskflow_operators.py
[2026-05-18T01:27:00.240+0000] {logging_mixin.py:190} INFO - [2026-05-18T01:27:00.240+0000] {dag.py:3239} INFO - Sync 1 DAGs
[2026-05-18T01:27:00.250+0000] {logging_mixin.py:190} INFO - [2026-05-18T01:27:00.250+0000] {dag.py:4180} INFO - Setting next_dagrun for example_dynamic_task_mapping_with_no_taskflow_operators to None, run_after=None
[2026-05-18T01:27:00.266+0000] {processor.py:208} INFO - Processing /usr/local/python/3.12.1/lib/python3.12/site-packages/airflow/example_dags/example_dynamic_task_mapping_with_no_taskflow_operators.py took 0.051 seconds
[2026-05-18T01:28:19.830+0000] {processor.py:186} INFO - Started process (PID=23684) to work on /usr/local/python/3.12.1/lib/python3.12/site-packages/airflow/example_dags/example_dynamic_task_mapping_with_no_taskflow_operators.py
[2026-05-18T01:28:19.831+0000] {processor.py:914} INFO - Processing file /usr/local/python/3.12.1/lib/python3.12/site-packages/airflow/example_dags/example_dynamic_task_mapping_with_no_taskflow_operators.py for tasks to queue
[2026-05-18T01:28:19.834+0000] {logging_mixin.py:190} INFO - [2026-05-18T01:28:19.833+0000] {dagbag.py:588} INFO - Filling up the DagBag from /usr/local/python/3.12.1/lib/python3.12/site-packages/airflow/example_dags/example_dynamic_task_mapping_with_no_taskflow_operators.py
[2026-05-18T01:28:19.843+0000] {processor.py:925} INFO - DAG(s) 'example_dynamic_task_mapping_with_no_taskflow_operators' retrieved from /usr/local/python/3.12.1/lib/python3.12/site-packages/airflow/example_dags/example_dynamic_task_mapping_with_no_taskflow_operators.py
[2026-05-18T01:28:19.857+0000] {logging_mixin.py:190} INFO - [2026-05-18T01:28:19.857+0000] {dag.py:3239} INFO - Sync 1 DAGs
[2026-05-18T01:28:19.868+0000] {logging_mixin.py:190} INFO - [2026-05-18T01:28:19.868+0000] {dag.py:4180} INFO - Setting next_dagrun for example_dynamic_task_mapping_with_no_taskflow_operators to None, run_after=None
[2026-05-18T01:28:19.884+0000] {processor.py:208} INFO - Processing /usr/local/python/3.12.1/lib/python3.12/site-packages/airflow/example_dags/example_dynamic_task_mapping_with_no_taskflow_operators.py took 0.059 seconds
[2026-05-18T01:29:13.641+0000] {processor.py:186} INFO - Started process (PID=24136) to work on /usr/local/python/3.12.1/lib/python3.12/site-packages/airflow/example_dags/example_dynamic_task_mapping_with_no_taskflow_operators.py
[2026-05-18T01:29:13.642+0000] {processor.py:914} INFO - Processing file /usr/local/python/3.12.1/lib/python3.12/site-packages/airflow/example_dags/example_dynamic_task_mapping_with_no_taskflow_operators.py for tasks to queue
[2026-05-18T01:29:13.644+0000] {logging_mixin.py:190} INFO - [2026-05-18T01:29:13.643+0000] {dagbag.py:588} INFO - Filling up the DagBag from /usr/local/python/3.12.1/lib/python3.12/site-packages/airflow/example_dags/example_dynamic_task_mapping_with_no_taskflow_operators.py
[2026-05-18T01:29:13.650+0000] {processor.py:925} INFO - DAG(s) 'example_dynamic_task_mapping_with_no_taskflow_operators' retrieved from /usr/local/python/3.12.1/lib/python3.12/site-packages/airflow/example_dags/example_dynamic_task_mapping_with_no_taskflow_operators.py
[2026-05-18T01:29:13.662+0000] {logging_mixin.py:190} INFO - [2026-05-18T01:29:13.662+0000] {dag.py:3239} INFO - Sync 1 DAGs
[2026-05-18T01:29:13.672+0000] {logging_mixin.py:190} INFO - [2026-05-18T01:29:13.672+0000] {dag.py:4180} INFO - Setting next_dagrun for example_dynamic_task_mapping_with_no_taskflow_operators to None, run_after=None
[2026-05-18T01:29:13.689+0000] {processor.py:208} INFO - Processing /usr/local/python/3.12.1/lib/python3.12/site-packages/airflow/example_dags/example_dynamic_task_mapping_with_no_taskflow_operators.py took 0.052 seconds
[2026-05-18T01:30:09.190+0000] {processor.py:186} INFO - Started process (PID=25121) to work on /usr/local/python/3.12.1/lib/python3.12/site-packages/airflow/example_dags/example_dynamic_task_mapping_with_no_taskflow_operators.py
[2026-05-18T01:30:09.191+0000] {processor.py:914} INFO - Processing file /usr/local/python/3.12.1/lib/python3.12/site-packages/airflow/example_dags/example_dynamic_task_mapping_with_no_taskflow_operators.py for tasks to queue
[2026-05-18T01:30:09.192+0000] {logging_mixin.py:190} INFO - [2026-05-18T01:30:09.192+0000] {dagbag.py:588} INFO - Filling up the DagBag from /usr/local/python/3.12.1/lib/python3.12/site-packages/airflow/example_dags/example_dynamic_task_mapping_with_no_taskflow_operators.py
[2026-05-18T01:30:09.199+0000] {processor.py:925} INFO - DAG(s) 'example_dynamic_task_mapping_with_no_taskflow_operators' retrieved from /usr/local/python/3.12.1/lib/python3.12/site-packages/airflow/example_dags/example_dynamic_task_mapping_with_no_taskflow_operators.py
[2026-05-18T01:30:09.213+0000] {logging_mixin.py:190} INFO - [2026-05-18T01:30:09.213+0000] {dag.py:3239} INFO - Sync 1 DAGs
[2026-05-18T01:30:09.223+0000] {logging_mixin.py:190} INFO - [2026-05-18T01:30:09.223+0000] {dag.py:4180} INFO - Setting next_dagrun for example_dynamic_task_mapping_with_no_taskflow_operators to None, run_after=None
[2026-05-18T01:30:09.238+0000] {processor.py:208} INFO - Processing /usr/local/python/3.12.1/lib/python3.12/site-packages/airflow/example_dags/example_dynamic_task_mapping_with_no_taskflow_operators.py took 0.052 seconds
[2026-05-18T01:30:59.298+0000] {processor.py:186} INFO - Started process (PID=25585) to work on /usr/local/python/3.12.1/lib/python3.12/site-packages/airflow/example_dags/example_dynamic_task_mapping_with_no_taskflow_operators.py
[2026-05-18T01:30:59.299+0000] {processor.py:914} INFO - Processing file /usr/local/python/3.12.1/lib/python3.12/site-packages/airflow/example_dags/example_dynamic_task_mapping_with_no_taskflow_operators.py for tasks to queue
[2026-05-18T01:30:59.301+0000] {logging_mixin.py:190} INFO - [2026-05-18T01:30:59.301+0000] {dagbag.py:588} INFO - Filling up the DagBag from /usr/local/python/3.12.1/lib/python3.12/site-packages/airflow/example_dags/example_dynamic_task_mapping_with_no_taskflow_operators.py
[2026-05-18T01:30:59.308+0000] {processor.py:925} INFO - DAG(s) 'example_dynamic_task_mapping_with_no_taskflow_operators' retrieved from /usr/local/python/3.12.1/lib/python3.12/site-packages/airflow/example_dags/example_dynamic_task_mapping_with_no_taskflow_operators.py
[2026-05-18T01:30:59.321+0000] {logging_mixin.py:190} INFO - [2026-05-18T01:30:59.321+0000] {dag.py:3239} INFO - Sync 1 DAGs
[2026-05-18T01:30:59.331+0000] {logging_mixin.py:190} INFO - [2026-05-18T01:30:59.330+0000] {dag.py:4180} INFO - Setting next_dagrun for example_dynamic_task_mapping_with_no_taskflow_operators to None, run_after=None
[2026-05-18T01:30:59.350+0000] {processor.py:208} INFO - Processing /usr/local/python/3.12.1/lib/python3.12/site-packages/airflow/example_dags/example_dynamic_task_mapping_with_no_taskflow_operators.py took 0.056 seconds
[2026-05-18T01:32:12.538+0000] {processor.py:186} INFO - Started process (PID=26201) to work on /usr/local/python/3.12.1/lib/python3.12/site-packages/airflow/example_dags/example_dynamic_task_mapping_with_no_taskflow_operators.py
[2026-05-18T01:32:12.539+0000] {processor.py:914} INFO - Processing file /usr/local/python/3.12.1/lib/python3.12/site-packages/airflow/example_dags/example_dynamic_task_mapping_with_no_taskflow_operators.py for tasks to queue
[2026-05-18T01:32:12.541+0000] {logging_mixin.py:190} INFO - [2026-05-18T01:32:12.540+0000] {dagbag.py:588} INFO - Filling up the DagBag from /usr/local/python/3.12.1/lib/python3.12/site-packages/airflow/example_dags/example_dynamic_task_mapping_with_no_taskflow_operators.py
[2026-05-18T01:32:12.548+0000] {processor.py:925} INFO - DAG(s) 'example_dynamic_task_mapping_with_no_taskflow_operators' retrieved from /usr/local/python/3.12.1/lib/python3.12/site-packages/airflow/example_dags/example_dynamic_task_mapping_with_no_taskflow_operators.py
[2026-05-18T01:32:12.561+0000] {logging_mixin.py:190} INFO - [2026-05-18T01:32:12.560+0000] {dag.py:3239} INFO - Sync 1 DAGs
[2026-05-18T01:32:12.570+0000] {logging_mixin.py:190} INFO - [2026-05-18T01:32:12.570+0000] {dag.py:4180} INFO - Setting next_dagrun for example_dynamic_task_mapping_with_no_taskflow_operators to None, run_after=None
[2026-05-18T01:32:12.586+0000] {processor.py:208} INFO - Processing /usr/local/python/3.12.1/lib/python3.12/site-packages/airflow/example_dags/example_dynamic_task_mapping_with_no_taskflow_operators.py took 0.052 seconds
[2026-05-18T01:33:03.426+0000] {processor.py:186} INFO - Started process (PID=26857) to work on /usr/local/python/3.12.1/lib/python3.12/site-packages/airflow/example_dags/example_dynamic_task_mapping_with_no_taskflow_operators.py
[2026-05-18T01:33:03.426+0000] {processor.py:914} INFO - Processing file /usr/local/python/3.12.1/lib/python3.12/site-packages/airflow/example_dags/example_dynamic_task_mapping_with_no_taskflow_operators.py for tasks to queue
[2026-05-18T01:33:03.428+0000] {logging_mixin.py:190} INFO - [2026-05-18T01:33:03.428+0000] {dagbag.py:588} INFO - Filling up the DagBag from /usr/local/python/3.12.1/lib/python3.12/site-packages/airflow/example_dags/example_dynamic_task_mapping_with_no_taskflow_operators.py
[2026-05-18T01:33:03.435+0000] {processor.py:925} INFO - DAG(s) 'example_dynamic_task_mapping_with_no_taskflow_operators' retrieved from /usr/local/python/3.12.1/lib/python3.12/site-packages/airflow/example_dags/example_dynamic_task_mapping_with_no_taskflow_operators.py
[2026-05-18T01:33:03.447+0000] {logging_mixin.py:190} INFO - [2026-05-18T01:33:03.447+0000] {dag.py:3239} INFO - Sync 1 DAGs
[2026-05-18T01:33:03.457+0000] {logging_mixin.py:190} INFO - [2026-05-18T01:33:03.457+0000] {dag.py:4180} INFO - Setting next_dagrun for example_dynamic_task_mapping_with_no_taskflow_operators to None, run_after=None
[2026-05-18T01:33:03.473+0000] {processor.py:208} INFO - Processing /usr/local/python/3.12.1/lib/python3.12/site-packages/airflow/example_dags/example_dynamic_task_mapping_with_no_taskflow_operators.py took 0.052 seconds
[2026-05-18T01:33:53.376+0000] {processor.py:186} INFO - Started process (PID=27315) to work on /usr/local/python/3.12.1/lib/python3.12/site-packages/airflow/example_dags/example_dynamic_task_mapping_with_no_taskflow_operators.py
[2026-05-18T01:33:53.377+0000] {processor.py:914} INFO - Processing file /usr/local/python/3.12.1/lib/python3.12/site-packages/airflow/example_dags/example_dynamic_task_mapping_with_no_taskflow_operators.py for tasks to queue
[2026-05-18T01:33:53.379+0000] {logging_mixin.py:190} INFO - [2026-05-18T01:33:53.379+0000] {dagbag.py:588} INFO - Filling up the DagBag from /usr/local/python/3.12.1/lib/python3.12/site-packages/airflow/example_dags/example_dynamic_task_mapping_with_no_taskflow_operators.py
[2026-05-18T01:33:53.386+0000] {processor.py:925} INFO - DAG(s) 'example_dynamic_task_mapping_with_no_taskflow_operators' retrieved from /usr/local/python/3.12.1/lib/python3.12/site-packages/airflow/example_dags/example_dynamic_task_mapping_with_no_taskflow_operators.py
[2026-05-18T01:33:53.399+0000] {logging_mixin.py:190} INFO - [2026-05-18T01:33:53.398+0000] {dag.py:3239} INFO - Sync 1 DAGs
[2026-05-18T01:33:53.408+0000] {logging_mixin.py:190} INFO - [2026-05-18T01:33:53.408+0000] {dag.py:4180} INFO - Setting next_dagrun for example_dynamic_task_mapping_with_no_taskflow_operators to None, run_after=None
[2026-05-18T01:33:53.424+0000] {processor.py:208} INFO - Processing /usr/local/python/3.12.1/lib/python3.12/site-packages/airflow/example_dags/example_dynamic_task_mapping_with_no_taskflow_operators.py took 0.054 seconds
[2026-05-18T01:34:45.095+0000] {processor.py:186} INFO - Started process (PID=27820) to work on /usr/local/python/3.12.1/lib/python3.12/site-packages/airflow/example_dags/example_dynamic_task_mapping_with_no_taskflow_operators.py
[2026-05-18T01:34:45.095+0000] {processor.py:914} INFO - Processing file /usr/local/python/3.12.1/lib/python3.12/site-packages/airflow/example_dags/example_dynamic_task_mapping_with_no_taskflow_operators.py for tasks to queue
[2026-05-18T01:34:45.098+0000] {logging_mixin.py:190} INFO - [2026-05-18T01:34:45.097+0000] {dagbag.py:588} INFO - Filling up the DagBag from /usr/local/python/3.12.1/lib/python3.12/site-packages/airflow/example_dags/example_dynamic_task_mapping_with_no_taskflow_operators.py
[2026-05-18T01:34:45.104+0000] {processor.py:925} INFO - DAG(s) 'example_dynamic_task_mapping_with_no_taskflow_operators' retrieved from /usr/local/python/3.12.1/lib/python3.12/site-packages/airflow/example_dags/example_dynamic_task_mapping_with_no_taskflow_operators.py
[2026-05-18T01:34:45.117+0000] {logging_mixin.py:190} INFO - [2026-05-18T01:34:45.117+0000] {dag.py:3239} INFO - Sync 1 DAGs
[2026-05-18T01:34:45.127+0000] {logging_mixin.py:190} INFO - [2026-05-18T01:34:45.126+0000] {dag.py:4180} INFO - Setting next_dagrun for example_dynamic_task_mapping_with_no_taskflow_operators to None, run_after=None
[2026-05-18T01:34:45.142+0000] {processor.py:208} INFO - Processing /usr/local/python/3.12.1/lib/python3.12/site-packages/airflow/example_dags/example_dynamic_task_mapping_with_no_taskflow_operators.py took 0.052 seconds
[2026-05-18T01:36:01.512+0000] {processor.py:186} INFO - Started process (PID=28756) to work on /usr/local/python/3.12.1/lib/python3.12/site-packages/airflow/example_dags/example_dynamic_task_mapping_with_no_taskflow_operators.py
[2026-05-18T01:36:01.513+0000] {processor.py:914} INFO - Processing file /usr/local/python/3.12.1/lib/python3.12/site-packages/airflow/example_dags/example_dynamic_task_mapping_with_no_taskflow_operators.py for tasks to queue
[2026-05-18T01:36:01.515+0000] {logging_mixin.py:190} INFO - [2026-05-18T01:36:01.514+0000] {dagbag.py:588} INFO - Filling up the DagBag from /usr/local/python/3.12.1/lib/python3.12/site-packages/airflow/example_dags/example_dynamic_task_mapping_with_no_taskflow_operators.py
[2026-05-18T01:36:01.521+0000] {processor.py:925} INFO - DAG(s) 'example_dynamic_task_mapping_with_no_taskflow_operators' retrieved from /usr/local/python/3.12.1/lib/python3.12/site-packages/airflow/example_dags/example_dynamic_task_mapping_with_no_taskflow_operators.py
[2026-05-18T01:36:01.534+0000] {logging_mixin.py:190} INFO - [2026-05-18T01:36:01.533+0000] {dag.py:3239} INFO - Sync 1 DAGs
[2026-05-18T01:36:01.544+0000] {logging_mixin.py:190} INFO - [2026-05-18T01:36:01.544+0000] {dag.py:4180} INFO - Setting next_dagrun for example_dynamic_task_mapping_with_no_taskflow_operators to None, run_after=None
[2026-05-18T01:36:01.560+0000] {processor.py:208} INFO - Processing /usr/local/python/3.12.1/lib/python3.12/site-packages/airflow/example_dags/example_dynamic_task_mapping_with_no_taskflow_operators.py took 0.052 seconds
[2026-05-18T01:36:56.797+0000] {processor.py:186} INFO - Started process (PID=29223) to work on /usr/local/python/3.12.1/lib/python3.12/site-packages/airflow/example_dags/example_dynamic_task_mapping_with_no_taskflow_operators.py
[2026-05-18T01:36:56.798+0000] {processor.py:914} INFO - Processing file /usr/local/python/3.12.1/lib/python3.12/site-packages/airflow/example_dags/example_dynamic_task_mapping_with_no_taskflow_operators.py for tasks to queue
[2026-05-18T01:36:56.799+0000] {logging_mixin.py:190} INFO - [2026-05-18T01:36:56.799+0000] {dagbag.py:588} INFO - Filling up the DagBag from /usr/local/python/3.12.1/lib/python3.12/site-packages/airflow/example_dags/example_dynamic_task_mapping_with_no_taskflow_operators.py
[2026-05-18T01:36:56.806+0000] {processor.py:925} INFO - DAG(s) 'example_dynamic_task_mapping_with_no_taskflow_operators' retrieved from /usr/local/python/3.12.1/lib/python3.12/site-packages/airflow/example_dags/example_dynamic_task_mapping_with_no_taskflow_operators.py
[2026-05-18T01:36:56.818+0000] {logging_mixin.py:190} INFO - [2026-05-18T01:36:56.818+0000] {dag.py:3239} INFO - Sync 1 DAGs
[2026-05-18T01:36:56.827+0000] {logging_mixin.py:190} INFO - [2026-05-18T01:36:56.827+0000] {dag.py:4180} INFO - Setting next_dagrun for example_dynamic_task_mapping_with_no_taskflow_operators to None, run_after=None
[2026-05-18T01:36:56.843+0000] {processor.py:208} INFO - Processing /usr/local/python/3.12.1/lib/python3.12/site-packages/airflow/example_dags/example_dynamic_task_mapping_with_no_taskflow_operators.py took 0.051 seconds
[2026-05-18T01:37:50.689+0000] {processor.py:186} INFO - Started process (PID=29750) to work on /usr/local/python/3.12.1/lib/python3.12/site-packages/airflow/example_dags/example_dynamic_task_mapping_with_no_taskflow_operators.py
[2026-05-18T01:37:50.689+0000] {processor.py:914} INFO - Processing file /usr/local/python/3.12.1/lib/python3.12/site-packages/airflow/example_dags/example_dynamic_task_mapping_with_no_taskflow_operators.py for tasks to queue
[2026-05-18T01:37:50.691+0000] {logging_mixin.py:190} INFO - [2026-05-18T01:37:50.691+0000] {dagbag.py:588} INFO - Filling up the DagBag from /usr/local/python/3.12.1/lib/python3.12/site-packages/airflow/example_dags/example_dynamic_task_mapping_with_no_taskflow_operators.py
[2026-05-18T01:37:50.697+0000] {processor.py:925} INFO - DAG(s) 'example_dynamic_task_mapping_with_no_taskflow_operators' retrieved from /usr/local/python/3.12.1/lib/python3.12/site-packages/airflow/example_dags/example_dynamic_task_mapping_with_no_taskflow_operators.py
[2026-05-18T01:37:50.709+0000] {logging_mixin.py:190} INFO - [2026-05-18T01:37:50.709+0000] {dag.py:3239} INFO - Sync 1 DAGs
[2026-05-18T01:37:50.718+0000] {logging_mixin.py:190} INFO - [2026-05-18T01:37:50.718+0000] {dag.py:4180} INFO - Setting next_dagrun for example_dynamic_task_mapping_with_no_taskflow_operators to None, run_after=None
[2026-05-18T01:37:50.736+0000] {processor.py:208} INFO - Processing /usr/local/python/3.12.1/lib/python3.12/site-packages/airflow/example_dags/example_dynamic_task_mapping_with_no_taskflow_operators.py took 0.053 seconds
[2026-05-18T01:39:01.762+0000] {processor.py:186} INFO - Started process (PID=30347) to work on /usr/local/python/3.12.1/lib/python3.12/site-packages/airflow/example_dags/example_dynamic_task_mapping_with_no_taskflow_operators.py
[2026-05-18T01:39:01.763+0000] {processor.py:914} INFO - Processing file /usr/local/python/3.12.1/lib/python3.12/site-packages/airflow/example_dags/example_dynamic_task_mapping_with_no_taskflow_operators.py for tasks to queue
[2026-05-18T01:39:01.765+0000] {logging_mixin.py:190} INFO - [2026-05-18T01:39:01.764+0000] {dagbag.py:588} INFO - Filling up the DagBag from /usr/local/python/3.12.1/lib/python3.12/site-packages/airflow/example_dags/example_dynamic_task_mapping_with_no_taskflow_operators.py
[2026-05-18T01:39:01.771+0000] {processor.py:925} INFO - DAG(s) 'example_dynamic_task_mapping_with_no_taskflow_operators' retrieved from /usr/local/python/3.12.1/lib/python3.12/site-packages/airflow/example_dags/example_dynamic_task_mapping_with_no_taskflow_operators.py
[2026-05-18T01:39:01.784+0000] {logging_mixin.py:190} INFO - [2026-05-18T01:39:01.784+0000] {dag.py:3239} INFO - Sync 1 DAGs
[2026-05-18T01:39:01.793+0000] {logging_mixin.py:190} INFO - [2026-05-18T01:39:01.793+0000] {dag.py:4180} INFO - Setting next_dagrun for example_dynamic_task_mapping_with_no_taskflow_operators to None, run_after=None
[2026-05-18T01:39:01.810+0000] {processor.py:208} INFO - Processing /usr/local/python/3.12.1/lib/python3.12/site-packages/airflow/example_dags/example_dynamic_task_mapping_with_no_taskflow_operators.py took 0.052 seconds
[2026-05-18T01:40:12.376+0000] {processor.py:186} INFO - Started process (PID=30945) to work on /usr/local/python/3.12.1/lib/python3.12/site-packages/airflow/example_dags/example_dynamic_task_mapping_with_no_taskflow_operators.py
[2026-05-18T01:40:12.376+0000] {processor.py:914} INFO - Processing file /usr/local/python/3.12.1/lib/python3.12/site-packages/airflow/example_dags/example_dynamic_task_mapping_with_no_taskflow_operators.py for tasks to queue
[2026-05-18T01:40:12.378+0000] {logging_mixin.py:190} INFO - [2026-05-18T01:40:12.378+0000] {dagbag.py:588} INFO - Filling up the DagBag from /usr/local/python/3.12.1/lib/python3.12/site-packages/airflow/example_dags/example_dynamic_task_mapping_with_no_taskflow_operators.py
[2026-05-18T01:40:12.384+0000] {processor.py:925} INFO - DAG(s) 'example_dynamic_task_mapping_with_no_taskflow_operators' retrieved from /usr/local/python/3.12.1/lib/python3.12/site-packages/airflow/example_dags/example_dynamic_task_mapping_with_no_taskflow_operators.py
[2026-05-18T01:40:12.397+0000] {logging_mixin.py:190} INFO - [2026-05-18T01:40:12.396+0000] {dag.py:3239} INFO - Sync 1 DAGs
[2026-05-18T01:40:12.408+0000] {logging_mixin.py:190} INFO - [2026-05-18T01:40:12.407+0000] {dag.py:4180} INFO - Setting next_dagrun for example_dynamic_task_mapping_with_no_taskflow_operators to None, run_after=None
[2026-05-18T01:40:12.424+0000] {processor.py:208} INFO - Processing /usr/local/python/3.12.1/lib/python3.12/site-packages/airflow/example_dags/example_dynamic_task_mapping_with_no_taskflow_operators.py took 0.052 seconds
[2026-05-18T01:41:04.185+0000] {processor.py:186} INFO - Started process (PID=31494) to work on /usr/local/python/3.12.1/lib/python3.12/site-packages/airflow/example_dags/example_dynamic_task_mapping_with_no_taskflow_operators.py
[2026-05-18T01:41:04.186+0000] {processor.py:914} INFO - Processing file /usr/local/python/3.12.1/lib/python3.12/site-packages/airflow/example_dags/example_dynamic_task_mapping_with_no_taskflow_operators.py for tasks to queue
[2026-05-18T01:41:04.188+0000] {logging_mixin.py:190} INFO - [2026-05-18T01:41:04.188+0000] {dagbag.py:588} INFO - Filling up the DagBag from /usr/local/python/3.12.1/lib/python3.12/site-packages/airflow/example_dags/example_dynamic_task_mapping_with_no_taskflow_operators.py
[2026-05-18T01:41:04.195+0000] {processor.py:925} INFO - DAG(s) 'example_dynamic_task_mapping_with_no_taskflow_operators' retrieved from /usr/local/python/3.12.1/lib/python3.12/site-packages/airflow/example_dags/example_dynamic_task_mapping_with_no_taskflow_operators.py
[2026-05-18T01:41:04.207+0000] {logging_mixin.py:190} INFO - [2026-05-18T01:41:04.207+0000] {dag.py:3239} INFO - Sync 1 DAGs
[2026-05-18T01:41:04.217+0000] {logging_mixin.py:190} INFO - [2026-05-18T01:41:04.217+0000] {dag.py:4180} INFO - Setting next_dagrun for example_dynamic_task_mapping_with_no_taskflow_operators to None, run_after=None
[2026-05-18T01:41:04.233+0000] {processor.py:208} INFO - Processing /usr/local/python/3.12.1/lib/python3.12/site-packages/airflow/example_dags/example_dynamic_task_mapping_with_no_taskflow_operators.py took 0.052 seconds
[2026-05-18T01:41:57.287+0000] {processor.py:186} INFO - Started process (PID=32078) to work on /usr/local/python/3.12.1/lib/python3.12/site-packages/airflow/example_dags/example_dynamic_task_mapping_with_no_taskflow_operators.py
[2026-05-18T01:41:57.288+0000] {processor.py:914} INFO - Processing file /usr/local/python/3.12.1/lib/python3.12/site-packages/airflow/example_dags/example_dynamic_task_mapping_with_no_taskflow_operators.py for tasks to queue
[2026-05-18T01:41:57.290+0000] {logging_mixin.py:190} INFO - [2026-05-18T01:41:57.290+0000] {dagbag.py:588} INFO - Filling up the DagBag from /usr/local/python/3.12.1/lib/python3.12/site-packages/airflow/example_dags/example_dynamic_task_mapping_with_no_taskflow_operators.py
[2026-05-18T01:41:57.299+0000] {processor.py:925} INFO - DAG(s) 'example_dynamic_task_mapping_with_no_taskflow_operators' retrieved from /usr/local/python/3.12.1/lib/python3.12/site-packages/airflow/example_dags/example_dynamic_task_mapping_with_no_taskflow_operators.py
[2026-05-18T01:41:57.317+0000] {logging_mixin.py:190} INFO - [2026-05-18T01:41:57.317+0000] {dag.py:3239} INFO - Sync 1 DAGs
[2026-05-18T01:41:57.331+0000] {logging_mixin.py:190} INFO - [2026-05-18T01:41:57.331+0000] {dag.py:4180} INFO - Setting next_dagrun for example_dynamic_task_mapping_with_no_taskflow_operators to None, run_after=None
[2026-05-18T01:41:57.357+0000] {processor.py:208} INFO - Processing /usr/local/python/3.12.1/lib/python3.12/site-packages/airflow/example_dags/example_dynamic_task_mapping_with_no_taskflow_operators.py took 0.076 seconds
[2026-05-18T01:43:10.489+0000] {processor.py:186} INFO - Started process (PID=32681) to work on /usr/local/python/3.12.1/lib/python3.12/site-packages/airflow/example_dags/example_dynamic_task_mapping_with_no_taskflow_operators.py
[2026-05-18T01:43:10.490+0000] {processor.py:914} INFO - Processing file /usr/local/python/3.12.1/lib/python3.12/site-packages/airflow/example_dags/example_dynamic_task_mapping_with_no_taskflow_operators.py for tasks to queue
[2026-05-18T01:43:10.492+0000] {logging_mixin.py:190} INFO - [2026-05-18T01:43:10.492+0000] {dagbag.py:588} INFO - Filling up the DagBag from /usr/local/python/3.12.1/lib/python3.12/site-packages/airflow/example_dags/example_dynamic_task_mapping_with_no_taskflow_operators.py
[2026-05-18T01:43:10.498+0000] {processor.py:925} INFO - DAG(s) 'example_dynamic_task_mapping_with_no_taskflow_operators' retrieved from /usr/local/python/3.12.1/lib/python3.12/site-packages/airflow/example_dags/example_dynamic_task_mapping_with_no_taskflow_operators.py
[2026-05-18T01:43:10.510+0000] {logging_mixin.py:190} INFO - [2026-05-18T01:43:10.510+0000] {dag.py:3239} INFO - Sync 1 DAGs
[2026-05-18T01:43:10.520+0000] {logging_mixin.py:190} INFO - [2026-05-18T01:43:10.519+0000] {dag.py:4180} INFO - Setting next_dagrun for example_dynamic_task_mapping_with_no_taskflow_operators to None, run_after=None
[2026-05-18T01:43:10.536+0000] {processor.py:208} INFO - Processing /usr/local/python/3.12.1/lib/python3.12/site-packages/airflow/example_dags/example_dynamic_task_mapping_with_no_taskflow_operators.py took 0.051 seconds
[2026-05-18T01:44:46.868+0000] {processor.py:186} INFO - Started process (PID=34032) to work on /usr/local/python/3.12.1/lib/python3.12/site-packages/airflow/example_dags/example_dynamic_task_mapping_with_no_taskflow_operators.py
[2026-05-18T01:44:46.868+0000] {processor.py:914} INFO - Processing file /usr/local/python/3.12.1/lib/python3.12/site-packages/airflow/example_dags/example_dynamic_task_mapping_with_no_taskflow_operators.py for tasks to queue
[2026-05-18T01:44:46.870+0000] {logging_mixin.py:190} INFO - [2026-05-18T01:44:46.870+0000] {dagbag.py:588} INFO - Filling up the DagBag from /usr/local/python/3.12.1/lib/python3.12/site-packages/airflow/example_dags/example_dynamic_task_mapping_with_no_taskflow_operators.py
[2026-05-18T01:44:46.877+0000] {processor.py:925} INFO - DAG(s) 'example_dynamic_task_mapping_with_no_taskflow_operators' retrieved from /usr/local/python/3.12.1/lib/python3.12/site-packages/airflow/example_dags/example_dynamic_task_mapping_with_no_taskflow_operators.py
[2026-05-18T01:44:46.890+0000] {logging_mixin.py:190} INFO - [2026-05-18T01:44:46.889+0000] {dag.py:3239} INFO - Sync 1 DAGs
[2026-05-18T01:44:46.900+0000] {logging_mixin.py:190} INFO - [2026-05-18T01:44:46.900+0000] {dag.py:4180} INFO - Setting next_dagrun for example_dynamic_task_mapping_with_no_taskflow_operators to None, run_after=None
[2026-05-18T01:44:46.917+0000] {processor.py:208} INFO - Processing /usr/local/python/3.12.1/lib/python3.12/site-packages/airflow/example_dags/example_dynamic_task_mapping_with_no_taskflow_operators.py took 0.053 seconds
[2026-05-18T01:45:42.021+0000] {processor.py:186} INFO - Started process (PID=34686) to work on /usr/local/python/3.12.1/lib/python3.12/site-packages/airflow/example_dags/example_dynamic_task_mapping_with_no_taskflow_operators.py
[2026-05-18T01:45:42.022+0000] {processor.py:914} INFO - Processing file /usr/local/python/3.12.1/lib/python3.12/site-packages/airflow/example_dags/example_dynamic_task_mapping_with_no_taskflow_operators.py for tasks to queue
[2026-05-18T01:45:42.024+0000] {logging_mixin.py:190} INFO - [2026-05-18T01:45:42.023+0000] {dagbag.py:588} INFO - Filling up the DagBag from /usr/local/python/3.12.1/lib/python3.12/site-packages/airflow/example_dags/example_dynamic_task_mapping_with_no_taskflow_operators.py
[2026-05-18T01:45:42.030+0000] {processor.py:925} INFO - DAG(s) 'example_dynamic_task_mapping_with_no_taskflow_operators' retrieved from /usr/local/python/3.12.1/lib/python3.12/site-packages/airflow/example_dags/example_dynamic_task_mapping_with_no_taskflow_operators.py
[2026-05-18T01:45:42.045+0000] {logging_mixin.py:190} INFO - [2026-05-18T01:45:42.045+0000] {dag.py:3239} INFO - Sync 1 DAGs
[2026-05-18T01:45:42.056+0000] {logging_mixin.py:190} INFO - [2026-05-18T01:45:42.056+0000] {dag.py:4180} INFO - Setting next_dagrun for example_dynamic_task_mapping_with_no_taskflow_operators to None, run_after=None
[2026-05-18T01:45:42.075+0000] {processor.py:208} INFO - Processing /usr/local/python/3.12.1/lib/python3.12/site-packages/airflow/example_dags/example_dynamic_task_mapping_with_no_taskflow_operators.py took 0.059 seconds
[2026-05-18T01:46:37.309+0000] {processor.py:186} INFO - Started process (PID=35333) to work on /usr/local/python/3.12.1/lib/python3.12/site-packages/airflow/example_dags/example_dynamic_task_mapping_with_no_taskflow_operators.py
[2026-05-18T01:46:37.310+0000] {processor.py:914} INFO - Processing file /usr/local/python/3.12.1/lib/python3.12/site-packages/airflow/example_dags/example_dynamic_task_mapping_with_no_taskflow_operators.py for tasks to queue
[2026-05-18T01:46:37.311+0000] {logging_mixin.py:190} INFO - [2026-05-18T01:46:37.311+0000] {dagbag.py:588} INFO - Filling up the DagBag from /usr/local/python/3.12.1/lib/python3.12/site-packages/airflow/example_dags/example_dynamic_task_mapping_with_no_taskflow_operators.py
[2026-05-18T01:46:37.318+0000] {processor.py:925} INFO - DAG(s) 'example_dynamic_task_mapping_with_no_taskflow_operators' retrieved from /usr/local/python/3.12.1/lib/python3.12/site-packages/airflow/example_dags/example_dynamic_task_mapping_with_no_taskflow_operators.py
[2026-05-18T01:46:37.332+0000] {logging_mixin.py:190} INFO - [2026-05-18T01:46:37.331+0000] {dag.py:3239} INFO - Sync 1 DAGs
[2026-05-18T01:46:37.341+0000] {logging_mixin.py:190} INFO - [2026-05-18T01:46:37.341+0000] {dag.py:4180} INFO - Setting next_dagrun for example_dynamic_task_mapping_with_no_taskflow_operators to None, run_after=None
[2026-05-18T01:46:37.357+0000] {processor.py:208} INFO - Processing /usr/local/python/3.12.1/lib/python3.12/site-packages/airflow/example_dags/example_dynamic_task_mapping_with_no_taskflow_operators.py took 0.053 seconds
[2026-05-18T01:47:28.972+0000] {processor.py:186} INFO - Started process (PID=35797) to work on /usr/local/python/3.12.1/lib/python3.12/site-packages/airflow/example_dags/example_dynamic_task_mapping_with_no_taskflow_operators.py
[2026-05-18T01:47:28.976+0000] {processor.py:914} INFO - Processing file /usr/local/python/3.12.1/lib/python3.12/site-packages/airflow/example_dags/example_dynamic_task_mapping_with_no_taskflow_operators.py for tasks to queue
[2026-05-18T01:47:28.980+0000] {logging_mixin.py:190} INFO - [2026-05-18T01:47:28.979+0000] {dagbag.py:588} INFO - Filling up the DagBag from /usr/local/python/3.12.1/lib/python3.12/site-packages/airflow/example_dags/example_dynamic_task_mapping_with_no_taskflow_operators.py
[2026-05-18T01:47:28.990+0000] {processor.py:925} INFO - DAG(s) 'example_dynamic_task_mapping_with_no_taskflow_operators' retrieved from /usr/local/python/3.12.1/lib/python3.12/site-packages/airflow/example_dags/example_dynamic_task_mapping_with_no_taskflow_operators.py
[2026-05-18T01:47:29.013+0000] {logging_mixin.py:190} INFO - [2026-05-18T01:47:29.013+0000] {dag.py:3239} INFO - Sync 1 DAGs
[2026-05-18T01:47:29.047+0000] {logging_mixin.py:190} INFO - [2026-05-18T01:47:29.047+0000] {dag.py:4180} INFO - Setting next_dagrun for example_dynamic_task_mapping_with_no_taskflow_operators to None, run_after=None
[2026-05-18T01:47:29.077+0000] {processor.py:208} INFO - Processing /usr/local/python/3.12.1/lib/python3.12/site-packages/airflow/example_dags/example_dynamic_task_mapping_with_no_taskflow_operators.py took 0.113 seconds
[2026-05-18T01:48:24.193+0000] {processor.py:186} INFO - Started process (PID=36686) to work on /usr/local/python/3.12.1/lib/python3.12/site-packages/airflow/example_dags/example_dynamic_task_mapping_with_no_taskflow_operators.py
[2026-05-18T01:48:24.194+0000] {processor.py:914} INFO - Processing file /usr/local/python/3.12.1/lib/python3.12/site-packages/airflow/example_dags/example_dynamic_task_mapping_with_no_taskflow_operators.py for tasks to queue
[2026-05-18T01:48:24.195+0000] {logging_mixin.py:190} INFO - [2026-05-18T01:48:24.195+0000] {dagbag.py:588} INFO - Filling up the DagBag from /usr/local/python/3.12.1/lib/python3.12/site-packages/airflow/example_dags/example_dynamic_task_mapping_with_no_taskflow_operators.py
[2026-05-18T01:48:24.204+0000] {processor.py:925} INFO - DAG(s) 'example_dynamic_task_mapping_with_no_taskflow_operators' retrieved from /usr/local/python/3.12.1/lib/python3.12/site-packages/airflow/example_dags/example_dynamic_task_mapping_with_no_taskflow_operators.py
[2026-05-18T01:48:24.223+0000] {logging_mixin.py:190} INFO - [2026-05-18T01:48:24.223+0000] {dag.py:3239} INFO - Sync 1 DAGs
[2026-05-18T01:48:24.243+0000] {logging_mixin.py:190} INFO - [2026-05-18T01:48:24.243+0000] {dag.py:4180} INFO - Setting next_dagrun for example_dynamic_task_mapping_with_no_taskflow_operators to None, run_after=None
[2026-05-18T01:48:24.267+0000] {processor.py:208} INFO - Processing /usr/local/python/3.12.1/lib/python3.12/site-packages/airflow/example_dags/example_dynamic_task_mapping_with_no_taskflow_operators.py took 0.079 seconds
[2026-05-18T01:49:18.528+0000] {processor.py:186} INFO - Started process (PID=37355) to work on /usr/local/python/3.12.1/lib/python3.12/site-packages/airflow/example_dags/example_dynamic_task_mapping_with_no_taskflow_operators.py
[2026-05-18T01:49:18.529+0000] {processor.py:914} INFO - Processing file /usr/local/python/3.12.1/lib/python3.12/site-packages/airflow/example_dags/example_dynamic_task_mapping_with_no_taskflow_operators.py for tasks to queue
[2026-05-18T01:49:18.531+0000] {logging_mixin.py:190} INFO - [2026-05-18T01:49:18.531+0000] {dagbag.py:588} INFO - Filling up the DagBag from /usr/local/python/3.12.1/lib/python3.12/site-packages/airflow/example_dags/example_dynamic_task_mapping_with_no_taskflow_operators.py
[2026-05-18T01:49:18.538+0000] {processor.py:925} INFO - DAG(s) 'example_dynamic_task_mapping_with_no_taskflow_operators' retrieved from /usr/local/python/3.12.1/lib/python3.12/site-packages/airflow/example_dags/example_dynamic_task_mapping_with_no_taskflow_operators.py
[2026-05-18T01:49:18.550+0000] {logging_mixin.py:190} INFO - [2026-05-18T01:49:18.550+0000] {dag.py:3239} INFO - Sync 1 DAGs
[2026-05-18T01:49:18.560+0000] {logging_mixin.py:190} INFO - [2026-05-18T01:49:18.560+0000] {dag.py:4180} INFO - Setting next_dagrun for example_dynamic_task_mapping_with_no_taskflow_operators to None, run_after=None
[2026-05-18T01:49:18.577+0000] {processor.py:208} INFO - Processing /usr/local/python/3.12.1/lib/python3.12/site-packages/airflow/example_dags/example_dynamic_task_mapping_with_no_taskflow_operators.py took 0.054 seconds
[2026-05-18T01:50:09.485+0000] {processor.py:186} INFO - Started process (PID=37923) to work on /usr/local/python/3.12.1/lib/python3.12/site-packages/airflow/example_dags/example_dynamic_task_mapping_with_no_taskflow_operators.py
[2026-05-18T01:50:09.486+0000] {processor.py:914} INFO - Processing file /usr/local/python/3.12.1/lib/python3.12/site-packages/airflow/example_dags/example_dynamic_task_mapping_with_no_taskflow_operators.py for tasks to queue
[2026-05-18T01:50:09.488+0000] {logging_mixin.py:190} INFO - [2026-05-18T01:50:09.488+0000] {dagbag.py:588} INFO - Filling up the DagBag from /usr/local/python/3.12.1/lib/python3.12/site-packages/airflow/example_dags/example_dynamic_task_mapping_with_no_taskflow_operators.py
[2026-05-18T01:50:09.495+0000] {processor.py:925} INFO - DAG(s) 'example_dynamic_task_mapping_with_no_taskflow_operators' retrieved from /usr/local/python/3.12.1/lib/python3.12/site-packages/airflow/example_dags/example_dynamic_task_mapping_with_no_taskflow_operators.py
[2026-05-18T01:50:09.507+0000] {logging_mixin.py:190} INFO - [2026-05-18T01:50:09.507+0000] {dag.py:3239} INFO - Sync 1 DAGs
[2026-05-18T01:50:09.517+0000] {logging_mixin.py:190} INFO - [2026-05-18T01:50:09.516+0000] {dag.py:4180} INFO - Setting next_dagrun for example_dynamic_task_mapping_with_no_taskflow_operators to None, run_after=None
[2026-05-18T01:50:09.533+0000] {processor.py:208} INFO - Processing /usr/local/python/3.12.1/lib/python3.12/site-packages/airflow/example_dags/example_dynamic_task_mapping_with_no_taskflow_operators.py took 0.052 seconds
[2026-05-18T01:51:01.005+0000] {processor.py:186} INFO - Started process (PID=38518) to work on /usr/local/python/3.12.1/lib/python3.12/site-packages/airflow/example_dags/example_dynamic_task_mapping_with_no_taskflow_operators.py
[2026-05-18T01:51:01.006+0000] {processor.py:914} INFO - Processing file /usr/local/python/3.12.1/lib/python3.12/site-packages/airflow/example_dags/example_dynamic_task_mapping_with_no_taskflow_operators.py for tasks to queue
[2026-05-18T01:51:01.007+0000] {logging_mixin.py:190} INFO - [2026-05-18T01:51:01.007+0000] {dagbag.py:588} INFO - Filling up the DagBag from /usr/local/python/3.12.1/lib/python3.12/site-packages/airflow/example_dags/example_dynamic_task_mapping_with_no_taskflow_operators.py
[2026-05-18T01:51:01.014+0000] {processor.py:925} INFO - DAG(s) 'example_dynamic_task_mapping_with_no_taskflow_operators' retrieved from /usr/local/python/3.12.1/lib/python3.12/site-packages/airflow/example_dags/example_dynamic_task_mapping_with_no_taskflow_operators.py
[2026-05-18T01:51:01.027+0000] {logging_mixin.py:190} INFO - [2026-05-18T01:51:01.027+0000] {dag.py:3239} INFO - Sync 1 DAGs
[2026-05-18T01:51:01.037+0000] {logging_mixin.py:190} INFO - [2026-05-18T01:51:01.037+0000] {dag.py:4180} INFO - Setting next_dagrun for example_dynamic_task_mapping_with_no_taskflow_operators to None, run_after=None
[2026-05-18T01:51:01.053+0000] {processor.py:208} INFO - Processing /usr/local/python/3.12.1/lib/python3.12/site-packages/airflow/example_dags/example_dynamic_task_mapping_with_no_taskflow_operators.py took 0.053 seconds
[2026-05-18T01:51:54.285+0000] {processor.py:186} INFO - Started process (PID=39059) to work on /usr/local/python/3.12.1/lib/python3.12/site-packages/airflow/example_dags/example_dynamic_task_mapping_with_no_taskflow_operators.py
[2026-05-18T01:51:54.286+0000] {processor.py:914} INFO - Processing file /usr/local/python/3.12.1/lib/python3.12/site-packages/airflow/example_dags/example_dynamic_task_mapping_with_no_taskflow_operators.py for tasks to queue
[2026-05-18T01:51:54.288+0000] {logging_mixin.py:190} INFO - [2026-05-18T01:51:54.288+0000] {dagbag.py:588} INFO - Filling up the DagBag from /usr/local/python/3.12.1/lib/python3.12/site-packages/airflow/example_dags/example_dynamic_task_mapping_with_no_taskflow_operators.py
[2026-05-18T01:51:54.296+0000] {processor.py:925} INFO - DAG(s) 'example_dynamic_task_mapping_with_no_taskflow_operators' retrieved from /usr/local/python/3.12.1/lib/python3.12/site-packages/airflow/example_dags/example_dynamic_task_mapping_with_no_taskflow_operators.py
[2026-05-18T01:51:54.312+0000] {logging_mixin.py:190} INFO - [2026-05-18T01:51:54.312+0000] {dag.py:3239} INFO - Sync 1 DAGs
[2026-05-18T01:51:54.325+0000] {logging_mixin.py:190} INFO - [2026-05-18T01:51:54.324+0000] {dag.py:4180} INFO - Setting next_dagrun for example_dynamic_task_mapping_with_no_taskflow_operators to None, run_after=None
[2026-05-18T01:51:54.346+0000] {processor.py:208} INFO - Processing /usr/local/python/3.12.1/lib/python3.12/site-packages/airflow/example_dags/example_dynamic_task_mapping_with_no_taskflow_operators.py took 0.067 seconds
[2026-05-18T01:52:47.252+0000] {processor.py:186} INFO - Started process (PID=39517) to work on /usr/local/python/3.12.1/lib/python3.12/site-packages/airflow/example_dags/example_dynamic_task_mapping_with_no_taskflow_operators.py
[2026-05-18T01:52:47.253+0000] {processor.py:914} INFO - Processing file /usr/local/python/3.12.1/lib/python3.12/site-packages/airflow/example_dags/example_dynamic_task_mapping_with_no_taskflow_operators.py for tasks to queue
[2026-05-18T01:52:47.255+0000] {logging_mixin.py:190} INFO - [2026-05-18T01:52:47.254+0000] {dagbag.py:588} INFO - Filling up the DagBag from /usr/local/python/3.12.1/lib/python3.12/site-packages/airflow/example_dags/example_dynamic_task_mapping_with_no_taskflow_operators.py
[2026-05-18T01:52:47.264+0000] {processor.py:925} INFO - DAG(s) 'example_dynamic_task_mapping_with_no_taskflow_operators' retrieved from /usr/local/python/3.12.1/lib/python3.12/site-packages/airflow/example_dags/example_dynamic_task_mapping_with_no_taskflow_operators.py
[2026-05-18T01:52:47.282+0000] {logging_mixin.py:190} INFO - [2026-05-18T01:52:47.282+0000] {dag.py:3239} INFO - Sync 1 DAGs
[2026-05-18T01:52:47.296+0000] {logging_mixin.py:190} INFO - [2026-05-18T01:52:47.295+0000] {dag.py:4180} INFO - Setting next_dagrun for example_dynamic_task_mapping_with_no_taskflow_operators to None, run_after=None
[2026-05-18T01:52:47.340+0000] {processor.py:208} INFO - Processing /usr/local/python/3.12.1/lib/python3.12/site-packages/airflow/example_dags/example_dynamic_task_mapping_with_no_taskflow_operators.py took 0.095 seconds
[2026-05-18T01:53:37.975+0000] {processor.py:186} INFO - Started process (PID=39966) to work on /usr/local/python/3.12.1/lib/python3.12/site-packages/airflow/example_dags/example_dynamic_task_mapping_with_no_taskflow_operators.py
[2026-05-18T01:53:37.975+0000] {processor.py:914} INFO - Processing file /usr/local/python/3.12.1/lib/python3.12/site-packages/airflow/example_dags/example_dynamic_task_mapping_with_no_taskflow_operators.py for tasks to queue
[2026-05-18T01:53:37.977+0000] {logging_mixin.py:190} INFO - [2026-05-18T01:53:37.977+0000] {dagbag.py:588} INFO - Filling up the DagBag from /usr/local/python/3.12.1/lib/python3.12/site-packages/airflow/example_dags/example_dynamic_task_mapping_with_no_taskflow_operators.py
[2026-05-18T01:53:37.984+0000] {processor.py:925} INFO - DAG(s) 'example_dynamic_task_mapping_with_no_taskflow_operators' retrieved from /usr/local/python/3.12.1/lib/python3.12/site-packages/airflow/example_dags/example_dynamic_task_mapping_with_no_taskflow_operators.py
[2026-05-18T01:53:37.998+0000] {logging_mixin.py:190} INFO - [2026-05-18T01:53:37.998+0000] {dag.py:3239} INFO - Sync 1 DAGs
[2026-05-18T01:53:38.008+0000] {logging_mixin.py:190} INFO - [2026-05-18T01:53:38.008+0000] {dag.py:4180} INFO - Setting next_dagrun for example_dynamic_task_mapping_with_no_taskflow_operators to None, run_after=None
[2026-05-18T01:53:38.025+0000] {processor.py:208} INFO - Processing /usr/local/python/3.12.1/lib/python3.12/site-packages/airflow/example_dags/example_dynamic_task_mapping_with_no_taskflow_operators.py took 0.055 seconds
[2026-05-18T01:54:48.388+0000] {processor.py:186} INFO - Started process (PID=40625) to work on /usr/local/python/3.12.1/lib/python3.12/site-packages/airflow/example_dags/example_dynamic_task_mapping_with_no_taskflow_operators.py
[2026-05-18T01:54:48.389+0000] {processor.py:914} INFO - Processing file /usr/local/python/3.12.1/lib/python3.12/site-packages/airflow/example_dags/example_dynamic_task_mapping_with_no_taskflow_operators.py for tasks to queue
[2026-05-18T01:54:48.392+0000] {logging_mixin.py:190} INFO - [2026-05-18T01:54:48.392+0000] {dagbag.py:588} INFO - Filling up the DagBag from /usr/local/python/3.12.1/lib/python3.12/site-packages/airflow/example_dags/example_dynamic_task_mapping_with_no_taskflow_operators.py
[2026-05-18T01:54:48.400+0000] {processor.py:925} INFO - DAG(s) 'example_dynamic_task_mapping_with_no_taskflow_operators' retrieved from /usr/local/python/3.12.1/lib/python3.12/site-packages/airflow/example_dags/example_dynamic_task_mapping_with_no_taskflow_operators.py
[2026-05-18T01:54:48.414+0000] {logging_mixin.py:190} INFO - [2026-05-18T01:54:48.414+0000] {dag.py:3239} INFO - Sync 1 DAGs
[2026-05-18T01:54:48.426+0000] {logging_mixin.py:190} INFO - [2026-05-18T01:54:48.425+0000] {dag.py:4180} INFO - Setting next_dagrun for example_dynamic_task_mapping_with_no_taskflow_operators to None, run_after=None
[2026-05-18T01:54:48.442+0000] {processor.py:208} INFO - Processing /usr/local/python/3.12.1/lib/python3.12/site-packages/airflow/example_dags/example_dynamic_task_mapping_with_no_taskflow_operators.py took 0.060 seconds
[2026-05-18T13:41:25.830+0000] {processor.py:186} INFO - Started process (PID=5221) to work on /usr/local/python/3.12.1/lib/python3.12/site-packages/airflow/example_dags/example_dynamic_task_mapping_with_no_taskflow_operators.py
[2026-05-18T13:41:25.831+0000] {processor.py:914} INFO - Processing file /usr/local/python/3.12.1/lib/python3.12/site-packages/airflow/example_dags/example_dynamic_task_mapping_with_no_taskflow_operators.py for tasks to queue
[2026-05-18T13:41:25.834+0000] {logging_mixin.py:190} INFO - [2026-05-18T13:41:25.834+0000] {dagbag.py:588} INFO - Filling up the DagBag from /usr/local/python/3.12.1/lib/python3.12/site-packages/airflow/example_dags/example_dynamic_task_mapping_with_no_taskflow_operators.py
[2026-05-18T13:41:25.843+0000] {processor.py:925} INFO - DAG(s) 'example_dynamic_task_mapping_with_no_taskflow_operators' retrieved from /usr/local/python/3.12.1/lib/python3.12/site-packages/airflow/example_dags/example_dynamic_task_mapping_with_no_taskflow_operators.py
[2026-05-18T13:41:25.856+0000] {logging_mixin.py:190} INFO - [2026-05-18T13:41:25.856+0000] {dag.py:3239} INFO - Sync 1 DAGs
[2026-05-18T13:41:25.866+0000] {logging_mixin.py:190} INFO - [2026-05-18T13:41:25.866+0000] {dag.py:4180} INFO - Setting next_dagrun for example_dynamic_task_mapping_with_no_taskflow_operators to None, run_after=None
[2026-05-18T13:41:25.882+0000] {processor.py:208} INFO - Processing /usr/local/python/3.12.1/lib/python3.12/site-packages/airflow/example_dags/example_dynamic_task_mapping_with_no_taskflow_operators.py took 0.058 seconds
[2026-05-18T13:42:19.176+0000] {processor.py:186} INFO - Started process (PID=5881) to work on /usr/local/python/3.12.1/lib/python3.12/site-packages/airflow/example_dags/example_dynamic_task_mapping_with_no_taskflow_operators.py
[2026-05-18T13:42:19.176+0000] {processor.py:914} INFO - Processing file /usr/local/python/3.12.1/lib/python3.12/site-packages/airflow/example_dags/example_dynamic_task_mapping_with_no_taskflow_operators.py for tasks to queue
[2026-05-18T13:42:19.178+0000] {logging_mixin.py:190} INFO - [2026-05-18T13:42:19.177+0000] {dagbag.py:588} INFO - Filling up the DagBag from /usr/local/python/3.12.1/lib/python3.12/site-packages/airflow/example_dags/example_dynamic_task_mapping_with_no_taskflow_operators.py
[2026-05-18T13:42:19.184+0000] {processor.py:925} INFO - DAG(s) 'example_dynamic_task_mapping_with_no_taskflow_operators' retrieved from /usr/local/python/3.12.1/lib/python3.12/site-packages/airflow/example_dags/example_dynamic_task_mapping_with_no_taskflow_operators.py
[2026-05-18T13:42:19.196+0000] {logging_mixin.py:190} INFO - [2026-05-18T13:42:19.196+0000] {dag.py:3239} INFO - Sync 1 DAGs
[2026-05-18T13:42:19.207+0000] {logging_mixin.py:190} INFO - [2026-05-18T13:42:19.206+0000] {dag.py:4180} INFO - Setting next_dagrun for example_dynamic_task_mapping_with_no_taskflow_operators to None, run_after=None
[2026-05-18T13:42:19.224+0000] {processor.py:208} INFO - Processing /usr/local/python/3.12.1/lib/python3.12/site-packages/airflow/example_dags/example_dynamic_task_mapping_with_no_taskflow_operators.py took 0.053 seconds
[2026-05-18T13:43:15.400+0000] {processor.py:186} INFO - Started process (PID=6387) to work on /usr/local/python/3.12.1/lib/python3.12/site-packages/airflow/example_dags/example_dynamic_task_mapping_with_no_taskflow_operators.py
[2026-05-18T13:43:15.401+0000] {processor.py:914} INFO - Processing file /usr/local/python/3.12.1/lib/python3.12/site-packages/airflow/example_dags/example_dynamic_task_mapping_with_no_taskflow_operators.py for tasks to queue
[2026-05-18T13:43:15.402+0000] {logging_mixin.py:190} INFO - [2026-05-18T13:43:15.402+0000] {dagbag.py:588} INFO - Filling up the DagBag from /usr/local/python/3.12.1/lib/python3.12/site-packages/airflow/example_dags/example_dynamic_task_mapping_with_no_taskflow_operators.py
[2026-05-18T13:43:15.409+0000] {processor.py:925} INFO - DAG(s) 'example_dynamic_task_mapping_with_no_taskflow_operators' retrieved from /usr/local/python/3.12.1/lib/python3.12/site-packages/airflow/example_dags/example_dynamic_task_mapping_with_no_taskflow_operators.py
[2026-05-18T13:43:15.422+0000] {logging_mixin.py:190} INFO - [2026-05-18T13:43:15.421+0000] {dag.py:3239} INFO - Sync 1 DAGs
[2026-05-18T13:43:15.432+0000] {logging_mixin.py:190} INFO - [2026-05-18T13:43:15.431+0000] {dag.py:4180} INFO - Setting next_dagrun for example_dynamic_task_mapping_with_no_taskflow_operators to None, run_after=None
[2026-05-18T13:43:15.447+0000] {processor.py:208} INFO - Processing /usr/local/python/3.12.1/lib/python3.12/site-packages/airflow/example_dags/example_dynamic_task_mapping_with_no_taskflow_operators.py took 0.051 seconds
[2026-05-18T13:44:06.114+0000] {processor.py:186} INFO - Started process (PID=6939) to work on /usr/local/python/3.12.1/lib/python3.12/site-packages/airflow/example_dags/example_dynamic_task_mapping_with_no_taskflow_operators.py
[2026-05-18T13:44:06.117+0000] {processor.py:914} INFO - Processing file /usr/local/python/3.12.1/lib/python3.12/site-packages/airflow/example_dags/example_dynamic_task_mapping_with_no_taskflow_operators.py for tasks to queue
[2026-05-18T13:44:06.122+0000] {logging_mixin.py:190} INFO - [2026-05-18T13:44:06.122+0000] {dagbag.py:588} INFO - Filling up the DagBag from /usr/local/python/3.12.1/lib/python3.12/site-packages/airflow/example_dags/example_dynamic_task_mapping_with_no_taskflow_operators.py
[2026-05-18T13:44:06.154+0000] {processor.py:925} INFO - DAG(s) 'example_dynamic_task_mapping_with_no_taskflow_operators' retrieved from /usr/local/python/3.12.1/lib/python3.12/site-packages/airflow/example_dags/example_dynamic_task_mapping_with_no_taskflow_operators.py
[2026-05-18T13:44:06.215+0000] {logging_mixin.py:190} INFO - [2026-05-18T13:44:06.214+0000] {dag.py:3239} INFO - Sync 1 DAGs
[2026-05-18T13:44:06.241+0000] {logging_mixin.py:190} INFO - [2026-05-18T13:44:06.241+0000] {dag.py:4180} INFO - Setting next_dagrun for example_dynamic_task_mapping_with_no_taskflow_operators to None, run_after=None
[2026-05-18T13:44:06.263+0000] {processor.py:208} INFO - Processing /usr/local/python/3.12.1/lib/python3.12/site-packages/airflow/example_dags/example_dynamic_task_mapping_with_no_taskflow_operators.py took 0.162 seconds
[2026-05-18T13:45:19.949+0000] {processor.py:186} INFO - Started process (PID=7635) to work on /usr/local/python/3.12.1/lib/python3.12/site-packages/airflow/example_dags/example_dynamic_task_mapping_with_no_taskflow_operators.py
[2026-05-18T13:45:19.950+0000] {processor.py:914} INFO - Processing file /usr/local/python/3.12.1/lib/python3.12/site-packages/airflow/example_dags/example_dynamic_task_mapping_with_no_taskflow_operators.py for tasks to queue
[2026-05-18T13:45:19.951+0000] {logging_mixin.py:190} INFO - [2026-05-18T13:45:19.951+0000] {dagbag.py:588} INFO - Filling up the DagBag from /usr/local/python/3.12.1/lib/python3.12/site-packages/airflow/example_dags/example_dynamic_task_mapping_with_no_taskflow_operators.py
[2026-05-18T13:45:19.958+0000] {processor.py:925} INFO - DAG(s) 'example_dynamic_task_mapping_with_no_taskflow_operators' retrieved from /usr/local/python/3.12.1/lib/python3.12/site-packages/airflow/example_dags/example_dynamic_task_mapping_with_no_taskflow_operators.py
[2026-05-18T13:45:19.969+0000] {logging_mixin.py:190} INFO - [2026-05-18T13:45:19.969+0000] {dag.py:3239} INFO - Sync 1 DAGs
[2026-05-18T13:45:19.979+0000] {logging_mixin.py:190} INFO - [2026-05-18T13:45:19.979+0000] {dag.py:4180} INFO - Setting next_dagrun for example_dynamic_task_mapping_with_no_taskflow_operators to None, run_after=None
[2026-05-18T13:45:19.995+0000] {processor.py:208} INFO - Processing /usr/local/python/3.12.1/lib/python3.12/site-packages/airflow/example_dags/example_dynamic_task_mapping_with_no_taskflow_operators.py took 0.051 seconds
[2026-05-18T13:46:11.177+0000] {processor.py:186} INFO - Started process (PID=8200) to work on /usr/local/python/3.12.1/lib/python3.12/site-packages/airflow/example_dags/example_dynamic_task_mapping_with_no_taskflow_operators.py
[2026-05-18T13:46:11.178+0000] {processor.py:914} INFO - Processing file /usr/local/python/3.12.1/lib/python3.12/site-packages/airflow/example_dags/example_dynamic_task_mapping_with_no_taskflow_operators.py for tasks to queue
[2026-05-18T13:46:11.180+0000] {logging_mixin.py:190} INFO - [2026-05-18T13:46:11.179+0000] {dagbag.py:588} INFO - Filling up the DagBag from /usr/local/python/3.12.1/lib/python3.12/site-packages/airflow/example_dags/example_dynamic_task_mapping_with_no_taskflow_operators.py
[2026-05-18T13:46:11.186+0000] {processor.py:925} INFO - DAG(s) 'example_dynamic_task_mapping_with_no_taskflow_operators' retrieved from /usr/local/python/3.12.1/lib/python3.12/site-packages/airflow/example_dags/example_dynamic_task_mapping_with_no_taskflow_operators.py
[2026-05-18T13:46:11.199+0000] {logging_mixin.py:190} INFO - [2026-05-18T13:46:11.199+0000] {dag.py:3239} INFO - Sync 1 DAGs
[2026-05-18T13:46:11.210+0000] {logging_mixin.py:190} INFO - [2026-05-18T13:46:11.210+0000] {dag.py:4180} INFO - Setting next_dagrun for example_dynamic_task_mapping_with_no_taskflow_operators to None, run_after=None
[2026-05-18T13:46:11.230+0000] {processor.py:208} INFO - Processing /usr/local/python/3.12.1/lib/python3.12/site-packages/airflow/example_dags/example_dynamic_task_mapping_with_no_taskflow_operators.py took 0.058 seconds
[2026-05-18T13:47:02.598+0000] {processor.py:186} INFO - Started process (PID=8646) to work on /usr/local/python/3.12.1/lib/python3.12/site-packages/airflow/example_dags/example_dynamic_task_mapping_with_no_taskflow_operators.py
[2026-05-18T13:47:02.599+0000] {processor.py:914} INFO - Processing file /usr/local/python/3.12.1/lib/python3.12/site-packages/airflow/example_dags/example_dynamic_task_mapping_with_no_taskflow_operators.py for tasks to queue
[2026-05-18T13:47:02.601+0000] {logging_mixin.py:190} INFO - [2026-05-18T13:47:02.600+0000] {dagbag.py:588} INFO - Filling up the DagBag from /usr/local/python/3.12.1/lib/python3.12/site-packages/airflow/example_dags/example_dynamic_task_mapping_with_no_taskflow_operators.py
[2026-05-18T13:47:02.607+0000] {processor.py:925} INFO - DAG(s) 'example_dynamic_task_mapping_with_no_taskflow_operators' retrieved from /usr/local/python/3.12.1/lib/python3.12/site-packages/airflow/example_dags/example_dynamic_task_mapping_with_no_taskflow_operators.py
[2026-05-18T13:47:02.618+0000] {logging_mixin.py:190} INFO - [2026-05-18T13:47:02.618+0000] {dag.py:3239} INFO - Sync 1 DAGs
[2026-05-18T13:47:02.628+0000] {logging_mixin.py:190} INFO - [2026-05-18T13:47:02.628+0000] {dag.py:4180} INFO - Setting next_dagrun for example_dynamic_task_mapping_with_no_taskflow_operators to None, run_after=None
[2026-05-18T13:47:02.644+0000] {processor.py:208} INFO - Processing /usr/local/python/3.12.1/lib/python3.12/site-packages/airflow/example_dags/example_dynamic_task_mapping_with_no_taskflow_operators.py took 0.051 seconds
[2026-05-18T13:48:13.671+0000] {processor.py:186} INFO - Started process (PID=9258) to work on /usr/local/python/3.12.1/lib/python3.12/site-packages/airflow/example_dags/example_dynamic_task_mapping_with_no_taskflow_operators.py
[2026-05-18T13:48:13.672+0000] {processor.py:914} INFO - Processing file /usr/local/python/3.12.1/lib/python3.12/site-packages/airflow/example_dags/example_dynamic_task_mapping_with_no_taskflow_operators.py for tasks to queue
[2026-05-18T13:48:13.674+0000] {logging_mixin.py:190} INFO - [2026-05-18T13:48:13.673+0000] {dagbag.py:588} INFO - Filling up the DagBag from /usr/local/python/3.12.1/lib/python3.12/site-packages/airflow/example_dags/example_dynamic_task_mapping_with_no_taskflow_operators.py
[2026-05-18T13:48:13.680+0000] {processor.py:925} INFO - DAG(s) 'example_dynamic_task_mapping_with_no_taskflow_operators' retrieved from /usr/local/python/3.12.1/lib/python3.12/site-packages/airflow/example_dags/example_dynamic_task_mapping_with_no_taskflow_operators.py
[2026-05-18T13:48:13.692+0000] {logging_mixin.py:190} INFO - [2026-05-18T13:48:13.692+0000] {dag.py:3239} INFO - Sync 1 DAGs
[2026-05-18T13:48:13.702+0000] {logging_mixin.py:190} INFO - [2026-05-18T13:48:13.702+0000] {dag.py:4180} INFO - Setting next_dagrun for example_dynamic_task_mapping_with_no_taskflow_operators to None, run_after=None
[2026-05-18T13:48:13.719+0000] {processor.py:208} INFO - Processing /usr/local/python/3.12.1/lib/python3.12/site-packages/airflow/example_dags/example_dynamic_task_mapping_with_no_taskflow_operators.py took 0.052 seconds
[2026-05-18T13:49:03.116+0000] {processor.py:186} INFO - Started process (PID=9702) to work on /usr/local/python/3.12.1/lib/python3.12/site-packages/airflow/example_dags/example_dynamic_task_mapping_with_no_taskflow_operators.py
[2026-05-18T13:49:03.117+0000] {processor.py:914} INFO - Processing file /usr/local/python/3.12.1/lib/python3.12/site-packages/airflow/example_dags/example_dynamic_task_mapping_with_no_taskflow_operators.py for tasks to queue
[2026-05-18T13:49:03.119+0000] {logging_mixin.py:190} INFO - [2026-05-18T13:49:03.118+0000] {dagbag.py:588} INFO - Filling up the DagBag from /usr/local/python/3.12.1/lib/python3.12/site-packages/airflow/example_dags/example_dynamic_task_mapping_with_no_taskflow_operators.py
[2026-05-18T13:49:03.125+0000] {processor.py:925} INFO - DAG(s) 'example_dynamic_task_mapping_with_no_taskflow_operators' retrieved from /usr/local/python/3.12.1/lib/python3.12/site-packages/airflow/example_dags/example_dynamic_task_mapping_with_no_taskflow_operators.py
[2026-05-18T13:49:03.136+0000] {logging_mixin.py:190} INFO - [2026-05-18T13:49:03.136+0000] {dag.py:3239} INFO - Sync 1 DAGs
[2026-05-18T13:49:03.145+0000] {logging_mixin.py:190} INFO - [2026-05-18T13:49:03.145+0000] {dag.py:4180} INFO - Setting next_dagrun for example_dynamic_task_mapping_with_no_taskflow_operators to None, run_after=None
[2026-05-18T13:49:03.161+0000] {processor.py:208} INFO - Processing /usr/local/python/3.12.1/lib/python3.12/site-packages/airflow/example_dags/example_dynamic_task_mapping_with_no_taskflow_operators.py took 0.048 seconds
[2026-05-18T13:49:53.836+0000] {processor.py:186} INFO - Started process (PID=10161) to work on /usr/local/python/3.12.1/lib/python3.12/site-packages/airflow/example_dags/example_dynamic_task_mapping_with_no_taskflow_operators.py
[2026-05-18T13:49:53.837+0000] {processor.py:914} INFO - Processing file /usr/local/python/3.12.1/lib/python3.12/site-packages/airflow/example_dags/example_dynamic_task_mapping_with_no_taskflow_operators.py for tasks to queue
[2026-05-18T13:49:53.838+0000] {logging_mixin.py:190} INFO - [2026-05-18T13:49:53.838+0000] {dagbag.py:588} INFO - Filling up the DagBag from /usr/local/python/3.12.1/lib/python3.12/site-packages/airflow/example_dags/example_dynamic_task_mapping_with_no_taskflow_operators.py
[2026-05-18T13:49:53.844+0000] {processor.py:925} INFO - DAG(s) 'example_dynamic_task_mapping_with_no_taskflow_operators' retrieved from /usr/local/python/3.12.1/lib/python3.12/site-packages/airflow/example_dags/example_dynamic_task_mapping_with_no_taskflow_operators.py
[2026-05-18T13:49:53.856+0000] {logging_mixin.py:190} INFO - [2026-05-18T13:49:53.856+0000] {dag.py:3239} INFO - Sync 1 DAGs
[2026-05-18T13:49:53.866+0000] {logging_mixin.py:190} INFO - [2026-05-18T13:49:53.866+0000] {dag.py:4180} INFO - Setting next_dagrun for example_dynamic_task_mapping_with_no_taskflow_operators to None, run_after=None
[2026-05-18T13:49:53.883+0000] {processor.py:208} INFO - Processing /usr/local/python/3.12.1/lib/python3.12/site-packages/airflow/example_dags/example_dynamic_task_mapping_with_no_taskflow_operators.py took 0.051 seconds
[2026-05-18T13:51:04.836+0000] {processor.py:186} INFO - Started process (PID=10827) to work on /usr/local/python/3.12.1/lib/python3.12/site-packages/airflow/example_dags/example_dynamic_task_mapping_with_no_taskflow_operators.py
[2026-05-18T13:51:04.837+0000] {processor.py:914} INFO - Processing file /usr/local/python/3.12.1/lib/python3.12/site-packages/airflow/example_dags/example_dynamic_task_mapping_with_no_taskflow_operators.py for tasks to queue
[2026-05-18T13:51:04.839+0000] {logging_mixin.py:190} INFO - [2026-05-18T13:51:04.838+0000] {dagbag.py:588} INFO - Filling up the DagBag from /usr/local/python/3.12.1/lib/python3.12/site-packages/airflow/example_dags/example_dynamic_task_mapping_with_no_taskflow_operators.py
[2026-05-18T13:51:04.845+0000] {processor.py:925} INFO - DAG(s) 'example_dynamic_task_mapping_with_no_taskflow_operators' retrieved from /usr/local/python/3.12.1/lib/python3.12/site-packages/airflow/example_dags/example_dynamic_task_mapping_with_no_taskflow_operators.py
[2026-05-18T13:51:04.857+0000] {logging_mixin.py:190} INFO - [2026-05-18T13:51:04.857+0000] {dag.py:3239} INFO - Sync 1 DAGs
[2026-05-18T13:51:04.873+0000] {logging_mixin.py:190} INFO - [2026-05-18T13:51:04.873+0000] {dag.py:4180} INFO - Setting next_dagrun for example_dynamic_task_mapping_with_no_taskflow_operators to None, run_after=None
[2026-05-18T13:51:04.916+0000] {processor.py:208} INFO - Processing /usr/local/python/3.12.1/lib/python3.12/site-packages/airflow/example_dags/example_dynamic_task_mapping_with_no_taskflow_operators.py took 0.084 seconds
[2026-05-18T13:51:54.147+0000] {processor.py:186} INFO - Started process (PID=11271) to work on /usr/local/python/3.12.1/lib/python3.12/site-packages/airflow/example_dags/example_dynamic_task_mapping_with_no_taskflow_operators.py
[2026-05-18T13:51:54.147+0000] {processor.py:914} INFO - Processing file /usr/local/python/3.12.1/lib/python3.12/site-packages/airflow/example_dags/example_dynamic_task_mapping_with_no_taskflow_operators.py for tasks to queue
[2026-05-18T13:51:54.149+0000] {logging_mixin.py:190} INFO - [2026-05-18T13:51:54.149+0000] {dagbag.py:588} INFO - Filling up the DagBag from /usr/local/python/3.12.1/lib/python3.12/site-packages/airflow/example_dags/example_dynamic_task_mapping_with_no_taskflow_operators.py
[2026-05-18T13:51:54.155+0000] {processor.py:925} INFO - DAG(s) 'example_dynamic_task_mapping_with_no_taskflow_operators' retrieved from /usr/local/python/3.12.1/lib/python3.12/site-packages/airflow/example_dags/example_dynamic_task_mapping_with_no_taskflow_operators.py
[2026-05-18T13:51:54.166+0000] {logging_mixin.py:190} INFO - [2026-05-18T13:51:54.166+0000] {dag.py:3239} INFO - Sync 1 DAGs
[2026-05-18T13:51:54.176+0000] {logging_mixin.py:190} INFO - [2026-05-18T13:51:54.175+0000] {dag.py:4180} INFO - Setting next_dagrun for example_dynamic_task_mapping_with_no_taskflow_operators to None, run_after=None
[2026-05-18T13:51:54.191+0000] {processor.py:208} INFO - Processing /usr/local/python/3.12.1/lib/python3.12/site-packages/airflow/example_dags/example_dynamic_task_mapping_with_no_taskflow_operators.py took 0.049 seconds
[2026-05-18T13:52:45.122+0000] {processor.py:186} INFO - Started process (PID=11662) to work on /usr/local/python/3.12.1/lib/python3.12/site-packages/airflow/example_dags/example_dynamic_task_mapping_with_no_taskflow_operators.py
[2026-05-18T13:52:45.123+0000] {processor.py:914} INFO - Processing file /usr/local/python/3.12.1/lib/python3.12/site-packages/airflow/example_dags/example_dynamic_task_mapping_with_no_taskflow_operators.py for tasks to queue
[2026-05-18T13:52:45.124+0000] {logging_mixin.py:190} INFO - [2026-05-18T13:52:45.124+0000] {dagbag.py:588} INFO - Filling up the DagBag from /usr/local/python/3.12.1/lib/python3.12/site-packages/airflow/example_dags/example_dynamic_task_mapping_with_no_taskflow_operators.py
[2026-05-18T13:52:45.130+0000] {processor.py:925} INFO - DAG(s) 'example_dynamic_task_mapping_with_no_taskflow_operators' retrieved from /usr/local/python/3.12.1/lib/python3.12/site-packages/airflow/example_dags/example_dynamic_task_mapping_with_no_taskflow_operators.py
[2026-05-18T13:52:45.141+0000] {logging_mixin.py:190} INFO - [2026-05-18T13:52:45.141+0000] {dag.py:3239} INFO - Sync 1 DAGs
[2026-05-18T13:52:45.150+0000] {logging_mixin.py:190} INFO - [2026-05-18T13:52:45.150+0000] {dag.py:4180} INFO - Setting next_dagrun for example_dynamic_task_mapping_with_no_taskflow_operators to None, run_after=None
[2026-05-18T13:52:45.166+0000] {processor.py:208} INFO - Processing /usr/local/python/3.12.1/lib/python3.12/site-packages/airflow/example_dags/example_dynamic_task_mapping_with_no_taskflow_operators.py took 0.048 seconds
[2026-05-18T13:53:35.676+0000] {processor.py:186} INFO - Started process (PID=12117) to work on /usr/local/python/3.12.1/lib/python3.12/site-packages/airflow/example_dags/example_dynamic_task_mapping_with_no_taskflow_operators.py
[2026-05-18T13:53:35.676+0000] {processor.py:914} INFO - Processing file /usr/local/python/3.12.1/lib/python3.12/site-packages/airflow/example_dags/example_dynamic_task_mapping_with_no_taskflow_operators.py for tasks to queue
[2026-05-18T13:53:35.679+0000] {logging_mixin.py:190} INFO - [2026-05-18T13:53:35.678+0000] {dagbag.py:588} INFO - Filling up the DagBag from /usr/local/python/3.12.1/lib/python3.12/site-packages/airflow/example_dags/example_dynamic_task_mapping_with_no_taskflow_operators.py
[2026-05-18T13:53:35.685+0000] {processor.py:925} INFO - DAG(s) 'example_dynamic_task_mapping_with_no_taskflow_operators' retrieved from /usr/local/python/3.12.1/lib/python3.12/site-packages/airflow/example_dags/example_dynamic_task_mapping_with_no_taskflow_operators.py
[2026-05-18T13:53:35.697+0000] {logging_mixin.py:190} INFO - [2026-05-18T13:53:35.697+0000] {dag.py:3239} INFO - Sync 1 DAGs
[2026-05-18T13:53:35.706+0000] {logging_mixin.py:190} INFO - [2026-05-18T13:53:35.706+0000] {dag.py:4180} INFO - Setting next_dagrun for example_dynamic_task_mapping_with_no_taskflow_operators to None, run_after=None
[2026-05-18T13:53:35.722+0000] {processor.py:208} INFO - Processing /usr/local/python/3.12.1/lib/python3.12/site-packages/airflow/example_dags/example_dynamic_task_mapping_with_no_taskflow_operators.py took 0.051 seconds
[2026-05-18T13:54:25.262+0000] {processor.py:186} INFO - Started process (PID=12542) to work on /usr/local/python/3.12.1/lib/python3.12/site-packages/airflow/example_dags/example_dynamic_task_mapping_with_no_taskflow_operators.py
[2026-05-18T13:54:25.265+0000] {processor.py:914} INFO - Processing file /usr/local/python/3.12.1/lib/python3.12/site-packages/airflow/example_dags/example_dynamic_task_mapping_with_no_taskflow_operators.py for tasks to queue
[2026-05-18T13:54:25.271+0000] {logging_mixin.py:190} INFO - [2026-05-18T13:54:25.271+0000] {dagbag.py:588} INFO - Filling up the DagBag from /usr/local/python/3.12.1/lib/python3.12/site-packages/airflow/example_dags/example_dynamic_task_mapping_with_no_taskflow_operators.py
[2026-05-18T13:54:25.280+0000] {processor.py:925} INFO - DAG(s) 'example_dynamic_task_mapping_with_no_taskflow_operators' retrieved from /usr/local/python/3.12.1/lib/python3.12/site-packages/airflow/example_dags/example_dynamic_task_mapping_with_no_taskflow_operators.py
[2026-05-18T13:54:25.292+0000] {logging_mixin.py:190} INFO - [2026-05-18T13:54:25.292+0000] {dag.py:3239} INFO - Sync 1 DAGs
[2026-05-18T13:54:25.301+0000] {logging_mixin.py:190} INFO - [2026-05-18T13:54:25.301+0000] {dag.py:4180} INFO - Setting next_dagrun for example_dynamic_task_mapping_with_no_taskflow_operators to None, run_after=None
[2026-05-18T13:54:25.318+0000] {processor.py:208} INFO - Processing /usr/local/python/3.12.1/lib/python3.12/site-packages/airflow/example_dags/example_dynamic_task_mapping_with_no_taskflow_operators.py took 0.061 seconds
[2026-05-18T13:55:13.747+0000] {processor.py:186} INFO - Started process (PID=12984) to work on /usr/local/python/3.12.1/lib/python3.12/site-packages/airflow/example_dags/example_dynamic_task_mapping_with_no_taskflow_operators.py
[2026-05-18T13:55:13.748+0000] {processor.py:914} INFO - Processing file /usr/local/python/3.12.1/lib/python3.12/site-packages/airflow/example_dags/example_dynamic_task_mapping_with_no_taskflow_operators.py for tasks to queue
[2026-05-18T13:55:13.750+0000] {logging_mixin.py:190} INFO - [2026-05-18T13:55:13.750+0000] {dagbag.py:588} INFO - Filling up the DagBag from /usr/local/python/3.12.1/lib/python3.12/site-packages/airflow/example_dags/example_dynamic_task_mapping_with_no_taskflow_operators.py
[2026-05-18T13:55:13.756+0000] {processor.py:925} INFO - DAG(s) 'example_dynamic_task_mapping_with_no_taskflow_operators' retrieved from /usr/local/python/3.12.1/lib/python3.12/site-packages/airflow/example_dags/example_dynamic_task_mapping_with_no_taskflow_operators.py
[2026-05-18T13:55:13.768+0000] {logging_mixin.py:190} INFO - [2026-05-18T13:55:13.768+0000] {dag.py:3239} INFO - Sync 1 DAGs
[2026-05-18T13:55:13.778+0000] {logging_mixin.py:190} INFO - [2026-05-18T13:55:13.778+0000] {dag.py:4180} INFO - Setting next_dagrun for example_dynamic_task_mapping_with_no_taskflow_operators to None, run_after=None
[2026-05-18T13:55:13.796+0000] {processor.py:208} INFO - Processing /usr/local/python/3.12.1/lib/python3.12/site-packages/airflow/example_dags/example_dynamic_task_mapping_with_no_taskflow_operators.py took 0.053 seconds
[2026-05-18T13:56:02.900+0000] {processor.py:186} INFO - Started process (PID=13490) to work on /usr/local/python/3.12.1/lib/python3.12/site-packages/airflow/example_dags/example_dynamic_task_mapping_with_no_taskflow_operators.py
[2026-05-18T13:56:02.900+0000] {processor.py:914} INFO - Processing file /usr/local/python/3.12.1/lib/python3.12/site-packages/airflow/example_dags/example_dynamic_task_mapping_with_no_taskflow_operators.py for tasks to queue
[2026-05-18T13:56:02.902+0000] {logging_mixin.py:190} INFO - [2026-05-18T13:56:02.902+0000] {dagbag.py:588} INFO - Filling up the DagBag from /usr/local/python/3.12.1/lib/python3.12/site-packages/airflow/example_dags/example_dynamic_task_mapping_with_no_taskflow_operators.py
[2026-05-18T13:56:02.909+0000] {processor.py:925} INFO - DAG(s) 'example_dynamic_task_mapping_with_no_taskflow_operators' retrieved from /usr/local/python/3.12.1/lib/python3.12/site-packages/airflow/example_dags/example_dynamic_task_mapping_with_no_taskflow_operators.py
[2026-05-18T13:56:02.922+0000] {logging_mixin.py:190} INFO - [2026-05-18T13:56:02.922+0000] {dag.py:3239} INFO - Sync 1 DAGs
[2026-05-18T13:56:02.934+0000] {logging_mixin.py:190} INFO - [2026-05-18T13:56:02.934+0000] {dag.py:4180} INFO - Setting next_dagrun for example_dynamic_task_mapping_with_no_taskflow_operators to None, run_after=None
[2026-05-18T13:56:02.950+0000] {processor.py:208} INFO - Processing /usr/local/python/3.12.1/lib/python3.12/site-packages/airflow/example_dags/example_dynamic_task_mapping_with_no_taskflow_operators.py took 0.055 seconds
[2026-05-18T13:57:13.389+0000] {processor.py:186} INFO - Started process (PID=14093) to work on /usr/local/python/3.12.1/lib/python3.12/site-packages/airflow/example_dags/example_dynamic_task_mapping_with_no_taskflow_operators.py
[2026-05-18T13:57:13.390+0000] {processor.py:914} INFO - Processing file /usr/local/python/3.12.1/lib/python3.12/site-packages/airflow/example_dags/example_dynamic_task_mapping_with_no_taskflow_operators.py for tasks to queue
[2026-05-18T13:57:13.391+0000] {logging_mixin.py:190} INFO - [2026-05-18T13:57:13.391+0000] {dagbag.py:588} INFO - Filling up the DagBag from /usr/local/python/3.12.1/lib/python3.12/site-packages/airflow/example_dags/example_dynamic_task_mapping_with_no_taskflow_operators.py
[2026-05-18T13:57:13.398+0000] {processor.py:925} INFO - DAG(s) 'example_dynamic_task_mapping_with_no_taskflow_operators' retrieved from /usr/local/python/3.12.1/lib/python3.12/site-packages/airflow/example_dags/example_dynamic_task_mapping_with_no_taskflow_operators.py
[2026-05-18T13:57:13.409+0000] {logging_mixin.py:190} INFO - [2026-05-18T13:57:13.409+0000] {dag.py:3239} INFO - Sync 1 DAGs
[2026-05-18T13:57:13.421+0000] {logging_mixin.py:190} INFO - [2026-05-18T13:57:13.420+0000] {dag.py:4180} INFO - Setting next_dagrun for example_dynamic_task_mapping_with_no_taskflow_operators to None, run_after=None
[2026-05-18T13:57:13.438+0000] {processor.py:208} INFO - Processing /usr/local/python/3.12.1/lib/python3.12/site-packages/airflow/example_dags/example_dynamic_task_mapping_with_no_taskflow_operators.py took 0.054 seconds
[2026-05-18T13:58:03.545+0000] {processor.py:186} INFO - Started process (PID=14546) to work on /usr/local/python/3.12.1/lib/python3.12/site-packages/airflow/example_dags/example_dynamic_task_mapping_with_no_taskflow_operators.py
[2026-05-18T13:58:03.546+0000] {processor.py:914} INFO - Processing file /usr/local/python/3.12.1/lib/python3.12/site-packages/airflow/example_dags/example_dynamic_task_mapping_with_no_taskflow_operators.py for tasks to queue
[2026-05-18T13:58:03.548+0000] {logging_mixin.py:190} INFO - [2026-05-18T13:58:03.547+0000] {dagbag.py:588} INFO - Filling up the DagBag from /usr/local/python/3.12.1/lib/python3.12/site-packages/airflow/example_dags/example_dynamic_task_mapping_with_no_taskflow_operators.py
[2026-05-18T13:58:03.554+0000] {processor.py:925} INFO - DAG(s) 'example_dynamic_task_mapping_with_no_taskflow_operators' retrieved from /usr/local/python/3.12.1/lib/python3.12/site-packages/airflow/example_dags/example_dynamic_task_mapping_with_no_taskflow_operators.py
[2026-05-18T13:58:03.566+0000] {logging_mixin.py:190} INFO - [2026-05-18T13:58:03.566+0000] {dag.py:3239} INFO - Sync 1 DAGs
[2026-05-18T13:58:03.576+0000] {logging_mixin.py:190} INFO - [2026-05-18T13:58:03.576+0000] {dag.py:4180} INFO - Setting next_dagrun for example_dynamic_task_mapping_with_no_taskflow_operators to None, run_after=None
[2026-05-18T13:58:03.592+0000] {processor.py:208} INFO - Processing /usr/local/python/3.12.1/lib/python3.12/site-packages/airflow/example_dags/example_dynamic_task_mapping_with_no_taskflow_operators.py took 0.052 seconds
[2026-05-18T13:58:55.211+0000] {processor.py:186} INFO - Started process (PID=15007) to work on /usr/local/python/3.12.1/lib/python3.12/site-packages/airflow/example_dags/example_dynamic_task_mapping_with_no_taskflow_operators.py
[2026-05-18T13:58:55.212+0000] {processor.py:914} INFO - Processing file /usr/local/python/3.12.1/lib/python3.12/site-packages/airflow/example_dags/example_dynamic_task_mapping_with_no_taskflow_operators.py for tasks to queue
[2026-05-18T13:58:55.213+0000] {logging_mixin.py:190} INFO - [2026-05-18T13:58:55.213+0000] {dagbag.py:588} INFO - Filling up the DagBag from /usr/local/python/3.12.1/lib/python3.12/site-packages/airflow/example_dags/example_dynamic_task_mapping_with_no_taskflow_operators.py
[2026-05-18T13:58:55.220+0000] {processor.py:925} INFO - DAG(s) 'example_dynamic_task_mapping_with_no_taskflow_operators' retrieved from /usr/local/python/3.12.1/lib/python3.12/site-packages/airflow/example_dags/example_dynamic_task_mapping_with_no_taskflow_operators.py
[2026-05-18T13:58:55.231+0000] {logging_mixin.py:190} INFO - [2026-05-18T13:58:55.231+0000] {dag.py:3239} INFO - Sync 1 DAGs
[2026-05-18T13:58:55.241+0000] {logging_mixin.py:190} INFO - [2026-05-18T13:58:55.241+0000] {dag.py:4180} INFO - Setting next_dagrun for example_dynamic_task_mapping_with_no_taskflow_operators to None, run_after=None
[2026-05-18T13:58:55.258+0000] {processor.py:208} INFO - Processing /usr/local/python/3.12.1/lib/python3.12/site-packages/airflow/example_dags/example_dynamic_task_mapping_with_no_taskflow_operators.py took 0.051 seconds
[2026-05-18T13:59:46.532+0000] {processor.py:186} INFO - Started process (PID=15396) to work on /usr/local/python/3.12.1/lib/python3.12/site-packages/airflow/example_dags/example_dynamic_task_mapping_with_no_taskflow_operators.py
[2026-05-18T13:59:46.532+0000] {processor.py:914} INFO - Processing file /usr/local/python/3.12.1/lib/python3.12/site-packages/airflow/example_dags/example_dynamic_task_mapping_with_no_taskflow_operators.py for tasks to queue
[2026-05-18T13:59:46.534+0000] {logging_mixin.py:190} INFO - [2026-05-18T13:59:46.534+0000] {dagbag.py:588} INFO - Filling up the DagBag from /usr/local/python/3.12.1/lib/python3.12/site-packages/airflow/example_dags/example_dynamic_task_mapping_with_no_taskflow_operators.py
[2026-05-18T13:59:46.540+0000] {processor.py:925} INFO - DAG(s) 'example_dynamic_task_mapping_with_no_taskflow_operators' retrieved from /usr/local/python/3.12.1/lib/python3.12/site-packages/airflow/example_dags/example_dynamic_task_mapping_with_no_taskflow_operators.py
[2026-05-18T13:59:46.552+0000] {logging_mixin.py:190} INFO - [2026-05-18T13:59:46.551+0000] {dag.py:3239} INFO - Sync 1 DAGs
[2026-05-18T13:59:46.561+0000] {logging_mixin.py:190} INFO - [2026-05-18T13:59:46.561+0000] {dag.py:4180} INFO - Setting next_dagrun for example_dynamic_task_mapping_with_no_taskflow_operators to None, run_after=None
[2026-05-18T13:59:46.578+0000] {processor.py:208} INFO - Processing /usr/local/python/3.12.1/lib/python3.12/site-packages/airflow/example_dags/example_dynamic_task_mapping_with_no_taskflow_operators.py took 0.051 seconds
[2026-05-18T14:00:58.820+0000] {processor.py:186} INFO - Started process (PID=16128) to work on /usr/local/python/3.12.1/lib/python3.12/site-packages/airflow/example_dags/example_dynamic_task_mapping_with_no_taskflow_operators.py
[2026-05-18T14:00:58.820+0000] {processor.py:914} INFO - Processing file /usr/local/python/3.12.1/lib/python3.12/site-packages/airflow/example_dags/example_dynamic_task_mapping_with_no_taskflow_operators.py for tasks to queue
[2026-05-18T14:00:58.822+0000] {logging_mixin.py:190} INFO - [2026-05-18T14:00:58.822+0000] {dagbag.py:588} INFO - Filling up the DagBag from /usr/local/python/3.12.1/lib/python3.12/site-packages/airflow/example_dags/example_dynamic_task_mapping_with_no_taskflow_operators.py
[2026-05-18T14:00:58.828+0000] {processor.py:925} INFO - DAG(s) 'example_dynamic_task_mapping_with_no_taskflow_operators' retrieved from /usr/local/python/3.12.1/lib/python3.12/site-packages/airflow/example_dags/example_dynamic_task_mapping_with_no_taskflow_operators.py
[2026-05-18T14:00:58.839+0000] {logging_mixin.py:190} INFO - [2026-05-18T14:00:58.839+0000] {dag.py:3239} INFO - Sync 1 DAGs
[2026-05-18T14:00:58.848+0000] {logging_mixin.py:190} INFO - [2026-05-18T14:00:58.848+0000] {dag.py:4180} INFO - Setting next_dagrun for example_dynamic_task_mapping_with_no_taskflow_operators to None, run_after=None
[2026-05-18T14:00:58.864+0000] {processor.py:208} INFO - Processing /usr/local/python/3.12.1/lib/python3.12/site-packages/airflow/example_dags/example_dynamic_task_mapping_with_no_taskflow_operators.py took 0.049 seconds
[2026-05-18T14:01:48.622+0000] {processor.py:186} INFO - Started process (PID=16573) to work on /usr/local/python/3.12.1/lib/python3.12/site-packages/airflow/example_dags/example_dynamic_task_mapping_with_no_taskflow_operators.py
[2026-05-18T14:01:48.623+0000] {processor.py:914} INFO - Processing file /usr/local/python/3.12.1/lib/python3.12/site-packages/airflow/example_dags/example_dynamic_task_mapping_with_no_taskflow_operators.py for tasks to queue
[2026-05-18T14:01:48.625+0000] {logging_mixin.py:190} INFO - [2026-05-18T14:01:48.624+0000] {dagbag.py:588} INFO - Filling up the DagBag from /usr/local/python/3.12.1/lib/python3.12/site-packages/airflow/example_dags/example_dynamic_task_mapping_with_no_taskflow_operators.py
[2026-05-18T14:01:48.631+0000] {processor.py:925} INFO - DAG(s) 'example_dynamic_task_mapping_with_no_taskflow_operators' retrieved from /usr/local/python/3.12.1/lib/python3.12/site-packages/airflow/example_dags/example_dynamic_task_mapping_with_no_taskflow_operators.py
[2026-05-18T14:01:48.642+0000] {logging_mixin.py:190} INFO - [2026-05-18T14:01:48.642+0000] {dag.py:3239} INFO - Sync 1 DAGs
[2026-05-18T14:01:48.651+0000] {logging_mixin.py:190} INFO - [2026-05-18T14:01:48.651+0000] {dag.py:4180} INFO - Setting next_dagrun for example_dynamic_task_mapping_with_no_taskflow_operators to None, run_after=None
[2026-05-18T14:01:48.667+0000] {processor.py:208} INFO - Processing /usr/local/python/3.12.1/lib/python3.12/site-packages/airflow/example_dags/example_dynamic_task_mapping_with_no_taskflow_operators.py took 0.049 seconds
[2026-05-18T14:02:54.775+0000] {processor.py:186} INFO - Started process (PID=17158) to work on /usr/local/python/3.12.1/lib/python3.12/site-packages/airflow/example_dags/example_dynamic_task_mapping_with_no_taskflow_operators.py
[2026-05-18T14:02:54.776+0000] {processor.py:914} INFO - Processing file /usr/local/python/3.12.1/lib/python3.12/site-packages/airflow/example_dags/example_dynamic_task_mapping_with_no_taskflow_operators.py for tasks to queue
[2026-05-18T14:02:54.778+0000] {logging_mixin.py:190} INFO - [2026-05-18T14:02:54.778+0000] {dagbag.py:588} INFO - Filling up the DagBag from /usr/local/python/3.12.1/lib/python3.12/site-packages/airflow/example_dags/example_dynamic_task_mapping_with_no_taskflow_operators.py
[2026-05-18T14:02:54.784+0000] {processor.py:925} INFO - DAG(s) 'example_dynamic_task_mapping_with_no_taskflow_operators' retrieved from /usr/local/python/3.12.1/lib/python3.12/site-packages/airflow/example_dags/example_dynamic_task_mapping_with_no_taskflow_operators.py
[2026-05-18T14:02:54.796+0000] {logging_mixin.py:190} INFO - [2026-05-18T14:02:54.796+0000] {dag.py:3239} INFO - Sync 1 DAGs
[2026-05-18T14:02:54.806+0000] {logging_mixin.py:190} INFO - [2026-05-18T14:02:54.806+0000] {dag.py:4180} INFO - Setting next_dagrun for example_dynamic_task_mapping_with_no_taskflow_operators to None, run_after=None
[2026-05-18T14:02:54.824+0000] {processor.py:208} INFO - Processing /usr/local/python/3.12.1/lib/python3.12/site-packages/airflow/example_dags/example_dynamic_task_mapping_with_no_taskflow_operators.py took 0.053 seconds
[2026-05-18T14:04:11.383+0000] {processor.py:186} INFO - Started process (PID=17799) to work on /usr/local/python/3.12.1/lib/python3.12/site-packages/airflow/example_dags/example_dynamic_task_mapping_with_no_taskflow_operators.py
[2026-05-18T14:04:11.384+0000] {processor.py:914} INFO - Processing file /usr/local/python/3.12.1/lib/python3.12/site-packages/airflow/example_dags/example_dynamic_task_mapping_with_no_taskflow_operators.py for tasks to queue
[2026-05-18T14:04:11.385+0000] {logging_mixin.py:190} INFO - [2026-05-18T14:04:11.385+0000] {dagbag.py:588} INFO - Filling up the DagBag from /usr/local/python/3.12.1/lib/python3.12/site-packages/airflow/example_dags/example_dynamic_task_mapping_with_no_taskflow_operators.py
[2026-05-18T14:04:11.394+0000] {processor.py:925} INFO - DAG(s) 'example_dynamic_task_mapping_with_no_taskflow_operators' retrieved from /usr/local/python/3.12.1/lib/python3.12/site-packages/airflow/example_dags/example_dynamic_task_mapping_with_no_taskflow_operators.py
[2026-05-18T14:04:11.405+0000] {logging_mixin.py:190} INFO - [2026-05-18T14:04:11.405+0000] {dag.py:3239} INFO - Sync 1 DAGs
[2026-05-18T14:04:11.415+0000] {logging_mixin.py:190} INFO - [2026-05-18T14:04:11.415+0000] {dag.py:4180} INFO - Setting next_dagrun for example_dynamic_task_mapping_with_no_taskflow_operators to None, run_after=None
[2026-05-18T14:04:11.431+0000] {processor.py:208} INFO - Processing /usr/local/python/3.12.1/lib/python3.12/site-packages/airflow/example_dags/example_dynamic_task_mapping_with_no_taskflow_operators.py took 0.052 seconds
[2026-05-18T14:05:21.081+0000] {processor.py:186} INFO - Started process (PID=18401) to work on /usr/local/python/3.12.1/lib/python3.12/site-packages/airflow/example_dags/example_dynamic_task_mapping_with_no_taskflow_operators.py
[2026-05-18T14:05:21.082+0000] {processor.py:914} INFO - Processing file /usr/local/python/3.12.1/lib/python3.12/site-packages/airflow/example_dags/example_dynamic_task_mapping_with_no_taskflow_operators.py for tasks to queue
[2026-05-18T14:05:21.083+0000] {logging_mixin.py:190} INFO - [2026-05-18T14:05:21.083+0000] {dagbag.py:588} INFO - Filling up the DagBag from /usr/local/python/3.12.1/lib/python3.12/site-packages/airflow/example_dags/example_dynamic_task_mapping_with_no_taskflow_operators.py
[2026-05-18T14:05:21.090+0000] {processor.py:925} INFO - DAG(s) 'example_dynamic_task_mapping_with_no_taskflow_operators' retrieved from /usr/local/python/3.12.1/lib/python3.12/site-packages/airflow/example_dags/example_dynamic_task_mapping_with_no_taskflow_operators.py
[2026-05-18T14:05:21.101+0000] {logging_mixin.py:190} INFO - [2026-05-18T14:05:21.101+0000] {dag.py:3239} INFO - Sync 1 DAGs
[2026-05-18T14:05:21.110+0000] {logging_mixin.py:190} INFO - [2026-05-18T14:05:21.110+0000] {dag.py:4180} INFO - Setting next_dagrun for example_dynamic_task_mapping_with_no_taskflow_operators to None, run_after=None
[2026-05-18T14:05:21.129+0000] {processor.py:208} INFO - Processing /usr/local/python/3.12.1/lib/python3.12/site-packages/airflow/example_dags/example_dynamic_task_mapping_with_no_taskflow_operators.py took 0.052 seconds
[2026-05-18T14:06:12.326+0000] {processor.py:186} INFO - Started process (PID=18922) to work on /usr/local/python/3.12.1/lib/python3.12/site-packages/airflow/example_dags/example_dynamic_task_mapping_with_no_taskflow_operators.py
[2026-05-18T14:06:12.327+0000] {processor.py:914} INFO - Processing file /usr/local/python/3.12.1/lib/python3.12/site-packages/airflow/example_dags/example_dynamic_task_mapping_with_no_taskflow_operators.py for tasks to queue
[2026-05-18T14:06:12.329+0000] {logging_mixin.py:190} INFO - [2026-05-18T14:06:12.328+0000] {dagbag.py:588} INFO - Filling up the DagBag from /usr/local/python/3.12.1/lib/python3.12/site-packages/airflow/example_dags/example_dynamic_task_mapping_with_no_taskflow_operators.py
[2026-05-18T14:06:12.335+0000] {processor.py:925} INFO - DAG(s) 'example_dynamic_task_mapping_with_no_taskflow_operators' retrieved from /usr/local/python/3.12.1/lib/python3.12/site-packages/airflow/example_dags/example_dynamic_task_mapping_with_no_taskflow_operators.py
[2026-05-18T14:06:12.346+0000] {logging_mixin.py:190} INFO - [2026-05-18T14:06:12.346+0000] {dag.py:3239} INFO - Sync 1 DAGs
[2026-05-18T14:06:12.359+0000] {logging_mixin.py:190} INFO - [2026-05-18T14:06:12.358+0000] {dag.py:4180} INFO - Setting next_dagrun for example_dynamic_task_mapping_with_no_taskflow_operators to None, run_after=None
[2026-05-18T14:06:12.374+0000] {processor.py:208} INFO - Processing /usr/local/python/3.12.1/lib/python3.12/site-packages/airflow/example_dags/example_dynamic_task_mapping_with_no_taskflow_operators.py took 0.053 seconds
[2026-05-18T14:07:02.799+0000] {processor.py:186} INFO - Started process (PID=19375) to work on /usr/local/python/3.12.1/lib/python3.12/site-packages/airflow/example_dags/example_dynamic_task_mapping_with_no_taskflow_operators.py
[2026-05-18T14:07:02.800+0000] {processor.py:914} INFO - Processing file /usr/local/python/3.12.1/lib/python3.12/site-packages/airflow/example_dags/example_dynamic_task_mapping_with_no_taskflow_operators.py for tasks to queue
[2026-05-18T14:07:02.802+0000] {logging_mixin.py:190} INFO - [2026-05-18T14:07:02.801+0000] {dagbag.py:588} INFO - Filling up the DagBag from /usr/local/python/3.12.1/lib/python3.12/site-packages/airflow/example_dags/example_dynamic_task_mapping_with_no_taskflow_operators.py
[2026-05-18T14:07:02.808+0000] {processor.py:925} INFO - DAG(s) 'example_dynamic_task_mapping_with_no_taskflow_operators' retrieved from /usr/local/python/3.12.1/lib/python3.12/site-packages/airflow/example_dags/example_dynamic_task_mapping_with_no_taskflow_operators.py
[2026-05-18T14:07:02.822+0000] {logging_mixin.py:190} INFO - [2026-05-18T14:07:02.821+0000] {dag.py:3239} INFO - Sync 1 DAGs
[2026-05-18T14:07:02.834+0000] {logging_mixin.py:190} INFO - [2026-05-18T14:07:02.834+0000] {dag.py:4180} INFO - Setting next_dagrun for example_dynamic_task_mapping_with_no_taskflow_operators to None, run_after=None
[2026-05-18T14:07:02.852+0000] {processor.py:208} INFO - Processing /usr/local/python/3.12.1/lib/python3.12/site-packages/airflow/example_dags/example_dynamic_task_mapping_with_no_taskflow_operators.py took 0.057 seconds
[2026-05-18T14:08:14.667+0000] {processor.py:186} INFO - Started process (PID=19992) to work on /usr/local/python/3.12.1/lib/python3.12/site-packages/airflow/example_dags/example_dynamic_task_mapping_with_no_taskflow_operators.py
[2026-05-18T14:08:14.668+0000] {processor.py:914} INFO - Processing file /usr/local/python/3.12.1/lib/python3.12/site-packages/airflow/example_dags/example_dynamic_task_mapping_with_no_taskflow_operators.py for tasks to queue
[2026-05-18T14:08:14.670+0000] {logging_mixin.py:190} INFO - [2026-05-18T14:08:14.669+0000] {dagbag.py:588} INFO - Filling up the DagBag from /usr/local/python/3.12.1/lib/python3.12/site-packages/airflow/example_dags/example_dynamic_task_mapping_with_no_taskflow_operators.py
[2026-05-18T14:08:14.676+0000] {processor.py:925} INFO - DAG(s) 'example_dynamic_task_mapping_with_no_taskflow_operators' retrieved from /usr/local/python/3.12.1/lib/python3.12/site-packages/airflow/example_dags/example_dynamic_task_mapping_with_no_taskflow_operators.py
[2026-05-18T14:08:14.687+0000] {logging_mixin.py:190} INFO - [2026-05-18T14:08:14.687+0000] {dag.py:3239} INFO - Sync 1 DAGs
[2026-05-18T14:08:14.696+0000] {logging_mixin.py:190} INFO - [2026-05-18T14:08:14.696+0000] {dag.py:4180} INFO - Setting next_dagrun for example_dynamic_task_mapping_with_no_taskflow_operators to None, run_after=None
[2026-05-18T14:08:14.713+0000] {processor.py:208} INFO - Processing /usr/local/python/3.12.1/lib/python3.12/site-packages/airflow/example_dags/example_dynamic_task_mapping_with_no_taskflow_operators.py took 0.050 seconds
[2026-05-18T14:09:04.661+0000] {processor.py:186} INFO - Started process (PID=20437) to work on /usr/local/python/3.12.1/lib/python3.12/site-packages/airflow/example_dags/example_dynamic_task_mapping_with_no_taskflow_operators.py
[2026-05-18T14:09:04.662+0000] {processor.py:914} INFO - Processing file /usr/local/python/3.12.1/lib/python3.12/site-packages/airflow/example_dags/example_dynamic_task_mapping_with_no_taskflow_operators.py for tasks to queue
[2026-05-18T14:09:04.664+0000] {logging_mixin.py:190} INFO - [2026-05-18T14:09:04.664+0000] {dagbag.py:588} INFO - Filling up the DagBag from /usr/local/python/3.12.1/lib/python3.12/site-packages/airflow/example_dags/example_dynamic_task_mapping_with_no_taskflow_operators.py
[2026-05-18T14:09:04.670+0000] {processor.py:925} INFO - DAG(s) 'example_dynamic_task_mapping_with_no_taskflow_operators' retrieved from /usr/local/python/3.12.1/lib/python3.12/site-packages/airflow/example_dags/example_dynamic_task_mapping_with_no_taskflow_operators.py
[2026-05-18T14:09:04.682+0000] {logging_mixin.py:190} INFO - [2026-05-18T14:09:04.682+0000] {dag.py:3239} INFO - Sync 1 DAGs
[2026-05-18T14:09:04.692+0000] {logging_mixin.py:190} INFO - [2026-05-18T14:09:04.692+0000] {dag.py:4180} INFO - Setting next_dagrun for example_dynamic_task_mapping_with_no_taskflow_operators to None, run_after=None
[2026-05-18T14:09:04.709+0000] {processor.py:208} INFO - Processing /usr/local/python/3.12.1/lib/python3.12/site-packages/airflow/example_dags/example_dynamic_task_mapping_with_no_taskflow_operators.py took 0.052 seconds
[2026-05-18T14:10:15.486+0000] {processor.py:186} INFO - Started process (PID=21043) to work on /usr/local/python/3.12.1/lib/python3.12/site-packages/airflow/example_dags/example_dynamic_task_mapping_with_no_taskflow_operators.py
[2026-05-18T14:10:15.487+0000] {processor.py:914} INFO - Processing file /usr/local/python/3.12.1/lib/python3.12/site-packages/airflow/example_dags/example_dynamic_task_mapping_with_no_taskflow_operators.py for tasks to queue
[2026-05-18T14:10:15.489+0000] {logging_mixin.py:190} INFO - [2026-05-18T14:10:15.489+0000] {dagbag.py:588} INFO - Filling up the DagBag from /usr/local/python/3.12.1/lib/python3.12/site-packages/airflow/example_dags/example_dynamic_task_mapping_with_no_taskflow_operators.py
[2026-05-18T14:10:15.498+0000] {processor.py:925} INFO - DAG(s) 'example_dynamic_task_mapping_with_no_taskflow_operators' retrieved from /usr/local/python/3.12.1/lib/python3.12/site-packages/airflow/example_dags/example_dynamic_task_mapping_with_no_taskflow_operators.py
[2026-05-18T14:10:15.511+0000] {logging_mixin.py:190} INFO - [2026-05-18T14:10:15.511+0000] {dag.py:3239} INFO - Sync 1 DAGs
[2026-05-18T14:10:15.521+0000] {logging_mixin.py:190} INFO - [2026-05-18T14:10:15.521+0000] {dag.py:4180} INFO - Setting next_dagrun for example_dynamic_task_mapping_with_no_taskflow_operators to None, run_after=None
[2026-05-18T14:10:15.537+0000] {processor.py:208} INFO - Processing /usr/local/python/3.12.1/lib/python3.12/site-packages/airflow/example_dags/example_dynamic_task_mapping_with_no_taskflow_operators.py took 0.058 seconds
[2026-05-18T14:11:05.752+0000] {processor.py:186} INFO - Started process (PID=21548) to work on /usr/local/python/3.12.1/lib/python3.12/site-packages/airflow/example_dags/example_dynamic_task_mapping_with_no_taskflow_operators.py
[2026-05-18T14:11:05.753+0000] {processor.py:914} INFO - Processing file /usr/local/python/3.12.1/lib/python3.12/site-packages/airflow/example_dags/example_dynamic_task_mapping_with_no_taskflow_operators.py for tasks to queue
[2026-05-18T14:11:05.755+0000] {logging_mixin.py:190} INFO - [2026-05-18T14:11:05.754+0000] {dagbag.py:588} INFO - Filling up the DagBag from /usr/local/python/3.12.1/lib/python3.12/site-packages/airflow/example_dags/example_dynamic_task_mapping_with_no_taskflow_operators.py
[2026-05-18T14:11:05.761+0000] {processor.py:925} INFO - DAG(s) 'example_dynamic_task_mapping_with_no_taskflow_operators' retrieved from /usr/local/python/3.12.1/lib/python3.12/site-packages/airflow/example_dags/example_dynamic_task_mapping_with_no_taskflow_operators.py
[2026-05-18T14:11:05.772+0000] {logging_mixin.py:190} INFO - [2026-05-18T14:11:05.772+0000] {dag.py:3239} INFO - Sync 1 DAGs
[2026-05-18T14:11:05.782+0000] {logging_mixin.py:190} INFO - [2026-05-18T14:11:05.782+0000] {dag.py:4180} INFO - Setting next_dagrun for example_dynamic_task_mapping_with_no_taskflow_operators to None, run_after=None
[2026-05-18T14:11:05.800+0000] {processor.py:208} INFO - Processing /usr/local/python/3.12.1/lib/python3.12/site-packages/airflow/example_dags/example_dynamic_task_mapping_with_no_taskflow_operators.py took 0.051 seconds
[2026-05-18T14:11:54.893+0000] {processor.py:186} INFO - Started process (PID=21992) to work on /usr/local/python/3.12.1/lib/python3.12/site-packages/airflow/example_dags/example_dynamic_task_mapping_with_no_taskflow_operators.py
[2026-05-18T14:11:54.893+0000] {processor.py:914} INFO - Processing file /usr/local/python/3.12.1/lib/python3.12/site-packages/airflow/example_dags/example_dynamic_task_mapping_with_no_taskflow_operators.py for tasks to queue
[2026-05-18T14:11:54.895+0000] {logging_mixin.py:190} INFO - [2026-05-18T14:11:54.895+0000] {dagbag.py:588} INFO - Filling up the DagBag from /usr/local/python/3.12.1/lib/python3.12/site-packages/airflow/example_dags/example_dynamic_task_mapping_with_no_taskflow_operators.py
[2026-05-18T14:11:54.901+0000] {processor.py:925} INFO - DAG(s) 'example_dynamic_task_mapping_with_no_taskflow_operators' retrieved from /usr/local/python/3.12.1/lib/python3.12/site-packages/airflow/example_dags/example_dynamic_task_mapping_with_no_taskflow_operators.py
[2026-05-18T14:11:54.913+0000] {logging_mixin.py:190} INFO - [2026-05-18T14:11:54.913+0000] {dag.py:3239} INFO - Sync 1 DAGs
[2026-05-18T14:11:54.923+0000] {logging_mixin.py:190} INFO - [2026-05-18T14:11:54.922+0000] {dag.py:4180} INFO - Setting next_dagrun for example_dynamic_task_mapping_with_no_taskflow_operators to None, run_after=None
[2026-05-18T14:11:54.939+0000] {processor.py:208} INFO - Processing /usr/local/python/3.12.1/lib/python3.12/site-packages/airflow/example_dags/example_dynamic_task_mapping_with_no_taskflow_operators.py took 0.050 seconds
[2026-05-18T14:13:07.985+0000] {processor.py:186} INFO - Started process (PID=22610) to work on /usr/local/python/3.12.1/lib/python3.12/site-packages/airflow/example_dags/example_dynamic_task_mapping_with_no_taskflow_operators.py
[2026-05-18T14:13:07.986+0000] {processor.py:914} INFO - Processing file /usr/local/python/3.12.1/lib/python3.12/site-packages/airflow/example_dags/example_dynamic_task_mapping_with_no_taskflow_operators.py for tasks to queue
[2026-05-18T14:13:07.987+0000] {logging_mixin.py:190} INFO - [2026-05-18T14:13:07.987+0000] {dagbag.py:588} INFO - Filling up the DagBag from /usr/local/python/3.12.1/lib/python3.12/site-packages/airflow/example_dags/example_dynamic_task_mapping_with_no_taskflow_operators.py
[2026-05-18T14:13:07.993+0000] {processor.py:925} INFO - DAG(s) 'example_dynamic_task_mapping_with_no_taskflow_operators' retrieved from /usr/local/python/3.12.1/lib/python3.12/site-packages/airflow/example_dags/example_dynamic_task_mapping_with_no_taskflow_operators.py
[2026-05-18T14:13:08.005+0000] {logging_mixin.py:190} INFO - [2026-05-18T14:13:08.004+0000] {dag.py:3239} INFO - Sync 1 DAGs
[2026-05-18T14:13:08.014+0000] {logging_mixin.py:190} INFO - [2026-05-18T14:13:08.014+0000] {dag.py:4180} INFO - Setting next_dagrun for example_dynamic_task_mapping_with_no_taskflow_operators to None, run_after=None
[2026-05-18T14:13:08.030+0000] {processor.py:208} INFO - Processing /usr/local/python/3.12.1/lib/python3.12/site-packages/airflow/example_dags/example_dynamic_task_mapping_with_no_taskflow_operators.py took 0.049 seconds
[2026-05-18T14:14:18.367+0000] {processor.py:186} INFO - Started process (PID=23218) to work on /usr/local/python/3.12.1/lib/python3.12/site-packages/airflow/example_dags/example_dynamic_task_mapping_with_no_taskflow_operators.py
[2026-05-18T14:14:18.367+0000] {processor.py:914} INFO - Processing file /usr/local/python/3.12.1/lib/python3.12/site-packages/airflow/example_dags/example_dynamic_task_mapping_with_no_taskflow_operators.py for tasks to queue
[2026-05-18T14:14:18.369+0000] {logging_mixin.py:190} INFO - [2026-05-18T14:14:18.369+0000] {dagbag.py:588} INFO - Filling up the DagBag from /usr/local/python/3.12.1/lib/python3.12/site-packages/airflow/example_dags/example_dynamic_task_mapping_with_no_taskflow_operators.py
[2026-05-18T14:14:18.375+0000] {processor.py:925} INFO - DAG(s) 'example_dynamic_task_mapping_with_no_taskflow_operators' retrieved from /usr/local/python/3.12.1/lib/python3.12/site-packages/airflow/example_dags/example_dynamic_task_mapping_with_no_taskflow_operators.py
[2026-05-18T14:14:18.387+0000] {logging_mixin.py:190} INFO - [2026-05-18T14:14:18.386+0000] {dag.py:3239} INFO - Sync 1 DAGs
[2026-05-18T14:14:18.397+0000] {logging_mixin.py:190} INFO - [2026-05-18T14:14:18.397+0000] {dag.py:4180} INFO - Setting next_dagrun for example_dynamic_task_mapping_with_no_taskflow_operators to None, run_after=None
[2026-05-18T14:14:18.412+0000] {processor.py:208} INFO - Processing /usr/local/python/3.12.1/lib/python3.12/site-packages/airflow/example_dags/example_dynamic_task_mapping_with_no_taskflow_operators.py took 0.050 seconds
[2026-05-18T14:15:07.568+0000] {processor.py:186} INFO - Started process (PID=23667) to work on /usr/local/python/3.12.1/lib/python3.12/site-packages/airflow/example_dags/example_dynamic_task_mapping_with_no_taskflow_operators.py
[2026-05-18T14:15:07.569+0000] {processor.py:914} INFO - Processing file /usr/local/python/3.12.1/lib/python3.12/site-packages/airflow/example_dags/example_dynamic_task_mapping_with_no_taskflow_operators.py for tasks to queue
[2026-05-18T14:15:07.570+0000] {logging_mixin.py:190} INFO - [2026-05-18T14:15:07.570+0000] {dagbag.py:588} INFO - Filling up the DagBag from /usr/local/python/3.12.1/lib/python3.12/site-packages/airflow/example_dags/example_dynamic_task_mapping_with_no_taskflow_operators.py
[2026-05-18T14:15:07.577+0000] {processor.py:925} INFO - DAG(s) 'example_dynamic_task_mapping_with_no_taskflow_operators' retrieved from /usr/local/python/3.12.1/lib/python3.12/site-packages/airflow/example_dags/example_dynamic_task_mapping_with_no_taskflow_operators.py
[2026-05-18T14:15:07.588+0000] {logging_mixin.py:190} INFO - [2026-05-18T14:15:07.588+0000] {dag.py:3239} INFO - Sync 1 DAGs
[2026-05-18T14:15:07.598+0000] {logging_mixin.py:190} INFO - [2026-05-18T14:15:07.598+0000] {dag.py:4180} INFO - Setting next_dagrun for example_dynamic_task_mapping_with_no_taskflow_operators to None, run_after=None
[2026-05-18T14:15:07.615+0000] {processor.py:208} INFO - Processing /usr/local/python/3.12.1/lib/python3.12/site-packages/airflow/example_dags/example_dynamic_task_mapping_with_no_taskflow_operators.py took 0.051 seconds
[2026-05-18T14:15:56.639+0000] {processor.py:186} INFO - Started process (PID=24150) to work on /usr/local/python/3.12.1/lib/python3.12/site-packages/airflow/example_dags/example_dynamic_task_mapping_with_no_taskflow_operators.py
[2026-05-18T14:15:56.640+0000] {processor.py:914} INFO - Processing file /usr/local/python/3.12.1/lib/python3.12/site-packages/airflow/example_dags/example_dynamic_task_mapping_with_no_taskflow_operators.py for tasks to queue
[2026-05-18T14:15:56.641+0000] {logging_mixin.py:190} INFO - [2026-05-18T14:15:56.641+0000] {dagbag.py:588} INFO - Filling up the DagBag from /usr/local/python/3.12.1/lib/python3.12/site-packages/airflow/example_dags/example_dynamic_task_mapping_with_no_taskflow_operators.py
[2026-05-18T14:15:56.648+0000] {processor.py:925} INFO - DAG(s) 'example_dynamic_task_mapping_with_no_taskflow_operators' retrieved from /usr/local/python/3.12.1/lib/python3.12/site-packages/airflow/example_dags/example_dynamic_task_mapping_with_no_taskflow_operators.py
[2026-05-18T14:15:56.659+0000] {logging_mixin.py:190} INFO - [2026-05-18T14:15:56.659+0000] {dag.py:3239} INFO - Sync 1 DAGs
[2026-05-18T14:15:56.669+0000] {logging_mixin.py:190} INFO - [2026-05-18T14:15:56.669+0000] {dag.py:4180} INFO - Setting next_dagrun for example_dynamic_task_mapping_with_no_taskflow_operators to None, run_after=None
[2026-05-18T14:15:56.686+0000] {processor.py:208} INFO - Processing /usr/local/python/3.12.1/lib/python3.12/site-packages/airflow/example_dags/example_dynamic_task_mapping_with_no_taskflow_operators.py took 0.051 seconds
[2026-05-18T14:16:48.293+0000] {processor.py:186} INFO - Started process (PID=24574) to work on /usr/local/python/3.12.1/lib/python3.12/site-packages/airflow/example_dags/example_dynamic_task_mapping_with_no_taskflow_operators.py
[2026-05-18T14:16:48.294+0000] {processor.py:914} INFO - Processing file /usr/local/python/3.12.1/lib/python3.12/site-packages/airflow/example_dags/example_dynamic_task_mapping_with_no_taskflow_operators.py for tasks to queue
[2026-05-18T14:16:48.297+0000] {logging_mixin.py:190} INFO - [2026-05-18T14:16:48.296+0000] {dagbag.py:588} INFO - Filling up the DagBag from /usr/local/python/3.12.1/lib/python3.12/site-packages/airflow/example_dags/example_dynamic_task_mapping_with_no_taskflow_operators.py
[2026-05-18T14:16:48.305+0000] {processor.py:925} INFO - DAG(s) 'example_dynamic_task_mapping_with_no_taskflow_operators' retrieved from /usr/local/python/3.12.1/lib/python3.12/site-packages/airflow/example_dags/example_dynamic_task_mapping_with_no_taskflow_operators.py
[2026-05-18T14:16:48.318+0000] {logging_mixin.py:190} INFO - [2026-05-18T14:16:48.317+0000] {dag.py:3239} INFO - Sync 1 DAGs
[2026-05-18T14:16:48.327+0000] {logging_mixin.py:190} INFO - [2026-05-18T14:16:48.327+0000] {dag.py:4180} INFO - Setting next_dagrun for example_dynamic_task_mapping_with_no_taskflow_operators to None, run_after=None
[2026-05-18T14:16:48.344+0000] {processor.py:208} INFO - Processing /usr/local/python/3.12.1/lib/python3.12/site-packages/airflow/example_dags/example_dynamic_task_mapping_with_no_taskflow_operators.py took 0.057 seconds
[2026-05-18T14:17:38.334+0000] {processor.py:186} INFO - Started process (PID=24992) to work on /usr/local/python/3.12.1/lib/python3.12/site-packages/airflow/example_dags/example_dynamic_task_mapping_with_no_taskflow_operators.py
[2026-05-18T14:17:38.335+0000] {processor.py:914} INFO - Processing file /usr/local/python/3.12.1/lib/python3.12/site-packages/airflow/example_dags/example_dynamic_task_mapping_with_no_taskflow_operators.py for tasks to queue
[2026-05-18T14:17:38.336+0000] {logging_mixin.py:190} INFO - [2026-05-18T14:17:38.336+0000] {dagbag.py:588} INFO - Filling up the DagBag from /usr/local/python/3.12.1/lib/python3.12/site-packages/airflow/example_dags/example_dynamic_task_mapping_with_no_taskflow_operators.py
[2026-05-18T14:17:38.343+0000] {processor.py:925} INFO - DAG(s) 'example_dynamic_task_mapping_with_no_taskflow_operators' retrieved from /usr/local/python/3.12.1/lib/python3.12/site-packages/airflow/example_dags/example_dynamic_task_mapping_with_no_taskflow_operators.py
[2026-05-18T14:17:38.355+0000] {logging_mixin.py:190} INFO - [2026-05-18T14:17:38.354+0000] {dag.py:3239} INFO - Sync 1 DAGs
[2026-05-18T14:17:38.364+0000] {logging_mixin.py:190} INFO - [2026-05-18T14:17:38.364+0000] {dag.py:4180} INFO - Setting next_dagrun for example_dynamic_task_mapping_with_no_taskflow_operators to None, run_after=None
[2026-05-18T14:17:38.381+0000] {processor.py:208} INFO - Processing /usr/local/python/3.12.1/lib/python3.12/site-packages/airflow/example_dags/example_dynamic_task_mapping_with_no_taskflow_operators.py took 0.051 seconds
[2026-05-18T14:18:29.460+0000] {processor.py:186} INFO - Started process (PID=25443) to work on /usr/local/python/3.12.1/lib/python3.12/site-packages/airflow/example_dags/example_dynamic_task_mapping_with_no_taskflow_operators.py
[2026-05-18T14:18:29.460+0000] {processor.py:914} INFO - Processing file /usr/local/python/3.12.1/lib/python3.12/site-packages/airflow/example_dags/example_dynamic_task_mapping_with_no_taskflow_operators.py for tasks to queue
[2026-05-18T14:18:29.462+0000] {logging_mixin.py:190} INFO - [2026-05-18T14:18:29.462+0000] {dagbag.py:588} INFO - Filling up the DagBag from /usr/local/python/3.12.1/lib/python3.12/site-packages/airflow/example_dags/example_dynamic_task_mapping_with_no_taskflow_operators.py
[2026-05-18T14:18:29.468+0000] {processor.py:925} INFO - DAG(s) 'example_dynamic_task_mapping_with_no_taskflow_operators' retrieved from /usr/local/python/3.12.1/lib/python3.12/site-packages/airflow/example_dags/example_dynamic_task_mapping_with_no_taskflow_operators.py
[2026-05-18T14:18:29.480+0000] {logging_mixin.py:190} INFO - [2026-05-18T14:18:29.480+0000] {dag.py:3239} INFO - Sync 1 DAGs
[2026-05-18T14:18:29.490+0000] {logging_mixin.py:190} INFO - [2026-05-18T14:18:29.489+0000] {dag.py:4180} INFO - Setting next_dagrun for example_dynamic_task_mapping_with_no_taskflow_operators to None, run_after=None
[2026-05-18T14:18:29.505+0000] {processor.py:208} INFO - Processing /usr/local/python/3.12.1/lib/python3.12/site-packages/airflow/example_dags/example_dynamic_task_mapping_with_no_taskflow_operators.py took 0.050 seconds
[2026-05-18T14:19:41.641+0000] {processor.py:186} INFO - Started process (PID=26075) to work on /usr/local/python/3.12.1/lib/python3.12/site-packages/airflow/example_dags/example_dynamic_task_mapping_with_no_taskflow_operators.py
[2026-05-18T14:19:41.642+0000] {processor.py:914} INFO - Processing file /usr/local/python/3.12.1/lib/python3.12/site-packages/airflow/example_dags/example_dynamic_task_mapping_with_no_taskflow_operators.py for tasks to queue
[2026-05-18T14:19:41.646+0000] {logging_mixin.py:190} INFO - [2026-05-18T14:19:41.646+0000] {dagbag.py:588} INFO - Filling up the DagBag from /usr/local/python/3.12.1/lib/python3.12/site-packages/airflow/example_dags/example_dynamic_task_mapping_with_no_taskflow_operators.py
[2026-05-18T14:19:41.656+0000] {processor.py:925} INFO - DAG(s) 'example_dynamic_task_mapping_with_no_taskflow_operators' retrieved from /usr/local/python/3.12.1/lib/python3.12/site-packages/airflow/example_dags/example_dynamic_task_mapping_with_no_taskflow_operators.py
[2026-05-18T14:19:41.669+0000] {logging_mixin.py:190} INFO - [2026-05-18T14:19:41.669+0000] {dag.py:3239} INFO - Sync 1 DAGs
[2026-05-18T14:19:41.689+0000] {logging_mixin.py:190} INFO - [2026-05-18T14:19:41.688+0000] {dag.py:4180} INFO - Setting next_dagrun for example_dynamic_task_mapping_with_no_taskflow_operators to None, run_after=None
[2026-05-18T14:19:41.713+0000] {processor.py:208} INFO - Processing /usr/local/python/3.12.1/lib/python3.12/site-packages/airflow/example_dags/example_dynamic_task_mapping_with_no_taskflow_operators.py took 0.080 seconds
[2026-05-18T14:20:33.367+0000] {processor.py:186} INFO - Started process (PID=26540) to work on /usr/local/python/3.12.1/lib/python3.12/site-packages/airflow/example_dags/example_dynamic_task_mapping_with_no_taskflow_operators.py
[2026-05-18T14:20:33.368+0000] {processor.py:914} INFO - Processing file /usr/local/python/3.12.1/lib/python3.12/site-packages/airflow/example_dags/example_dynamic_task_mapping_with_no_taskflow_operators.py for tasks to queue
[2026-05-18T14:20:33.370+0000] {logging_mixin.py:190} INFO - [2026-05-18T14:20:33.369+0000] {dagbag.py:588} INFO - Filling up the DagBag from /usr/local/python/3.12.1/lib/python3.12/site-packages/airflow/example_dags/example_dynamic_task_mapping_with_no_taskflow_operators.py
[2026-05-18T14:20:33.376+0000] {processor.py:925} INFO - DAG(s) 'example_dynamic_task_mapping_with_no_taskflow_operators' retrieved from /usr/local/python/3.12.1/lib/python3.12/site-packages/airflow/example_dags/example_dynamic_task_mapping_with_no_taskflow_operators.py
[2026-05-18T14:20:33.388+0000] {logging_mixin.py:190} INFO - [2026-05-18T14:20:33.387+0000] {dag.py:3239} INFO - Sync 1 DAGs
[2026-05-18T14:20:33.398+0000] {logging_mixin.py:190} INFO - [2026-05-18T14:20:33.397+0000] {dag.py:4180} INFO - Setting next_dagrun for example_dynamic_task_mapping_with_no_taskflow_operators to None, run_after=None
[2026-05-18T14:20:33.414+0000] {processor.py:208} INFO - Processing /usr/local/python/3.12.1/lib/python3.12/site-packages/airflow/example_dags/example_dynamic_task_mapping_with_no_taskflow_operators.py took 0.051 seconds
[2026-05-18T14:21:25.696+0000] {processor.py:186} INFO - Started process (PID=27058) to work on /usr/local/python/3.12.1/lib/python3.12/site-packages/airflow/example_dags/example_dynamic_task_mapping_with_no_taskflow_operators.py
[2026-05-18T14:21:25.697+0000] {processor.py:914} INFO - Processing file /usr/local/python/3.12.1/lib/python3.12/site-packages/airflow/example_dags/example_dynamic_task_mapping_with_no_taskflow_operators.py for tasks to queue
[2026-05-18T14:21:25.698+0000] {logging_mixin.py:190} INFO - [2026-05-18T14:21:25.698+0000] {dagbag.py:588} INFO - Filling up the DagBag from /usr/local/python/3.12.1/lib/python3.12/site-packages/airflow/example_dags/example_dynamic_task_mapping_with_no_taskflow_operators.py
[2026-05-18T14:21:25.705+0000] {processor.py:925} INFO - DAG(s) 'example_dynamic_task_mapping_with_no_taskflow_operators' retrieved from /usr/local/python/3.12.1/lib/python3.12/site-packages/airflow/example_dags/example_dynamic_task_mapping_with_no_taskflow_operators.py
[2026-05-18T14:21:25.716+0000] {logging_mixin.py:190} INFO - [2026-05-18T14:21:25.716+0000] {dag.py:3239} INFO - Sync 1 DAGs
[2026-05-18T14:21:25.726+0000] {logging_mixin.py:190} INFO - [2026-05-18T14:21:25.726+0000] {dag.py:4180} INFO - Setting next_dagrun for example_dynamic_task_mapping_with_no_taskflow_operators to None, run_after=None
[2026-05-18T14:21:25.864+0000] {processor.py:208} INFO - Processing /usr/local/python/3.12.1/lib/python3.12/site-packages/airflow/example_dags/example_dynamic_task_mapping_with_no_taskflow_operators.py took 0.171 seconds
[2026-05-18T14:22:19.791+0000] {processor.py:186} INFO - Started process (PID=27524) to work on /usr/local/python/3.12.1/lib/python3.12/site-packages/airflow/example_dags/example_dynamic_task_mapping_with_no_taskflow_operators.py
[2026-05-18T14:22:19.792+0000] {processor.py:914} INFO - Processing file /usr/local/python/3.12.1/lib/python3.12/site-packages/airflow/example_dags/example_dynamic_task_mapping_with_no_taskflow_operators.py for tasks to queue
[2026-05-18T14:22:19.794+0000] {logging_mixin.py:190} INFO - [2026-05-18T14:22:19.793+0000] {dagbag.py:588} INFO - Filling up the DagBag from /usr/local/python/3.12.1/lib/python3.12/site-packages/airflow/example_dags/example_dynamic_task_mapping_with_no_taskflow_operators.py
[2026-05-18T14:22:19.800+0000] {processor.py:925} INFO - DAG(s) 'example_dynamic_task_mapping_with_no_taskflow_operators' retrieved from /usr/local/python/3.12.1/lib/python3.12/site-packages/airflow/example_dags/example_dynamic_task_mapping_with_no_taskflow_operators.py
[2026-05-18T14:22:19.814+0000] {logging_mixin.py:190} INFO - [2026-05-18T14:22:19.814+0000] {dag.py:3239} INFO - Sync 1 DAGs
[2026-05-18T14:22:19.824+0000] {logging_mixin.py:190} INFO - [2026-05-18T14:22:19.824+0000] {dag.py:4180} INFO - Setting next_dagrun for example_dynamic_task_mapping_with_no_taskflow_operators to None, run_after=None
[2026-05-18T14:22:19.844+0000] {processor.py:208} INFO - Processing /usr/local/python/3.12.1/lib/python3.12/site-packages/airflow/example_dags/example_dynamic_task_mapping_with_no_taskflow_operators.py took 0.057 seconds
[2026-05-18T14:23:15.577+0000] {processor.py:186} INFO - Started process (PID=28021) to work on /usr/local/python/3.12.1/lib/python3.12/site-packages/airflow/example_dags/example_dynamic_task_mapping_with_no_taskflow_operators.py
[2026-05-18T14:23:15.578+0000] {processor.py:914} INFO - Processing file /usr/local/python/3.12.1/lib/python3.12/site-packages/airflow/example_dags/example_dynamic_task_mapping_with_no_taskflow_operators.py for tasks to queue
[2026-05-18T14:23:15.580+0000] {logging_mixin.py:190} INFO - [2026-05-18T14:23:15.579+0000] {dagbag.py:588} INFO - Filling up the DagBag from /usr/local/python/3.12.1/lib/python3.12/site-packages/airflow/example_dags/example_dynamic_task_mapping_with_no_taskflow_operators.py
[2026-05-18T14:23:15.586+0000] {processor.py:925} INFO - DAG(s) 'example_dynamic_task_mapping_with_no_taskflow_operators' retrieved from /usr/local/python/3.12.1/lib/python3.12/site-packages/airflow/example_dags/example_dynamic_task_mapping_with_no_taskflow_operators.py
[2026-05-18T14:23:15.599+0000] {logging_mixin.py:190} INFO - [2026-05-18T14:23:15.598+0000] {dag.py:3239} INFO - Sync 1 DAGs
[2026-05-18T14:23:15.609+0000] {logging_mixin.py:190} INFO - [2026-05-18T14:23:15.609+0000] {dag.py:4180} INFO - Setting next_dagrun for example_dynamic_task_mapping_with_no_taskflow_operators to None, run_after=None
[2026-05-18T14:23:15.626+0000] {processor.py:208} INFO - Processing /usr/local/python/3.12.1/lib/python3.12/site-packages/airflow/example_dags/example_dynamic_task_mapping_with_no_taskflow_operators.py took 0.053 seconds
[2026-05-18T14:24:12.052+0000] {processor.py:186} INFO - Started process (PID=28508) to work on /usr/local/python/3.12.1/lib/python3.12/site-packages/airflow/example_dags/example_dynamic_task_mapping_with_no_taskflow_operators.py
[2026-05-18T14:24:12.053+0000] {processor.py:914} INFO - Processing file /usr/local/python/3.12.1/lib/python3.12/site-packages/airflow/example_dags/example_dynamic_task_mapping_with_no_taskflow_operators.py for tasks to queue
[2026-05-18T14:24:12.055+0000] {logging_mixin.py:190} INFO - [2026-05-18T14:24:12.054+0000] {dagbag.py:588} INFO - Filling up the DagBag from /usr/local/python/3.12.1/lib/python3.12/site-packages/airflow/example_dags/example_dynamic_task_mapping_with_no_taskflow_operators.py
[2026-05-18T14:24:12.062+0000] {processor.py:925} INFO - DAG(s) 'example_dynamic_task_mapping_with_no_taskflow_operators' retrieved from /usr/local/python/3.12.1/lib/python3.12/site-packages/airflow/example_dags/example_dynamic_task_mapping_with_no_taskflow_operators.py
[2026-05-18T14:24:12.077+0000] {logging_mixin.py:190} INFO - [2026-05-18T14:24:12.077+0000] {dag.py:3239} INFO - Sync 1 DAGs
[2026-05-18T14:24:12.221+0000] {logging_mixin.py:190} INFO - [2026-05-18T14:24:12.220+0000] {dag.py:4180} INFO - Setting next_dagrun for example_dynamic_task_mapping_with_no_taskflow_operators to None, run_after=None
[2026-05-18T14:24:12.236+0000] {processor.py:208} INFO - Processing /usr/local/python/3.12.1/lib/python3.12/site-packages/airflow/example_dags/example_dynamic_task_mapping_with_no_taskflow_operators.py took 0.188 seconds
[2026-05-18T14:25:10.091+0000] {processor.py:186} INFO - Started process (PID=29017) to work on /usr/local/python/3.12.1/lib/python3.12/site-packages/airflow/example_dags/example_dynamic_task_mapping_with_no_taskflow_operators.py
[2026-05-18T14:25:10.092+0000] {processor.py:914} INFO - Processing file /usr/local/python/3.12.1/lib/python3.12/site-packages/airflow/example_dags/example_dynamic_task_mapping_with_no_taskflow_operators.py for tasks to queue
[2026-05-18T14:25:10.093+0000] {logging_mixin.py:190} INFO - [2026-05-18T14:25:10.093+0000] {dagbag.py:588} INFO - Filling up the DagBag from /usr/local/python/3.12.1/lib/python3.12/site-packages/airflow/example_dags/example_dynamic_task_mapping_with_no_taskflow_operators.py
[2026-05-18T14:25:10.099+0000] {processor.py:925} INFO - DAG(s) 'example_dynamic_task_mapping_with_no_taskflow_operators' retrieved from /usr/local/python/3.12.1/lib/python3.12/site-packages/airflow/example_dags/example_dynamic_task_mapping_with_no_taskflow_operators.py
[2026-05-18T14:25:10.111+0000] {logging_mixin.py:190} INFO - [2026-05-18T14:25:10.111+0000] {dag.py:3239} INFO - Sync 1 DAGs
[2026-05-18T14:25:10.122+0000] {logging_mixin.py:190} INFO - [2026-05-18T14:25:10.121+0000] {dag.py:4180} INFO - Setting next_dagrun for example_dynamic_task_mapping_with_no_taskflow_operators to None, run_after=None
[2026-05-18T14:25:10.138+0000] {processor.py:208} INFO - Processing /usr/local/python/3.12.1/lib/python3.12/site-packages/airflow/example_dags/example_dynamic_task_mapping_with_no_taskflow_operators.py took 0.052 seconds
[2026-05-18T14:26:01.513+0000] {processor.py:186} INFO - Started process (PID=29535) to work on /usr/local/python/3.12.1/lib/python3.12/site-packages/airflow/example_dags/example_dynamic_task_mapping_with_no_taskflow_operators.py
[2026-05-18T14:26:01.514+0000] {processor.py:914} INFO - Processing file /usr/local/python/3.12.1/lib/python3.12/site-packages/airflow/example_dags/example_dynamic_task_mapping_with_no_taskflow_operators.py for tasks to queue
[2026-05-18T14:26:01.517+0000] {logging_mixin.py:190} INFO - [2026-05-18T14:26:01.516+0000] {dagbag.py:588} INFO - Filling up the DagBag from /usr/local/python/3.12.1/lib/python3.12/site-packages/airflow/example_dags/example_dynamic_task_mapping_with_no_taskflow_operators.py
[2026-05-18T14:26:01.526+0000] {processor.py:925} INFO - DAG(s) 'example_dynamic_task_mapping_with_no_taskflow_operators' retrieved from /usr/local/python/3.12.1/lib/python3.12/site-packages/airflow/example_dags/example_dynamic_task_mapping_with_no_taskflow_operators.py
[2026-05-18T14:26:01.543+0000] {logging_mixin.py:190} INFO - [2026-05-18T14:26:01.543+0000] {dag.py:3239} INFO - Sync 1 DAGs
[2026-05-18T14:26:01.560+0000] {logging_mixin.py:190} INFO - [2026-05-18T14:26:01.559+0000] {dag.py:4180} INFO - Setting next_dagrun for example_dynamic_task_mapping_with_no_taskflow_operators to None, run_after=None
[2026-05-18T14:26:01.595+0000] {processor.py:208} INFO - Processing /usr/local/python/3.12.1/lib/python3.12/site-packages/airflow/example_dags/example_dynamic_task_mapping_with_no_taskflow_operators.py took 0.088 seconds
[2026-05-18T14:27:11.812+0000] {processor.py:186} INFO - Started process (PID=30138) to work on /usr/local/python/3.12.1/lib/python3.12/site-packages/airflow/example_dags/example_dynamic_task_mapping_with_no_taskflow_operators.py
[2026-05-18T14:27:11.812+0000] {processor.py:914} INFO - Processing file /usr/local/python/3.12.1/lib/python3.12/site-packages/airflow/example_dags/example_dynamic_task_mapping_with_no_taskflow_operators.py for tasks to queue
[2026-05-18T14:27:11.814+0000] {logging_mixin.py:190} INFO - [2026-05-18T14:27:11.814+0000] {dagbag.py:588} INFO - Filling up the DagBag from /usr/local/python/3.12.1/lib/python3.12/site-packages/airflow/example_dags/example_dynamic_task_mapping_with_no_taskflow_operators.py
[2026-05-18T14:27:11.820+0000] {processor.py:925} INFO - DAG(s) 'example_dynamic_task_mapping_with_no_taskflow_operators' retrieved from /usr/local/python/3.12.1/lib/python3.12/site-packages/airflow/example_dags/example_dynamic_task_mapping_with_no_taskflow_operators.py
[2026-05-18T14:27:11.831+0000] {logging_mixin.py:190} INFO - [2026-05-18T14:27:11.831+0000] {dag.py:3239} INFO - Sync 1 DAGs
[2026-05-18T14:27:11.842+0000] {logging_mixin.py:190} INFO - [2026-05-18T14:27:11.842+0000] {dag.py:4180} INFO - Setting next_dagrun for example_dynamic_task_mapping_with_no_taskflow_operators to None, run_after=None
[2026-05-18T14:27:11.857+0000] {processor.py:208} INFO - Processing /usr/local/python/3.12.1/lib/python3.12/site-packages/airflow/example_dags/example_dynamic_task_mapping_with_no_taskflow_operators.py took 0.049 seconds
[2026-05-18T14:28:03.648+0000] {processor.py:186} INFO - Started process (PID=30598) to work on /usr/local/python/3.12.1/lib/python3.12/site-packages/airflow/example_dags/example_dynamic_task_mapping_with_no_taskflow_operators.py
[2026-05-18T14:28:03.648+0000] {processor.py:914} INFO - Processing file /usr/local/python/3.12.1/lib/python3.12/site-packages/airflow/example_dags/example_dynamic_task_mapping_with_no_taskflow_operators.py for tasks to queue
[2026-05-18T14:28:03.650+0000] {logging_mixin.py:190} INFO - [2026-05-18T14:28:03.650+0000] {dagbag.py:588} INFO - Filling up the DagBag from /usr/local/python/3.12.1/lib/python3.12/site-packages/airflow/example_dags/example_dynamic_task_mapping_with_no_taskflow_operators.py
[2026-05-18T14:28:03.656+0000] {processor.py:925} INFO - DAG(s) 'example_dynamic_task_mapping_with_no_taskflow_operators' retrieved from /usr/local/python/3.12.1/lib/python3.12/site-packages/airflow/example_dags/example_dynamic_task_mapping_with_no_taskflow_operators.py
[2026-05-18T14:28:03.668+0000] {logging_mixin.py:190} INFO - [2026-05-18T14:28:03.668+0000] {dag.py:3239} INFO - Sync 1 DAGs
[2026-05-18T14:28:03.677+0000] {logging_mixin.py:190} INFO - [2026-05-18T14:28:03.677+0000] {dag.py:4180} INFO - Setting next_dagrun for example_dynamic_task_mapping_with_no_taskflow_operators to None, run_after=None
[2026-05-18T14:28:03.693+0000] {processor.py:208} INFO - Processing /usr/local/python/3.12.1/lib/python3.12/site-packages/airflow/example_dags/example_dynamic_task_mapping_with_no_taskflow_operators.py took 0.049 seconds
[2026-05-18T14:29:15.132+0000] {processor.py:186} INFO - Started process (PID=31205) to work on /usr/local/python/3.12.1/lib/python3.12/site-packages/airflow/example_dags/example_dynamic_task_mapping_with_no_taskflow_operators.py
[2026-05-18T14:29:15.133+0000] {processor.py:914} INFO - Processing file /usr/local/python/3.12.1/lib/python3.12/site-packages/airflow/example_dags/example_dynamic_task_mapping_with_no_taskflow_operators.py for tasks to queue
[2026-05-18T14:29:15.134+0000] {logging_mixin.py:190} INFO - [2026-05-18T14:29:15.134+0000] {dagbag.py:588} INFO - Filling up the DagBag from /usr/local/python/3.12.1/lib/python3.12/site-packages/airflow/example_dags/example_dynamic_task_mapping_with_no_taskflow_operators.py
[2026-05-18T14:29:15.141+0000] {processor.py:925} INFO - DAG(s) 'example_dynamic_task_mapping_with_no_taskflow_operators' retrieved from /usr/local/python/3.12.1/lib/python3.12/site-packages/airflow/example_dags/example_dynamic_task_mapping_with_no_taskflow_operators.py
[2026-05-18T14:29:15.152+0000] {logging_mixin.py:190} INFO - [2026-05-18T14:29:15.152+0000] {dag.py:3239} INFO - Sync 1 DAGs
[2026-05-18T14:29:15.162+0000] {logging_mixin.py:190} INFO - [2026-05-18T14:29:15.162+0000] {dag.py:4180} INFO - Setting next_dagrun for example_dynamic_task_mapping_with_no_taskflow_operators to None, run_after=None
[2026-05-18T14:29:15.178+0000] {processor.py:208} INFO - Processing /usr/local/python/3.12.1/lib/python3.12/site-packages/airflow/example_dags/example_dynamic_task_mapping_with_no_taskflow_operators.py took 0.050 seconds
[2026-05-18T14:30:06.592+0000] {processor.py:186} INFO - Started process (PID=31656) to work on /usr/local/python/3.12.1/lib/python3.12/site-packages/airflow/example_dags/example_dynamic_task_mapping_with_no_taskflow_operators.py
[2026-05-18T14:30:06.593+0000] {processor.py:914} INFO - Processing file /usr/local/python/3.12.1/lib/python3.12/site-packages/airflow/example_dags/example_dynamic_task_mapping_with_no_taskflow_operators.py for tasks to queue
[2026-05-18T14:30:06.594+0000] {logging_mixin.py:190} INFO - [2026-05-18T14:30:06.594+0000] {dagbag.py:588} INFO - Filling up the DagBag from /usr/local/python/3.12.1/lib/python3.12/site-packages/airflow/example_dags/example_dynamic_task_mapping_with_no_taskflow_operators.py
[2026-05-18T14:30:06.601+0000] {processor.py:925} INFO - DAG(s) 'example_dynamic_task_mapping_with_no_taskflow_operators' retrieved from /usr/local/python/3.12.1/lib/python3.12/site-packages/airflow/example_dags/example_dynamic_task_mapping_with_no_taskflow_operators.py
[2026-05-18T14:30:06.612+0000] {logging_mixin.py:190} INFO - [2026-05-18T14:30:06.612+0000] {dag.py:3239} INFO - Sync 1 DAGs
[2026-05-18T14:30:06.623+0000] {logging_mixin.py:190} INFO - [2026-05-18T14:30:06.622+0000] {dag.py:4180} INFO - Setting next_dagrun for example_dynamic_task_mapping_with_no_taskflow_operators to None, run_after=None
[2026-05-18T14:30:06.638+0000] {processor.py:208} INFO - Processing /usr/local/python/3.12.1/lib/python3.12/site-packages/airflow/example_dags/example_dynamic_task_mapping_with_no_taskflow_operators.py took 0.050 seconds
[2026-05-18T14:30:56.599+0000] {processor.py:186} INFO - Started process (PID=32163) to work on /usr/local/python/3.12.1/lib/python3.12/site-packages/airflow/example_dags/example_dynamic_task_mapping_with_no_taskflow_operators.py
[2026-05-18T14:30:56.599+0000] {processor.py:914} INFO - Processing file /usr/local/python/3.12.1/lib/python3.12/site-packages/airflow/example_dags/example_dynamic_task_mapping_with_no_taskflow_operators.py for tasks to queue
[2026-05-18T14:30:56.601+0000] {logging_mixin.py:190} INFO - [2026-05-18T14:30:56.601+0000] {dagbag.py:588} INFO - Filling up the DagBag from /usr/local/python/3.12.1/lib/python3.12/site-packages/airflow/example_dags/example_dynamic_task_mapping_with_no_taskflow_operators.py
[2026-05-18T14:30:56.614+0000] {processor.py:925} INFO - DAG(s) 'example_dynamic_task_mapping_with_no_taskflow_operators' retrieved from /usr/local/python/3.12.1/lib/python3.12/site-packages/airflow/example_dags/example_dynamic_task_mapping_with_no_taskflow_operators.py
[2026-05-18T14:30:56.630+0000] {logging_mixin.py:190} INFO - [2026-05-18T14:30:56.630+0000] {dag.py:3239} INFO - Sync 1 DAGs
[2026-05-18T14:30:56.640+0000] {logging_mixin.py:190} INFO - [2026-05-18T14:30:56.640+0000] {dag.py:4180} INFO - Setting next_dagrun for example_dynamic_task_mapping_with_no_taskflow_operators to None, run_after=None
[2026-05-18T14:30:56.655+0000] {processor.py:208} INFO - Processing /usr/local/python/3.12.1/lib/python3.12/site-packages/airflow/example_dags/example_dynamic_task_mapping_with_no_taskflow_operators.py took 0.064 seconds
[2026-05-18T14:32:08.239+0000] {processor.py:186} INFO - Started process (PID=32783) to work on /usr/local/python/3.12.1/lib/python3.12/site-packages/airflow/example_dags/example_dynamic_task_mapping_with_no_taskflow_operators.py
[2026-05-18T14:32:08.240+0000] {processor.py:914} INFO - Processing file /usr/local/python/3.12.1/lib/python3.12/site-packages/airflow/example_dags/example_dynamic_task_mapping_with_no_taskflow_operators.py for tasks to queue
[2026-05-18T14:32:08.241+0000] {logging_mixin.py:190} INFO - [2026-05-18T14:32:08.241+0000] {dagbag.py:588} INFO - Filling up the DagBag from /usr/local/python/3.12.1/lib/python3.12/site-packages/airflow/example_dags/example_dynamic_task_mapping_with_no_taskflow_operators.py
[2026-05-18T14:32:08.248+0000] {processor.py:925} INFO - DAG(s) 'example_dynamic_task_mapping_with_no_taskflow_operators' retrieved from /usr/local/python/3.12.1/lib/python3.12/site-packages/airflow/example_dags/example_dynamic_task_mapping_with_no_taskflow_operators.py
[2026-05-18T14:32:08.259+0000] {logging_mixin.py:190} INFO - [2026-05-18T14:32:08.259+0000] {dag.py:3239} INFO - Sync 1 DAGs
[2026-05-18T14:32:08.269+0000] {logging_mixin.py:190} INFO - [2026-05-18T14:32:08.269+0000] {dag.py:4180} INFO - Setting next_dagrun for example_dynamic_task_mapping_with_no_taskflow_operators to None, run_after=None
[2026-05-18T14:32:08.285+0000] {processor.py:208} INFO - Processing /usr/local/python/3.12.1/lib/python3.12/site-packages/airflow/example_dags/example_dynamic_task_mapping_with_no_taskflow_operators.py took 0.050 seconds
[2026-05-18T14:33:23.459+0000] {processor.py:186} INFO - Started process (PID=33405) to work on /usr/local/python/3.12.1/lib/python3.12/site-packages/airflow/example_dags/example_dynamic_task_mapping_with_no_taskflow_operators.py
[2026-05-18T14:33:23.460+0000] {processor.py:914} INFO - Processing file /usr/local/python/3.12.1/lib/python3.12/site-packages/airflow/example_dags/example_dynamic_task_mapping_with_no_taskflow_operators.py for tasks to queue
[2026-05-18T14:33:23.461+0000] {logging_mixin.py:190} INFO - [2026-05-18T14:33:23.461+0000] {dagbag.py:588} INFO - Filling up the DagBag from /usr/local/python/3.12.1/lib/python3.12/site-packages/airflow/example_dags/example_dynamic_task_mapping_with_no_taskflow_operators.py
[2026-05-18T14:33:23.468+0000] {processor.py:925} INFO - DAG(s) 'example_dynamic_task_mapping_with_no_taskflow_operators' retrieved from /usr/local/python/3.12.1/lib/python3.12/site-packages/airflow/example_dags/example_dynamic_task_mapping_with_no_taskflow_operators.py
[2026-05-18T14:33:23.479+0000] {logging_mixin.py:190} INFO - [2026-05-18T14:33:23.479+0000] {dag.py:3239} INFO - Sync 1 DAGs
[2026-05-18T14:33:23.490+0000] {logging_mixin.py:190} INFO - [2026-05-18T14:33:23.489+0000] {dag.py:4180} INFO - Setting next_dagrun for example_dynamic_task_mapping_with_no_taskflow_operators to None, run_after=None
[2026-05-18T14:33:23.507+0000] {processor.py:208} INFO - Processing /usr/local/python/3.12.1/lib/python3.12/site-packages/airflow/example_dags/example_dynamic_task_mapping_with_no_taskflow_operators.py took 0.052 seconds
[2026-05-18T14:34:13.361+0000] {processor.py:186} INFO - Started process (PID=33846) to work on /usr/local/python/3.12.1/lib/python3.12/site-packages/airflow/example_dags/example_dynamic_task_mapping_with_no_taskflow_operators.py
[2026-05-18T14:34:13.362+0000] {processor.py:914} INFO - Processing file /usr/local/python/3.12.1/lib/python3.12/site-packages/airflow/example_dags/example_dynamic_task_mapping_with_no_taskflow_operators.py for tasks to queue
[2026-05-18T14:34:13.364+0000] {logging_mixin.py:190} INFO - [2026-05-18T14:34:13.363+0000] {dagbag.py:588} INFO - Filling up the DagBag from /usr/local/python/3.12.1/lib/python3.12/site-packages/airflow/example_dags/example_dynamic_task_mapping_with_no_taskflow_operators.py
[2026-05-18T14:34:13.370+0000] {processor.py:925} INFO - DAG(s) 'example_dynamic_task_mapping_with_no_taskflow_operators' retrieved from /usr/local/python/3.12.1/lib/python3.12/site-packages/airflow/example_dags/example_dynamic_task_mapping_with_no_taskflow_operators.py
[2026-05-18T14:34:13.381+0000] {logging_mixin.py:190} INFO - [2026-05-18T14:34:13.381+0000] {dag.py:3239} INFO - Sync 1 DAGs
[2026-05-18T14:34:13.391+0000] {logging_mixin.py:190} INFO - [2026-05-18T14:34:13.391+0000] {dag.py:4180} INFO - Setting next_dagrun for example_dynamic_task_mapping_with_no_taskflow_operators to None, run_after=None
[2026-05-18T14:34:13.408+0000] {processor.py:208} INFO - Processing /usr/local/python/3.12.1/lib/python3.12/site-packages/airflow/example_dags/example_dynamic_task_mapping_with_no_taskflow_operators.py took 0.051 seconds
[2026-05-18T14:35:22.012+0000] {processor.py:186} INFO - Started process (PID=34446) to work on /usr/local/python/3.12.1/lib/python3.12/site-packages/airflow/example_dags/example_dynamic_task_mapping_with_no_taskflow_operators.py
[2026-05-18T14:35:22.013+0000] {processor.py:914} INFO - Processing file /usr/local/python/3.12.1/lib/python3.12/site-packages/airflow/example_dags/example_dynamic_task_mapping_with_no_taskflow_operators.py for tasks to queue
[2026-05-18T14:35:22.015+0000] {logging_mixin.py:190} INFO - [2026-05-18T14:35:22.014+0000] {dagbag.py:588} INFO - Filling up the DagBag from /usr/local/python/3.12.1/lib/python3.12/site-packages/airflow/example_dags/example_dynamic_task_mapping_with_no_taskflow_operators.py
[2026-05-18T14:35:22.022+0000] {processor.py:925} INFO - DAG(s) 'example_dynamic_task_mapping_with_no_taskflow_operators' retrieved from /usr/local/python/3.12.1/lib/python3.12/site-packages/airflow/example_dags/example_dynamic_task_mapping_with_no_taskflow_operators.py
[2026-05-18T14:35:22.036+0000] {logging_mixin.py:190} INFO - [2026-05-18T14:35:22.036+0000] {dag.py:3239} INFO - Sync 1 DAGs
[2026-05-18T14:35:22.046+0000] {logging_mixin.py:190} INFO - [2026-05-18T14:35:22.046+0000] {dag.py:4180} INFO - Setting next_dagrun for example_dynamic_task_mapping_with_no_taskflow_operators to None, run_after=None
[2026-05-18T14:35:22.066+0000] {processor.py:208} INFO - Processing /usr/local/python/3.12.1/lib/python3.12/site-packages/airflow/example_dags/example_dynamic_task_mapping_with_no_taskflow_operators.py took 0.059 seconds
[2026-05-18T14:36:37.729+0000] {processor.py:186} INFO - Started process (PID=35141) to work on /usr/local/python/3.12.1/lib/python3.12/site-packages/airflow/example_dags/example_dynamic_task_mapping_with_no_taskflow_operators.py
[2026-05-18T14:36:37.730+0000] {processor.py:914} INFO - Processing file /usr/local/python/3.12.1/lib/python3.12/site-packages/airflow/example_dags/example_dynamic_task_mapping_with_no_taskflow_operators.py for tasks to queue
[2026-05-18T14:36:37.731+0000] {logging_mixin.py:190} INFO - [2026-05-18T14:36:37.731+0000] {dagbag.py:588} INFO - Filling up the DagBag from /usr/local/python/3.12.1/lib/python3.12/site-packages/airflow/example_dags/example_dynamic_task_mapping_with_no_taskflow_operators.py
[2026-05-18T14:36:37.737+0000] {processor.py:925} INFO - DAG(s) 'example_dynamic_task_mapping_with_no_taskflow_operators' retrieved from /usr/local/python/3.12.1/lib/python3.12/site-packages/airflow/example_dags/example_dynamic_task_mapping_with_no_taskflow_operators.py
[2026-05-18T14:36:37.748+0000] {logging_mixin.py:190} INFO - [2026-05-18T14:36:37.748+0000] {dag.py:3239} INFO - Sync 1 DAGs
[2026-05-18T14:36:37.758+0000] {logging_mixin.py:190} INFO - [2026-05-18T14:36:37.758+0000] {dag.py:4180} INFO - Setting next_dagrun for example_dynamic_task_mapping_with_no_taskflow_operators to None, run_after=None
[2026-05-18T14:36:37.776+0000] {processor.py:208} INFO - Processing /usr/local/python/3.12.1/lib/python3.12/site-packages/airflow/example_dags/example_dynamic_task_mapping_with_no_taskflow_operators.py took 0.051 seconds
[2026-05-18T14:37:28.959+0000] {processor.py:186} INFO - Started process (PID=35594) to work on /usr/local/python/3.12.1/lib/python3.12/site-packages/airflow/example_dags/example_dynamic_task_mapping_with_no_taskflow_operators.py
[2026-05-18T14:37:28.960+0000] {processor.py:914} INFO - Processing file /usr/local/python/3.12.1/lib/python3.12/site-packages/airflow/example_dags/example_dynamic_task_mapping_with_no_taskflow_operators.py for tasks to queue
[2026-05-18T14:37:28.961+0000] {logging_mixin.py:190} INFO - [2026-05-18T14:37:28.961+0000] {dagbag.py:588} INFO - Filling up the DagBag from /usr/local/python/3.12.1/lib/python3.12/site-packages/airflow/example_dags/example_dynamic_task_mapping_with_no_taskflow_operators.py
[2026-05-18T14:37:28.968+0000] {processor.py:925} INFO - DAG(s) 'example_dynamic_task_mapping_with_no_taskflow_operators' retrieved from /usr/local/python/3.12.1/lib/python3.12/site-packages/airflow/example_dags/example_dynamic_task_mapping_with_no_taskflow_operators.py
[2026-05-18T14:37:28.979+0000] {logging_mixin.py:190} INFO - [2026-05-18T14:37:28.979+0000] {dag.py:3239} INFO - Sync 1 DAGs
[2026-05-18T14:37:28.990+0000] {logging_mixin.py:190} INFO - [2026-05-18T14:37:28.989+0000] {dag.py:4180} INFO - Setting next_dagrun for example_dynamic_task_mapping_with_no_taskflow_operators to None, run_after=None
[2026-05-18T14:37:29.007+0000] {processor.py:208} INFO - Processing /usr/local/python/3.12.1/lib/python3.12/site-packages/airflow/example_dags/example_dynamic_task_mapping_with_no_taskflow_operators.py took 0.052 seconds
[2026-05-18T14:38:21.002+0000] {processor.py:186} INFO - Started process (PID=36073) to work on /usr/local/python/3.12.1/lib/python3.12/site-packages/airflow/example_dags/example_dynamic_task_mapping_with_no_taskflow_operators.py
[2026-05-18T14:38:21.004+0000] {processor.py:914} INFO - Processing file /usr/local/python/3.12.1/lib/python3.12/site-packages/airflow/example_dags/example_dynamic_task_mapping_with_no_taskflow_operators.py for tasks to queue
[2026-05-18T14:38:21.005+0000] {logging_mixin.py:190} INFO - [2026-05-18T14:38:21.005+0000] {dagbag.py:588} INFO - Filling up the DagBag from /usr/local/python/3.12.1/lib/python3.12/site-packages/airflow/example_dags/example_dynamic_task_mapping_with_no_taskflow_operators.py
[2026-05-18T14:38:21.012+0000] {processor.py:925} INFO - DAG(s) 'example_dynamic_task_mapping_with_no_taskflow_operators' retrieved from /usr/local/python/3.12.1/lib/python3.12/site-packages/airflow/example_dags/example_dynamic_task_mapping_with_no_taskflow_operators.py
[2026-05-18T14:38:21.024+0000] {logging_mixin.py:190} INFO - [2026-05-18T14:38:21.024+0000] {dag.py:3239} INFO - Sync 1 DAGs
[2026-05-18T14:38:21.034+0000] {logging_mixin.py:190} INFO - [2026-05-18T14:38:21.034+0000] {dag.py:4180} INFO - Setting next_dagrun for example_dynamic_task_mapping_with_no_taskflow_operators to None, run_after=None
[2026-05-18T14:38:21.051+0000] {processor.py:208} INFO - Processing /usr/local/python/3.12.1/lib/python3.12/site-packages/airflow/example_dags/example_dynamic_task_mapping_with_no_taskflow_operators.py took 0.053 seconds
[2026-05-18T14:39:12.994+0000] {processor.py:186} INFO - Started process (PID=36531) to work on /usr/local/python/3.12.1/lib/python3.12/site-packages/airflow/example_dags/example_dynamic_task_mapping_with_no_taskflow_operators.py
[2026-05-18T14:39:12.994+0000] {processor.py:914} INFO - Processing file /usr/local/python/3.12.1/lib/python3.12/site-packages/airflow/example_dags/example_dynamic_task_mapping_with_no_taskflow_operators.py for tasks to queue
[2026-05-18T14:39:12.997+0000] {logging_mixin.py:190} INFO - [2026-05-18T14:39:12.996+0000] {dagbag.py:588} INFO - Filling up the DagBag from /usr/local/python/3.12.1/lib/python3.12/site-packages/airflow/example_dags/example_dynamic_task_mapping_with_no_taskflow_operators.py
[2026-05-18T14:39:13.003+0000] {processor.py:925} INFO - DAG(s) 'example_dynamic_task_mapping_with_no_taskflow_operators' retrieved from /usr/local/python/3.12.1/lib/python3.12/site-packages/airflow/example_dags/example_dynamic_task_mapping_with_no_taskflow_operators.py
[2026-05-18T14:39:13.015+0000] {logging_mixin.py:190} INFO - [2026-05-18T14:39:13.015+0000] {dag.py:3239} INFO - Sync 1 DAGs
[2026-05-18T14:39:13.025+0000] {logging_mixin.py:190} INFO - [2026-05-18T14:39:13.025+0000] {dag.py:4180} INFO - Setting next_dagrun for example_dynamic_task_mapping_with_no_taskflow_operators to None, run_after=None
[2026-05-18T14:39:13.042+0000] {processor.py:208} INFO - Processing /usr/local/python/3.12.1/lib/python3.12/site-packages/airflow/example_dags/example_dynamic_task_mapping_with_no_taskflow_operators.py took 0.053 seconds
[2026-05-18T14:40:03.623+0000] {processor.py:186} INFO - Started process (PID=36976) to work on /usr/local/python/3.12.1/lib/python3.12/site-packages/airflow/example_dags/example_dynamic_task_mapping_with_no_taskflow_operators.py
[2026-05-18T14:40:03.624+0000] {processor.py:914} INFO - Processing file /usr/local/python/3.12.1/lib/python3.12/site-packages/airflow/example_dags/example_dynamic_task_mapping_with_no_taskflow_operators.py for tasks to queue
[2026-05-18T14:40:03.626+0000] {logging_mixin.py:190} INFO - [2026-05-18T14:40:03.626+0000] {dagbag.py:588} INFO - Filling up the DagBag from /usr/local/python/3.12.1/lib/python3.12/site-packages/airflow/example_dags/example_dynamic_task_mapping_with_no_taskflow_operators.py
[2026-05-18T14:40:03.632+0000] {processor.py:925} INFO - DAG(s) 'example_dynamic_task_mapping_with_no_taskflow_operators' retrieved from /usr/local/python/3.12.1/lib/python3.12/site-packages/airflow/example_dags/example_dynamic_task_mapping_with_no_taskflow_operators.py
[2026-05-18T14:40:03.644+0000] {logging_mixin.py:190} INFO - [2026-05-18T14:40:03.643+0000] {dag.py:3239} INFO - Sync 1 DAGs
[2026-05-18T14:40:03.653+0000] {logging_mixin.py:190} INFO - [2026-05-18T14:40:03.653+0000] {dag.py:4180} INFO - Setting next_dagrun for example_dynamic_task_mapping_with_no_taskflow_operators to None, run_after=None
[2026-05-18T14:40:03.671+0000] {processor.py:208} INFO - Processing /usr/local/python/3.12.1/lib/python3.12/site-packages/airflow/example_dags/example_dynamic_task_mapping_with_no_taskflow_operators.py took 0.051 seconds
[2026-05-18T14:40:54.775+0000] {processor.py:186} INFO - Started process (PID=37491) to work on /usr/local/python/3.12.1/lib/python3.12/site-packages/airflow/example_dags/example_dynamic_task_mapping_with_no_taskflow_operators.py
[2026-05-18T14:40:54.781+0000] {processor.py:914} INFO - Processing file /usr/local/python/3.12.1/lib/python3.12/site-packages/airflow/example_dags/example_dynamic_task_mapping_with_no_taskflow_operators.py for tasks to queue
[2026-05-18T14:40:54.783+0000] {logging_mixin.py:190} INFO - [2026-05-18T14:40:54.783+0000] {dagbag.py:588} INFO - Filling up the DagBag from /usr/local/python/3.12.1/lib/python3.12/site-packages/airflow/example_dags/example_dynamic_task_mapping_with_no_taskflow_operators.py
[2026-05-18T14:40:54.793+0000] {processor.py:925} INFO - DAG(s) 'example_dynamic_task_mapping_with_no_taskflow_operators' retrieved from /usr/local/python/3.12.1/lib/python3.12/site-packages/airflow/example_dags/example_dynamic_task_mapping_with_no_taskflow_operators.py
[2026-05-18T14:40:54.811+0000] {logging_mixin.py:190} INFO - [2026-05-18T14:40:54.811+0000] {dag.py:3239} INFO - Sync 1 DAGs
[2026-05-18T14:40:54.838+0000] {logging_mixin.py:190} INFO - [2026-05-18T14:40:54.838+0000] {dag.py:4180} INFO - Setting next_dagrun for example_dynamic_task_mapping_with_no_taskflow_operators to None, run_after=None
[2026-05-18T14:40:54.859+0000] {processor.py:208} INFO - Processing /usr/local/python/3.12.1/lib/python3.12/site-packages/airflow/example_dags/example_dynamic_task_mapping_with_no_taskflow_operators.py took 0.099 seconds
[2026-05-18T14:42:07.985+0000] {processor.py:186} INFO - Started process (PID=38115) to work on /usr/local/python/3.12.1/lib/python3.12/site-packages/airflow/example_dags/example_dynamic_task_mapping_with_no_taskflow_operators.py
[2026-05-18T14:42:07.985+0000] {processor.py:914} INFO - Processing file /usr/local/python/3.12.1/lib/python3.12/site-packages/airflow/example_dags/example_dynamic_task_mapping_with_no_taskflow_operators.py for tasks to queue
[2026-05-18T14:42:07.987+0000] {logging_mixin.py:190} INFO - [2026-05-18T14:42:07.987+0000] {dagbag.py:588} INFO - Filling up the DagBag from /usr/local/python/3.12.1/lib/python3.12/site-packages/airflow/example_dags/example_dynamic_task_mapping_with_no_taskflow_operators.py
[2026-05-18T14:42:07.993+0000] {processor.py:925} INFO - DAG(s) 'example_dynamic_task_mapping_with_no_taskflow_operators' retrieved from /usr/local/python/3.12.1/lib/python3.12/site-packages/airflow/example_dags/example_dynamic_task_mapping_with_no_taskflow_operators.py
[2026-05-18T14:42:08.005+0000] {logging_mixin.py:190} INFO - [2026-05-18T14:42:08.005+0000] {dag.py:3239} INFO - Sync 1 DAGs
[2026-05-18T14:42:08.015+0000] {logging_mixin.py:190} INFO - [2026-05-18T14:42:08.015+0000] {dag.py:4180} INFO - Setting next_dagrun for example_dynamic_task_mapping_with_no_taskflow_operators to None, run_after=None
[2026-05-18T14:42:08.033+0000] {processor.py:208} INFO - Processing /usr/local/python/3.12.1/lib/python3.12/site-packages/airflow/example_dags/example_dynamic_task_mapping_with_no_taskflow_operators.py took 0.054 seconds
[2026-05-18T14:42:58.559+0000] {processor.py:186} INFO - Started process (PID=38564) to work on /usr/local/python/3.12.1/lib/python3.12/site-packages/airflow/example_dags/example_dynamic_task_mapping_with_no_taskflow_operators.py
[2026-05-18T14:42:58.560+0000] {processor.py:914} INFO - Processing file /usr/local/python/3.12.1/lib/python3.12/site-packages/airflow/example_dags/example_dynamic_task_mapping_with_no_taskflow_operators.py for tasks to queue
[2026-05-18T14:42:58.561+0000] {logging_mixin.py:190} INFO - [2026-05-18T14:42:58.561+0000] {dagbag.py:588} INFO - Filling up the DagBag from /usr/local/python/3.12.1/lib/python3.12/site-packages/airflow/example_dags/example_dynamic_task_mapping_with_no_taskflow_operators.py
[2026-05-18T14:42:58.569+0000] {processor.py:925} INFO - DAG(s) 'example_dynamic_task_mapping_with_no_taskflow_operators' retrieved from /usr/local/python/3.12.1/lib/python3.12/site-packages/airflow/example_dags/example_dynamic_task_mapping_with_no_taskflow_operators.py
[2026-05-18T14:42:58.585+0000] {logging_mixin.py:190} INFO - [2026-05-18T14:42:58.585+0000] {dag.py:3239} INFO - Sync 1 DAGs
[2026-05-18T14:42:58.595+0000] {logging_mixin.py:190} INFO - [2026-05-18T14:42:58.595+0000] {dag.py:4180} INFO - Setting next_dagrun for example_dynamic_task_mapping_with_no_taskflow_operators to None, run_after=None
[2026-05-18T14:42:58.612+0000] {processor.py:208} INFO - Processing /usr/local/python/3.12.1/lib/python3.12/site-packages/airflow/example_dags/example_dynamic_task_mapping_with_no_taskflow_operators.py took 0.058 seconds
[2026-05-18T14:43:50.385+0000] {processor.py:186} INFO - Started process (PID=39028) to work on /usr/local/python/3.12.1/lib/python3.12/site-packages/airflow/example_dags/example_dynamic_task_mapping_with_no_taskflow_operators.py
[2026-05-18T14:43:50.385+0000] {processor.py:914} INFO - Processing file /usr/local/python/3.12.1/lib/python3.12/site-packages/airflow/example_dags/example_dynamic_task_mapping_with_no_taskflow_operators.py for tasks to queue
[2026-05-18T14:43:50.387+0000] {logging_mixin.py:190} INFO - [2026-05-18T14:43:50.387+0000] {dagbag.py:588} INFO - Filling up the DagBag from /usr/local/python/3.12.1/lib/python3.12/site-packages/airflow/example_dags/example_dynamic_task_mapping_with_no_taskflow_operators.py
[2026-05-18T14:43:50.395+0000] {processor.py:925} INFO - DAG(s) 'example_dynamic_task_mapping_with_no_taskflow_operators' retrieved from /usr/local/python/3.12.1/lib/python3.12/site-packages/airflow/example_dags/example_dynamic_task_mapping_with_no_taskflow_operators.py
[2026-05-18T14:43:50.414+0000] {logging_mixin.py:190} INFO - [2026-05-18T14:43:50.414+0000] {dag.py:3239} INFO - Sync 1 DAGs
[2026-05-18T14:43:50.428+0000] {logging_mixin.py:190} INFO - [2026-05-18T14:43:50.428+0000] {dag.py:4180} INFO - Setting next_dagrun for example_dynamic_task_mapping_with_no_taskflow_operators to None, run_after=None
[2026-05-18T14:43:50.445+0000] {processor.py:208} INFO - Processing /usr/local/python/3.12.1/lib/python3.12/site-packages/airflow/example_dags/example_dynamic_task_mapping_with_no_taskflow_operators.py took 0.065 seconds
[2026-05-18T14:45:03.585+0000] {processor.py:186} INFO - Started process (PID=39647) to work on /usr/local/python/3.12.1/lib/python3.12/site-packages/airflow/example_dags/example_dynamic_task_mapping_with_no_taskflow_operators.py
[2026-05-18T14:45:03.585+0000] {processor.py:914} INFO - Processing file /usr/local/python/3.12.1/lib/python3.12/site-packages/airflow/example_dags/example_dynamic_task_mapping_with_no_taskflow_operators.py for tasks to queue
[2026-05-18T14:45:03.587+0000] {logging_mixin.py:190} INFO - [2026-05-18T14:45:03.587+0000] {dagbag.py:588} INFO - Filling up the DagBag from /usr/local/python/3.12.1/lib/python3.12/site-packages/airflow/example_dags/example_dynamic_task_mapping_with_no_taskflow_operators.py
[2026-05-18T14:45:03.594+0000] {processor.py:925} INFO - DAG(s) 'example_dynamic_task_mapping_with_no_taskflow_operators' retrieved from /usr/local/python/3.12.1/lib/python3.12/site-packages/airflow/example_dags/example_dynamic_task_mapping_with_no_taskflow_operators.py
[2026-05-18T14:45:03.606+0000] {logging_mixin.py:190} INFO - [2026-05-18T14:45:03.606+0000] {dag.py:3239} INFO - Sync 1 DAGs
[2026-05-18T14:45:03.616+0000] {logging_mixin.py:190} INFO - [2026-05-18T14:45:03.616+0000] {dag.py:4180} INFO - Setting next_dagrun for example_dynamic_task_mapping_with_no_taskflow_operators to None, run_after=None
[2026-05-18T14:45:03.633+0000] {processor.py:208} INFO - Processing /usr/local/python/3.12.1/lib/python3.12/site-packages/airflow/example_dags/example_dynamic_task_mapping_with_no_taskflow_operators.py took 0.054 seconds
[2026-05-18T14:45:54.144+0000] {processor.py:186} INFO - Started process (PID=40122) to work on /usr/local/python/3.12.1/lib/python3.12/site-packages/airflow/example_dags/example_dynamic_task_mapping_with_no_taskflow_operators.py
[2026-05-18T14:45:54.145+0000] {processor.py:914} INFO - Processing file /usr/local/python/3.12.1/lib/python3.12/site-packages/airflow/example_dags/example_dynamic_task_mapping_with_no_taskflow_operators.py for tasks to queue
[2026-05-18T14:45:54.148+0000] {logging_mixin.py:190} INFO - [2026-05-18T14:45:54.147+0000] {dagbag.py:588} INFO - Filling up the DagBag from /usr/local/python/3.12.1/lib/python3.12/site-packages/airflow/example_dags/example_dynamic_task_mapping_with_no_taskflow_operators.py
[2026-05-18T14:45:54.157+0000] {processor.py:925} INFO - DAG(s) 'example_dynamic_task_mapping_with_no_taskflow_operators' retrieved from /usr/local/python/3.12.1/lib/python3.12/site-packages/airflow/example_dags/example_dynamic_task_mapping_with_no_taskflow_operators.py
[2026-05-18T14:45:54.176+0000] {logging_mixin.py:190} INFO - [2026-05-18T14:45:54.175+0000] {dag.py:3239} INFO - Sync 1 DAGs
[2026-05-18T14:45:54.191+0000] {logging_mixin.py:190} INFO - [2026-05-18T14:45:54.191+0000] {dag.py:4180} INFO - Setting next_dagrun for example_dynamic_task_mapping_with_no_taskflow_operators to None, run_after=None
[2026-05-18T14:45:54.209+0000] {processor.py:208} INFO - Processing /usr/local/python/3.12.1/lib/python3.12/site-packages/airflow/example_dags/example_dynamic_task_mapping_with_no_taskflow_operators.py took 0.071 seconds
[2026-05-18T14:46:44.924+0000] {processor.py:186} INFO - Started process (PID=40552) to work on /usr/local/python/3.12.1/lib/python3.12/site-packages/airflow/example_dags/example_dynamic_task_mapping_with_no_taskflow_operators.py
[2026-05-18T14:46:44.925+0000] {processor.py:914} INFO - Processing file /usr/local/python/3.12.1/lib/python3.12/site-packages/airflow/example_dags/example_dynamic_task_mapping_with_no_taskflow_operators.py for tasks to queue
[2026-05-18T14:46:44.927+0000] {logging_mixin.py:190} INFO - [2026-05-18T14:46:44.926+0000] {dagbag.py:588} INFO - Filling up the DagBag from /usr/local/python/3.12.1/lib/python3.12/site-packages/airflow/example_dags/example_dynamic_task_mapping_with_no_taskflow_operators.py
[2026-05-18T14:46:44.933+0000] {processor.py:925} INFO - DAG(s) 'example_dynamic_task_mapping_with_no_taskflow_operators' retrieved from /usr/local/python/3.12.1/lib/python3.12/site-packages/airflow/example_dags/example_dynamic_task_mapping_with_no_taskflow_operators.py
[2026-05-18T14:46:44.944+0000] {logging_mixin.py:190} INFO - [2026-05-18T14:46:44.944+0000] {dag.py:3239} INFO - Sync 1 DAGs
[2026-05-18T14:46:44.953+0000] {logging_mixin.py:190} INFO - [2026-05-18T14:46:44.953+0000] {dag.py:4180} INFO - Setting next_dagrun for example_dynamic_task_mapping_with_no_taskflow_operators to None, run_after=None
[2026-05-18T14:46:44.970+0000] {processor.py:208} INFO - Processing /usr/local/python/3.12.1/lib/python3.12/site-packages/airflow/example_dags/example_dynamic_task_mapping_with_no_taskflow_operators.py took 0.050 seconds
[2026-05-18T14:47:37.522+0000] {processor.py:186} INFO - Started process (PID=41015) to work on /usr/local/python/3.12.1/lib/python3.12/site-packages/airflow/example_dags/example_dynamic_task_mapping_with_no_taskflow_operators.py
[2026-05-18T14:47:37.523+0000] {processor.py:914} INFO - Processing file /usr/local/python/3.12.1/lib/python3.12/site-packages/airflow/example_dags/example_dynamic_task_mapping_with_no_taskflow_operators.py for tasks to queue
[2026-05-18T14:47:37.526+0000] {logging_mixin.py:190} INFO - [2026-05-18T14:47:37.526+0000] {dagbag.py:588} INFO - Filling up the DagBag from /usr/local/python/3.12.1/lib/python3.12/site-packages/airflow/example_dags/example_dynamic_task_mapping_with_no_taskflow_operators.py
[2026-05-18T14:47:37.536+0000] {processor.py:925} INFO - DAG(s) 'example_dynamic_task_mapping_with_no_taskflow_operators' retrieved from /usr/local/python/3.12.1/lib/python3.12/site-packages/airflow/example_dags/example_dynamic_task_mapping_with_no_taskflow_operators.py
[2026-05-18T14:47:37.553+0000] {logging_mixin.py:190} INFO - [2026-05-18T14:47:37.553+0000] {dag.py:3239} INFO - Sync 1 DAGs
[2026-05-18T14:47:37.564+0000] {logging_mixin.py:190} INFO - [2026-05-18T14:47:37.564+0000] {dag.py:4180} INFO - Setting next_dagrun for example_dynamic_task_mapping_with_no_taskflow_operators to None, run_after=None
[2026-05-18T14:47:37.581+0000] {processor.py:208} INFO - Processing /usr/local/python/3.12.1/lib/python3.12/site-packages/airflow/example_dags/example_dynamic_task_mapping_with_no_taskflow_operators.py took 0.065 seconds
[2026-05-18T14:48:29.094+0000] {processor.py:186} INFO - Started process (PID=41471) to work on /usr/local/python/3.12.1/lib/python3.12/site-packages/airflow/example_dags/example_dynamic_task_mapping_with_no_taskflow_operators.py
[2026-05-18T14:48:29.095+0000] {processor.py:914} INFO - Processing file /usr/local/python/3.12.1/lib/python3.12/site-packages/airflow/example_dags/example_dynamic_task_mapping_with_no_taskflow_operators.py for tasks to queue
[2026-05-18T14:48:29.097+0000] {logging_mixin.py:190} INFO - [2026-05-18T14:48:29.097+0000] {dagbag.py:588} INFO - Filling up the DagBag from /usr/local/python/3.12.1/lib/python3.12/site-packages/airflow/example_dags/example_dynamic_task_mapping_with_no_taskflow_operators.py
[2026-05-18T14:48:29.104+0000] {processor.py:925} INFO - DAG(s) 'example_dynamic_task_mapping_with_no_taskflow_operators' retrieved from /usr/local/python/3.12.1/lib/python3.12/site-packages/airflow/example_dags/example_dynamic_task_mapping_with_no_taskflow_operators.py
[2026-05-18T14:48:29.116+0000] {logging_mixin.py:190} INFO - [2026-05-18T14:48:29.116+0000] {dag.py:3239} INFO - Sync 1 DAGs
[2026-05-18T14:48:29.127+0000] {logging_mixin.py:190} INFO - [2026-05-18T14:48:29.127+0000] {dag.py:4180} INFO - Setting next_dagrun for example_dynamic_task_mapping_with_no_taskflow_operators to None, run_after=None
[2026-05-18T14:48:29.144+0000] {processor.py:208} INFO - Processing /usr/local/python/3.12.1/lib/python3.12/site-packages/airflow/example_dags/example_dynamic_task_mapping_with_no_taskflow_operators.py took 0.054 seconds
[2026-05-18T14:49:22.335+0000] {processor.py:186} INFO - Started process (PID=41933) to work on /usr/local/python/3.12.1/lib/python3.12/site-packages/airflow/example_dags/example_dynamic_task_mapping_with_no_taskflow_operators.py
[2026-05-18T14:49:22.336+0000] {processor.py:914} INFO - Processing file /usr/local/python/3.12.1/lib/python3.12/site-packages/airflow/example_dags/example_dynamic_task_mapping_with_no_taskflow_operators.py for tasks to queue
[2026-05-18T14:49:22.338+0000] {logging_mixin.py:190} INFO - [2026-05-18T14:49:22.338+0000] {dagbag.py:588} INFO - Filling up the DagBag from /usr/local/python/3.12.1/lib/python3.12/site-packages/airflow/example_dags/example_dynamic_task_mapping_with_no_taskflow_operators.py
[2026-05-18T14:49:22.344+0000] {processor.py:925} INFO - DAG(s) 'example_dynamic_task_mapping_with_no_taskflow_operators' retrieved from /usr/local/python/3.12.1/lib/python3.12/site-packages/airflow/example_dags/example_dynamic_task_mapping_with_no_taskflow_operators.py
[2026-05-18T14:49:22.357+0000] {logging_mixin.py:190} INFO - [2026-05-18T14:49:22.356+0000] {dag.py:3239} INFO - Sync 1 DAGs
[2026-05-18T14:49:22.374+0000] {logging_mixin.py:190} INFO - [2026-05-18T14:49:22.373+0000] {dag.py:4180} INFO - Setting next_dagrun for example_dynamic_task_mapping_with_no_taskflow_operators to None, run_after=None
[2026-05-18T14:49:22.393+0000] {processor.py:208} INFO - Processing /usr/local/python/3.12.1/lib/python3.12/site-packages/airflow/example_dags/example_dynamic_task_mapping_with_no_taskflow_operators.py took 0.062 seconds
[2026-05-18T14:50:15.327+0000] {processor.py:186} INFO - Started process (PID=42423) to work on /usr/local/python/3.12.1/lib/python3.12/site-packages/airflow/example_dags/example_dynamic_task_mapping_with_no_taskflow_operators.py
[2026-05-18T14:50:15.328+0000] {processor.py:914} INFO - Processing file /usr/local/python/3.12.1/lib/python3.12/site-packages/airflow/example_dags/example_dynamic_task_mapping_with_no_taskflow_operators.py for tasks to queue
[2026-05-18T14:50:15.330+0000] {logging_mixin.py:190} INFO - [2026-05-18T14:50:15.330+0000] {dagbag.py:588} INFO - Filling up the DagBag from /usr/local/python/3.12.1/lib/python3.12/site-packages/airflow/example_dags/example_dynamic_task_mapping_with_no_taskflow_operators.py
[2026-05-18T14:50:15.336+0000] {processor.py:925} INFO - DAG(s) 'example_dynamic_task_mapping_with_no_taskflow_operators' retrieved from /usr/local/python/3.12.1/lib/python3.12/site-packages/airflow/example_dags/example_dynamic_task_mapping_with_no_taskflow_operators.py
[2026-05-18T14:50:15.347+0000] {logging_mixin.py:190} INFO - [2026-05-18T14:50:15.347+0000] {dag.py:3239} INFO - Sync 1 DAGs
[2026-05-18T14:50:15.356+0000] {logging_mixin.py:190} INFO - [2026-05-18T14:50:15.356+0000] {dag.py:4180} INFO - Setting next_dagrun for example_dynamic_task_mapping_with_no_taskflow_operators to None, run_after=None
[2026-05-18T14:50:15.373+0000] {processor.py:208} INFO - Processing /usr/local/python/3.12.1/lib/python3.12/site-packages/airflow/example_dags/example_dynamic_task_mapping_with_no_taskflow_operators.py took 0.049 seconds
[2026-05-18T14:51:03.658+0000] {processor.py:186} INFO - Started process (PID=42903) to work on /usr/local/python/3.12.1/lib/python3.12/site-packages/airflow/example_dags/example_dynamic_task_mapping_with_no_taskflow_operators.py
[2026-05-18T14:51:03.658+0000] {processor.py:914} INFO - Processing file /usr/local/python/3.12.1/lib/python3.12/site-packages/airflow/example_dags/example_dynamic_task_mapping_with_no_taskflow_operators.py for tasks to queue
[2026-05-18T14:51:03.660+0000] {logging_mixin.py:190} INFO - [2026-05-18T14:51:03.660+0000] {dagbag.py:588} INFO - Filling up the DagBag from /usr/local/python/3.12.1/lib/python3.12/site-packages/airflow/example_dags/example_dynamic_task_mapping_with_no_taskflow_operators.py
[2026-05-18T14:51:03.667+0000] {processor.py:925} INFO - DAG(s) 'example_dynamic_task_mapping_with_no_taskflow_operators' retrieved from /usr/local/python/3.12.1/lib/python3.12/site-packages/airflow/example_dags/example_dynamic_task_mapping_with_no_taskflow_operators.py
[2026-05-18T14:51:03.682+0000] {logging_mixin.py:190} INFO - [2026-05-18T14:51:03.682+0000] {dag.py:3239} INFO - Sync 1 DAGs
[2026-05-18T14:51:03.694+0000] {logging_mixin.py:190} INFO - [2026-05-18T14:51:03.694+0000] {dag.py:4180} INFO - Setting next_dagrun for example_dynamic_task_mapping_with_no_taskflow_operators to None, run_after=None
[2026-05-18T14:51:03.713+0000] {processor.py:208} INFO - Processing /usr/local/python/3.12.1/lib/python3.12/site-packages/airflow/example_dags/example_dynamic_task_mapping_with_no_taskflow_operators.py took 0.059 seconds
[2026-05-18T14:51:54.237+0000] {processor.py:186} INFO - Started process (PID=43350) to work on /usr/local/python/3.12.1/lib/python3.12/site-packages/airflow/example_dags/example_dynamic_task_mapping_with_no_taskflow_operators.py
[2026-05-18T14:51:54.238+0000] {processor.py:914} INFO - Processing file /usr/local/python/3.12.1/lib/python3.12/site-packages/airflow/example_dags/example_dynamic_task_mapping_with_no_taskflow_operators.py for tasks to queue
[2026-05-18T14:51:54.241+0000] {logging_mixin.py:190} INFO - [2026-05-18T14:51:54.240+0000] {dagbag.py:588} INFO - Filling up the DagBag from /usr/local/python/3.12.1/lib/python3.12/site-packages/airflow/example_dags/example_dynamic_task_mapping_with_no_taskflow_operators.py
[2026-05-18T14:51:54.247+0000] {processor.py:925} INFO - DAG(s) 'example_dynamic_task_mapping_with_no_taskflow_operators' retrieved from /usr/local/python/3.12.1/lib/python3.12/site-packages/airflow/example_dags/example_dynamic_task_mapping_with_no_taskflow_operators.py
[2026-05-18T14:51:54.258+0000] {logging_mixin.py:190} INFO - [2026-05-18T14:51:54.258+0000] {dag.py:3239} INFO - Sync 1 DAGs
[2026-05-18T14:51:54.269+0000] {logging_mixin.py:190} INFO - [2026-05-18T14:51:54.269+0000] {dag.py:4180} INFO - Setting next_dagrun for example_dynamic_task_mapping_with_no_taskflow_operators to None, run_after=None
[2026-05-18T14:51:54.288+0000] {processor.py:208} INFO - Processing /usr/local/python/3.12.1/lib/python3.12/site-packages/airflow/example_dags/example_dynamic_task_mapping_with_no_taskflow_operators.py took 0.057 seconds
[2026-05-18T14:53:06.276+0000] {processor.py:186} INFO - Started process (PID=43970) to work on /usr/local/python/3.12.1/lib/python3.12/site-packages/airflow/example_dags/example_dynamic_task_mapping_with_no_taskflow_operators.py
[2026-05-18T14:53:06.277+0000] {processor.py:914} INFO - Processing file /usr/local/python/3.12.1/lib/python3.12/site-packages/airflow/example_dags/example_dynamic_task_mapping_with_no_taskflow_operators.py for tasks to queue
[2026-05-18T14:53:06.279+0000] {logging_mixin.py:190} INFO - [2026-05-18T14:53:06.278+0000] {dagbag.py:588} INFO - Filling up the DagBag from /usr/local/python/3.12.1/lib/python3.12/site-packages/airflow/example_dags/example_dynamic_task_mapping_with_no_taskflow_operators.py
[2026-05-18T14:53:06.286+0000] {processor.py:925} INFO - DAG(s) 'example_dynamic_task_mapping_with_no_taskflow_operators' retrieved from /usr/local/python/3.12.1/lib/python3.12/site-packages/airflow/example_dags/example_dynamic_task_mapping_with_no_taskflow_operators.py
[2026-05-18T14:53:06.298+0000] {logging_mixin.py:190} INFO - [2026-05-18T14:53:06.298+0000] {dag.py:3239} INFO - Sync 1 DAGs
[2026-05-18T14:53:06.308+0000] {logging_mixin.py:190} INFO - [2026-05-18T14:53:06.308+0000] {dag.py:4180} INFO - Setting next_dagrun for example_dynamic_task_mapping_with_no_taskflow_operators to None, run_after=None
[2026-05-18T14:53:06.323+0000] {processor.py:208} INFO - Processing /usr/local/python/3.12.1/lib/python3.12/site-packages/airflow/example_dags/example_dynamic_task_mapping_with_no_taskflow_operators.py took 0.053 seconds
[2026-05-18T14:53:56.024+0000] {processor.py:186} INFO - Started process (PID=44418) to work on /usr/local/python/3.12.1/lib/python3.12/site-packages/airflow/example_dags/example_dynamic_task_mapping_with_no_taskflow_operators.py
[2026-05-18T14:53:56.024+0000] {processor.py:914} INFO - Processing file /usr/local/python/3.12.1/lib/python3.12/site-packages/airflow/example_dags/example_dynamic_task_mapping_with_no_taskflow_operators.py for tasks to queue
[2026-05-18T14:53:56.026+0000] {logging_mixin.py:190} INFO - [2026-05-18T14:53:56.026+0000] {dagbag.py:588} INFO - Filling up the DagBag from /usr/local/python/3.12.1/lib/python3.12/site-packages/airflow/example_dags/example_dynamic_task_mapping_with_no_taskflow_operators.py
[2026-05-18T14:53:56.032+0000] {processor.py:925} INFO - DAG(s) 'example_dynamic_task_mapping_with_no_taskflow_operators' retrieved from /usr/local/python/3.12.1/lib/python3.12/site-packages/airflow/example_dags/example_dynamic_task_mapping_with_no_taskflow_operators.py
[2026-05-18T14:53:56.043+0000] {logging_mixin.py:190} INFO - [2026-05-18T14:53:56.043+0000] {dag.py:3239} INFO - Sync 1 DAGs
[2026-05-18T14:53:56.056+0000] {logging_mixin.py:190} INFO - [2026-05-18T14:53:56.056+0000] {dag.py:4180} INFO - Setting next_dagrun for example_dynamic_task_mapping_with_no_taskflow_operators to None, run_after=None
[2026-05-18T14:53:56.074+0000] {processor.py:208} INFO - Processing /usr/local/python/3.12.1/lib/python3.12/site-packages/airflow/example_dags/example_dynamic_task_mapping_with_no_taskflow_operators.py took 0.055 seconds
[2026-05-18T14:54:46.208+0000] {processor.py:186} INFO - Started process (PID=44805) to work on /usr/local/python/3.12.1/lib/python3.12/site-packages/airflow/example_dags/example_dynamic_task_mapping_with_no_taskflow_operators.py
[2026-05-18T14:54:46.208+0000] {processor.py:914} INFO - Processing file /usr/local/python/3.12.1/lib/python3.12/site-packages/airflow/example_dags/example_dynamic_task_mapping_with_no_taskflow_operators.py for tasks to queue
[2026-05-18T14:54:46.210+0000] {logging_mixin.py:190} INFO - [2026-05-18T14:54:46.210+0000] {dagbag.py:588} INFO - Filling up the DagBag from /usr/local/python/3.12.1/lib/python3.12/site-packages/airflow/example_dags/example_dynamic_task_mapping_with_no_taskflow_operators.py
[2026-05-18T14:54:46.217+0000] {processor.py:925} INFO - DAG(s) 'example_dynamic_task_mapping_with_no_taskflow_operators' retrieved from /usr/local/python/3.12.1/lib/python3.12/site-packages/airflow/example_dags/example_dynamic_task_mapping_with_no_taskflow_operators.py
[2026-05-18T14:54:46.229+0000] {logging_mixin.py:190} INFO - [2026-05-18T14:54:46.228+0000] {dag.py:3239} INFO - Sync 1 DAGs
[2026-05-18T14:54:46.239+0000] {logging_mixin.py:190} INFO - [2026-05-18T14:54:46.239+0000] {dag.py:4180} INFO - Setting next_dagrun for example_dynamic_task_mapping_with_no_taskflow_operators to None, run_after=None
[2026-05-18T14:54:46.256+0000] {processor.py:208} INFO - Processing /usr/local/python/3.12.1/lib/python3.12/site-packages/airflow/example_dags/example_dynamic_task_mapping_with_no_taskflow_operators.py took 0.052 seconds
[2026-05-18T14:55:37.705+0000] {processor.py:186} INFO - Started process (PID=45267) to work on /usr/local/python/3.12.1/lib/python3.12/site-packages/airflow/example_dags/example_dynamic_task_mapping_with_no_taskflow_operators.py
[2026-05-18T14:55:37.706+0000] {processor.py:914} INFO - Processing file /usr/local/python/3.12.1/lib/python3.12/site-packages/airflow/example_dags/example_dynamic_task_mapping_with_no_taskflow_operators.py for tasks to queue
[2026-05-18T14:55:37.708+0000] {logging_mixin.py:190} INFO - [2026-05-18T14:55:37.707+0000] {dagbag.py:588} INFO - Filling up the DagBag from /usr/local/python/3.12.1/lib/python3.12/site-packages/airflow/example_dags/example_dynamic_task_mapping_with_no_taskflow_operators.py
[2026-05-18T14:55:37.714+0000] {processor.py:925} INFO - DAG(s) 'example_dynamic_task_mapping_with_no_taskflow_operators' retrieved from /usr/local/python/3.12.1/lib/python3.12/site-packages/airflow/example_dags/example_dynamic_task_mapping_with_no_taskflow_operators.py
[2026-05-18T14:55:37.726+0000] {logging_mixin.py:190} INFO - [2026-05-18T14:55:37.726+0000] {dag.py:3239} INFO - Sync 1 DAGs
[2026-05-18T14:55:37.737+0000] {logging_mixin.py:190} INFO - [2026-05-18T14:55:37.737+0000] {dag.py:4180} INFO - Setting next_dagrun for example_dynamic_task_mapping_with_no_taskflow_operators to None, run_after=None
[2026-05-18T14:55:37.755+0000] {processor.py:208} INFO - Processing /usr/local/python/3.12.1/lib/python3.12/site-packages/airflow/example_dags/example_dynamic_task_mapping_with_no_taskflow_operators.py took 0.054 seconds
[2026-05-18T14:56:49.050+0000] {processor.py:186} INFO - Started process (PID=45932) to work on /usr/local/python/3.12.1/lib/python3.12/site-packages/airflow/example_dags/example_dynamic_task_mapping_with_no_taskflow_operators.py
[2026-05-18T14:56:49.051+0000] {processor.py:914} INFO - Processing file /usr/local/python/3.12.1/lib/python3.12/site-packages/airflow/example_dags/example_dynamic_task_mapping_with_no_taskflow_operators.py for tasks to queue
[2026-05-18T14:56:49.053+0000] {logging_mixin.py:190} INFO - [2026-05-18T14:56:49.053+0000] {dagbag.py:588} INFO - Filling up the DagBag from /usr/local/python/3.12.1/lib/python3.12/site-packages/airflow/example_dags/example_dynamic_task_mapping_with_no_taskflow_operators.py
[2026-05-18T14:56:49.059+0000] {processor.py:925} INFO - DAG(s) 'example_dynamic_task_mapping_with_no_taskflow_operators' retrieved from /usr/local/python/3.12.1/lib/python3.12/site-packages/airflow/example_dags/example_dynamic_task_mapping_with_no_taskflow_operators.py
[2026-05-18T14:56:49.073+0000] {logging_mixin.py:190} INFO - [2026-05-18T14:56:49.073+0000] {dag.py:3239} INFO - Sync 1 DAGs
[2026-05-18T14:56:49.086+0000] {logging_mixin.py:190} INFO - [2026-05-18T14:56:49.085+0000] {dag.py:4180} INFO - Setting next_dagrun for example_dynamic_task_mapping_with_no_taskflow_operators to None, run_after=None
[2026-05-18T14:56:49.102+0000] {processor.py:208} INFO - Processing /usr/local/python/3.12.1/lib/python3.12/site-packages/airflow/example_dags/example_dynamic_task_mapping_with_no_taskflow_operators.py took 0.056 seconds
[2026-05-18T14:57:39.769+0000] {processor.py:186} INFO - Started process (PID=46382) to work on /usr/local/python/3.12.1/lib/python3.12/site-packages/airflow/example_dags/example_dynamic_task_mapping_with_no_taskflow_operators.py
[2026-05-18T14:57:39.769+0000] {processor.py:914} INFO - Processing file /usr/local/python/3.12.1/lib/python3.12/site-packages/airflow/example_dags/example_dynamic_task_mapping_with_no_taskflow_operators.py for tasks to queue
[2026-05-18T14:57:39.771+0000] {logging_mixin.py:190} INFO - [2026-05-18T14:57:39.771+0000] {dagbag.py:588} INFO - Filling up the DagBag from /usr/local/python/3.12.1/lib/python3.12/site-packages/airflow/example_dags/example_dynamic_task_mapping_with_no_taskflow_operators.py
[2026-05-18T14:57:39.779+0000] {processor.py:925} INFO - DAG(s) 'example_dynamic_task_mapping_with_no_taskflow_operators' retrieved from /usr/local/python/3.12.1/lib/python3.12/site-packages/airflow/example_dags/example_dynamic_task_mapping_with_no_taskflow_operators.py
[2026-05-18T14:57:39.792+0000] {logging_mixin.py:190} INFO - [2026-05-18T14:57:39.792+0000] {dag.py:3239} INFO - Sync 1 DAGs
[2026-05-18T14:57:39.802+0000] {logging_mixin.py:190} INFO - [2026-05-18T14:57:39.802+0000] {dag.py:4180} INFO - Setting next_dagrun for example_dynamic_task_mapping_with_no_taskflow_operators to None, run_after=None
[2026-05-18T14:57:39.819+0000] {processor.py:208} INFO - Processing /usr/local/python/3.12.1/lib/python3.12/site-packages/airflow/example_dags/example_dynamic_task_mapping_with_no_taskflow_operators.py took 0.056 seconds
[2026-05-18T14:58:51.026+0000] {processor.py:186} INFO - Started process (PID=47052) to work on /usr/local/python/3.12.1/lib/python3.12/site-packages/airflow/example_dags/example_dynamic_task_mapping_with_no_taskflow_operators.py
[2026-05-18T14:58:51.027+0000] {processor.py:914} INFO - Processing file /usr/local/python/3.12.1/lib/python3.12/site-packages/airflow/example_dags/example_dynamic_task_mapping_with_no_taskflow_operators.py for tasks to queue
[2026-05-18T14:58:51.029+0000] {logging_mixin.py:190} INFO - [2026-05-18T14:58:51.028+0000] {dagbag.py:588} INFO - Filling up the DagBag from /usr/local/python/3.12.1/lib/python3.12/site-packages/airflow/example_dags/example_dynamic_task_mapping_with_no_taskflow_operators.py
[2026-05-18T14:58:51.035+0000] {processor.py:925} INFO - DAG(s) 'example_dynamic_task_mapping_with_no_taskflow_operators' retrieved from /usr/local/python/3.12.1/lib/python3.12/site-packages/airflow/example_dags/example_dynamic_task_mapping_with_no_taskflow_operators.py
[2026-05-18T14:58:51.047+0000] {logging_mixin.py:190} INFO - [2026-05-18T14:58:51.047+0000] {dag.py:3239} INFO - Sync 1 DAGs
[2026-05-18T14:58:51.057+0000] {logging_mixin.py:190} INFO - [2026-05-18T14:58:51.056+0000] {dag.py:4180} INFO - Setting next_dagrun for example_dynamic_task_mapping_with_no_taskflow_operators to None, run_after=None
[2026-05-18T14:58:51.074+0000] {processor.py:208} INFO - Processing /usr/local/python/3.12.1/lib/python3.12/site-packages/airflow/example_dags/example_dynamic_task_mapping_with_no_taskflow_operators.py took 0.052 seconds
[2026-05-18T14:59:44.849+0000] {processor.py:186} INFO - Started process (PID=47478) to work on /usr/local/python/3.12.1/lib/python3.12/site-packages/airflow/example_dags/example_dynamic_task_mapping_with_no_taskflow_operators.py
[2026-05-18T14:59:44.850+0000] {processor.py:914} INFO - Processing file /usr/local/python/3.12.1/lib/python3.12/site-packages/airflow/example_dags/example_dynamic_task_mapping_with_no_taskflow_operators.py for tasks to queue
[2026-05-18T14:59:44.852+0000] {logging_mixin.py:190} INFO - [2026-05-18T14:59:44.851+0000] {dagbag.py:588} INFO - Filling up the DagBag from /usr/local/python/3.12.1/lib/python3.12/site-packages/airflow/example_dags/example_dynamic_task_mapping_with_no_taskflow_operators.py
[2026-05-18T14:59:44.859+0000] {processor.py:925} INFO - DAG(s) 'example_dynamic_task_mapping_with_no_taskflow_operators' retrieved from /usr/local/python/3.12.1/lib/python3.12/site-packages/airflow/example_dags/example_dynamic_task_mapping_with_no_taskflow_operators.py
[2026-05-18T14:59:44.874+0000] {logging_mixin.py:190} INFO - [2026-05-18T14:59:44.874+0000] {dag.py:3239} INFO - Sync 1 DAGs
[2026-05-18T14:59:44.886+0000] {logging_mixin.py:190} INFO - [2026-05-18T14:59:44.886+0000] {dag.py:4180} INFO - Setting next_dagrun for example_dynamic_task_mapping_with_no_taskflow_operators to None, run_after=None
[2026-05-18T14:59:44.902+0000] {processor.py:208} INFO - Processing /usr/local/python/3.12.1/lib/python3.12/site-packages/airflow/example_dags/example_dynamic_task_mapping_with_no_taskflow_operators.py took 0.058 seconds
[2026-05-18T15:00:36.108+0000] {processor.py:186} INFO - Started process (PID=47936) to work on /usr/local/python/3.12.1/lib/python3.12/site-packages/airflow/example_dags/example_dynamic_task_mapping_with_no_taskflow_operators.py
[2026-05-18T15:00:36.109+0000] {processor.py:914} INFO - Processing file /usr/local/python/3.12.1/lib/python3.12/site-packages/airflow/example_dags/example_dynamic_task_mapping_with_no_taskflow_operators.py for tasks to queue
[2026-05-18T15:00:36.110+0000] {logging_mixin.py:190} INFO - [2026-05-18T15:00:36.110+0000] {dagbag.py:588} INFO - Filling up the DagBag from /usr/local/python/3.12.1/lib/python3.12/site-packages/airflow/example_dags/example_dynamic_task_mapping_with_no_taskflow_operators.py
[2026-05-18T15:00:36.117+0000] {processor.py:925} INFO - DAG(s) 'example_dynamic_task_mapping_with_no_taskflow_operators' retrieved from /usr/local/python/3.12.1/lib/python3.12/site-packages/airflow/example_dags/example_dynamic_task_mapping_with_no_taskflow_operators.py
[2026-05-18T15:00:36.128+0000] {logging_mixin.py:190} INFO - [2026-05-18T15:00:36.128+0000] {dag.py:3239} INFO - Sync 1 DAGs
[2026-05-18T15:00:36.138+0000] {logging_mixin.py:190} INFO - [2026-05-18T15:00:36.138+0000] {dag.py:4180} INFO - Setting next_dagrun for example_dynamic_task_mapping_with_no_taskflow_operators to None, run_after=None
[2026-05-18T15:00:36.153+0000] {processor.py:208} INFO - Processing /usr/local/python/3.12.1/lib/python3.12/site-packages/airflow/example_dags/example_dynamic_task_mapping_with_no_taskflow_operators.py took 0.049 seconds
[2026-05-18T15:01:27.199+0000] {processor.py:186} INFO - Started process (PID=48447) to work on /usr/local/python/3.12.1/lib/python3.12/site-packages/airflow/example_dags/example_dynamic_task_mapping_with_no_taskflow_operators.py
[2026-05-18T15:01:27.200+0000] {processor.py:914} INFO - Processing file /usr/local/python/3.12.1/lib/python3.12/site-packages/airflow/example_dags/example_dynamic_task_mapping_with_no_taskflow_operators.py for tasks to queue
[2026-05-18T15:01:27.201+0000] {logging_mixin.py:190} INFO - [2026-05-18T15:01:27.201+0000] {dagbag.py:588} INFO - Filling up the DagBag from /usr/local/python/3.12.1/lib/python3.12/site-packages/airflow/example_dags/example_dynamic_task_mapping_with_no_taskflow_operators.py
[2026-05-18T15:01:27.208+0000] {processor.py:925} INFO - DAG(s) 'example_dynamic_task_mapping_with_no_taskflow_operators' retrieved from /usr/local/python/3.12.1/lib/python3.12/site-packages/airflow/example_dags/example_dynamic_task_mapping_with_no_taskflow_operators.py
[2026-05-18T15:01:27.219+0000] {logging_mixin.py:190} INFO - [2026-05-18T15:01:27.219+0000] {dag.py:3239} INFO - Sync 1 DAGs
[2026-05-18T15:01:27.228+0000] {logging_mixin.py:190} INFO - [2026-05-18T15:01:27.228+0000] {dag.py:4180} INFO - Setting next_dagrun for example_dynamic_task_mapping_with_no_taskflow_operators to None, run_after=None
[2026-05-18T15:01:27.245+0000] {processor.py:208} INFO - Processing /usr/local/python/3.12.1/lib/python3.12/site-packages/airflow/example_dags/example_dynamic_task_mapping_with_no_taskflow_operators.py took 0.050 seconds
[2026-05-18T15:02:16.762+0000] {processor.py:186} INFO - Started process (PID=48879) to work on /usr/local/python/3.12.1/lib/python3.12/site-packages/airflow/example_dags/example_dynamic_task_mapping_with_no_taskflow_operators.py
[2026-05-18T15:02:16.763+0000] {processor.py:914} INFO - Processing file /usr/local/python/3.12.1/lib/python3.12/site-packages/airflow/example_dags/example_dynamic_task_mapping_with_no_taskflow_operators.py for tasks to queue
[2026-05-18T15:02:16.765+0000] {logging_mixin.py:190} INFO - [2026-05-18T15:02:16.765+0000] {dagbag.py:588} INFO - Filling up the DagBag from /usr/local/python/3.12.1/lib/python3.12/site-packages/airflow/example_dags/example_dynamic_task_mapping_with_no_taskflow_operators.py
[2026-05-18T15:02:16.773+0000] {processor.py:925} INFO - DAG(s) 'example_dynamic_task_mapping_with_no_taskflow_operators' retrieved from /usr/local/python/3.12.1/lib/python3.12/site-packages/airflow/example_dags/example_dynamic_task_mapping_with_no_taskflow_operators.py
[2026-05-18T15:02:16.791+0000] {logging_mixin.py:190} INFO - [2026-05-18T15:02:16.790+0000] {dag.py:3239} INFO - Sync 1 DAGs
[2026-05-18T15:02:16.805+0000] {logging_mixin.py:190} INFO - [2026-05-18T15:02:16.805+0000] {dag.py:4180} INFO - Setting next_dagrun for example_dynamic_task_mapping_with_no_taskflow_operators to None, run_after=None
[2026-05-18T15:02:16.822+0000] {processor.py:208} INFO - Processing /usr/local/python/3.12.1/lib/python3.12/site-packages/airflow/example_dags/example_dynamic_task_mapping_with_no_taskflow_operators.py took 0.064 seconds
[2026-05-18T15:03:06.844+0000] {processor.py:186} INFO - Started process (PID=49366) to work on /usr/local/python/3.12.1/lib/python3.12/site-packages/airflow/example_dags/example_dynamic_task_mapping_with_no_taskflow_operators.py
[2026-05-18T15:03:06.845+0000] {processor.py:914} INFO - Processing file /usr/local/python/3.12.1/lib/python3.12/site-packages/airflow/example_dags/example_dynamic_task_mapping_with_no_taskflow_operators.py for tasks to queue
[2026-05-18T15:03:06.849+0000] {logging_mixin.py:190} INFO - [2026-05-18T15:03:06.849+0000] {dagbag.py:588} INFO - Filling up the DagBag from /usr/local/python/3.12.1/lib/python3.12/site-packages/airflow/example_dags/example_dynamic_task_mapping_with_no_taskflow_operators.py
[2026-05-18T15:03:06.859+0000] {processor.py:925} INFO - DAG(s) 'example_dynamic_task_mapping_with_no_taskflow_operators' retrieved from /usr/local/python/3.12.1/lib/python3.12/site-packages/airflow/example_dags/example_dynamic_task_mapping_with_no_taskflow_operators.py
[2026-05-18T15:03:06.873+0000] {logging_mixin.py:190} INFO - [2026-05-18T15:03:06.873+0000] {dag.py:3239} INFO - Sync 1 DAGs
[2026-05-18T15:03:06.886+0000] {logging_mixin.py:190} INFO - [2026-05-18T15:03:06.886+0000] {dag.py:4180} INFO - Setting next_dagrun for example_dynamic_task_mapping_with_no_taskflow_operators to None, run_after=None
[2026-05-18T15:03:06.903+0000] {processor.py:208} INFO - Processing /usr/local/python/3.12.1/lib/python3.12/site-packages/airflow/example_dags/example_dynamic_task_mapping_with_no_taskflow_operators.py took 0.064 seconds
[2026-05-18T15:05:09.642+0000] {processor.py:186} INFO - Started process (PID=50786) to work on /usr/local/python/3.12.1/lib/python3.12/site-packages/airflow/example_dags/example_dynamic_task_mapping_with_no_taskflow_operators.py
[2026-05-18T15:05:09.642+0000] {processor.py:914} INFO - Processing file /usr/local/python/3.12.1/lib/python3.12/site-packages/airflow/example_dags/example_dynamic_task_mapping_with_no_taskflow_operators.py for tasks to queue
[2026-05-18T15:05:09.644+0000] {logging_mixin.py:190} INFO - [2026-05-18T15:05:09.644+0000] {dagbag.py:588} INFO - Filling up the DagBag from /usr/local/python/3.12.1/lib/python3.12/site-packages/airflow/example_dags/example_dynamic_task_mapping_with_no_taskflow_operators.py
[2026-05-18T15:05:09.650+0000] {processor.py:925} INFO - DAG(s) 'example_dynamic_task_mapping_with_no_taskflow_operators' retrieved from /usr/local/python/3.12.1/lib/python3.12/site-packages/airflow/example_dags/example_dynamic_task_mapping_with_no_taskflow_operators.py
[2026-05-18T15:05:09.661+0000] {logging_mixin.py:190} INFO - [2026-05-18T15:05:09.661+0000] {dag.py:3239} INFO - Sync 1 DAGs
[2026-05-18T15:05:09.674+0000] {logging_mixin.py:190} INFO - [2026-05-18T15:05:09.674+0000] {dag.py:4180} INFO - Setting next_dagrun for example_dynamic_task_mapping_with_no_taskflow_operators to None, run_after=None
[2026-05-18T15:05:09.692+0000] {processor.py:208} INFO - Processing /usr/local/python/3.12.1/lib/python3.12/site-packages/airflow/example_dags/example_dynamic_task_mapping_with_no_taskflow_operators.py took 0.054 seconds
[2026-05-18T15:06:05.792+0000] {processor.py:186} INFO - Started process (PID=51548) to work on /usr/local/python/3.12.1/lib/python3.12/site-packages/airflow/example_dags/example_dynamic_task_mapping_with_no_taskflow_operators.py
[2026-05-18T15:06:05.793+0000] {processor.py:914} INFO - Processing file /usr/local/python/3.12.1/lib/python3.12/site-packages/airflow/example_dags/example_dynamic_task_mapping_with_no_taskflow_operators.py for tasks to queue
[2026-05-18T15:06:05.795+0000] {logging_mixin.py:190} INFO - [2026-05-18T15:06:05.794+0000] {dagbag.py:588} INFO - Filling up the DagBag from /usr/local/python/3.12.1/lib/python3.12/site-packages/airflow/example_dags/example_dynamic_task_mapping_with_no_taskflow_operators.py
[2026-05-18T15:06:05.801+0000] {processor.py:925} INFO - DAG(s) 'example_dynamic_task_mapping_with_no_taskflow_operators' retrieved from /usr/local/python/3.12.1/lib/python3.12/site-packages/airflow/example_dags/example_dynamic_task_mapping_with_no_taskflow_operators.py
[2026-05-18T15:06:05.812+0000] {logging_mixin.py:190} INFO - [2026-05-18T15:06:05.812+0000] {dag.py:3239} INFO - Sync 1 DAGs
[2026-05-18T15:06:05.827+0000] {logging_mixin.py:190} INFO - [2026-05-18T15:06:05.826+0000] {dag.py:4180} INFO - Setting next_dagrun for example_dynamic_task_mapping_with_no_taskflow_operators to None, run_after=None
[2026-05-18T15:06:05.842+0000] {processor.py:208} INFO - Processing /usr/local/python/3.12.1/lib/python3.12/site-packages/airflow/example_dags/example_dynamic_task_mapping_with_no_taskflow_operators.py took 0.055 seconds
[2026-05-18T15:07:00.394+0000] {processor.py:186} INFO - Started process (PID=52061) to work on /usr/local/python/3.12.1/lib/python3.12/site-packages/airflow/example_dags/example_dynamic_task_mapping_with_no_taskflow_operators.py
[2026-05-18T15:07:00.395+0000] {processor.py:914} INFO - Processing file /usr/local/python/3.12.1/lib/python3.12/site-packages/airflow/example_dags/example_dynamic_task_mapping_with_no_taskflow_operators.py for tasks to queue
[2026-05-18T15:07:00.397+0000] {logging_mixin.py:190} INFO - [2026-05-18T15:07:00.396+0000] {dagbag.py:588} INFO - Filling up the DagBag from /usr/local/python/3.12.1/lib/python3.12/site-packages/airflow/example_dags/example_dynamic_task_mapping_with_no_taskflow_operators.py
[2026-05-18T15:07:00.404+0000] {processor.py:925} INFO - DAG(s) 'example_dynamic_task_mapping_with_no_taskflow_operators' retrieved from /usr/local/python/3.12.1/lib/python3.12/site-packages/airflow/example_dags/example_dynamic_task_mapping_with_no_taskflow_operators.py
[2026-05-18T15:07:00.416+0000] {logging_mixin.py:190} INFO - [2026-05-18T15:07:00.416+0000] {dag.py:3239} INFO - Sync 1 DAGs
[2026-05-18T15:07:00.426+0000] {logging_mixin.py:190} INFO - [2026-05-18T15:07:00.426+0000] {dag.py:4180} INFO - Setting next_dagrun for example_dynamic_task_mapping_with_no_taskflow_operators to None, run_after=None
[2026-05-18T15:07:00.441+0000] {processor.py:208} INFO - Processing /usr/local/python/3.12.1/lib/python3.12/site-packages/airflow/example_dags/example_dynamic_task_mapping_with_no_taskflow_operators.py took 0.051 seconds
[2026-05-18T15:07:53.247+0000] {processor.py:186} INFO - Started process (PID=52562) to work on /usr/local/python/3.12.1/lib/python3.12/site-packages/airflow/example_dags/example_dynamic_task_mapping_with_no_taskflow_operators.py
[2026-05-18T15:07:53.248+0000] {processor.py:914} INFO - Processing file /usr/local/python/3.12.1/lib/python3.12/site-packages/airflow/example_dags/example_dynamic_task_mapping_with_no_taskflow_operators.py for tasks to queue
[2026-05-18T15:07:53.256+0000] {logging_mixin.py:190} INFO - [2026-05-18T15:07:53.255+0000] {dagbag.py:588} INFO - Filling up the DagBag from /usr/local/python/3.12.1/lib/python3.12/site-packages/airflow/example_dags/example_dynamic_task_mapping_with_no_taskflow_operators.py
[2026-05-18T15:07:53.268+0000] {processor.py:925} INFO - DAG(s) 'example_dynamic_task_mapping_with_no_taskflow_operators' retrieved from /usr/local/python/3.12.1/lib/python3.12/site-packages/airflow/example_dags/example_dynamic_task_mapping_with_no_taskflow_operators.py
[2026-05-18T15:07:53.288+0000] {logging_mixin.py:190} INFO - [2026-05-18T15:07:53.287+0000] {dag.py:3239} INFO - Sync 1 DAGs
[2026-05-18T15:07:53.319+0000] {logging_mixin.py:190} INFO - [2026-05-18T15:07:53.318+0000] {dag.py:4180} INFO - Setting next_dagrun for example_dynamic_task_mapping_with_no_taskflow_operators to None, run_after=None
[2026-05-18T15:07:53.349+0000] {processor.py:208} INFO - Processing /usr/local/python/3.12.1/lib/python3.12/site-packages/airflow/example_dags/example_dynamic_task_mapping_with_no_taskflow_operators.py took 0.118 seconds
[2026-05-18T15:08:42.775+0000] {processor.py:186} INFO - Started process (PID=53052) to work on /usr/local/python/3.12.1/lib/python3.12/site-packages/airflow/example_dags/example_dynamic_task_mapping_with_no_taskflow_operators.py
[2026-05-18T15:08:42.776+0000] {processor.py:914} INFO - Processing file /usr/local/python/3.12.1/lib/python3.12/site-packages/airflow/example_dags/example_dynamic_task_mapping_with_no_taskflow_operators.py for tasks to queue
[2026-05-18T15:08:42.778+0000] {logging_mixin.py:190} INFO - [2026-05-18T15:08:42.778+0000] {dagbag.py:588} INFO - Filling up the DagBag from /usr/local/python/3.12.1/lib/python3.12/site-packages/airflow/example_dags/example_dynamic_task_mapping_with_no_taskflow_operators.py
[2026-05-18T15:08:42.786+0000] {processor.py:925} INFO - DAG(s) 'example_dynamic_task_mapping_with_no_taskflow_operators' retrieved from /usr/local/python/3.12.1/lib/python3.12/site-packages/airflow/example_dags/example_dynamic_task_mapping_with_no_taskflow_operators.py
[2026-05-18T15:08:42.798+0000] {logging_mixin.py:190} INFO - [2026-05-18T15:08:42.798+0000] {dag.py:3239} INFO - Sync 1 DAGs
[2026-05-18T15:08:42.808+0000] {logging_mixin.py:190} INFO - [2026-05-18T15:08:42.808+0000] {dag.py:4180} INFO - Setting next_dagrun for example_dynamic_task_mapping_with_no_taskflow_operators to None, run_after=None
[2026-05-18T15:08:42.825+0000] {processor.py:208} INFO - Processing /usr/local/python/3.12.1/lib/python3.12/site-packages/airflow/example_dags/example_dynamic_task_mapping_with_no_taskflow_operators.py took 0.056 seconds
[2026-05-18T15:09:33.038+0000] {processor.py:186} INFO - Started process (PID=53504) to work on /usr/local/python/3.12.1/lib/python3.12/site-packages/airflow/example_dags/example_dynamic_task_mapping_with_no_taskflow_operators.py
[2026-05-18T15:09:33.039+0000] {processor.py:914} INFO - Processing file /usr/local/python/3.12.1/lib/python3.12/site-packages/airflow/example_dags/example_dynamic_task_mapping_with_no_taskflow_operators.py for tasks to queue
[2026-05-18T15:09:33.041+0000] {logging_mixin.py:190} INFO - [2026-05-18T15:09:33.041+0000] {dagbag.py:588} INFO - Filling up the DagBag from /usr/local/python/3.12.1/lib/python3.12/site-packages/airflow/example_dags/example_dynamic_task_mapping_with_no_taskflow_operators.py
[2026-05-18T15:09:33.047+0000] {processor.py:925} INFO - DAG(s) 'example_dynamic_task_mapping_with_no_taskflow_operators' retrieved from /usr/local/python/3.12.1/lib/python3.12/site-packages/airflow/example_dags/example_dynamic_task_mapping_with_no_taskflow_operators.py
[2026-05-18T15:09:33.060+0000] {logging_mixin.py:190} INFO - [2026-05-18T15:09:33.060+0000] {dag.py:3239} INFO - Sync 1 DAGs
[2026-05-18T15:09:33.074+0000] {logging_mixin.py:190} INFO - [2026-05-18T15:09:33.073+0000] {dag.py:4180} INFO - Setting next_dagrun for example_dynamic_task_mapping_with_no_taskflow_operators to None, run_after=None
[2026-05-18T15:09:33.096+0000] {processor.py:208} INFO - Processing /usr/local/python/3.12.1/lib/python3.12/site-packages/airflow/example_dags/example_dynamic_task_mapping_with_no_taskflow_operators.py took 0.062 seconds
[2026-05-18T15:10:24.170+0000] {processor.py:186} INFO - Started process (PID=53959) to work on /usr/local/python/3.12.1/lib/python3.12/site-packages/airflow/example_dags/example_dynamic_task_mapping_with_no_taskflow_operators.py
[2026-05-18T15:10:24.171+0000] {processor.py:914} INFO - Processing file /usr/local/python/3.12.1/lib/python3.12/site-packages/airflow/example_dags/example_dynamic_task_mapping_with_no_taskflow_operators.py for tasks to queue
[2026-05-18T15:10:24.173+0000] {logging_mixin.py:190} INFO - [2026-05-18T15:10:24.172+0000] {dagbag.py:588} INFO - Filling up the DagBag from /usr/local/python/3.12.1/lib/python3.12/site-packages/airflow/example_dags/example_dynamic_task_mapping_with_no_taskflow_operators.py
[2026-05-18T15:10:24.181+0000] {processor.py:925} INFO - DAG(s) 'example_dynamic_task_mapping_with_no_taskflow_operators' retrieved from /usr/local/python/3.12.1/lib/python3.12/site-packages/airflow/example_dags/example_dynamic_task_mapping_with_no_taskflow_operators.py
[2026-05-18T15:10:24.193+0000] {logging_mixin.py:190} INFO - [2026-05-18T15:10:24.193+0000] {dag.py:3239} INFO - Sync 1 DAGs
[2026-05-18T15:10:24.204+0000] {logging_mixin.py:190} INFO - [2026-05-18T15:10:24.204+0000] {dag.py:4180} INFO - Setting next_dagrun for example_dynamic_task_mapping_with_no_taskflow_operators to None, run_after=None
[2026-05-18T15:10:24.221+0000] {processor.py:208} INFO - Processing /usr/local/python/3.12.1/lib/python3.12/site-packages/airflow/example_dags/example_dynamic_task_mapping_with_no_taskflow_operators.py took 0.056 seconds
[2026-05-18T15:11:16.031+0000] {processor.py:186} INFO - Started process (PID=54409) to work on /usr/local/python/3.12.1/lib/python3.12/site-packages/airflow/example_dags/example_dynamic_task_mapping_with_no_taskflow_operators.py
[2026-05-18T15:11:16.032+0000] {processor.py:914} INFO - Processing file /usr/local/python/3.12.1/lib/python3.12/site-packages/airflow/example_dags/example_dynamic_task_mapping_with_no_taskflow_operators.py for tasks to queue
[2026-05-18T15:11:16.033+0000] {logging_mixin.py:190} INFO - [2026-05-18T15:11:16.033+0000] {dagbag.py:588} INFO - Filling up the DagBag from /usr/local/python/3.12.1/lib/python3.12/site-packages/airflow/example_dags/example_dynamic_task_mapping_with_no_taskflow_operators.py
[2026-05-18T15:11:16.040+0000] {processor.py:925} INFO - DAG(s) 'example_dynamic_task_mapping_with_no_taskflow_operators' retrieved from /usr/local/python/3.12.1/lib/python3.12/site-packages/airflow/example_dags/example_dynamic_task_mapping_with_no_taskflow_operators.py
[2026-05-18T15:11:16.051+0000] {logging_mixin.py:190} INFO - [2026-05-18T15:11:16.051+0000] {dag.py:3239} INFO - Sync 1 DAGs
[2026-05-18T15:11:16.061+0000] {logging_mixin.py:190} INFO - [2026-05-18T15:11:16.061+0000] {dag.py:4180} INFO - Setting next_dagrun for example_dynamic_task_mapping_with_no_taskflow_operators to None, run_after=None
[2026-05-18T15:11:16.080+0000] {processor.py:208} INFO - Processing /usr/local/python/3.12.1/lib/python3.12/site-packages/airflow/example_dags/example_dynamic_task_mapping_with_no_taskflow_operators.py took 0.053 seconds
[2026-05-18T15:20:50.715+0000] {processor.py:186} INFO - Started process (PID=61545) to work on /usr/local/python/3.12.1/lib/python3.12/site-packages/airflow/example_dags/example_dynamic_task_mapping_with_no_taskflow_operators.py
[2026-05-18T15:20:50.715+0000] {processor.py:914} INFO - Processing file /usr/local/python/3.12.1/lib/python3.12/site-packages/airflow/example_dags/example_dynamic_task_mapping_with_no_taskflow_operators.py for tasks to queue
[2026-05-18T15:20:50.718+0000] {logging_mixin.py:190} INFO - [2026-05-18T15:20:50.718+0000] {dagbag.py:588} INFO - Filling up the DagBag from /usr/local/python/3.12.1/lib/python3.12/site-packages/airflow/example_dags/example_dynamic_task_mapping_with_no_taskflow_operators.py
[2026-05-18T15:20:50.724+0000] {processor.py:925} INFO - DAG(s) 'example_dynamic_task_mapping_with_no_taskflow_operators' retrieved from /usr/local/python/3.12.1/lib/python3.12/site-packages/airflow/example_dags/example_dynamic_task_mapping_with_no_taskflow_operators.py
[2026-05-18T15:20:50.818+0000] {logging_mixin.py:190} INFO - [2026-05-18T15:20:50.818+0000] {dag.py:3239} INFO - Sync 1 DAGs
[2026-05-18T15:20:50.829+0000] {logging_mixin.py:190} INFO - [2026-05-18T15:20:50.829+0000] {dag.py:4180} INFO - Setting next_dagrun for example_dynamic_task_mapping_with_no_taskflow_operators to None, run_after=None
[2026-05-18T15:20:50.847+0000] {processor.py:208} INFO - Processing /usr/local/python/3.12.1/lib/python3.12/site-packages/airflow/example_dags/example_dynamic_task_mapping_with_no_taskflow_operators.py took 0.137 seconds
[2026-05-18T15:22:01.055+0000] {processor.py:186} INFO - Started process (PID=62330) to work on /usr/local/python/3.12.1/lib/python3.12/site-packages/airflow/example_dags/example_dynamic_task_mapping_with_no_taskflow_operators.py
[2026-05-18T15:22:01.056+0000] {processor.py:914} INFO - Processing file /usr/local/python/3.12.1/lib/python3.12/site-packages/airflow/example_dags/example_dynamic_task_mapping_with_no_taskflow_operators.py for tasks to queue
[2026-05-18T15:22:01.059+0000] {logging_mixin.py:190} INFO - [2026-05-18T15:22:01.059+0000] {dagbag.py:588} INFO - Filling up the DagBag from /usr/local/python/3.12.1/lib/python3.12/site-packages/airflow/example_dags/example_dynamic_task_mapping_with_no_taskflow_operators.py
[2026-05-18T15:22:01.068+0000] {processor.py:925} INFO - DAG(s) 'example_dynamic_task_mapping_with_no_taskflow_operators' retrieved from /usr/local/python/3.12.1/lib/python3.12/site-packages/airflow/example_dags/example_dynamic_task_mapping_with_no_taskflow_operators.py
[2026-05-18T15:22:01.091+0000] {logging_mixin.py:190} INFO - [2026-05-18T15:22:01.091+0000] {dag.py:3239} INFO - Sync 1 DAGs
[2026-05-18T15:22:01.105+0000] {logging_mixin.py:190} INFO - [2026-05-18T15:22:01.105+0000] {dag.py:4180} INFO - Setting next_dagrun for example_dynamic_task_mapping_with_no_taskflow_operators to None, run_after=None
[2026-05-18T15:22:01.121+0000] {processor.py:208} INFO - Processing /usr/local/python/3.12.1/lib/python3.12/site-packages/airflow/example_dags/example_dynamic_task_mapping_with_no_taskflow_operators.py took 0.071 seconds
[2026-05-18T15:23:06.617+0000] {processor.py:186} INFO - Started process (PID=62965) to work on /usr/local/python/3.12.1/lib/python3.12/site-packages/airflow/example_dags/example_dynamic_task_mapping_with_no_taskflow_operators.py
[2026-05-18T15:23:06.618+0000] {processor.py:914} INFO - Processing file /usr/local/python/3.12.1/lib/python3.12/site-packages/airflow/example_dags/example_dynamic_task_mapping_with_no_taskflow_operators.py for tasks to queue
[2026-05-18T15:23:06.620+0000] {logging_mixin.py:190} INFO - [2026-05-18T15:23:06.619+0000] {dagbag.py:588} INFO - Filling up the DagBag from /usr/local/python/3.12.1/lib/python3.12/site-packages/airflow/example_dags/example_dynamic_task_mapping_with_no_taskflow_operators.py
[2026-05-18T15:23:06.626+0000] {processor.py:925} INFO - DAG(s) 'example_dynamic_task_mapping_with_no_taskflow_operators' retrieved from /usr/local/python/3.12.1/lib/python3.12/site-packages/airflow/example_dags/example_dynamic_task_mapping_with_no_taskflow_operators.py
[2026-05-18T15:23:06.638+0000] {logging_mixin.py:190} INFO - [2026-05-18T15:23:06.638+0000] {dag.py:3239} INFO - Sync 1 DAGs
[2026-05-18T15:23:06.647+0000] {logging_mixin.py:190} INFO - [2026-05-18T15:23:06.647+0000] {dag.py:4180} INFO - Setting next_dagrun for example_dynamic_task_mapping_with_no_taskflow_operators to None, run_after=None
[2026-05-18T15:23:06.664+0000] {processor.py:208} INFO - Processing /usr/local/python/3.12.1/lib/python3.12/site-packages/airflow/example_dags/example_dynamic_task_mapping_with_no_taskflow_operators.py took 0.051 seconds
[2026-05-18T15:24:10.848+0000] {processor.py:186} INFO - Started process (PID=63633) to work on /usr/local/python/3.12.1/lib/python3.12/site-packages/airflow/example_dags/example_dynamic_task_mapping_with_no_taskflow_operators.py
[2026-05-18T15:24:10.848+0000] {processor.py:914} INFO - Processing file /usr/local/python/3.12.1/lib/python3.12/site-packages/airflow/example_dags/example_dynamic_task_mapping_with_no_taskflow_operators.py for tasks to queue
[2026-05-18T15:24:10.850+0000] {logging_mixin.py:190} INFO - [2026-05-18T15:24:10.850+0000] {dagbag.py:588} INFO - Filling up the DagBag from /usr/local/python/3.12.1/lib/python3.12/site-packages/airflow/example_dags/example_dynamic_task_mapping_with_no_taskflow_operators.py
[2026-05-18T15:24:10.856+0000] {processor.py:925} INFO - DAG(s) 'example_dynamic_task_mapping_with_no_taskflow_operators' retrieved from /usr/local/python/3.12.1/lib/python3.12/site-packages/airflow/example_dags/example_dynamic_task_mapping_with_no_taskflow_operators.py
[2026-05-18T15:24:10.870+0000] {logging_mixin.py:190} INFO - [2026-05-18T15:24:10.870+0000] {dag.py:3239} INFO - Sync 1 DAGs
[2026-05-18T15:24:10.884+0000] {logging_mixin.py:190} INFO - [2026-05-18T15:24:10.883+0000] {dag.py:4180} INFO - Setting next_dagrun for example_dynamic_task_mapping_with_no_taskflow_operators to None, run_after=None
[2026-05-18T15:24:10.901+0000] {processor.py:208} INFO - Processing /usr/local/python/3.12.1/lib/python3.12/site-packages/airflow/example_dags/example_dynamic_task_mapping_with_no_taskflow_operators.py took 0.057 seconds
[2026-05-18T15:25:18.518+0000] {processor.py:186} INFO - Started process (PID=64394) to work on /usr/local/python/3.12.1/lib/python3.12/site-packages/airflow/example_dags/example_dynamic_task_mapping_with_no_taskflow_operators.py
[2026-05-18T15:25:18.519+0000] {processor.py:914} INFO - Processing file /usr/local/python/3.12.1/lib/python3.12/site-packages/airflow/example_dags/example_dynamic_task_mapping_with_no_taskflow_operators.py for tasks to queue
[2026-05-18T15:25:18.520+0000] {logging_mixin.py:190} INFO - [2026-05-18T15:25:18.520+0000] {dagbag.py:588} INFO - Filling up the DagBag from /usr/local/python/3.12.1/lib/python3.12/site-packages/airflow/example_dags/example_dynamic_task_mapping_with_no_taskflow_operators.py
[2026-05-18T15:25:18.526+0000] {processor.py:925} INFO - DAG(s) 'example_dynamic_task_mapping_with_no_taskflow_operators' retrieved from /usr/local/python/3.12.1/lib/python3.12/site-packages/airflow/example_dags/example_dynamic_task_mapping_with_no_taskflow_operators.py
[2026-05-18T15:25:18.542+0000] {logging_mixin.py:190} INFO - [2026-05-18T15:25:18.541+0000] {dag.py:3239} INFO - Sync 1 DAGs
[2026-05-18T15:25:18.554+0000] {logging_mixin.py:190} INFO - [2026-05-18T15:25:18.554+0000] {dag.py:4180} INFO - Setting next_dagrun for example_dynamic_task_mapping_with_no_taskflow_operators to None, run_after=None
[2026-05-18T15:25:18.572+0000] {processor.py:208} INFO - Processing /usr/local/python/3.12.1/lib/python3.12/site-packages/airflow/example_dags/example_dynamic_task_mapping_with_no_taskflow_operators.py took 0.058 seconds
[2026-05-18T15:26:21.598+0000] {processor.py:186} INFO - Started process (PID=65056) to work on /usr/local/python/3.12.1/lib/python3.12/site-packages/airflow/example_dags/example_dynamic_task_mapping_with_no_taskflow_operators.py
[2026-05-18T15:26:21.599+0000] {processor.py:914} INFO - Processing file /usr/local/python/3.12.1/lib/python3.12/site-packages/airflow/example_dags/example_dynamic_task_mapping_with_no_taskflow_operators.py for tasks to queue
[2026-05-18T15:26:21.601+0000] {logging_mixin.py:190} INFO - [2026-05-18T15:26:21.600+0000] {dagbag.py:588} INFO - Filling up the DagBag from /usr/local/python/3.12.1/lib/python3.12/site-packages/airflow/example_dags/example_dynamic_task_mapping_with_no_taskflow_operators.py
[2026-05-18T15:26:21.607+0000] {processor.py:925} INFO - DAG(s) 'example_dynamic_task_mapping_with_no_taskflow_operators' retrieved from /usr/local/python/3.12.1/lib/python3.12/site-packages/airflow/example_dags/example_dynamic_task_mapping_with_no_taskflow_operators.py
[2026-05-18T15:26:21.619+0000] {logging_mixin.py:190} INFO - [2026-05-18T15:26:21.619+0000] {dag.py:3239} INFO - Sync 1 DAGs
[2026-05-18T15:26:21.629+0000] {logging_mixin.py:190} INFO - [2026-05-18T15:26:21.629+0000] {dag.py:4180} INFO - Setting next_dagrun for example_dynamic_task_mapping_with_no_taskflow_operators to None, run_after=None
[2026-05-18T15:26:21.645+0000] {processor.py:208} INFO - Processing /usr/local/python/3.12.1/lib/python3.12/site-packages/airflow/example_dags/example_dynamic_task_mapping_with_no_taskflow_operators.py took 0.052 seconds
[2026-05-18T15:27:31.292+0000] {processor.py:186} INFO - Started process (PID=65768) to work on /usr/local/python/3.12.1/lib/python3.12/site-packages/airflow/example_dags/example_dynamic_task_mapping_with_no_taskflow_operators.py
[2026-05-18T15:27:31.293+0000] {processor.py:914} INFO - Processing file /usr/local/python/3.12.1/lib/python3.12/site-packages/airflow/example_dags/example_dynamic_task_mapping_with_no_taskflow_operators.py for tasks to queue
[2026-05-18T15:27:31.295+0000] {logging_mixin.py:190} INFO - [2026-05-18T15:27:31.294+0000] {dagbag.py:588} INFO - Filling up the DagBag from /usr/local/python/3.12.1/lib/python3.12/site-packages/airflow/example_dags/example_dynamic_task_mapping_with_no_taskflow_operators.py
[2026-05-18T15:27:31.301+0000] {processor.py:925} INFO - DAG(s) 'example_dynamic_task_mapping_with_no_taskflow_operators' retrieved from /usr/local/python/3.12.1/lib/python3.12/site-packages/airflow/example_dags/example_dynamic_task_mapping_with_no_taskflow_operators.py
[2026-05-18T15:27:31.313+0000] {logging_mixin.py:190} INFO - [2026-05-18T15:27:31.312+0000] {dag.py:3239} INFO - Sync 1 DAGs
[2026-05-18T15:27:31.322+0000] {logging_mixin.py:190} INFO - [2026-05-18T15:27:31.322+0000] {dag.py:4180} INFO - Setting next_dagrun for example_dynamic_task_mapping_with_no_taskflow_operators to None, run_after=None
[2026-05-18T15:27:31.338+0000] {processor.py:208} INFO - Processing /usr/local/python/3.12.1/lib/python3.12/site-packages/airflow/example_dags/example_dynamic_task_mapping_with_no_taskflow_operators.py took 0.050 seconds
[2026-05-18T15:28:34.803+0000] {processor.py:186} INFO - Started process (PID=66430) to work on /usr/local/python/3.12.1/lib/python3.12/site-packages/airflow/example_dags/example_dynamic_task_mapping_with_no_taskflow_operators.py
[2026-05-18T15:28:34.803+0000] {processor.py:914} INFO - Processing file /usr/local/python/3.12.1/lib/python3.12/site-packages/airflow/example_dags/example_dynamic_task_mapping_with_no_taskflow_operators.py for tasks to queue
[2026-05-18T15:28:34.805+0000] {logging_mixin.py:190} INFO - [2026-05-18T15:28:34.805+0000] {dagbag.py:588} INFO - Filling up the DagBag from /usr/local/python/3.12.1/lib/python3.12/site-packages/airflow/example_dags/example_dynamic_task_mapping_with_no_taskflow_operators.py
[2026-05-18T15:28:34.811+0000] {processor.py:925} INFO - DAG(s) 'example_dynamic_task_mapping_with_no_taskflow_operators' retrieved from /usr/local/python/3.12.1/lib/python3.12/site-packages/airflow/example_dags/example_dynamic_task_mapping_with_no_taskflow_operators.py
[2026-05-18T15:28:34.823+0000] {logging_mixin.py:190} INFO - [2026-05-18T15:28:34.823+0000] {dag.py:3239} INFO - Sync 1 DAGs
[2026-05-18T15:28:34.834+0000] {logging_mixin.py:190} INFO - [2026-05-18T15:28:34.834+0000] {dag.py:4180} INFO - Setting next_dagrun for example_dynamic_task_mapping_with_no_taskflow_operators to None, run_after=None
[2026-05-18T15:28:34.851+0000] {processor.py:208} INFO - Processing /usr/local/python/3.12.1/lib/python3.12/site-packages/airflow/example_dags/example_dynamic_task_mapping_with_no_taskflow_operators.py took 0.052 seconds
[2026-05-18T15:29:36.803+0000] {processor.py:186} INFO - Started process (PID=67037) to work on /usr/local/python/3.12.1/lib/python3.12/site-packages/airflow/example_dags/example_dynamic_task_mapping_with_no_taskflow_operators.py
[2026-05-18T15:29:36.804+0000] {processor.py:914} INFO - Processing file /usr/local/python/3.12.1/lib/python3.12/site-packages/airflow/example_dags/example_dynamic_task_mapping_with_no_taskflow_operators.py for tasks to queue
[2026-05-18T15:29:36.805+0000] {logging_mixin.py:190} INFO - [2026-05-18T15:29:36.805+0000] {dagbag.py:588} INFO - Filling up the DagBag from /usr/local/python/3.12.1/lib/python3.12/site-packages/airflow/example_dags/example_dynamic_task_mapping_with_no_taskflow_operators.py
[2026-05-18T15:29:36.812+0000] {processor.py:925} INFO - DAG(s) 'example_dynamic_task_mapping_with_no_taskflow_operators' retrieved from /usr/local/python/3.12.1/lib/python3.12/site-packages/airflow/example_dags/example_dynamic_task_mapping_with_no_taskflow_operators.py
[2026-05-18T15:29:36.823+0000] {logging_mixin.py:190} INFO - [2026-05-18T15:29:36.823+0000] {dag.py:3239} INFO - Sync 1 DAGs
[2026-05-18T15:29:36.833+0000] {logging_mixin.py:190} INFO - [2026-05-18T15:29:36.833+0000] {dag.py:4180} INFO - Setting next_dagrun for example_dynamic_task_mapping_with_no_taskflow_operators to None, run_after=None
[2026-05-18T15:29:36.849+0000] {processor.py:208} INFO - Processing /usr/local/python/3.12.1/lib/python3.12/site-packages/airflow/example_dags/example_dynamic_task_mapping_with_no_taskflow_operators.py took 0.052 seconds
[2026-05-18T15:30:40.598+0000] {processor.py:186} INFO - Started process (PID=67703) to work on /usr/local/python/3.12.1/lib/python3.12/site-packages/airflow/example_dags/example_dynamic_task_mapping_with_no_taskflow_operators.py
[2026-05-18T15:30:40.599+0000] {processor.py:914} INFO - Processing file /usr/local/python/3.12.1/lib/python3.12/site-packages/airflow/example_dags/example_dynamic_task_mapping_with_no_taskflow_operators.py for tasks to queue
[2026-05-18T15:30:40.600+0000] {logging_mixin.py:190} INFO - [2026-05-18T15:30:40.600+0000] {dagbag.py:588} INFO - Filling up the DagBag from /usr/local/python/3.12.1/lib/python3.12/site-packages/airflow/example_dags/example_dynamic_task_mapping_with_no_taskflow_operators.py
[2026-05-18T15:30:40.607+0000] {processor.py:925} INFO - DAG(s) 'example_dynamic_task_mapping_with_no_taskflow_operators' retrieved from /usr/local/python/3.12.1/lib/python3.12/site-packages/airflow/example_dags/example_dynamic_task_mapping_with_no_taskflow_operators.py
[2026-05-18T15:30:40.619+0000] {logging_mixin.py:190} INFO - [2026-05-18T15:30:40.618+0000] {dag.py:3239} INFO - Sync 1 DAGs
[2026-05-18T15:30:40.629+0000] {logging_mixin.py:190} INFO - [2026-05-18T15:30:40.628+0000] {dag.py:4180} INFO - Setting next_dagrun for example_dynamic_task_mapping_with_no_taskflow_operators to None, run_after=None
[2026-05-18T15:30:40.646+0000] {processor.py:208} INFO - Processing /usr/local/python/3.12.1/lib/python3.12/site-packages/airflow/example_dags/example_dynamic_task_mapping_with_no_taskflow_operators.py took 0.052 seconds
[2026-05-18T15:31:42.075+0000] {processor.py:186} INFO - Started process (PID=68302) to work on /usr/local/python/3.12.1/lib/python3.12/site-packages/airflow/example_dags/example_dynamic_task_mapping_with_no_taskflow_operators.py
[2026-05-18T15:31:42.078+0000] {processor.py:914} INFO - Processing file /usr/local/python/3.12.1/lib/python3.12/site-packages/airflow/example_dags/example_dynamic_task_mapping_with_no_taskflow_operators.py for tasks to queue
[2026-05-18T15:31:42.080+0000] {logging_mixin.py:190} INFO - [2026-05-18T15:31:42.080+0000] {dagbag.py:588} INFO - Filling up the DagBag from /usr/local/python/3.12.1/lib/python3.12/site-packages/airflow/example_dags/example_dynamic_task_mapping_with_no_taskflow_operators.py
[2026-05-18T15:31:42.092+0000] {processor.py:925} INFO - DAG(s) 'example_dynamic_task_mapping_with_no_taskflow_operators' retrieved from /usr/local/python/3.12.1/lib/python3.12/site-packages/airflow/example_dags/example_dynamic_task_mapping_with_no_taskflow_operators.py
[2026-05-18T15:31:42.109+0000] {logging_mixin.py:190} INFO - [2026-05-18T15:31:42.109+0000] {dag.py:3239} INFO - Sync 1 DAGs
[2026-05-18T15:31:42.123+0000] {logging_mixin.py:190} INFO - [2026-05-18T15:31:42.123+0000] {dag.py:4180} INFO - Setting next_dagrun for example_dynamic_task_mapping_with_no_taskflow_operators to None, run_after=None
[2026-05-18T15:31:42.139+0000] {processor.py:208} INFO - Processing /usr/local/python/3.12.1/lib/python3.12/site-packages/airflow/example_dags/example_dynamic_task_mapping_with_no_taskflow_operators.py took 0.070 seconds
[2026-05-18T15:32:46.905+0000] {processor.py:186} INFO - Started process (PID=68987) to work on /usr/local/python/3.12.1/lib/python3.12/site-packages/airflow/example_dags/example_dynamic_task_mapping_with_no_taskflow_operators.py
[2026-05-18T15:32:46.906+0000] {processor.py:914} INFO - Processing file /usr/local/python/3.12.1/lib/python3.12/site-packages/airflow/example_dags/example_dynamic_task_mapping_with_no_taskflow_operators.py for tasks to queue
[2026-05-18T15:32:46.908+0000] {logging_mixin.py:190} INFO - [2026-05-18T15:32:46.907+0000] {dagbag.py:588} INFO - Filling up the DagBag from /usr/local/python/3.12.1/lib/python3.12/site-packages/airflow/example_dags/example_dynamic_task_mapping_with_no_taskflow_operators.py
[2026-05-18T15:32:46.914+0000] {processor.py:925} INFO - DAG(s) 'example_dynamic_task_mapping_with_no_taskflow_operators' retrieved from /usr/local/python/3.12.1/lib/python3.12/site-packages/airflow/example_dags/example_dynamic_task_mapping_with_no_taskflow_operators.py
[2026-05-18T15:32:46.926+0000] {logging_mixin.py:190} INFO - [2026-05-18T15:32:46.926+0000] {dag.py:3239} INFO - Sync 1 DAGs
[2026-05-18T15:32:46.936+0000] {logging_mixin.py:190} INFO - [2026-05-18T15:32:46.936+0000] {dag.py:4180} INFO - Setting next_dagrun for example_dynamic_task_mapping_with_no_taskflow_operators to None, run_after=None
[2026-05-18T15:32:46.952+0000] {processor.py:208} INFO - Processing /usr/local/python/3.12.1/lib/python3.12/site-packages/airflow/example_dags/example_dynamic_task_mapping_with_no_taskflow_operators.py took 0.051 seconds
[2026-05-18T15:33:47.645+0000] {processor.py:186} INFO - Started process (PID=69578) to work on /usr/local/python/3.12.1/lib/python3.12/site-packages/airflow/example_dags/example_dynamic_task_mapping_with_no_taskflow_operators.py
[2026-05-18T15:33:47.646+0000] {processor.py:914} INFO - Processing file /usr/local/python/3.12.1/lib/python3.12/site-packages/airflow/example_dags/example_dynamic_task_mapping_with_no_taskflow_operators.py for tasks to queue
[2026-05-18T15:33:47.648+0000] {logging_mixin.py:190} INFO - [2026-05-18T15:33:47.647+0000] {dagbag.py:588} INFO - Filling up the DagBag from /usr/local/python/3.12.1/lib/python3.12/site-packages/airflow/example_dags/example_dynamic_task_mapping_with_no_taskflow_operators.py
[2026-05-18T15:33:47.654+0000] {processor.py:925} INFO - DAG(s) 'example_dynamic_task_mapping_with_no_taskflow_operators' retrieved from /usr/local/python/3.12.1/lib/python3.12/site-packages/airflow/example_dags/example_dynamic_task_mapping_with_no_taskflow_operators.py
[2026-05-18T15:33:47.665+0000] {logging_mixin.py:190} INFO - [2026-05-18T15:33:47.665+0000] {dag.py:3239} INFO - Sync 1 DAGs
[2026-05-18T15:33:47.678+0000] {logging_mixin.py:190} INFO - [2026-05-18T15:33:47.678+0000] {dag.py:4180} INFO - Setting next_dagrun for example_dynamic_task_mapping_with_no_taskflow_operators to None, run_after=None
[2026-05-18T15:33:47.696+0000] {processor.py:208} INFO - Processing /usr/local/python/3.12.1/lib/python3.12/site-packages/airflow/example_dags/example_dynamic_task_mapping_with_no_taskflow_operators.py took 0.055 seconds
[2026-05-18T15:34:52.907+0000] {processor.py:186} INFO - Started process (PID=70255) to work on /usr/local/python/3.12.1/lib/python3.12/site-packages/airflow/example_dags/example_dynamic_task_mapping_with_no_taskflow_operators.py
[2026-05-18T15:34:52.908+0000] {processor.py:914} INFO - Processing file /usr/local/python/3.12.1/lib/python3.12/site-packages/airflow/example_dags/example_dynamic_task_mapping_with_no_taskflow_operators.py for tasks to queue
[2026-05-18T15:34:52.910+0000] {logging_mixin.py:190} INFO - [2026-05-18T15:34:52.909+0000] {dagbag.py:588} INFO - Filling up the DagBag from /usr/local/python/3.12.1/lib/python3.12/site-packages/airflow/example_dags/example_dynamic_task_mapping_with_no_taskflow_operators.py
[2026-05-18T15:34:52.917+0000] {processor.py:925} INFO - DAG(s) 'example_dynamic_task_mapping_with_no_taskflow_operators' retrieved from /usr/local/python/3.12.1/lib/python3.12/site-packages/airflow/example_dags/example_dynamic_task_mapping_with_no_taskflow_operators.py
[2026-05-18T15:34:52.929+0000] {logging_mixin.py:190} INFO - [2026-05-18T15:34:52.928+0000] {dag.py:3239} INFO - Sync 1 DAGs
[2026-05-18T15:34:52.939+0000] {logging_mixin.py:190} INFO - [2026-05-18T15:34:52.938+0000] {dag.py:4180} INFO - Setting next_dagrun for example_dynamic_task_mapping_with_no_taskflow_operators to None, run_after=None
[2026-05-18T15:34:52.954+0000] {processor.py:208} INFO - Processing /usr/local/python/3.12.1/lib/python3.12/site-packages/airflow/example_dags/example_dynamic_task_mapping_with_no_taskflow_operators.py took 0.051 seconds
[2026-05-18T15:35:56.438+0000] {processor.py:186} INFO - Started process (PID=70978) to work on /usr/local/python/3.12.1/lib/python3.12/site-packages/airflow/example_dags/example_dynamic_task_mapping_with_no_taskflow_operators.py
[2026-05-18T15:35:56.439+0000] {processor.py:914} INFO - Processing file /usr/local/python/3.12.1/lib/python3.12/site-packages/airflow/example_dags/example_dynamic_task_mapping_with_no_taskflow_operators.py for tasks to queue
[2026-05-18T15:35:56.440+0000] {logging_mixin.py:190} INFO - [2026-05-18T15:35:56.440+0000] {dagbag.py:588} INFO - Filling up the DagBag from /usr/local/python/3.12.1/lib/python3.12/site-packages/airflow/example_dags/example_dynamic_task_mapping_with_no_taskflow_operators.py
[2026-05-18T15:35:56.446+0000] {processor.py:925} INFO - DAG(s) 'example_dynamic_task_mapping_with_no_taskflow_operators' retrieved from /usr/local/python/3.12.1/lib/python3.12/site-packages/airflow/example_dags/example_dynamic_task_mapping_with_no_taskflow_operators.py
[2026-05-18T15:35:56.458+0000] {logging_mixin.py:190} INFO - [2026-05-18T15:35:56.457+0000] {dag.py:3239} INFO - Sync 1 DAGs
[2026-05-18T15:35:56.468+0000] {logging_mixin.py:190} INFO - [2026-05-18T15:35:56.468+0000] {dag.py:4180} INFO - Setting next_dagrun for example_dynamic_task_mapping_with_no_taskflow_operators to None, run_after=None
[2026-05-18T15:35:56.487+0000] {processor.py:208} INFO - Processing /usr/local/python/3.12.1/lib/python3.12/site-packages/airflow/example_dags/example_dynamic_task_mapping_with_no_taskflow_operators.py took 0.053 seconds
[2026-05-18T15:36:56.515+0000] {processor.py:186} INFO - Started process (PID=71565) to work on /usr/local/python/3.12.1/lib/python3.12/site-packages/airflow/example_dags/example_dynamic_task_mapping_with_no_taskflow_operators.py
[2026-05-18T15:36:56.516+0000] {processor.py:914} INFO - Processing file /usr/local/python/3.12.1/lib/python3.12/site-packages/airflow/example_dags/example_dynamic_task_mapping_with_no_taskflow_operators.py for tasks to queue
[2026-05-18T15:36:56.517+0000] {logging_mixin.py:190} INFO - [2026-05-18T15:36:56.517+0000] {dagbag.py:588} INFO - Filling up the DagBag from /usr/local/python/3.12.1/lib/python3.12/site-packages/airflow/example_dags/example_dynamic_task_mapping_with_no_taskflow_operators.py
[2026-05-18T15:36:56.523+0000] {processor.py:925} INFO - DAG(s) 'example_dynamic_task_mapping_with_no_taskflow_operators' retrieved from /usr/local/python/3.12.1/lib/python3.12/site-packages/airflow/example_dags/example_dynamic_task_mapping_with_no_taskflow_operators.py
[2026-05-18T15:36:56.538+0000] {logging_mixin.py:190} INFO - [2026-05-18T15:36:56.538+0000] {dag.py:3239} INFO - Sync 1 DAGs
[2026-05-18T15:36:56.548+0000] {logging_mixin.py:190} INFO - [2026-05-18T15:36:56.548+0000] {dag.py:4180} INFO - Setting next_dagrun for example_dynamic_task_mapping_with_no_taskflow_operators to None, run_after=None
[2026-05-18T15:36:56.565+0000] {processor.py:208} INFO - Processing /usr/local/python/3.12.1/lib/python3.12/site-packages/airflow/example_dags/example_dynamic_task_mapping_with_no_taskflow_operators.py took 0.054 seconds
[2026-05-18T15:37:58.389+0000] {processor.py:186} INFO - Started process (PID=72224) to work on /usr/local/python/3.12.1/lib/python3.12/site-packages/airflow/example_dags/example_dynamic_task_mapping_with_no_taskflow_operators.py
[2026-05-18T15:37:58.390+0000] {processor.py:914} INFO - Processing file /usr/local/python/3.12.1/lib/python3.12/site-packages/airflow/example_dags/example_dynamic_task_mapping_with_no_taskflow_operators.py for tasks to queue
[2026-05-18T15:37:58.392+0000] {logging_mixin.py:190} INFO - [2026-05-18T15:37:58.392+0000] {dagbag.py:588} INFO - Filling up the DagBag from /usr/local/python/3.12.1/lib/python3.12/site-packages/airflow/example_dags/example_dynamic_task_mapping_with_no_taskflow_operators.py
[2026-05-18T15:37:58.399+0000] {processor.py:925} INFO - DAG(s) 'example_dynamic_task_mapping_with_no_taskflow_operators' retrieved from /usr/local/python/3.12.1/lib/python3.12/site-packages/airflow/example_dags/example_dynamic_task_mapping_with_no_taskflow_operators.py
[2026-05-18T15:37:58.412+0000] {logging_mixin.py:190} INFO - [2026-05-18T15:37:58.411+0000] {dag.py:3239} INFO - Sync 1 DAGs
[2026-05-18T15:37:58.422+0000] {logging_mixin.py:190} INFO - [2026-05-18T15:37:58.422+0000] {dag.py:4180} INFO - Setting next_dagrun for example_dynamic_task_mapping_with_no_taskflow_operators to None, run_after=None
[2026-05-18T15:37:58.440+0000] {processor.py:208} INFO - Processing /usr/local/python/3.12.1/lib/python3.12/site-packages/airflow/example_dags/example_dynamic_task_mapping_with_no_taskflow_operators.py took 0.057 seconds
[2026-05-18T15:39:02.776+0000] {processor.py:186} INFO - Started process (PID=72849) to work on /usr/local/python/3.12.1/lib/python3.12/site-packages/airflow/example_dags/example_dynamic_task_mapping_with_no_taskflow_operators.py
[2026-05-18T15:39:02.776+0000] {processor.py:914} INFO - Processing file /usr/local/python/3.12.1/lib/python3.12/site-packages/airflow/example_dags/example_dynamic_task_mapping_with_no_taskflow_operators.py for tasks to queue
[2026-05-18T15:39:02.778+0000] {logging_mixin.py:190} INFO - [2026-05-18T15:39:02.777+0000] {dagbag.py:588} INFO - Filling up the DagBag from /usr/local/python/3.12.1/lib/python3.12/site-packages/airflow/example_dags/example_dynamic_task_mapping_with_no_taskflow_operators.py
[2026-05-18T15:39:02.784+0000] {processor.py:925} INFO - DAG(s) 'example_dynamic_task_mapping_with_no_taskflow_operators' retrieved from /usr/local/python/3.12.1/lib/python3.12/site-packages/airflow/example_dags/example_dynamic_task_mapping_with_no_taskflow_operators.py
[2026-05-18T15:39:02.796+0000] {logging_mixin.py:190} INFO - [2026-05-18T15:39:02.795+0000] {dag.py:3239} INFO - Sync 1 DAGs
[2026-05-18T15:39:02.805+0000] {logging_mixin.py:190} INFO - [2026-05-18T15:39:02.805+0000] {dag.py:4180} INFO - Setting next_dagrun for example_dynamic_task_mapping_with_no_taskflow_operators to None, run_after=None
[2026-05-18T15:39:02.821+0000] {processor.py:208} INFO - Processing /usr/local/python/3.12.1/lib/python3.12/site-packages/airflow/example_dags/example_dynamic_task_mapping_with_no_taskflow_operators.py took 0.049 seconds
[2026-05-18T15:40:06.332+0000] {processor.py:186} INFO - Started process (PID=73575) to work on /usr/local/python/3.12.1/lib/python3.12/site-packages/airflow/example_dags/example_dynamic_task_mapping_with_no_taskflow_operators.py
[2026-05-18T15:40:06.333+0000] {processor.py:914} INFO - Processing file /usr/local/python/3.12.1/lib/python3.12/site-packages/airflow/example_dags/example_dynamic_task_mapping_with_no_taskflow_operators.py for tasks to queue
[2026-05-18T15:40:06.334+0000] {logging_mixin.py:190} INFO - [2026-05-18T15:40:06.334+0000] {dagbag.py:588} INFO - Filling up the DagBag from /usr/local/python/3.12.1/lib/python3.12/site-packages/airflow/example_dags/example_dynamic_task_mapping_with_no_taskflow_operators.py
[2026-05-18T15:40:06.340+0000] {processor.py:925} INFO - DAG(s) 'example_dynamic_task_mapping_with_no_taskflow_operators' retrieved from /usr/local/python/3.12.1/lib/python3.12/site-packages/airflow/example_dags/example_dynamic_task_mapping_with_no_taskflow_operators.py
[2026-05-18T15:40:06.352+0000] {logging_mixin.py:190} INFO - [2026-05-18T15:40:06.352+0000] {dag.py:3239} INFO - Sync 1 DAGs
[2026-05-18T15:40:06.361+0000] {logging_mixin.py:190} INFO - [2026-05-18T15:40:06.361+0000] {dag.py:4180} INFO - Setting next_dagrun for example_dynamic_task_mapping_with_no_taskflow_operators to None, run_after=None
[2026-05-18T15:40:06.384+0000] {processor.py:208} INFO - Processing /usr/local/python/3.12.1/lib/python3.12/site-packages/airflow/example_dags/example_dynamic_task_mapping_with_no_taskflow_operators.py took 0.055 seconds
[2026-05-18T15:41:08.142+0000] {processor.py:186} INFO - Started process (PID=74177) to work on /usr/local/python/3.12.1/lib/python3.12/site-packages/airflow/example_dags/example_dynamic_task_mapping_with_no_taskflow_operators.py
[2026-05-18T15:41:08.143+0000] {processor.py:914} INFO - Processing file /usr/local/python/3.12.1/lib/python3.12/site-packages/airflow/example_dags/example_dynamic_task_mapping_with_no_taskflow_operators.py for tasks to queue
[2026-05-18T15:41:08.145+0000] {logging_mixin.py:190} INFO - [2026-05-18T15:41:08.144+0000] {dagbag.py:588} INFO - Filling up the DagBag from /usr/local/python/3.12.1/lib/python3.12/site-packages/airflow/example_dags/example_dynamic_task_mapping_with_no_taskflow_operators.py
[2026-05-18T15:41:08.151+0000] {processor.py:925} INFO - DAG(s) 'example_dynamic_task_mapping_with_no_taskflow_operators' retrieved from /usr/local/python/3.12.1/lib/python3.12/site-packages/airflow/example_dags/example_dynamic_task_mapping_with_no_taskflow_operators.py
[2026-05-18T15:41:08.163+0000] {logging_mixin.py:190} INFO - [2026-05-18T15:41:08.163+0000] {dag.py:3239} INFO - Sync 1 DAGs
[2026-05-18T15:41:08.182+0000] {logging_mixin.py:190} INFO - [2026-05-18T15:41:08.182+0000] {dag.py:4180} INFO - Setting next_dagrun for example_dynamic_task_mapping_with_no_taskflow_operators to None, run_after=None
[2026-05-18T15:41:08.200+0000] {processor.py:208} INFO - Processing /usr/local/python/3.12.1/lib/python3.12/site-packages/airflow/example_dags/example_dynamic_task_mapping_with_no_taskflow_operators.py took 0.062 seconds
[2026-05-18T15:42:14.627+0000] {processor.py:186} INFO - Started process (PID=74857) to work on /usr/local/python/3.12.1/lib/python3.12/site-packages/airflow/example_dags/example_dynamic_task_mapping_with_no_taskflow_operators.py
[2026-05-18T15:42:14.628+0000] {processor.py:914} INFO - Processing file /usr/local/python/3.12.1/lib/python3.12/site-packages/airflow/example_dags/example_dynamic_task_mapping_with_no_taskflow_operators.py for tasks to queue
[2026-05-18T15:42:14.630+0000] {logging_mixin.py:190} INFO - [2026-05-18T15:42:14.629+0000] {dagbag.py:588} INFO - Filling up the DagBag from /usr/local/python/3.12.1/lib/python3.12/site-packages/airflow/example_dags/example_dynamic_task_mapping_with_no_taskflow_operators.py
[2026-05-18T15:42:14.655+0000] {processor.py:925} INFO - DAG(s) 'example_dynamic_task_mapping_with_no_taskflow_operators' retrieved from /usr/local/python/3.12.1/lib/python3.12/site-packages/airflow/example_dags/example_dynamic_task_mapping_with_no_taskflow_operators.py
[2026-05-18T15:42:14.677+0000] {logging_mixin.py:190} INFO - [2026-05-18T15:42:14.677+0000] {dag.py:3239} INFO - Sync 1 DAGs
[2026-05-18T15:42:14.692+0000] {logging_mixin.py:190} INFO - [2026-05-18T15:42:14.692+0000] {dag.py:4180} INFO - Setting next_dagrun for example_dynamic_task_mapping_with_no_taskflow_operators to None, run_after=None
[2026-05-18T15:42:14.727+0000] {processor.py:208} INFO - Processing /usr/local/python/3.12.1/lib/python3.12/site-packages/airflow/example_dags/example_dynamic_task_mapping_with_no_taskflow_operators.py took 0.105 seconds
[2026-05-18T15:46:36.751+0000] {processor.py:186} INFO - Started process (PID=77603) to work on /usr/local/python/3.12.1/lib/python3.12/site-packages/airflow/example_dags/example_dynamic_task_mapping_with_no_taskflow_operators.py
[2026-05-18T15:46:36.751+0000] {processor.py:914} INFO - Processing file /usr/local/python/3.12.1/lib/python3.12/site-packages/airflow/example_dags/example_dynamic_task_mapping_with_no_taskflow_operators.py for tasks to queue
[2026-05-18T15:46:36.754+0000] {logging_mixin.py:190} INFO - [2026-05-18T15:46:36.754+0000] {dagbag.py:588} INFO - Filling up the DagBag from /usr/local/python/3.12.1/lib/python3.12/site-packages/airflow/example_dags/example_dynamic_task_mapping_with_no_taskflow_operators.py
[2026-05-18T15:46:36.760+0000] {processor.py:925} INFO - DAG(s) 'example_dynamic_task_mapping_with_no_taskflow_operators' retrieved from /usr/local/python/3.12.1/lib/python3.12/site-packages/airflow/example_dags/example_dynamic_task_mapping_with_no_taskflow_operators.py
[2026-05-18T15:46:36.775+0000] {logging_mixin.py:190} INFO - [2026-05-18T15:46:36.775+0000] {dag.py:3239} INFO - Sync 1 DAGs
[2026-05-18T15:46:36.788+0000] {logging_mixin.py:190} INFO - [2026-05-18T15:46:36.787+0000] {dag.py:4180} INFO - Setting next_dagrun for example_dynamic_task_mapping_with_no_taskflow_operators to None, run_after=None
[2026-05-18T15:46:36.805+0000] {processor.py:208} INFO - Processing /usr/local/python/3.12.1/lib/python3.12/site-packages/airflow/example_dags/example_dynamic_task_mapping_with_no_taskflow_operators.py took 0.058 seconds
[2026-05-18T15:47:38.382+0000] {processor.py:186} INFO - Started process (PID=78200) to work on /usr/local/python/3.12.1/lib/python3.12/site-packages/airflow/example_dags/example_dynamic_task_mapping_with_no_taskflow_operators.py
[2026-05-18T15:47:38.383+0000] {processor.py:914} INFO - Processing file /usr/local/python/3.12.1/lib/python3.12/site-packages/airflow/example_dags/example_dynamic_task_mapping_with_no_taskflow_operators.py for tasks to queue
[2026-05-18T15:47:38.385+0000] {logging_mixin.py:190} INFO - [2026-05-18T15:47:38.384+0000] {dagbag.py:588} INFO - Filling up the DagBag from /usr/local/python/3.12.1/lib/python3.12/site-packages/airflow/example_dags/example_dynamic_task_mapping_with_no_taskflow_operators.py
[2026-05-18T15:47:38.391+0000] {processor.py:925} INFO - DAG(s) 'example_dynamic_task_mapping_with_no_taskflow_operators' retrieved from /usr/local/python/3.12.1/lib/python3.12/site-packages/airflow/example_dags/example_dynamic_task_mapping_with_no_taskflow_operators.py
[2026-05-18T15:47:38.403+0000] {logging_mixin.py:190} INFO - [2026-05-18T15:47:38.403+0000] {dag.py:3239} INFO - Sync 1 DAGs
[2026-05-18T15:47:38.414+0000] {logging_mixin.py:190} INFO - [2026-05-18T15:47:38.414+0000] {dag.py:4180} INFO - Setting next_dagrun for example_dynamic_task_mapping_with_no_taskflow_operators to None, run_after=None
[2026-05-18T15:47:38.430+0000] {processor.py:208} INFO - Processing /usr/local/python/3.12.1/lib/python3.12/site-packages/airflow/example_dags/example_dynamic_task_mapping_with_no_taskflow_operators.py took 0.054 seconds
[2026-05-18T15:48:46.938+0000] {processor.py:186} INFO - Started process (PID=78930) to work on /usr/local/python/3.12.1/lib/python3.12/site-packages/airflow/example_dags/example_dynamic_task_mapping_with_no_taskflow_operators.py
[2026-05-18T15:48:46.941+0000] {processor.py:914} INFO - Processing file /usr/local/python/3.12.1/lib/python3.12/site-packages/airflow/example_dags/example_dynamic_task_mapping_with_no_taskflow_operators.py for tasks to queue
[2026-05-18T15:48:46.945+0000] {logging_mixin.py:190} INFO - [2026-05-18T15:48:46.945+0000] {dagbag.py:588} INFO - Filling up the DagBag from /usr/local/python/3.12.1/lib/python3.12/site-packages/airflow/example_dags/example_dynamic_task_mapping_with_no_taskflow_operators.py
[2026-05-18T15:48:46.960+0000] {processor.py:925} INFO - DAG(s) 'example_dynamic_task_mapping_with_no_taskflow_operators' retrieved from /usr/local/python/3.12.1/lib/python3.12/site-packages/airflow/example_dags/example_dynamic_task_mapping_with_no_taskflow_operators.py
[2026-05-18T15:48:47.008+0000] {logging_mixin.py:190} INFO - [2026-05-18T15:48:47.006+0000] {dag.py:3239} INFO - Sync 1 DAGs
[2026-05-18T15:48:47.058+0000] {logging_mixin.py:190} INFO - [2026-05-18T15:48:47.058+0000] {dag.py:4180} INFO - Setting next_dagrun for example_dynamic_task_mapping_with_no_taskflow_operators to None, run_after=None
[2026-05-18T15:48:47.100+0000] {processor.py:208} INFO - Processing /usr/local/python/3.12.1/lib/python3.12/site-packages/airflow/example_dags/example_dynamic_task_mapping_with_no_taskflow_operators.py took 0.176 seconds
[2026-05-18T15:49:50.748+0000] {processor.py:186} INFO - Started process (PID=79645) to work on /usr/local/python/3.12.1/lib/python3.12/site-packages/airflow/example_dags/example_dynamic_task_mapping_with_no_taskflow_operators.py
[2026-05-18T15:49:50.748+0000] {processor.py:914} INFO - Processing file /usr/local/python/3.12.1/lib/python3.12/site-packages/airflow/example_dags/example_dynamic_task_mapping_with_no_taskflow_operators.py for tasks to queue
[2026-05-18T15:49:50.750+0000] {logging_mixin.py:190} INFO - [2026-05-18T15:49:50.750+0000] {dagbag.py:588} INFO - Filling up the DagBag from /usr/local/python/3.12.1/lib/python3.12/site-packages/airflow/example_dags/example_dynamic_task_mapping_with_no_taskflow_operators.py
[2026-05-18T15:49:50.756+0000] {processor.py:925} INFO - DAG(s) 'example_dynamic_task_mapping_with_no_taskflow_operators' retrieved from /usr/local/python/3.12.1/lib/python3.12/site-packages/airflow/example_dags/example_dynamic_task_mapping_with_no_taskflow_operators.py
[2026-05-18T15:49:50.769+0000] {logging_mixin.py:190} INFO - [2026-05-18T15:49:50.769+0000] {dag.py:3239} INFO - Sync 1 DAGs
[2026-05-18T15:49:50.782+0000] {logging_mixin.py:190} INFO - [2026-05-18T15:49:50.782+0000] {dag.py:4180} INFO - Setting next_dagrun for example_dynamic_task_mapping_with_no_taskflow_operators to None, run_after=None
[2026-05-18T15:49:50.798+0000] {processor.py:208} INFO - Processing /usr/local/python/3.12.1/lib/python3.12/site-packages/airflow/example_dags/example_dynamic_task_mapping_with_no_taskflow_operators.py took 0.055 seconds
[2026-05-18T15:51:00.029+0000] {processor.py:186} INFO - Started process (PID=80521) to work on /usr/local/python/3.12.1/lib/python3.12/site-packages/airflow/example_dags/example_dynamic_task_mapping_with_no_taskflow_operators.py
[2026-05-18T15:51:00.030+0000] {processor.py:914} INFO - Processing file /usr/local/python/3.12.1/lib/python3.12/site-packages/airflow/example_dags/example_dynamic_task_mapping_with_no_taskflow_operators.py for tasks to queue
[2026-05-18T15:51:00.031+0000] {logging_mixin.py:190} INFO - [2026-05-18T15:51:00.030+0000] {dagbag.py:588} INFO - Filling up the DagBag from /usr/local/python/3.12.1/lib/python3.12/site-packages/airflow/example_dags/example_dynamic_task_mapping_with_no_taskflow_operators.py
[2026-05-18T15:51:00.039+0000] {processor.py:925} INFO - DAG(s) 'example_dynamic_task_mapping_with_no_taskflow_operators' retrieved from /usr/local/python/3.12.1/lib/python3.12/site-packages/airflow/example_dags/example_dynamic_task_mapping_with_no_taskflow_operators.py
[2026-05-18T15:51:00.052+0000] {logging_mixin.py:190} INFO - [2026-05-18T15:51:00.052+0000] {dag.py:3239} INFO - Sync 1 DAGs
[2026-05-18T15:51:00.062+0000] {logging_mixin.py:190} INFO - [2026-05-18T15:51:00.062+0000] {dag.py:4180} INFO - Setting next_dagrun for example_dynamic_task_mapping_with_no_taskflow_operators to None, run_after=None
[2026-05-18T15:51:00.081+0000] {processor.py:208} INFO - Processing /usr/local/python/3.12.1/lib/python3.12/site-packages/airflow/example_dags/example_dynamic_task_mapping_with_no_taskflow_operators.py took 0.057 seconds
[2026-05-18T15:52:00.494+0000] {processor.py:186} INFO - Started process (PID=81091) to work on /usr/local/python/3.12.1/lib/python3.12/site-packages/airflow/example_dags/example_dynamic_task_mapping_with_no_taskflow_operators.py
[2026-05-18T15:52:00.495+0000] {processor.py:914} INFO - Processing file /usr/local/python/3.12.1/lib/python3.12/site-packages/airflow/example_dags/example_dynamic_task_mapping_with_no_taskflow_operators.py for tasks to queue
[2026-05-18T15:52:00.496+0000] {logging_mixin.py:190} INFO - [2026-05-18T15:52:00.496+0000] {dagbag.py:588} INFO - Filling up the DagBag from /usr/local/python/3.12.1/lib/python3.12/site-packages/airflow/example_dags/example_dynamic_task_mapping_with_no_taskflow_operators.py
[2026-05-18T15:52:00.503+0000] {processor.py:925} INFO - DAG(s) 'example_dynamic_task_mapping_with_no_taskflow_operators' retrieved from /usr/local/python/3.12.1/lib/python3.12/site-packages/airflow/example_dags/example_dynamic_task_mapping_with_no_taskflow_operators.py
[2026-05-18T15:52:00.515+0000] {logging_mixin.py:190} INFO - [2026-05-18T15:52:00.515+0000] {dag.py:3239} INFO - Sync 1 DAGs
[2026-05-18T15:52:00.525+0000] {logging_mixin.py:190} INFO - [2026-05-18T15:52:00.525+0000] {dag.py:4180} INFO - Setting next_dagrun for example_dynamic_task_mapping_with_no_taskflow_operators to None, run_after=None
[2026-05-18T15:52:00.545+0000] {processor.py:208} INFO - Processing /usr/local/python/3.12.1/lib/python3.12/site-packages/airflow/example_dags/example_dynamic_task_mapping_with_no_taskflow_operators.py took 0.055 seconds
[2026-05-18T15:53:00.866+0000] {processor.py:186} INFO - Started process (PID=81619) to work on /usr/local/python/3.12.1/lib/python3.12/site-packages/airflow/example_dags/example_dynamic_task_mapping_with_no_taskflow_operators.py
[2026-05-18T15:53:00.867+0000] {processor.py:914} INFO - Processing file /usr/local/python/3.12.1/lib/python3.12/site-packages/airflow/example_dags/example_dynamic_task_mapping_with_no_taskflow_operators.py for tasks to queue
[2026-05-18T15:53:00.868+0000] {logging_mixin.py:190} INFO - [2026-05-18T15:53:00.867+0000] {dagbag.py:588} INFO - Filling up the DagBag from /usr/local/python/3.12.1/lib/python3.12/site-packages/airflow/example_dags/example_dynamic_task_mapping_with_no_taskflow_operators.py
[2026-05-18T15:53:00.875+0000] {processor.py:925} INFO - DAG(s) 'example_dynamic_task_mapping_with_no_taskflow_operators' retrieved from /usr/local/python/3.12.1/lib/python3.12/site-packages/airflow/example_dags/example_dynamic_task_mapping_with_no_taskflow_operators.py
[2026-05-18T15:53:00.890+0000] {logging_mixin.py:190} INFO - [2026-05-18T15:53:00.890+0000] {dag.py:3239} INFO - Sync 1 DAGs
[2026-05-18T15:53:00.901+0000] {logging_mixin.py:190} INFO - [2026-05-18T15:53:00.901+0000] {dag.py:4180} INFO - Setting next_dagrun for example_dynamic_task_mapping_with_no_taskflow_operators to None, run_after=None
[2026-05-18T15:53:00.930+0000] {processor.py:208} INFO - Processing /usr/local/python/3.12.1/lib/python3.12/site-packages/airflow/example_dags/example_dynamic_task_mapping_with_no_taskflow_operators.py took 0.069 seconds
[2026-05-18T15:54:02.263+0000] {processor.py:186} INFO - Started process (PID=82158) to work on /usr/local/python/3.12.1/lib/python3.12/site-packages/airflow/example_dags/example_dynamic_task_mapping_with_no_taskflow_operators.py
[2026-05-18T15:54:02.264+0000] {processor.py:914} INFO - Processing file /usr/local/python/3.12.1/lib/python3.12/site-packages/airflow/example_dags/example_dynamic_task_mapping_with_no_taskflow_operators.py for tasks to queue
[2026-05-18T15:54:02.265+0000] {logging_mixin.py:190} INFO - [2026-05-18T15:54:02.265+0000] {dagbag.py:588} INFO - Filling up the DagBag from /usr/local/python/3.12.1/lib/python3.12/site-packages/airflow/example_dags/example_dynamic_task_mapping_with_no_taskflow_operators.py
[2026-05-18T15:54:02.274+0000] {processor.py:925} INFO - DAG(s) 'example_dynamic_task_mapping_with_no_taskflow_operators' retrieved from /usr/local/python/3.12.1/lib/python3.12/site-packages/airflow/example_dags/example_dynamic_task_mapping_with_no_taskflow_operators.py
[2026-05-18T15:54:02.289+0000] {logging_mixin.py:190} INFO - [2026-05-18T15:54:02.288+0000] {dag.py:3239} INFO - Sync 1 DAGs
[2026-05-18T15:54:02.299+0000] {logging_mixin.py:190} INFO - [2026-05-18T15:54:02.299+0000] {dag.py:4180} INFO - Setting next_dagrun for example_dynamic_task_mapping_with_no_taskflow_operators to None, run_after=None
[2026-05-18T15:54:02.315+0000] {processor.py:208} INFO - Processing /usr/local/python/3.12.1/lib/python3.12/site-packages/airflow/example_dags/example_dynamic_task_mapping_with_no_taskflow_operators.py took 0.057 seconds
[2026-05-18T15:55:05.627+0000] {processor.py:186} INFO - Started process (PID=82694) to work on /usr/local/python/3.12.1/lib/python3.12/site-packages/airflow/example_dags/example_dynamic_task_mapping_with_no_taskflow_operators.py
[2026-05-18T15:55:05.628+0000] {processor.py:914} INFO - Processing file /usr/local/python/3.12.1/lib/python3.12/site-packages/airflow/example_dags/example_dynamic_task_mapping_with_no_taskflow_operators.py for tasks to queue
[2026-05-18T15:55:05.629+0000] {logging_mixin.py:190} INFO - [2026-05-18T15:55:05.628+0000] {dagbag.py:588} INFO - Filling up the DagBag from /usr/local/python/3.12.1/lib/python3.12/site-packages/airflow/example_dags/example_dynamic_task_mapping_with_no_taskflow_operators.py
[2026-05-18T15:55:05.635+0000] {processor.py:925} INFO - DAG(s) 'example_dynamic_task_mapping_with_no_taskflow_operators' retrieved from /usr/local/python/3.12.1/lib/python3.12/site-packages/airflow/example_dags/example_dynamic_task_mapping_with_no_taskflow_operators.py
[2026-05-18T15:55:05.647+0000] {logging_mixin.py:190} INFO - [2026-05-18T15:55:05.646+0000] {dag.py:3239} INFO - Sync 1 DAGs
[2026-05-18T15:55:05.656+0000] {logging_mixin.py:190} INFO - [2026-05-18T15:55:05.656+0000] {dag.py:4180} INFO - Setting next_dagrun for example_dynamic_task_mapping_with_no_taskflow_operators to None, run_after=None
[2026-05-18T15:55:05.674+0000] {processor.py:208} INFO - Processing /usr/local/python/3.12.1/lib/python3.12/site-packages/airflow/example_dags/example_dynamic_task_mapping_with_no_taskflow_operators.py took 0.051 seconds
[2026-05-18T15:56:06.290+0000] {processor.py:186} INFO - Started process (PID=83283) to work on /usr/local/python/3.12.1/lib/python3.12/site-packages/airflow/example_dags/example_dynamic_task_mapping_with_no_taskflow_operators.py
[2026-05-18T15:56:06.291+0000] {processor.py:914} INFO - Processing file /usr/local/python/3.12.1/lib/python3.12/site-packages/airflow/example_dags/example_dynamic_task_mapping_with_no_taskflow_operators.py for tasks to queue
[2026-05-18T15:56:06.292+0000] {logging_mixin.py:190} INFO - [2026-05-18T15:56:06.291+0000] {dagbag.py:588} INFO - Filling up the DagBag from /usr/local/python/3.12.1/lib/python3.12/site-packages/airflow/example_dags/example_dynamic_task_mapping_with_no_taskflow_operators.py
[2026-05-18T15:56:06.298+0000] {processor.py:925} INFO - DAG(s) 'example_dynamic_task_mapping_with_no_taskflow_operators' retrieved from /usr/local/python/3.12.1/lib/python3.12/site-packages/airflow/example_dags/example_dynamic_task_mapping_with_no_taskflow_operators.py
[2026-05-18T15:56:06.310+0000] {logging_mixin.py:190} INFO - [2026-05-18T15:56:06.309+0000] {dag.py:3239} INFO - Sync 1 DAGs
[2026-05-18T15:56:06.319+0000] {logging_mixin.py:190} INFO - [2026-05-18T15:56:06.319+0000] {dag.py:4180} INFO - Setting next_dagrun for example_dynamic_task_mapping_with_no_taskflow_operators to None, run_after=None
[2026-05-18T15:56:06.335+0000] {processor.py:208} INFO - Processing /usr/local/python/3.12.1/lib/python3.12/site-packages/airflow/example_dags/example_dynamic_task_mapping_with_no_taskflow_operators.py took 0.049 seconds
[2026-05-18T15:57:04.851+0000] {processor.py:186} INFO - Started process (PID=83797) to work on /usr/local/python/3.12.1/lib/python3.12/site-packages/airflow/example_dags/example_dynamic_task_mapping_with_no_taskflow_operators.py
[2026-05-18T15:57:04.852+0000] {processor.py:914} INFO - Processing file /usr/local/python/3.12.1/lib/python3.12/site-packages/airflow/example_dags/example_dynamic_task_mapping_with_no_taskflow_operators.py for tasks to queue
[2026-05-18T15:57:04.853+0000] {logging_mixin.py:190} INFO - [2026-05-18T15:57:04.853+0000] {dagbag.py:588} INFO - Filling up the DagBag from /usr/local/python/3.12.1/lib/python3.12/site-packages/airflow/example_dags/example_dynamic_task_mapping_with_no_taskflow_operators.py
[2026-05-18T15:57:04.861+0000] {processor.py:925} INFO - DAG(s) 'example_dynamic_task_mapping_with_no_taskflow_operators' retrieved from /usr/local/python/3.12.1/lib/python3.12/site-packages/airflow/example_dags/example_dynamic_task_mapping_with_no_taskflow_operators.py
[2026-05-18T15:57:04.876+0000] {logging_mixin.py:190} INFO - [2026-05-18T15:57:04.875+0000] {dag.py:3239} INFO - Sync 1 DAGs
[2026-05-18T15:57:04.891+0000] {logging_mixin.py:190} INFO - [2026-05-18T15:57:04.891+0000] {dag.py:4180} INFO - Setting next_dagrun for example_dynamic_task_mapping_with_no_taskflow_operators to None, run_after=None
[2026-05-18T15:57:04.917+0000] {processor.py:208} INFO - Processing /usr/local/python/3.12.1/lib/python3.12/site-packages/airflow/example_dags/example_dynamic_task_mapping_with_no_taskflow_operators.py took 0.070 seconds
[2026-05-18T15:58:02.782+0000] {processor.py:186} INFO - Started process (PID=84293) to work on /usr/local/python/3.12.1/lib/python3.12/site-packages/airflow/example_dags/example_dynamic_task_mapping_with_no_taskflow_operators.py
[2026-05-18T15:58:02.783+0000] {processor.py:914} INFO - Processing file /usr/local/python/3.12.1/lib/python3.12/site-packages/airflow/example_dags/example_dynamic_task_mapping_with_no_taskflow_operators.py for tasks to queue
[2026-05-18T15:58:02.784+0000] {logging_mixin.py:190} INFO - [2026-05-18T15:58:02.783+0000] {dagbag.py:588} INFO - Filling up the DagBag from /usr/local/python/3.12.1/lib/python3.12/site-packages/airflow/example_dags/example_dynamic_task_mapping_with_no_taskflow_operators.py
[2026-05-18T15:58:02.791+0000] {processor.py:925} INFO - DAG(s) 'example_dynamic_task_mapping_with_no_taskflow_operators' retrieved from /usr/local/python/3.12.1/lib/python3.12/site-packages/airflow/example_dags/example_dynamic_task_mapping_with_no_taskflow_operators.py
[2026-05-18T15:58:02.804+0000] {logging_mixin.py:190} INFO - [2026-05-18T15:58:02.804+0000] {dag.py:3239} INFO - Sync 1 DAGs
[2026-05-18T15:58:02.814+0000] {logging_mixin.py:190} INFO - [2026-05-18T15:58:02.814+0000] {dag.py:4180} INFO - Setting next_dagrun for example_dynamic_task_mapping_with_no_taskflow_operators to None, run_after=None
[2026-05-18T15:58:02.831+0000] {processor.py:208} INFO - Processing /usr/local/python/3.12.1/lib/python3.12/site-packages/airflow/example_dags/example_dynamic_task_mapping_with_no_taskflow_operators.py took 0.055 seconds
[2026-05-18T15:59:00.885+0000] {processor.py:186} INFO - Started process (PID=84813) to work on /usr/local/python/3.12.1/lib/python3.12/site-packages/airflow/example_dags/example_dynamic_task_mapping_with_no_taskflow_operators.py
[2026-05-18T15:59:00.886+0000] {processor.py:914} INFO - Processing file /usr/local/python/3.12.1/lib/python3.12/site-packages/airflow/example_dags/example_dynamic_task_mapping_with_no_taskflow_operators.py for tasks to queue
[2026-05-18T15:59:00.887+0000] {logging_mixin.py:190} INFO - [2026-05-18T15:59:00.887+0000] {dagbag.py:588} INFO - Filling up the DagBag from /usr/local/python/3.12.1/lib/python3.12/site-packages/airflow/example_dags/example_dynamic_task_mapping_with_no_taskflow_operators.py
[2026-05-18T15:59:00.894+0000] {processor.py:925} INFO - DAG(s) 'example_dynamic_task_mapping_with_no_taskflow_operators' retrieved from /usr/local/python/3.12.1/lib/python3.12/site-packages/airflow/example_dags/example_dynamic_task_mapping_with_no_taskflow_operators.py
[2026-05-18T15:59:00.905+0000] {logging_mixin.py:190} INFO - [2026-05-18T15:59:00.905+0000] {dag.py:3239} INFO - Sync 1 DAGs
[2026-05-18T15:59:00.915+0000] {logging_mixin.py:190} INFO - [2026-05-18T15:59:00.915+0000] {dag.py:4180} INFO - Setting next_dagrun for example_dynamic_task_mapping_with_no_taskflow_operators to None, run_after=None
[2026-05-18T15:59:00.931+0000] {processor.py:208} INFO - Processing /usr/local/python/3.12.1/lib/python3.12/site-packages/airflow/example_dags/example_dynamic_task_mapping_with_no_taskflow_operators.py took 0.051 seconds
[2026-05-18T16:00:04.970+0000] {processor.py:186} INFO - Started process (PID=85426) to work on /usr/local/python/3.12.1/lib/python3.12/site-packages/airflow/example_dags/example_dynamic_task_mapping_with_no_taskflow_operators.py
[2026-05-18T16:00:04.970+0000] {processor.py:914} INFO - Processing file /usr/local/python/3.12.1/lib/python3.12/site-packages/airflow/example_dags/example_dynamic_task_mapping_with_no_taskflow_operators.py for tasks to queue
[2026-05-18T16:00:04.972+0000] {logging_mixin.py:190} INFO - [2026-05-18T16:00:04.971+0000] {dagbag.py:588} INFO - Filling up the DagBag from /usr/local/python/3.12.1/lib/python3.12/site-packages/airflow/example_dags/example_dynamic_task_mapping_with_no_taskflow_operators.py
[2026-05-18T16:00:04.980+0000] {processor.py:925} INFO - DAG(s) 'example_dynamic_task_mapping_with_no_taskflow_operators' retrieved from /usr/local/python/3.12.1/lib/python3.12/site-packages/airflow/example_dags/example_dynamic_task_mapping_with_no_taskflow_operators.py
[2026-05-18T16:00:04.994+0000] {logging_mixin.py:190} INFO - [2026-05-18T16:00:04.994+0000] {dag.py:3239} INFO - Sync 1 DAGs
[2026-05-18T16:00:05.004+0000] {logging_mixin.py:190} INFO - [2026-05-18T16:00:05.004+0000] {dag.py:4180} INFO - Setting next_dagrun for example_dynamic_task_mapping_with_no_taskflow_operators to None, run_after=None
[2026-05-18T16:00:05.020+0000] {processor.py:208} INFO - Processing /usr/local/python/3.12.1/lib/python3.12/site-packages/airflow/example_dags/example_dynamic_task_mapping_with_no_taskflow_operators.py took 0.056 seconds
[2026-05-18T16:01:08.194+0000] {processor.py:186} INFO - Started process (PID=86031) to work on /usr/local/python/3.12.1/lib/python3.12/site-packages/airflow/example_dags/example_dynamic_task_mapping_with_no_taskflow_operators.py
[2026-05-18T16:01:08.195+0000] {processor.py:914} INFO - Processing file /usr/local/python/3.12.1/lib/python3.12/site-packages/airflow/example_dags/example_dynamic_task_mapping_with_no_taskflow_operators.py for tasks to queue
[2026-05-18T16:01:08.196+0000] {logging_mixin.py:190} INFO - [2026-05-18T16:01:08.196+0000] {dagbag.py:588} INFO - Filling up the DagBag from /usr/local/python/3.12.1/lib/python3.12/site-packages/airflow/example_dags/example_dynamic_task_mapping_with_no_taskflow_operators.py
[2026-05-18T16:01:08.204+0000] {processor.py:925} INFO - DAG(s) 'example_dynamic_task_mapping_with_no_taskflow_operators' retrieved from /usr/local/python/3.12.1/lib/python3.12/site-packages/airflow/example_dags/example_dynamic_task_mapping_with_no_taskflow_operators.py
[2026-05-18T16:01:08.217+0000] {logging_mixin.py:190} INFO - [2026-05-18T16:01:08.217+0000] {dag.py:3239} INFO - Sync 1 DAGs
[2026-05-18T16:01:08.228+0000] {logging_mixin.py:190} INFO - [2026-05-18T16:01:08.227+0000] {dag.py:4180} INFO - Setting next_dagrun for example_dynamic_task_mapping_with_no_taskflow_operators to None, run_after=None
[2026-05-18T16:01:08.248+0000] {processor.py:208} INFO - Processing /usr/local/python/3.12.1/lib/python3.12/site-packages/airflow/example_dags/example_dynamic_task_mapping_with_no_taskflow_operators.py took 0.058 seconds
[2026-05-18T16:02:07.918+0000] {processor.py:186} INFO - Started process (PID=86555) to work on /usr/local/python/3.12.1/lib/python3.12/site-packages/airflow/example_dags/example_dynamic_task_mapping_with_no_taskflow_operators.py
[2026-05-18T16:02:07.919+0000] {processor.py:914} INFO - Processing file /usr/local/python/3.12.1/lib/python3.12/site-packages/airflow/example_dags/example_dynamic_task_mapping_with_no_taskflow_operators.py for tasks to queue
[2026-05-18T16:02:07.920+0000] {logging_mixin.py:190} INFO - [2026-05-18T16:02:07.920+0000] {dagbag.py:588} INFO - Filling up the DagBag from /usr/local/python/3.12.1/lib/python3.12/site-packages/airflow/example_dags/example_dynamic_task_mapping_with_no_taskflow_operators.py
[2026-05-18T16:02:07.926+0000] {processor.py:925} INFO - DAG(s) 'example_dynamic_task_mapping_with_no_taskflow_operators' retrieved from /usr/local/python/3.12.1/lib/python3.12/site-packages/airflow/example_dags/example_dynamic_task_mapping_with_no_taskflow_operators.py
[2026-05-18T16:02:07.939+0000] {logging_mixin.py:190} INFO - [2026-05-18T16:02:07.939+0000] {dag.py:3239} INFO - Sync 1 DAGs
[2026-05-18T16:02:07.949+0000] {logging_mixin.py:190} INFO - [2026-05-18T16:02:07.949+0000] {dag.py:4180} INFO - Setting next_dagrun for example_dynamic_task_mapping_with_no_taskflow_operators to None, run_after=None
[2026-05-18T16:02:07.969+0000] {processor.py:208} INFO - Processing /usr/local/python/3.12.1/lib/python3.12/site-packages/airflow/example_dags/example_dynamic_task_mapping_with_no_taskflow_operators.py took 0.057 seconds
[2026-05-18T16:03:12.552+0000] {processor.py:186} INFO - Started process (PID=87127) to work on /usr/local/python/3.12.1/lib/python3.12/site-packages/airflow/example_dags/example_dynamic_task_mapping_with_no_taskflow_operators.py
[2026-05-18T16:03:12.552+0000] {processor.py:914} INFO - Processing file /usr/local/python/3.12.1/lib/python3.12/site-packages/airflow/example_dags/example_dynamic_task_mapping_with_no_taskflow_operators.py for tasks to queue
[2026-05-18T16:03:12.553+0000] {logging_mixin.py:190} INFO - [2026-05-18T16:03:12.553+0000] {dagbag.py:588} INFO - Filling up the DagBag from /usr/local/python/3.12.1/lib/python3.12/site-packages/airflow/example_dags/example_dynamic_task_mapping_with_no_taskflow_operators.py
[2026-05-18T16:03:12.560+0000] {processor.py:925} INFO - DAG(s) 'example_dynamic_task_mapping_with_no_taskflow_operators' retrieved from /usr/local/python/3.12.1/lib/python3.12/site-packages/airflow/example_dags/example_dynamic_task_mapping_with_no_taskflow_operators.py
[2026-05-18T16:03:12.573+0000] {logging_mixin.py:190} INFO - [2026-05-18T16:03:12.573+0000] {dag.py:3239} INFO - Sync 1 DAGs
[2026-05-18T16:03:12.586+0000] {logging_mixin.py:190} INFO - [2026-05-18T16:03:12.586+0000] {dag.py:4180} INFO - Setting next_dagrun for example_dynamic_task_mapping_with_no_taskflow_operators to None, run_after=None
[2026-05-18T16:03:12.602+0000] {processor.py:208} INFO - Processing /usr/local/python/3.12.1/lib/python3.12/site-packages/airflow/example_dags/example_dynamic_task_mapping_with_no_taskflow_operators.py took 0.054 seconds
[2026-05-18T16:04:11.409+0000] {processor.py:186} INFO - Started process (PID=87626) to work on /usr/local/python/3.12.1/lib/python3.12/site-packages/airflow/example_dags/example_dynamic_task_mapping_with_no_taskflow_operators.py
[2026-05-18T16:04:11.410+0000] {processor.py:914} INFO - Processing file /usr/local/python/3.12.1/lib/python3.12/site-packages/airflow/example_dags/example_dynamic_task_mapping_with_no_taskflow_operators.py for tasks to queue
[2026-05-18T16:04:11.411+0000] {logging_mixin.py:190} INFO - [2026-05-18T16:04:11.410+0000] {dagbag.py:588} INFO - Filling up the DagBag from /usr/local/python/3.12.1/lib/python3.12/site-packages/airflow/example_dags/example_dynamic_task_mapping_with_no_taskflow_operators.py
[2026-05-18T16:04:11.418+0000] {processor.py:925} INFO - DAG(s) 'example_dynamic_task_mapping_with_no_taskflow_operators' retrieved from /usr/local/python/3.12.1/lib/python3.12/site-packages/airflow/example_dags/example_dynamic_task_mapping_with_no_taskflow_operators.py
[2026-05-18T16:04:11.430+0000] {logging_mixin.py:190} INFO - [2026-05-18T16:04:11.430+0000] {dag.py:3239} INFO - Sync 1 DAGs
[2026-05-18T16:04:11.441+0000] {logging_mixin.py:190} INFO - [2026-05-18T16:04:11.441+0000] {dag.py:4180} INFO - Setting next_dagrun for example_dynamic_task_mapping_with_no_taskflow_operators to None, run_after=None
[2026-05-18T16:04:11.457+0000] {processor.py:208} INFO - Processing /usr/local/python/3.12.1/lib/python3.12/site-packages/airflow/example_dags/example_dynamic_task_mapping_with_no_taskflow_operators.py took 0.052 seconds
[2026-05-18T16:05:13.269+0000] {processor.py:186} INFO - Started process (PID=88179) to work on /usr/local/python/3.12.1/lib/python3.12/site-packages/airflow/example_dags/example_dynamic_task_mapping_with_no_taskflow_operators.py
[2026-05-18T16:05:13.270+0000] {processor.py:914} INFO - Processing file /usr/local/python/3.12.1/lib/python3.12/site-packages/airflow/example_dags/example_dynamic_task_mapping_with_no_taskflow_operators.py for tasks to queue
[2026-05-18T16:05:13.271+0000] {logging_mixin.py:190} INFO - [2026-05-18T16:05:13.271+0000] {dagbag.py:588} INFO - Filling up the DagBag from /usr/local/python/3.12.1/lib/python3.12/site-packages/airflow/example_dags/example_dynamic_task_mapping_with_no_taskflow_operators.py
[2026-05-18T16:05:13.280+0000] {processor.py:925} INFO - DAG(s) 'example_dynamic_task_mapping_with_no_taskflow_operators' retrieved from /usr/local/python/3.12.1/lib/python3.12/site-packages/airflow/example_dags/example_dynamic_task_mapping_with_no_taskflow_operators.py
[2026-05-18T16:05:13.293+0000] {logging_mixin.py:190} INFO - [2026-05-18T16:05:13.293+0000] {dag.py:3239} INFO - Sync 1 DAGs
[2026-05-18T16:05:13.303+0000] {logging_mixin.py:190} INFO - [2026-05-18T16:05:13.303+0000] {dag.py:4180} INFO - Setting next_dagrun for example_dynamic_task_mapping_with_no_taskflow_operators to None, run_after=None
[2026-05-18T16:05:13.319+0000] {processor.py:208} INFO - Processing /usr/local/python/3.12.1/lib/python3.12/site-packages/airflow/example_dags/example_dynamic_task_mapping_with_no_taskflow_operators.py took 0.055 seconds
[2026-05-18T16:06:12.720+0000] {processor.py:186} INFO - Started process (PID=88747) to work on /usr/local/python/3.12.1/lib/python3.12/site-packages/airflow/example_dags/example_dynamic_task_mapping_with_no_taskflow_operators.py
[2026-05-18T16:06:12.721+0000] {processor.py:914} INFO - Processing file /usr/local/python/3.12.1/lib/python3.12/site-packages/airflow/example_dags/example_dynamic_task_mapping_with_no_taskflow_operators.py for tasks to queue
[2026-05-18T16:06:12.722+0000] {logging_mixin.py:190} INFO - [2026-05-18T16:06:12.722+0000] {dagbag.py:588} INFO - Filling up the DagBag from /usr/local/python/3.12.1/lib/python3.12/site-packages/airflow/example_dags/example_dynamic_task_mapping_with_no_taskflow_operators.py
[2026-05-18T16:06:12.729+0000] {processor.py:925} INFO - DAG(s) 'example_dynamic_task_mapping_with_no_taskflow_operators' retrieved from /usr/local/python/3.12.1/lib/python3.12/site-packages/airflow/example_dags/example_dynamic_task_mapping_with_no_taskflow_operators.py
[2026-05-18T16:06:12.741+0000] {logging_mixin.py:190} INFO - [2026-05-18T16:06:12.741+0000] {dag.py:3239} INFO - Sync 1 DAGs
[2026-05-18T16:06:12.751+0000] {logging_mixin.py:190} INFO - [2026-05-18T16:06:12.751+0000] {dag.py:4180} INFO - Setting next_dagrun for example_dynamic_task_mapping_with_no_taskflow_operators to None, run_after=None
[2026-05-18T16:06:12.782+0000] {processor.py:208} INFO - Processing /usr/local/python/3.12.1/lib/python3.12/site-packages/airflow/example_dags/example_dynamic_task_mapping_with_no_taskflow_operators.py took 0.065 seconds
[2026-05-18T16:07:18.696+0000] {processor.py:186} INFO - Started process (PID=89316) to work on /usr/local/python/3.12.1/lib/python3.12/site-packages/airflow/example_dags/example_dynamic_task_mapping_with_no_taskflow_operators.py
[2026-05-18T16:07:18.697+0000] {processor.py:914} INFO - Processing file /usr/local/python/3.12.1/lib/python3.12/site-packages/airflow/example_dags/example_dynamic_task_mapping_with_no_taskflow_operators.py for tasks to queue
[2026-05-18T16:07:18.698+0000] {logging_mixin.py:190} INFO - [2026-05-18T16:07:18.697+0000] {dagbag.py:588} INFO - Filling up the DagBag from /usr/local/python/3.12.1/lib/python3.12/site-packages/airflow/example_dags/example_dynamic_task_mapping_with_no_taskflow_operators.py
[2026-05-18T16:07:18.704+0000] {processor.py:925} INFO - DAG(s) 'example_dynamic_task_mapping_with_no_taskflow_operators' retrieved from /usr/local/python/3.12.1/lib/python3.12/site-packages/airflow/example_dags/example_dynamic_task_mapping_with_no_taskflow_operators.py
[2026-05-18T16:07:18.717+0000] {logging_mixin.py:190} INFO - [2026-05-18T16:07:18.717+0000] {dag.py:3239} INFO - Sync 1 DAGs
[2026-05-18T16:07:18.727+0000] {logging_mixin.py:190} INFO - [2026-05-18T16:07:18.727+0000] {dag.py:4180} INFO - Setting next_dagrun for example_dynamic_task_mapping_with_no_taskflow_operators to None, run_after=None
[2026-05-18T16:07:18.744+0000] {processor.py:208} INFO - Processing /usr/local/python/3.12.1/lib/python3.12/site-packages/airflow/example_dags/example_dynamic_task_mapping_with_no_taskflow_operators.py took 0.052 seconds
[2026-05-18T16:08:21.425+0000] {processor.py:186} INFO - Started process (PID=89851) to work on /usr/local/python/3.12.1/lib/python3.12/site-packages/airflow/example_dags/example_dynamic_task_mapping_with_no_taskflow_operators.py
[2026-05-18T16:08:21.426+0000] {processor.py:914} INFO - Processing file /usr/local/python/3.12.1/lib/python3.12/site-packages/airflow/example_dags/example_dynamic_task_mapping_with_no_taskflow_operators.py for tasks to queue
[2026-05-18T16:08:21.427+0000] {logging_mixin.py:190} INFO - [2026-05-18T16:08:21.427+0000] {dagbag.py:588} INFO - Filling up the DagBag from /usr/local/python/3.12.1/lib/python3.12/site-packages/airflow/example_dags/example_dynamic_task_mapping_with_no_taskflow_operators.py
[2026-05-18T16:08:21.434+0000] {processor.py:925} INFO - DAG(s) 'example_dynamic_task_mapping_with_no_taskflow_operators' retrieved from /usr/local/python/3.12.1/lib/python3.12/site-packages/airflow/example_dags/example_dynamic_task_mapping_with_no_taskflow_operators.py
[2026-05-18T16:08:21.445+0000] {logging_mixin.py:190} INFO - [2026-05-18T16:08:21.445+0000] {dag.py:3239} INFO - Sync 1 DAGs
[2026-05-18T16:08:21.454+0000] {logging_mixin.py:190} INFO - [2026-05-18T16:08:21.454+0000] {dag.py:4180} INFO - Setting next_dagrun for example_dynamic_task_mapping_with_no_taskflow_operators to None, run_after=None
[2026-05-18T16:08:21.472+0000] {processor.py:208} INFO - Processing /usr/local/python/3.12.1/lib/python3.12/site-packages/airflow/example_dags/example_dynamic_task_mapping_with_no_taskflow_operators.py took 0.051 seconds
[2026-05-18T16:09:22.498+0000] {processor.py:186} INFO - Started process (PID=90384) to work on /usr/local/python/3.12.1/lib/python3.12/site-packages/airflow/example_dags/example_dynamic_task_mapping_with_no_taskflow_operators.py
[2026-05-18T16:09:22.498+0000] {processor.py:914} INFO - Processing file /usr/local/python/3.12.1/lib/python3.12/site-packages/airflow/example_dags/example_dynamic_task_mapping_with_no_taskflow_operators.py for tasks to queue
[2026-05-18T16:09:22.499+0000] {logging_mixin.py:190} INFO - [2026-05-18T16:09:22.499+0000] {dagbag.py:588} INFO - Filling up the DagBag from /usr/local/python/3.12.1/lib/python3.12/site-packages/airflow/example_dags/example_dynamic_task_mapping_with_no_taskflow_operators.py
[2026-05-18T16:09:22.507+0000] {processor.py:925} INFO - DAG(s) 'example_dynamic_task_mapping_with_no_taskflow_operators' retrieved from /usr/local/python/3.12.1/lib/python3.12/site-packages/airflow/example_dags/example_dynamic_task_mapping_with_no_taskflow_operators.py
[2026-05-18T16:09:22.522+0000] {logging_mixin.py:190} INFO - [2026-05-18T16:09:22.521+0000] {dag.py:3239} INFO - Sync 1 DAGs
[2026-05-18T16:09:22.532+0000] {logging_mixin.py:190} INFO - [2026-05-18T16:09:22.532+0000] {dag.py:4180} INFO - Setting next_dagrun for example_dynamic_task_mapping_with_no_taskflow_operators to None, run_after=None
[2026-05-18T16:09:22.548+0000] {processor.py:208} INFO - Processing /usr/local/python/3.12.1/lib/python3.12/site-packages/airflow/example_dags/example_dynamic_task_mapping_with_no_taskflow_operators.py took 0.056 seconds
[2026-05-18T16:10:22.622+0000] {processor.py:186} INFO - Started process (PID=90912) to work on /usr/local/python/3.12.1/lib/python3.12/site-packages/airflow/example_dags/example_dynamic_task_mapping_with_no_taskflow_operators.py
[2026-05-18T16:10:22.623+0000] {processor.py:914} INFO - Processing file /usr/local/python/3.12.1/lib/python3.12/site-packages/airflow/example_dags/example_dynamic_task_mapping_with_no_taskflow_operators.py for tasks to queue
[2026-05-18T16:10:22.624+0000] {logging_mixin.py:190} INFO - [2026-05-18T16:10:22.624+0000] {dagbag.py:588} INFO - Filling up the DagBag from /usr/local/python/3.12.1/lib/python3.12/site-packages/airflow/example_dags/example_dynamic_task_mapping_with_no_taskflow_operators.py
[2026-05-18T16:10:22.632+0000] {processor.py:925} INFO - DAG(s) 'example_dynamic_task_mapping_with_no_taskflow_operators' retrieved from /usr/local/python/3.12.1/lib/python3.12/site-packages/airflow/example_dags/example_dynamic_task_mapping_with_no_taskflow_operators.py
[2026-05-18T16:10:22.643+0000] {logging_mixin.py:190} INFO - [2026-05-18T16:10:22.643+0000] {dag.py:3239} INFO - Sync 1 DAGs
[2026-05-18T16:10:22.654+0000] {logging_mixin.py:190} INFO - [2026-05-18T16:10:22.653+0000] {dag.py:4180} INFO - Setting next_dagrun for example_dynamic_task_mapping_with_no_taskflow_operators to None, run_after=None
[2026-05-18T16:10:22.672+0000] {processor.py:208} INFO - Processing /usr/local/python/3.12.1/lib/python3.12/site-packages/airflow/example_dags/example_dynamic_task_mapping_with_no_taskflow_operators.py took 0.054 seconds
[2026-05-18T16:11:18.106+0000] {processor.py:186} INFO - Started process (PID=91449) to work on /usr/local/python/3.12.1/lib/python3.12/site-packages/airflow/example_dags/example_dynamic_task_mapping_with_no_taskflow_operators.py
[2026-05-18T16:11:18.106+0000] {processor.py:914} INFO - Processing file /usr/local/python/3.12.1/lib/python3.12/site-packages/airflow/example_dags/example_dynamic_task_mapping_with_no_taskflow_operators.py for tasks to queue
[2026-05-18T16:11:18.107+0000] {logging_mixin.py:190} INFO - [2026-05-18T16:11:18.107+0000] {dagbag.py:588} INFO - Filling up the DagBag from /usr/local/python/3.12.1/lib/python3.12/site-packages/airflow/example_dags/example_dynamic_task_mapping_with_no_taskflow_operators.py
[2026-05-18T16:11:18.114+0000] {processor.py:925} INFO - DAG(s) 'example_dynamic_task_mapping_with_no_taskflow_operators' retrieved from /usr/local/python/3.12.1/lib/python3.12/site-packages/airflow/example_dags/example_dynamic_task_mapping_with_no_taskflow_operators.py
[2026-05-18T16:11:18.126+0000] {logging_mixin.py:190} INFO - [2026-05-18T16:11:18.126+0000] {dag.py:3239} INFO - Sync 1 DAGs
[2026-05-18T16:11:18.135+0000] {logging_mixin.py:190} INFO - [2026-05-18T16:11:18.135+0000] {dag.py:4180} INFO - Setting next_dagrun for example_dynamic_task_mapping_with_no_taskflow_operators to None, run_after=None
[2026-05-18T16:11:18.151+0000] {processor.py:208} INFO - Processing /usr/local/python/3.12.1/lib/python3.12/site-packages/airflow/example_dags/example_dynamic_task_mapping_with_no_taskflow_operators.py took 0.050 seconds
[2026-05-18T16:12:19.915+0000] {processor.py:186} INFO - Started process (PID=91993) to work on /usr/local/python/3.12.1/lib/python3.12/site-packages/airflow/example_dags/example_dynamic_task_mapping_with_no_taskflow_operators.py
[2026-05-18T16:12:19.915+0000] {processor.py:914} INFO - Processing file /usr/local/python/3.12.1/lib/python3.12/site-packages/airflow/example_dags/example_dynamic_task_mapping_with_no_taskflow_operators.py for tasks to queue
[2026-05-18T16:12:19.916+0000] {logging_mixin.py:190} INFO - [2026-05-18T16:12:19.916+0000] {dagbag.py:588} INFO - Filling up the DagBag from /usr/local/python/3.12.1/lib/python3.12/site-packages/airflow/example_dags/example_dynamic_task_mapping_with_no_taskflow_operators.py
[2026-05-18T16:12:19.923+0000] {processor.py:925} INFO - DAG(s) 'example_dynamic_task_mapping_with_no_taskflow_operators' retrieved from /usr/local/python/3.12.1/lib/python3.12/site-packages/airflow/example_dags/example_dynamic_task_mapping_with_no_taskflow_operators.py
[2026-05-18T16:12:19.935+0000] {logging_mixin.py:190} INFO - [2026-05-18T16:12:19.934+0000] {dag.py:3239} INFO - Sync 1 DAGs
[2026-05-18T16:12:19.944+0000] {logging_mixin.py:190} INFO - [2026-05-18T16:12:19.944+0000] {dag.py:4180} INFO - Setting next_dagrun for example_dynamic_task_mapping_with_no_taskflow_operators to None, run_after=None
[2026-05-18T16:12:19.966+0000] {processor.py:208} INFO - Processing /usr/local/python/3.12.1/lib/python3.12/site-packages/airflow/example_dags/example_dynamic_task_mapping_with_no_taskflow_operators.py took 0.056 seconds
[2026-05-18T16:13:20.063+0000] {processor.py:186} INFO - Started process (PID=92516) to work on /usr/local/python/3.12.1/lib/python3.12/site-packages/airflow/example_dags/example_dynamic_task_mapping_with_no_taskflow_operators.py
[2026-05-18T16:13:20.065+0000] {processor.py:914} INFO - Processing file /usr/local/python/3.12.1/lib/python3.12/site-packages/airflow/example_dags/example_dynamic_task_mapping_with_no_taskflow_operators.py for tasks to queue
[2026-05-18T16:13:20.067+0000] {logging_mixin.py:190} INFO - [2026-05-18T16:13:20.066+0000] {dagbag.py:588} INFO - Filling up the DagBag from /usr/local/python/3.12.1/lib/python3.12/site-packages/airflow/example_dags/example_dynamic_task_mapping_with_no_taskflow_operators.py
[2026-05-18T16:13:20.079+0000] {processor.py:925} INFO - DAG(s) 'example_dynamic_task_mapping_with_no_taskflow_operators' retrieved from /usr/local/python/3.12.1/lib/python3.12/site-packages/airflow/example_dags/example_dynamic_task_mapping_with_no_taskflow_operators.py
[2026-05-18T16:13:20.095+0000] {logging_mixin.py:190} INFO - [2026-05-18T16:13:20.095+0000] {dag.py:3239} INFO - Sync 1 DAGs
[2026-05-18T16:13:20.110+0000] {logging_mixin.py:190} INFO - [2026-05-18T16:13:20.109+0000] {dag.py:4180} INFO - Setting next_dagrun for example_dynamic_task_mapping_with_no_taskflow_operators to None, run_after=None
[2026-05-18T16:13:20.132+0000] {processor.py:208} INFO - Processing /usr/local/python/3.12.1/lib/python3.12/site-packages/airflow/example_dags/example_dynamic_task_mapping_with_no_taskflow_operators.py took 0.075 seconds
[2026-05-18T16:14:19.506+0000] {processor.py:186} INFO - Started process (PID=93037) to work on /usr/local/python/3.12.1/lib/python3.12/site-packages/airflow/example_dags/example_dynamic_task_mapping_with_no_taskflow_operators.py
[2026-05-18T16:14:19.506+0000] {processor.py:914} INFO - Processing file /usr/local/python/3.12.1/lib/python3.12/site-packages/airflow/example_dags/example_dynamic_task_mapping_with_no_taskflow_operators.py for tasks to queue
[2026-05-18T16:14:19.507+0000] {logging_mixin.py:190} INFO - [2026-05-18T16:14:19.507+0000] {dagbag.py:588} INFO - Filling up the DagBag from /usr/local/python/3.12.1/lib/python3.12/site-packages/airflow/example_dags/example_dynamic_task_mapping_with_no_taskflow_operators.py
[2026-05-18T16:14:19.514+0000] {processor.py:925} INFO - DAG(s) 'example_dynamic_task_mapping_with_no_taskflow_operators' retrieved from /usr/local/python/3.12.1/lib/python3.12/site-packages/airflow/example_dags/example_dynamic_task_mapping_with_no_taskflow_operators.py
[2026-05-18T16:14:19.526+0000] {logging_mixin.py:190} INFO - [2026-05-18T16:14:19.526+0000] {dag.py:3239} INFO - Sync 1 DAGs
[2026-05-18T16:14:19.535+0000] {logging_mixin.py:190} INFO - [2026-05-18T16:14:19.535+0000] {dag.py:4180} INFO - Setting next_dagrun for example_dynamic_task_mapping_with_no_taskflow_operators to None, run_after=None
[2026-05-18T16:14:19.551+0000] {processor.py:208} INFO - Processing /usr/local/python/3.12.1/lib/python3.12/site-packages/airflow/example_dags/example_dynamic_task_mapping_with_no_taskflow_operators.py took 0.049 seconds
[2026-05-18T16:15:22.121+0000] {processor.py:186} INFO - Started process (PID=93581) to work on /usr/local/python/3.12.1/lib/python3.12/site-packages/airflow/example_dags/example_dynamic_task_mapping_with_no_taskflow_operators.py
[2026-05-18T16:15:22.122+0000] {processor.py:914} INFO - Processing file /usr/local/python/3.12.1/lib/python3.12/site-packages/airflow/example_dags/example_dynamic_task_mapping_with_no_taskflow_operators.py for tasks to queue
[2026-05-18T16:15:22.123+0000] {logging_mixin.py:190} INFO - [2026-05-18T16:15:22.123+0000] {dagbag.py:588} INFO - Filling up the DagBag from /usr/local/python/3.12.1/lib/python3.12/site-packages/airflow/example_dags/example_dynamic_task_mapping_with_no_taskflow_operators.py
[2026-05-18T16:15:22.130+0000] {processor.py:925} INFO - DAG(s) 'example_dynamic_task_mapping_with_no_taskflow_operators' retrieved from /usr/local/python/3.12.1/lib/python3.12/site-packages/airflow/example_dags/example_dynamic_task_mapping_with_no_taskflow_operators.py
[2026-05-18T16:15:22.142+0000] {logging_mixin.py:190} INFO - [2026-05-18T16:15:22.142+0000] {dag.py:3239} INFO - Sync 1 DAGs
[2026-05-18T16:15:22.152+0000] {logging_mixin.py:190} INFO - [2026-05-18T16:15:22.152+0000] {dag.py:4180} INFO - Setting next_dagrun for example_dynamic_task_mapping_with_no_taskflow_operators to None, run_after=None
[2026-05-18T16:15:22.170+0000] {processor.py:208} INFO - Processing /usr/local/python/3.12.1/lib/python3.12/site-packages/airflow/example_dags/example_dynamic_task_mapping_with_no_taskflow_operators.py took 0.053 seconds
[2026-05-18T16:16:21.856+0000] {processor.py:186} INFO - Started process (PID=94162) to work on /usr/local/python/3.12.1/lib/python3.12/site-packages/airflow/example_dags/example_dynamic_task_mapping_with_no_taskflow_operators.py
[2026-05-18T16:16:21.857+0000] {processor.py:914} INFO - Processing file /usr/local/python/3.12.1/lib/python3.12/site-packages/airflow/example_dags/example_dynamic_task_mapping_with_no_taskflow_operators.py for tasks to queue
[2026-05-18T16:16:21.858+0000] {logging_mixin.py:190} INFO - [2026-05-18T16:16:21.858+0000] {dagbag.py:588} INFO - Filling up the DagBag from /usr/local/python/3.12.1/lib/python3.12/site-packages/airflow/example_dags/example_dynamic_task_mapping_with_no_taskflow_operators.py
[2026-05-18T16:16:21.871+0000] {processor.py:925} INFO - DAG(s) 'example_dynamic_task_mapping_with_no_taskflow_operators' retrieved from /usr/local/python/3.12.1/lib/python3.12/site-packages/airflow/example_dags/example_dynamic_task_mapping_with_no_taskflow_operators.py
[2026-05-18T16:16:21.915+0000] {logging_mixin.py:190} INFO - [2026-05-18T16:16:21.915+0000] {dag.py:3239} INFO - Sync 1 DAGs
[2026-05-18T16:16:21.931+0000] {logging_mixin.py:190} INFO - [2026-05-18T16:16:21.931+0000] {dag.py:4180} INFO - Setting next_dagrun for example_dynamic_task_mapping_with_no_taskflow_operators to None, run_after=None
[2026-05-18T16:16:21.973+0000] {processor.py:208} INFO - Processing /usr/local/python/3.12.1/lib/python3.12/site-packages/airflow/example_dags/example_dynamic_task_mapping_with_no_taskflow_operators.py took 0.122 seconds
[2026-05-18T16:17:23.319+0000] {processor.py:186} INFO - Started process (PID=94698) to work on /usr/local/python/3.12.1/lib/python3.12/site-packages/airflow/example_dags/example_dynamic_task_mapping_with_no_taskflow_operators.py
[2026-05-18T16:17:23.320+0000] {processor.py:914} INFO - Processing file /usr/local/python/3.12.1/lib/python3.12/site-packages/airflow/example_dags/example_dynamic_task_mapping_with_no_taskflow_operators.py for tasks to queue
[2026-05-18T16:17:23.321+0000] {logging_mixin.py:190} INFO - [2026-05-18T16:17:23.320+0000] {dagbag.py:588} INFO - Filling up the DagBag from /usr/local/python/3.12.1/lib/python3.12/site-packages/airflow/example_dags/example_dynamic_task_mapping_with_no_taskflow_operators.py
[2026-05-18T16:17:23.327+0000] {processor.py:925} INFO - DAG(s) 'example_dynamic_task_mapping_with_no_taskflow_operators' retrieved from /usr/local/python/3.12.1/lib/python3.12/site-packages/airflow/example_dags/example_dynamic_task_mapping_with_no_taskflow_operators.py
[2026-05-18T16:17:23.339+0000] {logging_mixin.py:190} INFO - [2026-05-18T16:17:23.339+0000] {dag.py:3239} INFO - Sync 1 DAGs
[2026-05-18T16:17:23.349+0000] {logging_mixin.py:190} INFO - [2026-05-18T16:17:23.349+0000] {dag.py:4180} INFO - Setting next_dagrun for example_dynamic_task_mapping_with_no_taskflow_operators to None, run_after=None
[2026-05-18T16:17:23.365+0000] {processor.py:208} INFO - Processing /usr/local/python/3.12.1/lib/python3.12/site-packages/airflow/example_dags/example_dynamic_task_mapping_with_no_taskflow_operators.py took 0.051 seconds
[2026-05-18T16:18:26.540+0000] {processor.py:186} INFO - Started process (PID=95233) to work on /usr/local/python/3.12.1/lib/python3.12/site-packages/airflow/example_dags/example_dynamic_task_mapping_with_no_taskflow_operators.py
[2026-05-18T16:18:26.540+0000] {processor.py:914} INFO - Processing file /usr/local/python/3.12.1/lib/python3.12/site-packages/airflow/example_dags/example_dynamic_task_mapping_with_no_taskflow_operators.py for tasks to queue
[2026-05-18T16:18:26.541+0000] {logging_mixin.py:190} INFO - [2026-05-18T16:18:26.541+0000] {dagbag.py:588} INFO - Filling up the DagBag from /usr/local/python/3.12.1/lib/python3.12/site-packages/airflow/example_dags/example_dynamic_task_mapping_with_no_taskflow_operators.py
[2026-05-18T16:18:26.548+0000] {processor.py:925} INFO - DAG(s) 'example_dynamic_task_mapping_with_no_taskflow_operators' retrieved from /usr/local/python/3.12.1/lib/python3.12/site-packages/airflow/example_dags/example_dynamic_task_mapping_with_no_taskflow_operators.py
[2026-05-18T16:18:26.560+0000] {logging_mixin.py:190} INFO - [2026-05-18T16:18:26.560+0000] {dag.py:3239} INFO - Sync 1 DAGs
[2026-05-18T16:18:26.572+0000] {logging_mixin.py:190} INFO - [2026-05-18T16:18:26.572+0000] {dag.py:4180} INFO - Setting next_dagrun for example_dynamic_task_mapping_with_no_taskflow_operators to None, run_after=None
[2026-05-18T16:18:26.590+0000] {processor.py:208} INFO - Processing /usr/local/python/3.12.1/lib/python3.12/site-packages/airflow/example_dags/example_dynamic_task_mapping_with_no_taskflow_operators.py took 0.055 seconds
[2026-05-18T16:19:28.363+0000] {processor.py:186} INFO - Started process (PID=95775) to work on /usr/local/python/3.12.1/lib/python3.12/site-packages/airflow/example_dags/example_dynamic_task_mapping_with_no_taskflow_operators.py
[2026-05-18T16:19:28.364+0000] {processor.py:914} INFO - Processing file /usr/local/python/3.12.1/lib/python3.12/site-packages/airflow/example_dags/example_dynamic_task_mapping_with_no_taskflow_operators.py for tasks to queue
[2026-05-18T16:19:28.365+0000] {logging_mixin.py:190} INFO - [2026-05-18T16:19:28.365+0000] {dagbag.py:588} INFO - Filling up the DagBag from /usr/local/python/3.12.1/lib/python3.12/site-packages/airflow/example_dags/example_dynamic_task_mapping_with_no_taskflow_operators.py
[2026-05-18T16:19:28.374+0000] {processor.py:925} INFO - DAG(s) 'example_dynamic_task_mapping_with_no_taskflow_operators' retrieved from /usr/local/python/3.12.1/lib/python3.12/site-packages/airflow/example_dags/example_dynamic_task_mapping_with_no_taskflow_operators.py
[2026-05-18T16:19:28.389+0000] {logging_mixin.py:190} INFO - [2026-05-18T16:19:28.388+0000] {dag.py:3239} INFO - Sync 1 DAGs
[2026-05-18T16:19:28.399+0000] {logging_mixin.py:190} INFO - [2026-05-18T16:19:28.399+0000] {dag.py:4180} INFO - Setting next_dagrun for example_dynamic_task_mapping_with_no_taskflow_operators to None, run_after=None
[2026-05-18T16:19:28.554+0000] {processor.py:208} INFO - Processing /usr/local/python/3.12.1/lib/python3.12/site-packages/airflow/example_dags/example_dynamic_task_mapping_with_no_taskflow_operators.py took 0.195 seconds
[2026-05-18T16:20:31.822+0000] {processor.py:186} INFO - Started process (PID=96314) to work on /usr/local/python/3.12.1/lib/python3.12/site-packages/airflow/example_dags/example_dynamic_task_mapping_with_no_taskflow_operators.py
[2026-05-18T16:20:31.822+0000] {processor.py:914} INFO - Processing file /usr/local/python/3.12.1/lib/python3.12/site-packages/airflow/example_dags/example_dynamic_task_mapping_with_no_taskflow_operators.py for tasks to queue
[2026-05-18T16:20:31.823+0000] {logging_mixin.py:190} INFO - [2026-05-18T16:20:31.823+0000] {dagbag.py:588} INFO - Filling up the DagBag from /usr/local/python/3.12.1/lib/python3.12/site-packages/airflow/example_dags/example_dynamic_task_mapping_with_no_taskflow_operators.py
[2026-05-18T16:20:31.830+0000] {processor.py:925} INFO - DAG(s) 'example_dynamic_task_mapping_with_no_taskflow_operators' retrieved from /usr/local/python/3.12.1/lib/python3.12/site-packages/airflow/example_dags/example_dynamic_task_mapping_with_no_taskflow_operators.py
[2026-05-18T16:20:31.841+0000] {logging_mixin.py:190} INFO - [2026-05-18T16:20:31.841+0000] {dag.py:3239} INFO - Sync 1 DAGs
[2026-05-18T16:20:31.851+0000] {logging_mixin.py:190} INFO - [2026-05-18T16:20:31.851+0000] {dag.py:4180} INFO - Setting next_dagrun for example_dynamic_task_mapping_with_no_taskflow_operators to None, run_after=None
[2026-05-18T16:20:31.868+0000] {processor.py:208} INFO - Processing /usr/local/python/3.12.1/lib/python3.12/site-packages/airflow/example_dags/example_dynamic_task_mapping_with_no_taskflow_operators.py took 0.050 seconds
[2026-05-18T16:21:35.938+0000] {processor.py:186} INFO - Started process (PID=96883) to work on /usr/local/python/3.12.1/lib/python3.12/site-packages/airflow/example_dags/example_dynamic_task_mapping_with_no_taskflow_operators.py
[2026-05-18T16:21:35.939+0000] {processor.py:914} INFO - Processing file /usr/local/python/3.12.1/lib/python3.12/site-packages/airflow/example_dags/example_dynamic_task_mapping_with_no_taskflow_operators.py for tasks to queue
[2026-05-18T16:21:35.940+0000] {logging_mixin.py:190} INFO - [2026-05-18T16:21:35.940+0000] {dagbag.py:588} INFO - Filling up the DagBag from /usr/local/python/3.12.1/lib/python3.12/site-packages/airflow/example_dags/example_dynamic_task_mapping_with_no_taskflow_operators.py
[2026-05-18T16:21:35.947+0000] {processor.py:925} INFO - DAG(s) 'example_dynamic_task_mapping_with_no_taskflow_operators' retrieved from /usr/local/python/3.12.1/lib/python3.12/site-packages/airflow/example_dags/example_dynamic_task_mapping_with_no_taskflow_operators.py
[2026-05-18T16:21:35.958+0000] {logging_mixin.py:190} INFO - [2026-05-18T16:21:35.958+0000] {dag.py:3239} INFO - Sync 1 DAGs
[2026-05-18T16:21:35.969+0000] {logging_mixin.py:190} INFO - [2026-05-18T16:21:35.969+0000] {dag.py:4180} INFO - Setting next_dagrun for example_dynamic_task_mapping_with_no_taskflow_operators to None, run_after=None
[2026-05-18T16:21:35.987+0000] {processor.py:208} INFO - Processing /usr/local/python/3.12.1/lib/python3.12/site-packages/airflow/example_dags/example_dynamic_task_mapping_with_no_taskflow_operators.py took 0.053 seconds
[2026-05-18T16:22:40.517+0000] {processor.py:186} INFO - Started process (PID=97435) to work on /usr/local/python/3.12.1/lib/python3.12/site-packages/airflow/example_dags/example_dynamic_task_mapping_with_no_taskflow_operators.py
[2026-05-18T16:22:40.518+0000] {processor.py:914} INFO - Processing file /usr/local/python/3.12.1/lib/python3.12/site-packages/airflow/example_dags/example_dynamic_task_mapping_with_no_taskflow_operators.py for tasks to queue
[2026-05-18T16:22:40.519+0000] {logging_mixin.py:190} INFO - [2026-05-18T16:22:40.518+0000] {dagbag.py:588} INFO - Filling up the DagBag from /usr/local/python/3.12.1/lib/python3.12/site-packages/airflow/example_dags/example_dynamic_task_mapping_with_no_taskflow_operators.py
[2026-05-18T16:22:40.525+0000] {processor.py:925} INFO - DAG(s) 'example_dynamic_task_mapping_with_no_taskflow_operators' retrieved from /usr/local/python/3.12.1/lib/python3.12/site-packages/airflow/example_dags/example_dynamic_task_mapping_with_no_taskflow_operators.py
[2026-05-18T16:22:40.537+0000] {logging_mixin.py:190} INFO - [2026-05-18T16:22:40.537+0000] {dag.py:3239} INFO - Sync 1 DAGs
[2026-05-18T16:22:40.547+0000] {logging_mixin.py:190} INFO - [2026-05-18T16:22:40.546+0000] {dag.py:4180} INFO - Setting next_dagrun for example_dynamic_task_mapping_with_no_taskflow_operators to None, run_after=None
[2026-05-18T16:22:40.562+0000] {processor.py:208} INFO - Processing /usr/local/python/3.12.1/lib/python3.12/site-packages/airflow/example_dags/example_dynamic_task_mapping_with_no_taskflow_operators.py took 0.050 seconds
[2026-05-18T16:23:53.409+0000] {processor.py:186} INFO - Started process (PID=98106) to work on /usr/local/python/3.12.1/lib/python3.12/site-packages/airflow/example_dags/example_dynamic_task_mapping_with_no_taskflow_operators.py
[2026-05-18T16:23:53.410+0000] {processor.py:914} INFO - Processing file /usr/local/python/3.12.1/lib/python3.12/site-packages/airflow/example_dags/example_dynamic_task_mapping_with_no_taskflow_operators.py for tasks to queue
[2026-05-18T16:23:53.411+0000] {logging_mixin.py:190} INFO - [2026-05-18T16:23:53.411+0000] {dagbag.py:588} INFO - Filling up the DagBag from /usr/local/python/3.12.1/lib/python3.12/site-packages/airflow/example_dags/example_dynamic_task_mapping_with_no_taskflow_operators.py
[2026-05-18T16:23:53.418+0000] {processor.py:925} INFO - DAG(s) 'example_dynamic_task_mapping_with_no_taskflow_operators' retrieved from /usr/local/python/3.12.1/lib/python3.12/site-packages/airflow/example_dags/example_dynamic_task_mapping_with_no_taskflow_operators.py
[2026-05-18T16:23:53.430+0000] {logging_mixin.py:190} INFO - [2026-05-18T16:23:53.430+0000] {dag.py:3239} INFO - Sync 1 DAGs
[2026-05-18T16:23:53.439+0000] {logging_mixin.py:190} INFO - [2026-05-18T16:23:53.439+0000] {dag.py:4180} INFO - Setting next_dagrun for example_dynamic_task_mapping_with_no_taskflow_operators to None, run_after=None
[2026-05-18T16:23:53.455+0000] {processor.py:208} INFO - Processing /usr/local/python/3.12.1/lib/python3.12/site-packages/airflow/example_dags/example_dynamic_task_mapping_with_no_taskflow_operators.py took 0.050 seconds
[2026-05-18T16:25:04.845+0000] {processor.py:186} INFO - Started process (PID=98710) to work on /usr/local/python/3.12.1/lib/python3.12/site-packages/airflow/example_dags/example_dynamic_task_mapping_with_no_taskflow_operators.py
[2026-05-18T16:25:04.846+0000] {processor.py:914} INFO - Processing file /usr/local/python/3.12.1/lib/python3.12/site-packages/airflow/example_dags/example_dynamic_task_mapping_with_no_taskflow_operators.py for tasks to queue
[2026-05-18T16:25:04.847+0000] {logging_mixin.py:190} INFO - [2026-05-18T16:25:04.847+0000] {dagbag.py:588} INFO - Filling up the DagBag from /usr/local/python/3.12.1/lib/python3.12/site-packages/airflow/example_dags/example_dynamic_task_mapping_with_no_taskflow_operators.py
[2026-05-18T16:25:04.854+0000] {processor.py:925} INFO - DAG(s) 'example_dynamic_task_mapping_with_no_taskflow_operators' retrieved from /usr/local/python/3.12.1/lib/python3.12/site-packages/airflow/example_dags/example_dynamic_task_mapping_with_no_taskflow_operators.py
[2026-05-18T16:25:04.865+0000] {logging_mixin.py:190} INFO - [2026-05-18T16:25:04.865+0000] {dag.py:3239} INFO - Sync 1 DAGs
[2026-05-18T16:25:04.878+0000] {logging_mixin.py:190} INFO - [2026-05-18T16:25:04.877+0000] {dag.py:4180} INFO - Setting next_dagrun for example_dynamic_task_mapping_with_no_taskflow_operators to None, run_after=None
[2026-05-18T16:25:04.895+0000] {processor.py:208} INFO - Processing /usr/local/python/3.12.1/lib/python3.12/site-packages/airflow/example_dags/example_dynamic_task_mapping_with_no_taskflow_operators.py took 0.054 seconds
[2026-05-18T16:26:06.630+0000] {processor.py:186} INFO - Started process (PID=99303) to work on /usr/local/python/3.12.1/lib/python3.12/site-packages/airflow/example_dags/example_dynamic_task_mapping_with_no_taskflow_operators.py
[2026-05-18T16:26:06.631+0000] {processor.py:914} INFO - Processing file /usr/local/python/3.12.1/lib/python3.12/site-packages/airflow/example_dags/example_dynamic_task_mapping_with_no_taskflow_operators.py for tasks to queue
[2026-05-18T16:26:06.632+0000] {logging_mixin.py:190} INFO - [2026-05-18T16:26:06.631+0000] {dagbag.py:588} INFO - Filling up the DagBag from /usr/local/python/3.12.1/lib/python3.12/site-packages/airflow/example_dags/example_dynamic_task_mapping_with_no_taskflow_operators.py
[2026-05-18T16:26:06.639+0000] {processor.py:925} INFO - DAG(s) 'example_dynamic_task_mapping_with_no_taskflow_operators' retrieved from /usr/local/python/3.12.1/lib/python3.12/site-packages/airflow/example_dags/example_dynamic_task_mapping_with_no_taskflow_operators.py
[2026-05-18T16:26:06.650+0000] {logging_mixin.py:190} INFO - [2026-05-18T16:26:06.650+0000] {dag.py:3239} INFO - Sync 1 DAGs
[2026-05-18T16:26:06.659+0000] {logging_mixin.py:190} INFO - [2026-05-18T16:26:06.659+0000] {dag.py:4180} INFO - Setting next_dagrun for example_dynamic_task_mapping_with_no_taskflow_operators to None, run_after=None
[2026-05-18T16:26:06.677+0000] {processor.py:208} INFO - Processing /usr/local/python/3.12.1/lib/python3.12/site-packages/airflow/example_dags/example_dynamic_task_mapping_with_no_taskflow_operators.py took 0.050 seconds
[2026-05-18T16:27:06.901+0000] {processor.py:186} INFO - Started process (PID=99828) to work on /usr/local/python/3.12.1/lib/python3.12/site-packages/airflow/example_dags/example_dynamic_task_mapping_with_no_taskflow_operators.py
[2026-05-18T16:27:06.902+0000] {processor.py:914} INFO - Processing file /usr/local/python/3.12.1/lib/python3.12/site-packages/airflow/example_dags/example_dynamic_task_mapping_with_no_taskflow_operators.py for tasks to queue
[2026-05-18T16:27:06.903+0000] {logging_mixin.py:190} INFO - [2026-05-18T16:27:06.903+0000] {dagbag.py:588} INFO - Filling up the DagBag from /usr/local/python/3.12.1/lib/python3.12/site-packages/airflow/example_dags/example_dynamic_task_mapping_with_no_taskflow_operators.py
[2026-05-18T16:27:06.910+0000] {processor.py:925} INFO - DAG(s) 'example_dynamic_task_mapping_with_no_taskflow_operators' retrieved from /usr/local/python/3.12.1/lib/python3.12/site-packages/airflow/example_dags/example_dynamic_task_mapping_with_no_taskflow_operators.py
[2026-05-18T16:27:06.922+0000] {logging_mixin.py:190} INFO - [2026-05-18T16:27:06.922+0000] {dag.py:3239} INFO - Sync 1 DAGs
[2026-05-18T16:27:06.932+0000] {logging_mixin.py:190} INFO - [2026-05-18T16:27:06.931+0000] {dag.py:4180} INFO - Setting next_dagrun for example_dynamic_task_mapping_with_no_taskflow_operators to None, run_after=None
[2026-05-18T16:27:06.947+0000] {processor.py:208} INFO - Processing /usr/local/python/3.12.1/lib/python3.12/site-packages/airflow/example_dags/example_dynamic_task_mapping_with_no_taskflow_operators.py took 0.050 seconds
[2026-05-18T16:28:10.311+0000] {processor.py:186} INFO - Started process (PID=100376) to work on /usr/local/python/3.12.1/lib/python3.12/site-packages/airflow/example_dags/example_dynamic_task_mapping_with_no_taskflow_operators.py
[2026-05-18T16:28:10.312+0000] {processor.py:914} INFO - Processing file /usr/local/python/3.12.1/lib/python3.12/site-packages/airflow/example_dags/example_dynamic_task_mapping_with_no_taskflow_operators.py for tasks to queue
[2026-05-18T16:28:10.313+0000] {logging_mixin.py:190} INFO - [2026-05-18T16:28:10.313+0000] {dagbag.py:588} INFO - Filling up the DagBag from /usr/local/python/3.12.1/lib/python3.12/site-packages/airflow/example_dags/example_dynamic_task_mapping_with_no_taskflow_operators.py
[2026-05-18T16:28:10.321+0000] {processor.py:925} INFO - DAG(s) 'example_dynamic_task_mapping_with_no_taskflow_operators' retrieved from /usr/local/python/3.12.1/lib/python3.12/site-packages/airflow/example_dags/example_dynamic_task_mapping_with_no_taskflow_operators.py
[2026-05-18T16:28:10.333+0000] {logging_mixin.py:190} INFO - [2026-05-18T16:28:10.332+0000] {dag.py:3239} INFO - Sync 1 DAGs
[2026-05-18T16:28:10.343+0000] {logging_mixin.py:190} INFO - [2026-05-18T16:28:10.342+0000] {dag.py:4180} INFO - Setting next_dagrun for example_dynamic_task_mapping_with_no_taskflow_operators to None, run_after=None
[2026-05-18T16:28:10.359+0000] {processor.py:208} INFO - Processing /usr/local/python/3.12.1/lib/python3.12/site-packages/airflow/example_dags/example_dynamic_task_mapping_with_no_taskflow_operators.py took 0.052 seconds
[2026-05-18T16:29:13.244+0000] {processor.py:186} INFO - Started process (PID=100932) to work on /usr/local/python/3.12.1/lib/python3.12/site-packages/airflow/example_dags/example_dynamic_task_mapping_with_no_taskflow_operators.py
[2026-05-18T16:29:13.246+0000] {processor.py:914} INFO - Processing file /usr/local/python/3.12.1/lib/python3.12/site-packages/airflow/example_dags/example_dynamic_task_mapping_with_no_taskflow_operators.py for tasks to queue
[2026-05-18T16:29:13.248+0000] {logging_mixin.py:190} INFO - [2026-05-18T16:29:13.247+0000] {dagbag.py:588} INFO - Filling up the DagBag from /usr/local/python/3.12.1/lib/python3.12/site-packages/airflow/example_dags/example_dynamic_task_mapping_with_no_taskflow_operators.py
[2026-05-18T16:29:13.258+0000] {processor.py:925} INFO - DAG(s) 'example_dynamic_task_mapping_with_no_taskflow_operators' retrieved from /usr/local/python/3.12.1/lib/python3.12/site-packages/airflow/example_dags/example_dynamic_task_mapping_with_no_taskflow_operators.py
[2026-05-18T16:29:13.276+0000] {logging_mixin.py:190} INFO - [2026-05-18T16:29:13.276+0000] {dag.py:3239} INFO - Sync 1 DAGs
[2026-05-18T16:29:13.294+0000] {logging_mixin.py:190} INFO - [2026-05-18T16:29:13.294+0000] {dag.py:4180} INFO - Setting next_dagrun for example_dynamic_task_mapping_with_no_taskflow_operators to None, run_after=None
[2026-05-18T16:29:13.317+0000] {processor.py:208} INFO - Processing /usr/local/python/3.12.1/lib/python3.12/site-packages/airflow/example_dags/example_dynamic_task_mapping_with_no_taskflow_operators.py took 0.081 seconds
[2026-05-18T16:30:15.535+0000] {processor.py:186} INFO - Started process (PID=101472) to work on /usr/local/python/3.12.1/lib/python3.12/site-packages/airflow/example_dags/example_dynamic_task_mapping_with_no_taskflow_operators.py
[2026-05-18T16:30:15.536+0000] {processor.py:914} INFO - Processing file /usr/local/python/3.12.1/lib/python3.12/site-packages/airflow/example_dags/example_dynamic_task_mapping_with_no_taskflow_operators.py for tasks to queue
[2026-05-18T16:30:15.538+0000] {logging_mixin.py:190} INFO - [2026-05-18T16:30:15.537+0000] {dagbag.py:588} INFO - Filling up the DagBag from /usr/local/python/3.12.1/lib/python3.12/site-packages/airflow/example_dags/example_dynamic_task_mapping_with_no_taskflow_operators.py
[2026-05-18T16:30:15.547+0000] {processor.py:925} INFO - DAG(s) 'example_dynamic_task_mapping_with_no_taskflow_operators' retrieved from /usr/local/python/3.12.1/lib/python3.12/site-packages/airflow/example_dags/example_dynamic_task_mapping_with_no_taskflow_operators.py
[2026-05-18T16:30:15.560+0000] {logging_mixin.py:190} INFO - [2026-05-18T16:30:15.560+0000] {dag.py:3239} INFO - Sync 1 DAGs
[2026-05-18T16:30:15.573+0000] {logging_mixin.py:190} INFO - [2026-05-18T16:30:15.572+0000] {dag.py:4180} INFO - Setting next_dagrun for example_dynamic_task_mapping_with_no_taskflow_operators to None, run_after=None
[2026-05-18T16:30:15.593+0000] {processor.py:208} INFO - Processing /usr/local/python/3.12.1/lib/python3.12/site-packages/airflow/example_dags/example_dynamic_task_mapping_with_no_taskflow_operators.py took 0.067 seconds
[2026-05-18T16:31:18.390+0000] {processor.py:186} INFO - Started process (PID=102070) to work on /usr/local/python/3.12.1/lib/python3.12/site-packages/airflow/example_dags/example_dynamic_task_mapping_with_no_taskflow_operators.py
[2026-05-18T16:31:18.391+0000] {processor.py:914} INFO - Processing file /usr/local/python/3.12.1/lib/python3.12/site-packages/airflow/example_dags/example_dynamic_task_mapping_with_no_taskflow_operators.py for tasks to queue
[2026-05-18T16:31:18.392+0000] {logging_mixin.py:190} INFO - [2026-05-18T16:31:18.391+0000] {dagbag.py:588} INFO - Filling up the DagBag from /usr/local/python/3.12.1/lib/python3.12/site-packages/airflow/example_dags/example_dynamic_task_mapping_with_no_taskflow_operators.py
[2026-05-18T16:31:18.401+0000] {processor.py:925} INFO - DAG(s) 'example_dynamic_task_mapping_with_no_taskflow_operators' retrieved from /usr/local/python/3.12.1/lib/python3.12/site-packages/airflow/example_dags/example_dynamic_task_mapping_with_no_taskflow_operators.py
[2026-05-18T16:31:18.413+0000] {logging_mixin.py:190} INFO - [2026-05-18T16:31:18.413+0000] {dag.py:3239} INFO - Sync 1 DAGs
[2026-05-18T16:31:18.423+0000] {logging_mixin.py:190} INFO - [2026-05-18T16:31:18.423+0000] {dag.py:4180} INFO - Setting next_dagrun for example_dynamic_task_mapping_with_no_taskflow_operators to None, run_after=None
[2026-05-18T16:31:18.439+0000] {processor.py:208} INFO - Processing /usr/local/python/3.12.1/lib/python3.12/site-packages/airflow/example_dags/example_dynamic_task_mapping_with_no_taskflow_operators.py took 0.053 seconds
[2026-05-18T16:32:19.290+0000] {processor.py:186} INFO - Started process (PID=102601) to work on /usr/local/python/3.12.1/lib/python3.12/site-packages/airflow/example_dags/example_dynamic_task_mapping_with_no_taskflow_operators.py
[2026-05-18T16:32:19.291+0000] {processor.py:914} INFO - Processing file /usr/local/python/3.12.1/lib/python3.12/site-packages/airflow/example_dags/example_dynamic_task_mapping_with_no_taskflow_operators.py for tasks to queue
[2026-05-18T16:32:19.292+0000] {logging_mixin.py:190} INFO - [2026-05-18T16:32:19.291+0000] {dagbag.py:588} INFO - Filling up the DagBag from /usr/local/python/3.12.1/lib/python3.12/site-packages/airflow/example_dags/example_dynamic_task_mapping_with_no_taskflow_operators.py
[2026-05-18T16:32:19.298+0000] {processor.py:925} INFO - DAG(s) 'example_dynamic_task_mapping_with_no_taskflow_operators' retrieved from /usr/local/python/3.12.1/lib/python3.12/site-packages/airflow/example_dags/example_dynamic_task_mapping_with_no_taskflow_operators.py
[2026-05-18T16:32:19.310+0000] {logging_mixin.py:190} INFO - [2026-05-18T16:32:19.310+0000] {dag.py:3239} INFO - Sync 1 DAGs
[2026-05-18T16:32:19.321+0000] {logging_mixin.py:190} INFO - [2026-05-18T16:32:19.321+0000] {dag.py:4180} INFO - Setting next_dagrun for example_dynamic_task_mapping_with_no_taskflow_operators to None, run_after=None
[2026-05-18T16:32:19.336+0000] {processor.py:208} INFO - Processing /usr/local/python/3.12.1/lib/python3.12/site-packages/airflow/example_dags/example_dynamic_task_mapping_with_no_taskflow_operators.py took 0.051 seconds
[2026-05-18T16:33:24.393+0000] {processor.py:186} INFO - Started process (PID=103152) to work on /usr/local/python/3.12.1/lib/python3.12/site-packages/airflow/example_dags/example_dynamic_task_mapping_with_no_taskflow_operators.py
[2026-05-18T16:33:24.394+0000] {processor.py:914} INFO - Processing file /usr/local/python/3.12.1/lib/python3.12/site-packages/airflow/example_dags/example_dynamic_task_mapping_with_no_taskflow_operators.py for tasks to queue
[2026-05-18T16:33:24.396+0000] {logging_mixin.py:190} INFO - [2026-05-18T16:33:24.395+0000] {dagbag.py:588} INFO - Filling up the DagBag from /usr/local/python/3.12.1/lib/python3.12/site-packages/airflow/example_dags/example_dynamic_task_mapping_with_no_taskflow_operators.py
[2026-05-18T16:33:24.405+0000] {processor.py:925} INFO - DAG(s) 'example_dynamic_task_mapping_with_no_taskflow_operators' retrieved from /usr/local/python/3.12.1/lib/python3.12/site-packages/airflow/example_dags/example_dynamic_task_mapping_with_no_taskflow_operators.py
[2026-05-18T16:33:24.422+0000] {logging_mixin.py:190} INFO - [2026-05-18T16:33:24.422+0000] {dag.py:3239} INFO - Sync 1 DAGs
[2026-05-18T16:33:24.440+0000] {logging_mixin.py:190} INFO - [2026-05-18T16:33:24.440+0000] {dag.py:4180} INFO - Setting next_dagrun for example_dynamic_task_mapping_with_no_taskflow_operators to None, run_after=None
[2026-05-18T16:33:24.479+0000] {processor.py:208} INFO - Processing /usr/local/python/3.12.1/lib/python3.12/site-packages/airflow/example_dags/example_dynamic_task_mapping_with_no_taskflow_operators.py took 0.092 seconds
[2026-05-18T21:51:38.222+0000] {processor.py:186} INFO - Started process (PID=5369) to work on /usr/local/python/3.12.1/lib/python3.12/site-packages/airflow/example_dags/example_dynamic_task_mapping_with_no_taskflow_operators.py
[2026-05-18T21:51:38.223+0000] {processor.py:914} INFO - Processing file /usr/local/python/3.12.1/lib/python3.12/site-packages/airflow/example_dags/example_dynamic_task_mapping_with_no_taskflow_operators.py for tasks to queue
[2026-05-18T21:51:38.225+0000] {logging_mixin.py:190} INFO - [2026-05-18T21:51:38.225+0000] {dagbag.py:588} INFO - Filling up the DagBag from /usr/local/python/3.12.1/lib/python3.12/site-packages/airflow/example_dags/example_dynamic_task_mapping_with_no_taskflow_operators.py
[2026-05-18T21:51:38.231+0000] {processor.py:925} INFO - DAG(s) 'example_dynamic_task_mapping_with_no_taskflow_operators' retrieved from /usr/local/python/3.12.1/lib/python3.12/site-packages/airflow/example_dags/example_dynamic_task_mapping_with_no_taskflow_operators.py
[2026-05-18T21:51:38.315+0000] {logging_mixin.py:190} INFO - [2026-05-18T21:51:38.315+0000] {dag.py:3239} INFO - Sync 1 DAGs
[2026-05-18T21:51:38.324+0000] {logging_mixin.py:190} INFO - [2026-05-18T21:51:38.323+0000] {dag.py:4180} INFO - Setting next_dagrun for example_dynamic_task_mapping_with_no_taskflow_operators to None, run_after=None
[2026-05-18T21:51:38.340+0000] {processor.py:208} INFO - Processing /usr/local/python/3.12.1/lib/python3.12/site-packages/airflow/example_dags/example_dynamic_task_mapping_with_no_taskflow_operators.py took 0.121 seconds
[2026-05-18T21:52:31.854+0000] {processor.py:186} INFO - Started process (PID=5841) to work on /usr/local/python/3.12.1/lib/python3.12/site-packages/airflow/example_dags/example_dynamic_task_mapping_with_no_taskflow_operators.py
[2026-05-18T21:52:31.855+0000] {processor.py:914} INFO - Processing file /usr/local/python/3.12.1/lib/python3.12/site-packages/airflow/example_dags/example_dynamic_task_mapping_with_no_taskflow_operators.py for tasks to queue
[2026-05-18T21:52:31.857+0000] {logging_mixin.py:190} INFO - [2026-05-18T21:52:31.856+0000] {dagbag.py:588} INFO - Filling up the DagBag from /usr/local/python/3.12.1/lib/python3.12/site-packages/airflow/example_dags/example_dynamic_task_mapping_with_no_taskflow_operators.py
[2026-05-18T21:52:31.863+0000] {processor.py:925} INFO - DAG(s) 'example_dynamic_task_mapping_with_no_taskflow_operators' retrieved from /usr/local/python/3.12.1/lib/python3.12/site-packages/airflow/example_dags/example_dynamic_task_mapping_with_no_taskflow_operators.py
[2026-05-18T21:52:31.873+0000] {logging_mixin.py:190} INFO - [2026-05-18T21:52:31.873+0000] {dag.py:3239} INFO - Sync 1 DAGs
[2026-05-18T21:52:31.883+0000] {logging_mixin.py:190} INFO - [2026-05-18T21:52:31.883+0000] {dag.py:4180} INFO - Setting next_dagrun for example_dynamic_task_mapping_with_no_taskflow_operators to None, run_after=None
[2026-05-18T21:52:31.899+0000] {processor.py:208} INFO - Processing /usr/local/python/3.12.1/lib/python3.12/site-packages/airflow/example_dags/example_dynamic_task_mapping_with_no_taskflow_operators.py took 0.049 seconds
[2026-05-18T21:53:25.939+0000] {processor.py:186} INFO - Started process (PID=6471) to work on /usr/local/python/3.12.1/lib/python3.12/site-packages/airflow/example_dags/example_dynamic_task_mapping_with_no_taskflow_operators.py
[2026-05-18T21:53:25.940+0000] {processor.py:914} INFO - Processing file /usr/local/python/3.12.1/lib/python3.12/site-packages/airflow/example_dags/example_dynamic_task_mapping_with_no_taskflow_operators.py for tasks to queue
[2026-05-18T21:53:25.942+0000] {logging_mixin.py:190} INFO - [2026-05-18T21:53:25.941+0000] {dagbag.py:588} INFO - Filling up the DagBag from /usr/local/python/3.12.1/lib/python3.12/site-packages/airflow/example_dags/example_dynamic_task_mapping_with_no_taskflow_operators.py
[2026-05-18T21:53:25.948+0000] {processor.py:925} INFO - DAG(s) 'example_dynamic_task_mapping_with_no_taskflow_operators' retrieved from /usr/local/python/3.12.1/lib/python3.12/site-packages/airflow/example_dags/example_dynamic_task_mapping_with_no_taskflow_operators.py
[2026-05-18T21:53:25.959+0000] {logging_mixin.py:190} INFO - [2026-05-18T21:53:25.959+0000] {dag.py:3239} INFO - Sync 1 DAGs
[2026-05-18T21:53:25.968+0000] {logging_mixin.py:190} INFO - [2026-05-18T21:53:25.968+0000] {dag.py:4180} INFO - Setting next_dagrun for example_dynamic_task_mapping_with_no_taskflow_operators to None, run_after=None
[2026-05-18T21:53:25.984+0000] {processor.py:208} INFO - Processing /usr/local/python/3.12.1/lib/python3.12/site-packages/airflow/example_dags/example_dynamic_task_mapping_with_no_taskflow_operators.py took 0.049 seconds
[2026-05-18T21:54:15.520+0000] {processor.py:186} INFO - Started process (PID=7428) to work on /usr/local/python/3.12.1/lib/python3.12/site-packages/airflow/example_dags/example_dynamic_task_mapping_with_no_taskflow_operators.py
[2026-05-18T21:54:15.521+0000] {processor.py:914} INFO - Processing file /usr/local/python/3.12.1/lib/python3.12/site-packages/airflow/example_dags/example_dynamic_task_mapping_with_no_taskflow_operators.py for tasks to queue
[2026-05-18T21:54:15.523+0000] {logging_mixin.py:190} INFO - [2026-05-18T21:54:15.523+0000] {dagbag.py:588} INFO - Filling up the DagBag from /usr/local/python/3.12.1/lib/python3.12/site-packages/airflow/example_dags/example_dynamic_task_mapping_with_no_taskflow_operators.py
[2026-05-18T21:54:15.532+0000] {processor.py:925} INFO - DAG(s) 'example_dynamic_task_mapping_with_no_taskflow_operators' retrieved from /usr/local/python/3.12.1/lib/python3.12/site-packages/airflow/example_dags/example_dynamic_task_mapping_with_no_taskflow_operators.py
[2026-05-18T21:54:15.549+0000] {logging_mixin.py:190} INFO - [2026-05-18T21:54:15.549+0000] {dag.py:3239} INFO - Sync 1 DAGs
[2026-05-18T21:54:15.564+0000] {logging_mixin.py:190} INFO - [2026-05-18T21:54:15.563+0000] {dag.py:4180} INFO - Setting next_dagrun for example_dynamic_task_mapping_with_no_taskflow_operators to None, run_after=None
[2026-05-18T21:54:15.585+0000] {processor.py:208} INFO - Processing /usr/local/python/3.12.1/lib/python3.12/site-packages/airflow/example_dags/example_dynamic_task_mapping_with_no_taskflow_operators.py took 0.070 seconds
[2026-05-18T21:55:10.388+0000] {processor.py:186} INFO - Started process (PID=8125) to work on /usr/local/python/3.12.1/lib/python3.12/site-packages/airflow/example_dags/example_dynamic_task_mapping_with_no_taskflow_operators.py
[2026-05-18T21:55:10.389+0000] {processor.py:914} INFO - Processing file /usr/local/python/3.12.1/lib/python3.12/site-packages/airflow/example_dags/example_dynamic_task_mapping_with_no_taskflow_operators.py for tasks to queue
[2026-05-18T21:55:10.390+0000] {logging_mixin.py:190} INFO - [2026-05-18T21:55:10.390+0000] {dagbag.py:588} INFO - Filling up the DagBag from /usr/local/python/3.12.1/lib/python3.12/site-packages/airflow/example_dags/example_dynamic_task_mapping_with_no_taskflow_operators.py
[2026-05-18T21:55:10.397+0000] {processor.py:925} INFO - DAG(s) 'example_dynamic_task_mapping_with_no_taskflow_operators' retrieved from /usr/local/python/3.12.1/lib/python3.12/site-packages/airflow/example_dags/example_dynamic_task_mapping_with_no_taskflow_operators.py
[2026-05-18T21:55:10.408+0000] {logging_mixin.py:190} INFO - [2026-05-18T21:55:10.408+0000] {dag.py:3239} INFO - Sync 1 DAGs
[2026-05-18T21:55:10.418+0000] {logging_mixin.py:190} INFO - [2026-05-18T21:55:10.417+0000] {dag.py:4180} INFO - Setting next_dagrun for example_dynamic_task_mapping_with_no_taskflow_operators to None, run_after=None
[2026-05-18T21:55:10.433+0000] {processor.py:208} INFO - Processing /usr/local/python/3.12.1/lib/python3.12/site-packages/airflow/example_dags/example_dynamic_task_mapping_with_no_taskflow_operators.py took 0.050 seconds
[2026-05-18T21:56:04.109+0000] {processor.py:186} INFO - Started process (PID=8891) to work on /usr/local/python/3.12.1/lib/python3.12/site-packages/airflow/example_dags/example_dynamic_task_mapping_with_no_taskflow_operators.py
[2026-05-18T21:56:04.110+0000] {processor.py:914} INFO - Processing file /usr/local/python/3.12.1/lib/python3.12/site-packages/airflow/example_dags/example_dynamic_task_mapping_with_no_taskflow_operators.py for tasks to queue
[2026-05-18T21:56:04.112+0000] {logging_mixin.py:190} INFO - [2026-05-18T21:56:04.111+0000] {dagbag.py:588} INFO - Filling up the DagBag from /usr/local/python/3.12.1/lib/python3.12/site-packages/airflow/example_dags/example_dynamic_task_mapping_with_no_taskflow_operators.py
[2026-05-18T21:56:04.118+0000] {processor.py:925} INFO - DAG(s) 'example_dynamic_task_mapping_with_no_taskflow_operators' retrieved from /usr/local/python/3.12.1/lib/python3.12/site-packages/airflow/example_dags/example_dynamic_task_mapping_with_no_taskflow_operators.py
[2026-05-18T21:56:04.129+0000] {logging_mixin.py:190} INFO - [2026-05-18T21:56:04.129+0000] {dag.py:3239} INFO - Sync 1 DAGs
[2026-05-18T21:56:04.138+0000] {logging_mixin.py:190} INFO - [2026-05-18T21:56:04.138+0000] {dag.py:4180} INFO - Setting next_dagrun for example_dynamic_task_mapping_with_no_taskflow_operators to None, run_after=None
[2026-05-18T21:56:04.154+0000] {processor.py:208} INFO - Processing /usr/local/python/3.12.1/lib/python3.12/site-packages/airflow/example_dags/example_dynamic_task_mapping_with_no_taskflow_operators.py took 0.049 seconds
