[2026-05-18T00:48:53.523+0000] {processor.py:186} INFO - Started process (PID=3258) to work on /usr/local/python/3.12.1/lib/python3.12/site-packages/airflow/example_dags/example_sensors.py
[2026-05-18T00:48:53.524+0000] {processor.py:914} INFO - Processing file /usr/local/python/3.12.1/lib/python3.12/site-packages/airflow/example_dags/example_sensors.py for tasks to queue
[2026-05-18T00:48:53.526+0000] {logging_mixin.py:190} INFO - [2026-05-18T00:48:53.526+0000] {dagbag.py:588} INFO - Filling up the DagBag from /usr/local/python/3.12.1/lib/python3.12/site-packages/airflow/example_dags/example_sensors.py
[2026-05-18T00:48:53.539+0000] {processor.py:925} INFO - DAG(s) 'example_sensors' retrieved from /usr/local/python/3.12.1/lib/python3.12/site-packages/airflow/example_dags/example_sensors.py
[2026-05-18T00:48:53.567+0000] {logging_mixin.py:190} INFO - [2026-05-18T00:48:53.566+0000] {dag.py:3239} INFO - Sync 1 DAGs
[2026-05-18T00:48:53.577+0000] {logging_mixin.py:190} INFO - [2026-05-18T00:48:53.576+0000] {dag.py:4180} INFO - Setting next_dagrun for example_sensors to None, run_after=None
[2026-05-18T00:48:53.596+0000] {processor.py:208} INFO - Processing /usr/local/python/3.12.1/lib/python3.12/site-packages/airflow/example_dags/example_sensors.py took 0.080 seconds
[2026-05-18T00:49:46.751+0000] {processor.py:186} INFO - Started process (PID=3576) to work on /usr/local/python/3.12.1/lib/python3.12/site-packages/airflow/example_dags/example_sensors.py
[2026-05-18T00:49:46.752+0000] {processor.py:914} INFO - Processing file /usr/local/python/3.12.1/lib/python3.12/site-packages/airflow/example_dags/example_sensors.py for tasks to queue
[2026-05-18T00:49:46.754+0000] {logging_mixin.py:190} INFO - [2026-05-18T00:49:46.753+0000] {dagbag.py:588} INFO - Filling up the DagBag from /usr/local/python/3.12.1/lib/python3.12/site-packages/airflow/example_dags/example_sensors.py
[2026-05-18T00:49:46.762+0000] {processor.py:925} INFO - DAG(s) 'example_sensors' retrieved from /usr/local/python/3.12.1/lib/python3.12/site-packages/airflow/example_dags/example_sensors.py
[2026-05-18T00:49:46.780+0000] {logging_mixin.py:190} INFO - [2026-05-18T00:49:46.779+0000] {dag.py:3239} INFO - Sync 1 DAGs
[2026-05-18T00:49:46.789+0000] {logging_mixin.py:190} INFO - [2026-05-18T00:49:46.789+0000] {dag.py:4180} INFO - Setting next_dagrun for example_sensors to None, run_after=None
[2026-05-18T00:49:46.805+0000] {processor.py:208} INFO - Processing /usr/local/python/3.12.1/lib/python3.12/site-packages/airflow/example_dags/example_sensors.py took 0.059 seconds
[2026-05-18T00:50:41.549+0000] {processor.py:186} INFO - Started process (PID=4232) to work on /usr/local/python/3.12.1/lib/python3.12/site-packages/airflow/example_dags/example_sensors.py
[2026-05-18T00:50:41.550+0000] {processor.py:914} INFO - Processing file /usr/local/python/3.12.1/lib/python3.12/site-packages/airflow/example_dags/example_sensors.py for tasks to queue
[2026-05-18T00:50:41.552+0000] {logging_mixin.py:190} INFO - [2026-05-18T00:50:41.552+0000] {dagbag.py:588} INFO - Filling up the DagBag from /usr/local/python/3.12.1/lib/python3.12/site-packages/airflow/example_dags/example_sensors.py
[2026-05-18T00:50:41.560+0000] {processor.py:925} INFO - DAG(s) 'example_sensors' retrieved from /usr/local/python/3.12.1/lib/python3.12/site-packages/airflow/example_dags/example_sensors.py
[2026-05-18T00:50:41.577+0000] {logging_mixin.py:190} INFO - [2026-05-18T00:50:41.577+0000] {dag.py:3239} INFO - Sync 1 DAGs
[2026-05-18T00:50:41.586+0000] {logging_mixin.py:190} INFO - [2026-05-18T00:50:41.586+0000] {dag.py:4180} INFO - Setting next_dagrun for example_sensors to None, run_after=None
[2026-05-18T00:50:41.602+0000] {processor.py:208} INFO - Processing /usr/local/python/3.12.1/lib/python3.12/site-packages/airflow/example_dags/example_sensors.py took 0.057 seconds
[2026-05-18T00:51:32.250+0000] {processor.py:186} INFO - Started process (PID=4926) to work on /usr/local/python/3.12.1/lib/python3.12/site-packages/airflow/example_dags/example_sensors.py
[2026-05-18T00:51:32.251+0000] {processor.py:914} INFO - Processing file /usr/local/python/3.12.1/lib/python3.12/site-packages/airflow/example_dags/example_sensors.py for tasks to queue
[2026-05-18T00:51:32.253+0000] {logging_mixin.py:190} INFO - [2026-05-18T00:51:32.252+0000] {dagbag.py:588} INFO - Filling up the DagBag from /usr/local/python/3.12.1/lib/python3.12/site-packages/airflow/example_dags/example_sensors.py
[2026-05-18T00:51:32.262+0000] {processor.py:925} INFO - DAG(s) 'example_sensors' retrieved from /usr/local/python/3.12.1/lib/python3.12/site-packages/airflow/example_dags/example_sensors.py
[2026-05-18T00:51:32.279+0000] {logging_mixin.py:190} INFO - [2026-05-18T00:51:32.278+0000] {dag.py:3239} INFO - Sync 1 DAGs
[2026-05-18T00:51:32.288+0000] {logging_mixin.py:190} INFO - [2026-05-18T00:51:32.288+0000] {dag.py:4180} INFO - Setting next_dagrun for example_sensors to None, run_after=None
[2026-05-18T00:51:32.305+0000] {processor.py:208} INFO - Processing /usr/local/python/3.12.1/lib/python3.12/site-packages/airflow/example_dags/example_sensors.py took 0.059 seconds
[2026-05-18T00:52:25.229+0000] {processor.py:186} INFO - Started process (PID=5407) to work on /usr/local/python/3.12.1/lib/python3.12/site-packages/airflow/example_dags/example_sensors.py
[2026-05-18T00:52:25.230+0000] {processor.py:914} INFO - Processing file /usr/local/python/3.12.1/lib/python3.12/site-packages/airflow/example_dags/example_sensors.py for tasks to queue
[2026-05-18T00:52:25.233+0000] {logging_mixin.py:190} INFO - [2026-05-18T00:52:25.232+0000] {dagbag.py:588} INFO - Filling up the DagBag from /usr/local/python/3.12.1/lib/python3.12/site-packages/airflow/example_dags/example_sensors.py
[2026-05-18T00:52:25.245+0000] {processor.py:925} INFO - DAG(s) 'example_sensors' retrieved from /usr/local/python/3.12.1/lib/python3.12/site-packages/airflow/example_dags/example_sensors.py
[2026-05-18T00:52:25.278+0000] {logging_mixin.py:190} INFO - [2026-05-18T00:52:25.277+0000] {dag.py:3239} INFO - Sync 1 DAGs
[2026-05-18T00:52:25.308+0000] {logging_mixin.py:190} INFO - [2026-05-18T00:52:25.308+0000] {dag.py:4180} INFO - Setting next_dagrun for example_sensors to None, run_after=None
[2026-05-18T00:52:25.344+0000] {processor.py:208} INFO - Processing /usr/local/python/3.12.1/lib/python3.12/site-packages/airflow/example_dags/example_sensors.py took 0.122 seconds
[2026-05-18T00:53:18.033+0000] {processor.py:186} INFO - Started process (PID=5758) to work on /usr/local/python/3.12.1/lib/python3.12/site-packages/airflow/example_dags/example_sensors.py
[2026-05-18T00:53:18.034+0000] {processor.py:914} INFO - Processing file /usr/local/python/3.12.1/lib/python3.12/site-packages/airflow/example_dags/example_sensors.py for tasks to queue
[2026-05-18T00:53:18.036+0000] {logging_mixin.py:190} INFO - [2026-05-18T00:53:18.035+0000] {dagbag.py:588} INFO - Filling up the DagBag from /usr/local/python/3.12.1/lib/python3.12/site-packages/airflow/example_dags/example_sensors.py
[2026-05-18T00:53:18.044+0000] {processor.py:925} INFO - DAG(s) 'example_sensors' retrieved from /usr/local/python/3.12.1/lib/python3.12/site-packages/airflow/example_dags/example_sensors.py
[2026-05-18T00:53:18.061+0000] {logging_mixin.py:190} INFO - [2026-05-18T00:53:18.061+0000] {dag.py:3239} INFO - Sync 1 DAGs
[2026-05-18T00:53:18.071+0000] {logging_mixin.py:190} INFO - [2026-05-18T00:53:18.070+0000] {dag.py:4180} INFO - Setting next_dagrun for example_sensors to None, run_after=None
[2026-05-18T00:53:18.088+0000] {processor.py:208} INFO - Processing /usr/local/python/3.12.1/lib/python3.12/site-packages/airflow/example_dags/example_sensors.py took 0.059 seconds
[2026-05-18T00:54:07.887+0000] {processor.py:186} INFO - Started process (PID=6144) to work on /usr/local/python/3.12.1/lib/python3.12/site-packages/airflow/example_dags/example_sensors.py
[2026-05-18T00:54:07.887+0000] {processor.py:914} INFO - Processing file /usr/local/python/3.12.1/lib/python3.12/site-packages/airflow/example_dags/example_sensors.py for tasks to queue
[2026-05-18T00:54:07.889+0000] {logging_mixin.py:190} INFO - [2026-05-18T00:54:07.889+0000] {dagbag.py:588} INFO - Filling up the DagBag from /usr/local/python/3.12.1/lib/python3.12/site-packages/airflow/example_dags/example_sensors.py
[2026-05-18T00:54:07.897+0000] {processor.py:925} INFO - DAG(s) 'example_sensors' retrieved from /usr/local/python/3.12.1/lib/python3.12/site-packages/airflow/example_dags/example_sensors.py
[2026-05-18T00:54:07.914+0000] {logging_mixin.py:190} INFO - [2026-05-18T00:54:07.914+0000] {dag.py:3239} INFO - Sync 1 DAGs
[2026-05-18T00:54:07.923+0000] {logging_mixin.py:190} INFO - [2026-05-18T00:54:07.923+0000] {dag.py:4180} INFO - Setting next_dagrun for example_sensors to None, run_after=None
[2026-05-18T00:54:07.955+0000] {processor.py:208} INFO - Processing /usr/local/python/3.12.1/lib/python3.12/site-packages/airflow/example_dags/example_sensors.py took 0.073 seconds
[2026-05-18T00:54:58.988+0000] {processor.py:186} INFO - Started process (PID=6494) to work on /usr/local/python/3.12.1/lib/python3.12/site-packages/airflow/example_dags/example_sensors.py
[2026-05-18T00:54:58.989+0000] {processor.py:914} INFO - Processing file /usr/local/python/3.12.1/lib/python3.12/site-packages/airflow/example_dags/example_sensors.py for tasks to queue
[2026-05-18T00:54:58.990+0000] {logging_mixin.py:190} INFO - [2026-05-18T00:54:58.990+0000] {dagbag.py:588} INFO - Filling up the DagBag from /usr/local/python/3.12.1/lib/python3.12/site-packages/airflow/example_dags/example_sensors.py
[2026-05-18T00:54:58.999+0000] {processor.py:925} INFO - DAG(s) 'example_sensors' retrieved from /usr/local/python/3.12.1/lib/python3.12/site-packages/airflow/example_dags/example_sensors.py
[2026-05-18T00:54:59.017+0000] {logging_mixin.py:190} INFO - [2026-05-18T00:54:59.017+0000] {dag.py:3239} INFO - Sync 1 DAGs
[2026-05-18T00:54:59.028+0000] {logging_mixin.py:190} INFO - [2026-05-18T00:54:59.028+0000] {dag.py:4180} INFO - Setting next_dagrun for example_sensors to None, run_after=None
[2026-05-18T00:54:59.045+0000] {processor.py:208} INFO - Processing /usr/local/python/3.12.1/lib/python3.12/site-packages/airflow/example_dags/example_sensors.py took 0.062 seconds
[2026-05-18T00:55:51.017+0000] {processor.py:186} INFO - Started process (PID=6837) to work on /usr/local/python/3.12.1/lib/python3.12/site-packages/airflow/example_dags/example_sensors.py
[2026-05-18T00:55:51.018+0000] {processor.py:914} INFO - Processing file /usr/local/python/3.12.1/lib/python3.12/site-packages/airflow/example_dags/example_sensors.py for tasks to queue
[2026-05-18T00:55:51.020+0000] {logging_mixin.py:190} INFO - [2026-05-18T00:55:51.020+0000] {dagbag.py:588} INFO - Filling up the DagBag from /usr/local/python/3.12.1/lib/python3.12/site-packages/airflow/example_dags/example_sensors.py
[2026-05-18T00:55:51.028+0000] {processor.py:925} INFO - DAG(s) 'example_sensors' retrieved from /usr/local/python/3.12.1/lib/python3.12/site-packages/airflow/example_dags/example_sensors.py
[2026-05-18T00:55:51.045+0000] {logging_mixin.py:190} INFO - [2026-05-18T00:55:51.045+0000] {dag.py:3239} INFO - Sync 1 DAGs
[2026-05-18T00:55:51.054+0000] {logging_mixin.py:190} INFO - [2026-05-18T00:55:51.054+0000] {dag.py:4180} INFO - Setting next_dagrun for example_sensors to None, run_after=None
[2026-05-18T00:55:51.073+0000] {processor.py:208} INFO - Processing /usr/local/python/3.12.1/lib/python3.12/site-packages/airflow/example_dags/example_sensors.py took 0.060 seconds
[2026-05-18T00:56:49.983+0000] {processor.py:186} INFO - Started process (PID=7226) to work on /usr/local/python/3.12.1/lib/python3.12/site-packages/airflow/example_dags/example_sensors.py
[2026-05-18T00:56:49.984+0000] {processor.py:914} INFO - Processing file /usr/local/python/3.12.1/lib/python3.12/site-packages/airflow/example_dags/example_sensors.py for tasks to queue
[2026-05-18T00:56:49.986+0000] {logging_mixin.py:190} INFO - [2026-05-18T00:56:49.985+0000] {dagbag.py:588} INFO - Filling up the DagBag from /usr/local/python/3.12.1/lib/python3.12/site-packages/airflow/example_dags/example_sensors.py
[2026-05-18T00:56:49.994+0000] {processor.py:925} INFO - DAG(s) 'example_sensors' retrieved from /usr/local/python/3.12.1/lib/python3.12/site-packages/airflow/example_dags/example_sensors.py
[2026-05-18T00:56:50.011+0000] {logging_mixin.py:190} INFO - [2026-05-18T00:56:50.011+0000] {dag.py:3239} INFO - Sync 1 DAGs
[2026-05-18T00:56:50.020+0000] {logging_mixin.py:190} INFO - [2026-05-18T00:56:50.020+0000] {dag.py:4180} INFO - Setting next_dagrun for example_sensors to None, run_after=None
[2026-05-18T00:56:50.036+0000] {processor.py:208} INFO - Processing /usr/local/python/3.12.1/lib/python3.12/site-packages/airflow/example_dags/example_sensors.py took 0.058 seconds
[2026-05-18T00:57:44.597+0000] {processor.py:186} INFO - Started process (PID=7619) to work on /usr/local/python/3.12.1/lib/python3.12/site-packages/airflow/example_dags/example_sensors.py
[2026-05-18T00:57:44.598+0000] {processor.py:914} INFO - Processing file /usr/local/python/3.12.1/lib/python3.12/site-packages/airflow/example_dags/example_sensors.py for tasks to queue
[2026-05-18T00:57:44.600+0000] {logging_mixin.py:190} INFO - [2026-05-18T00:57:44.599+0000] {dagbag.py:588} INFO - Filling up the DagBag from /usr/local/python/3.12.1/lib/python3.12/site-packages/airflow/example_dags/example_sensors.py
[2026-05-18T00:57:44.608+0000] {processor.py:925} INFO - DAG(s) 'example_sensors' retrieved from /usr/local/python/3.12.1/lib/python3.12/site-packages/airflow/example_dags/example_sensors.py
[2026-05-18T00:57:44.625+0000] {logging_mixin.py:190} INFO - [2026-05-18T00:57:44.625+0000] {dag.py:3239} INFO - Sync 1 DAGs
[2026-05-18T00:57:44.635+0000] {logging_mixin.py:190} INFO - [2026-05-18T00:57:44.635+0000] {dag.py:4180} INFO - Setting next_dagrun for example_sensors to None, run_after=None
[2026-05-18T00:57:44.651+0000] {processor.py:208} INFO - Processing /usr/local/python/3.12.1/lib/python3.12/site-packages/airflow/example_dags/example_sensors.py took 0.059 seconds
[2026-05-18T00:58:33.966+0000] {processor.py:186} INFO - Started process (PID=7969) to work on /usr/local/python/3.12.1/lib/python3.12/site-packages/airflow/example_dags/example_sensors.py
[2026-05-18T00:58:33.967+0000] {processor.py:914} INFO - Processing file /usr/local/python/3.12.1/lib/python3.12/site-packages/airflow/example_dags/example_sensors.py for tasks to queue
[2026-05-18T00:58:33.968+0000] {logging_mixin.py:190} INFO - [2026-05-18T00:58:33.968+0000] {dagbag.py:588} INFO - Filling up the DagBag from /usr/local/python/3.12.1/lib/python3.12/site-packages/airflow/example_dags/example_sensors.py
[2026-05-18T00:58:33.977+0000] {processor.py:925} INFO - DAG(s) 'example_sensors' retrieved from /usr/local/python/3.12.1/lib/python3.12/site-packages/airflow/example_dags/example_sensors.py
[2026-05-18T00:58:33.998+0000] {logging_mixin.py:190} INFO - [2026-05-18T00:58:33.998+0000] {dag.py:3239} INFO - Sync 1 DAGs
[2026-05-18T00:58:34.008+0000] {logging_mixin.py:190} INFO - [2026-05-18T00:58:34.007+0000] {dag.py:4180} INFO - Setting next_dagrun for example_sensors to None, run_after=None
[2026-05-18T00:58:34.024+0000] {processor.py:208} INFO - Processing /usr/local/python/3.12.1/lib/python3.12/site-packages/airflow/example_dags/example_sensors.py took 0.062 seconds
[2026-05-18T00:59:24.308+0000] {processor.py:186} INFO - Started process (PID=8339) to work on /usr/local/python/3.12.1/lib/python3.12/site-packages/airflow/example_dags/example_sensors.py
[2026-05-18T00:59:24.311+0000] {processor.py:914} INFO - Processing file /usr/local/python/3.12.1/lib/python3.12/site-packages/airflow/example_dags/example_sensors.py for tasks to queue
[2026-05-18T00:59:24.314+0000] {logging_mixin.py:190} INFO - [2026-05-18T00:59:24.313+0000] {dagbag.py:588} INFO - Filling up the DagBag from /usr/local/python/3.12.1/lib/python3.12/site-packages/airflow/example_dags/example_sensors.py
[2026-05-18T00:59:24.328+0000] {processor.py:925} INFO - DAG(s) 'example_sensors' retrieved from /usr/local/python/3.12.1/lib/python3.12/site-packages/airflow/example_dags/example_sensors.py
[2026-05-18T00:59:24.347+0000] {logging_mixin.py:190} INFO - [2026-05-18T00:59:24.346+0000] {dag.py:3239} INFO - Sync 1 DAGs
[2026-05-18T00:59:24.356+0000] {logging_mixin.py:190} INFO - [2026-05-18T00:59:24.356+0000] {dag.py:4180} INFO - Setting next_dagrun for example_sensors to None, run_after=None
[2026-05-18T00:59:24.373+0000] {processor.py:208} INFO - Processing /usr/local/python/3.12.1/lib/python3.12/site-packages/airflow/example_dags/example_sensors.py took 0.072 seconds
[2026-05-18T01:00:17.229+0000] {processor.py:186} INFO - Started process (PID=8737) to work on /usr/local/python/3.12.1/lib/python3.12/site-packages/airflow/example_dags/example_sensors.py
[2026-05-18T01:00:17.230+0000] {processor.py:914} INFO - Processing file /usr/local/python/3.12.1/lib/python3.12/site-packages/airflow/example_dags/example_sensors.py for tasks to queue
[2026-05-18T01:00:17.232+0000] {logging_mixin.py:190} INFO - [2026-05-18T01:00:17.231+0000] {dagbag.py:588} INFO - Filling up the DagBag from /usr/local/python/3.12.1/lib/python3.12/site-packages/airflow/example_dags/example_sensors.py
[2026-05-18T01:00:17.242+0000] {processor.py:925} INFO - DAG(s) 'example_sensors' retrieved from /usr/local/python/3.12.1/lib/python3.12/site-packages/airflow/example_dags/example_sensors.py
[2026-05-18T01:00:17.262+0000] {logging_mixin.py:190} INFO - [2026-05-18T01:00:17.262+0000] {dag.py:3239} INFO - Sync 1 DAGs
[2026-05-18T01:00:17.275+0000] {logging_mixin.py:190} INFO - [2026-05-18T01:00:17.275+0000] {dag.py:4180} INFO - Setting next_dagrun for example_sensors to None, run_after=None
[2026-05-18T01:00:17.292+0000] {processor.py:208} INFO - Processing /usr/local/python/3.12.1/lib/python3.12/site-packages/airflow/example_dags/example_sensors.py took 0.067 seconds
[2026-05-18T01:01:09.254+0000] {processor.py:186} INFO - Started process (PID=9142) to work on /usr/local/python/3.12.1/lib/python3.12/site-packages/airflow/example_dags/example_sensors.py
[2026-05-18T01:01:09.255+0000] {processor.py:914} INFO - Processing file /usr/local/python/3.12.1/lib/python3.12/site-packages/airflow/example_dags/example_sensors.py for tasks to queue
[2026-05-18T01:01:09.257+0000] {logging_mixin.py:190} INFO - [2026-05-18T01:01:09.256+0000] {dagbag.py:588} INFO - Filling up the DagBag from /usr/local/python/3.12.1/lib/python3.12/site-packages/airflow/example_dags/example_sensors.py
[2026-05-18T01:01:09.266+0000] {processor.py:925} INFO - DAG(s) 'example_sensors' retrieved from /usr/local/python/3.12.1/lib/python3.12/site-packages/airflow/example_dags/example_sensors.py
[2026-05-18T01:01:09.283+0000] {logging_mixin.py:190} INFO - [2026-05-18T01:01:09.283+0000] {dag.py:3239} INFO - Sync 1 DAGs
[2026-05-18T01:01:09.293+0000] {logging_mixin.py:190} INFO - [2026-05-18T01:01:09.292+0000] {dag.py:4180} INFO - Setting next_dagrun for example_sensors to None, run_after=None
[2026-05-18T01:01:09.311+0000] {processor.py:208} INFO - Processing /usr/local/python/3.12.1/lib/python3.12/site-packages/airflow/example_dags/example_sensors.py took 0.061 seconds
[2026-05-18T01:02:01.861+0000] {processor.py:186} INFO - Started process (PID=9545) to work on /usr/local/python/3.12.1/lib/python3.12/site-packages/airflow/example_dags/example_sensors.py
[2026-05-18T01:02:01.862+0000] {processor.py:914} INFO - Processing file /usr/local/python/3.12.1/lib/python3.12/site-packages/airflow/example_dags/example_sensors.py for tasks to queue
[2026-05-18T01:02:01.869+0000] {logging_mixin.py:190} INFO - [2026-05-18T01:02:01.868+0000] {dagbag.py:588} INFO - Filling up the DagBag from /usr/local/python/3.12.1/lib/python3.12/site-packages/airflow/example_dags/example_sensors.py
[2026-05-18T01:02:01.895+0000] {processor.py:925} INFO - DAG(s) 'example_sensors' retrieved from /usr/local/python/3.12.1/lib/python3.12/site-packages/airflow/example_dags/example_sensors.py
[2026-05-18T01:02:01.958+0000] {logging_mixin.py:190} INFO - [2026-05-18T01:02:01.958+0000] {dag.py:3239} INFO - Sync 1 DAGs
[2026-05-18T01:02:01.979+0000] {logging_mixin.py:190} INFO - [2026-05-18T01:02:01.979+0000] {dag.py:4180} INFO - Setting next_dagrun for example_sensors to None, run_after=None
[2026-05-18T01:02:02.008+0000] {processor.py:208} INFO - Processing /usr/local/python/3.12.1/lib/python3.12/site-packages/airflow/example_dags/example_sensors.py took 0.154 seconds
[2026-05-18T01:03:00.100+0000] {processor.py:186} INFO - Started process (PID=9988) to work on /usr/local/python/3.12.1/lib/python3.12/site-packages/airflow/example_dags/example_sensors.py
[2026-05-18T01:03:00.103+0000] {processor.py:914} INFO - Processing file /usr/local/python/3.12.1/lib/python3.12/site-packages/airflow/example_dags/example_sensors.py for tasks to queue
[2026-05-18T01:03:00.110+0000] {logging_mixin.py:190} INFO - [2026-05-18T01:03:00.109+0000] {dagbag.py:588} INFO - Filling up the DagBag from /usr/local/python/3.12.1/lib/python3.12/site-packages/airflow/example_dags/example_sensors.py
[2026-05-18T01:03:00.143+0000] {processor.py:925} INFO - DAG(s) 'example_sensors' retrieved from /usr/local/python/3.12.1/lib/python3.12/site-packages/airflow/example_dags/example_sensors.py
[2026-05-18T01:03:00.185+0000] {logging_mixin.py:190} INFO - [2026-05-18T01:03:00.184+0000] {dag.py:3239} INFO - Sync 1 DAGs
[2026-05-18T01:03:00.214+0000] {logging_mixin.py:190} INFO - [2026-05-18T01:03:00.213+0000] {dag.py:4180} INFO - Setting next_dagrun for example_sensors to None, run_after=None
[2026-05-18T01:03:00.241+0000] {processor.py:208} INFO - Processing /usr/local/python/3.12.1/lib/python3.12/site-packages/airflow/example_dags/example_sensors.py took 0.154 seconds
[2026-05-18T01:03:56.702+0000] {processor.py:186} INFO - Started process (PID=10477) to work on /usr/local/python/3.12.1/lib/python3.12/site-packages/airflow/example_dags/example_sensors.py
[2026-05-18T01:03:56.703+0000] {processor.py:914} INFO - Processing file /usr/local/python/3.12.1/lib/python3.12/site-packages/airflow/example_dags/example_sensors.py for tasks to queue
[2026-05-18T01:03:56.706+0000] {logging_mixin.py:190} INFO - [2026-05-18T01:03:56.705+0000] {dagbag.py:588} INFO - Filling up the DagBag from /usr/local/python/3.12.1/lib/python3.12/site-packages/airflow/example_dags/example_sensors.py
[2026-05-18T01:03:56.721+0000] {processor.py:925} INFO - DAG(s) 'example_sensors' retrieved from /usr/local/python/3.12.1/lib/python3.12/site-packages/airflow/example_dags/example_sensors.py
[2026-05-18T01:03:56.754+0000] {logging_mixin.py:190} INFO - [2026-05-18T01:03:56.753+0000] {dag.py:3239} INFO - Sync 1 DAGs
[2026-05-18T01:03:56.786+0000] {logging_mixin.py:190} INFO - [2026-05-18T01:03:56.785+0000] {dag.py:4180} INFO - Setting next_dagrun for example_sensors to None, run_after=None
[2026-05-18T01:03:56.823+0000] {processor.py:208} INFO - Processing /usr/local/python/3.12.1/lib/python3.12/site-packages/airflow/example_dags/example_sensors.py took 0.131 seconds
[2026-05-18T01:04:55.242+0000] {processor.py:186} INFO - Started process (PID=10928) to work on /usr/local/python/3.12.1/lib/python3.12/site-packages/airflow/example_dags/example_sensors.py
[2026-05-18T01:04:55.243+0000] {processor.py:914} INFO - Processing file /usr/local/python/3.12.1/lib/python3.12/site-packages/airflow/example_dags/example_sensors.py for tasks to queue
[2026-05-18T01:04:55.246+0000] {logging_mixin.py:190} INFO - [2026-05-18T01:04:55.246+0000] {dagbag.py:588} INFO - Filling up the DagBag from /usr/local/python/3.12.1/lib/python3.12/site-packages/airflow/example_dags/example_sensors.py
[2026-05-18T01:04:55.269+0000] {processor.py:925} INFO - DAG(s) 'example_sensors' retrieved from /usr/local/python/3.12.1/lib/python3.12/site-packages/airflow/example_dags/example_sensors.py
[2026-05-18T01:04:55.344+0000] {logging_mixin.py:190} INFO - [2026-05-18T01:04:55.343+0000] {dag.py:3239} INFO - Sync 1 DAGs
[2026-05-18T01:04:55.360+0000] {logging_mixin.py:190} INFO - [2026-05-18T01:04:55.359+0000] {dag.py:4180} INFO - Setting next_dagrun for example_sensors to None, run_after=None
[2026-05-18T01:04:55.390+0000] {processor.py:208} INFO - Processing /usr/local/python/3.12.1/lib/python3.12/site-packages/airflow/example_dags/example_sensors.py took 0.155 seconds
[2026-05-18T01:05:46.942+0000] {processor.py:186} INFO - Started process (PID=11314) to work on /usr/local/python/3.12.1/lib/python3.12/site-packages/airflow/example_dags/example_sensors.py
[2026-05-18T01:05:46.942+0000] {processor.py:914} INFO - Processing file /usr/local/python/3.12.1/lib/python3.12/site-packages/airflow/example_dags/example_sensors.py for tasks to queue
[2026-05-18T01:05:46.944+0000] {logging_mixin.py:190} INFO - [2026-05-18T01:05:46.944+0000] {dagbag.py:588} INFO - Filling up the DagBag from /usr/local/python/3.12.1/lib/python3.12/site-packages/airflow/example_dags/example_sensors.py
[2026-05-18T01:05:46.952+0000] {processor.py:925} INFO - DAG(s) 'example_sensors' retrieved from /usr/local/python/3.12.1/lib/python3.12/site-packages/airflow/example_dags/example_sensors.py
[2026-05-18T01:05:46.969+0000] {logging_mixin.py:190} INFO - [2026-05-18T01:05:46.969+0000] {dag.py:3239} INFO - Sync 1 DAGs
[2026-05-18T01:05:46.978+0000] {logging_mixin.py:190} INFO - [2026-05-18T01:05:46.978+0000] {dag.py:4180} INFO - Setting next_dagrun for example_sensors to None, run_after=None
[2026-05-18T01:05:46.995+0000] {processor.py:208} INFO - Processing /usr/local/python/3.12.1/lib/python3.12/site-packages/airflow/example_dags/example_sensors.py took 0.058 seconds
[2026-05-18T01:06:36.549+0000] {processor.py:186} INFO - Started process (PID=11689) to work on /usr/local/python/3.12.1/lib/python3.12/site-packages/airflow/example_dags/example_sensors.py
[2026-05-18T01:06:36.550+0000] {processor.py:914} INFO - Processing file /usr/local/python/3.12.1/lib/python3.12/site-packages/airflow/example_dags/example_sensors.py for tasks to queue
[2026-05-18T01:06:36.552+0000] {logging_mixin.py:190} INFO - [2026-05-18T01:06:36.551+0000] {dagbag.py:588} INFO - Filling up the DagBag from /usr/local/python/3.12.1/lib/python3.12/site-packages/airflow/example_dags/example_sensors.py
[2026-05-18T01:06:36.560+0000] {processor.py:925} INFO - DAG(s) 'example_sensors' retrieved from /usr/local/python/3.12.1/lib/python3.12/site-packages/airflow/example_dags/example_sensors.py
[2026-05-18T01:06:36.577+0000] {logging_mixin.py:190} INFO - [2026-05-18T01:06:36.576+0000] {dag.py:3239} INFO - Sync 1 DAGs
[2026-05-18T01:06:36.586+0000] {logging_mixin.py:190} INFO - [2026-05-18T01:06:36.586+0000] {dag.py:4180} INFO - Setting next_dagrun for example_sensors to None, run_after=None
[2026-05-18T01:06:36.602+0000] {processor.py:208} INFO - Processing /usr/local/python/3.12.1/lib/python3.12/site-packages/airflow/example_dags/example_sensors.py took 0.057 seconds
[2026-05-18T01:07:24.587+0000] {processor.py:186} INFO - Started process (PID=12010) to work on /usr/local/python/3.12.1/lib/python3.12/site-packages/airflow/example_dags/example_sensors.py
[2026-05-18T01:07:24.588+0000] {processor.py:914} INFO - Processing file /usr/local/python/3.12.1/lib/python3.12/site-packages/airflow/example_dags/example_sensors.py for tasks to queue
[2026-05-18T01:07:24.590+0000] {logging_mixin.py:190} INFO - [2026-05-18T01:07:24.589+0000] {dagbag.py:588} INFO - Filling up the DagBag from /usr/local/python/3.12.1/lib/python3.12/site-packages/airflow/example_dags/example_sensors.py
[2026-05-18T01:07:24.598+0000] {processor.py:925} INFO - DAG(s) 'example_sensors' retrieved from /usr/local/python/3.12.1/lib/python3.12/site-packages/airflow/example_dags/example_sensors.py
[2026-05-18T01:07:24.616+0000] {logging_mixin.py:190} INFO - [2026-05-18T01:07:24.615+0000] {dag.py:3239} INFO - Sync 1 DAGs
[2026-05-18T01:07:24.625+0000] {logging_mixin.py:190} INFO - [2026-05-18T01:07:24.625+0000] {dag.py:4180} INFO - Setting next_dagrun for example_sensors to None, run_after=None
[2026-05-18T01:07:24.643+0000] {processor.py:208} INFO - Processing /usr/local/python/3.12.1/lib/python3.12/site-packages/airflow/example_dags/example_sensors.py took 0.061 seconds
[2026-05-18T01:08:16.148+0000] {processor.py:186} INFO - Started process (PID=12446) to work on /usr/local/python/3.12.1/lib/python3.12/site-packages/airflow/example_dags/example_sensors.py
[2026-05-18T01:08:16.149+0000] {processor.py:914} INFO - Processing file /usr/local/python/3.12.1/lib/python3.12/site-packages/airflow/example_dags/example_sensors.py for tasks to queue
[2026-05-18T01:08:16.150+0000] {logging_mixin.py:190} INFO - [2026-05-18T01:08:16.150+0000] {dagbag.py:588} INFO - Filling up the DagBag from /usr/local/python/3.12.1/lib/python3.12/site-packages/airflow/example_dags/example_sensors.py
[2026-05-18T01:08:16.159+0000] {processor.py:925} INFO - DAG(s) 'example_sensors' retrieved from /usr/local/python/3.12.1/lib/python3.12/site-packages/airflow/example_dags/example_sensors.py
[2026-05-18T01:08:16.176+0000] {logging_mixin.py:190} INFO - [2026-05-18T01:08:16.175+0000] {dag.py:3239} INFO - Sync 1 DAGs
[2026-05-18T01:08:16.185+0000] {logging_mixin.py:190} INFO - [2026-05-18T01:08:16.185+0000] {dag.py:4180} INFO - Setting next_dagrun for example_sensors to None, run_after=None
[2026-05-18T01:08:16.201+0000] {processor.py:208} INFO - Processing /usr/local/python/3.12.1/lib/python3.12/site-packages/airflow/example_dags/example_sensors.py took 0.058 seconds
[2026-05-18T01:09:07.649+0000] {processor.py:186} INFO - Started process (PID=12950) to work on /usr/local/python/3.12.1/lib/python3.12/site-packages/airflow/example_dags/example_sensors.py
[2026-05-18T01:09:07.650+0000] {processor.py:914} INFO - Processing file /usr/local/python/3.12.1/lib/python3.12/site-packages/airflow/example_dags/example_sensors.py for tasks to queue
[2026-05-18T01:09:07.651+0000] {logging_mixin.py:190} INFO - [2026-05-18T01:09:07.651+0000] {dagbag.py:588} INFO - Filling up the DagBag from /usr/local/python/3.12.1/lib/python3.12/site-packages/airflow/example_dags/example_sensors.py
[2026-05-18T01:09:07.660+0000] {processor.py:925} INFO - DAG(s) 'example_sensors' retrieved from /usr/local/python/3.12.1/lib/python3.12/site-packages/airflow/example_dags/example_sensors.py
[2026-05-18T01:09:07.677+0000] {logging_mixin.py:190} INFO - [2026-05-18T01:09:07.677+0000] {dag.py:3239} INFO - Sync 1 DAGs
[2026-05-18T01:09:07.686+0000] {logging_mixin.py:190} INFO - [2026-05-18T01:09:07.686+0000] {dag.py:4180} INFO - Setting next_dagrun for example_sensors to None, run_after=None
[2026-05-18T01:09:07.703+0000] {processor.py:208} INFO - Processing /usr/local/python/3.12.1/lib/python3.12/site-packages/airflow/example_dags/example_sensors.py took 0.058 seconds
[2026-05-18T01:09:59.600+0000] {processor.py:186} INFO - Started process (PID=13384) to work on /usr/local/python/3.12.1/lib/python3.12/site-packages/airflow/example_dags/example_sensors.py
[2026-05-18T01:09:59.605+0000] {processor.py:914} INFO - Processing file /usr/local/python/3.12.1/lib/python3.12/site-packages/airflow/example_dags/example_sensors.py for tasks to queue
[2026-05-18T01:09:59.611+0000] {logging_mixin.py:190} INFO - [2026-05-18T01:09:59.611+0000] {dagbag.py:588} INFO - Filling up the DagBag from /usr/local/python/3.12.1/lib/python3.12/site-packages/airflow/example_dags/example_sensors.py
[2026-05-18T01:09:59.639+0000] {processor.py:925} INFO - DAG(s) 'example_sensors' retrieved from /usr/local/python/3.12.1/lib/python3.12/site-packages/airflow/example_dags/example_sensors.py
[2026-05-18T01:09:59.672+0000] {logging_mixin.py:190} INFO - [2026-05-18T01:09:59.671+0000] {dag.py:3239} INFO - Sync 1 DAGs
[2026-05-18T01:09:59.681+0000] {logging_mixin.py:190} INFO - [2026-05-18T01:09:59.681+0000] {dag.py:4180} INFO - Setting next_dagrun for example_sensors to None, run_after=None
[2026-05-18T01:09:59.700+0000] {processor.py:208} INFO - Processing /usr/local/python/3.12.1/lib/python3.12/site-packages/airflow/example_dags/example_sensors.py took 0.106 seconds
[2026-05-18T01:10:52.874+0000] {processor.py:186} INFO - Started process (PID=13821) to work on /usr/local/python/3.12.1/lib/python3.12/site-packages/airflow/example_dags/example_sensors.py
[2026-05-18T01:10:52.875+0000] {processor.py:914} INFO - Processing file /usr/local/python/3.12.1/lib/python3.12/site-packages/airflow/example_dags/example_sensors.py for tasks to queue
[2026-05-18T01:10:52.877+0000] {logging_mixin.py:190} INFO - [2026-05-18T01:10:52.877+0000] {dagbag.py:588} INFO - Filling up the DagBag from /usr/local/python/3.12.1/lib/python3.12/site-packages/airflow/example_dags/example_sensors.py
[2026-05-18T01:10:52.886+0000] {processor.py:925} INFO - DAG(s) 'example_sensors' retrieved from /usr/local/python/3.12.1/lib/python3.12/site-packages/airflow/example_dags/example_sensors.py
[2026-05-18T01:10:52.903+0000] {logging_mixin.py:190} INFO - [2026-05-18T01:10:52.902+0000] {dag.py:3239} INFO - Sync 1 DAGs
[2026-05-18T01:10:52.912+0000] {logging_mixin.py:190} INFO - [2026-05-18T01:10:52.912+0000] {dag.py:4180} INFO - Setting next_dagrun for example_sensors to None, run_after=None
[2026-05-18T01:10:52.931+0000] {processor.py:208} INFO - Processing /usr/local/python/3.12.1/lib/python3.12/site-packages/airflow/example_dags/example_sensors.py took 0.061 seconds
[2026-05-18T01:11:41.997+0000] {processor.py:186} INFO - Started process (PID=14247) to work on /usr/local/python/3.12.1/lib/python3.12/site-packages/airflow/example_dags/example_sensors.py
[2026-05-18T01:11:41.999+0000] {processor.py:914} INFO - Processing file /usr/local/python/3.12.1/lib/python3.12/site-packages/airflow/example_dags/example_sensors.py for tasks to queue
[2026-05-18T01:11:42.001+0000] {logging_mixin.py:190} INFO - [2026-05-18T01:11:42.001+0000] {dagbag.py:588} INFO - Filling up the DagBag from /usr/local/python/3.12.1/lib/python3.12/site-packages/airflow/example_dags/example_sensors.py
[2026-05-18T01:11:42.010+0000] {processor.py:925} INFO - DAG(s) 'example_sensors' retrieved from /usr/local/python/3.12.1/lib/python3.12/site-packages/airflow/example_dags/example_sensors.py
[2026-05-18T01:11:42.026+0000] {logging_mixin.py:190} INFO - [2026-05-18T01:11:42.026+0000] {dag.py:3239} INFO - Sync 1 DAGs
[2026-05-18T01:11:42.036+0000] {logging_mixin.py:190} INFO - [2026-05-18T01:11:42.036+0000] {dag.py:4180} INFO - Setting next_dagrun for example_sensors to None, run_after=None
[2026-05-18T01:11:42.053+0000] {processor.py:208} INFO - Processing /usr/local/python/3.12.1/lib/python3.12/site-packages/airflow/example_dags/example_sensors.py took 0.059 seconds
[2026-05-18T01:12:34.676+0000] {processor.py:186} INFO - Started process (PID=14687) to work on /usr/local/python/3.12.1/lib/python3.12/site-packages/airflow/example_dags/example_sensors.py
[2026-05-18T01:12:34.677+0000] {processor.py:914} INFO - Processing file /usr/local/python/3.12.1/lib/python3.12/site-packages/airflow/example_dags/example_sensors.py for tasks to queue
[2026-05-18T01:12:34.679+0000] {logging_mixin.py:190} INFO - [2026-05-18T01:12:34.679+0000] {dagbag.py:588} INFO - Filling up the DagBag from /usr/local/python/3.12.1/lib/python3.12/site-packages/airflow/example_dags/example_sensors.py
[2026-05-18T01:12:34.689+0000] {processor.py:925} INFO - DAG(s) 'example_sensors' retrieved from /usr/local/python/3.12.1/lib/python3.12/site-packages/airflow/example_dags/example_sensors.py
[2026-05-18T01:12:34.706+0000] {logging_mixin.py:190} INFO - [2026-05-18T01:12:34.705+0000] {dag.py:3239} INFO - Sync 1 DAGs
[2026-05-18T01:12:34.714+0000] {logging_mixin.py:190} INFO - [2026-05-18T01:12:34.714+0000] {dag.py:4180} INFO - Setting next_dagrun for example_sensors to None, run_after=None
[2026-05-18T01:12:34.731+0000] {processor.py:208} INFO - Processing /usr/local/python/3.12.1/lib/python3.12/site-packages/airflow/example_dags/example_sensors.py took 0.059 seconds
[2026-05-18T01:13:29.233+0000] {processor.py:186} INFO - Started process (PID=15070) to work on /usr/local/python/3.12.1/lib/python3.12/site-packages/airflow/example_dags/example_sensors.py
[2026-05-18T01:13:29.234+0000] {processor.py:914} INFO - Processing file /usr/local/python/3.12.1/lib/python3.12/site-packages/airflow/example_dags/example_sensors.py for tasks to queue
[2026-05-18T01:13:29.236+0000] {logging_mixin.py:190} INFO - [2026-05-18T01:13:29.235+0000] {dagbag.py:588} INFO - Filling up the DagBag from /usr/local/python/3.12.1/lib/python3.12/site-packages/airflow/example_dags/example_sensors.py
[2026-05-18T01:13:29.247+0000] {processor.py:925} INFO - DAG(s) 'example_sensors' retrieved from /usr/local/python/3.12.1/lib/python3.12/site-packages/airflow/example_dags/example_sensors.py
[2026-05-18T01:13:29.264+0000] {logging_mixin.py:190} INFO - [2026-05-18T01:13:29.264+0000] {dag.py:3239} INFO - Sync 1 DAGs
[2026-05-18T01:13:29.273+0000] {logging_mixin.py:190} INFO - [2026-05-18T01:13:29.273+0000] {dag.py:4180} INFO - Setting next_dagrun for example_sensors to None, run_after=None
[2026-05-18T01:13:29.293+0000] {processor.py:208} INFO - Processing /usr/local/python/3.12.1/lib/python3.12/site-packages/airflow/example_dags/example_sensors.py took 0.064 seconds
[2026-05-18T01:14:22.844+0000] {processor.py:186} INFO - Started process (PID=15714) to work on /usr/local/python/3.12.1/lib/python3.12/site-packages/airflow/example_dags/example_sensors.py
[2026-05-18T01:14:22.845+0000] {processor.py:914} INFO - Processing file /usr/local/python/3.12.1/lib/python3.12/site-packages/airflow/example_dags/example_sensors.py for tasks to queue
[2026-05-18T01:14:22.846+0000] {logging_mixin.py:190} INFO - [2026-05-18T01:14:22.846+0000] {dagbag.py:588} INFO - Filling up the DagBag from /usr/local/python/3.12.1/lib/python3.12/site-packages/airflow/example_dags/example_sensors.py
[2026-05-18T01:14:22.855+0000] {processor.py:925} INFO - DAG(s) 'example_sensors' retrieved from /usr/local/python/3.12.1/lib/python3.12/site-packages/airflow/example_dags/example_sensors.py
[2026-05-18T01:14:22.871+0000] {logging_mixin.py:190} INFO - [2026-05-18T01:14:22.871+0000] {dag.py:3239} INFO - Sync 1 DAGs
[2026-05-18T01:14:22.880+0000] {logging_mixin.py:190} INFO - [2026-05-18T01:14:22.880+0000] {dag.py:4180} INFO - Setting next_dagrun for example_sensors to None, run_after=None
[2026-05-18T01:14:22.897+0000] {processor.py:208} INFO - Processing /usr/local/python/3.12.1/lib/python3.12/site-packages/airflow/example_dags/example_sensors.py took 0.057 seconds
[2026-05-18T01:15:40.074+0000] {processor.py:186} INFO - Started process (PID=16600) to work on /usr/local/python/3.12.1/lib/python3.12/site-packages/airflow/example_dags/example_sensors.py
[2026-05-18T01:15:40.075+0000] {processor.py:914} INFO - Processing file /usr/local/python/3.12.1/lib/python3.12/site-packages/airflow/example_dags/example_sensors.py for tasks to queue
[2026-05-18T01:15:40.076+0000] {logging_mixin.py:190} INFO - [2026-05-18T01:15:40.076+0000] {dagbag.py:588} INFO - Filling up the DagBag from /usr/local/python/3.12.1/lib/python3.12/site-packages/airflow/example_dags/example_sensors.py
[2026-05-18T01:15:40.085+0000] {processor.py:925} INFO - DAG(s) 'example_sensors' retrieved from /usr/local/python/3.12.1/lib/python3.12/site-packages/airflow/example_dags/example_sensors.py
[2026-05-18T01:15:40.103+0000] {logging_mixin.py:190} INFO - [2026-05-18T01:15:40.103+0000] {dag.py:3239} INFO - Sync 1 DAGs
[2026-05-18T01:15:40.113+0000] {logging_mixin.py:190} INFO - [2026-05-18T01:15:40.112+0000] {dag.py:4180} INFO - Setting next_dagrun for example_sensors to None, run_after=None
[2026-05-18T01:15:40.131+0000] {processor.py:208} INFO - Processing /usr/local/python/3.12.1/lib/python3.12/site-packages/airflow/example_dags/example_sensors.py took 0.061 seconds
[2026-05-18T01:16:35.703+0000] {processor.py:186} INFO - Started process (PID=17192) to work on /usr/local/python/3.12.1/lib/python3.12/site-packages/airflow/example_dags/example_sensors.py
[2026-05-18T01:16:35.704+0000] {processor.py:914} INFO - Processing file /usr/local/python/3.12.1/lib/python3.12/site-packages/airflow/example_dags/example_sensors.py for tasks to queue
[2026-05-18T01:16:35.706+0000] {logging_mixin.py:190} INFO - [2026-05-18T01:16:35.705+0000] {dagbag.py:588} INFO - Filling up the DagBag from /usr/local/python/3.12.1/lib/python3.12/site-packages/airflow/example_dags/example_sensors.py
[2026-05-18T01:16:35.714+0000] {processor.py:925} INFO - DAG(s) 'example_sensors' retrieved from /usr/local/python/3.12.1/lib/python3.12/site-packages/airflow/example_dags/example_sensors.py
[2026-05-18T01:16:35.731+0000] {logging_mixin.py:190} INFO - [2026-05-18T01:16:35.731+0000] {dag.py:3239} INFO - Sync 1 DAGs
[2026-05-18T01:16:35.741+0000] {logging_mixin.py:190} INFO - [2026-05-18T01:16:35.741+0000] {dag.py:4180} INFO - Setting next_dagrun for example_sensors to None, run_after=None
[2026-05-18T01:16:35.758+0000] {processor.py:208} INFO - Processing /usr/local/python/3.12.1/lib/python3.12/site-packages/airflow/example_dags/example_sensors.py took 0.059 seconds
[2026-05-18T01:17:30.110+0000] {processor.py:186} INFO - Started process (PID=17633) to work on /usr/local/python/3.12.1/lib/python3.12/site-packages/airflow/example_dags/example_sensors.py
[2026-05-18T01:17:30.111+0000] {processor.py:914} INFO - Processing file /usr/local/python/3.12.1/lib/python3.12/site-packages/airflow/example_dags/example_sensors.py for tasks to queue
[2026-05-18T01:17:30.112+0000] {logging_mixin.py:190} INFO - [2026-05-18T01:17:30.112+0000] {dagbag.py:588} INFO - Filling up the DagBag from /usr/local/python/3.12.1/lib/python3.12/site-packages/airflow/example_dags/example_sensors.py
[2026-05-18T01:17:30.121+0000] {processor.py:925} INFO - DAG(s) 'example_sensors' retrieved from /usr/local/python/3.12.1/lib/python3.12/site-packages/airflow/example_dags/example_sensors.py
[2026-05-18T01:17:30.144+0000] {logging_mixin.py:190} INFO - [2026-05-18T01:17:30.144+0000] {dag.py:3239} INFO - Sync 1 DAGs
[2026-05-18T01:17:30.153+0000] {logging_mixin.py:190} INFO - [2026-05-18T01:17:30.153+0000] {dag.py:4180} INFO - Setting next_dagrun for example_sensors to None, run_after=None
[2026-05-18T01:17:30.170+0000] {processor.py:208} INFO - Processing /usr/local/python/3.12.1/lib/python3.12/site-packages/airflow/example_dags/example_sensors.py took 0.064 seconds
[2026-05-18T01:18:19.442+0000] {processor.py:186} INFO - Started process (PID=18062) to work on /usr/local/python/3.12.1/lib/python3.12/site-packages/airflow/example_dags/example_sensors.py
[2026-05-18T01:18:19.443+0000] {processor.py:914} INFO - Processing file /usr/local/python/3.12.1/lib/python3.12/site-packages/airflow/example_dags/example_sensors.py for tasks to queue
[2026-05-18T01:18:19.446+0000] {logging_mixin.py:190} INFO - [2026-05-18T01:18:19.445+0000] {dagbag.py:588} INFO - Filling up the DagBag from /usr/local/python/3.12.1/lib/python3.12/site-packages/airflow/example_dags/example_sensors.py
[2026-05-18T01:18:19.455+0000] {processor.py:925} INFO - DAG(s) 'example_sensors' retrieved from /usr/local/python/3.12.1/lib/python3.12/site-packages/airflow/example_dags/example_sensors.py
[2026-05-18T01:18:19.472+0000] {logging_mixin.py:190} INFO - [2026-05-18T01:18:19.472+0000] {dag.py:3239} INFO - Sync 1 DAGs
[2026-05-18T01:18:19.481+0000] {logging_mixin.py:190} INFO - [2026-05-18T01:18:19.481+0000] {dag.py:4180} INFO - Setting next_dagrun for example_sensors to None, run_after=None
[2026-05-18T01:18:19.497+0000] {processor.py:208} INFO - Processing /usr/local/python/3.12.1/lib/python3.12/site-packages/airflow/example_dags/example_sensors.py took 0.061 seconds
[2026-05-18T01:19:10.135+0000] {processor.py:186} INFO - Started process (PID=18423) to work on /usr/local/python/3.12.1/lib/python3.12/site-packages/airflow/example_dags/example_sensors.py
[2026-05-18T01:19:10.136+0000] {processor.py:914} INFO - Processing file /usr/local/python/3.12.1/lib/python3.12/site-packages/airflow/example_dags/example_sensors.py for tasks to queue
[2026-05-18T01:19:10.137+0000] {logging_mixin.py:190} INFO - [2026-05-18T01:19:10.137+0000] {dagbag.py:588} INFO - Filling up the DagBag from /usr/local/python/3.12.1/lib/python3.12/site-packages/airflow/example_dags/example_sensors.py
[2026-05-18T01:19:10.146+0000] {processor.py:925} INFO - DAG(s) 'example_sensors' retrieved from /usr/local/python/3.12.1/lib/python3.12/site-packages/airflow/example_dags/example_sensors.py
[2026-05-18T01:19:10.163+0000] {logging_mixin.py:190} INFO - [2026-05-18T01:19:10.162+0000] {dag.py:3239} INFO - Sync 1 DAGs
[2026-05-18T01:19:10.172+0000] {logging_mixin.py:190} INFO - [2026-05-18T01:19:10.172+0000] {dag.py:4180} INFO - Setting next_dagrun for example_sensors to None, run_after=None
[2026-05-18T01:19:10.192+0000] {processor.py:208} INFO - Processing /usr/local/python/3.12.1/lib/python3.12/site-packages/airflow/example_dags/example_sensors.py took 0.061 seconds
[2026-05-18T01:20:00.430+0000] {processor.py:186} INFO - Started process (PID=18839) to work on /usr/local/python/3.12.1/lib/python3.12/site-packages/airflow/example_dags/example_sensors.py
[2026-05-18T01:20:00.431+0000] {processor.py:914} INFO - Processing file /usr/local/python/3.12.1/lib/python3.12/site-packages/airflow/example_dags/example_sensors.py for tasks to queue
[2026-05-18T01:20:00.433+0000] {logging_mixin.py:190} INFO - [2026-05-18T01:20:00.432+0000] {dagbag.py:588} INFO - Filling up the DagBag from /usr/local/python/3.12.1/lib/python3.12/site-packages/airflow/example_dags/example_sensors.py
[2026-05-18T01:20:00.444+0000] {processor.py:925} INFO - DAG(s) 'example_sensors' retrieved from /usr/local/python/3.12.1/lib/python3.12/site-packages/airflow/example_dags/example_sensors.py
[2026-05-18T01:20:00.475+0000] {logging_mixin.py:190} INFO - [2026-05-18T01:20:00.474+0000] {dag.py:3239} INFO - Sync 1 DAGs
[2026-05-18T01:20:00.488+0000] {logging_mixin.py:190} INFO - [2026-05-18T01:20:00.488+0000] {dag.py:4180} INFO - Setting next_dagrun for example_sensors to None, run_after=None
[2026-05-18T01:20:00.509+0000] {processor.py:208} INFO - Processing /usr/local/python/3.12.1/lib/python3.12/site-packages/airflow/example_dags/example_sensors.py took 0.084 seconds
[2026-05-18T01:20:48.933+0000] {processor.py:186} INFO - Started process (PID=19303) to work on /usr/local/python/3.12.1/lib/python3.12/site-packages/airflow/example_dags/example_sensors.py
[2026-05-18T01:20:48.934+0000] {processor.py:914} INFO - Processing file /usr/local/python/3.12.1/lib/python3.12/site-packages/airflow/example_dags/example_sensors.py for tasks to queue
[2026-05-18T01:20:48.936+0000] {logging_mixin.py:190} INFO - [2026-05-18T01:20:48.935+0000] {dagbag.py:588} INFO - Filling up the DagBag from /usr/local/python/3.12.1/lib/python3.12/site-packages/airflow/example_dags/example_sensors.py
[2026-05-18T01:20:48.944+0000] {processor.py:925} INFO - DAG(s) 'example_sensors' retrieved from /usr/local/python/3.12.1/lib/python3.12/site-packages/airflow/example_dags/example_sensors.py
[2026-05-18T01:20:48.961+0000] {logging_mixin.py:190} INFO - [2026-05-18T01:20:48.960+0000] {dag.py:3239} INFO - Sync 1 DAGs
[2026-05-18T01:20:48.970+0000] {logging_mixin.py:190} INFO - [2026-05-18T01:20:48.970+0000] {dag.py:4180} INFO - Setting next_dagrun for example_sensors to None, run_after=None
[2026-05-18T01:20:48.986+0000] {processor.py:208} INFO - Processing /usr/local/python/3.12.1/lib/python3.12/site-packages/airflow/example_dags/example_sensors.py took 0.057 seconds
[2026-05-18T01:21:37.580+0000] {processor.py:186} INFO - Started process (PID=19727) to work on /usr/local/python/3.12.1/lib/python3.12/site-packages/airflow/example_dags/example_sensors.py
[2026-05-18T01:21:37.581+0000] {processor.py:914} INFO - Processing file /usr/local/python/3.12.1/lib/python3.12/site-packages/airflow/example_dags/example_sensors.py for tasks to queue
[2026-05-18T01:21:37.582+0000] {logging_mixin.py:190} INFO - [2026-05-18T01:21:37.582+0000] {dagbag.py:588} INFO - Filling up the DagBag from /usr/local/python/3.12.1/lib/python3.12/site-packages/airflow/example_dags/example_sensors.py
[2026-05-18T01:21:37.591+0000] {processor.py:925} INFO - DAG(s) 'example_sensors' retrieved from /usr/local/python/3.12.1/lib/python3.12/site-packages/airflow/example_dags/example_sensors.py
[2026-05-18T01:21:37.609+0000] {logging_mixin.py:190} INFO - [2026-05-18T01:21:37.609+0000] {dag.py:3239} INFO - Sync 1 DAGs
[2026-05-18T01:21:37.618+0000] {logging_mixin.py:190} INFO - [2026-05-18T01:21:37.618+0000] {dag.py:4180} INFO - Setting next_dagrun for example_sensors to None, run_after=None
[2026-05-18T01:21:37.635+0000] {processor.py:208} INFO - Processing /usr/local/python/3.12.1/lib/python3.12/site-packages/airflow/example_dags/example_sensors.py took 0.065 seconds
[2026-05-18T01:22:29.583+0000] {processor.py:186} INFO - Started process (PID=20156) to work on /usr/local/python/3.12.1/lib/python3.12/site-packages/airflow/example_dags/example_sensors.py
[2026-05-18T01:22:29.584+0000] {processor.py:914} INFO - Processing file /usr/local/python/3.12.1/lib/python3.12/site-packages/airflow/example_dags/example_sensors.py for tasks to queue
[2026-05-18T01:22:29.585+0000] {logging_mixin.py:190} INFO - [2026-05-18T01:22:29.585+0000] {dagbag.py:588} INFO - Filling up the DagBag from /usr/local/python/3.12.1/lib/python3.12/site-packages/airflow/example_dags/example_sensors.py
[2026-05-18T01:22:29.594+0000] {processor.py:925} INFO - DAG(s) 'example_sensors' retrieved from /usr/local/python/3.12.1/lib/python3.12/site-packages/airflow/example_dags/example_sensors.py
[2026-05-18T01:22:29.616+0000] {logging_mixin.py:190} INFO - [2026-05-18T01:22:29.615+0000] {dag.py:3239} INFO - Sync 1 DAGs
[2026-05-18T01:22:29.625+0000] {logging_mixin.py:190} INFO - [2026-05-18T01:22:29.625+0000] {dag.py:4180} INFO - Setting next_dagrun for example_sensors to None, run_after=None
[2026-05-18T01:22:29.642+0000] {processor.py:208} INFO - Processing /usr/local/python/3.12.1/lib/python3.12/site-packages/airflow/example_dags/example_sensors.py took 0.063 seconds
[2026-05-18T01:23:19.436+0000] {processor.py:186} INFO - Started process (PID=20608) to work on /usr/local/python/3.12.1/lib/python3.12/site-packages/airflow/example_dags/example_sensors.py
[2026-05-18T01:23:19.437+0000] {processor.py:914} INFO - Processing file /usr/local/python/3.12.1/lib/python3.12/site-packages/airflow/example_dags/example_sensors.py for tasks to queue
[2026-05-18T01:23:19.438+0000] {logging_mixin.py:190} INFO - [2026-05-18T01:23:19.438+0000] {dagbag.py:588} INFO - Filling up the DagBag from /usr/local/python/3.12.1/lib/python3.12/site-packages/airflow/example_dags/example_sensors.py
[2026-05-18T01:23:19.447+0000] {processor.py:925} INFO - DAG(s) 'example_sensors' retrieved from /usr/local/python/3.12.1/lib/python3.12/site-packages/airflow/example_dags/example_sensors.py
[2026-05-18T01:23:19.465+0000] {logging_mixin.py:190} INFO - [2026-05-18T01:23:19.464+0000] {dag.py:3239} INFO - Sync 1 DAGs
[2026-05-18T01:23:19.474+0000] {logging_mixin.py:190} INFO - [2026-05-18T01:23:19.474+0000] {dag.py:4180} INFO - Setting next_dagrun for example_sensors to None, run_after=None
[2026-05-18T01:23:19.491+0000] {processor.py:208} INFO - Processing /usr/local/python/3.12.1/lib/python3.12/site-packages/airflow/example_dags/example_sensors.py took 0.059 seconds
[2026-05-18T01:24:11.266+0000] {processor.py:186} INFO - Started process (PID=20974) to work on /usr/local/python/3.12.1/lib/python3.12/site-packages/airflow/example_dags/example_sensors.py
[2026-05-18T01:24:11.267+0000] {processor.py:914} INFO - Processing file /usr/local/python/3.12.1/lib/python3.12/site-packages/airflow/example_dags/example_sensors.py for tasks to queue
[2026-05-18T01:24:11.269+0000] {logging_mixin.py:190} INFO - [2026-05-18T01:24:11.269+0000] {dagbag.py:588} INFO - Filling up the DagBag from /usr/local/python/3.12.1/lib/python3.12/site-packages/airflow/example_dags/example_sensors.py
[2026-05-18T01:24:11.280+0000] {processor.py:925} INFO - DAG(s) 'example_sensors' retrieved from /usr/local/python/3.12.1/lib/python3.12/site-packages/airflow/example_dags/example_sensors.py
[2026-05-18T01:24:11.316+0000] {logging_mixin.py:190} INFO - [2026-05-18T01:24:11.316+0000] {dag.py:3239} INFO - Sync 1 DAGs
[2026-05-18T01:24:11.326+0000] {logging_mixin.py:190} INFO - [2026-05-18T01:24:11.326+0000] {dag.py:4180} INFO - Setting next_dagrun for example_sensors to None, run_after=None
[2026-05-18T01:24:11.343+0000] {processor.py:208} INFO - Processing /usr/local/python/3.12.1/lib/python3.12/site-packages/airflow/example_dags/example_sensors.py took 0.083 seconds
[2026-05-18T01:25:05.492+0000] {processor.py:186} INFO - Started process (PID=21475) to work on /usr/local/python/3.12.1/lib/python3.12/site-packages/airflow/example_dags/example_sensors.py
[2026-05-18T01:25:05.493+0000] {processor.py:914} INFO - Processing file /usr/local/python/3.12.1/lib/python3.12/site-packages/airflow/example_dags/example_sensors.py for tasks to queue
[2026-05-18T01:25:05.495+0000] {logging_mixin.py:190} INFO - [2026-05-18T01:25:05.494+0000] {dagbag.py:588} INFO - Filling up the DagBag from /usr/local/python/3.12.1/lib/python3.12/site-packages/airflow/example_dags/example_sensors.py
[2026-05-18T01:25:05.503+0000] {processor.py:925} INFO - DAG(s) 'example_sensors' retrieved from /usr/local/python/3.12.1/lib/python3.12/site-packages/airflow/example_dags/example_sensors.py
[2026-05-18T01:25:05.523+0000] {logging_mixin.py:190} INFO - [2026-05-18T01:25:05.523+0000] {dag.py:3239} INFO - Sync 1 DAGs
[2026-05-18T01:25:05.534+0000] {logging_mixin.py:190} INFO - [2026-05-18T01:25:05.534+0000] {dag.py:4180} INFO - Setting next_dagrun for example_sensors to None, run_after=None
[2026-05-18T01:25:05.551+0000] {processor.py:208} INFO - Processing /usr/local/python/3.12.1/lib/python3.12/site-packages/airflow/example_dags/example_sensors.py took 0.063 seconds
[2026-05-18T01:25:55.318+0000] {processor.py:186} INFO - Started process (PID=21936) to work on /usr/local/python/3.12.1/lib/python3.12/site-packages/airflow/example_dags/example_sensors.py
[2026-05-18T01:25:55.319+0000] {processor.py:914} INFO - Processing file /usr/local/python/3.12.1/lib/python3.12/site-packages/airflow/example_dags/example_sensors.py for tasks to queue
[2026-05-18T01:25:55.320+0000] {logging_mixin.py:190} INFO - [2026-05-18T01:25:55.320+0000] {dagbag.py:588} INFO - Filling up the DagBag from /usr/local/python/3.12.1/lib/python3.12/site-packages/airflow/example_dags/example_sensors.py
[2026-05-18T01:25:55.329+0000] {processor.py:925} INFO - DAG(s) 'example_sensors' retrieved from /usr/local/python/3.12.1/lib/python3.12/site-packages/airflow/example_dags/example_sensors.py
[2026-05-18T01:25:55.349+0000] {logging_mixin.py:190} INFO - [2026-05-18T01:25:55.349+0000] {dag.py:3239} INFO - Sync 1 DAGs
[2026-05-18T01:25:55.358+0000] {logging_mixin.py:190} INFO - [2026-05-18T01:25:55.358+0000] {dag.py:4180} INFO - Setting next_dagrun for example_sensors to None, run_after=None
[2026-05-18T01:25:55.380+0000] {processor.py:208} INFO - Processing /usr/local/python/3.12.1/lib/python3.12/site-packages/airflow/example_dags/example_sensors.py took 0.067 seconds
[2026-05-18T01:26:45.905+0000] {processor.py:186} INFO - Started process (PID=22372) to work on /usr/local/python/3.12.1/lib/python3.12/site-packages/airflow/example_dags/example_sensors.py
[2026-05-18T01:26:45.906+0000] {processor.py:914} INFO - Processing file /usr/local/python/3.12.1/lib/python3.12/site-packages/airflow/example_dags/example_sensors.py for tasks to queue
[2026-05-18T01:26:45.908+0000] {logging_mixin.py:190} INFO - [2026-05-18T01:26:45.908+0000] {dagbag.py:588} INFO - Filling up the DagBag from /usr/local/python/3.12.1/lib/python3.12/site-packages/airflow/example_dags/example_sensors.py
[2026-05-18T01:26:45.917+0000] {processor.py:925} INFO - DAG(s) 'example_sensors' retrieved from /usr/local/python/3.12.1/lib/python3.12/site-packages/airflow/example_dags/example_sensors.py
[2026-05-18T01:26:45.934+0000] {logging_mixin.py:190} INFO - [2026-05-18T01:26:45.934+0000] {dag.py:3239} INFO - Sync 1 DAGs
[2026-05-18T01:26:45.943+0000] {logging_mixin.py:190} INFO - [2026-05-18T01:26:45.943+0000] {dag.py:4180} INFO - Setting next_dagrun for example_sensors to None, run_after=None
[2026-05-18T01:26:45.961+0000] {processor.py:208} INFO - Processing /usr/local/python/3.12.1/lib/python3.12/site-packages/airflow/example_dags/example_sensors.py took 0.060 seconds
[2026-05-18T01:28:04.351+0000] {processor.py:186} INFO - Started process (PID=23562) to work on /usr/local/python/3.12.1/lib/python3.12/site-packages/airflow/example_dags/example_sensors.py
[2026-05-18T01:28:04.352+0000] {processor.py:914} INFO - Processing file /usr/local/python/3.12.1/lib/python3.12/site-packages/airflow/example_dags/example_sensors.py for tasks to queue
[2026-05-18T01:28:04.353+0000] {logging_mixin.py:190} INFO - [2026-05-18T01:28:04.353+0000] {dagbag.py:588} INFO - Filling up the DagBag from /usr/local/python/3.12.1/lib/python3.12/site-packages/airflow/example_dags/example_sensors.py
[2026-05-18T01:28:04.362+0000] {processor.py:925} INFO - DAG(s) 'example_sensors' retrieved from /usr/local/python/3.12.1/lib/python3.12/site-packages/airflow/example_dags/example_sensors.py
[2026-05-18T01:28:04.380+0000] {logging_mixin.py:190} INFO - [2026-05-18T01:28:04.380+0000] {dag.py:3239} INFO - Sync 1 DAGs
[2026-05-18T01:28:04.390+0000] {logging_mixin.py:190} INFO - [2026-05-18T01:28:04.389+0000] {dag.py:4180} INFO - Setting next_dagrun for example_sensors to None, run_after=None
[2026-05-18T01:28:04.407+0000] {processor.py:208} INFO - Processing /usr/local/python/3.12.1/lib/python3.12/site-packages/airflow/example_dags/example_sensors.py took 0.060 seconds
[2026-05-18T01:28:59.781+0000] {processor.py:186} INFO - Started process (PID=24041) to work on /usr/local/python/3.12.1/lib/python3.12/site-packages/airflow/example_dags/example_sensors.py
[2026-05-18T01:28:59.782+0000] {processor.py:914} INFO - Processing file /usr/local/python/3.12.1/lib/python3.12/site-packages/airflow/example_dags/example_sensors.py for tasks to queue
[2026-05-18T01:28:59.784+0000] {logging_mixin.py:190} INFO - [2026-05-18T01:28:59.783+0000] {dagbag.py:588} INFO - Filling up the DagBag from /usr/local/python/3.12.1/lib/python3.12/site-packages/airflow/example_dags/example_sensors.py
[2026-05-18T01:28:59.792+0000] {processor.py:925} INFO - DAG(s) 'example_sensors' retrieved from /usr/local/python/3.12.1/lib/python3.12/site-packages/airflow/example_dags/example_sensors.py
[2026-05-18T01:28:59.809+0000] {logging_mixin.py:190} INFO - [2026-05-18T01:28:59.808+0000] {dag.py:3239} INFO - Sync 1 DAGs
[2026-05-18T01:28:59.818+0000] {logging_mixin.py:190} INFO - [2026-05-18T01:28:59.818+0000] {dag.py:4180} INFO - Setting next_dagrun for example_sensors to None, run_after=None
[2026-05-18T01:28:59.834+0000] {processor.py:208} INFO - Processing /usr/local/python/3.12.1/lib/python3.12/site-packages/airflow/example_dags/example_sensors.py took 0.057 seconds
[2026-05-18T01:29:53.646+0000] {processor.py:186} INFO - Started process (PID=24490) to work on /usr/local/python/3.12.1/lib/python3.12/site-packages/airflow/example_dags/example_sensors.py
[2026-05-18T01:29:53.646+0000] {processor.py:914} INFO - Processing file /usr/local/python/3.12.1/lib/python3.12/site-packages/airflow/example_dags/example_sensors.py for tasks to queue
[2026-05-18T01:29:53.649+0000] {logging_mixin.py:190} INFO - [2026-05-18T01:29:53.648+0000] {dagbag.py:588} INFO - Filling up the DagBag from /usr/local/python/3.12.1/lib/python3.12/site-packages/airflow/example_dags/example_sensors.py
[2026-05-18T01:29:53.665+0000] {processor.py:925} INFO - DAG(s) 'example_sensors' retrieved from /usr/local/python/3.12.1/lib/python3.12/site-packages/airflow/example_dags/example_sensors.py
[2026-05-18T01:29:53.691+0000] {logging_mixin.py:190} INFO - [2026-05-18T01:29:53.690+0000] {dag.py:3239} INFO - Sync 1 DAGs
[2026-05-18T01:29:53.706+0000] {logging_mixin.py:190} INFO - [2026-05-18T01:29:53.706+0000] {dag.py:4180} INFO - Setting next_dagrun for example_sensors to None, run_after=None
[2026-05-18T01:29:53.730+0000] {processor.py:208} INFO - Processing /usr/local/python/3.12.1/lib/python3.12/site-packages/airflow/example_dags/example_sensors.py took 0.100 seconds
[2026-05-18T01:30:44.020+0000] {processor.py:186} INFO - Started process (PID=25477) to work on /usr/local/python/3.12.1/lib/python3.12/site-packages/airflow/example_dags/example_sensors.py
[2026-05-18T01:30:44.021+0000] {processor.py:914} INFO - Processing file /usr/local/python/3.12.1/lib/python3.12/site-packages/airflow/example_dags/example_sensors.py for tasks to queue
[2026-05-18T01:30:44.022+0000] {logging_mixin.py:190} INFO - [2026-05-18T01:30:44.022+0000] {dagbag.py:588} INFO - Filling up the DagBag from /usr/local/python/3.12.1/lib/python3.12/site-packages/airflow/example_dags/example_sensors.py
[2026-05-18T01:30:44.031+0000] {processor.py:925} INFO - DAG(s) 'example_sensors' retrieved from /usr/local/python/3.12.1/lib/python3.12/site-packages/airflow/example_dags/example_sensors.py
[2026-05-18T01:30:44.047+0000] {logging_mixin.py:190} INFO - [2026-05-18T01:30:44.047+0000] {dag.py:3239} INFO - Sync 1 DAGs
[2026-05-18T01:30:44.057+0000] {logging_mixin.py:190} INFO - [2026-05-18T01:30:44.057+0000] {dag.py:4180} INFO - Setting next_dagrun for example_sensors to None, run_after=None
[2026-05-18T01:30:44.073+0000] {processor.py:208} INFO - Processing /usr/local/python/3.12.1/lib/python3.12/site-packages/airflow/example_dags/example_sensors.py took 0.058 seconds
[2026-05-18T01:31:33.136+0000] {processor.py:186} INFO - Started process (PID=25845) to work on /usr/local/python/3.12.1/lib/python3.12/site-packages/airflow/example_dags/example_sensors.py
[2026-05-18T01:31:33.137+0000] {processor.py:914} INFO - Processing file /usr/local/python/3.12.1/lib/python3.12/site-packages/airflow/example_dags/example_sensors.py for tasks to queue
[2026-05-18T01:31:33.139+0000] {logging_mixin.py:190} INFO - [2026-05-18T01:31:33.139+0000] {dagbag.py:588} INFO - Filling up the DagBag from /usr/local/python/3.12.1/lib/python3.12/site-packages/airflow/example_dags/example_sensors.py
[2026-05-18T01:31:33.148+0000] {processor.py:925} INFO - DAG(s) 'example_sensors' retrieved from /usr/local/python/3.12.1/lib/python3.12/site-packages/airflow/example_dags/example_sensors.py
[2026-05-18T01:31:33.166+0000] {logging_mixin.py:190} INFO - [2026-05-18T01:31:33.166+0000] {dag.py:3239} INFO - Sync 1 DAGs
[2026-05-18T01:31:33.176+0000] {logging_mixin.py:190} INFO - [2026-05-18T01:31:33.176+0000] {dag.py:4180} INFO - Setting next_dagrun for example_sensors to None, run_after=None
[2026-05-18T01:31:33.194+0000] {processor.py:208} INFO - Processing /usr/local/python/3.12.1/lib/python3.12/site-packages/airflow/example_dags/example_sensors.py took 0.062 seconds
[2026-05-18T01:32:22.737+0000] {processor.py:186} INFO - Started process (PID=26280) to work on /usr/local/python/3.12.1/lib/python3.12/site-packages/airflow/example_dags/example_sensors.py
[2026-05-18T01:32:22.741+0000] {processor.py:914} INFO - Processing file /usr/local/python/3.12.1/lib/python3.12/site-packages/airflow/example_dags/example_sensors.py for tasks to queue
[2026-05-18T01:32:22.744+0000] {logging_mixin.py:190} INFO - [2026-05-18T01:32:22.744+0000] {dagbag.py:588} INFO - Filling up the DagBag from /usr/local/python/3.12.1/lib/python3.12/site-packages/airflow/example_dags/example_sensors.py
[2026-05-18T01:32:22.776+0000] {processor.py:925} INFO - DAG(s) 'example_sensors' retrieved from /usr/local/python/3.12.1/lib/python3.12/site-packages/airflow/example_dags/example_sensors.py
[2026-05-18T01:32:22.805+0000] {logging_mixin.py:190} INFO - [2026-05-18T01:32:22.804+0000] {dag.py:3239} INFO - Sync 1 DAGs
[2026-05-18T01:32:22.832+0000] {logging_mixin.py:190} INFO - [2026-05-18T01:32:22.832+0000] {dag.py:4180} INFO - Setting next_dagrun for example_sensors to None, run_after=None
[2026-05-18T01:32:22.867+0000] {processor.py:208} INFO - Processing /usr/local/python/3.12.1/lib/python3.12/site-packages/airflow/example_dags/example_sensors.py took 0.143 seconds
[2026-05-18T01:33:13.582+0000] {processor.py:186} INFO - Started process (PID=26954) to work on /usr/local/python/3.12.1/lib/python3.12/site-packages/airflow/example_dags/example_sensors.py
[2026-05-18T01:33:13.583+0000] {processor.py:914} INFO - Processing file /usr/local/python/3.12.1/lib/python3.12/site-packages/airflow/example_dags/example_sensors.py for tasks to queue
[2026-05-18T01:33:13.584+0000] {logging_mixin.py:190} INFO - [2026-05-18T01:33:13.584+0000] {dagbag.py:588} INFO - Filling up the DagBag from /usr/local/python/3.12.1/lib/python3.12/site-packages/airflow/example_dags/example_sensors.py
[2026-05-18T01:33:13.593+0000] {processor.py:925} INFO - DAG(s) 'example_sensors' retrieved from /usr/local/python/3.12.1/lib/python3.12/site-packages/airflow/example_dags/example_sensors.py
[2026-05-18T01:33:13.611+0000] {logging_mixin.py:190} INFO - [2026-05-18T01:33:13.611+0000] {dag.py:3239} INFO - Sync 1 DAGs
[2026-05-18T01:33:13.622+0000] {logging_mixin.py:190} INFO - [2026-05-18T01:33:13.622+0000] {dag.py:4180} INFO - Setting next_dagrun for example_sensors to None, run_after=None
[2026-05-18T01:33:13.657+0000] {processor.py:208} INFO - Processing /usr/local/python/3.12.1/lib/python3.12/site-packages/airflow/example_dags/example_sensors.py took 0.080 seconds
[2026-05-18T01:34:04.211+0000] {processor.py:186} INFO - Started process (PID=27394) to work on /usr/local/python/3.12.1/lib/python3.12/site-packages/airflow/example_dags/example_sensors.py
[2026-05-18T01:34:04.212+0000] {processor.py:914} INFO - Processing file /usr/local/python/3.12.1/lib/python3.12/site-packages/airflow/example_dags/example_sensors.py for tasks to queue
[2026-05-18T01:34:04.214+0000] {logging_mixin.py:190} INFO - [2026-05-18T01:34:04.214+0000] {dagbag.py:588} INFO - Filling up the DagBag from /usr/local/python/3.12.1/lib/python3.12/site-packages/airflow/example_dags/example_sensors.py
[2026-05-18T01:34:04.227+0000] {processor.py:925} INFO - DAG(s) 'example_sensors' retrieved from /usr/local/python/3.12.1/lib/python3.12/site-packages/airflow/example_dags/example_sensors.py
[2026-05-18T01:34:04.252+0000] {logging_mixin.py:190} INFO - [2026-05-18T01:34:04.251+0000] {dag.py:3239} INFO - Sync 1 DAGs
[2026-05-18T01:34:04.298+0000] {logging_mixin.py:190} INFO - [2026-05-18T01:34:04.298+0000] {dag.py:4180} INFO - Setting next_dagrun for example_sensors to None, run_after=None
[2026-05-18T01:34:04.316+0000] {processor.py:208} INFO - Processing /usr/local/python/3.12.1/lib/python3.12/site-packages/airflow/example_dags/example_sensors.py took 0.115 seconds
[2026-05-18T01:34:57.538+0000] {processor.py:186} INFO - Started process (PID=27922) to work on /usr/local/python/3.12.1/lib/python3.12/site-packages/airflow/example_dags/example_sensors.py
[2026-05-18T01:34:57.539+0000] {processor.py:914} INFO - Processing file /usr/local/python/3.12.1/lib/python3.12/site-packages/airflow/example_dags/example_sensors.py for tasks to queue
[2026-05-18T01:34:57.541+0000] {logging_mixin.py:190} INFO - [2026-05-18T01:34:57.540+0000] {dagbag.py:588} INFO - Filling up the DagBag from /usr/local/python/3.12.1/lib/python3.12/site-packages/airflow/example_dags/example_sensors.py
[2026-05-18T01:34:57.551+0000] {processor.py:925} INFO - DAG(s) 'example_sensors' retrieved from /usr/local/python/3.12.1/lib/python3.12/site-packages/airflow/example_dags/example_sensors.py
[2026-05-18T01:34:57.579+0000] {logging_mixin.py:190} INFO - [2026-05-18T01:34:57.578+0000] {dag.py:3239} INFO - Sync 1 DAGs
[2026-05-18T01:34:57.594+0000] {logging_mixin.py:190} INFO - [2026-05-18T01:34:57.594+0000] {dag.py:4180} INFO - Setting next_dagrun for example_sensors to None, run_after=None
[2026-05-18T01:34:57.614+0000] {processor.py:208} INFO - Processing /usr/local/python/3.12.1/lib/python3.12/site-packages/airflow/example_dags/example_sensors.py took 0.080 seconds
[2026-05-18T01:35:47.124+0000] {processor.py:186} INFO - Started process (PID=28652) to work on /usr/local/python/3.12.1/lib/python3.12/site-packages/airflow/example_dags/example_sensors.py
[2026-05-18T01:35:47.125+0000] {processor.py:914} INFO - Processing file /usr/local/python/3.12.1/lib/python3.12/site-packages/airflow/example_dags/example_sensors.py for tasks to queue
[2026-05-18T01:35:47.127+0000] {logging_mixin.py:190} INFO - [2026-05-18T01:35:47.126+0000] {dagbag.py:588} INFO - Filling up the DagBag from /usr/local/python/3.12.1/lib/python3.12/site-packages/airflow/example_dags/example_sensors.py
[2026-05-18T01:35:47.135+0000] {processor.py:925} INFO - DAG(s) 'example_sensors' retrieved from /usr/local/python/3.12.1/lib/python3.12/site-packages/airflow/example_dags/example_sensors.py
[2026-05-18T01:35:47.154+0000] {logging_mixin.py:190} INFO - [2026-05-18T01:35:47.154+0000] {dag.py:3239} INFO - Sync 1 DAGs
[2026-05-18T01:35:47.163+0000] {logging_mixin.py:190} INFO - [2026-05-18T01:35:47.163+0000] {dag.py:4180} INFO - Setting next_dagrun for example_sensors to None, run_after=None
[2026-05-18T01:35:47.181+0000] {processor.py:208} INFO - Processing /usr/local/python/3.12.1/lib/python3.12/site-packages/airflow/example_dags/example_sensors.py took 0.061 seconds
[2026-05-18T01:36:41.538+0000] {processor.py:186} INFO - Started process (PID=29116) to work on /usr/local/python/3.12.1/lib/python3.12/site-packages/airflow/example_dags/example_sensors.py
[2026-05-18T01:36:41.539+0000] {processor.py:914} INFO - Processing file /usr/local/python/3.12.1/lib/python3.12/site-packages/airflow/example_dags/example_sensors.py for tasks to queue
[2026-05-18T01:36:41.541+0000] {logging_mixin.py:190} INFO - [2026-05-18T01:36:41.540+0000] {dagbag.py:588} INFO - Filling up the DagBag from /usr/local/python/3.12.1/lib/python3.12/site-packages/airflow/example_dags/example_sensors.py
[2026-05-18T01:36:41.550+0000] {processor.py:925} INFO - DAG(s) 'example_sensors' retrieved from /usr/local/python/3.12.1/lib/python3.12/site-packages/airflow/example_dags/example_sensors.py
[2026-05-18T01:36:41.567+0000] {logging_mixin.py:190} INFO - [2026-05-18T01:36:41.567+0000] {dag.py:3239} INFO - Sync 1 DAGs
[2026-05-18T01:36:41.577+0000] {logging_mixin.py:190} INFO - [2026-05-18T01:36:41.577+0000] {dag.py:4180} INFO - Setting next_dagrun for example_sensors to None, run_after=None
[2026-05-18T01:36:41.593+0000] {processor.py:208} INFO - Processing /usr/local/python/3.12.1/lib/python3.12/site-packages/airflow/example_dags/example_sensors.py took 0.059 seconds
[2026-05-18T01:37:35.253+0000] {processor.py:186} INFO - Started process (PID=29571) to work on /usr/local/python/3.12.1/lib/python3.12/site-packages/airflow/example_dags/example_sensors.py
[2026-05-18T01:37:35.254+0000] {processor.py:914} INFO - Processing file /usr/local/python/3.12.1/lib/python3.12/site-packages/airflow/example_dags/example_sensors.py for tasks to queue
[2026-05-18T01:37:35.256+0000] {logging_mixin.py:190} INFO - [2026-05-18T01:37:35.255+0000] {dagbag.py:588} INFO - Filling up the DagBag from /usr/local/python/3.12.1/lib/python3.12/site-packages/airflow/example_dags/example_sensors.py
[2026-05-18T01:37:35.265+0000] {processor.py:925} INFO - DAG(s) 'example_sensors' retrieved from /usr/local/python/3.12.1/lib/python3.12/site-packages/airflow/example_dags/example_sensors.py
[2026-05-18T01:37:35.282+0000] {logging_mixin.py:190} INFO - [2026-05-18T01:37:35.281+0000] {dag.py:3239} INFO - Sync 1 DAGs
[2026-05-18T01:37:35.291+0000] {logging_mixin.py:190} INFO - [2026-05-18T01:37:35.291+0000] {dag.py:4180} INFO - Setting next_dagrun for example_sensors to None, run_after=None
[2026-05-18T01:37:35.307+0000] {processor.py:208} INFO - Processing /usr/local/python/3.12.1/lib/python3.12/site-packages/airflow/example_dags/example_sensors.py took 0.058 seconds
[2026-05-18T01:38:24.549+0000] {processor.py:186} INFO - Started process (PID=30000) to work on /usr/local/python/3.12.1/lib/python3.12/site-packages/airflow/example_dags/example_sensors.py
[2026-05-18T01:38:24.551+0000] {processor.py:914} INFO - Processing file /usr/local/python/3.12.1/lib/python3.12/site-packages/airflow/example_dags/example_sensors.py for tasks to queue
[2026-05-18T01:38:24.553+0000] {logging_mixin.py:190} INFO - [2026-05-18T01:38:24.553+0000] {dagbag.py:588} INFO - Filling up the DagBag from /usr/local/python/3.12.1/lib/python3.12/site-packages/airflow/example_dags/example_sensors.py
[2026-05-18T01:38:24.565+0000] {processor.py:925} INFO - DAG(s) 'example_sensors' retrieved from /usr/local/python/3.12.1/lib/python3.12/site-packages/airflow/example_dags/example_sensors.py
[2026-05-18T01:38:24.587+0000] {logging_mixin.py:190} INFO - [2026-05-18T01:38:24.587+0000] {dag.py:3239} INFO - Sync 1 DAGs
[2026-05-18T01:38:24.620+0000] {logging_mixin.py:190} INFO - [2026-05-18T01:38:24.620+0000] {dag.py:4180} INFO - Setting next_dagrun for example_sensors to None, run_after=None
[2026-05-18T01:38:24.679+0000] {processor.py:208} INFO - Processing /usr/local/python/3.12.1/lib/python3.12/site-packages/airflow/example_dags/example_sensors.py took 0.136 seconds
[2026-05-18T01:39:10.924+0000] {processor.py:186} INFO - Started process (PID=30419) to work on /usr/local/python/3.12.1/lib/python3.12/site-packages/airflow/example_dags/example_sensors.py
[2026-05-18T01:39:10.925+0000] {processor.py:914} INFO - Processing file /usr/local/python/3.12.1/lib/python3.12/site-packages/airflow/example_dags/example_sensors.py for tasks to queue
[2026-05-18T01:39:10.927+0000] {logging_mixin.py:190} INFO - [2026-05-18T01:39:10.926+0000] {dagbag.py:588} INFO - Filling up the DagBag from /usr/local/python/3.12.1/lib/python3.12/site-packages/airflow/example_dags/example_sensors.py
[2026-05-18T01:39:10.939+0000] {processor.py:925} INFO - DAG(s) 'example_sensors' retrieved from /usr/local/python/3.12.1/lib/python3.12/site-packages/airflow/example_dags/example_sensors.py
[2026-05-18T01:39:10.965+0000] {logging_mixin.py:190} INFO - [2026-05-18T01:39:10.965+0000] {dag.py:3239} INFO - Sync 1 DAGs
[2026-05-18T01:39:10.974+0000] {logging_mixin.py:190} INFO - [2026-05-18T01:39:10.974+0000] {dag.py:4180} INFO - Setting next_dagrun for example_sensors to None, run_after=None
[2026-05-18T01:39:10.994+0000] {processor.py:208} INFO - Processing /usr/local/python/3.12.1/lib/python3.12/site-packages/airflow/example_dags/example_sensors.py took 0.075 seconds
[2026-05-18T01:39:59.276+0000] {processor.py:186} INFO - Started process (PID=30823) to work on /usr/local/python/3.12.1/lib/python3.12/site-packages/airflow/example_dags/example_sensors.py
[2026-05-18T01:39:59.276+0000] {processor.py:914} INFO - Processing file /usr/local/python/3.12.1/lib/python3.12/site-packages/airflow/example_dags/example_sensors.py for tasks to queue
[2026-05-18T01:39:59.278+0000] {logging_mixin.py:190} INFO - [2026-05-18T01:39:59.278+0000] {dagbag.py:588} INFO - Filling up the DagBag from /usr/local/python/3.12.1/lib/python3.12/site-packages/airflow/example_dags/example_sensors.py
[2026-05-18T01:39:59.287+0000] {processor.py:925} INFO - DAG(s) 'example_sensors' retrieved from /usr/local/python/3.12.1/lib/python3.12/site-packages/airflow/example_dags/example_sensors.py
[2026-05-18T01:39:59.303+0000] {logging_mixin.py:190} INFO - [2026-05-18T01:39:59.303+0000] {dag.py:3239} INFO - Sync 1 DAGs
[2026-05-18T01:39:59.313+0000] {logging_mixin.py:190} INFO - [2026-05-18T01:39:59.312+0000] {dag.py:4180} INFO - Setting next_dagrun for example_sensors to None, run_after=None
[2026-05-18T01:39:59.329+0000] {processor.py:208} INFO - Processing /usr/local/python/3.12.1/lib/python3.12/site-packages/airflow/example_dags/example_sensors.py took 0.058 seconds
[2026-05-18T01:40:49.339+0000] {processor.py:186} INFO - Started process (PID=31370) to work on /usr/local/python/3.12.1/lib/python3.12/site-packages/airflow/example_dags/example_sensors.py
[2026-05-18T01:40:49.340+0000] {processor.py:914} INFO - Processing file /usr/local/python/3.12.1/lib/python3.12/site-packages/airflow/example_dags/example_sensors.py for tasks to queue
[2026-05-18T01:40:49.341+0000] {logging_mixin.py:190} INFO - [2026-05-18T01:40:49.341+0000] {dagbag.py:588} INFO - Filling up the DagBag from /usr/local/python/3.12.1/lib/python3.12/site-packages/airflow/example_dags/example_sensors.py
[2026-05-18T01:40:49.350+0000] {processor.py:925} INFO - DAG(s) 'example_sensors' retrieved from /usr/local/python/3.12.1/lib/python3.12/site-packages/airflow/example_dags/example_sensors.py
[2026-05-18T01:40:49.366+0000] {logging_mixin.py:190} INFO - [2026-05-18T01:40:49.366+0000] {dag.py:3239} INFO - Sync 1 DAGs
[2026-05-18T01:40:49.376+0000] {logging_mixin.py:190} INFO - [2026-05-18T01:40:49.375+0000] {dag.py:4180} INFO - Setting next_dagrun for example_sensors to None, run_after=None
[2026-05-18T01:40:49.392+0000] {processor.py:208} INFO - Processing /usr/local/python/3.12.1/lib/python3.12/site-packages/airflow/example_dags/example_sensors.py took 0.057 seconds
[2026-05-18T01:41:42.979+0000] {processor.py:186} INFO - Started process (PID=31917) to work on /usr/local/python/3.12.1/lib/python3.12/site-packages/airflow/example_dags/example_sensors.py
[2026-05-18T01:41:42.980+0000] {processor.py:914} INFO - Processing file /usr/local/python/3.12.1/lib/python3.12/site-packages/airflow/example_dags/example_sensors.py for tasks to queue
[2026-05-18T01:41:42.983+0000] {logging_mixin.py:190} INFO - [2026-05-18T01:41:42.982+0000] {dagbag.py:588} INFO - Filling up the DagBag from /usr/local/python/3.12.1/lib/python3.12/site-packages/airflow/example_dags/example_sensors.py
[2026-05-18T01:41:42.991+0000] {processor.py:925} INFO - DAG(s) 'example_sensors' retrieved from /usr/local/python/3.12.1/lib/python3.12/site-packages/airflow/example_dags/example_sensors.py
[2026-05-18T01:41:43.008+0000] {logging_mixin.py:190} INFO - [2026-05-18T01:41:43.008+0000] {dag.py:3239} INFO - Sync 1 DAGs
[2026-05-18T01:41:43.018+0000] {logging_mixin.py:190} INFO - [2026-05-18T01:41:43.017+0000] {dag.py:4180} INFO - Setting next_dagrun for example_sensors to None, run_after=None
[2026-05-18T01:41:43.035+0000] {processor.py:208} INFO - Processing /usr/local/python/3.12.1/lib/python3.12/site-packages/airflow/example_dags/example_sensors.py took 0.061 seconds
[2026-05-18T01:42:33.320+0000] {processor.py:186} INFO - Started process (PID=32411) to work on /usr/local/python/3.12.1/lib/python3.12/site-packages/airflow/example_dags/example_sensors.py
[2026-05-18T01:42:33.321+0000] {processor.py:914} INFO - Processing file /usr/local/python/3.12.1/lib/python3.12/site-packages/airflow/example_dags/example_sensors.py for tasks to queue
[2026-05-18T01:42:33.324+0000] {logging_mixin.py:190} INFO - [2026-05-18T01:42:33.324+0000] {dagbag.py:588} INFO - Filling up the DagBag from /usr/local/python/3.12.1/lib/python3.12/site-packages/airflow/example_dags/example_sensors.py
[2026-05-18T01:42:33.336+0000] {processor.py:925} INFO - DAG(s) 'example_sensors' retrieved from /usr/local/python/3.12.1/lib/python3.12/site-packages/airflow/example_dags/example_sensors.py
[2026-05-18T01:42:33.379+0000] {logging_mixin.py:190} INFO - [2026-05-18T01:42:33.379+0000] {dag.py:3239} INFO - Sync 1 DAGs
[2026-05-18T01:42:33.394+0000] {logging_mixin.py:190} INFO - [2026-05-18T01:42:33.394+0000] {dag.py:4180} INFO - Setting next_dagrun for example_sensors to None, run_after=None
[2026-05-18T01:42:33.418+0000] {processor.py:208} INFO - Processing /usr/local/python/3.12.1/lib/python3.12/site-packages/airflow/example_dags/example_sensors.py took 0.105 seconds
[2026-05-18T01:43:24.842+0000] {processor.py:186} INFO - Started process (PID=32922) to work on /usr/local/python/3.12.1/lib/python3.12/site-packages/airflow/example_dags/example_sensors.py
[2026-05-18T01:43:24.843+0000] {processor.py:914} INFO - Processing file /usr/local/python/3.12.1/lib/python3.12/site-packages/airflow/example_dags/example_sensors.py for tasks to queue
[2026-05-18T01:43:24.845+0000] {logging_mixin.py:190} INFO - [2026-05-18T01:43:24.844+0000] {dagbag.py:588} INFO - Filling up the DagBag from /usr/local/python/3.12.1/lib/python3.12/site-packages/airflow/example_dags/example_sensors.py
[2026-05-18T01:43:24.853+0000] {processor.py:925} INFO - DAG(s) 'example_sensors' retrieved from /usr/local/python/3.12.1/lib/python3.12/site-packages/airflow/example_dags/example_sensors.py
[2026-05-18T01:43:24.871+0000] {logging_mixin.py:190} INFO - [2026-05-18T01:43:24.871+0000] {dag.py:3239} INFO - Sync 1 DAGs
[2026-05-18T01:43:24.881+0000] {logging_mixin.py:190} INFO - [2026-05-18T01:43:24.880+0000] {dag.py:4180} INFO - Setting next_dagrun for example_sensors to None, run_after=None
[2026-05-18T01:43:24.897+0000] {processor.py:208} INFO - Processing /usr/local/python/3.12.1/lib/python3.12/site-packages/airflow/example_dags/example_sensors.py took 0.060 seconds
[2026-05-18T01:44:32.481+0000] {processor.py:186} INFO - Started process (PID=33794) to work on /usr/local/python/3.12.1/lib/python3.12/site-packages/airflow/example_dags/example_sensors.py
[2026-05-18T01:44:32.482+0000] {processor.py:914} INFO - Processing file /usr/local/python/3.12.1/lib/python3.12/site-packages/airflow/example_dags/example_sensors.py for tasks to queue
[2026-05-18T01:44:32.484+0000] {logging_mixin.py:190} INFO - [2026-05-18T01:44:32.483+0000] {dagbag.py:588} INFO - Filling up the DagBag from /usr/local/python/3.12.1/lib/python3.12/site-packages/airflow/example_dags/example_sensors.py
[2026-05-18T01:44:32.492+0000] {processor.py:925} INFO - DAG(s) 'example_sensors' retrieved from /usr/local/python/3.12.1/lib/python3.12/site-packages/airflow/example_dags/example_sensors.py
[2026-05-18T01:44:32.518+0000] {logging_mixin.py:190} INFO - [2026-05-18T01:44:32.518+0000] {dag.py:3239} INFO - Sync 1 DAGs
[2026-05-18T01:44:32.539+0000] {logging_mixin.py:190} INFO - [2026-05-18T01:44:32.538+0000] {dag.py:4180} INFO - Setting next_dagrun for example_sensors to None, run_after=None
[2026-05-18T01:44:32.558+0000] {processor.py:208} INFO - Processing /usr/local/python/3.12.1/lib/python3.12/site-packages/airflow/example_dags/example_sensors.py took 0.083 seconds
[2026-05-18T01:45:26.870+0000] {processor.py:186} INFO - Started process (PID=34400) to work on /usr/local/python/3.12.1/lib/python3.12/site-packages/airflow/example_dags/example_sensors.py
[2026-05-18T01:45:26.871+0000] {processor.py:914} INFO - Processing file /usr/local/python/3.12.1/lib/python3.12/site-packages/airflow/example_dags/example_sensors.py for tasks to queue
[2026-05-18T01:45:26.873+0000] {logging_mixin.py:190} INFO - [2026-05-18T01:45:26.872+0000] {dagbag.py:588} INFO - Filling up the DagBag from /usr/local/python/3.12.1/lib/python3.12/site-packages/airflow/example_dags/example_sensors.py
[2026-05-18T01:45:26.883+0000] {processor.py:925} INFO - DAG(s) 'example_sensors' retrieved from /usr/local/python/3.12.1/lib/python3.12/site-packages/airflow/example_dags/example_sensors.py
[2026-05-18T01:45:26.904+0000] {logging_mixin.py:190} INFO - [2026-05-18T01:45:26.903+0000] {dag.py:3239} INFO - Sync 1 DAGs
[2026-05-18T01:45:26.914+0000] {logging_mixin.py:190} INFO - [2026-05-18T01:45:26.914+0000] {dag.py:4180} INFO - Setting next_dagrun for example_sensors to None, run_after=None
[2026-05-18T01:45:26.932+0000] {processor.py:208} INFO - Processing /usr/local/python/3.12.1/lib/python3.12/site-packages/airflow/example_dags/example_sensors.py took 0.067 seconds
[2026-05-18T01:46:21.401+0000] {processor.py:186} INFO - Started process (PID=35221) to work on /usr/local/python/3.12.1/lib/python3.12/site-packages/airflow/example_dags/example_sensors.py
[2026-05-18T01:46:21.402+0000] {processor.py:914} INFO - Processing file /usr/local/python/3.12.1/lib/python3.12/site-packages/airflow/example_dags/example_sensors.py for tasks to queue
[2026-05-18T01:46:21.404+0000] {logging_mixin.py:190} INFO - [2026-05-18T01:46:21.404+0000] {dagbag.py:588} INFO - Filling up the DagBag from /usr/local/python/3.12.1/lib/python3.12/site-packages/airflow/example_dags/example_sensors.py
[2026-05-18T01:46:21.415+0000] {processor.py:925} INFO - DAG(s) 'example_sensors' retrieved from /usr/local/python/3.12.1/lib/python3.12/site-packages/airflow/example_dags/example_sensors.py
[2026-05-18T01:46:21.476+0000] {logging_mixin.py:190} INFO - [2026-05-18T01:46:21.476+0000] {dag.py:3239} INFO - Sync 1 DAGs
[2026-05-18T01:46:21.510+0000] {logging_mixin.py:190} INFO - [2026-05-18T01:46:21.510+0000] {dag.py:4180} INFO - Setting next_dagrun for example_sensors to None, run_after=None
[2026-05-18T01:46:21.527+0000] {processor.py:208} INFO - Processing /usr/local/python/3.12.1/lib/python3.12/site-packages/airflow/example_dags/example_sensors.py took 0.130 seconds
[2026-05-18T01:47:13.341+0000] {processor.py:186} INFO - Started process (PID=35672) to work on /usr/local/python/3.12.1/lib/python3.12/site-packages/airflow/example_dags/example_sensors.py
[2026-05-18T01:47:13.341+0000] {processor.py:914} INFO - Processing file /usr/local/python/3.12.1/lib/python3.12/site-packages/airflow/example_dags/example_sensors.py for tasks to queue
[2026-05-18T01:47:13.343+0000] {logging_mixin.py:190} INFO - [2026-05-18T01:47:13.343+0000] {dagbag.py:588} INFO - Filling up the DagBag from /usr/local/python/3.12.1/lib/python3.12/site-packages/airflow/example_dags/example_sensors.py
[2026-05-18T01:47:13.352+0000] {processor.py:925} INFO - DAG(s) 'example_sensors' retrieved from /usr/local/python/3.12.1/lib/python3.12/site-packages/airflow/example_dags/example_sensors.py
[2026-05-18T01:47:13.374+0000] {logging_mixin.py:190} INFO - [2026-05-18T01:47:13.374+0000] {dag.py:3239} INFO - Sync 1 DAGs
[2026-05-18T01:47:13.385+0000] {logging_mixin.py:190} INFO - [2026-05-18T01:47:13.385+0000] {dag.py:4180} INFO - Setting next_dagrun for example_sensors to None, run_after=None
[2026-05-18T01:47:13.403+0000] {processor.py:208} INFO - Processing /usr/local/python/3.12.1/lib/python3.12/site-packages/airflow/example_dags/example_sensors.py took 0.067 seconds
[2026-05-18T01:48:09.900+0000] {processor.py:186} INFO - Started process (PID=36364) to work on /usr/local/python/3.12.1/lib/python3.12/site-packages/airflow/example_dags/example_sensors.py
[2026-05-18T01:48:09.901+0000] {processor.py:914} INFO - Processing file /usr/local/python/3.12.1/lib/python3.12/site-packages/airflow/example_dags/example_sensors.py for tasks to queue
[2026-05-18T01:48:09.902+0000] {logging_mixin.py:190} INFO - [2026-05-18T01:48:09.902+0000] {dagbag.py:588} INFO - Filling up the DagBag from /usr/local/python/3.12.1/lib/python3.12/site-packages/airflow/example_dags/example_sensors.py
[2026-05-18T01:48:09.912+0000] {processor.py:925} INFO - DAG(s) 'example_sensors' retrieved from /usr/local/python/3.12.1/lib/python3.12/site-packages/airflow/example_dags/example_sensors.py
[2026-05-18T01:48:09.936+0000] {logging_mixin.py:190} INFO - [2026-05-18T01:48:09.936+0000] {dag.py:3239} INFO - Sync 1 DAGs
[2026-05-18T01:48:09.946+0000] {logging_mixin.py:190} INFO - [2026-05-18T01:48:09.946+0000] {dag.py:4180} INFO - Setting next_dagrun for example_sensors to None, run_after=None
[2026-05-18T01:48:09.964+0000] {processor.py:208} INFO - Processing /usr/local/python/3.12.1/lib/python3.12/site-packages/airflow/example_dags/example_sensors.py took 0.069 seconds
[2026-05-18T01:49:04.085+0000] {processor.py:186} INFO - Started process (PID=37115) to work on /usr/local/python/3.12.1/lib/python3.12/site-packages/airflow/example_dags/example_sensors.py
[2026-05-18T01:49:04.086+0000] {processor.py:914} INFO - Processing file /usr/local/python/3.12.1/lib/python3.12/site-packages/airflow/example_dags/example_sensors.py for tasks to queue
[2026-05-18T01:49:04.088+0000] {logging_mixin.py:190} INFO - [2026-05-18T01:49:04.088+0000] {dagbag.py:588} INFO - Filling up the DagBag from /usr/local/python/3.12.1/lib/python3.12/site-packages/airflow/example_dags/example_sensors.py
[2026-05-18T01:49:04.096+0000] {processor.py:925} INFO - DAG(s) 'example_sensors' retrieved from /usr/local/python/3.12.1/lib/python3.12/site-packages/airflow/example_dags/example_sensors.py
[2026-05-18T01:49:04.114+0000] {logging_mixin.py:190} INFO - [2026-05-18T01:49:04.114+0000] {dag.py:3239} INFO - Sync 1 DAGs
[2026-05-18T01:49:04.123+0000] {logging_mixin.py:190} INFO - [2026-05-18T01:49:04.123+0000] {dag.py:4180} INFO - Setting next_dagrun for example_sensors to None, run_after=None
[2026-05-18T01:49:04.140+0000] {processor.py:208} INFO - Processing /usr/local/python/3.12.1/lib/python3.12/site-packages/airflow/example_dags/example_sensors.py took 0.059 seconds
[2026-05-18T01:49:55.197+0000] {processor.py:186} INFO - Started process (PID=37792) to work on /usr/local/python/3.12.1/lib/python3.12/site-packages/airflow/example_dags/example_sensors.py
[2026-05-18T01:49:55.198+0000] {processor.py:914} INFO - Processing file /usr/local/python/3.12.1/lib/python3.12/site-packages/airflow/example_dags/example_sensors.py for tasks to queue
[2026-05-18T01:49:55.199+0000] {logging_mixin.py:190} INFO - [2026-05-18T01:49:55.199+0000] {dagbag.py:588} INFO - Filling up the DagBag from /usr/local/python/3.12.1/lib/python3.12/site-packages/airflow/example_dags/example_sensors.py
[2026-05-18T01:49:55.208+0000] {processor.py:925} INFO - DAG(s) 'example_sensors' retrieved from /usr/local/python/3.12.1/lib/python3.12/site-packages/airflow/example_dags/example_sensors.py
[2026-05-18T01:49:55.225+0000] {logging_mixin.py:190} INFO - [2026-05-18T01:49:55.225+0000] {dag.py:3239} INFO - Sync 1 DAGs
[2026-05-18T01:49:55.234+0000] {logging_mixin.py:190} INFO - [2026-05-18T01:49:55.234+0000] {dag.py:4180} INFO - Setting next_dagrun for example_sensors to None, run_after=None
[2026-05-18T01:49:55.250+0000] {processor.py:208} INFO - Processing /usr/local/python/3.12.1/lib/python3.12/site-packages/airflow/example_dags/example_sensors.py took 0.058 seconds
[2026-05-18T01:50:45.862+0000] {processor.py:186} INFO - Started process (PID=38412) to work on /usr/local/python/3.12.1/lib/python3.12/site-packages/airflow/example_dags/example_sensors.py
[2026-05-18T01:50:45.863+0000] {processor.py:914} INFO - Processing file /usr/local/python/3.12.1/lib/python3.12/site-packages/airflow/example_dags/example_sensors.py for tasks to queue
[2026-05-18T01:50:45.865+0000] {logging_mixin.py:190} INFO - [2026-05-18T01:50:45.864+0000] {dagbag.py:588} INFO - Filling up the DagBag from /usr/local/python/3.12.1/lib/python3.12/site-packages/airflow/example_dags/example_sensors.py
[2026-05-18T01:50:45.873+0000] {processor.py:925} INFO - DAG(s) 'example_sensors' retrieved from /usr/local/python/3.12.1/lib/python3.12/site-packages/airflow/example_dags/example_sensors.py
[2026-05-18T01:50:45.891+0000] {logging_mixin.py:190} INFO - [2026-05-18T01:50:45.890+0000] {dag.py:3239} INFO - Sync 1 DAGs
[2026-05-18T01:50:45.900+0000] {logging_mixin.py:190} INFO - [2026-05-18T01:50:45.900+0000] {dag.py:4180} INFO - Setting next_dagrun for example_sensors to None, run_after=None
[2026-05-18T01:50:45.917+0000] {processor.py:208} INFO - Processing /usr/local/python/3.12.1/lib/python3.12/site-packages/airflow/example_dags/example_sensors.py took 0.059 seconds
[2026-05-18T01:51:41.018+0000] {processor.py:186} INFO - Started process (PID=38941) to work on /usr/local/python/3.12.1/lib/python3.12/site-packages/airflow/example_dags/example_sensors.py
[2026-05-18T01:51:41.019+0000] {processor.py:914} INFO - Processing file /usr/local/python/3.12.1/lib/python3.12/site-packages/airflow/example_dags/example_sensors.py for tasks to queue
[2026-05-18T01:51:41.021+0000] {logging_mixin.py:190} INFO - [2026-05-18T01:51:41.021+0000] {dagbag.py:588} INFO - Filling up the DagBag from /usr/local/python/3.12.1/lib/python3.12/site-packages/airflow/example_dags/example_sensors.py
[2026-05-18T01:51:41.029+0000] {processor.py:925} INFO - DAG(s) 'example_sensors' retrieved from /usr/local/python/3.12.1/lib/python3.12/site-packages/airflow/example_dags/example_sensors.py
[2026-05-18T01:51:41.047+0000] {logging_mixin.py:190} INFO - [2026-05-18T01:51:41.046+0000] {dag.py:3239} INFO - Sync 1 DAGs
[2026-05-18T01:51:41.056+0000] {logging_mixin.py:190} INFO - [2026-05-18T01:51:41.055+0000] {dag.py:4180} INFO - Setting next_dagrun for example_sensors to None, run_after=None
[2026-05-18T01:51:41.074+0000] {processor.py:208} INFO - Processing /usr/local/python/3.12.1/lib/python3.12/site-packages/airflow/example_dags/example_sensors.py took 0.060 seconds
[2026-05-18T01:52:31.581+0000] {processor.py:186} INFO - Started process (PID=39391) to work on /usr/local/python/3.12.1/lib/python3.12/site-packages/airflow/example_dags/example_sensors.py
[2026-05-18T01:52:31.582+0000] {processor.py:914} INFO - Processing file /usr/local/python/3.12.1/lib/python3.12/site-packages/airflow/example_dags/example_sensors.py for tasks to queue
[2026-05-18T01:52:31.583+0000] {logging_mixin.py:190} INFO - [2026-05-18T01:52:31.583+0000] {dagbag.py:588} INFO - Filling up the DagBag from /usr/local/python/3.12.1/lib/python3.12/site-packages/airflow/example_dags/example_sensors.py
[2026-05-18T01:52:31.592+0000] {processor.py:925} INFO - DAG(s) 'example_sensors' retrieved from /usr/local/python/3.12.1/lib/python3.12/site-packages/airflow/example_dags/example_sensors.py
[2026-05-18T01:52:31.609+0000] {logging_mixin.py:190} INFO - [2026-05-18T01:52:31.609+0000] {dag.py:3239} INFO - Sync 1 DAGs
[2026-05-18T01:52:31.618+0000] {logging_mixin.py:190} INFO - [2026-05-18T01:52:31.618+0000] {dag.py:4180} INFO - Setting next_dagrun for example_sensors to None, run_after=None
[2026-05-18T01:52:31.636+0000] {processor.py:208} INFO - Processing /usr/local/python/3.12.1/lib/python3.12/site-packages/airflow/example_dags/example_sensors.py took 0.061 seconds
[2026-05-18T01:53:24.515+0000] {processor.py:186} INFO - Started process (PID=39849) to work on /usr/local/python/3.12.1/lib/python3.12/site-packages/airflow/example_dags/example_sensors.py
[2026-05-18T01:53:24.516+0000] {processor.py:914} INFO - Processing file /usr/local/python/3.12.1/lib/python3.12/site-packages/airflow/example_dags/example_sensors.py for tasks to queue
[2026-05-18T01:53:24.517+0000] {logging_mixin.py:190} INFO - [2026-05-18T01:53:24.517+0000] {dagbag.py:588} INFO - Filling up the DagBag from /usr/local/python/3.12.1/lib/python3.12/site-packages/airflow/example_dags/example_sensors.py
[2026-05-18T01:53:24.526+0000] {processor.py:925} INFO - DAG(s) 'example_sensors' retrieved from /usr/local/python/3.12.1/lib/python3.12/site-packages/airflow/example_dags/example_sensors.py
[2026-05-18T01:53:24.543+0000] {logging_mixin.py:190} INFO - [2026-05-18T01:53:24.542+0000] {dag.py:3239} INFO - Sync 1 DAGs
[2026-05-18T01:53:24.552+0000] {logging_mixin.py:190} INFO - [2026-05-18T01:53:24.552+0000] {dag.py:4180} INFO - Setting next_dagrun for example_sensors to None, run_after=None
[2026-05-18T01:53:24.568+0000] {processor.py:208} INFO - Processing /usr/local/python/3.12.1/lib/python3.12/site-packages/airflow/example_dags/example_sensors.py took 0.058 seconds
[2026-05-18T01:54:10.335+0000] {processor.py:186} INFO - Started process (PID=40212) to work on /usr/local/python/3.12.1/lib/python3.12/site-packages/airflow/example_dags/example_sensors.py
[2026-05-18T01:54:10.336+0000] {processor.py:914} INFO - Processing file /usr/local/python/3.12.1/lib/python3.12/site-packages/airflow/example_dags/example_sensors.py for tasks to queue
[2026-05-18T01:54:10.338+0000] {logging_mixin.py:190} INFO - [2026-05-18T01:54:10.337+0000] {dagbag.py:588} INFO - Filling up the DagBag from /usr/local/python/3.12.1/lib/python3.12/site-packages/airflow/example_dags/example_sensors.py
[2026-05-18T01:54:10.346+0000] {processor.py:925} INFO - DAG(s) 'example_sensors' retrieved from /usr/local/python/3.12.1/lib/python3.12/site-packages/airflow/example_dags/example_sensors.py
[2026-05-18T01:54:10.364+0000] {logging_mixin.py:190} INFO - [2026-05-18T01:54:10.363+0000] {dag.py:3239} INFO - Sync 1 DAGs
[2026-05-18T01:54:10.380+0000] {logging_mixin.py:190} INFO - [2026-05-18T01:54:10.380+0000] {dag.py:4180} INFO - Setting next_dagrun for example_sensors to None, run_after=None
[2026-05-18T01:54:10.400+0000] {processor.py:208} INFO - Processing /usr/local/python/3.12.1/lib/python3.12/site-packages/airflow/example_dags/example_sensors.py took 0.069 seconds
[2026-05-18T01:55:01.125+0000] {processor.py:186} INFO - Started process (PID=40798) to work on /usr/local/python/3.12.1/lib/python3.12/site-packages/airflow/example_dags/example_sensors.py
[2026-05-18T01:55:01.126+0000] {processor.py:914} INFO - Processing file /usr/local/python/3.12.1/lib/python3.12/site-packages/airflow/example_dags/example_sensors.py for tasks to queue
[2026-05-18T01:55:01.128+0000] {logging_mixin.py:190} INFO - [2026-05-18T01:55:01.128+0000] {dagbag.py:588} INFO - Filling up the DagBag from /usr/local/python/3.12.1/lib/python3.12/site-packages/airflow/example_dags/example_sensors.py
[2026-05-18T01:55:01.151+0000] {processor.py:925} INFO - DAG(s) 'example_sensors' retrieved from /usr/local/python/3.12.1/lib/python3.12/site-packages/airflow/example_dags/example_sensors.py
[2026-05-18T01:55:01.172+0000] {logging_mixin.py:190} INFO - [2026-05-18T01:55:01.172+0000] {dag.py:3239} INFO - Sync 1 DAGs
[2026-05-18T01:55:01.184+0000] {logging_mixin.py:190} INFO - [2026-05-18T01:55:01.184+0000] {dag.py:4180} INFO - Setting next_dagrun for example_sensors to None, run_after=None
[2026-05-18T01:55:01.204+0000] {processor.py:208} INFO - Processing /usr/local/python/3.12.1/lib/python3.12/site-packages/airflow/example_dags/example_sensors.py took 0.089 seconds
[2026-05-18T13:41:10.483+0000] {processor.py:186} INFO - Started process (PID=5079) to work on /usr/local/python/3.12.1/lib/python3.12/site-packages/airflow/example_dags/example_sensors.py
[2026-05-18T13:41:10.484+0000] {processor.py:914} INFO - Processing file /usr/local/python/3.12.1/lib/python3.12/site-packages/airflow/example_dags/example_sensors.py for tasks to queue
[2026-05-18T13:41:10.486+0000] {logging_mixin.py:190} INFO - [2026-05-18T13:41:10.485+0000] {dagbag.py:588} INFO - Filling up the DagBag from /usr/local/python/3.12.1/lib/python3.12/site-packages/airflow/example_dags/example_sensors.py
[2026-05-18T13:41:10.495+0000] {processor.py:925} INFO - DAG(s) 'example_sensors' retrieved from /usr/local/python/3.12.1/lib/python3.12/site-packages/airflow/example_dags/example_sensors.py
[2026-05-18T13:41:10.514+0000] {logging_mixin.py:190} INFO - [2026-05-18T13:41:10.514+0000] {dag.py:3239} INFO - Sync 1 DAGs
[2026-05-18T13:41:10.527+0000] {logging_mixin.py:190} INFO - [2026-05-18T13:41:10.526+0000] {dag.py:4180} INFO - Setting next_dagrun for example_sensors to None, run_after=None
[2026-05-18T13:41:10.582+0000] {processor.py:208} INFO - Processing /usr/local/python/3.12.1/lib/python3.12/site-packages/airflow/example_dags/example_sensors.py took 0.104 seconds
[2026-05-18T13:42:06.025+0000] {processor.py:186} INFO - Started process (PID=5780) to work on /usr/local/python/3.12.1/lib/python3.12/site-packages/airflow/example_dags/example_sensors.py
[2026-05-18T13:42:06.025+0000] {processor.py:914} INFO - Processing file /usr/local/python/3.12.1/lib/python3.12/site-packages/airflow/example_dags/example_sensors.py for tasks to queue
[2026-05-18T13:42:06.027+0000] {logging_mixin.py:190} INFO - [2026-05-18T13:42:06.027+0000] {dagbag.py:588} INFO - Filling up the DagBag from /usr/local/python/3.12.1/lib/python3.12/site-packages/airflow/example_dags/example_sensors.py
[2026-05-18T13:42:06.035+0000] {processor.py:925} INFO - DAG(s) 'example_sensors' retrieved from /usr/local/python/3.12.1/lib/python3.12/site-packages/airflow/example_dags/example_sensors.py
[2026-05-18T13:42:06.051+0000] {logging_mixin.py:190} INFO - [2026-05-18T13:42:06.051+0000] {dag.py:3239} INFO - Sync 1 DAGs
[2026-05-18T13:42:06.061+0000] {logging_mixin.py:190} INFO - [2026-05-18T13:42:06.061+0000] {dag.py:4180} INFO - Setting next_dagrun for example_sensors to None, run_after=None
[2026-05-18T13:42:06.077+0000] {processor.py:208} INFO - Processing /usr/local/python/3.12.1/lib/python3.12/site-packages/airflow/example_dags/example_sensors.py took 0.057 seconds
[2026-05-18T13:43:00.440+0000] {processor.py:186} INFO - Started process (PID=6255) to work on /usr/local/python/3.12.1/lib/python3.12/site-packages/airflow/example_dags/example_sensors.py
[2026-05-18T13:43:00.441+0000] {processor.py:914} INFO - Processing file /usr/local/python/3.12.1/lib/python3.12/site-packages/airflow/example_dags/example_sensors.py for tasks to queue
[2026-05-18T13:43:00.442+0000] {logging_mixin.py:190} INFO - [2026-05-18T13:43:00.442+0000] {dagbag.py:588} INFO - Filling up the DagBag from /usr/local/python/3.12.1/lib/python3.12/site-packages/airflow/example_dags/example_sensors.py
[2026-05-18T13:43:00.451+0000] {processor.py:925} INFO - DAG(s) 'example_sensors' retrieved from /usr/local/python/3.12.1/lib/python3.12/site-packages/airflow/example_dags/example_sensors.py
[2026-05-18T13:43:00.472+0000] {logging_mixin.py:190} INFO - [2026-05-18T13:43:00.472+0000] {dag.py:3239} INFO - Sync 1 DAGs
[2026-05-18T13:43:00.482+0000] {logging_mixin.py:190} INFO - [2026-05-18T13:43:00.482+0000] {dag.py:4180} INFO - Setting next_dagrun for example_sensors to None, run_after=None
[2026-05-18T13:43:00.498+0000] {processor.py:208} INFO - Processing /usr/local/python/3.12.1/lib/python3.12/site-packages/airflow/example_dags/example_sensors.py took 0.062 seconds
[2026-05-18T13:43:51.191+0000] {processor.py:186} INFO - Started process (PID=6732) to work on /usr/local/python/3.12.1/lib/python3.12/site-packages/airflow/example_dags/example_sensors.py
[2026-05-18T13:43:51.192+0000] {processor.py:914} INFO - Processing file /usr/local/python/3.12.1/lib/python3.12/site-packages/airflow/example_dags/example_sensors.py for tasks to queue
[2026-05-18T13:43:51.194+0000] {logging_mixin.py:190} INFO - [2026-05-18T13:43:51.193+0000] {dagbag.py:588} INFO - Filling up the DagBag from /usr/local/python/3.12.1/lib/python3.12/site-packages/airflow/example_dags/example_sensors.py
[2026-05-18T13:43:51.206+0000] {processor.py:925} INFO - DAG(s) 'example_sensors' retrieved from /usr/local/python/3.12.1/lib/python3.12/site-packages/airflow/example_dags/example_sensors.py
[2026-05-18T13:43:51.243+0000] {logging_mixin.py:190} INFO - [2026-05-18T13:43:51.241+0000] {dag.py:3239} INFO - Sync 1 DAGs
[2026-05-18T13:43:51.260+0000] {logging_mixin.py:190} INFO - [2026-05-18T13:43:51.259+0000] {dag.py:4180} INFO - Setting next_dagrun for example_sensors to None, run_after=None
[2026-05-18T13:43:51.295+0000] {processor.py:208} INFO - Processing /usr/local/python/3.12.1/lib/python3.12/site-packages/airflow/example_dags/example_sensors.py took 0.108 seconds
[2026-05-18T13:44:39.690+0000] {processor.py:186} INFO - Started process (PID=7224) to work on /usr/local/python/3.12.1/lib/python3.12/site-packages/airflow/example_dags/example_sensors.py
[2026-05-18T13:44:39.690+0000] {processor.py:914} INFO - Processing file /usr/local/python/3.12.1/lib/python3.12/site-packages/airflow/example_dags/example_sensors.py for tasks to queue
[2026-05-18T13:44:39.692+0000] {logging_mixin.py:190} INFO - [2026-05-18T13:44:39.692+0000] {dagbag.py:588} INFO - Filling up the DagBag from /usr/local/python/3.12.1/lib/python3.12/site-packages/airflow/example_dags/example_sensors.py
[2026-05-18T13:44:39.700+0000] {processor.py:925} INFO - DAG(s) 'example_sensors' retrieved from /usr/local/python/3.12.1/lib/python3.12/site-packages/airflow/example_dags/example_sensors.py
[2026-05-18T13:44:39.719+0000] {logging_mixin.py:190} INFO - [2026-05-18T13:44:39.718+0000] {dag.py:3239} INFO - Sync 1 DAGs
[2026-05-18T13:44:39.728+0000] {logging_mixin.py:190} INFO - [2026-05-18T13:44:39.728+0000] {dag.py:4180} INFO - Setting next_dagrun for example_sensors to None, run_after=None
[2026-05-18T13:44:39.746+0000] {processor.py:208} INFO - Processing /usr/local/python/3.12.1/lib/python3.12/site-packages/airflow/example_dags/example_sensors.py took 0.060 seconds
[2026-05-18T13:45:30.227+0000] {processor.py:186} INFO - Started process (PID=7724) to work on /usr/local/python/3.12.1/lib/python3.12/site-packages/airflow/example_dags/example_sensors.py
[2026-05-18T13:45:30.228+0000] {processor.py:914} INFO - Processing file /usr/local/python/3.12.1/lib/python3.12/site-packages/airflow/example_dags/example_sensors.py for tasks to queue
[2026-05-18T13:45:30.229+0000] {logging_mixin.py:190} INFO - [2026-05-18T13:45:30.229+0000] {dagbag.py:588} INFO - Filling up the DagBag from /usr/local/python/3.12.1/lib/python3.12/site-packages/airflow/example_dags/example_sensors.py
[2026-05-18T13:45:30.237+0000] {processor.py:925} INFO - DAG(s) 'example_sensors' retrieved from /usr/local/python/3.12.1/lib/python3.12/site-packages/airflow/example_dags/example_sensors.py
[2026-05-18T13:45:30.258+0000] {logging_mixin.py:190} INFO - [2026-05-18T13:45:30.257+0000] {dag.py:3239} INFO - Sync 1 DAGs
[2026-05-18T13:45:30.268+0000] {logging_mixin.py:190} INFO - [2026-05-18T13:45:30.268+0000] {dag.py:4180} INFO - Setting next_dagrun for example_sensors to None, run_after=None
[2026-05-18T13:45:30.285+0000] {processor.py:208} INFO - Processing /usr/local/python/3.12.1/lib/python3.12/site-packages/airflow/example_dags/example_sensors.py took 0.063 seconds
[2026-05-18T13:46:21.460+0000] {processor.py:186} INFO - Started process (PID=8281) to work on /usr/local/python/3.12.1/lib/python3.12/site-packages/airflow/example_dags/example_sensors.py
[2026-05-18T13:46:21.460+0000] {processor.py:914} INFO - Processing file /usr/local/python/3.12.1/lib/python3.12/site-packages/airflow/example_dags/example_sensors.py for tasks to queue
[2026-05-18T13:46:21.462+0000] {logging_mixin.py:190} INFO - [2026-05-18T13:46:21.462+0000] {dagbag.py:588} INFO - Filling up the DagBag from /usr/local/python/3.12.1/lib/python3.12/site-packages/airflow/example_dags/example_sensors.py
[2026-05-18T13:46:21.471+0000] {processor.py:925} INFO - DAG(s) 'example_sensors' retrieved from /usr/local/python/3.12.1/lib/python3.12/site-packages/airflow/example_dags/example_sensors.py
[2026-05-18T13:46:21.489+0000] {logging_mixin.py:190} INFO - [2026-05-18T13:46:21.489+0000] {dag.py:3239} INFO - Sync 1 DAGs
[2026-05-18T13:46:21.500+0000] {logging_mixin.py:190} INFO - [2026-05-18T13:46:21.500+0000] {dag.py:4180} INFO - Setting next_dagrun for example_sensors to None, run_after=None
[2026-05-18T13:46:21.516+0000] {processor.py:208} INFO - Processing /usr/local/python/3.12.1/lib/python3.12/site-packages/airflow/example_dags/example_sensors.py took 0.061 seconds
[2026-05-18T13:47:11.590+0000] {processor.py:186} INFO - Started process (PID=8724) to work on /usr/local/python/3.12.1/lib/python3.12/site-packages/airflow/example_dags/example_sensors.py
[2026-05-18T13:47:11.591+0000] {processor.py:914} INFO - Processing file /usr/local/python/3.12.1/lib/python3.12/site-packages/airflow/example_dags/example_sensors.py for tasks to queue
[2026-05-18T13:47:11.592+0000] {logging_mixin.py:190} INFO - [2026-05-18T13:47:11.592+0000] {dagbag.py:588} INFO - Filling up the DagBag from /usr/local/python/3.12.1/lib/python3.12/site-packages/airflow/example_dags/example_sensors.py
[2026-05-18T13:47:11.601+0000] {processor.py:925} INFO - DAG(s) 'example_sensors' retrieved from /usr/local/python/3.12.1/lib/python3.12/site-packages/airflow/example_dags/example_sensors.py
[2026-05-18T13:47:11.618+0000] {logging_mixin.py:190} INFO - [2026-05-18T13:47:11.617+0000] {dag.py:3239} INFO - Sync 1 DAGs
[2026-05-18T13:47:11.633+0000] {logging_mixin.py:190} INFO - [2026-05-18T13:47:11.632+0000] {dag.py:4180} INFO - Setting next_dagrun for example_sensors to None, run_after=None
[2026-05-18T13:47:11.660+0000] {processor.py:208} INFO - Processing /usr/local/python/3.12.1/lib/python3.12/site-packages/airflow/example_dags/example_sensors.py took 0.074 seconds
[2026-05-18T13:48:00.669+0000] {processor.py:186} INFO - Started process (PID=9160) to work on /usr/local/python/3.12.1/lib/python3.12/site-packages/airflow/example_dags/example_sensors.py
[2026-05-18T13:48:00.670+0000] {processor.py:914} INFO - Processing file /usr/local/python/3.12.1/lib/python3.12/site-packages/airflow/example_dags/example_sensors.py for tasks to queue
[2026-05-18T13:48:00.672+0000] {logging_mixin.py:190} INFO - [2026-05-18T13:48:00.671+0000] {dagbag.py:588} INFO - Filling up the DagBag from /usr/local/python/3.12.1/lib/python3.12/site-packages/airflow/example_dags/example_sensors.py
[2026-05-18T13:48:00.680+0000] {processor.py:925} INFO - DAG(s) 'example_sensors' retrieved from /usr/local/python/3.12.1/lib/python3.12/site-packages/airflow/example_dags/example_sensors.py
[2026-05-18T13:48:00.707+0000] {logging_mixin.py:190} INFO - [2026-05-18T13:48:00.706+0000] {dag.py:3239} INFO - Sync 1 DAGs
[2026-05-18T13:48:00.719+0000] {logging_mixin.py:190} INFO - [2026-05-18T13:48:00.718+0000] {dag.py:4180} INFO - Setting next_dagrun for example_sensors to None, run_after=None
[2026-05-18T13:48:00.736+0000] {processor.py:208} INFO - Processing /usr/local/python/3.12.1/lib/python3.12/site-packages/airflow/example_dags/example_sensors.py took 0.071 seconds
[2026-05-18T13:48:49.167+0000] {processor.py:186} INFO - Started process (PID=9590) to work on /usr/local/python/3.12.1/lib/python3.12/site-packages/airflow/example_dags/example_sensors.py
[2026-05-18T13:48:49.168+0000] {processor.py:914} INFO - Processing file /usr/local/python/3.12.1/lib/python3.12/site-packages/airflow/example_dags/example_sensors.py for tasks to queue
[2026-05-18T13:48:49.169+0000] {logging_mixin.py:190} INFO - [2026-05-18T13:48:49.169+0000] {dagbag.py:588} INFO - Filling up the DagBag from /usr/local/python/3.12.1/lib/python3.12/site-packages/airflow/example_dags/example_sensors.py
[2026-05-18T13:48:49.178+0000] {processor.py:925} INFO - DAG(s) 'example_sensors' retrieved from /usr/local/python/3.12.1/lib/python3.12/site-packages/airflow/example_dags/example_sensors.py
[2026-05-18T13:48:49.197+0000] {logging_mixin.py:190} INFO - [2026-05-18T13:48:49.196+0000] {dag.py:3239} INFO - Sync 1 DAGs
[2026-05-18T13:48:49.208+0000] {logging_mixin.py:190} INFO - [2026-05-18T13:48:49.208+0000] {dag.py:4180} INFO - Setting next_dagrun for example_sensors to None, run_after=None
[2026-05-18T13:48:49.226+0000] {processor.py:208} INFO - Processing /usr/local/python/3.12.1/lib/python3.12/site-packages/airflow/example_dags/example_sensors.py took 0.064 seconds
[2026-05-18T13:49:40.646+0000] {processor.py:186} INFO - Started process (PID=9980) to work on /usr/local/python/3.12.1/lib/python3.12/site-packages/airflow/example_dags/example_sensors.py
[2026-05-18T13:49:40.647+0000] {processor.py:914} INFO - Processing file /usr/local/python/3.12.1/lib/python3.12/site-packages/airflow/example_dags/example_sensors.py for tasks to queue
[2026-05-18T13:49:40.649+0000] {logging_mixin.py:190} INFO - [2026-05-18T13:49:40.648+0000] {dagbag.py:588} INFO - Filling up the DagBag from /usr/local/python/3.12.1/lib/python3.12/site-packages/airflow/example_dags/example_sensors.py
[2026-05-18T13:49:40.657+0000] {processor.py:925} INFO - DAG(s) 'example_sensors' retrieved from /usr/local/python/3.12.1/lib/python3.12/site-packages/airflow/example_dags/example_sensors.py
[2026-05-18T13:49:40.674+0000] {logging_mixin.py:190} INFO - [2026-05-18T13:49:40.674+0000] {dag.py:3239} INFO - Sync 1 DAGs
[2026-05-18T13:49:40.684+0000] {logging_mixin.py:190} INFO - [2026-05-18T13:49:40.684+0000] {dag.py:4180} INFO - Setting next_dagrun for example_sensors to None, run_after=None
[2026-05-18T13:49:40.700+0000] {processor.py:208} INFO - Processing /usr/local/python/3.12.1/lib/python3.12/site-packages/airflow/example_dags/example_sensors.py took 0.057 seconds
[2026-05-18T13:50:28.106+0000] {processor.py:186} INFO - Started process (PID=10413) to work on /usr/local/python/3.12.1/lib/python3.12/site-packages/airflow/example_dags/example_sensors.py
[2026-05-18T13:50:28.107+0000] {processor.py:914} INFO - Processing file /usr/local/python/3.12.1/lib/python3.12/site-packages/airflow/example_dags/example_sensors.py for tasks to queue
[2026-05-18T13:50:28.109+0000] {logging_mixin.py:190} INFO - [2026-05-18T13:50:28.108+0000] {dagbag.py:588} INFO - Filling up the DagBag from /usr/local/python/3.12.1/lib/python3.12/site-packages/airflow/example_dags/example_sensors.py
[2026-05-18T13:50:28.117+0000] {processor.py:925} INFO - DAG(s) 'example_sensors' retrieved from /usr/local/python/3.12.1/lib/python3.12/site-packages/airflow/example_dags/example_sensors.py
[2026-05-18T13:50:28.134+0000] {logging_mixin.py:190} INFO - [2026-05-18T13:50:28.133+0000] {dag.py:3239} INFO - Sync 1 DAGs
[2026-05-18T13:50:28.145+0000] {logging_mixin.py:190} INFO - [2026-05-18T13:50:28.145+0000] {dag.py:4180} INFO - Setting next_dagrun for example_sensors to None, run_after=None
[2026-05-18T13:50:28.162+0000] {processor.py:208} INFO - Processing /usr/local/python/3.12.1/lib/python3.12/site-packages/airflow/example_dags/example_sensors.py took 0.059 seconds
[2026-05-18T13:51:18.464+0000] {processor.py:186} INFO - Started process (PID=10923) to work on /usr/local/python/3.12.1/lib/python3.12/site-packages/airflow/example_dags/example_sensors.py
[2026-05-18T13:51:18.465+0000] {processor.py:914} INFO - Processing file /usr/local/python/3.12.1/lib/python3.12/site-packages/airflow/example_dags/example_sensors.py for tasks to queue
[2026-05-18T13:51:18.467+0000] {logging_mixin.py:190} INFO - [2026-05-18T13:51:18.466+0000] {dagbag.py:588} INFO - Filling up the DagBag from /usr/local/python/3.12.1/lib/python3.12/site-packages/airflow/example_dags/example_sensors.py
[2026-05-18T13:51:18.475+0000] {processor.py:925} INFO - DAG(s) 'example_sensors' retrieved from /usr/local/python/3.12.1/lib/python3.12/site-packages/airflow/example_dags/example_sensors.py
[2026-05-18T13:51:18.492+0000] {logging_mixin.py:190} INFO - [2026-05-18T13:51:18.492+0000] {dag.py:3239} INFO - Sync 1 DAGs
[2026-05-18T13:51:18.502+0000] {logging_mixin.py:190} INFO - [2026-05-18T13:51:18.501+0000] {dag.py:4180} INFO - Setting next_dagrun for example_sensors to None, run_after=None
[2026-05-18T13:51:18.520+0000] {processor.py:208} INFO - Processing /usr/local/python/3.12.1/lib/python3.12/site-packages/airflow/example_dags/example_sensors.py took 0.060 seconds
[2026-05-18T13:52:07.014+0000] {processor.py:186} INFO - Started process (PID=11364) to work on /usr/local/python/3.12.1/lib/python3.12/site-packages/airflow/example_dags/example_sensors.py
[2026-05-18T13:52:07.014+0000] {processor.py:914} INFO - Processing file /usr/local/python/3.12.1/lib/python3.12/site-packages/airflow/example_dags/example_sensors.py for tasks to queue
[2026-05-18T13:52:07.016+0000] {logging_mixin.py:190} INFO - [2026-05-18T13:52:07.016+0000] {dagbag.py:588} INFO - Filling up the DagBag from /usr/local/python/3.12.1/lib/python3.12/site-packages/airflow/example_dags/example_sensors.py
[2026-05-18T13:52:07.024+0000] {processor.py:925} INFO - DAG(s) 'example_sensors' retrieved from /usr/local/python/3.12.1/lib/python3.12/site-packages/airflow/example_dags/example_sensors.py
[2026-05-18T13:52:07.041+0000] {logging_mixin.py:190} INFO - [2026-05-18T13:52:07.041+0000] {dag.py:3239} INFO - Sync 1 DAGs
[2026-05-18T13:52:07.050+0000] {logging_mixin.py:190} INFO - [2026-05-18T13:52:07.050+0000] {dag.py:4180} INFO - Setting next_dagrun for example_sensors to None, run_after=None
[2026-05-18T13:52:07.066+0000] {processor.py:208} INFO - Processing /usr/local/python/3.12.1/lib/python3.12/site-packages/airflow/example_dags/example_sensors.py took 0.057 seconds
[2026-05-18T13:52:57.527+0000] {processor.py:186} INFO - Started process (PID=11814) to work on /usr/local/python/3.12.1/lib/python3.12/site-packages/airflow/example_dags/example_sensors.py
[2026-05-18T13:52:57.528+0000] {processor.py:914} INFO - Processing file /usr/local/python/3.12.1/lib/python3.12/site-packages/airflow/example_dags/example_sensors.py for tasks to queue
[2026-05-18T13:52:57.530+0000] {logging_mixin.py:190} INFO - [2026-05-18T13:52:57.529+0000] {dagbag.py:588} INFO - Filling up the DagBag from /usr/local/python/3.12.1/lib/python3.12/site-packages/airflow/example_dags/example_sensors.py
[2026-05-18T13:52:57.538+0000] {processor.py:925} INFO - DAG(s) 'example_sensors' retrieved from /usr/local/python/3.12.1/lib/python3.12/site-packages/airflow/example_dags/example_sensors.py
[2026-05-18T13:52:57.554+0000] {logging_mixin.py:190} INFO - [2026-05-18T13:52:57.554+0000] {dag.py:3239} INFO - Sync 1 DAGs
[2026-05-18T13:52:57.564+0000] {logging_mixin.py:190} INFO - [2026-05-18T13:52:57.564+0000] {dag.py:4180} INFO - Setting next_dagrun for example_sensors to None, run_after=None
[2026-05-18T13:52:57.582+0000] {processor.py:208} INFO - Processing /usr/local/python/3.12.1/lib/python3.12/site-packages/airflow/example_dags/example_sensors.py took 0.060 seconds
[2026-05-18T13:53:48.929+0000] {processor.py:186} INFO - Started process (PID=12274) to work on /usr/local/python/3.12.1/lib/python3.12/site-packages/airflow/example_dags/example_sensors.py
[2026-05-18T13:53:48.930+0000] {processor.py:914} INFO - Processing file /usr/local/python/3.12.1/lib/python3.12/site-packages/airflow/example_dags/example_sensors.py for tasks to queue
[2026-05-18T13:53:48.931+0000] {logging_mixin.py:190} INFO - [2026-05-18T13:53:48.931+0000] {dagbag.py:588} INFO - Filling up the DagBag from /usr/local/python/3.12.1/lib/python3.12/site-packages/airflow/example_dags/example_sensors.py
[2026-05-18T13:53:48.940+0000] {processor.py:925} INFO - DAG(s) 'example_sensors' retrieved from /usr/local/python/3.12.1/lib/python3.12/site-packages/airflow/example_dags/example_sensors.py
[2026-05-18T13:53:48.956+0000] {logging_mixin.py:190} INFO - [2026-05-18T13:53:48.956+0000] {dag.py:3239} INFO - Sync 1 DAGs
[2026-05-18T13:53:48.965+0000] {logging_mixin.py:190} INFO - [2026-05-18T13:53:48.965+0000] {dag.py:4180} INFO - Setting next_dagrun for example_sensors to None, run_after=None
[2026-05-18T13:53:48.983+0000] {processor.py:208} INFO - Processing /usr/local/python/3.12.1/lib/python3.12/site-packages/airflow/example_dags/example_sensors.py took 0.059 seconds
[2026-05-18T13:54:37.522+0000] {processor.py:186} INFO - Started process (PID=12646) to work on /usr/local/python/3.12.1/lib/python3.12/site-packages/airflow/example_dags/example_sensors.py
[2026-05-18T13:54:37.523+0000] {processor.py:914} INFO - Processing file /usr/local/python/3.12.1/lib/python3.12/site-packages/airflow/example_dags/example_sensors.py for tasks to queue
[2026-05-18T13:54:37.525+0000] {logging_mixin.py:190} INFO - [2026-05-18T13:54:37.524+0000] {dagbag.py:588} INFO - Filling up the DagBag from /usr/local/python/3.12.1/lib/python3.12/site-packages/airflow/example_dags/example_sensors.py
[2026-05-18T13:54:37.536+0000] {processor.py:925} INFO - DAG(s) 'example_sensors' retrieved from /usr/local/python/3.12.1/lib/python3.12/site-packages/airflow/example_dags/example_sensors.py
[2026-05-18T13:54:37.552+0000] {logging_mixin.py:190} INFO - [2026-05-18T13:54:37.552+0000] {dag.py:3239} INFO - Sync 1 DAGs
[2026-05-18T13:54:37.562+0000] {logging_mixin.py:190} INFO - [2026-05-18T13:54:37.561+0000] {dag.py:4180} INFO - Setting next_dagrun for example_sensors to None, run_after=None
[2026-05-18T13:54:37.578+0000] {processor.py:208} INFO - Processing /usr/local/python/3.12.1/lib/python3.12/site-packages/airflow/example_dags/example_sensors.py took 0.061 seconds
[2026-05-18T13:55:27.301+0000] {processor.py:186} INFO - Started process (PID=13101) to work on /usr/local/python/3.12.1/lib/python3.12/site-packages/airflow/example_dags/example_sensors.py
[2026-05-18T13:55:27.302+0000] {processor.py:914} INFO - Processing file /usr/local/python/3.12.1/lib/python3.12/site-packages/airflow/example_dags/example_sensors.py for tasks to queue
[2026-05-18T13:55:27.303+0000] {logging_mixin.py:190} INFO - [2026-05-18T13:55:27.303+0000] {dagbag.py:588} INFO - Filling up the DagBag from /usr/local/python/3.12.1/lib/python3.12/site-packages/airflow/example_dags/example_sensors.py
[2026-05-18T13:55:27.312+0000] {processor.py:925} INFO - DAG(s) 'example_sensors' retrieved from /usr/local/python/3.12.1/lib/python3.12/site-packages/airflow/example_dags/example_sensors.py
[2026-05-18T13:55:27.328+0000] {logging_mixin.py:190} INFO - [2026-05-18T13:55:27.328+0000] {dag.py:3239} INFO - Sync 1 DAGs
[2026-05-18T13:55:27.338+0000] {logging_mixin.py:190} INFO - [2026-05-18T13:55:27.338+0000] {dag.py:4180} INFO - Setting next_dagrun for example_sensors to None, run_after=None
[2026-05-18T13:55:27.355+0000] {processor.py:208} INFO - Processing /usr/local/python/3.12.1/lib/python3.12/site-packages/airflow/example_dags/example_sensors.py took 0.058 seconds
[2026-05-18T13:56:15.556+0000] {processor.py:186} INFO - Started process (PID=13580) to work on /usr/local/python/3.12.1/lib/python3.12/site-packages/airflow/example_dags/example_sensors.py
[2026-05-18T13:56:15.557+0000] {processor.py:914} INFO - Processing file /usr/local/python/3.12.1/lib/python3.12/site-packages/airflow/example_dags/example_sensors.py for tasks to queue
[2026-05-18T13:56:15.558+0000] {logging_mixin.py:190} INFO - [2026-05-18T13:56:15.558+0000] {dagbag.py:588} INFO - Filling up the DagBag from /usr/local/python/3.12.1/lib/python3.12/site-packages/airflow/example_dags/example_sensors.py
[2026-05-18T13:56:15.566+0000] {processor.py:925} INFO - DAG(s) 'example_sensors' retrieved from /usr/local/python/3.12.1/lib/python3.12/site-packages/airflow/example_dags/example_sensors.py
[2026-05-18T13:56:15.582+0000] {logging_mixin.py:190} INFO - [2026-05-18T13:56:15.582+0000] {dag.py:3239} INFO - Sync 1 DAGs
[2026-05-18T13:56:15.591+0000] {logging_mixin.py:190} INFO - [2026-05-18T13:56:15.591+0000] {dag.py:4180} INFO - Setting next_dagrun for example_sensors to None, run_after=None
[2026-05-18T13:56:15.607+0000] {processor.py:208} INFO - Processing /usr/local/python/3.12.1/lib/python3.12/site-packages/airflow/example_dags/example_sensors.py took 0.055 seconds
[2026-05-18T13:57:01.962+0000] {processor.py:186} INFO - Started process (PID=14010) to work on /usr/local/python/3.12.1/lib/python3.12/site-packages/airflow/example_dags/example_sensors.py
[2026-05-18T13:57:01.963+0000] {processor.py:914} INFO - Processing file /usr/local/python/3.12.1/lib/python3.12/site-packages/airflow/example_dags/example_sensors.py for tasks to queue
[2026-05-18T13:57:01.964+0000] {logging_mixin.py:190} INFO - [2026-05-18T13:57:01.964+0000] {dagbag.py:588} INFO - Filling up the DagBag from /usr/local/python/3.12.1/lib/python3.12/site-packages/airflow/example_dags/example_sensors.py
[2026-05-18T13:57:01.972+0000] {processor.py:925} INFO - DAG(s) 'example_sensors' retrieved from /usr/local/python/3.12.1/lib/python3.12/site-packages/airflow/example_dags/example_sensors.py
[2026-05-18T13:57:01.989+0000] {logging_mixin.py:190} INFO - [2026-05-18T13:57:01.988+0000] {dag.py:3239} INFO - Sync 1 DAGs
[2026-05-18T13:57:01.998+0000] {logging_mixin.py:190} INFO - [2026-05-18T13:57:01.998+0000] {dag.py:4180} INFO - Setting next_dagrun for example_sensors to None, run_after=None
[2026-05-18T13:57:02.014+0000] {processor.py:208} INFO - Processing /usr/local/python/3.12.1/lib/python3.12/site-packages/airflow/example_dags/example_sensors.py took 0.056 seconds
[2026-05-18T13:57:50.974+0000] {processor.py:186} INFO - Started process (PID=14455) to work on /usr/local/python/3.12.1/lib/python3.12/site-packages/airflow/example_dags/example_sensors.py
[2026-05-18T13:57:50.974+0000] {processor.py:914} INFO - Processing file /usr/local/python/3.12.1/lib/python3.12/site-packages/airflow/example_dags/example_sensors.py for tasks to queue
[2026-05-18T13:57:50.976+0000] {logging_mixin.py:190} INFO - [2026-05-18T13:57:50.976+0000] {dagbag.py:588} INFO - Filling up the DagBag from /usr/local/python/3.12.1/lib/python3.12/site-packages/airflow/example_dags/example_sensors.py
[2026-05-18T13:57:50.985+0000] {processor.py:925} INFO - DAG(s) 'example_sensors' retrieved from /usr/local/python/3.12.1/lib/python3.12/site-packages/airflow/example_dags/example_sensors.py
[2026-05-18T13:57:51.003+0000] {logging_mixin.py:190} INFO - [2026-05-18T13:57:51.002+0000] {dag.py:3239} INFO - Sync 1 DAGs
[2026-05-18T13:57:51.013+0000] {logging_mixin.py:190} INFO - [2026-05-18T13:57:51.012+0000] {dag.py:4180} INFO - Setting next_dagrun for example_sensors to None, run_after=None
[2026-05-18T13:57:51.030+0000] {processor.py:208} INFO - Processing /usr/local/python/3.12.1/lib/python3.12/site-packages/airflow/example_dags/example_sensors.py took 0.061 seconds
[2026-05-18T13:58:42.538+0000] {processor.py:186} INFO - Started process (PID=14844) to work on /usr/local/python/3.12.1/lib/python3.12/site-packages/airflow/example_dags/example_sensors.py
[2026-05-18T13:58:42.538+0000] {processor.py:914} INFO - Processing file /usr/local/python/3.12.1/lib/python3.12/site-packages/airflow/example_dags/example_sensors.py for tasks to queue
[2026-05-18T13:58:42.541+0000] {logging_mixin.py:190} INFO - [2026-05-18T13:58:42.540+0000] {dagbag.py:588} INFO - Filling up the DagBag from /usr/local/python/3.12.1/lib/python3.12/site-packages/airflow/example_dags/example_sensors.py
[2026-05-18T13:58:42.555+0000] {processor.py:925} INFO - DAG(s) 'example_sensors' retrieved from /usr/local/python/3.12.1/lib/python3.12/site-packages/airflow/example_dags/example_sensors.py
[2026-05-18T13:58:42.590+0000] {logging_mixin.py:190} INFO - [2026-05-18T13:58:42.590+0000] {dag.py:3239} INFO - Sync 1 DAGs
[2026-05-18T13:58:42.619+0000] {logging_mixin.py:190} INFO - [2026-05-18T13:58:42.619+0000] {dag.py:4180} INFO - Setting next_dagrun for example_sensors to None, run_after=None
[2026-05-18T13:58:42.644+0000] {processor.py:208} INFO - Processing /usr/local/python/3.12.1/lib/python3.12/site-packages/airflow/example_dags/example_sensors.py took 0.113 seconds
[2026-05-18T13:59:33.121+0000] {processor.py:186} INFO - Started process (PID=15298) to work on /usr/local/python/3.12.1/lib/python3.12/site-packages/airflow/example_dags/example_sensors.py
[2026-05-18T13:59:33.121+0000] {processor.py:914} INFO - Processing file /usr/local/python/3.12.1/lib/python3.12/site-packages/airflow/example_dags/example_sensors.py for tasks to queue
[2026-05-18T13:59:33.123+0000] {logging_mixin.py:190} INFO - [2026-05-18T13:59:33.123+0000] {dagbag.py:588} INFO - Filling up the DagBag from /usr/local/python/3.12.1/lib/python3.12/site-packages/airflow/example_dags/example_sensors.py
[2026-05-18T13:59:33.131+0000] {processor.py:925} INFO - DAG(s) 'example_sensors' retrieved from /usr/local/python/3.12.1/lib/python3.12/site-packages/airflow/example_dags/example_sensors.py
[2026-05-18T13:59:33.147+0000] {logging_mixin.py:190} INFO - [2026-05-18T13:59:33.147+0000] {dag.py:3239} INFO - Sync 1 DAGs
[2026-05-18T13:59:33.156+0000] {logging_mixin.py:190} INFO - [2026-05-18T13:59:33.156+0000] {dag.py:4180} INFO - Setting next_dagrun for example_sensors to None, run_after=None
[2026-05-18T13:59:33.173+0000] {processor.py:208} INFO - Processing /usr/local/python/3.12.1/lib/python3.12/site-packages/airflow/example_dags/example_sensors.py took 0.056 seconds
[2026-05-18T14:00:23.673+0000] {processor.py:186} INFO - Started process (PID=15749) to work on /usr/local/python/3.12.1/lib/python3.12/site-packages/airflow/example_dags/example_sensors.py
[2026-05-18T14:00:23.674+0000] {processor.py:914} INFO - Processing file /usr/local/python/3.12.1/lib/python3.12/site-packages/airflow/example_dags/example_sensors.py for tasks to queue
[2026-05-18T14:00:23.676+0000] {logging_mixin.py:190} INFO - [2026-05-18T14:00:23.675+0000] {dagbag.py:588} INFO - Filling up the DagBag from /usr/local/python/3.12.1/lib/python3.12/site-packages/airflow/example_dags/example_sensors.py
[2026-05-18T14:00:23.684+0000] {processor.py:925} INFO - DAG(s) 'example_sensors' retrieved from /usr/local/python/3.12.1/lib/python3.12/site-packages/airflow/example_dags/example_sensors.py
[2026-05-18T14:00:23.701+0000] {logging_mixin.py:190} INFO - [2026-05-18T14:00:23.701+0000] {dag.py:3239} INFO - Sync 1 DAGs
[2026-05-18T14:00:23.711+0000] {logging_mixin.py:190} INFO - [2026-05-18T14:00:23.711+0000] {dag.py:4180} INFO - Setting next_dagrun for example_sensors to None, run_after=None
[2026-05-18T14:00:23.728+0000] {processor.py:208} INFO - Processing /usr/local/python/3.12.1/lib/python3.12/site-packages/airflow/example_dags/example_sensors.py took 0.058 seconds
[2026-05-18T14:01:12.093+0000] {processor.py:186} INFO - Started process (PID=16232) to work on /usr/local/python/3.12.1/lib/python3.12/site-packages/airflow/example_dags/example_sensors.py
[2026-05-18T14:01:12.094+0000] {processor.py:914} INFO - Processing file /usr/local/python/3.12.1/lib/python3.12/site-packages/airflow/example_dags/example_sensors.py for tasks to queue
[2026-05-18T14:01:12.095+0000] {logging_mixin.py:190} INFO - [2026-05-18T14:01:12.095+0000] {dagbag.py:588} INFO - Filling up the DagBag from /usr/local/python/3.12.1/lib/python3.12/site-packages/airflow/example_dags/example_sensors.py
[2026-05-18T14:01:12.104+0000] {processor.py:925} INFO - DAG(s) 'example_sensors' retrieved from /usr/local/python/3.12.1/lib/python3.12/site-packages/airflow/example_dags/example_sensors.py
[2026-05-18T14:01:12.122+0000] {logging_mixin.py:190} INFO - [2026-05-18T14:01:12.122+0000] {dag.py:3239} INFO - Sync 1 DAGs
[2026-05-18T14:01:12.132+0000] {logging_mixin.py:190} INFO - [2026-05-18T14:01:12.132+0000] {dag.py:4180} INFO - Setting next_dagrun for example_sensors to None, run_after=None
[2026-05-18T14:01:12.149+0000] {processor.py:208} INFO - Processing /usr/local/python/3.12.1/lib/python3.12/site-packages/airflow/example_dags/example_sensors.py took 0.060 seconds
[2026-05-18T14:02:00.045+0000] {processor.py:186} INFO - Started process (PID=16662) to work on /usr/local/python/3.12.1/lib/python3.12/site-packages/airflow/example_dags/example_sensors.py
[2026-05-18T14:02:00.046+0000] {processor.py:914} INFO - Processing file /usr/local/python/3.12.1/lib/python3.12/site-packages/airflow/example_dags/example_sensors.py for tasks to queue
[2026-05-18T14:02:00.047+0000] {logging_mixin.py:190} INFO - [2026-05-18T14:02:00.047+0000] {dagbag.py:588} INFO - Filling up the DagBag from /usr/local/python/3.12.1/lib/python3.12/site-packages/airflow/example_dags/example_sensors.py
[2026-05-18T14:02:00.056+0000] {processor.py:925} INFO - DAG(s) 'example_sensors' retrieved from /usr/local/python/3.12.1/lib/python3.12/site-packages/airflow/example_dags/example_sensors.py
[2026-05-18T14:02:00.073+0000] {logging_mixin.py:190} INFO - [2026-05-18T14:02:00.073+0000] {dag.py:3239} INFO - Sync 1 DAGs
[2026-05-18T14:02:00.084+0000] {logging_mixin.py:190} INFO - [2026-05-18T14:02:00.084+0000] {dag.py:4180} INFO - Setting next_dagrun for example_sensors to None, run_after=None
[2026-05-18T14:02:00.103+0000] {processor.py:208} INFO - Processing /usr/local/python/3.12.1/lib/python3.12/site-packages/airflow/example_dags/example_sensors.py took 0.062 seconds
[2026-05-18T14:02:45.545+0000] {processor.py:186} INFO - Started process (PID=17029) to work on /usr/local/python/3.12.1/lib/python3.12/site-packages/airflow/example_dags/example_sensors.py
[2026-05-18T14:02:45.546+0000] {processor.py:914} INFO - Processing file /usr/local/python/3.12.1/lib/python3.12/site-packages/airflow/example_dags/example_sensors.py for tasks to queue
[2026-05-18T14:02:45.548+0000] {logging_mixin.py:190} INFO - [2026-05-18T14:02:45.547+0000] {dagbag.py:588} INFO - Filling up the DagBag from /usr/local/python/3.12.1/lib/python3.12/site-packages/airflow/example_dags/example_sensors.py
[2026-05-18T14:02:45.560+0000] {processor.py:925} INFO - DAG(s) 'example_sensors' retrieved from /usr/local/python/3.12.1/lib/python3.12/site-packages/airflow/example_dags/example_sensors.py
[2026-05-18T14:02:45.588+0000] {logging_mixin.py:190} INFO - [2026-05-18T14:02:45.588+0000] {dag.py:3239} INFO - Sync 1 DAGs
[2026-05-18T14:02:45.604+0000] {logging_mixin.py:190} INFO - [2026-05-18T14:02:45.603+0000] {dag.py:4180} INFO - Setting next_dagrun for example_sensors to None, run_after=None
[2026-05-18T14:02:45.622+0000] {processor.py:208} INFO - Processing /usr/local/python/3.12.1/lib/python3.12/site-packages/airflow/example_dags/example_sensors.py took 0.081 seconds
[2026-05-18T14:03:31.926+0000] {processor.py:186} INFO - Started process (PID=17436) to work on /usr/local/python/3.12.1/lib/python3.12/site-packages/airflow/example_dags/example_sensors.py
[2026-05-18T14:03:31.927+0000] {processor.py:914} INFO - Processing file /usr/local/python/3.12.1/lib/python3.12/site-packages/airflow/example_dags/example_sensors.py for tasks to queue
[2026-05-18T14:03:31.928+0000] {logging_mixin.py:190} INFO - [2026-05-18T14:03:31.928+0000] {dagbag.py:588} INFO - Filling up the DagBag from /usr/local/python/3.12.1/lib/python3.12/site-packages/airflow/example_dags/example_sensors.py
[2026-05-18T14:03:31.936+0000] {processor.py:925} INFO - DAG(s) 'example_sensors' retrieved from /usr/local/python/3.12.1/lib/python3.12/site-packages/airflow/example_dags/example_sensors.py
[2026-05-18T14:03:31.953+0000] {logging_mixin.py:190} INFO - [2026-05-18T14:03:31.953+0000] {dag.py:3239} INFO - Sync 1 DAGs
[2026-05-18T14:03:31.962+0000] {logging_mixin.py:190} INFO - [2026-05-18T14:03:31.962+0000] {dag.py:4180} INFO - Setting next_dagrun for example_sensors to None, run_after=None
[2026-05-18T14:03:31.978+0000] {processor.py:208} INFO - Processing /usr/local/python/3.12.1/lib/python3.12/site-packages/airflow/example_dags/example_sensors.py took 0.056 seconds
[2026-05-18T14:04:24.486+0000] {processor.py:186} INFO - Started process (PID=17899) to work on /usr/local/python/3.12.1/lib/python3.12/site-packages/airflow/example_dags/example_sensors.py
[2026-05-18T14:04:24.487+0000] {processor.py:914} INFO - Processing file /usr/local/python/3.12.1/lib/python3.12/site-packages/airflow/example_dags/example_sensors.py for tasks to queue
[2026-05-18T14:04:24.489+0000] {logging_mixin.py:190} INFO - [2026-05-18T14:04:24.488+0000] {dagbag.py:588} INFO - Filling up the DagBag from /usr/local/python/3.12.1/lib/python3.12/site-packages/airflow/example_dags/example_sensors.py
[2026-05-18T14:04:24.497+0000] {processor.py:925} INFO - DAG(s) 'example_sensors' retrieved from /usr/local/python/3.12.1/lib/python3.12/site-packages/airflow/example_dags/example_sensors.py
[2026-05-18T14:04:24.514+0000] {logging_mixin.py:190} INFO - [2026-05-18T14:04:24.514+0000] {dag.py:3239} INFO - Sync 1 DAGs
[2026-05-18T14:04:24.525+0000] {logging_mixin.py:190} INFO - [2026-05-18T14:04:24.524+0000] {dag.py:4180} INFO - Setting next_dagrun for example_sensors to None, run_after=None
[2026-05-18T14:04:24.545+0000] {processor.py:208} INFO - Processing /usr/local/python/3.12.1/lib/python3.12/site-packages/airflow/example_dags/example_sensors.py took 0.063 seconds
[2026-05-18T14:05:11.929+0000] {processor.py:186} INFO - Started process (PID=18328) to work on /usr/local/python/3.12.1/lib/python3.12/site-packages/airflow/example_dags/example_sensors.py
[2026-05-18T14:05:11.930+0000] {processor.py:914} INFO - Processing file /usr/local/python/3.12.1/lib/python3.12/site-packages/airflow/example_dags/example_sensors.py for tasks to queue
[2026-05-18T14:05:11.932+0000] {logging_mixin.py:190} INFO - [2026-05-18T14:05:11.931+0000] {dagbag.py:588} INFO - Filling up the DagBag from /usr/local/python/3.12.1/lib/python3.12/site-packages/airflow/example_dags/example_sensors.py
[2026-05-18T14:05:11.940+0000] {processor.py:925} INFO - DAG(s) 'example_sensors' retrieved from /usr/local/python/3.12.1/lib/python3.12/site-packages/airflow/example_dags/example_sensors.py
[2026-05-18T14:05:11.957+0000] {logging_mixin.py:190} INFO - [2026-05-18T14:05:11.956+0000] {dag.py:3239} INFO - Sync 1 DAGs
[2026-05-18T14:05:11.966+0000] {logging_mixin.py:190} INFO - [2026-05-18T14:05:11.966+0000] {dag.py:4180} INFO - Setting next_dagrun for example_sensors to None, run_after=None
[2026-05-18T14:05:11.982+0000] {processor.py:208} INFO - Processing /usr/local/python/3.12.1/lib/python3.12/site-packages/airflow/example_dags/example_sensors.py took 0.057 seconds
[2026-05-18T14:05:59.749+0000] {processor.py:186} INFO - Started process (PID=18830) to work on /usr/local/python/3.12.1/lib/python3.12/site-packages/airflow/example_dags/example_sensors.py
[2026-05-18T14:05:59.750+0000] {processor.py:914} INFO - Processing file /usr/local/python/3.12.1/lib/python3.12/site-packages/airflow/example_dags/example_sensors.py for tasks to queue
[2026-05-18T14:05:59.752+0000] {logging_mixin.py:190} INFO - [2026-05-18T14:05:59.751+0000] {dagbag.py:588} INFO - Filling up the DagBag from /usr/local/python/3.12.1/lib/python3.12/site-packages/airflow/example_dags/example_sensors.py
[2026-05-18T14:05:59.760+0000] {processor.py:925} INFO - DAG(s) 'example_sensors' retrieved from /usr/local/python/3.12.1/lib/python3.12/site-packages/airflow/example_dags/example_sensors.py
[2026-05-18T14:05:59.776+0000] {logging_mixin.py:190} INFO - [2026-05-18T14:05:59.776+0000] {dag.py:3239} INFO - Sync 1 DAGs
[2026-05-18T14:05:59.786+0000] {logging_mixin.py:190} INFO - [2026-05-18T14:05:59.786+0000] {dag.py:4180} INFO - Setting next_dagrun for example_sensors to None, run_after=None
[2026-05-18T14:05:59.820+0000] {processor.py:208} INFO - Processing /usr/local/python/3.12.1/lib/python3.12/site-packages/airflow/example_dags/example_sensors.py took 0.074 seconds
[2026-05-18T14:06:50.760+0000] {processor.py:186} INFO - Started process (PID=19282) to work on /usr/local/python/3.12.1/lib/python3.12/site-packages/airflow/example_dags/example_sensors.py
[2026-05-18T14:06:50.761+0000] {processor.py:914} INFO - Processing file /usr/local/python/3.12.1/lib/python3.12/site-packages/airflow/example_dags/example_sensors.py for tasks to queue
[2026-05-18T14:06:50.763+0000] {logging_mixin.py:190} INFO - [2026-05-18T14:06:50.763+0000] {dagbag.py:588} INFO - Filling up the DagBag from /usr/local/python/3.12.1/lib/python3.12/site-packages/airflow/example_dags/example_sensors.py
[2026-05-18T14:06:50.775+0000] {processor.py:925} INFO - DAG(s) 'example_sensors' retrieved from /usr/local/python/3.12.1/lib/python3.12/site-packages/airflow/example_dags/example_sensors.py
[2026-05-18T14:06:50.811+0000] {logging_mixin.py:190} INFO - [2026-05-18T14:06:50.810+0000] {dag.py:3239} INFO - Sync 1 DAGs
[2026-05-18T14:06:50.821+0000] {logging_mixin.py:190} INFO - [2026-05-18T14:06:50.820+0000] {dag.py:4180} INFO - Setting next_dagrun for example_sensors to None, run_after=None
[2026-05-18T14:06:50.837+0000] {processor.py:208} INFO - Processing /usr/local/python/3.12.1/lib/python3.12/site-packages/airflow/example_dags/example_sensors.py took 0.083 seconds
[2026-05-18T14:07:39.927+0000] {processor.py:186} INFO - Started process (PID=19663) to work on /usr/local/python/3.12.1/lib/python3.12/site-packages/airflow/example_dags/example_sensors.py
[2026-05-18T14:07:39.928+0000] {processor.py:914} INFO - Processing file /usr/local/python/3.12.1/lib/python3.12/site-packages/airflow/example_dags/example_sensors.py for tasks to queue
[2026-05-18T14:07:39.930+0000] {logging_mixin.py:190} INFO - [2026-05-18T14:07:39.930+0000] {dagbag.py:588} INFO - Filling up the DagBag from /usr/local/python/3.12.1/lib/python3.12/site-packages/airflow/example_dags/example_sensors.py
[2026-05-18T14:07:39.938+0000] {processor.py:925} INFO - DAG(s) 'example_sensors' retrieved from /usr/local/python/3.12.1/lib/python3.12/site-packages/airflow/example_dags/example_sensors.py
[2026-05-18T14:07:39.955+0000] {logging_mixin.py:190} INFO - [2026-05-18T14:07:39.954+0000] {dag.py:3239} INFO - Sync 1 DAGs
[2026-05-18T14:07:39.964+0000] {logging_mixin.py:190} INFO - [2026-05-18T14:07:39.964+0000] {dag.py:4180} INFO - Setting next_dagrun for example_sensors to None, run_after=None
[2026-05-18T14:07:39.981+0000] {processor.py:208} INFO - Processing /usr/local/python/3.12.1/lib/python3.12/site-packages/airflow/example_dags/example_sensors.py took 0.057 seconds
[2026-05-18T14:08:30.098+0000] {processor.py:186} INFO - Started process (PID=20100) to work on /usr/local/python/3.12.1/lib/python3.12/site-packages/airflow/example_dags/example_sensors.py
[2026-05-18T14:08:30.098+0000] {processor.py:914} INFO - Processing file /usr/local/python/3.12.1/lib/python3.12/site-packages/airflow/example_dags/example_sensors.py for tasks to queue
[2026-05-18T14:08:30.100+0000] {logging_mixin.py:190} INFO - [2026-05-18T14:08:30.100+0000] {dagbag.py:588} INFO - Filling up the DagBag from /usr/local/python/3.12.1/lib/python3.12/site-packages/airflow/example_dags/example_sensors.py
[2026-05-18T14:08:30.108+0000] {processor.py:925} INFO - DAG(s) 'example_sensors' retrieved from /usr/local/python/3.12.1/lib/python3.12/site-packages/airflow/example_dags/example_sensors.py
[2026-05-18T14:08:30.129+0000] {logging_mixin.py:190} INFO - [2026-05-18T14:08:30.129+0000] {dag.py:3239} INFO - Sync 1 DAGs
[2026-05-18T14:08:30.139+0000] {logging_mixin.py:190} INFO - [2026-05-18T14:08:30.139+0000] {dag.py:4180} INFO - Setting next_dagrun for example_sensors to None, run_after=None
[2026-05-18T14:08:30.155+0000] {processor.py:208} INFO - Processing /usr/local/python/3.12.1/lib/python3.12/site-packages/airflow/example_dags/example_sensors.py took 0.062 seconds
[2026-05-18T14:09:18.967+0000] {processor.py:186} INFO - Started process (PID=20539) to work on /usr/local/python/3.12.1/lib/python3.12/site-packages/airflow/example_dags/example_sensors.py
[2026-05-18T14:09:18.967+0000] {processor.py:914} INFO - Processing file /usr/local/python/3.12.1/lib/python3.12/site-packages/airflow/example_dags/example_sensors.py for tasks to queue
[2026-05-18T14:09:18.969+0000] {logging_mixin.py:190} INFO - [2026-05-18T14:09:18.969+0000] {dagbag.py:588} INFO - Filling up the DagBag from /usr/local/python/3.12.1/lib/python3.12/site-packages/airflow/example_dags/example_sensors.py
[2026-05-18T14:09:18.978+0000] {processor.py:925} INFO - DAG(s) 'example_sensors' retrieved from /usr/local/python/3.12.1/lib/python3.12/site-packages/airflow/example_dags/example_sensors.py
[2026-05-18T14:09:18.995+0000] {logging_mixin.py:190} INFO - [2026-05-18T14:09:18.995+0000] {dag.py:3239} INFO - Sync 1 DAGs
[2026-05-18T14:09:19.005+0000] {logging_mixin.py:190} INFO - [2026-05-18T14:09:19.005+0000] {dag.py:4180} INFO - Setting next_dagrun for example_sensors to None, run_after=None
[2026-05-18T14:09:19.022+0000] {processor.py:208} INFO - Processing /usr/local/python/3.12.1/lib/python3.12/site-packages/airflow/example_dags/example_sensors.py took 0.060 seconds
[2026-05-18T14:10:06.293+0000] {processor.py:186} INFO - Started process (PID=20973) to work on /usr/local/python/3.12.1/lib/python3.12/site-packages/airflow/example_dags/example_sensors.py
[2026-05-18T14:10:06.294+0000] {processor.py:914} INFO - Processing file /usr/local/python/3.12.1/lib/python3.12/site-packages/airflow/example_dags/example_sensors.py for tasks to queue
[2026-05-18T14:10:06.295+0000] {logging_mixin.py:190} INFO - [2026-05-18T14:10:06.295+0000] {dagbag.py:588} INFO - Filling up the DagBag from /usr/local/python/3.12.1/lib/python3.12/site-packages/airflow/example_dags/example_sensors.py
[2026-05-18T14:10:06.304+0000] {processor.py:925} INFO - DAG(s) 'example_sensors' retrieved from /usr/local/python/3.12.1/lib/python3.12/site-packages/airflow/example_dags/example_sensors.py
[2026-05-18T14:10:06.320+0000] {logging_mixin.py:190} INFO - [2026-05-18T14:10:06.320+0000] {dag.py:3239} INFO - Sync 1 DAGs
[2026-05-18T14:10:06.329+0000] {logging_mixin.py:190} INFO - [2026-05-18T14:10:06.329+0000] {dag.py:4180} INFO - Setting next_dagrun for example_sensors to None, run_after=None
[2026-05-18T14:10:06.345+0000] {processor.py:208} INFO - Processing /usr/local/python/3.12.1/lib/python3.12/site-packages/airflow/example_dags/example_sensors.py took 0.056 seconds
[2026-05-18T14:10:55.555+0000] {processor.py:186} INFO - Started process (PID=21476) to work on /usr/local/python/3.12.1/lib/python3.12/site-packages/airflow/example_dags/example_sensors.py
[2026-05-18T14:10:55.556+0000] {processor.py:914} INFO - Processing file /usr/local/python/3.12.1/lib/python3.12/site-packages/airflow/example_dags/example_sensors.py for tasks to queue
[2026-05-18T14:10:55.558+0000] {logging_mixin.py:190} INFO - [2026-05-18T14:10:55.557+0000] {dagbag.py:588} INFO - Filling up the DagBag from /usr/local/python/3.12.1/lib/python3.12/site-packages/airflow/example_dags/example_sensors.py
[2026-05-18T14:10:55.566+0000] {processor.py:925} INFO - DAG(s) 'example_sensors' retrieved from /usr/local/python/3.12.1/lib/python3.12/site-packages/airflow/example_dags/example_sensors.py
[2026-05-18T14:10:55.583+0000] {logging_mixin.py:190} INFO - [2026-05-18T14:10:55.583+0000] {dag.py:3239} INFO - Sync 1 DAGs
[2026-05-18T14:10:55.593+0000] {logging_mixin.py:190} INFO - [2026-05-18T14:10:55.592+0000] {dag.py:4180} INFO - Setting next_dagrun for example_sensors to None, run_after=None
[2026-05-18T14:10:55.610+0000] {processor.py:208} INFO - Processing /usr/local/python/3.12.1/lib/python3.12/site-packages/airflow/example_dags/example_sensors.py took 0.059 seconds
[2026-05-18T14:11:44.609+0000] {processor.py:186} INFO - Started process (PID=21853) to work on /usr/local/python/3.12.1/lib/python3.12/site-packages/airflow/example_dags/example_sensors.py
[2026-05-18T14:11:44.610+0000] {processor.py:914} INFO - Processing file /usr/local/python/3.12.1/lib/python3.12/site-packages/airflow/example_dags/example_sensors.py for tasks to queue
[2026-05-18T14:11:44.612+0000] {logging_mixin.py:190} INFO - [2026-05-18T14:11:44.611+0000] {dagbag.py:588} INFO - Filling up the DagBag from /usr/local/python/3.12.1/lib/python3.12/site-packages/airflow/example_dags/example_sensors.py
[2026-05-18T14:11:44.620+0000] {processor.py:925} INFO - DAG(s) 'example_sensors' retrieved from /usr/local/python/3.12.1/lib/python3.12/site-packages/airflow/example_dags/example_sensors.py
[2026-05-18T14:11:44.636+0000] {logging_mixin.py:190} INFO - [2026-05-18T14:11:44.636+0000] {dag.py:3239} INFO - Sync 1 DAGs
[2026-05-18T14:11:44.646+0000] {logging_mixin.py:190} INFO - [2026-05-18T14:11:44.646+0000] {dag.py:4180} INFO - Setting next_dagrun for example_sensors to None, run_after=None
[2026-05-18T14:11:44.662+0000] {processor.py:208} INFO - Processing /usr/local/python/3.12.1/lib/python3.12/site-packages/airflow/example_dags/example_sensors.py took 0.057 seconds
[2026-05-18T14:12:32.431+0000] {processor.py:186} INFO - Started process (PID=22270) to work on /usr/local/python/3.12.1/lib/python3.12/site-packages/airflow/example_dags/example_sensors.py
[2026-05-18T14:12:32.432+0000] {processor.py:914} INFO - Processing file /usr/local/python/3.12.1/lib/python3.12/site-packages/airflow/example_dags/example_sensors.py for tasks to queue
[2026-05-18T14:12:32.433+0000] {logging_mixin.py:190} INFO - [2026-05-18T14:12:32.433+0000] {dagbag.py:588} INFO - Filling up the DagBag from /usr/local/python/3.12.1/lib/python3.12/site-packages/airflow/example_dags/example_sensors.py
[2026-05-18T14:12:32.441+0000] {processor.py:925} INFO - DAG(s) 'example_sensors' retrieved from /usr/local/python/3.12.1/lib/python3.12/site-packages/airflow/example_dags/example_sensors.py
[2026-05-18T14:12:32.458+0000] {logging_mixin.py:190} INFO - [2026-05-18T14:12:32.458+0000] {dag.py:3239} INFO - Sync 1 DAGs
[2026-05-18T14:12:32.467+0000] {logging_mixin.py:190} INFO - [2026-05-18T14:12:32.467+0000] {dag.py:4180} INFO - Setting next_dagrun for example_sensors to None, run_after=None
[2026-05-18T14:12:32.484+0000] {processor.py:208} INFO - Processing /usr/local/python/3.12.1/lib/python3.12/site-packages/airflow/example_dags/example_sensors.py took 0.057 seconds
[2026-05-18T14:13:21.978+0000] {processor.py:186} INFO - Started process (PID=22717) to work on /usr/local/python/3.12.1/lib/python3.12/site-packages/airflow/example_dags/example_sensors.py
[2026-05-18T14:13:21.979+0000] {processor.py:914} INFO - Processing file /usr/local/python/3.12.1/lib/python3.12/site-packages/airflow/example_dags/example_sensors.py for tasks to queue
[2026-05-18T14:13:21.981+0000] {logging_mixin.py:190} INFO - [2026-05-18T14:13:21.980+0000] {dagbag.py:588} INFO - Filling up the DagBag from /usr/local/python/3.12.1/lib/python3.12/site-packages/airflow/example_dags/example_sensors.py
[2026-05-18T14:13:21.989+0000] {processor.py:925} INFO - DAG(s) 'example_sensors' retrieved from /usr/local/python/3.12.1/lib/python3.12/site-packages/airflow/example_dags/example_sensors.py
[2026-05-18T14:13:22.006+0000] {logging_mixin.py:190} INFO - [2026-05-18T14:13:22.006+0000] {dag.py:3239} INFO - Sync 1 DAGs
[2026-05-18T14:13:22.015+0000] {logging_mixin.py:190} INFO - [2026-05-18T14:13:22.015+0000] {dag.py:4180} INFO - Setting next_dagrun for example_sensors to None, run_after=None
[2026-05-18T14:13:22.031+0000] {processor.py:208} INFO - Processing /usr/local/python/3.12.1/lib/python3.12/site-packages/airflow/example_dags/example_sensors.py took 0.057 seconds
[2026-05-18T14:14:08.564+0000] {processor.py:186} INFO - Started process (PID=23145) to work on /usr/local/python/3.12.1/lib/python3.12/site-packages/airflow/example_dags/example_sensors.py
[2026-05-18T14:14:08.565+0000] {processor.py:914} INFO - Processing file /usr/local/python/3.12.1/lib/python3.12/site-packages/airflow/example_dags/example_sensors.py for tasks to queue
[2026-05-18T14:14:08.566+0000] {logging_mixin.py:190} INFO - [2026-05-18T14:14:08.566+0000] {dagbag.py:588} INFO - Filling up the DagBag from /usr/local/python/3.12.1/lib/python3.12/site-packages/airflow/example_dags/example_sensors.py
[2026-05-18T14:14:08.575+0000] {processor.py:925} INFO - DAG(s) 'example_sensors' retrieved from /usr/local/python/3.12.1/lib/python3.12/site-packages/airflow/example_dags/example_sensors.py
[2026-05-18T14:14:08.591+0000] {logging_mixin.py:190} INFO - [2026-05-18T14:14:08.591+0000] {dag.py:3239} INFO - Sync 1 DAGs
[2026-05-18T14:14:08.601+0000] {logging_mixin.py:190} INFO - [2026-05-18T14:14:08.601+0000] {dag.py:4180} INFO - Setting next_dagrun for example_sensors to None, run_after=None
[2026-05-18T14:14:08.617+0000] {processor.py:208} INFO - Processing /usr/local/python/3.12.1/lib/python3.12/site-packages/airflow/example_dags/example_sensors.py took 0.058 seconds
[2026-05-18T14:14:57.387+0000] {processor.py:186} INFO - Started process (PID=23586) to work on /usr/local/python/3.12.1/lib/python3.12/site-packages/airflow/example_dags/example_sensors.py
[2026-05-18T14:14:57.388+0000] {processor.py:914} INFO - Processing file /usr/local/python/3.12.1/lib/python3.12/site-packages/airflow/example_dags/example_sensors.py for tasks to queue
[2026-05-18T14:14:57.389+0000] {logging_mixin.py:190} INFO - [2026-05-18T14:14:57.389+0000] {dagbag.py:588} INFO - Filling up the DagBag from /usr/local/python/3.12.1/lib/python3.12/site-packages/airflow/example_dags/example_sensors.py
[2026-05-18T14:14:57.398+0000] {processor.py:925} INFO - DAG(s) 'example_sensors' retrieved from /usr/local/python/3.12.1/lib/python3.12/site-packages/airflow/example_dags/example_sensors.py
[2026-05-18T14:14:57.415+0000] {logging_mixin.py:190} INFO - [2026-05-18T14:14:57.415+0000] {dag.py:3239} INFO - Sync 1 DAGs
[2026-05-18T14:14:57.425+0000] {logging_mixin.py:190} INFO - [2026-05-18T14:14:57.425+0000] {dag.py:4180} INFO - Setting next_dagrun for example_sensors to None, run_after=None
[2026-05-18T14:14:57.441+0000] {processor.py:208} INFO - Processing /usr/local/python/3.12.1/lib/python3.12/site-packages/airflow/example_dags/example_sensors.py took 0.058 seconds
[2026-05-18T14:15:46.060+0000] {processor.py:186} INFO - Started process (PID=23944) to work on /usr/local/python/3.12.1/lib/python3.12/site-packages/airflow/example_dags/example_sensors.py
[2026-05-18T14:15:46.061+0000] {processor.py:914} INFO - Processing file /usr/local/python/3.12.1/lib/python3.12/site-packages/airflow/example_dags/example_sensors.py for tasks to queue
[2026-05-18T14:15:46.063+0000] {logging_mixin.py:190} INFO - [2026-05-18T14:15:46.063+0000] {dagbag.py:588} INFO - Filling up the DagBag from /usr/local/python/3.12.1/lib/python3.12/site-packages/airflow/example_dags/example_sensors.py
[2026-05-18T14:15:46.072+0000] {processor.py:925} INFO - DAG(s) 'example_sensors' retrieved from /usr/local/python/3.12.1/lib/python3.12/site-packages/airflow/example_dags/example_sensors.py
[2026-05-18T14:15:46.088+0000] {logging_mixin.py:190} INFO - [2026-05-18T14:15:46.088+0000] {dag.py:3239} INFO - Sync 1 DAGs
[2026-05-18T14:15:46.098+0000] {logging_mixin.py:190} INFO - [2026-05-18T14:15:46.097+0000] {dag.py:4180} INFO - Setting next_dagrun for example_sensors to None, run_after=None
[2026-05-18T14:15:46.114+0000] {processor.py:208} INFO - Processing /usr/local/python/3.12.1/lib/python3.12/site-packages/airflow/example_dags/example_sensors.py took 0.071 seconds
[2026-05-18T14:16:36.528+0000] {processor.py:186} INFO - Started process (PID=24454) to work on /usr/local/python/3.12.1/lib/python3.12/site-packages/airflow/example_dags/example_sensors.py
[2026-05-18T14:16:36.529+0000] {processor.py:914} INFO - Processing file /usr/local/python/3.12.1/lib/python3.12/site-packages/airflow/example_dags/example_sensors.py for tasks to queue
[2026-05-18T14:16:36.530+0000] {logging_mixin.py:190} INFO - [2026-05-18T14:16:36.530+0000] {dagbag.py:588} INFO - Filling up the DagBag from /usr/local/python/3.12.1/lib/python3.12/site-packages/airflow/example_dags/example_sensors.py
[2026-05-18T14:16:36.539+0000] {processor.py:925} INFO - DAG(s) 'example_sensors' retrieved from /usr/local/python/3.12.1/lib/python3.12/site-packages/airflow/example_dags/example_sensors.py
[2026-05-18T14:16:36.556+0000] {logging_mixin.py:190} INFO - [2026-05-18T14:16:36.555+0000] {dag.py:3239} INFO - Sync 1 DAGs
[2026-05-18T14:16:36.565+0000] {logging_mixin.py:190} INFO - [2026-05-18T14:16:36.565+0000] {dag.py:4180} INFO - Setting next_dagrun for example_sensors to None, run_after=None
[2026-05-18T14:16:36.582+0000] {processor.py:208} INFO - Processing /usr/local/python/3.12.1/lib/python3.12/site-packages/airflow/example_dags/example_sensors.py took 0.058 seconds
[2026-05-18T14:17:25.042+0000] {processor.py:186} INFO - Started process (PID=24888) to work on /usr/local/python/3.12.1/lib/python3.12/site-packages/airflow/example_dags/example_sensors.py
[2026-05-18T14:17:25.043+0000] {processor.py:914} INFO - Processing file /usr/local/python/3.12.1/lib/python3.12/site-packages/airflow/example_dags/example_sensors.py for tasks to queue
[2026-05-18T14:17:25.045+0000] {logging_mixin.py:190} INFO - [2026-05-18T14:17:25.045+0000] {dagbag.py:588} INFO - Filling up the DagBag from /usr/local/python/3.12.1/lib/python3.12/site-packages/airflow/example_dags/example_sensors.py
[2026-05-18T14:17:25.053+0000] {processor.py:925} INFO - DAG(s) 'example_sensors' retrieved from /usr/local/python/3.12.1/lib/python3.12/site-packages/airflow/example_dags/example_sensors.py
[2026-05-18T14:17:25.069+0000] {logging_mixin.py:190} INFO - [2026-05-18T14:17:25.069+0000] {dag.py:3239} INFO - Sync 1 DAGs
[2026-05-18T14:17:25.078+0000] {logging_mixin.py:190} INFO - [2026-05-18T14:17:25.078+0000] {dag.py:4180} INFO - Setting next_dagrun for example_sensors to None, run_after=None
[2026-05-18T14:17:25.094+0000] {processor.py:208} INFO - Processing /usr/local/python/3.12.1/lib/python3.12/site-packages/airflow/example_dags/example_sensors.py took 0.058 seconds
[2026-05-18T14:18:16.907+0000] {processor.py:186} INFO - Started process (PID=25354) to work on /usr/local/python/3.12.1/lib/python3.12/site-packages/airflow/example_dags/example_sensors.py
[2026-05-18T14:18:16.908+0000] {processor.py:914} INFO - Processing file /usr/local/python/3.12.1/lib/python3.12/site-packages/airflow/example_dags/example_sensors.py for tasks to queue
[2026-05-18T14:18:16.909+0000] {logging_mixin.py:190} INFO - [2026-05-18T14:18:16.909+0000] {dagbag.py:588} INFO - Filling up the DagBag from /usr/local/python/3.12.1/lib/python3.12/site-packages/airflow/example_dags/example_sensors.py
[2026-05-18T14:18:16.917+0000] {processor.py:925} INFO - DAG(s) 'example_sensors' retrieved from /usr/local/python/3.12.1/lib/python3.12/site-packages/airflow/example_dags/example_sensors.py
[2026-05-18T14:18:16.933+0000] {logging_mixin.py:190} INFO - [2026-05-18T14:18:16.933+0000] {dag.py:3239} INFO - Sync 1 DAGs
[2026-05-18T14:18:16.942+0000] {logging_mixin.py:190} INFO - [2026-05-18T14:18:16.942+0000] {dag.py:4180} INFO - Setting next_dagrun for example_sensors to None, run_after=None
[2026-05-18T14:18:16.958+0000] {processor.py:208} INFO - Processing /usr/local/python/3.12.1/lib/python3.12/site-packages/airflow/example_dags/example_sensors.py took 0.055 seconds
[2026-05-18T14:19:05.567+0000] {processor.py:186} INFO - Started process (PID=25799) to work on /usr/local/python/3.12.1/lib/python3.12/site-packages/airflow/example_dags/example_sensors.py
[2026-05-18T14:19:05.568+0000] {processor.py:914} INFO - Processing file /usr/local/python/3.12.1/lib/python3.12/site-packages/airflow/example_dags/example_sensors.py for tasks to queue
[2026-05-18T14:19:05.570+0000] {logging_mixin.py:190} INFO - [2026-05-18T14:19:05.569+0000] {dagbag.py:588} INFO - Filling up the DagBag from /usr/local/python/3.12.1/lib/python3.12/site-packages/airflow/example_dags/example_sensors.py
[2026-05-18T14:19:05.578+0000] {processor.py:925} INFO - DAG(s) 'example_sensors' retrieved from /usr/local/python/3.12.1/lib/python3.12/site-packages/airflow/example_dags/example_sensors.py
[2026-05-18T14:19:05.596+0000] {logging_mixin.py:190} INFO - [2026-05-18T14:19:05.596+0000] {dag.py:3239} INFO - Sync 1 DAGs
[2026-05-18T14:19:05.608+0000] {logging_mixin.py:190} INFO - [2026-05-18T14:19:05.608+0000] {dag.py:4180} INFO - Setting next_dagrun for example_sensors to None, run_after=None
[2026-05-18T14:19:05.625+0000] {processor.py:208} INFO - Processing /usr/local/python/3.12.1/lib/python3.12/site-packages/airflow/example_dags/example_sensors.py took 0.062 seconds
[2026-05-18T14:19:52.226+0000] {processor.py:186} INFO - Started process (PID=26224) to work on /usr/local/python/3.12.1/lib/python3.12/site-packages/airflow/example_dags/example_sensors.py
[2026-05-18T14:19:52.226+0000] {processor.py:914} INFO - Processing file /usr/local/python/3.12.1/lib/python3.12/site-packages/airflow/example_dags/example_sensors.py for tasks to queue
[2026-05-18T14:19:52.228+0000] {logging_mixin.py:190} INFO - [2026-05-18T14:19:52.228+0000] {dagbag.py:588} INFO - Filling up the DagBag from /usr/local/python/3.12.1/lib/python3.12/site-packages/airflow/example_dags/example_sensors.py
[2026-05-18T14:19:52.237+0000] {processor.py:925} INFO - DAG(s) 'example_sensors' retrieved from /usr/local/python/3.12.1/lib/python3.12/site-packages/airflow/example_dags/example_sensors.py
[2026-05-18T14:19:52.254+0000] {logging_mixin.py:190} INFO - [2026-05-18T14:19:52.254+0000] {dag.py:3239} INFO - Sync 1 DAGs
[2026-05-18T14:19:52.264+0000] {logging_mixin.py:190} INFO - [2026-05-18T14:19:52.263+0000] {dag.py:4180} INFO - Setting next_dagrun for example_sensors to None, run_after=None
[2026-05-18T14:19:52.280+0000] {processor.py:208} INFO - Processing /usr/local/python/3.12.1/lib/python3.12/site-packages/airflow/example_dags/example_sensors.py took 0.059 seconds
[2026-05-18T14:20:46.500+0000] {processor.py:186} INFO - Started process (PID=26632) to work on /usr/local/python/3.12.1/lib/python3.12/site-packages/airflow/example_dags/example_sensors.py
[2026-05-18T14:20:46.501+0000] {processor.py:914} INFO - Processing file /usr/local/python/3.12.1/lib/python3.12/site-packages/airflow/example_dags/example_sensors.py for tasks to queue
[2026-05-18T14:20:46.503+0000] {logging_mixin.py:190} INFO - [2026-05-18T14:20:46.502+0000] {dagbag.py:588} INFO - Filling up the DagBag from /usr/local/python/3.12.1/lib/python3.12/site-packages/airflow/example_dags/example_sensors.py
[2026-05-18T14:20:46.511+0000] {processor.py:925} INFO - DAG(s) 'example_sensors' retrieved from /usr/local/python/3.12.1/lib/python3.12/site-packages/airflow/example_dags/example_sensors.py
[2026-05-18T14:20:46.528+0000] {logging_mixin.py:190} INFO - [2026-05-18T14:20:46.528+0000] {dag.py:3239} INFO - Sync 1 DAGs
[2026-05-18T14:20:46.538+0000] {logging_mixin.py:190} INFO - [2026-05-18T14:20:46.537+0000] {dag.py:4180} INFO - Setting next_dagrun for example_sensors to None, run_after=None
[2026-05-18T14:20:46.554+0000] {processor.py:208} INFO - Processing /usr/local/python/3.12.1/lib/python3.12/site-packages/airflow/example_dags/example_sensors.py took 0.059 seconds
[2026-05-18T14:21:39.007+0000] {processor.py:186} INFO - Started process (PID=27162) to work on /usr/local/python/3.12.1/lib/python3.12/site-packages/airflow/example_dags/example_sensors.py
[2026-05-18T14:21:39.009+0000] {processor.py:914} INFO - Processing file /usr/local/python/3.12.1/lib/python3.12/site-packages/airflow/example_dags/example_sensors.py for tasks to queue
[2026-05-18T14:21:39.011+0000] {logging_mixin.py:190} INFO - [2026-05-18T14:21:39.011+0000] {dagbag.py:588} INFO - Filling up the DagBag from /usr/local/python/3.12.1/lib/python3.12/site-packages/airflow/example_dags/example_sensors.py
[2026-05-18T14:21:39.025+0000] {processor.py:925} INFO - DAG(s) 'example_sensors' retrieved from /usr/local/python/3.12.1/lib/python3.12/site-packages/airflow/example_dags/example_sensors.py
[2026-05-18T14:21:39.042+0000] {logging_mixin.py:190} INFO - [2026-05-18T14:21:39.042+0000] {dag.py:3239} INFO - Sync 1 DAGs
[2026-05-18T14:21:39.155+0000] {logging_mixin.py:190} INFO - [2026-05-18T14:21:39.155+0000] {dag.py:4180} INFO - Setting next_dagrun for example_sensors to None, run_after=None
[2026-05-18T14:21:39.171+0000] {processor.py:208} INFO - Processing /usr/local/python/3.12.1/lib/python3.12/site-packages/airflow/example_dags/example_sensors.py took 0.169 seconds
[2026-05-18T14:22:33.687+0000] {processor.py:186} INFO - Started process (PID=27628) to work on /usr/local/python/3.12.1/lib/python3.12/site-packages/airflow/example_dags/example_sensors.py
[2026-05-18T14:22:33.688+0000] {processor.py:914} INFO - Processing file /usr/local/python/3.12.1/lib/python3.12/site-packages/airflow/example_dags/example_sensors.py for tasks to queue
[2026-05-18T14:22:33.690+0000] {logging_mixin.py:190} INFO - [2026-05-18T14:22:33.689+0000] {dagbag.py:588} INFO - Filling up the DagBag from /usr/local/python/3.12.1/lib/python3.12/site-packages/airflow/example_dags/example_sensors.py
[2026-05-18T14:22:33.698+0000] {processor.py:925} INFO - DAG(s) 'example_sensors' retrieved from /usr/local/python/3.12.1/lib/python3.12/site-packages/airflow/example_dags/example_sensors.py
[2026-05-18T14:22:33.715+0000] {logging_mixin.py:190} INFO - [2026-05-18T14:22:33.715+0000] {dag.py:3239} INFO - Sync 1 DAGs
[2026-05-18T14:22:33.725+0000] {logging_mixin.py:190} INFO - [2026-05-18T14:22:33.724+0000] {dag.py:4180} INFO - Setting next_dagrun for example_sensors to None, run_after=None
[2026-05-18T14:22:33.860+0000] {processor.py:208} INFO - Processing /usr/local/python/3.12.1/lib/python3.12/site-packages/airflow/example_dags/example_sensors.py took 0.178 seconds
[2026-05-18T14:23:30.871+0000] {processor.py:186} INFO - Started process (PID=28129) to work on /usr/local/python/3.12.1/lib/python3.12/site-packages/airflow/example_dags/example_sensors.py
[2026-05-18T14:23:30.872+0000] {processor.py:914} INFO - Processing file /usr/local/python/3.12.1/lib/python3.12/site-packages/airflow/example_dags/example_sensors.py for tasks to queue
[2026-05-18T14:23:30.874+0000] {logging_mixin.py:190} INFO - [2026-05-18T14:23:30.873+0000] {dagbag.py:588} INFO - Filling up the DagBag from /usr/local/python/3.12.1/lib/python3.12/site-packages/airflow/example_dags/example_sensors.py
[2026-05-18T14:23:30.883+0000] {processor.py:925} INFO - DAG(s) 'example_sensors' retrieved from /usr/local/python/3.12.1/lib/python3.12/site-packages/airflow/example_dags/example_sensors.py
[2026-05-18T14:23:30.901+0000] {logging_mixin.py:190} INFO - [2026-05-18T14:23:30.901+0000] {dag.py:3239} INFO - Sync 1 DAGs
[2026-05-18T14:23:30.912+0000] {logging_mixin.py:190} INFO - [2026-05-18T14:23:30.911+0000] {dag.py:4180} INFO - Setting next_dagrun for example_sensors to None, run_after=None
[2026-05-18T14:23:30.933+0000] {processor.py:208} INFO - Processing /usr/local/python/3.12.1/lib/python3.12/site-packages/airflow/example_dags/example_sensors.py took 0.067 seconds
[2026-05-18T14:24:31.744+0000] {processor.py:186} INFO - Started process (PID=28658) to work on /usr/local/python/3.12.1/lib/python3.12/site-packages/airflow/example_dags/example_sensors.py
[2026-05-18T14:24:31.745+0000] {processor.py:914} INFO - Processing file /usr/local/python/3.12.1/lib/python3.12/site-packages/airflow/example_dags/example_sensors.py for tasks to queue
[2026-05-18T14:24:31.747+0000] {logging_mixin.py:190} INFO - [2026-05-18T14:24:31.746+0000] {dagbag.py:588} INFO - Filling up the DagBag from /usr/local/python/3.12.1/lib/python3.12/site-packages/airflow/example_dags/example_sensors.py
[2026-05-18T14:24:31.755+0000] {processor.py:925} INFO - DAG(s) 'example_sensors' retrieved from /usr/local/python/3.12.1/lib/python3.12/site-packages/airflow/example_dags/example_sensors.py
[2026-05-18T14:24:31.875+0000] {logging_mixin.py:190} INFO - [2026-05-18T14:24:31.875+0000] {dag.py:3239} INFO - Sync 1 DAGs
[2026-05-18T14:24:31.884+0000] {logging_mixin.py:190} INFO - [2026-05-18T14:24:31.884+0000] {dag.py:4180} INFO - Setting next_dagrun for example_sensors to None, run_after=None
[2026-05-18T14:24:31.899+0000] {processor.py:208} INFO - Processing /usr/local/python/3.12.1/lib/python3.12/site-packages/airflow/example_dags/example_sensors.py took 0.160 seconds
[2026-05-18T14:25:25.952+0000] {processor.py:186} INFO - Started process (PID=29133) to work on /usr/local/python/3.12.1/lib/python3.12/site-packages/airflow/example_dags/example_sensors.py
[2026-05-18T14:25:25.952+0000] {processor.py:914} INFO - Processing file /usr/local/python/3.12.1/lib/python3.12/site-packages/airflow/example_dags/example_sensors.py for tasks to queue
[2026-05-18T14:25:25.954+0000] {logging_mixin.py:190} INFO - [2026-05-18T14:25:25.954+0000] {dagbag.py:588} INFO - Filling up the DagBag from /usr/local/python/3.12.1/lib/python3.12/site-packages/airflow/example_dags/example_sensors.py
[2026-05-18T14:25:25.963+0000] {processor.py:925} INFO - DAG(s) 'example_sensors' retrieved from /usr/local/python/3.12.1/lib/python3.12/site-packages/airflow/example_dags/example_sensors.py
[2026-05-18T14:25:25.979+0000] {logging_mixin.py:190} INFO - [2026-05-18T14:25:25.979+0000] {dag.py:3239} INFO - Sync 1 DAGs
[2026-05-18T14:25:25.989+0000] {logging_mixin.py:190} INFO - [2026-05-18T14:25:25.989+0000] {dag.py:4180} INFO - Setting next_dagrun for example_sensors to None, run_after=None
[2026-05-18T14:25:26.005+0000] {processor.py:208} INFO - Processing /usr/local/python/3.12.1/lib/python3.12/site-packages/airflow/example_dags/example_sensors.py took 0.057 seconds
[2026-05-18T14:26:15.793+0000] {processor.py:186} INFO - Started process (PID=29638) to work on /usr/local/python/3.12.1/lib/python3.12/site-packages/airflow/example_dags/example_sensors.py
[2026-05-18T14:26:15.794+0000] {processor.py:914} INFO - Processing file /usr/local/python/3.12.1/lib/python3.12/site-packages/airflow/example_dags/example_sensors.py for tasks to queue
[2026-05-18T14:26:15.796+0000] {logging_mixin.py:190} INFO - [2026-05-18T14:26:15.795+0000] {dagbag.py:588} INFO - Filling up the DagBag from /usr/local/python/3.12.1/lib/python3.12/site-packages/airflow/example_dags/example_sensors.py
[2026-05-18T14:26:15.804+0000] {processor.py:925} INFO - DAG(s) 'example_sensors' retrieved from /usr/local/python/3.12.1/lib/python3.12/site-packages/airflow/example_dags/example_sensors.py
[2026-05-18T14:26:15.821+0000] {logging_mixin.py:190} INFO - [2026-05-18T14:26:15.821+0000] {dag.py:3239} INFO - Sync 1 DAGs
[2026-05-18T14:26:15.831+0000] {logging_mixin.py:190} INFO - [2026-05-18T14:26:15.831+0000] {dag.py:4180} INFO - Setting next_dagrun for example_sensors to None, run_after=None
[2026-05-18T14:26:15.854+0000] {processor.py:208} INFO - Processing /usr/local/python/3.12.1/lib/python3.12/site-packages/airflow/example_dags/example_sensors.py took 0.065 seconds
[2026-05-18T14:27:02.185+0000] {processor.py:186} INFO - Started process (PID=30066) to work on /usr/local/python/3.12.1/lib/python3.12/site-packages/airflow/example_dags/example_sensors.py
[2026-05-18T14:27:02.186+0000] {processor.py:914} INFO - Processing file /usr/local/python/3.12.1/lib/python3.12/site-packages/airflow/example_dags/example_sensors.py for tasks to queue
[2026-05-18T14:27:02.188+0000] {logging_mixin.py:190} INFO - [2026-05-18T14:27:02.187+0000] {dagbag.py:588} INFO - Filling up the DagBag from /usr/local/python/3.12.1/lib/python3.12/site-packages/airflow/example_dags/example_sensors.py
[2026-05-18T14:27:02.197+0000] {processor.py:925} INFO - DAG(s) 'example_sensors' retrieved from /usr/local/python/3.12.1/lib/python3.12/site-packages/airflow/example_dags/example_sensors.py
[2026-05-18T14:27:02.215+0000] {logging_mixin.py:190} INFO - [2026-05-18T14:27:02.214+0000] {dag.py:3239} INFO - Sync 1 DAGs
[2026-05-18T14:27:02.224+0000] {logging_mixin.py:190} INFO - [2026-05-18T14:27:02.224+0000] {dag.py:4180} INFO - Setting next_dagrun for example_sensors to None, run_after=None
[2026-05-18T14:27:02.240+0000] {processor.py:208} INFO - Processing /usr/local/python/3.12.1/lib/python3.12/site-packages/airflow/example_dags/example_sensors.py took 0.059 seconds
[2026-05-18T14:27:52.615+0000] {processor.py:186} INFO - Started process (PID=30512) to work on /usr/local/python/3.12.1/lib/python3.12/site-packages/airflow/example_dags/example_sensors.py
[2026-05-18T14:27:52.616+0000] {processor.py:914} INFO - Processing file /usr/local/python/3.12.1/lib/python3.12/site-packages/airflow/example_dags/example_sensors.py for tasks to queue
[2026-05-18T14:27:52.618+0000] {logging_mixin.py:190} INFO - [2026-05-18T14:27:52.618+0000] {dagbag.py:588} INFO - Filling up the DagBag from /usr/local/python/3.12.1/lib/python3.12/site-packages/airflow/example_dags/example_sensors.py
[2026-05-18T14:27:52.632+0000] {processor.py:925} INFO - DAG(s) 'example_sensors' retrieved from /usr/local/python/3.12.1/lib/python3.12/site-packages/airflow/example_dags/example_sensors.py
[2026-05-18T14:27:52.685+0000] {logging_mixin.py:190} INFO - [2026-05-18T14:27:52.684+0000] {dag.py:3239} INFO - Sync 1 DAGs
[2026-05-18T14:27:52.701+0000] {logging_mixin.py:190} INFO - [2026-05-18T14:27:52.700+0000] {dag.py:4180} INFO - Setting next_dagrun for example_sensors to None, run_after=None
[2026-05-18T14:27:52.719+0000] {processor.py:208} INFO - Processing /usr/local/python/3.12.1/lib/python3.12/site-packages/airflow/example_dags/example_sensors.py took 0.109 seconds
[2026-05-18T14:28:40.299+0000] {processor.py:186} INFO - Started process (PID=30870) to work on /usr/local/python/3.12.1/lib/python3.12/site-packages/airflow/example_dags/example_sensors.py
[2026-05-18T14:28:40.299+0000] {processor.py:914} INFO - Processing file /usr/local/python/3.12.1/lib/python3.12/site-packages/airflow/example_dags/example_sensors.py for tasks to queue
[2026-05-18T14:28:40.301+0000] {logging_mixin.py:190} INFO - [2026-05-18T14:28:40.301+0000] {dagbag.py:588} INFO - Filling up the DagBag from /usr/local/python/3.12.1/lib/python3.12/site-packages/airflow/example_dags/example_sensors.py
[2026-05-18T14:28:40.310+0000] {processor.py:925} INFO - DAG(s) 'example_sensors' retrieved from /usr/local/python/3.12.1/lib/python3.12/site-packages/airflow/example_dags/example_sensors.py
[2026-05-18T14:28:40.326+0000] {logging_mixin.py:190} INFO - [2026-05-18T14:28:40.326+0000] {dag.py:3239} INFO - Sync 1 DAGs
[2026-05-18T14:28:40.336+0000] {logging_mixin.py:190} INFO - [2026-05-18T14:28:40.336+0000] {dag.py:4180} INFO - Setting next_dagrun for example_sensors to None, run_after=None
[2026-05-18T14:28:40.354+0000] {processor.py:208} INFO - Processing /usr/local/python/3.12.1/lib/python3.12/site-packages/airflow/example_dags/example_sensors.py took 0.060 seconds
[2026-05-18T14:29:29.142+0000] {processor.py:186} INFO - Started process (PID=31309) to work on /usr/local/python/3.12.1/lib/python3.12/site-packages/airflow/example_dags/example_sensors.py
[2026-05-18T14:29:29.142+0000] {processor.py:914} INFO - Processing file /usr/local/python/3.12.1/lib/python3.12/site-packages/airflow/example_dags/example_sensors.py for tasks to queue
[2026-05-18T14:29:29.144+0000] {logging_mixin.py:190} INFO - [2026-05-18T14:29:29.144+0000] {dagbag.py:588} INFO - Filling up the DagBag from /usr/local/python/3.12.1/lib/python3.12/site-packages/airflow/example_dags/example_sensors.py
[2026-05-18T14:29:29.153+0000] {processor.py:925} INFO - DAG(s) 'example_sensors' retrieved from /usr/local/python/3.12.1/lib/python3.12/site-packages/airflow/example_dags/example_sensors.py
[2026-05-18T14:29:29.171+0000] {logging_mixin.py:190} INFO - [2026-05-18T14:29:29.171+0000] {dag.py:3239} INFO - Sync 1 DAGs
[2026-05-18T14:29:29.181+0000] {logging_mixin.py:190} INFO - [2026-05-18T14:29:29.181+0000] {dag.py:4180} INFO - Setting next_dagrun for example_sensors to None, run_after=None
[2026-05-18T14:29:29.204+0000] {processor.py:208} INFO - Processing /usr/local/python/3.12.1/lib/python3.12/site-packages/airflow/example_dags/example_sensors.py took 0.067 seconds
[2026-05-18T14:30:20.439+0000] {processor.py:186} INFO - Started process (PID=31762) to work on /usr/local/python/3.12.1/lib/python3.12/site-packages/airflow/example_dags/example_sensors.py
[2026-05-18T14:30:20.439+0000] {processor.py:914} INFO - Processing file /usr/local/python/3.12.1/lib/python3.12/site-packages/airflow/example_dags/example_sensors.py for tasks to queue
[2026-05-18T14:30:20.441+0000] {logging_mixin.py:190} INFO - [2026-05-18T14:30:20.441+0000] {dagbag.py:588} INFO - Filling up the DagBag from /usr/local/python/3.12.1/lib/python3.12/site-packages/airflow/example_dags/example_sensors.py
[2026-05-18T14:30:20.450+0000] {processor.py:925} INFO - DAG(s) 'example_sensors' retrieved from /usr/local/python/3.12.1/lib/python3.12/site-packages/airflow/example_dags/example_sensors.py
[2026-05-18T14:30:20.467+0000] {logging_mixin.py:190} INFO - [2026-05-18T14:30:20.467+0000] {dag.py:3239} INFO - Sync 1 DAGs
[2026-05-18T14:30:20.477+0000] {logging_mixin.py:190} INFO - [2026-05-18T14:30:20.477+0000] {dag.py:4180} INFO - Setting next_dagrun for example_sensors to None, run_after=None
[2026-05-18T14:30:20.497+0000] {processor.py:208} INFO - Processing /usr/local/python/3.12.1/lib/python3.12/site-packages/airflow/example_dags/example_sensors.py took 0.062 seconds
[2026-05-18T14:31:08.561+0000] {processor.py:186} INFO - Started process (PID=32258) to work on /usr/local/python/3.12.1/lib/python3.12/site-packages/airflow/example_dags/example_sensors.py
[2026-05-18T14:31:08.561+0000] {processor.py:914} INFO - Processing file /usr/local/python/3.12.1/lib/python3.12/site-packages/airflow/example_dags/example_sensors.py for tasks to queue
[2026-05-18T14:31:08.563+0000] {logging_mixin.py:190} INFO - [2026-05-18T14:31:08.563+0000] {dagbag.py:588} INFO - Filling up the DagBag from /usr/local/python/3.12.1/lib/python3.12/site-packages/airflow/example_dags/example_sensors.py
[2026-05-18T14:31:08.571+0000] {processor.py:925} INFO - DAG(s) 'example_sensors' retrieved from /usr/local/python/3.12.1/lib/python3.12/site-packages/airflow/example_dags/example_sensors.py
[2026-05-18T14:31:08.587+0000] {logging_mixin.py:190} INFO - [2026-05-18T14:31:08.587+0000] {dag.py:3239} INFO - Sync 1 DAGs
[2026-05-18T14:31:08.596+0000] {logging_mixin.py:190} INFO - [2026-05-18T14:31:08.596+0000] {dag.py:4180} INFO - Setting next_dagrun for example_sensors to None, run_after=None
[2026-05-18T14:31:08.612+0000] {processor.py:208} INFO - Processing /usr/local/python/3.12.1/lib/python3.12/site-packages/airflow/example_dags/example_sensors.py took 0.055 seconds
[2026-05-18T14:31:55.982+0000] {processor.py:186} INFO - Started process (PID=32688) to work on /usr/local/python/3.12.1/lib/python3.12/site-packages/airflow/example_dags/example_sensors.py
[2026-05-18T14:31:55.983+0000] {processor.py:914} INFO - Processing file /usr/local/python/3.12.1/lib/python3.12/site-packages/airflow/example_dags/example_sensors.py for tasks to queue
[2026-05-18T14:31:55.984+0000] {logging_mixin.py:190} INFO - [2026-05-18T14:31:55.984+0000] {dagbag.py:588} INFO - Filling up the DagBag from /usr/local/python/3.12.1/lib/python3.12/site-packages/airflow/example_dags/example_sensors.py
[2026-05-18T14:31:55.993+0000] {processor.py:925} INFO - DAG(s) 'example_sensors' retrieved from /usr/local/python/3.12.1/lib/python3.12/site-packages/airflow/example_dags/example_sensors.py
[2026-05-18T14:31:56.010+0000] {logging_mixin.py:190} INFO - [2026-05-18T14:31:56.010+0000] {dag.py:3239} INFO - Sync 1 DAGs
[2026-05-18T14:31:56.021+0000] {logging_mixin.py:190} INFO - [2026-05-18T14:31:56.021+0000] {dag.py:4180} INFO - Setting next_dagrun for example_sensors to None, run_after=None
[2026-05-18T14:31:56.038+0000] {processor.py:208} INFO - Processing /usr/local/python/3.12.1/lib/python3.12/site-packages/airflow/example_dags/example_sensors.py took 0.061 seconds
[2026-05-18T14:32:46.883+0000] {processor.py:186} INFO - Started process (PID=33079) to work on /usr/local/python/3.12.1/lib/python3.12/site-packages/airflow/example_dags/example_sensors.py
[2026-05-18T14:32:46.884+0000] {processor.py:914} INFO - Processing file /usr/local/python/3.12.1/lib/python3.12/site-packages/airflow/example_dags/example_sensors.py for tasks to queue
[2026-05-18T14:32:46.886+0000] {logging_mixin.py:190} INFO - [2026-05-18T14:32:46.886+0000] {dagbag.py:588} INFO - Filling up the DagBag from /usr/local/python/3.12.1/lib/python3.12/site-packages/airflow/example_dags/example_sensors.py
[2026-05-18T14:32:46.895+0000] {processor.py:925} INFO - DAG(s) 'example_sensors' retrieved from /usr/local/python/3.12.1/lib/python3.12/site-packages/airflow/example_dags/example_sensors.py
[2026-05-18T14:32:46.912+0000] {logging_mixin.py:190} INFO - [2026-05-18T14:32:46.912+0000] {dag.py:3239} INFO - Sync 1 DAGs
[2026-05-18T14:32:46.922+0000] {logging_mixin.py:190} INFO - [2026-05-18T14:32:46.922+0000] {dag.py:4180} INFO - Setting next_dagrun for example_sensors to None, run_after=None
[2026-05-18T14:32:46.939+0000] {processor.py:208} INFO - Processing /usr/local/python/3.12.1/lib/python3.12/site-packages/airflow/example_dags/example_sensors.py took 0.060 seconds
[2026-05-18T14:33:38.326+0000] {processor.py:186} INFO - Started process (PID=33530) to work on /usr/local/python/3.12.1/lib/python3.12/site-packages/airflow/example_dags/example_sensors.py
[2026-05-18T14:33:38.327+0000] {processor.py:914} INFO - Processing file /usr/local/python/3.12.1/lib/python3.12/site-packages/airflow/example_dags/example_sensors.py for tasks to queue
[2026-05-18T14:33:38.329+0000] {logging_mixin.py:190} INFO - [2026-05-18T14:33:38.328+0000] {dagbag.py:588} INFO - Filling up the DagBag from /usr/local/python/3.12.1/lib/python3.12/site-packages/airflow/example_dags/example_sensors.py
[2026-05-18T14:33:38.337+0000] {processor.py:925} INFO - DAG(s) 'example_sensors' retrieved from /usr/local/python/3.12.1/lib/python3.12/site-packages/airflow/example_dags/example_sensors.py
[2026-05-18T14:33:38.354+0000] {logging_mixin.py:190} INFO - [2026-05-18T14:33:38.353+0000] {dag.py:3239} INFO - Sync 1 DAGs
[2026-05-18T14:33:38.363+0000] {logging_mixin.py:190} INFO - [2026-05-18T14:33:38.363+0000] {dag.py:4180} INFO - Setting next_dagrun for example_sensors to None, run_after=None
[2026-05-18T14:33:38.379+0000] {processor.py:208} INFO - Processing /usr/local/python/3.12.1/lib/python3.12/site-packages/airflow/example_dags/example_sensors.py took 0.057 seconds
[2026-05-18T14:34:28.692+0000] {processor.py:186} INFO - Started process (PID=33972) to work on /usr/local/python/3.12.1/lib/python3.12/site-packages/airflow/example_dags/example_sensors.py
[2026-05-18T14:34:28.693+0000] {processor.py:914} INFO - Processing file /usr/local/python/3.12.1/lib/python3.12/site-packages/airflow/example_dags/example_sensors.py for tasks to queue
[2026-05-18T14:34:28.695+0000] {logging_mixin.py:190} INFO - [2026-05-18T14:34:28.694+0000] {dagbag.py:588} INFO - Filling up the DagBag from /usr/local/python/3.12.1/lib/python3.12/site-packages/airflow/example_dags/example_sensors.py
[2026-05-18T14:34:28.704+0000] {processor.py:925} INFO - DAG(s) 'example_sensors' retrieved from /usr/local/python/3.12.1/lib/python3.12/site-packages/airflow/example_dags/example_sensors.py
[2026-05-18T14:34:28.721+0000] {logging_mixin.py:190} INFO - [2026-05-18T14:34:28.721+0000] {dag.py:3239} INFO - Sync 1 DAGs
[2026-05-18T14:34:28.730+0000] {logging_mixin.py:190} INFO - [2026-05-18T14:34:28.730+0000] {dag.py:4180} INFO - Setting next_dagrun for example_sensors to None, run_after=None
[2026-05-18T14:34:28.749+0000] {processor.py:208} INFO - Processing /usr/local/python/3.12.1/lib/python3.12/site-packages/airflow/example_dags/example_sensors.py took 0.062 seconds
[2026-05-18T14:35:12.931+0000] {processor.py:186} INFO - Started process (PID=34373) to work on /usr/local/python/3.12.1/lib/python3.12/site-packages/airflow/example_dags/example_sensors.py
[2026-05-18T14:35:12.932+0000] {processor.py:914} INFO - Processing file /usr/local/python/3.12.1/lib/python3.12/site-packages/airflow/example_dags/example_sensors.py for tasks to queue
[2026-05-18T14:35:12.935+0000] {logging_mixin.py:190} INFO - [2026-05-18T14:35:12.934+0000] {dagbag.py:588} INFO - Filling up the DagBag from /usr/local/python/3.12.1/lib/python3.12/site-packages/airflow/example_dags/example_sensors.py
[2026-05-18T14:35:12.945+0000] {processor.py:925} INFO - DAG(s) 'example_sensors' retrieved from /usr/local/python/3.12.1/lib/python3.12/site-packages/airflow/example_dags/example_sensors.py
[2026-05-18T14:35:12.963+0000] {logging_mixin.py:190} INFO - [2026-05-18T14:35:12.962+0000] {dag.py:3239} INFO - Sync 1 DAGs
[2026-05-18T14:35:12.974+0000] {logging_mixin.py:190} INFO - [2026-05-18T14:35:12.974+0000] {dag.py:4180} INFO - Setting next_dagrun for example_sensors to None, run_after=None
[2026-05-18T14:35:12.994+0000] {processor.py:208} INFO - Processing /usr/local/python/3.12.1/lib/python3.12/site-packages/airflow/example_dags/example_sensors.py took 0.067 seconds
[2026-05-18T14:36:00.797+0000] {processor.py:186} INFO - Started process (PID=34868) to work on /usr/local/python/3.12.1/lib/python3.12/site-packages/airflow/example_dags/example_sensors.py
[2026-05-18T14:36:00.798+0000] {processor.py:914} INFO - Processing file /usr/local/python/3.12.1/lib/python3.12/site-packages/airflow/example_dags/example_sensors.py for tasks to queue
[2026-05-18T14:36:00.800+0000] {logging_mixin.py:190} INFO - [2026-05-18T14:36:00.799+0000] {dagbag.py:588} INFO - Filling up the DagBag from /usr/local/python/3.12.1/lib/python3.12/site-packages/airflow/example_dags/example_sensors.py
[2026-05-18T14:36:00.825+0000] {processor.py:925} INFO - DAG(s) 'example_sensors' retrieved from /usr/local/python/3.12.1/lib/python3.12/site-packages/airflow/example_dags/example_sensors.py
[2026-05-18T14:36:00.851+0000] {logging_mixin.py:190} INFO - [2026-05-18T14:36:00.851+0000] {dag.py:3239} INFO - Sync 1 DAGs
[2026-05-18T14:36:00.861+0000] {logging_mixin.py:190} INFO - [2026-05-18T14:36:00.860+0000] {dag.py:4180} INFO - Setting next_dagrun for example_sensors to None, run_after=None
[2026-05-18T14:36:00.888+0000] {processor.py:208} INFO - Processing /usr/local/python/3.12.1/lib/python3.12/site-packages/airflow/example_dags/example_sensors.py took 0.098 seconds
[2026-05-18T14:36:52.416+0000] {processor.py:186} INFO - Started process (PID=35320) to work on /usr/local/python/3.12.1/lib/python3.12/site-packages/airflow/example_dags/example_sensors.py
[2026-05-18T14:36:52.416+0000] {processor.py:914} INFO - Processing file /usr/local/python/3.12.1/lib/python3.12/site-packages/airflow/example_dags/example_sensors.py for tasks to queue
[2026-05-18T14:36:52.418+0000] {logging_mixin.py:190} INFO - [2026-05-18T14:36:52.417+0000] {dagbag.py:588} INFO - Filling up the DagBag from /usr/local/python/3.12.1/lib/python3.12/site-packages/airflow/example_dags/example_sensors.py
[2026-05-18T14:36:52.428+0000] {processor.py:925} INFO - DAG(s) 'example_sensors' retrieved from /usr/local/python/3.12.1/lib/python3.12/site-packages/airflow/example_dags/example_sensors.py
[2026-05-18T14:36:52.456+0000] {logging_mixin.py:190} INFO - [2026-05-18T14:36:52.455+0000] {dag.py:3239} INFO - Sync 1 DAGs
[2026-05-18T14:36:52.472+0000] {logging_mixin.py:190} INFO - [2026-05-18T14:36:52.471+0000] {dag.py:4180} INFO - Setting next_dagrun for example_sensors to None, run_after=None
[2026-05-18T14:36:52.503+0000] {processor.py:208} INFO - Processing /usr/local/python/3.12.1/lib/python3.12/site-packages/airflow/example_dags/example_sensors.py took 0.092 seconds
[2026-05-18T14:37:43.115+0000] {processor.py:186} INFO - Started process (PID=35717) to work on /usr/local/python/3.12.1/lib/python3.12/site-packages/airflow/example_dags/example_sensors.py
[2026-05-18T14:37:43.116+0000] {processor.py:914} INFO - Processing file /usr/local/python/3.12.1/lib/python3.12/site-packages/airflow/example_dags/example_sensors.py for tasks to queue
[2026-05-18T14:37:43.118+0000] {logging_mixin.py:190} INFO - [2026-05-18T14:37:43.117+0000] {dagbag.py:588} INFO - Filling up the DagBag from /usr/local/python/3.12.1/lib/python3.12/site-packages/airflow/example_dags/example_sensors.py
[2026-05-18T14:37:43.126+0000] {processor.py:925} INFO - DAG(s) 'example_sensors' retrieved from /usr/local/python/3.12.1/lib/python3.12/site-packages/airflow/example_dags/example_sensors.py
[2026-05-18T14:37:43.143+0000] {logging_mixin.py:190} INFO - [2026-05-18T14:37:43.143+0000] {dag.py:3239} INFO - Sync 1 DAGs
[2026-05-18T14:37:43.153+0000] {logging_mixin.py:190} INFO - [2026-05-18T14:37:43.152+0000] {dag.py:4180} INFO - Setting next_dagrun for example_sensors to None, run_after=None
[2026-05-18T14:37:43.171+0000] {processor.py:208} INFO - Processing /usr/local/python/3.12.1/lib/python3.12/site-packages/airflow/example_dags/example_sensors.py took 0.060 seconds
[2026-05-18T14:38:35.005+0000] {processor.py:186} INFO - Started process (PID=36166) to work on /usr/local/python/3.12.1/lib/python3.12/site-packages/airflow/example_dags/example_sensors.py
[2026-05-18T14:38:35.006+0000] {processor.py:914} INFO - Processing file /usr/local/python/3.12.1/lib/python3.12/site-packages/airflow/example_dags/example_sensors.py for tasks to queue
[2026-05-18T14:38:35.007+0000] {logging_mixin.py:190} INFO - [2026-05-18T14:38:35.007+0000] {dagbag.py:588} INFO - Filling up the DagBag from /usr/local/python/3.12.1/lib/python3.12/site-packages/airflow/example_dags/example_sensors.py
[2026-05-18T14:38:35.039+0000] {processor.py:925} INFO - DAG(s) 'example_sensors' retrieved from /usr/local/python/3.12.1/lib/python3.12/site-packages/airflow/example_dags/example_sensors.py
[2026-05-18T14:38:35.065+0000] {logging_mixin.py:190} INFO - [2026-05-18T14:38:35.065+0000] {dag.py:3239} INFO - Sync 1 DAGs
[2026-05-18T14:38:35.091+0000] {logging_mixin.py:190} INFO - [2026-05-18T14:38:35.090+0000] {dag.py:4180} INFO - Setting next_dagrun for example_sensors to None, run_after=None
[2026-05-18T14:38:35.113+0000] {processor.py:208} INFO - Processing /usr/local/python/3.12.1/lib/python3.12/site-packages/airflow/example_dags/example_sensors.py took 0.113 seconds
[2026-05-18T14:39:25.761+0000] {processor.py:186} INFO - Started process (PID=36623) to work on /usr/local/python/3.12.1/lib/python3.12/site-packages/airflow/example_dags/example_sensors.py
[2026-05-18T14:39:25.761+0000] {processor.py:914} INFO - Processing file /usr/local/python/3.12.1/lib/python3.12/site-packages/airflow/example_dags/example_sensors.py for tasks to queue
[2026-05-18T14:39:25.763+0000] {logging_mixin.py:190} INFO - [2026-05-18T14:39:25.763+0000] {dagbag.py:588} INFO - Filling up the DagBag from /usr/local/python/3.12.1/lib/python3.12/site-packages/airflow/example_dags/example_sensors.py
[2026-05-18T14:39:25.776+0000] {processor.py:925} INFO - DAG(s) 'example_sensors' retrieved from /usr/local/python/3.12.1/lib/python3.12/site-packages/airflow/example_dags/example_sensors.py
[2026-05-18T14:39:25.800+0000] {logging_mixin.py:190} INFO - [2026-05-18T14:39:25.799+0000] {dag.py:3239} INFO - Sync 1 DAGs
[2026-05-18T14:39:25.810+0000] {logging_mixin.py:190} INFO - [2026-05-18T14:39:25.810+0000] {dag.py:4180} INFO - Setting next_dagrun for example_sensors to None, run_after=None
[2026-05-18T14:39:25.829+0000] {processor.py:208} INFO - Processing /usr/local/python/3.12.1/lib/python3.12/site-packages/airflow/example_dags/example_sensors.py took 0.074 seconds
[2026-05-18T14:40:17.595+0000] {processor.py:186} INFO - Started process (PID=37083) to work on /usr/local/python/3.12.1/lib/python3.12/site-packages/airflow/example_dags/example_sensors.py
[2026-05-18T14:40:17.596+0000] {processor.py:914} INFO - Processing file /usr/local/python/3.12.1/lib/python3.12/site-packages/airflow/example_dags/example_sensors.py for tasks to queue
[2026-05-18T14:40:17.600+0000] {logging_mixin.py:190} INFO - [2026-05-18T14:40:17.600+0000] {dagbag.py:588} INFO - Filling up the DagBag from /usr/local/python/3.12.1/lib/python3.12/site-packages/airflow/example_dags/example_sensors.py
[2026-05-18T14:40:17.620+0000] {processor.py:925} INFO - DAG(s) 'example_sensors' retrieved from /usr/local/python/3.12.1/lib/python3.12/site-packages/airflow/example_dags/example_sensors.py
[2026-05-18T14:40:17.641+0000] {logging_mixin.py:190} INFO - [2026-05-18T14:40:17.641+0000] {dag.py:3239} INFO - Sync 1 DAGs
[2026-05-18T14:40:17.650+0000] {logging_mixin.py:190} INFO - [2026-05-18T14:40:17.650+0000] {dag.py:4180} INFO - Setting next_dagrun for example_sensors to None, run_after=None
[2026-05-18T14:40:17.667+0000] {processor.py:208} INFO - Processing /usr/local/python/3.12.1/lib/python3.12/site-packages/airflow/example_dags/example_sensors.py took 0.076 seconds
[2026-05-18T14:41:07.598+0000] {processor.py:186} INFO - Started process (PID=37589) to work on /usr/local/python/3.12.1/lib/python3.12/site-packages/airflow/example_dags/example_sensors.py
[2026-05-18T14:41:07.599+0000] {processor.py:914} INFO - Processing file /usr/local/python/3.12.1/lib/python3.12/site-packages/airflow/example_dags/example_sensors.py for tasks to queue
[2026-05-18T14:41:07.601+0000] {logging_mixin.py:190} INFO - [2026-05-18T14:41:07.600+0000] {dagbag.py:588} INFO - Filling up the DagBag from /usr/local/python/3.12.1/lib/python3.12/site-packages/airflow/example_dags/example_sensors.py
[2026-05-18T14:41:07.609+0000] {processor.py:925} INFO - DAG(s) 'example_sensors' retrieved from /usr/local/python/3.12.1/lib/python3.12/site-packages/airflow/example_dags/example_sensors.py
[2026-05-18T14:41:07.625+0000] {logging_mixin.py:190} INFO - [2026-05-18T14:41:07.625+0000] {dag.py:3239} INFO - Sync 1 DAGs
[2026-05-18T14:41:07.635+0000] {logging_mixin.py:190} INFO - [2026-05-18T14:41:07.635+0000] {dag.py:4180} INFO - Setting next_dagrun for example_sensors to None, run_after=None
[2026-05-18T14:41:07.651+0000] {processor.py:208} INFO - Processing /usr/local/python/3.12.1/lib/python3.12/site-packages/airflow/example_dags/example_sensors.py took 0.056 seconds
[2026-05-18T14:41:56.708+0000] {processor.py:186} INFO - Started process (PID=38026) to work on /usr/local/python/3.12.1/lib/python3.12/site-packages/airflow/example_dags/example_sensors.py
[2026-05-18T14:41:56.709+0000] {processor.py:914} INFO - Processing file /usr/local/python/3.12.1/lib/python3.12/site-packages/airflow/example_dags/example_sensors.py for tasks to queue
[2026-05-18T14:41:56.710+0000] {logging_mixin.py:190} INFO - [2026-05-18T14:41:56.710+0000] {dagbag.py:588} INFO - Filling up the DagBag from /usr/local/python/3.12.1/lib/python3.12/site-packages/airflow/example_dags/example_sensors.py
[2026-05-18T14:41:56.721+0000] {processor.py:925} INFO - DAG(s) 'example_sensors' retrieved from /usr/local/python/3.12.1/lib/python3.12/site-packages/airflow/example_dags/example_sensors.py
[2026-05-18T14:41:56.738+0000] {logging_mixin.py:190} INFO - [2026-05-18T14:41:56.738+0000] {dag.py:3239} INFO - Sync 1 DAGs
[2026-05-18T14:41:56.749+0000] {logging_mixin.py:190} INFO - [2026-05-18T14:41:56.748+0000] {dag.py:4180} INFO - Setting next_dagrun for example_sensors to None, run_after=None
[2026-05-18T14:41:56.767+0000] {processor.py:208} INFO - Processing /usr/local/python/3.12.1/lib/python3.12/site-packages/airflow/example_dags/example_sensors.py took 0.063 seconds
[2026-05-18T14:42:47.267+0000] {processor.py:186} INFO - Started process (PID=38421) to work on /usr/local/python/3.12.1/lib/python3.12/site-packages/airflow/example_dags/example_sensors.py
[2026-05-18T14:42:47.268+0000] {processor.py:914} INFO - Processing file /usr/local/python/3.12.1/lib/python3.12/site-packages/airflow/example_dags/example_sensors.py for tasks to queue
[2026-05-18T14:42:47.270+0000] {logging_mixin.py:190} INFO - [2026-05-18T14:42:47.269+0000] {dagbag.py:588} INFO - Filling up the DagBag from /usr/local/python/3.12.1/lib/python3.12/site-packages/airflow/example_dags/example_sensors.py
[2026-05-18T14:42:47.282+0000] {processor.py:925} INFO - DAG(s) 'example_sensors' retrieved from /usr/local/python/3.12.1/lib/python3.12/site-packages/airflow/example_dags/example_sensors.py
[2026-05-18T14:42:47.299+0000] {logging_mixin.py:190} INFO - [2026-05-18T14:42:47.299+0000] {dag.py:3239} INFO - Sync 1 DAGs
[2026-05-18T14:42:47.309+0000] {logging_mixin.py:190} INFO - [2026-05-18T14:42:47.309+0000] {dag.py:4180} INFO - Setting next_dagrun for example_sensors to None, run_after=None
[2026-05-18T14:42:47.326+0000] {processor.py:208} INFO - Processing /usr/local/python/3.12.1/lib/python3.12/site-packages/airflow/example_dags/example_sensors.py took 0.064 seconds
[2026-05-18T14:43:37.974+0000] {processor.py:186} INFO - Started process (PID=38871) to work on /usr/local/python/3.12.1/lib/python3.12/site-packages/airflow/example_dags/example_sensors.py
[2026-05-18T14:43:37.975+0000] {processor.py:914} INFO - Processing file /usr/local/python/3.12.1/lib/python3.12/site-packages/airflow/example_dags/example_sensors.py for tasks to queue
[2026-05-18T14:43:37.977+0000] {logging_mixin.py:190} INFO - [2026-05-18T14:43:37.976+0000] {dagbag.py:588} INFO - Filling up the DagBag from /usr/local/python/3.12.1/lib/python3.12/site-packages/airflow/example_dags/example_sensors.py
[2026-05-18T14:43:37.988+0000] {processor.py:925} INFO - DAG(s) 'example_sensors' retrieved from /usr/local/python/3.12.1/lib/python3.12/site-packages/airflow/example_dags/example_sensors.py
[2026-05-18T14:43:38.005+0000] {logging_mixin.py:190} INFO - [2026-05-18T14:43:38.005+0000] {dag.py:3239} INFO - Sync 1 DAGs
[2026-05-18T14:43:38.016+0000] {logging_mixin.py:190} INFO - [2026-05-18T14:43:38.016+0000] {dag.py:4180} INFO - Setting next_dagrun for example_sensors to None, run_after=None
[2026-05-18T14:43:38.034+0000] {processor.py:208} INFO - Processing /usr/local/python/3.12.1/lib/python3.12/site-packages/airflow/example_dags/example_sensors.py took 0.065 seconds
[2026-05-18T14:44:27.613+0000] {processor.py:186} INFO - Started process (PID=39318) to work on /usr/local/python/3.12.1/lib/python3.12/site-packages/airflow/example_dags/example_sensors.py
[2026-05-18T14:44:27.614+0000] {processor.py:914} INFO - Processing file /usr/local/python/3.12.1/lib/python3.12/site-packages/airflow/example_dags/example_sensors.py for tasks to queue
[2026-05-18T14:44:27.616+0000] {logging_mixin.py:190} INFO - [2026-05-18T14:44:27.616+0000] {dagbag.py:588} INFO - Filling up the DagBag from /usr/local/python/3.12.1/lib/python3.12/site-packages/airflow/example_dags/example_sensors.py
[2026-05-18T14:44:27.629+0000] {processor.py:925} INFO - DAG(s) 'example_sensors' retrieved from /usr/local/python/3.12.1/lib/python3.12/site-packages/airflow/example_dags/example_sensors.py
[2026-05-18T14:44:27.655+0000] {logging_mixin.py:190} INFO - [2026-05-18T14:44:27.654+0000] {dag.py:3239} INFO - Sync 1 DAGs
[2026-05-18T14:44:27.669+0000] {logging_mixin.py:190} INFO - [2026-05-18T14:44:27.669+0000] {dag.py:4180} INFO - Setting next_dagrun for example_sensors to None, run_after=None
[2026-05-18T14:44:27.692+0000] {processor.py:208} INFO - Processing /usr/local/python/3.12.1/lib/python3.12/site-packages/airflow/example_dags/example_sensors.py took 0.086 seconds
[2026-05-18T14:45:19.020+0000] {processor.py:186} INFO - Started process (PID=39774) to work on /usr/local/python/3.12.1/lib/python3.12/site-packages/airflow/example_dags/example_sensors.py
[2026-05-18T14:45:19.021+0000] {processor.py:914} INFO - Processing file /usr/local/python/3.12.1/lib/python3.12/site-packages/airflow/example_dags/example_sensors.py for tasks to queue
[2026-05-18T14:45:19.023+0000] {logging_mixin.py:190} INFO - [2026-05-18T14:45:19.022+0000] {dagbag.py:588} INFO - Filling up the DagBag from /usr/local/python/3.12.1/lib/python3.12/site-packages/airflow/example_dags/example_sensors.py
[2026-05-18T14:45:19.031+0000] {processor.py:925} INFO - DAG(s) 'example_sensors' retrieved from /usr/local/python/3.12.1/lib/python3.12/site-packages/airflow/example_dags/example_sensors.py
[2026-05-18T14:45:19.051+0000] {logging_mixin.py:190} INFO - [2026-05-18T14:45:19.050+0000] {dag.py:3239} INFO - Sync 1 DAGs
[2026-05-18T14:45:19.076+0000] {logging_mixin.py:190} INFO - [2026-05-18T14:45:19.075+0000] {dag.py:4180} INFO - Setting next_dagrun for example_sensors to None, run_after=None
[2026-05-18T14:45:19.113+0000] {processor.py:208} INFO - Processing /usr/local/python/3.12.1/lib/python3.12/site-packages/airflow/example_dags/example_sensors.py took 0.098 seconds
[2026-05-18T14:46:08.235+0000] {processor.py:186} INFO - Started process (PID=40264) to work on /usr/local/python/3.12.1/lib/python3.12/site-packages/airflow/example_dags/example_sensors.py
[2026-05-18T14:46:08.236+0000] {processor.py:914} INFO - Processing file /usr/local/python/3.12.1/lib/python3.12/site-packages/airflow/example_dags/example_sensors.py for tasks to queue
[2026-05-18T14:46:08.237+0000] {logging_mixin.py:190} INFO - [2026-05-18T14:46:08.237+0000] {dagbag.py:588} INFO - Filling up the DagBag from /usr/local/python/3.12.1/lib/python3.12/site-packages/airflow/example_dags/example_sensors.py
[2026-05-18T14:46:08.245+0000] {processor.py:925} INFO - DAG(s) 'example_sensors' retrieved from /usr/local/python/3.12.1/lib/python3.12/site-packages/airflow/example_dags/example_sensors.py
[2026-05-18T14:46:08.262+0000] {logging_mixin.py:190} INFO - [2026-05-18T14:46:08.261+0000] {dag.py:3239} INFO - Sync 1 DAGs
[2026-05-18T14:46:08.273+0000] {logging_mixin.py:190} INFO - [2026-05-18T14:46:08.273+0000] {dag.py:4180} INFO - Setting next_dagrun for example_sensors to None, run_after=None
[2026-05-18T14:46:08.291+0000] {processor.py:208} INFO - Processing /usr/local/python/3.12.1/lib/python3.12/site-packages/airflow/example_dags/example_sensors.py took 0.060 seconds
[2026-05-18T14:47:00.668+0000] {processor.py:186} INFO - Started process (PID=40733) to work on /usr/local/python/3.12.1/lib/python3.12/site-packages/airflow/example_dags/example_sensors.py
[2026-05-18T14:47:00.668+0000] {processor.py:914} INFO - Processing file /usr/local/python/3.12.1/lib/python3.12/site-packages/airflow/example_dags/example_sensors.py for tasks to queue
[2026-05-18T14:47:00.671+0000] {logging_mixin.py:190} INFO - [2026-05-18T14:47:00.671+0000] {dagbag.py:588} INFO - Filling up the DagBag from /usr/local/python/3.12.1/lib/python3.12/site-packages/airflow/example_dags/example_sensors.py
[2026-05-18T14:47:00.685+0000] {processor.py:925} INFO - DAG(s) 'example_sensors' retrieved from /usr/local/python/3.12.1/lib/python3.12/site-packages/airflow/example_dags/example_sensors.py
[2026-05-18T14:47:00.718+0000] {logging_mixin.py:190} INFO - [2026-05-18T14:47:00.718+0000] {dag.py:3239} INFO - Sync 1 DAGs
[2026-05-18T14:47:00.729+0000] {logging_mixin.py:190} INFO - [2026-05-18T14:47:00.728+0000] {dag.py:4180} INFO - Setting next_dagrun for example_sensors to None, run_after=None
[2026-05-18T14:47:00.745+0000] {processor.py:208} INFO - Processing /usr/local/python/3.12.1/lib/python3.12/site-packages/airflow/example_dags/example_sensors.py took 0.084 seconds
[2026-05-18T14:47:51.691+0000] {processor.py:186} INFO - Started process (PID=41193) to work on /usr/local/python/3.12.1/lib/python3.12/site-packages/airflow/example_dags/example_sensors.py
[2026-05-18T14:47:51.693+0000] {processor.py:914} INFO - Processing file /usr/local/python/3.12.1/lib/python3.12/site-packages/airflow/example_dags/example_sensors.py for tasks to queue
[2026-05-18T14:47:51.699+0000] {logging_mixin.py:190} INFO - [2026-05-18T14:47:51.697+0000] {dagbag.py:588} INFO - Filling up the DagBag from /usr/local/python/3.12.1/lib/python3.12/site-packages/airflow/example_dags/example_sensors.py
[2026-05-18T14:47:51.735+0000] {processor.py:925} INFO - DAG(s) 'example_sensors' retrieved from /usr/local/python/3.12.1/lib/python3.12/site-packages/airflow/example_dags/example_sensors.py
[2026-05-18T14:47:51.790+0000] {logging_mixin.py:190} INFO - [2026-05-18T14:47:51.790+0000] {dag.py:3239} INFO - Sync 1 DAGs
[2026-05-18T14:47:51.807+0000] {logging_mixin.py:190} INFO - [2026-05-18T14:47:51.807+0000] {dag.py:4180} INFO - Setting next_dagrun for example_sensors to None, run_after=None
[2026-05-18T14:47:51.823+0000] {processor.py:208} INFO - Processing /usr/local/python/3.12.1/lib/python3.12/site-packages/airflow/example_dags/example_sensors.py took 0.153 seconds
[2026-05-18T14:48:45.127+0000] {processor.py:186} INFO - Started process (PID=41598) to work on /usr/local/python/3.12.1/lib/python3.12/site-packages/airflow/example_dags/example_sensors.py
[2026-05-18T14:48:45.128+0000] {processor.py:914} INFO - Processing file /usr/local/python/3.12.1/lib/python3.12/site-packages/airflow/example_dags/example_sensors.py for tasks to queue
[2026-05-18T14:48:45.129+0000] {logging_mixin.py:190} INFO - [2026-05-18T14:48:45.129+0000] {dagbag.py:588} INFO - Filling up the DagBag from /usr/local/python/3.12.1/lib/python3.12/site-packages/airflow/example_dags/example_sensors.py
[2026-05-18T14:48:45.137+0000] {processor.py:925} INFO - DAG(s) 'example_sensors' retrieved from /usr/local/python/3.12.1/lib/python3.12/site-packages/airflow/example_dags/example_sensors.py
[2026-05-18T14:48:45.154+0000] {logging_mixin.py:190} INFO - [2026-05-18T14:48:45.154+0000] {dag.py:3239} INFO - Sync 1 DAGs
[2026-05-18T14:48:45.163+0000] {logging_mixin.py:190} INFO - [2026-05-18T14:48:45.163+0000] {dag.py:4180} INFO - Setting next_dagrun for example_sensors to None, run_after=None
[2026-05-18T14:48:45.184+0000] {processor.py:208} INFO - Processing /usr/local/python/3.12.1/lib/python3.12/site-packages/airflow/example_dags/example_sensors.py took 0.061 seconds
[2026-05-18T14:49:38.915+0000] {processor.py:186} INFO - Started process (PID=42067) to work on /usr/local/python/3.12.1/lib/python3.12/site-packages/airflow/example_dags/example_sensors.py
[2026-05-18T14:49:38.916+0000] {processor.py:914} INFO - Processing file /usr/local/python/3.12.1/lib/python3.12/site-packages/airflow/example_dags/example_sensors.py for tasks to queue
[2026-05-18T14:49:38.918+0000] {logging_mixin.py:190} INFO - [2026-05-18T14:49:38.917+0000] {dagbag.py:588} INFO - Filling up the DagBag from /usr/local/python/3.12.1/lib/python3.12/site-packages/airflow/example_dags/example_sensors.py
[2026-05-18T14:49:38.926+0000] {processor.py:925} INFO - DAG(s) 'example_sensors' retrieved from /usr/local/python/3.12.1/lib/python3.12/site-packages/airflow/example_dags/example_sensors.py
[2026-05-18T14:49:38.943+0000] {logging_mixin.py:190} INFO - [2026-05-18T14:49:38.943+0000] {dag.py:3239} INFO - Sync 1 DAGs
[2026-05-18T14:49:38.953+0000] {logging_mixin.py:190} INFO - [2026-05-18T14:49:38.953+0000] {dag.py:4180} INFO - Setting next_dagrun for example_sensors to None, run_after=None
[2026-05-18T14:49:38.973+0000] {processor.py:208} INFO - Processing /usr/local/python/3.12.1/lib/python3.12/site-packages/airflow/example_dags/example_sensors.py took 0.062 seconds
[2026-05-18T14:50:29.389+0000] {processor.py:186} INFO - Started process (PID=42516) to work on /usr/local/python/3.12.1/lib/python3.12/site-packages/airflow/example_dags/example_sensors.py
[2026-05-18T14:50:29.390+0000] {processor.py:914} INFO - Processing file /usr/local/python/3.12.1/lib/python3.12/site-packages/airflow/example_dags/example_sensors.py for tasks to queue
[2026-05-18T14:50:29.391+0000] {logging_mixin.py:190} INFO - [2026-05-18T14:50:29.391+0000] {dagbag.py:588} INFO - Filling up the DagBag from /usr/local/python/3.12.1/lib/python3.12/site-packages/airflow/example_dags/example_sensors.py
[2026-05-18T14:50:29.401+0000] {processor.py:925} INFO - DAG(s) 'example_sensors' retrieved from /usr/local/python/3.12.1/lib/python3.12/site-packages/airflow/example_dags/example_sensors.py
[2026-05-18T14:50:29.419+0000] {logging_mixin.py:190} INFO - [2026-05-18T14:50:29.418+0000] {dag.py:3239} INFO - Sync 1 DAGs
[2026-05-18T14:50:29.428+0000] {logging_mixin.py:190} INFO - [2026-05-18T14:50:29.428+0000] {dag.py:4180} INFO - Setting next_dagrun for example_sensors to None, run_after=None
[2026-05-18T14:50:29.446+0000] {processor.py:208} INFO - Processing /usr/local/python/3.12.1/lib/python3.12/site-packages/airflow/example_dags/example_sensors.py took 0.062 seconds
[2026-05-18T14:51:19.568+0000] {processor.py:186} INFO - Started process (PID=43031) to work on /usr/local/python/3.12.1/lib/python3.12/site-packages/airflow/example_dags/example_sensors.py
[2026-05-18T14:51:19.569+0000] {processor.py:914} INFO - Processing file /usr/local/python/3.12.1/lib/python3.12/site-packages/airflow/example_dags/example_sensors.py for tasks to queue
[2026-05-18T14:51:19.572+0000] {logging_mixin.py:190} INFO - [2026-05-18T14:51:19.572+0000] {dagbag.py:588} INFO - Filling up the DagBag from /usr/local/python/3.12.1/lib/python3.12/site-packages/airflow/example_dags/example_sensors.py
[2026-05-18T14:51:19.587+0000] {processor.py:925} INFO - DAG(s) 'example_sensors' retrieved from /usr/local/python/3.12.1/lib/python3.12/site-packages/airflow/example_dags/example_sensors.py
[2026-05-18T14:51:19.625+0000] {logging_mixin.py:190} INFO - [2026-05-18T14:51:19.625+0000] {dag.py:3239} INFO - Sync 1 DAGs
[2026-05-18T14:51:19.637+0000] {logging_mixin.py:190} INFO - [2026-05-18T14:51:19.636+0000] {dag.py:4180} INFO - Setting next_dagrun for example_sensors to None, run_after=None
[2026-05-18T14:51:19.653+0000] {processor.py:208} INFO - Processing /usr/local/python/3.12.1/lib/python3.12/site-packages/airflow/example_dags/example_sensors.py took 0.094 seconds
[2026-05-18T14:52:08.766+0000] {processor.py:186} INFO - Started process (PID=43472) to work on /usr/local/python/3.12.1/lib/python3.12/site-packages/airflow/example_dags/example_sensors.py
[2026-05-18T14:52:08.768+0000] {processor.py:914} INFO - Processing file /usr/local/python/3.12.1/lib/python3.12/site-packages/airflow/example_dags/example_sensors.py for tasks to queue
[2026-05-18T14:52:08.771+0000] {logging_mixin.py:190} INFO - [2026-05-18T14:52:08.770+0000] {dagbag.py:588} INFO - Filling up the DagBag from /usr/local/python/3.12.1/lib/python3.12/site-packages/airflow/example_dags/example_sensors.py
[2026-05-18T14:52:08.788+0000] {processor.py:925} INFO - DAG(s) 'example_sensors' retrieved from /usr/local/python/3.12.1/lib/python3.12/site-packages/airflow/example_dags/example_sensors.py
[2026-05-18T14:52:08.832+0000] {logging_mixin.py:190} INFO - [2026-05-18T14:52:08.832+0000] {dag.py:3239} INFO - Sync 1 DAGs
[2026-05-18T14:52:08.852+0000] {logging_mixin.py:190} INFO - [2026-05-18T14:52:08.852+0000] {dag.py:4180} INFO - Setting next_dagrun for example_sensors to None, run_after=None
[2026-05-18T14:52:08.871+0000] {processor.py:208} INFO - Processing /usr/local/python/3.12.1/lib/python3.12/site-packages/airflow/example_dags/example_sensors.py took 0.113 seconds
[2026-05-18T14:52:56.631+0000] {processor.py:186} INFO - Started process (PID=43892) to work on /usr/local/python/3.12.1/lib/python3.12/site-packages/airflow/example_dags/example_sensors.py
[2026-05-18T14:52:56.631+0000] {processor.py:914} INFO - Processing file /usr/local/python/3.12.1/lib/python3.12/site-packages/airflow/example_dags/example_sensors.py for tasks to queue
[2026-05-18T14:52:56.633+0000] {logging_mixin.py:190} INFO - [2026-05-18T14:52:56.633+0000] {dagbag.py:588} INFO - Filling up the DagBag from /usr/local/python/3.12.1/lib/python3.12/site-packages/airflow/example_dags/example_sensors.py
[2026-05-18T14:52:56.641+0000] {processor.py:925} INFO - DAG(s) 'example_sensors' retrieved from /usr/local/python/3.12.1/lib/python3.12/site-packages/airflow/example_dags/example_sensors.py
[2026-05-18T14:52:56.658+0000] {logging_mixin.py:190} INFO - [2026-05-18T14:52:56.657+0000] {dag.py:3239} INFO - Sync 1 DAGs
[2026-05-18T14:52:56.677+0000] {logging_mixin.py:190} INFO - [2026-05-18T14:52:56.676+0000] {dag.py:4180} INFO - Setting next_dagrun for example_sensors to None, run_after=None
[2026-05-18T14:52:56.718+0000] {processor.py:208} INFO - Processing /usr/local/python/3.12.1/lib/python3.12/site-packages/airflow/example_dags/example_sensors.py took 0.091 seconds
[2026-05-18T14:53:45.592+0000] {processor.py:186} INFO - Started process (PID=44276) to work on /usr/local/python/3.12.1/lib/python3.12/site-packages/airflow/example_dags/example_sensors.py
[2026-05-18T14:53:45.592+0000] {processor.py:914} INFO - Processing file /usr/local/python/3.12.1/lib/python3.12/site-packages/airflow/example_dags/example_sensors.py for tasks to queue
[2026-05-18T14:53:45.594+0000] {logging_mixin.py:190} INFO - [2026-05-18T14:53:45.594+0000] {dagbag.py:588} INFO - Filling up the DagBag from /usr/local/python/3.12.1/lib/python3.12/site-packages/airflow/example_dags/example_sensors.py
[2026-05-18T14:53:45.603+0000] {processor.py:925} INFO - DAG(s) 'example_sensors' retrieved from /usr/local/python/3.12.1/lib/python3.12/site-packages/airflow/example_dags/example_sensors.py
[2026-05-18T14:53:45.620+0000] {logging_mixin.py:190} INFO - [2026-05-18T14:53:45.620+0000] {dag.py:3239} INFO - Sync 1 DAGs
[2026-05-18T14:53:45.629+0000] {logging_mixin.py:190} INFO - [2026-05-18T14:53:45.629+0000] {dag.py:4180} INFO - Setting next_dagrun for example_sensors to None, run_after=None
[2026-05-18T14:53:45.645+0000] {processor.py:208} INFO - Processing /usr/local/python/3.12.1/lib/python3.12/site-packages/airflow/example_dags/example_sensors.py took 0.058 seconds
[2026-05-18T14:54:35.427+0000] {processor.py:186} INFO - Started process (PID=44722) to work on /usr/local/python/3.12.1/lib/python3.12/site-packages/airflow/example_dags/example_sensors.py
[2026-05-18T14:54:35.428+0000] {processor.py:914} INFO - Processing file /usr/local/python/3.12.1/lib/python3.12/site-packages/airflow/example_dags/example_sensors.py for tasks to queue
[2026-05-18T14:54:35.430+0000] {logging_mixin.py:190} INFO - [2026-05-18T14:54:35.429+0000] {dagbag.py:588} INFO - Filling up the DagBag from /usr/local/python/3.12.1/lib/python3.12/site-packages/airflow/example_dags/example_sensors.py
[2026-05-18T14:54:35.438+0000] {processor.py:925} INFO - DAG(s) 'example_sensors' retrieved from /usr/local/python/3.12.1/lib/python3.12/site-packages/airflow/example_dags/example_sensors.py
[2026-05-18T14:54:35.456+0000] {logging_mixin.py:190} INFO - [2026-05-18T14:54:35.456+0000] {dag.py:3239} INFO - Sync 1 DAGs
[2026-05-18T14:54:35.467+0000] {logging_mixin.py:190} INFO - [2026-05-18T14:54:35.467+0000] {dag.py:4180} INFO - Setting next_dagrun for example_sensors to None, run_after=None
[2026-05-18T14:54:35.486+0000] {processor.py:208} INFO - Processing /usr/local/python/3.12.1/lib/python3.12/site-packages/airflow/example_dags/example_sensors.py took 0.063 seconds
[2026-05-18T14:55:26.855+0000] {processor.py:186} INFO - Started process (PID=45179) to work on /usr/local/python/3.12.1/lib/python3.12/site-packages/airflow/example_dags/example_sensors.py
[2026-05-18T14:55:26.856+0000] {processor.py:914} INFO - Processing file /usr/local/python/3.12.1/lib/python3.12/site-packages/airflow/example_dags/example_sensors.py for tasks to queue
[2026-05-18T14:55:26.858+0000] {logging_mixin.py:190} INFO - [2026-05-18T14:55:26.857+0000] {dagbag.py:588} INFO - Filling up the DagBag from /usr/local/python/3.12.1/lib/python3.12/site-packages/airflow/example_dags/example_sensors.py
[2026-05-18T14:55:26.867+0000] {processor.py:925} INFO - DAG(s) 'example_sensors' retrieved from /usr/local/python/3.12.1/lib/python3.12/site-packages/airflow/example_dags/example_sensors.py
[2026-05-18T14:55:26.889+0000] {logging_mixin.py:190} INFO - [2026-05-18T14:55:26.889+0000] {dag.py:3239} INFO - Sync 1 DAGs
[2026-05-18T14:55:26.899+0000] {logging_mixin.py:190} INFO - [2026-05-18T14:55:26.899+0000] {dag.py:4180} INFO - Setting next_dagrun for example_sensors to None, run_after=None
[2026-05-18T14:55:26.917+0000] {processor.py:208} INFO - Processing /usr/local/python/3.12.1/lib/python3.12/site-packages/airflow/example_dags/example_sensors.py took 0.066 seconds
[2026-05-18T14:56:15.135+0000] {processor.py:186} INFO - Started process (PID=45669) to work on /usr/local/python/3.12.1/lib/python3.12/site-packages/airflow/example_dags/example_sensors.py
[2026-05-18T14:56:15.136+0000] {processor.py:914} INFO - Processing file /usr/local/python/3.12.1/lib/python3.12/site-packages/airflow/example_dags/example_sensors.py for tasks to queue
[2026-05-18T14:56:15.140+0000] {logging_mixin.py:190} INFO - [2026-05-18T14:56:15.138+0000] {dagbag.py:588} INFO - Filling up the DagBag from /usr/local/python/3.12.1/lib/python3.12/site-packages/airflow/example_dags/example_sensors.py
[2026-05-18T14:56:15.159+0000] {processor.py:925} INFO - DAG(s) 'example_sensors' retrieved from /usr/local/python/3.12.1/lib/python3.12/site-packages/airflow/example_dags/example_sensors.py
[2026-05-18T14:56:15.193+0000] {logging_mixin.py:190} INFO - [2026-05-18T14:56:15.192+0000] {dag.py:3239} INFO - Sync 1 DAGs
[2026-05-18T14:56:15.247+0000] {logging_mixin.py:190} INFO - [2026-05-18T14:56:15.246+0000] {dag.py:4180} INFO - Setting next_dagrun for example_sensors to None, run_after=None
[2026-05-18T14:56:15.264+0000] {processor.py:208} INFO - Processing /usr/local/python/3.12.1/lib/python3.12/site-packages/airflow/example_dags/example_sensors.py took 0.138 seconds
[2026-05-18T14:57:02.607+0000] {processor.py:186} INFO - Started process (PID=46103) to work on /usr/local/python/3.12.1/lib/python3.12/site-packages/airflow/example_dags/example_sensors.py
[2026-05-18T14:57:02.608+0000] {processor.py:914} INFO - Processing file /usr/local/python/3.12.1/lib/python3.12/site-packages/airflow/example_dags/example_sensors.py for tasks to queue
[2026-05-18T14:57:02.610+0000] {logging_mixin.py:190} INFO - [2026-05-18T14:57:02.610+0000] {dagbag.py:588} INFO - Filling up the DagBag from /usr/local/python/3.12.1/lib/python3.12/site-packages/airflow/example_dags/example_sensors.py
[2026-05-18T14:57:02.622+0000] {processor.py:925} INFO - DAG(s) 'example_sensors' retrieved from /usr/local/python/3.12.1/lib/python3.12/site-packages/airflow/example_dags/example_sensors.py
[2026-05-18T14:57:02.640+0000] {logging_mixin.py:190} INFO - [2026-05-18T14:57:02.640+0000] {dag.py:3239} INFO - Sync 1 DAGs
[2026-05-18T14:57:02.651+0000] {logging_mixin.py:190} INFO - [2026-05-18T14:57:02.650+0000] {dag.py:4180} INFO - Setting next_dagrun for example_sensors to None, run_after=None
[2026-05-18T14:57:02.670+0000] {processor.py:208} INFO - Processing /usr/local/python/3.12.1/lib/python3.12/site-packages/airflow/example_dags/example_sensors.py took 0.066 seconds
[2026-05-18T14:57:52.963+0000] {processor.py:186} INFO - Started process (PID=46551) to work on /usr/local/python/3.12.1/lib/python3.12/site-packages/airflow/example_dags/example_sensors.py
[2026-05-18T14:57:52.964+0000] {processor.py:914} INFO - Processing file /usr/local/python/3.12.1/lib/python3.12/site-packages/airflow/example_dags/example_sensors.py for tasks to queue
[2026-05-18T14:57:52.966+0000] {logging_mixin.py:190} INFO - [2026-05-18T14:57:52.966+0000] {dagbag.py:588} INFO - Filling up the DagBag from /usr/local/python/3.12.1/lib/python3.12/site-packages/airflow/example_dags/example_sensors.py
[2026-05-18T14:57:52.977+0000] {processor.py:925} INFO - DAG(s) 'example_sensors' retrieved from /usr/local/python/3.12.1/lib/python3.12/site-packages/airflow/example_dags/example_sensors.py
[2026-05-18T14:57:52.996+0000] {logging_mixin.py:190} INFO - [2026-05-18T14:57:52.996+0000] {dag.py:3239} INFO - Sync 1 DAGs
[2026-05-18T14:57:53.006+0000] {logging_mixin.py:190} INFO - [2026-05-18T14:57:53.006+0000] {dag.py:4180} INFO - Setting next_dagrun for example_sensors to None, run_after=None
[2026-05-18T14:57:53.023+0000] {processor.py:208} INFO - Processing /usr/local/python/3.12.1/lib/python3.12/site-packages/airflow/example_dags/example_sensors.py took 0.064 seconds
[2026-05-18T14:58:42.897+0000] {processor.py:186} INFO - Started process (PID=46920) to work on /usr/local/python/3.12.1/lib/python3.12/site-packages/airflow/example_dags/example_sensors.py
[2026-05-18T14:58:42.898+0000] {processor.py:914} INFO - Processing file /usr/local/python/3.12.1/lib/python3.12/site-packages/airflow/example_dags/example_sensors.py for tasks to queue
[2026-05-18T14:58:42.900+0000] {logging_mixin.py:190} INFO - [2026-05-18T14:58:42.899+0000] {dagbag.py:588} INFO - Filling up the DagBag from /usr/local/python/3.12.1/lib/python3.12/site-packages/airflow/example_dags/example_sensors.py
[2026-05-18T14:58:42.908+0000] {processor.py:925} INFO - DAG(s) 'example_sensors' retrieved from /usr/local/python/3.12.1/lib/python3.12/site-packages/airflow/example_dags/example_sensors.py
[2026-05-18T14:58:42.926+0000] {logging_mixin.py:190} INFO - [2026-05-18T14:58:42.925+0000] {dag.py:3239} INFO - Sync 1 DAGs
[2026-05-18T14:58:42.935+0000] {logging_mixin.py:190} INFO - [2026-05-18T14:58:42.935+0000] {dag.py:4180} INFO - Setting next_dagrun for example_sensors to None, run_after=None
[2026-05-18T14:58:42.952+0000] {processor.py:208} INFO - Processing /usr/local/python/3.12.1/lib/python3.12/site-packages/airflow/example_dags/example_sensors.py took 0.059 seconds
[2026-05-18T14:59:35.709+0000] {processor.py:186} INFO - Started process (PID=47404) to work on /usr/local/python/3.12.1/lib/python3.12/site-packages/airflow/example_dags/example_sensors.py
[2026-05-18T14:59:35.710+0000] {processor.py:914} INFO - Processing file /usr/local/python/3.12.1/lib/python3.12/site-packages/airflow/example_dags/example_sensors.py for tasks to queue
[2026-05-18T14:59:35.712+0000] {logging_mixin.py:190} INFO - [2026-05-18T14:59:35.711+0000] {dagbag.py:588} INFO - Filling up the DagBag from /usr/local/python/3.12.1/lib/python3.12/site-packages/airflow/example_dags/example_sensors.py
[2026-05-18T14:59:35.720+0000] {processor.py:925} INFO - DAG(s) 'example_sensors' retrieved from /usr/local/python/3.12.1/lib/python3.12/site-packages/airflow/example_dags/example_sensors.py
[2026-05-18T14:59:35.752+0000] {logging_mixin.py:190} INFO - [2026-05-18T14:59:35.752+0000] {dag.py:3239} INFO - Sync 1 DAGs
[2026-05-18T14:59:35.770+0000] {logging_mixin.py:190} INFO - [2026-05-18T14:59:35.770+0000] {dag.py:4180} INFO - Setting next_dagrun for example_sensors to None, run_after=None
[2026-05-18T14:59:35.833+0000] {processor.py:208} INFO - Processing /usr/local/python/3.12.1/lib/python3.12/site-packages/airflow/example_dags/example_sensors.py took 0.128 seconds
[2026-05-18T15:00:26.968+0000] {processor.py:186} INFO - Started process (PID=47857) to work on /usr/local/python/3.12.1/lib/python3.12/site-packages/airflow/example_dags/example_sensors.py
[2026-05-18T15:00:26.968+0000] {processor.py:914} INFO - Processing file /usr/local/python/3.12.1/lib/python3.12/site-packages/airflow/example_dags/example_sensors.py for tasks to queue
[2026-05-18T15:00:26.970+0000] {logging_mixin.py:190} INFO - [2026-05-18T15:00:26.970+0000] {dagbag.py:588} INFO - Filling up the DagBag from /usr/local/python/3.12.1/lib/python3.12/site-packages/airflow/example_dags/example_sensors.py
[2026-05-18T15:00:26.981+0000] {processor.py:925} INFO - DAG(s) 'example_sensors' retrieved from /usr/local/python/3.12.1/lib/python3.12/site-packages/airflow/example_dags/example_sensors.py
[2026-05-18T15:00:26.999+0000] {logging_mixin.py:190} INFO - [2026-05-18T15:00:26.999+0000] {dag.py:3239} INFO - Sync 1 DAGs
[2026-05-18T15:00:27.008+0000] {logging_mixin.py:190} INFO - [2026-05-18T15:00:27.008+0000] {dag.py:4180} INFO - Setting next_dagrun for example_sensors to None, run_after=None
[2026-05-18T15:00:27.025+0000] {processor.py:208} INFO - Processing /usr/local/python/3.12.1/lib/python3.12/site-packages/airflow/example_dags/example_sensors.py took 0.063 seconds
[2026-05-18T15:01:16.108+0000] {processor.py:186} INFO - Started process (PID=48355) to work on /usr/local/python/3.12.1/lib/python3.12/site-packages/airflow/example_dags/example_sensors.py
[2026-05-18T15:01:16.109+0000] {processor.py:914} INFO - Processing file /usr/local/python/3.12.1/lib/python3.12/site-packages/airflow/example_dags/example_sensors.py for tasks to queue
[2026-05-18T15:01:16.111+0000] {logging_mixin.py:190} INFO - [2026-05-18T15:01:16.111+0000] {dagbag.py:588} INFO - Filling up the DagBag from /usr/local/python/3.12.1/lib/python3.12/site-packages/airflow/example_dags/example_sensors.py
[2026-05-18T15:01:16.130+0000] {processor.py:925} INFO - DAG(s) 'example_sensors' retrieved from /usr/local/python/3.12.1/lib/python3.12/site-packages/airflow/example_dags/example_sensors.py
[2026-05-18T15:01:16.162+0000] {logging_mixin.py:190} INFO - [2026-05-18T15:01:16.162+0000] {dag.py:3239} INFO - Sync 1 DAGs
[2026-05-18T15:01:16.182+0000] {logging_mixin.py:190} INFO - [2026-05-18T15:01:16.182+0000] {dag.py:4180} INFO - Setting next_dagrun for example_sensors to None, run_after=None
[2026-05-18T15:01:16.210+0000] {processor.py:208} INFO - Processing /usr/local/python/3.12.1/lib/python3.12/site-packages/airflow/example_dags/example_sensors.py took 0.111 seconds
[2026-05-18T15:02:07.326+0000] {processor.py:186} INFO - Started process (PID=48820) to work on /usr/local/python/3.12.1/lib/python3.12/site-packages/airflow/example_dags/example_sensors.py
[2026-05-18T15:02:07.327+0000] {processor.py:914} INFO - Processing file /usr/local/python/3.12.1/lib/python3.12/site-packages/airflow/example_dags/example_sensors.py for tasks to queue
[2026-05-18T15:02:07.328+0000] {logging_mixin.py:190} INFO - [2026-05-18T15:02:07.328+0000] {dagbag.py:588} INFO - Filling up the DagBag from /usr/local/python/3.12.1/lib/python3.12/site-packages/airflow/example_dags/example_sensors.py
[2026-05-18T15:02:07.336+0000] {processor.py:925} INFO - DAG(s) 'example_sensors' retrieved from /usr/local/python/3.12.1/lib/python3.12/site-packages/airflow/example_dags/example_sensors.py
[2026-05-18T15:02:07.353+0000] {logging_mixin.py:190} INFO - [2026-05-18T15:02:07.352+0000] {dag.py:3239} INFO - Sync 1 DAGs
[2026-05-18T15:02:07.362+0000] {logging_mixin.py:190} INFO - [2026-05-18T15:02:07.362+0000] {dag.py:4180} INFO - Setting next_dagrun for example_sensors to None, run_after=None
[2026-05-18T15:02:07.381+0000] {processor.py:208} INFO - Processing /usr/local/python/3.12.1/lib/python3.12/site-packages/airflow/example_dags/example_sensors.py took 0.059 seconds
[2026-05-18T15:02:57.712+0000] {processor.py:186} INFO - Started process (PID=49287) to work on /usr/local/python/3.12.1/lib/python3.12/site-packages/airflow/example_dags/example_sensors.py
[2026-05-18T15:02:57.713+0000] {processor.py:914} INFO - Processing file /usr/local/python/3.12.1/lib/python3.12/site-packages/airflow/example_dags/example_sensors.py for tasks to queue
[2026-05-18T15:02:57.716+0000] {logging_mixin.py:190} INFO - [2026-05-18T15:02:57.715+0000] {dagbag.py:588} INFO - Filling up the DagBag from /usr/local/python/3.12.1/lib/python3.12/site-packages/airflow/example_dags/example_sensors.py
[2026-05-18T15:02:57.740+0000] {processor.py:925} INFO - DAG(s) 'example_sensors' retrieved from /usr/local/python/3.12.1/lib/python3.12/site-packages/airflow/example_dags/example_sensors.py
[2026-05-18T15:02:57.772+0000] {logging_mixin.py:190} INFO - [2026-05-18T15:02:57.771+0000] {dag.py:3239} INFO - Sync 1 DAGs
[2026-05-18T15:02:57.787+0000] {logging_mixin.py:190} INFO - [2026-05-18T15:02:57.786+0000] {dag.py:4180} INFO - Setting next_dagrun for example_sensors to None, run_after=None
[2026-05-18T15:02:57.808+0000] {processor.py:208} INFO - Processing /usr/local/python/3.12.1/lib/python3.12/site-packages/airflow/example_dags/example_sensors.py took 0.106 seconds
[2026-05-18T15:03:50.417+0000] {processor.py:186} INFO - Started process (PID=49759) to work on /usr/local/python/3.12.1/lib/python3.12/site-packages/airflow/example_dags/example_sensors.py
[2026-05-18T15:03:50.420+0000] {processor.py:914} INFO - Processing file /usr/local/python/3.12.1/lib/python3.12/site-packages/airflow/example_dags/example_sensors.py for tasks to queue
[2026-05-18T15:03:50.424+0000] {logging_mixin.py:190} INFO - [2026-05-18T15:03:50.423+0000] {dagbag.py:588} INFO - Filling up the DagBag from /usr/local/python/3.12.1/lib/python3.12/site-packages/airflow/example_dags/example_sensors.py
[2026-05-18T15:03:50.464+0000] {processor.py:925} INFO - DAG(s) 'example_sensors' retrieved from /usr/local/python/3.12.1/lib/python3.12/site-packages/airflow/example_dags/example_sensors.py
[2026-05-18T15:03:50.534+0000] {logging_mixin.py:190} INFO - [2026-05-18T15:03:50.533+0000] {dag.py:3239} INFO - Sync 1 DAGs
[2026-05-18T15:03:50.570+0000] {logging_mixin.py:190} INFO - [2026-05-18T15:03:50.570+0000] {dag.py:4180} INFO - Setting next_dagrun for example_sensors to None, run_after=None
[2026-05-18T15:03:50.632+0000] {processor.py:208} INFO - Processing /usr/local/python/3.12.1/lib/python3.12/site-packages/airflow/example_dags/example_sensors.py took 0.223 seconds
[2026-05-18T15:04:54.495+0000] {processor.py:186} INFO - Started process (PID=50663) to work on /usr/local/python/3.12.1/lib/python3.12/site-packages/airflow/example_dags/example_sensors.py
[2026-05-18T15:04:54.496+0000] {processor.py:914} INFO - Processing file /usr/local/python/3.12.1/lib/python3.12/site-packages/airflow/example_dags/example_sensors.py for tasks to queue
[2026-05-18T15:04:54.497+0000] {logging_mixin.py:190} INFO - [2026-05-18T15:04:54.497+0000] {dagbag.py:588} INFO - Filling up the DagBag from /usr/local/python/3.12.1/lib/python3.12/site-packages/airflow/example_dags/example_sensors.py
[2026-05-18T15:04:54.506+0000] {processor.py:925} INFO - DAG(s) 'example_sensors' retrieved from /usr/local/python/3.12.1/lib/python3.12/site-packages/airflow/example_dags/example_sensors.py
[2026-05-18T15:04:54.526+0000] {logging_mixin.py:190} INFO - [2026-05-18T15:04:54.526+0000] {dag.py:3239} INFO - Sync 1 DAGs
[2026-05-18T15:04:54.536+0000] {logging_mixin.py:190} INFO - [2026-05-18T15:04:54.536+0000] {dag.py:4180} INFO - Setting next_dagrun for example_sensors to None, run_after=None
[2026-05-18T15:04:54.555+0000] {processor.py:208} INFO - Processing /usr/local/python/3.12.1/lib/python3.12/site-packages/airflow/example_dags/example_sensors.py took 0.065 seconds
[2026-05-18T15:05:50.941+0000] {processor.py:186} INFO - Started process (PID=51423) to work on /usr/local/python/3.12.1/lib/python3.12/site-packages/airflow/example_dags/example_sensors.py
[2026-05-18T15:05:50.942+0000] {processor.py:914} INFO - Processing file /usr/local/python/3.12.1/lib/python3.12/site-packages/airflow/example_dags/example_sensors.py for tasks to queue
[2026-05-18T15:05:50.944+0000] {logging_mixin.py:190} INFO - [2026-05-18T15:05:50.943+0000] {dagbag.py:588} INFO - Filling up the DagBag from /usr/local/python/3.12.1/lib/python3.12/site-packages/airflow/example_dags/example_sensors.py
[2026-05-18T15:05:50.952+0000] {processor.py:925} INFO - DAG(s) 'example_sensors' retrieved from /usr/local/python/3.12.1/lib/python3.12/site-packages/airflow/example_dags/example_sensors.py
[2026-05-18T15:05:50.972+0000] {logging_mixin.py:190} INFO - [2026-05-18T15:05:50.971+0000] {dag.py:3239} INFO - Sync 1 DAGs
[2026-05-18T15:05:50.985+0000] {logging_mixin.py:190} INFO - [2026-05-18T15:05:50.985+0000] {dag.py:4180} INFO - Setting next_dagrun for example_sensors to None, run_after=None
[2026-05-18T15:05:51.002+0000] {processor.py:208} INFO - Processing /usr/local/python/3.12.1/lib/python3.12/site-packages/airflow/example_dags/example_sensors.py took 0.065 seconds
[2026-05-18T15:06:46.396+0000] {processor.py:186} INFO - Started process (PID=51949) to work on /usr/local/python/3.12.1/lib/python3.12/site-packages/airflow/example_dags/example_sensors.py
[2026-05-18T15:06:46.396+0000] {processor.py:914} INFO - Processing file /usr/local/python/3.12.1/lib/python3.12/site-packages/airflow/example_dags/example_sensors.py for tasks to queue
[2026-05-18T15:06:46.398+0000] {logging_mixin.py:190} INFO - [2026-05-18T15:06:46.398+0000] {dagbag.py:588} INFO - Filling up the DagBag from /usr/local/python/3.12.1/lib/python3.12/site-packages/airflow/example_dags/example_sensors.py
[2026-05-18T15:06:46.407+0000] {processor.py:925} INFO - DAG(s) 'example_sensors' retrieved from /usr/local/python/3.12.1/lib/python3.12/site-packages/airflow/example_dags/example_sensors.py
[2026-05-18T15:06:46.424+0000] {logging_mixin.py:190} INFO - [2026-05-18T15:06:46.424+0000] {dag.py:3239} INFO - Sync 1 DAGs
[2026-05-18T15:06:46.436+0000] {logging_mixin.py:190} INFO - [2026-05-18T15:06:46.436+0000] {dag.py:4180} INFO - Setting next_dagrun for example_sensors to None, run_after=None
[2026-05-18T15:06:46.454+0000] {processor.py:208} INFO - Processing /usr/local/python/3.12.1/lib/python3.12/site-packages/airflow/example_dags/example_sensors.py took 0.063 seconds
[2026-05-18T15:07:38.343+0000] {processor.py:186} INFO - Started process (PID=52444) to work on /usr/local/python/3.12.1/lib/python3.12/site-packages/airflow/example_dags/example_sensors.py
[2026-05-18T15:07:38.343+0000] {processor.py:914} INFO - Processing file /usr/local/python/3.12.1/lib/python3.12/site-packages/airflow/example_dags/example_sensors.py for tasks to queue
[2026-05-18T15:07:38.345+0000] {logging_mixin.py:190} INFO - [2026-05-18T15:07:38.345+0000] {dagbag.py:588} INFO - Filling up the DagBag from /usr/local/python/3.12.1/lib/python3.12/site-packages/airflow/example_dags/example_sensors.py
[2026-05-18T15:07:38.353+0000] {processor.py:925} INFO - DAG(s) 'example_sensors' retrieved from /usr/local/python/3.12.1/lib/python3.12/site-packages/airflow/example_dags/example_sensors.py
[2026-05-18T15:07:38.385+0000] {logging_mixin.py:190} INFO - [2026-05-18T15:07:38.384+0000] {dag.py:3239} INFO - Sync 1 DAGs
[2026-05-18T15:07:38.397+0000] {logging_mixin.py:190} INFO - [2026-05-18T15:07:38.396+0000] {dag.py:4180} INFO - Setting next_dagrun for example_sensors to None, run_after=None
[2026-05-18T15:07:38.413+0000] {processor.py:208} INFO - Processing /usr/local/python/3.12.1/lib/python3.12/site-packages/airflow/example_dags/example_sensors.py took 0.074 seconds
[2026-05-18T15:08:29.364+0000] {processor.py:186} INFO - Started process (PID=52903) to work on /usr/local/python/3.12.1/lib/python3.12/site-packages/airflow/example_dags/example_sensors.py
[2026-05-18T15:08:29.368+0000] {processor.py:914} INFO - Processing file /usr/local/python/3.12.1/lib/python3.12/site-packages/airflow/example_dags/example_sensors.py for tasks to queue
[2026-05-18T15:08:29.373+0000] {logging_mixin.py:190} INFO - [2026-05-18T15:08:29.372+0000] {dagbag.py:588} INFO - Filling up the DagBag from /usr/local/python/3.12.1/lib/python3.12/site-packages/airflow/example_dags/example_sensors.py
[2026-05-18T15:08:29.395+0000] {processor.py:925} INFO - DAG(s) 'example_sensors' retrieved from /usr/local/python/3.12.1/lib/python3.12/site-packages/airflow/example_dags/example_sensors.py
[2026-05-18T15:08:29.449+0000] {logging_mixin.py:190} INFO - [2026-05-18T15:08:29.449+0000] {dag.py:3239} INFO - Sync 1 DAGs
[2026-05-18T15:08:29.461+0000] {logging_mixin.py:190} INFO - [2026-05-18T15:08:29.461+0000] {dag.py:4180} INFO - Setting next_dagrun for example_sensors to None, run_after=None
[2026-05-18T15:08:29.483+0000] {processor.py:208} INFO - Processing /usr/local/python/3.12.1/lib/python3.12/site-packages/airflow/example_dags/example_sensors.py took 0.126 seconds
[2026-05-18T15:09:18.876+0000] {processor.py:186} INFO - Started process (PID=53337) to work on /usr/local/python/3.12.1/lib/python3.12/site-packages/airflow/example_dags/example_sensors.py
[2026-05-18T15:09:18.877+0000] {processor.py:914} INFO - Processing file /usr/local/python/3.12.1/lib/python3.12/site-packages/airflow/example_dags/example_sensors.py for tasks to queue
[2026-05-18T15:09:18.879+0000] {logging_mixin.py:190} INFO - [2026-05-18T15:09:18.878+0000] {dagbag.py:588} INFO - Filling up the DagBag from /usr/local/python/3.12.1/lib/python3.12/site-packages/airflow/example_dags/example_sensors.py
[2026-05-18T15:09:18.887+0000] {processor.py:925} INFO - DAG(s) 'example_sensors' retrieved from /usr/local/python/3.12.1/lib/python3.12/site-packages/airflow/example_dags/example_sensors.py
[2026-05-18T15:09:18.904+0000] {logging_mixin.py:190} INFO - [2026-05-18T15:09:18.904+0000] {dag.py:3239} INFO - Sync 1 DAGs
[2026-05-18T15:09:18.914+0000] {logging_mixin.py:190} INFO - [2026-05-18T15:09:18.914+0000] {dag.py:4180} INFO - Setting next_dagrun for example_sensors to None, run_after=None
[2026-05-18T15:09:18.931+0000] {processor.py:208} INFO - Processing /usr/local/python/3.12.1/lib/python3.12/site-packages/airflow/example_dags/example_sensors.py took 0.059 seconds
[2026-05-18T15:10:10.478+0000] {processor.py:186} INFO - Started process (PID=53852) to work on /usr/local/python/3.12.1/lib/python3.12/site-packages/airflow/example_dags/example_sensors.py
[2026-05-18T15:10:10.479+0000] {processor.py:914} INFO - Processing file /usr/local/python/3.12.1/lib/python3.12/site-packages/airflow/example_dags/example_sensors.py for tasks to queue
[2026-05-18T15:10:10.481+0000] {logging_mixin.py:190} INFO - [2026-05-18T15:10:10.481+0000] {dagbag.py:588} INFO - Filling up the DagBag from /usr/local/python/3.12.1/lib/python3.12/site-packages/airflow/example_dags/example_sensors.py
[2026-05-18T15:10:10.491+0000] {processor.py:925} INFO - DAG(s) 'example_sensors' retrieved from /usr/local/python/3.12.1/lib/python3.12/site-packages/airflow/example_dags/example_sensors.py
[2026-05-18T15:10:10.508+0000] {logging_mixin.py:190} INFO - [2026-05-18T15:10:10.508+0000] {dag.py:3239} INFO - Sync 1 DAGs
[2026-05-18T15:10:10.518+0000] {logging_mixin.py:190} INFO - [2026-05-18T15:10:10.518+0000] {dag.py:4180} INFO - Setting next_dagrun for example_sensors to None, run_after=None
[2026-05-18T15:10:10.536+0000] {processor.py:208} INFO - Processing /usr/local/python/3.12.1/lib/python3.12/site-packages/airflow/example_dags/example_sensors.py took 0.063 seconds
[2026-05-18T15:11:00.887+0000] {processor.py:186} INFO - Started process (PID=54307) to work on /usr/local/python/3.12.1/lib/python3.12/site-packages/airflow/example_dags/example_sensors.py
[2026-05-18T15:11:00.888+0000] {processor.py:914} INFO - Processing file /usr/local/python/3.12.1/lib/python3.12/site-packages/airflow/example_dags/example_sensors.py for tasks to queue
[2026-05-18T15:11:00.890+0000] {logging_mixin.py:190} INFO - [2026-05-18T15:11:00.889+0000] {dagbag.py:588} INFO - Filling up the DagBag from /usr/local/python/3.12.1/lib/python3.12/site-packages/airflow/example_dags/example_sensors.py
[2026-05-18T15:11:00.900+0000] {processor.py:925} INFO - DAG(s) 'example_sensors' retrieved from /usr/local/python/3.12.1/lib/python3.12/site-packages/airflow/example_dags/example_sensors.py
[2026-05-18T15:11:00.919+0000] {logging_mixin.py:190} INFO - [2026-05-18T15:11:00.919+0000] {dag.py:3239} INFO - Sync 1 DAGs
[2026-05-18T15:11:00.930+0000] {logging_mixin.py:190} INFO - [2026-05-18T15:11:00.929+0000] {dag.py:4180} INFO - Setting next_dagrun for example_sensors to None, run_after=None
[2026-05-18T15:11:00.947+0000] {processor.py:208} INFO - Processing /usr/local/python/3.12.1/lib/python3.12/site-packages/airflow/example_dags/example_sensors.py took 0.065 seconds
[2026-05-18T15:20:34.994+0000] {processor.py:186} INFO - Started process (PID=61438) to work on /usr/local/python/3.12.1/lib/python3.12/site-packages/airflow/example_dags/example_sensors.py
[2026-05-18T15:20:34.994+0000] {processor.py:914} INFO - Processing file /usr/local/python/3.12.1/lib/python3.12/site-packages/airflow/example_dags/example_sensors.py for tasks to queue
[2026-05-18T15:20:34.996+0000] {logging_mixin.py:190} INFO - [2026-05-18T15:20:34.996+0000] {dagbag.py:588} INFO - Filling up the DagBag from /usr/local/python/3.12.1/lib/python3.12/site-packages/airflow/example_dags/example_sensors.py
[2026-05-18T15:20:35.007+0000] {processor.py:925} INFO - DAG(s) 'example_sensors' retrieved from /usr/local/python/3.12.1/lib/python3.12/site-packages/airflow/example_dags/example_sensors.py
[2026-05-18T15:20:35.117+0000] {logging_mixin.py:190} INFO - [2026-05-18T15:20:35.117+0000] {dag.py:3239} INFO - Sync 1 DAGs
[2026-05-18T15:20:35.126+0000] {logging_mixin.py:190} INFO - [2026-05-18T15:20:35.126+0000] {dag.py:4180} INFO - Setting next_dagrun for example_sensors to None, run_after=None
[2026-05-18T15:20:35.146+0000] {processor.py:208} INFO - Processing /usr/local/python/3.12.1/lib/python3.12/site-packages/airflow/example_dags/example_sensors.py took 0.157 seconds
[2026-05-18T15:21:41.863+0000] {processor.py:186} INFO - Started process (PID=62054) to work on /usr/local/python/3.12.1/lib/python3.12/site-packages/airflow/example_dags/example_sensors.py
[2026-05-18T15:21:41.864+0000] {processor.py:914} INFO - Processing file /usr/local/python/3.12.1/lib/python3.12/site-packages/airflow/example_dags/example_sensors.py for tasks to queue
[2026-05-18T15:21:41.866+0000] {logging_mixin.py:190} INFO - [2026-05-18T15:21:41.865+0000] {dagbag.py:588} INFO - Filling up the DagBag from /usr/local/python/3.12.1/lib/python3.12/site-packages/airflow/example_dags/example_sensors.py
[2026-05-18T15:21:41.877+0000] {processor.py:925} INFO - DAG(s) 'example_sensors' retrieved from /usr/local/python/3.12.1/lib/python3.12/site-packages/airflow/example_dags/example_sensors.py
[2026-05-18T15:21:41.897+0000] {logging_mixin.py:190} INFO - [2026-05-18T15:21:41.897+0000] {dag.py:3239} INFO - Sync 1 DAGs
[2026-05-18T15:21:41.907+0000] {logging_mixin.py:190} INFO - [2026-05-18T15:21:41.907+0000] {dag.py:4180} INFO - Setting next_dagrun for example_sensors to None, run_after=None
[2026-05-18T15:21:41.923+0000] {processor.py:208} INFO - Processing /usr/local/python/3.12.1/lib/python3.12/site-packages/airflow/example_dags/example_sensors.py took 0.065 seconds
[2026-05-18T15:22:43.574+0000] {processor.py:186} INFO - Started process (PID=62667) to work on /usr/local/python/3.12.1/lib/python3.12/site-packages/airflow/example_dags/example_sensors.py
[2026-05-18T15:22:43.575+0000] {processor.py:914} INFO - Processing file /usr/local/python/3.12.1/lib/python3.12/site-packages/airflow/example_dags/example_sensors.py for tasks to queue
[2026-05-18T15:22:43.577+0000] {logging_mixin.py:190} INFO - [2026-05-18T15:22:43.576+0000] {dagbag.py:588} INFO - Filling up the DagBag from /usr/local/python/3.12.1/lib/python3.12/site-packages/airflow/example_dags/example_sensors.py
[2026-05-18T15:22:43.588+0000] {processor.py:925} INFO - DAG(s) 'example_sensors' retrieved from /usr/local/python/3.12.1/lib/python3.12/site-packages/airflow/example_dags/example_sensors.py
[2026-05-18T15:22:43.606+0000] {logging_mixin.py:190} INFO - [2026-05-18T15:22:43.605+0000] {dag.py:3239} INFO - Sync 1 DAGs
[2026-05-18T15:22:43.616+0000] {logging_mixin.py:190} INFO - [2026-05-18T15:22:43.616+0000] {dag.py:4180} INFO - Setting next_dagrun for example_sensors to None, run_after=None
[2026-05-18T15:22:43.633+0000] {processor.py:208} INFO - Processing /usr/local/python/3.12.1/lib/python3.12/site-packages/airflow/example_dags/example_sensors.py took 0.064 seconds
[2026-05-18T15:23:50.839+0000] {processor.py:186} INFO - Started process (PID=63367) to work on /usr/local/python/3.12.1/lib/python3.12/site-packages/airflow/example_dags/example_sensors.py
[2026-05-18T15:23:50.840+0000] {processor.py:914} INFO - Processing file /usr/local/python/3.12.1/lib/python3.12/site-packages/airflow/example_dags/example_sensors.py for tasks to queue
[2026-05-18T15:23:50.841+0000] {logging_mixin.py:190} INFO - [2026-05-18T15:23:50.841+0000] {dagbag.py:588} INFO - Filling up the DagBag from /usr/local/python/3.12.1/lib/python3.12/site-packages/airflow/example_dags/example_sensors.py
[2026-05-18T15:23:50.850+0000] {processor.py:925} INFO - DAG(s) 'example_sensors' retrieved from /usr/local/python/3.12.1/lib/python3.12/site-packages/airflow/example_dags/example_sensors.py
[2026-05-18T15:23:50.869+0000] {logging_mixin.py:190} INFO - [2026-05-18T15:23:50.869+0000] {dag.py:3239} INFO - Sync 1 DAGs
[2026-05-18T15:23:50.883+0000] {logging_mixin.py:190} INFO - [2026-05-18T15:23:50.883+0000] {dag.py:4180} INFO - Setting next_dagrun for example_sensors to None, run_after=None
[2026-05-18T15:23:50.903+0000] {processor.py:208} INFO - Processing /usr/local/python/3.12.1/lib/python3.12/site-packages/airflow/example_dags/example_sensors.py took 0.070 seconds
[2026-05-18T15:24:58.384+0000] {processor.py:186} INFO - Started process (PID=64122) to work on /usr/local/python/3.12.1/lib/python3.12/site-packages/airflow/example_dags/example_sensors.py
[2026-05-18T15:24:58.385+0000] {processor.py:914} INFO - Processing file /usr/local/python/3.12.1/lib/python3.12/site-packages/airflow/example_dags/example_sensors.py for tasks to queue
[2026-05-18T15:24:58.386+0000] {logging_mixin.py:190} INFO - [2026-05-18T15:24:58.386+0000] {dagbag.py:588} INFO - Filling up the DagBag from /usr/local/python/3.12.1/lib/python3.12/site-packages/airflow/example_dags/example_sensors.py
[2026-05-18T15:24:58.395+0000] {processor.py:925} INFO - DAG(s) 'example_sensors' retrieved from /usr/local/python/3.12.1/lib/python3.12/site-packages/airflow/example_dags/example_sensors.py
[2026-05-18T15:24:58.412+0000] {logging_mixin.py:190} INFO - [2026-05-18T15:24:58.411+0000] {dag.py:3239} INFO - Sync 1 DAGs
[2026-05-18T15:24:58.421+0000] {logging_mixin.py:190} INFO - [2026-05-18T15:24:58.421+0000] {dag.py:4180} INFO - Setting next_dagrun for example_sensors to None, run_after=None
[2026-05-18T15:24:58.438+0000] {processor.py:208} INFO - Processing /usr/local/python/3.12.1/lib/python3.12/site-packages/airflow/example_dags/example_sensors.py took 0.060 seconds
[2026-05-18T15:26:01.686+0000] {processor.py:186} INFO - Started process (PID=64838) to work on /usr/local/python/3.12.1/lib/python3.12/site-packages/airflow/example_dags/example_sensors.py
[2026-05-18T15:26:01.688+0000] {processor.py:914} INFO - Processing file /usr/local/python/3.12.1/lib/python3.12/site-packages/airflow/example_dags/example_sensors.py for tasks to queue
[2026-05-18T15:26:01.691+0000] {logging_mixin.py:190} INFO - [2026-05-18T15:26:01.691+0000] {dagbag.py:588} INFO - Filling up the DagBag from /usr/local/python/3.12.1/lib/python3.12/site-packages/airflow/example_dags/example_sensors.py
[2026-05-18T15:26:01.712+0000] {processor.py:925} INFO - DAG(s) 'example_sensors' retrieved from /usr/local/python/3.12.1/lib/python3.12/site-packages/airflow/example_dags/example_sensors.py
[2026-05-18T15:26:01.744+0000] {logging_mixin.py:190} INFO - [2026-05-18T15:26:01.744+0000] {dag.py:3239} INFO - Sync 1 DAGs
[2026-05-18T15:26:01.757+0000] {logging_mixin.py:190} INFO - [2026-05-18T15:26:01.757+0000] {dag.py:4180} INFO - Setting next_dagrun for example_sensors to None, run_after=None
[2026-05-18T15:26:01.780+0000] {processor.py:208} INFO - Processing /usr/local/python/3.12.1/lib/python3.12/site-packages/airflow/example_dags/example_sensors.py took 0.103 seconds
[2026-05-18T15:27:08.055+0000] {processor.py:186} INFO - Started process (PID=65524) to work on /usr/local/python/3.12.1/lib/python3.12/site-packages/airflow/example_dags/example_sensors.py
[2026-05-18T15:27:08.056+0000] {processor.py:914} INFO - Processing file /usr/local/python/3.12.1/lib/python3.12/site-packages/airflow/example_dags/example_sensors.py for tasks to queue
[2026-05-18T15:27:08.058+0000] {logging_mixin.py:190} INFO - [2026-05-18T15:27:08.058+0000] {dagbag.py:588} INFO - Filling up the DagBag from /usr/local/python/3.12.1/lib/python3.12/site-packages/airflow/example_dags/example_sensors.py
[2026-05-18T15:27:08.073+0000] {processor.py:925} INFO - DAG(s) 'example_sensors' retrieved from /usr/local/python/3.12.1/lib/python3.12/site-packages/airflow/example_dags/example_sensors.py
[2026-05-18T15:27:08.100+0000] {logging_mixin.py:190} INFO - [2026-05-18T15:27:08.100+0000] {dag.py:3239} INFO - Sync 1 DAGs
[2026-05-18T15:27:08.116+0000] {logging_mixin.py:190} INFO - [2026-05-18T15:27:08.116+0000] {dag.py:4180} INFO - Setting next_dagrun for example_sensors to None, run_after=None
[2026-05-18T15:27:08.136+0000] {processor.py:208} INFO - Processing /usr/local/python/3.12.1/lib/python3.12/site-packages/airflow/example_dags/example_sensors.py took 0.087 seconds
[2026-05-18T15:28:14.752+0000] {processor.py:186} INFO - Started process (PID=66221) to work on /usr/local/python/3.12.1/lib/python3.12/site-packages/airflow/example_dags/example_sensors.py
[2026-05-18T15:28:14.752+0000] {processor.py:914} INFO - Processing file /usr/local/python/3.12.1/lib/python3.12/site-packages/airflow/example_dags/example_sensors.py for tasks to queue
[2026-05-18T15:28:14.754+0000] {logging_mixin.py:190} INFO - [2026-05-18T15:28:14.754+0000] {dagbag.py:588} INFO - Filling up the DagBag from /usr/local/python/3.12.1/lib/python3.12/site-packages/airflow/example_dags/example_sensors.py
[2026-05-18T15:28:14.763+0000] {processor.py:925} INFO - DAG(s) 'example_sensors' retrieved from /usr/local/python/3.12.1/lib/python3.12/site-packages/airflow/example_dags/example_sensors.py
[2026-05-18T15:28:14.786+0000] {logging_mixin.py:190} INFO - [2026-05-18T15:28:14.786+0000] {dag.py:3239} INFO - Sync 1 DAGs
[2026-05-18T15:28:14.800+0000] {logging_mixin.py:190} INFO - [2026-05-18T15:28:14.800+0000] {dag.py:4180} INFO - Setting next_dagrun for example_sensors to None, run_after=None
[2026-05-18T15:28:14.819+0000] {processor.py:208} INFO - Processing /usr/local/python/3.12.1/lib/python3.12/site-packages/airflow/example_dags/example_sensors.py took 0.071 seconds
[2026-05-18T15:29:16.856+0000] {processor.py:186} INFO - Started process (PID=66822) to work on /usr/local/python/3.12.1/lib/python3.12/site-packages/airflow/example_dags/example_sensors.py
[2026-05-18T15:29:16.857+0000] {processor.py:914} INFO - Processing file /usr/local/python/3.12.1/lib/python3.12/site-packages/airflow/example_dags/example_sensors.py for tasks to queue
[2026-05-18T15:29:16.859+0000] {logging_mixin.py:190} INFO - [2026-05-18T15:29:16.858+0000] {dagbag.py:588} INFO - Filling up the DagBag from /usr/local/python/3.12.1/lib/python3.12/site-packages/airflow/example_dags/example_sensors.py
[2026-05-18T15:29:16.869+0000] {processor.py:925} INFO - DAG(s) 'example_sensors' retrieved from /usr/local/python/3.12.1/lib/python3.12/site-packages/airflow/example_dags/example_sensors.py
[2026-05-18T15:29:16.890+0000] {logging_mixin.py:190} INFO - [2026-05-18T15:29:16.890+0000] {dag.py:3239} INFO - Sync 1 DAGs
[2026-05-18T15:29:16.900+0000] {logging_mixin.py:190} INFO - [2026-05-18T15:29:16.900+0000] {dag.py:4180} INFO - Setting next_dagrun for example_sensors to None, run_after=None
[2026-05-18T15:29:16.917+0000] {processor.py:208} INFO - Processing /usr/local/python/3.12.1/lib/python3.12/site-packages/airflow/example_dags/example_sensors.py took 0.065 seconds
[2026-05-18T15:30:21.149+0000] {processor.py:186} INFO - Started process (PID=67489) to work on /usr/local/python/3.12.1/lib/python3.12/site-packages/airflow/example_dags/example_sensors.py
[2026-05-18T15:30:21.150+0000] {processor.py:914} INFO - Processing file /usr/local/python/3.12.1/lib/python3.12/site-packages/airflow/example_dags/example_sensors.py for tasks to queue
[2026-05-18T15:30:21.152+0000] {logging_mixin.py:190} INFO - [2026-05-18T15:30:21.151+0000] {dagbag.py:588} INFO - Filling up the DagBag from /usr/local/python/3.12.1/lib/python3.12/site-packages/airflow/example_dags/example_sensors.py
[2026-05-18T15:30:21.163+0000] {processor.py:925} INFO - DAG(s) 'example_sensors' retrieved from /usr/local/python/3.12.1/lib/python3.12/site-packages/airflow/example_dags/example_sensors.py
[2026-05-18T15:30:21.195+0000] {logging_mixin.py:190} INFO - [2026-05-18T15:30:21.194+0000] {dag.py:3239} INFO - Sync 1 DAGs
[2026-05-18T15:30:21.214+0000] {logging_mixin.py:190} INFO - [2026-05-18T15:30:21.214+0000] {dag.py:4180} INFO - Setting next_dagrun for example_sensors to None, run_after=None
[2026-05-18T15:30:21.246+0000] {processor.py:208} INFO - Processing /usr/local/python/3.12.1/lib/python3.12/site-packages/airflow/example_dags/example_sensors.py took 0.100 seconds
[2026-05-18T15:31:24.141+0000] {processor.py:186} INFO - Started process (PID=68175) to work on /usr/local/python/3.12.1/lib/python3.12/site-packages/airflow/example_dags/example_sensors.py
[2026-05-18T15:31:24.142+0000] {processor.py:914} INFO - Processing file /usr/local/python/3.12.1/lib/python3.12/site-packages/airflow/example_dags/example_sensors.py for tasks to queue
[2026-05-18T15:31:24.144+0000] {logging_mixin.py:190} INFO - [2026-05-18T15:31:24.143+0000] {dagbag.py:588} INFO - Filling up the DagBag from /usr/local/python/3.12.1/lib/python3.12/site-packages/airflow/example_dags/example_sensors.py
[2026-05-18T15:31:24.152+0000] {processor.py:925} INFO - DAG(s) 'example_sensors' retrieved from /usr/local/python/3.12.1/lib/python3.12/site-packages/airflow/example_dags/example_sensors.py
[2026-05-18T15:31:24.171+0000] {logging_mixin.py:190} INFO - [2026-05-18T15:31:24.171+0000] {dag.py:3239} INFO - Sync 1 DAGs
[2026-05-18T15:31:24.185+0000] {logging_mixin.py:190} INFO - [2026-05-18T15:31:24.185+0000] {dag.py:4180} INFO - Setting next_dagrun for example_sensors to None, run_after=None
[2026-05-18T15:31:24.203+0000] {processor.py:208} INFO - Processing /usr/local/python/3.12.1/lib/python3.12/site-packages/airflow/example_dags/example_sensors.py took 0.066 seconds
[2026-05-18T15:32:25.808+0000] {processor.py:186} INFO - Started process (PID=68765) to work on /usr/local/python/3.12.1/lib/python3.12/site-packages/airflow/example_dags/example_sensors.py
[2026-05-18T15:32:25.808+0000] {processor.py:914} INFO - Processing file /usr/local/python/3.12.1/lib/python3.12/site-packages/airflow/example_dags/example_sensors.py for tasks to queue
[2026-05-18T15:32:25.810+0000] {logging_mixin.py:190} INFO - [2026-05-18T15:32:25.810+0000] {dagbag.py:588} INFO - Filling up the DagBag from /usr/local/python/3.12.1/lib/python3.12/site-packages/airflow/example_dags/example_sensors.py
[2026-05-18T15:32:25.818+0000] {processor.py:925} INFO - DAG(s) 'example_sensors' retrieved from /usr/local/python/3.12.1/lib/python3.12/site-packages/airflow/example_dags/example_sensors.py
[2026-05-18T15:32:25.835+0000] {logging_mixin.py:190} INFO - [2026-05-18T15:32:25.835+0000] {dag.py:3239} INFO - Sync 1 DAGs
[2026-05-18T15:32:25.845+0000] {logging_mixin.py:190} INFO - [2026-05-18T15:32:25.845+0000] {dag.py:4180} INFO - Setting next_dagrun for example_sensors to None, run_after=None
[2026-05-18T15:32:25.861+0000] {processor.py:208} INFO - Processing /usr/local/python/3.12.1/lib/python3.12/site-packages/airflow/example_dags/example_sensors.py took 0.057 seconds
[2026-05-18T15:33:27.099+0000] {processor.py:186} INFO - Started process (PID=69431) to work on /usr/local/python/3.12.1/lib/python3.12/site-packages/airflow/example_dags/example_sensors.py
[2026-05-18T15:33:27.100+0000] {processor.py:914} INFO - Processing file /usr/local/python/3.12.1/lib/python3.12/site-packages/airflow/example_dags/example_sensors.py for tasks to queue
[2026-05-18T15:33:27.101+0000] {logging_mixin.py:190} INFO - [2026-05-18T15:33:27.101+0000] {dagbag.py:588} INFO - Filling up the DagBag from /usr/local/python/3.12.1/lib/python3.12/site-packages/airflow/example_dags/example_sensors.py
[2026-05-18T15:33:27.110+0000] {processor.py:925} INFO - DAG(s) 'example_sensors' retrieved from /usr/local/python/3.12.1/lib/python3.12/site-packages/airflow/example_dags/example_sensors.py
[2026-05-18T15:33:27.127+0000] {logging_mixin.py:190} INFO - [2026-05-18T15:33:27.127+0000] {dag.py:3239} INFO - Sync 1 DAGs
[2026-05-18T15:33:27.137+0000] {logging_mixin.py:190} INFO - [2026-05-18T15:33:27.137+0000] {dag.py:4180} INFO - Setting next_dagrun for example_sensors to None, run_after=None
[2026-05-18T15:33:27.154+0000] {processor.py:208} INFO - Processing /usr/local/python/3.12.1/lib/python3.12/site-packages/airflow/example_dags/example_sensors.py took 0.061 seconds
[2026-05-18T15:34:32.927+0000] {processor.py:186} INFO - Started process (PID=70042) to work on /usr/local/python/3.12.1/lib/python3.12/site-packages/airflow/example_dags/example_sensors.py
[2026-05-18T15:34:32.928+0000] {processor.py:914} INFO - Processing file /usr/local/python/3.12.1/lib/python3.12/site-packages/airflow/example_dags/example_sensors.py for tasks to queue
[2026-05-18T15:34:32.930+0000] {logging_mixin.py:190} INFO - [2026-05-18T15:34:32.930+0000] {dagbag.py:588} INFO - Filling up the DagBag from /usr/local/python/3.12.1/lib/python3.12/site-packages/airflow/example_dags/example_sensors.py
[2026-05-18T15:34:32.939+0000] {processor.py:925} INFO - DAG(s) 'example_sensors' retrieved from /usr/local/python/3.12.1/lib/python3.12/site-packages/airflow/example_dags/example_sensors.py
[2026-05-18T15:34:32.957+0000] {logging_mixin.py:190} INFO - [2026-05-18T15:34:32.956+0000] {dag.py:3239} INFO - Sync 1 DAGs
[2026-05-18T15:34:32.968+0000] {logging_mixin.py:190} INFO - [2026-05-18T15:34:32.967+0000] {dag.py:4180} INFO - Setting next_dagrun for example_sensors to None, run_after=None
[2026-05-18T15:34:32.988+0000] {processor.py:208} INFO - Processing /usr/local/python/3.12.1/lib/python3.12/site-packages/airflow/example_dags/example_sensors.py took 0.065 seconds
[2026-05-18T15:35:36.417+0000] {processor.py:186} INFO - Started process (PID=70764) to work on /usr/local/python/3.12.1/lib/python3.12/site-packages/airflow/example_dags/example_sensors.py
[2026-05-18T15:35:36.417+0000] {processor.py:914} INFO - Processing file /usr/local/python/3.12.1/lib/python3.12/site-packages/airflow/example_dags/example_sensors.py for tasks to queue
[2026-05-18T15:35:36.419+0000] {logging_mixin.py:190} INFO - [2026-05-18T15:35:36.419+0000] {dagbag.py:588} INFO - Filling up the DagBag from /usr/local/python/3.12.1/lib/python3.12/site-packages/airflow/example_dags/example_sensors.py
[2026-05-18T15:35:36.428+0000] {processor.py:925} INFO - DAG(s) 'example_sensors' retrieved from /usr/local/python/3.12.1/lib/python3.12/site-packages/airflow/example_dags/example_sensors.py
[2026-05-18T15:35:36.444+0000] {logging_mixin.py:190} INFO - [2026-05-18T15:35:36.444+0000] {dag.py:3239} INFO - Sync 1 DAGs
[2026-05-18T15:35:36.454+0000] {logging_mixin.py:190} INFO - [2026-05-18T15:35:36.454+0000] {dag.py:4180} INFO - Setting next_dagrun for example_sensors to None, run_after=None
[2026-05-18T15:35:36.473+0000] {processor.py:208} INFO - Processing /usr/local/python/3.12.1/lib/python3.12/site-packages/airflow/example_dags/example_sensors.py took 0.060 seconds
[2026-05-18T15:36:37.233+0000] {processor.py:186} INFO - Started process (PID=71353) to work on /usr/local/python/3.12.1/lib/python3.12/site-packages/airflow/example_dags/example_sensors.py
[2026-05-18T15:36:37.233+0000] {processor.py:914} INFO - Processing file /usr/local/python/3.12.1/lib/python3.12/site-packages/airflow/example_dags/example_sensors.py for tasks to queue
[2026-05-18T15:36:37.235+0000] {logging_mixin.py:190} INFO - [2026-05-18T15:36:37.235+0000] {dagbag.py:588} INFO - Filling up the DagBag from /usr/local/python/3.12.1/lib/python3.12/site-packages/airflow/example_dags/example_sensors.py
[2026-05-18T15:36:37.243+0000] {processor.py:925} INFO - DAG(s) 'example_sensors' retrieved from /usr/local/python/3.12.1/lib/python3.12/site-packages/airflow/example_dags/example_sensors.py
[2026-05-18T15:36:37.260+0000] {logging_mixin.py:190} INFO - [2026-05-18T15:36:37.260+0000] {dag.py:3239} INFO - Sync 1 DAGs
[2026-05-18T15:36:37.272+0000] {logging_mixin.py:190} INFO - [2026-05-18T15:36:37.272+0000] {dag.py:4180} INFO - Setting next_dagrun for example_sensors to None, run_after=None
[2026-05-18T15:36:37.300+0000] {processor.py:208} INFO - Processing /usr/local/python/3.12.1/lib/python3.12/site-packages/airflow/example_dags/example_sensors.py took 0.071 seconds
[2026-05-18T15:37:38.982+0000] {processor.py:186} INFO - Started process (PID=71952) to work on /usr/local/python/3.12.1/lib/python3.12/site-packages/airflow/example_dags/example_sensors.py
[2026-05-18T15:37:38.983+0000] {processor.py:914} INFO - Processing file /usr/local/python/3.12.1/lib/python3.12/site-packages/airflow/example_dags/example_sensors.py for tasks to queue
[2026-05-18T15:37:38.985+0000] {logging_mixin.py:190} INFO - [2026-05-18T15:37:38.984+0000] {dagbag.py:588} INFO - Filling up the DagBag from /usr/local/python/3.12.1/lib/python3.12/site-packages/airflow/example_dags/example_sensors.py
[2026-05-18T15:37:38.998+0000] {processor.py:925} INFO - DAG(s) 'example_sensors' retrieved from /usr/local/python/3.12.1/lib/python3.12/site-packages/airflow/example_dags/example_sensors.py
[2026-05-18T15:37:39.023+0000] {logging_mixin.py:190} INFO - [2026-05-18T15:37:39.023+0000] {dag.py:3239} INFO - Sync 1 DAGs
[2026-05-18T15:37:39.036+0000] {logging_mixin.py:190} INFO - [2026-05-18T15:37:39.036+0000] {dag.py:4180} INFO - Setting next_dagrun for example_sensors to None, run_after=None
[2026-05-18T15:37:39.054+0000] {processor.py:208} INFO - Processing /usr/local/python/3.12.1/lib/python3.12/site-packages/airflow/example_dags/example_sensors.py took 0.080 seconds
[2026-05-18T15:38:39.614+0000] {processor.py:186} INFO - Started process (PID=72541) to work on /usr/local/python/3.12.1/lib/python3.12/site-packages/airflow/example_dags/example_sensors.py
[2026-05-18T15:38:39.615+0000] {processor.py:914} INFO - Processing file /usr/local/python/3.12.1/lib/python3.12/site-packages/airflow/example_dags/example_sensors.py for tasks to queue
[2026-05-18T15:38:39.616+0000] {logging_mixin.py:190} INFO - [2026-05-18T15:38:39.616+0000] {dagbag.py:588} INFO - Filling up the DagBag from /usr/local/python/3.12.1/lib/python3.12/site-packages/airflow/example_dags/example_sensors.py
[2026-05-18T15:38:39.625+0000] {processor.py:925} INFO - DAG(s) 'example_sensors' retrieved from /usr/local/python/3.12.1/lib/python3.12/site-packages/airflow/example_dags/example_sensors.py
[2026-05-18T15:38:39.641+0000] {logging_mixin.py:190} INFO - [2026-05-18T15:38:39.641+0000] {dag.py:3239} INFO - Sync 1 DAGs
[2026-05-18T15:38:39.650+0000] {logging_mixin.py:190} INFO - [2026-05-18T15:38:39.650+0000] {dag.py:4180} INFO - Setting next_dagrun for example_sensors to None, run_after=None
[2026-05-18T15:38:39.667+0000] {processor.py:208} INFO - Processing /usr/local/python/3.12.1/lib/python3.12/site-packages/airflow/example_dags/example_sensors.py took 0.059 seconds
[2026-05-18T15:39:47.225+0000] {processor.py:186} INFO - Started process (PID=73247) to work on /usr/local/python/3.12.1/lib/python3.12/site-packages/airflow/example_dags/example_sensors.py
[2026-05-18T15:39:47.226+0000] {processor.py:914} INFO - Processing file /usr/local/python/3.12.1/lib/python3.12/site-packages/airflow/example_dags/example_sensors.py for tasks to queue
[2026-05-18T15:39:47.227+0000] {logging_mixin.py:190} INFO - [2026-05-18T15:39:47.227+0000] {dagbag.py:588} INFO - Filling up the DagBag from /usr/local/python/3.12.1/lib/python3.12/site-packages/airflow/example_dags/example_sensors.py
[2026-05-18T15:39:47.236+0000] {processor.py:925} INFO - DAG(s) 'example_sensors' retrieved from /usr/local/python/3.12.1/lib/python3.12/site-packages/airflow/example_dags/example_sensors.py
[2026-05-18T15:39:47.252+0000] {logging_mixin.py:190} INFO - [2026-05-18T15:39:47.252+0000] {dag.py:3239} INFO - Sync 1 DAGs
[2026-05-18T15:39:47.262+0000] {logging_mixin.py:190} INFO - [2026-05-18T15:39:47.262+0000] {dag.py:4180} INFO - Setting next_dagrun for example_sensors to None, run_after=None
[2026-05-18T15:39:47.283+0000] {processor.py:208} INFO - Processing /usr/local/python/3.12.1/lib/python3.12/site-packages/airflow/example_dags/example_sensors.py took 0.062 seconds
[2026-05-18T15:40:48.829+0000] {processor.py:186} INFO - Started process (PID=73959) to work on /usr/local/python/3.12.1/lib/python3.12/site-packages/airflow/example_dags/example_sensors.py
[2026-05-18T15:40:48.830+0000] {processor.py:914} INFO - Processing file /usr/local/python/3.12.1/lib/python3.12/site-packages/airflow/example_dags/example_sensors.py for tasks to queue
[2026-05-18T15:40:48.831+0000] {logging_mixin.py:190} INFO - [2026-05-18T15:40:48.831+0000] {dagbag.py:588} INFO - Filling up the DagBag from /usr/local/python/3.12.1/lib/python3.12/site-packages/airflow/example_dags/example_sensors.py
[2026-05-18T15:40:48.840+0000] {processor.py:925} INFO - DAG(s) 'example_sensors' retrieved from /usr/local/python/3.12.1/lib/python3.12/site-packages/airflow/example_dags/example_sensors.py
[2026-05-18T15:40:48.857+0000] {logging_mixin.py:190} INFO - [2026-05-18T15:40:48.856+0000] {dag.py:3239} INFO - Sync 1 DAGs
[2026-05-18T15:40:48.866+0000] {logging_mixin.py:190} INFO - [2026-05-18T15:40:48.866+0000] {dag.py:4180} INFO - Setting next_dagrun for example_sensors to None, run_after=None
[2026-05-18T15:40:48.886+0000] {processor.py:208} INFO - Processing /usr/local/python/3.12.1/lib/python3.12/site-packages/airflow/example_dags/example_sensors.py took 0.061 seconds
[2026-05-18T15:41:55.198+0000] {processor.py:186} INFO - Started process (PID=74582) to work on /usr/local/python/3.12.1/lib/python3.12/site-packages/airflow/example_dags/example_sensors.py
[2026-05-18T15:41:55.200+0000] {processor.py:914} INFO - Processing file /usr/local/python/3.12.1/lib/python3.12/site-packages/airflow/example_dags/example_sensors.py for tasks to queue
[2026-05-18T15:41:55.207+0000] {logging_mixin.py:190} INFO - [2026-05-18T15:41:55.207+0000] {dagbag.py:588} INFO - Filling up the DagBag from /usr/local/python/3.12.1/lib/python3.12/site-packages/airflow/example_dags/example_sensors.py
[2026-05-18T15:41:55.224+0000] {processor.py:925} INFO - DAG(s) 'example_sensors' retrieved from /usr/local/python/3.12.1/lib/python3.12/site-packages/airflow/example_dags/example_sensors.py
[2026-05-18T15:41:55.241+0000] {logging_mixin.py:190} INFO - [2026-05-18T15:41:55.241+0000] {dag.py:3239} INFO - Sync 1 DAGs
[2026-05-18T15:41:55.251+0000] {logging_mixin.py:190} INFO - [2026-05-18T15:41:55.250+0000] {dag.py:4180} INFO - Setting next_dagrun for example_sensors to None, run_after=None
[2026-05-18T15:41:55.269+0000] {processor.py:208} INFO - Processing /usr/local/python/3.12.1/lib/python3.12/site-packages/airflow/example_dags/example_sensors.py took 0.080 seconds
[2026-05-18T15:42:57.624+0000] {processor.py:186} INFO - Started process (PID=75410) to work on /usr/local/python/3.12.1/lib/python3.12/site-packages/airflow/example_dags/example_sensors.py
[2026-05-18T15:42:57.625+0000] {processor.py:914} INFO - Processing file /usr/local/python/3.12.1/lib/python3.12/site-packages/airflow/example_dags/example_sensors.py for tasks to queue
[2026-05-18T15:42:57.627+0000] {logging_mixin.py:190} INFO - [2026-05-18T15:42:57.626+0000] {dagbag.py:588} INFO - Filling up the DagBag from /usr/local/python/3.12.1/lib/python3.12/site-packages/airflow/example_dags/example_sensors.py
[2026-05-18T15:42:57.635+0000] {processor.py:925} INFO - DAG(s) 'example_sensors' retrieved from /usr/local/python/3.12.1/lib/python3.12/site-packages/airflow/example_dags/example_sensors.py
[2026-05-18T15:42:57.660+0000] {logging_mixin.py:190} INFO - [2026-05-18T15:42:57.660+0000] {dag.py:3239} INFO - Sync 1 DAGs
[2026-05-18T15:42:57.673+0000] {logging_mixin.py:190} INFO - [2026-05-18T15:42:57.672+0000] {dag.py:4180} INFO - Setting next_dagrun for example_sensors to None, run_after=None
[2026-05-18T15:42:57.693+0000] {processor.py:208} INFO - Processing /usr/local/python/3.12.1/lib/python3.12/site-packages/airflow/example_dags/example_sensors.py took 0.073 seconds
[2026-05-18T15:46:21.344+0000] {processor.py:186} INFO - Started process (PID=77495) to work on /usr/local/python/3.12.1/lib/python3.12/site-packages/airflow/example_dags/example_sensors.py
[2026-05-18T15:46:21.345+0000] {processor.py:914} INFO - Processing file /usr/local/python/3.12.1/lib/python3.12/site-packages/airflow/example_dags/example_sensors.py for tasks to queue
[2026-05-18T15:46:21.346+0000] {logging_mixin.py:190} INFO - [2026-05-18T15:46:21.346+0000] {dagbag.py:588} INFO - Filling up the DagBag from /usr/local/python/3.12.1/lib/python3.12/site-packages/airflow/example_dags/example_sensors.py
[2026-05-18T15:46:21.355+0000] {processor.py:925} INFO - DAG(s) 'example_sensors' retrieved from /usr/local/python/3.12.1/lib/python3.12/site-packages/airflow/example_dags/example_sensors.py
[2026-05-18T15:46:21.381+0000] {logging_mixin.py:190} INFO - [2026-05-18T15:46:21.380+0000] {dag.py:3239} INFO - Sync 1 DAGs
[2026-05-18T15:46:21.392+0000] {logging_mixin.py:190} INFO - [2026-05-18T15:46:21.392+0000] {dag.py:4180} INFO - Setting next_dagrun for example_sensors to None, run_after=None
[2026-05-18T15:46:21.408+0000] {processor.py:208} INFO - Processing /usr/local/python/3.12.1/lib/python3.12/site-packages/airflow/example_dags/example_sensors.py took 0.067 seconds
[2026-05-18T15:47:22.636+0000] {processor.py:186} INFO - Started process (PID=78082) to work on /usr/local/python/3.12.1/lib/python3.12/site-packages/airflow/example_dags/example_sensors.py
[2026-05-18T15:47:22.637+0000] {processor.py:914} INFO - Processing file /usr/local/python/3.12.1/lib/python3.12/site-packages/airflow/example_dags/example_sensors.py for tasks to queue
[2026-05-18T15:47:22.639+0000] {logging_mixin.py:190} INFO - [2026-05-18T15:47:22.638+0000] {dagbag.py:588} INFO - Filling up the DagBag from /usr/local/python/3.12.1/lib/python3.12/site-packages/airflow/example_dags/example_sensors.py
[2026-05-18T15:47:22.648+0000] {processor.py:925} INFO - DAG(s) 'example_sensors' retrieved from /usr/local/python/3.12.1/lib/python3.12/site-packages/airflow/example_dags/example_sensors.py
[2026-05-18T15:47:22.666+0000] {logging_mixin.py:190} INFO - [2026-05-18T15:47:22.666+0000] {dag.py:3239} INFO - Sync 1 DAGs
[2026-05-18T15:47:22.679+0000] {logging_mixin.py:190} INFO - [2026-05-18T15:47:22.679+0000] {dag.py:4180} INFO - Setting next_dagrun for example_sensors to None, run_after=None
[2026-05-18T15:47:22.697+0000] {processor.py:208} INFO - Processing /usr/local/python/3.12.1/lib/python3.12/site-packages/airflow/example_dags/example_sensors.py took 0.066 seconds
[2026-05-18T15:48:25.898+0000] {processor.py:186} INFO - Started process (PID=78693) to work on /usr/local/python/3.12.1/lib/python3.12/site-packages/airflow/example_dags/example_sensors.py
[2026-05-18T15:48:25.899+0000] {processor.py:914} INFO - Processing file /usr/local/python/3.12.1/lib/python3.12/site-packages/airflow/example_dags/example_sensors.py for tasks to queue
[2026-05-18T15:48:25.902+0000] {logging_mixin.py:190} INFO - [2026-05-18T15:48:25.902+0000] {dagbag.py:588} INFO - Filling up the DagBag from /usr/local/python/3.12.1/lib/python3.12/site-packages/airflow/example_dags/example_sensors.py
[2026-05-18T15:48:25.915+0000] {processor.py:925} INFO - DAG(s) 'example_sensors' retrieved from /usr/local/python/3.12.1/lib/python3.12/site-packages/airflow/example_dags/example_sensors.py
[2026-05-18T15:48:25.934+0000] {logging_mixin.py:190} INFO - [2026-05-18T15:48:25.933+0000] {dag.py:3239} INFO - Sync 1 DAGs
[2026-05-18T15:48:25.944+0000] {logging_mixin.py:190} INFO - [2026-05-18T15:48:25.944+0000] {dag.py:4180} INFO - Setting next_dagrun for example_sensors to None, run_after=None
[2026-05-18T15:48:25.961+0000] {processor.py:208} INFO - Processing /usr/local/python/3.12.1/lib/python3.12/site-packages/airflow/example_dags/example_sensors.py took 0.078 seconds
[2026-05-18T15:49:33.130+0000] {processor.py:186} INFO - Started process (PID=79410) to work on /usr/local/python/3.12.1/lib/python3.12/site-packages/airflow/example_dags/example_sensors.py
[2026-05-18T15:49:33.131+0000] {processor.py:914} INFO - Processing file /usr/local/python/3.12.1/lib/python3.12/site-packages/airflow/example_dags/example_sensors.py for tasks to queue
[2026-05-18T15:49:33.133+0000] {logging_mixin.py:190} INFO - [2026-05-18T15:49:33.132+0000] {dagbag.py:588} INFO - Filling up the DagBag from /usr/local/python/3.12.1/lib/python3.12/site-packages/airflow/example_dags/example_sensors.py
[2026-05-18T15:49:33.145+0000] {processor.py:925} INFO - DAG(s) 'example_sensors' retrieved from /usr/local/python/3.12.1/lib/python3.12/site-packages/airflow/example_dags/example_sensors.py
[2026-05-18T15:49:33.177+0000] {logging_mixin.py:190} INFO - [2026-05-18T15:49:33.176+0000] {dag.py:3239} INFO - Sync 1 DAGs
[2026-05-18T15:49:33.190+0000] {logging_mixin.py:190} INFO - [2026-05-18T15:49:33.190+0000] {dag.py:4180} INFO - Setting next_dagrun for example_sensors to None, run_after=None
[2026-05-18T15:49:33.207+0000] {processor.py:208} INFO - Processing /usr/local/python/3.12.1/lib/python3.12/site-packages/airflow/example_dags/example_sensors.py took 0.084 seconds
[2026-05-18T15:50:40.129+0000] {processor.py:186} INFO - Started process (PID=80167) to work on /usr/local/python/3.12.1/lib/python3.12/site-packages/airflow/example_dags/example_sensors.py
[2026-05-18T15:50:40.130+0000] {processor.py:914} INFO - Processing file /usr/local/python/3.12.1/lib/python3.12/site-packages/airflow/example_dags/example_sensors.py for tasks to queue
[2026-05-18T15:50:40.133+0000] {logging_mixin.py:190} INFO - [2026-05-18T15:50:40.132+0000] {dagbag.py:588} INFO - Filling up the DagBag from /usr/local/python/3.12.1/lib/python3.12/site-packages/airflow/example_dags/example_sensors.py
[2026-05-18T15:50:40.178+0000] {processor.py:925} INFO - DAG(s) 'example_sensors' retrieved from /usr/local/python/3.12.1/lib/python3.12/site-packages/airflow/example_dags/example_sensors.py
[2026-05-18T15:50:40.266+0000] {logging_mixin.py:190} INFO - [2026-05-18T15:50:40.264+0000] {dag.py:3239} INFO - Sync 1 DAGs
[2026-05-18T15:50:40.294+0000] {logging_mixin.py:190} INFO - [2026-05-18T15:50:40.294+0000] {dag.py:4180} INFO - Setting next_dagrun for example_sensors to None, run_after=None
[2026-05-18T15:50:40.362+0000] {processor.py:208} INFO - Processing /usr/local/python/3.12.1/lib/python3.12/site-packages/airflow/example_dags/example_sensors.py took 0.241 seconds
[2026-05-18T15:51:44.021+0000] {processor.py:186} INFO - Started process (PID=80893) to work on /usr/local/python/3.12.1/lib/python3.12/site-packages/airflow/example_dags/example_sensors.py
[2026-05-18T15:51:44.022+0000] {processor.py:914} INFO - Processing file /usr/local/python/3.12.1/lib/python3.12/site-packages/airflow/example_dags/example_sensors.py for tasks to queue
[2026-05-18T15:51:44.023+0000] {logging_mixin.py:190} INFO - [2026-05-18T15:51:44.023+0000] {dagbag.py:588} INFO - Filling up the DagBag from /usr/local/python/3.12.1/lib/python3.12/site-packages/airflow/example_dags/example_sensors.py
[2026-05-18T15:51:44.032+0000] {processor.py:925} INFO - DAG(s) 'example_sensors' retrieved from /usr/local/python/3.12.1/lib/python3.12/site-packages/airflow/example_dags/example_sensors.py
[2026-05-18T15:51:44.048+0000] {logging_mixin.py:190} INFO - [2026-05-18T15:51:44.048+0000] {dag.py:3239} INFO - Sync 1 DAGs
[2026-05-18T15:51:44.060+0000] {logging_mixin.py:190} INFO - [2026-05-18T15:51:44.060+0000] {dag.py:4180} INFO - Setting next_dagrun for example_sensors to None, run_after=None
[2026-05-18T15:51:44.081+0000] {processor.py:208} INFO - Processing /usr/local/python/3.12.1/lib/python3.12/site-packages/airflow/example_dags/example_sensors.py took 0.063 seconds
[2026-05-18T15:52:41.653+0000] {processor.py:186} INFO - Started process (PID=81413) to work on /usr/local/python/3.12.1/lib/python3.12/site-packages/airflow/example_dags/example_sensors.py
[2026-05-18T15:52:41.654+0000] {processor.py:914} INFO - Processing file /usr/local/python/3.12.1/lib/python3.12/site-packages/airflow/example_dags/example_sensors.py for tasks to queue
[2026-05-18T15:52:41.655+0000] {logging_mixin.py:190} INFO - [2026-05-18T15:52:41.654+0000] {dagbag.py:588} INFO - Filling up the DagBag from /usr/local/python/3.12.1/lib/python3.12/site-packages/airflow/example_dags/example_sensors.py
[2026-05-18T15:52:41.664+0000] {processor.py:925} INFO - DAG(s) 'example_sensors' retrieved from /usr/local/python/3.12.1/lib/python3.12/site-packages/airflow/example_dags/example_sensors.py
[2026-05-18T15:52:41.687+0000] {logging_mixin.py:190} INFO - [2026-05-18T15:52:41.687+0000] {dag.py:3239} INFO - Sync 1 DAGs
[2026-05-18T15:52:41.699+0000] {logging_mixin.py:190} INFO - [2026-05-18T15:52:41.699+0000] {dag.py:4180} INFO - Setting next_dagrun for example_sensors to None, run_after=None
[2026-05-18T15:52:41.716+0000] {processor.py:208} INFO - Processing /usr/local/python/3.12.1/lib/python3.12/site-packages/airflow/example_dags/example_sensors.py took 0.067 seconds
[2026-05-18T15:53:41.755+0000] {processor.py:186} INFO - Started process (PID=81939) to work on /usr/local/python/3.12.1/lib/python3.12/site-packages/airflow/example_dags/example_sensors.py
[2026-05-18T15:53:41.755+0000] {processor.py:914} INFO - Processing file /usr/local/python/3.12.1/lib/python3.12/site-packages/airflow/example_dags/example_sensors.py for tasks to queue
[2026-05-18T15:53:41.756+0000] {logging_mixin.py:190} INFO - [2026-05-18T15:53:41.756+0000] {dagbag.py:588} INFO - Filling up the DagBag from /usr/local/python/3.12.1/lib/python3.12/site-packages/airflow/example_dags/example_sensors.py
[2026-05-18T15:53:41.766+0000] {processor.py:925} INFO - DAG(s) 'example_sensors' retrieved from /usr/local/python/3.12.1/lib/python3.12/site-packages/airflow/example_dags/example_sensors.py
[2026-05-18T15:53:41.785+0000] {logging_mixin.py:190} INFO - [2026-05-18T15:53:41.785+0000] {dag.py:3239} INFO - Sync 1 DAGs
[2026-05-18T15:53:41.797+0000] {logging_mixin.py:190} INFO - [2026-05-18T15:53:41.797+0000] {dag.py:4180} INFO - Setting next_dagrun for example_sensors to None, run_after=None
[2026-05-18T15:53:41.814+0000] {processor.py:208} INFO - Processing /usr/local/python/3.12.1/lib/python3.12/site-packages/airflow/example_dags/example_sensors.py took 0.063 seconds
[2026-05-18T15:54:44.702+0000] {processor.py:186} INFO - Started process (PID=82472) to work on /usr/local/python/3.12.1/lib/python3.12/site-packages/airflow/example_dags/example_sensors.py
[2026-05-18T15:54:44.703+0000] {processor.py:914} INFO - Processing file /usr/local/python/3.12.1/lib/python3.12/site-packages/airflow/example_dags/example_sensors.py for tasks to queue
[2026-05-18T15:54:44.704+0000] {logging_mixin.py:190} INFO - [2026-05-18T15:54:44.704+0000] {dagbag.py:588} INFO - Filling up the DagBag from /usr/local/python/3.12.1/lib/python3.12/site-packages/airflow/example_dags/example_sensors.py
[2026-05-18T15:54:44.718+0000] {processor.py:925} INFO - DAG(s) 'example_sensors' retrieved from /usr/local/python/3.12.1/lib/python3.12/site-packages/airflow/example_dags/example_sensors.py
[2026-05-18T15:54:44.737+0000] {logging_mixin.py:190} INFO - [2026-05-18T15:54:44.737+0000] {dag.py:3239} INFO - Sync 1 DAGs
[2026-05-18T15:54:44.747+0000] {logging_mixin.py:190} INFO - [2026-05-18T15:54:44.746+0000] {dag.py:4180} INFO - Setting next_dagrun for example_sensors to None, run_after=None
[2026-05-18T15:54:44.765+0000] {processor.py:208} INFO - Processing /usr/local/python/3.12.1/lib/python3.12/site-packages/airflow/example_dags/example_sensors.py took 0.066 seconds
[2026-05-18T15:55:45.970+0000] {processor.py:186} INFO - Started process (PID=82999) to work on /usr/local/python/3.12.1/lib/python3.12/site-packages/airflow/example_dags/example_sensors.py
[2026-05-18T15:55:45.971+0000] {processor.py:914} INFO - Processing file /usr/local/python/3.12.1/lib/python3.12/site-packages/airflow/example_dags/example_sensors.py for tasks to queue
[2026-05-18T15:55:45.972+0000] {logging_mixin.py:190} INFO - [2026-05-18T15:55:45.972+0000] {dagbag.py:588} INFO - Filling up the DagBag from /usr/local/python/3.12.1/lib/python3.12/site-packages/airflow/example_dags/example_sensors.py
[2026-05-18T15:55:45.986+0000] {processor.py:925} INFO - DAG(s) 'example_sensors' retrieved from /usr/local/python/3.12.1/lib/python3.12/site-packages/airflow/example_dags/example_sensors.py
[2026-05-18T15:55:46.004+0000] {logging_mixin.py:190} INFO - [2026-05-18T15:55:46.004+0000] {dag.py:3239} INFO - Sync 1 DAGs
[2026-05-18T15:55:46.015+0000] {logging_mixin.py:190} INFO - [2026-05-18T15:55:46.015+0000] {dag.py:4180} INFO - Setting next_dagrun for example_sensors to None, run_after=None
[2026-05-18T15:55:46.032+0000] {processor.py:208} INFO - Processing /usr/local/python/3.12.1/lib/python3.12/site-packages/airflow/example_dags/example_sensors.py took 0.067 seconds
[2026-05-18T15:56:45.332+0000] {processor.py:186} INFO - Started process (PID=83588) to work on /usr/local/python/3.12.1/lib/python3.12/site-packages/airflow/example_dags/example_sensors.py
[2026-05-18T15:56:45.333+0000] {processor.py:914} INFO - Processing file /usr/local/python/3.12.1/lib/python3.12/site-packages/airflow/example_dags/example_sensors.py for tasks to queue
[2026-05-18T15:56:45.334+0000] {logging_mixin.py:190} INFO - [2026-05-18T15:56:45.334+0000] {dagbag.py:588} INFO - Filling up the DagBag from /usr/local/python/3.12.1/lib/python3.12/site-packages/airflow/example_dags/example_sensors.py
[2026-05-18T15:56:45.343+0000] {processor.py:925} INFO - DAG(s) 'example_sensors' retrieved from /usr/local/python/3.12.1/lib/python3.12/site-packages/airflow/example_dags/example_sensors.py
[2026-05-18T15:56:45.360+0000] {logging_mixin.py:190} INFO - [2026-05-18T15:56:45.360+0000] {dag.py:3239} INFO - Sync 1 DAGs
[2026-05-18T15:56:45.372+0000] {logging_mixin.py:190} INFO - [2026-05-18T15:56:45.372+0000] {dag.py:4180} INFO - Setting next_dagrun for example_sensors to None, run_after=None
[2026-05-18T15:56:45.392+0000] {processor.py:208} INFO - Processing /usr/local/python/3.12.1/lib/python3.12/site-packages/airflow/example_dags/example_sensors.py took 0.066 seconds
[2026-05-18T15:57:43.127+0000] {processor.py:186} INFO - Started process (PID=84089) to work on /usr/local/python/3.12.1/lib/python3.12/site-packages/airflow/example_dags/example_sensors.py
[2026-05-18T15:57:43.127+0000] {processor.py:914} INFO - Processing file /usr/local/python/3.12.1/lib/python3.12/site-packages/airflow/example_dags/example_sensors.py for tasks to queue
[2026-05-18T15:57:43.128+0000] {logging_mixin.py:190} INFO - [2026-05-18T15:57:43.128+0000] {dagbag.py:588} INFO - Filling up the DagBag from /usr/local/python/3.12.1/lib/python3.12/site-packages/airflow/example_dags/example_sensors.py
[2026-05-18T15:57:43.137+0000] {processor.py:925} INFO - DAG(s) 'example_sensors' retrieved from /usr/local/python/3.12.1/lib/python3.12/site-packages/airflow/example_dags/example_sensors.py
[2026-05-18T15:57:43.154+0000] {logging_mixin.py:190} INFO - [2026-05-18T15:57:43.154+0000] {dag.py:3239} INFO - Sync 1 DAGs
[2026-05-18T15:57:43.163+0000] {logging_mixin.py:190} INFO - [2026-05-18T15:57:43.163+0000] {dag.py:4180} INFO - Setting next_dagrun for example_sensors to None, run_after=None
[2026-05-18T15:57:43.184+0000] {processor.py:208} INFO - Processing /usr/local/python/3.12.1/lib/python3.12/site-packages/airflow/example_dags/example_sensors.py took 0.061 seconds
[2026-05-18T15:58:42.559+0000] {processor.py:186} INFO - Started process (PID=84608) to work on /usr/local/python/3.12.1/lib/python3.12/site-packages/airflow/example_dags/example_sensors.py
[2026-05-18T15:58:42.560+0000] {processor.py:914} INFO - Processing file /usr/local/python/3.12.1/lib/python3.12/site-packages/airflow/example_dags/example_sensors.py for tasks to queue
[2026-05-18T15:58:42.561+0000] {logging_mixin.py:190} INFO - [2026-05-18T15:58:42.560+0000] {dagbag.py:588} INFO - Filling up the DagBag from /usr/local/python/3.12.1/lib/python3.12/site-packages/airflow/example_dags/example_sensors.py
[2026-05-18T15:58:42.571+0000] {processor.py:925} INFO - DAG(s) 'example_sensors' retrieved from /usr/local/python/3.12.1/lib/python3.12/site-packages/airflow/example_dags/example_sensors.py
[2026-05-18T15:58:42.593+0000] {logging_mixin.py:190} INFO - [2026-05-18T15:58:42.593+0000] {dag.py:3239} INFO - Sync 1 DAGs
[2026-05-18T15:58:42.602+0000] {logging_mixin.py:190} INFO - [2026-05-18T15:58:42.602+0000] {dag.py:4180} INFO - Setting next_dagrun for example_sensors to None, run_after=None
[2026-05-18T15:58:42.618+0000] {processor.py:208} INFO - Processing /usr/local/python/3.12.1/lib/python3.12/site-packages/airflow/example_dags/example_sensors.py took 0.064 seconds
[2026-05-18T15:59:46.109+0000] {processor.py:186} INFO - Started process (PID=85153) to work on /usr/local/python/3.12.1/lib/python3.12/site-packages/airflow/example_dags/example_sensors.py
[2026-05-18T15:59:46.110+0000] {processor.py:914} INFO - Processing file /usr/local/python/3.12.1/lib/python3.12/site-packages/airflow/example_dags/example_sensors.py for tasks to queue
[2026-05-18T15:59:46.111+0000] {logging_mixin.py:190} INFO - [2026-05-18T15:59:46.111+0000] {dagbag.py:588} INFO - Filling up the DagBag from /usr/local/python/3.12.1/lib/python3.12/site-packages/airflow/example_dags/example_sensors.py
[2026-05-18T15:59:46.120+0000] {processor.py:925} INFO - DAG(s) 'example_sensors' retrieved from /usr/local/python/3.12.1/lib/python3.12/site-packages/airflow/example_dags/example_sensors.py
[2026-05-18T15:59:46.137+0000] {logging_mixin.py:190} INFO - [2026-05-18T15:59:46.137+0000] {dag.py:3239} INFO - Sync 1 DAGs
[2026-05-18T15:59:46.147+0000] {logging_mixin.py:190} INFO - [2026-05-18T15:59:46.147+0000] {dag.py:4180} INFO - Setting next_dagrun for example_sensors to None, run_after=None
[2026-05-18T15:59:46.164+0000] {processor.py:208} INFO - Processing /usr/local/python/3.12.1/lib/python3.12/site-packages/airflow/example_dags/example_sensors.py took 0.058 seconds
[2026-05-18T16:00:46.959+0000] {processor.py:186} INFO - Started process (PID=85749) to work on /usr/local/python/3.12.1/lib/python3.12/site-packages/airflow/example_dags/example_sensors.py
[2026-05-18T16:00:46.960+0000] {processor.py:914} INFO - Processing file /usr/local/python/3.12.1/lib/python3.12/site-packages/airflow/example_dags/example_sensors.py for tasks to queue
[2026-05-18T16:00:46.961+0000] {logging_mixin.py:190} INFO - [2026-05-18T16:00:46.961+0000] {dagbag.py:588} INFO - Filling up the DagBag from /usr/local/python/3.12.1/lib/python3.12/site-packages/airflow/example_dags/example_sensors.py
[2026-05-18T16:00:46.972+0000] {processor.py:925} INFO - DAG(s) 'example_sensors' retrieved from /usr/local/python/3.12.1/lib/python3.12/site-packages/airflow/example_dags/example_sensors.py
[2026-05-18T16:00:46.992+0000] {logging_mixin.py:190} INFO - [2026-05-18T16:00:46.991+0000] {dag.py:3239} INFO - Sync 1 DAGs
[2026-05-18T16:00:47.002+0000] {logging_mixin.py:190} INFO - [2026-05-18T16:00:47.002+0000] {dag.py:4180} INFO - Setting next_dagrun for example_sensors to None, run_after=None
[2026-05-18T16:00:47.019+0000] {processor.py:208} INFO - Processing /usr/local/python/3.12.1/lib/python3.12/site-packages/airflow/example_dags/example_sensors.py took 0.064 seconds
[2026-05-18T16:01:51.767+0000] {processor.py:186} INFO - Started process (PID=86443) to work on /usr/local/python/3.12.1/lib/python3.12/site-packages/airflow/example_dags/example_sensors.py
[2026-05-18T16:01:51.768+0000] {processor.py:914} INFO - Processing file /usr/local/python/3.12.1/lib/python3.12/site-packages/airflow/example_dags/example_sensors.py for tasks to queue
[2026-05-18T16:01:51.769+0000] {logging_mixin.py:190} INFO - [2026-05-18T16:01:51.768+0000] {dagbag.py:588} INFO - Filling up the DagBag from /usr/local/python/3.12.1/lib/python3.12/site-packages/airflow/example_dags/example_sensors.py
[2026-05-18T16:01:51.780+0000] {processor.py:925} INFO - DAG(s) 'example_sensors' retrieved from /usr/local/python/3.12.1/lib/python3.12/site-packages/airflow/example_dags/example_sensors.py
[2026-05-18T16:01:51.798+0000] {logging_mixin.py:190} INFO - [2026-05-18T16:01:51.798+0000] {dag.py:3239} INFO - Sync 1 DAGs
[2026-05-18T16:01:51.808+0000] {logging_mixin.py:190} INFO - [2026-05-18T16:01:51.808+0000] {dag.py:4180} INFO - Setting next_dagrun for example_sensors to None, run_after=None
[2026-05-18T16:01:51.825+0000] {processor.py:208} INFO - Processing /usr/local/python/3.12.1/lib/python3.12/site-packages/airflow/example_dags/example_sensors.py took 0.063 seconds
[2026-05-18T16:02:55.258+0000] {processor.py:186} INFO - Started process (PID=86989) to work on /usr/local/python/3.12.1/lib/python3.12/site-packages/airflow/example_dags/example_sensors.py
[2026-05-18T16:02:55.258+0000] {processor.py:914} INFO - Processing file /usr/local/python/3.12.1/lib/python3.12/site-packages/airflow/example_dags/example_sensors.py for tasks to queue
[2026-05-18T16:02:55.259+0000] {logging_mixin.py:190} INFO - [2026-05-18T16:02:55.259+0000] {dagbag.py:588} INFO - Filling up the DagBag from /usr/local/python/3.12.1/lib/python3.12/site-packages/airflow/example_dags/example_sensors.py
[2026-05-18T16:02:55.270+0000] {processor.py:925} INFO - DAG(s) 'example_sensors' retrieved from /usr/local/python/3.12.1/lib/python3.12/site-packages/airflow/example_dags/example_sensors.py
[2026-05-18T16:02:55.291+0000] {logging_mixin.py:190} INFO - [2026-05-18T16:02:55.291+0000] {dag.py:3239} INFO - Sync 1 DAGs
[2026-05-18T16:02:55.300+0000] {logging_mixin.py:190} INFO - [2026-05-18T16:02:55.300+0000] {dag.py:4180} INFO - Setting next_dagrun for example_sensors to None, run_after=None
[2026-05-18T16:02:55.318+0000] {processor.py:208} INFO - Processing /usr/local/python/3.12.1/lib/python3.12/site-packages/airflow/example_dags/example_sensors.py took 0.064 seconds
[2026-05-18T16:03:54.830+0000] {processor.py:186} INFO - Started process (PID=87509) to work on /usr/local/python/3.12.1/lib/python3.12/site-packages/airflow/example_dags/example_sensors.py
[2026-05-18T16:03:54.831+0000] {processor.py:914} INFO - Processing file /usr/local/python/3.12.1/lib/python3.12/site-packages/airflow/example_dags/example_sensors.py for tasks to queue
[2026-05-18T16:03:54.832+0000] {logging_mixin.py:190} INFO - [2026-05-18T16:03:54.832+0000] {dagbag.py:588} INFO - Filling up the DagBag from /usr/local/python/3.12.1/lib/python3.12/site-packages/airflow/example_dags/example_sensors.py
[2026-05-18T16:03:54.841+0000] {processor.py:925} INFO - DAG(s) 'example_sensors' retrieved from /usr/local/python/3.12.1/lib/python3.12/site-packages/airflow/example_dags/example_sensors.py
[2026-05-18T16:03:54.858+0000] {logging_mixin.py:190} INFO - [2026-05-18T16:03:54.858+0000] {dag.py:3239} INFO - Sync 1 DAGs
[2026-05-18T16:03:54.870+0000] {logging_mixin.py:190} INFO - [2026-05-18T16:03:54.870+0000] {dag.py:4180} INFO - Setting next_dagrun for example_sensors to None, run_after=None
[2026-05-18T16:03:54.901+0000] {processor.py:208} INFO - Processing /usr/local/python/3.12.1/lib/python3.12/site-packages/airflow/example_dags/example_sensors.py took 0.075 seconds
[2026-05-18T16:04:53.264+0000] {processor.py:186} INFO - Started process (PID=88022) to work on /usr/local/python/3.12.1/lib/python3.12/site-packages/airflow/example_dags/example_sensors.py
[2026-05-18T16:04:53.265+0000] {processor.py:914} INFO - Processing file /usr/local/python/3.12.1/lib/python3.12/site-packages/airflow/example_dags/example_sensors.py for tasks to queue
[2026-05-18T16:04:53.266+0000] {logging_mixin.py:190} INFO - [2026-05-18T16:04:53.266+0000] {dagbag.py:588} INFO - Filling up the DagBag from /usr/local/python/3.12.1/lib/python3.12/site-packages/airflow/example_dags/example_sensors.py
[2026-05-18T16:04:53.279+0000] {processor.py:925} INFO - DAG(s) 'example_sensors' retrieved from /usr/local/python/3.12.1/lib/python3.12/site-packages/airflow/example_dags/example_sensors.py
[2026-05-18T16:04:53.298+0000] {logging_mixin.py:190} INFO - [2026-05-18T16:04:53.297+0000] {dag.py:3239} INFO - Sync 1 DAGs
[2026-05-18T16:04:53.308+0000] {logging_mixin.py:190} INFO - [2026-05-18T16:04:53.307+0000] {dag.py:4180} INFO - Setting next_dagrun for example_sensors to None, run_after=None
[2026-05-18T16:04:53.326+0000] {processor.py:208} INFO - Processing /usr/local/python/3.12.1/lib/python3.12/site-packages/airflow/example_dags/example_sensors.py took 0.066 seconds
[2026-05-18T16:05:52.262+0000] {processor.py:186} INFO - Started process (PID=88528) to work on /usr/local/python/3.12.1/lib/python3.12/site-packages/airflow/example_dags/example_sensors.py
[2026-05-18T16:05:52.263+0000] {processor.py:914} INFO - Processing file /usr/local/python/3.12.1/lib/python3.12/site-packages/airflow/example_dags/example_sensors.py for tasks to queue
[2026-05-18T16:05:52.265+0000] {logging_mixin.py:190} INFO - [2026-05-18T16:05:52.265+0000] {dagbag.py:588} INFO - Filling up the DagBag from /usr/local/python/3.12.1/lib/python3.12/site-packages/airflow/example_dags/example_sensors.py
[2026-05-18T16:05:52.278+0000] {processor.py:925} INFO - DAG(s) 'example_sensors' retrieved from /usr/local/python/3.12.1/lib/python3.12/site-packages/airflow/example_dags/example_sensors.py
[2026-05-18T16:05:52.304+0000] {logging_mixin.py:190} INFO - [2026-05-18T16:05:52.304+0000] {dag.py:3239} INFO - Sync 1 DAGs
[2026-05-18T16:05:52.313+0000] {logging_mixin.py:190} INFO - [2026-05-18T16:05:52.313+0000] {dag.py:4180} INFO - Setting next_dagrun for example_sensors to None, run_after=None
[2026-05-18T16:05:52.330+0000] {processor.py:208} INFO - Processing /usr/local/python/3.12.1/lib/python3.12/site-packages/airflow/example_dags/example_sensors.py took 0.072 seconds
[2026-05-18T16:06:56.763+0000] {processor.py:186} INFO - Started process (PID=89155) to work on /usr/local/python/3.12.1/lib/python3.12/site-packages/airflow/example_dags/example_sensors.py
[2026-05-18T16:06:56.764+0000] {processor.py:914} INFO - Processing file /usr/local/python/3.12.1/lib/python3.12/site-packages/airflow/example_dags/example_sensors.py for tasks to queue
[2026-05-18T16:06:56.765+0000] {logging_mixin.py:190} INFO - [2026-05-18T16:06:56.764+0000] {dagbag.py:588} INFO - Filling up the DagBag from /usr/local/python/3.12.1/lib/python3.12/site-packages/airflow/example_dags/example_sensors.py
[2026-05-18T16:06:56.777+0000] {processor.py:925} INFO - DAG(s) 'example_sensors' retrieved from /usr/local/python/3.12.1/lib/python3.12/site-packages/airflow/example_dags/example_sensors.py
[2026-05-18T16:06:56.797+0000] {logging_mixin.py:190} INFO - [2026-05-18T16:06:56.796+0000] {dag.py:3239} INFO - Sync 1 DAGs
[2026-05-18T16:06:56.806+0000] {logging_mixin.py:190} INFO - [2026-05-18T16:06:56.806+0000] {dag.py:4180} INFO - Setting next_dagrun for example_sensors to None, run_after=None
[2026-05-18T16:06:56.823+0000] {processor.py:208} INFO - Processing /usr/local/python/3.12.1/lib/python3.12/site-packages/airflow/example_dags/example_sensors.py took 0.064 seconds
[2026-05-18T16:08:01.221+0000] {processor.py:186} INFO - Started process (PID=89704) to work on /usr/local/python/3.12.1/lib/python3.12/site-packages/airflow/example_dags/example_sensors.py
[2026-05-18T16:08:01.223+0000] {processor.py:914} INFO - Processing file /usr/local/python/3.12.1/lib/python3.12/site-packages/airflow/example_dags/example_sensors.py for tasks to queue
[2026-05-18T16:08:01.224+0000] {logging_mixin.py:190} INFO - [2026-05-18T16:08:01.224+0000] {dagbag.py:588} INFO - Filling up the DagBag from /usr/local/python/3.12.1/lib/python3.12/site-packages/airflow/example_dags/example_sensors.py
[2026-05-18T16:08:01.240+0000] {processor.py:925} INFO - DAG(s) 'example_sensors' retrieved from /usr/local/python/3.12.1/lib/python3.12/site-packages/airflow/example_dags/example_sensors.py
[2026-05-18T16:08:01.267+0000] {logging_mixin.py:190} INFO - [2026-05-18T16:08:01.267+0000] {dag.py:3239} INFO - Sync 1 DAGs
[2026-05-18T16:08:01.280+0000] {logging_mixin.py:190} INFO - [2026-05-18T16:08:01.280+0000] {dag.py:4180} INFO - Setting next_dagrun for example_sensors to None, run_after=None
[2026-05-18T16:08:01.298+0000] {processor.py:208} INFO - Processing /usr/local/python/3.12.1/lib/python3.12/site-packages/airflow/example_dags/example_sensors.py took 0.082 seconds
[2026-05-18T16:09:02.427+0000] {processor.py:186} INFO - Started process (PID=90231) to work on /usr/local/python/3.12.1/lib/python3.12/site-packages/airflow/example_dags/example_sensors.py
[2026-05-18T16:09:02.427+0000] {processor.py:914} INFO - Processing file /usr/local/python/3.12.1/lib/python3.12/site-packages/airflow/example_dags/example_sensors.py for tasks to queue
[2026-05-18T16:09:02.428+0000] {logging_mixin.py:190} INFO - [2026-05-18T16:09:02.428+0000] {dagbag.py:588} INFO - Filling up the DagBag from /usr/local/python/3.12.1/lib/python3.12/site-packages/airflow/example_dags/example_sensors.py
[2026-05-18T16:09:02.437+0000] {processor.py:925} INFO - DAG(s) 'example_sensors' retrieved from /usr/local/python/3.12.1/lib/python3.12/site-packages/airflow/example_dags/example_sensors.py
[2026-05-18T16:09:02.454+0000] {logging_mixin.py:190} INFO - [2026-05-18T16:09:02.454+0000] {dag.py:3239} INFO - Sync 1 DAGs
[2026-05-18T16:09:02.466+0000] {logging_mixin.py:190} INFO - [2026-05-18T16:09:02.466+0000] {dag.py:4180} INFO - Setting next_dagrun for example_sensors to None, run_after=None
[2026-05-18T16:09:02.487+0000] {processor.py:208} INFO - Processing /usr/local/python/3.12.1/lib/python3.12/site-packages/airflow/example_dags/example_sensors.py took 0.066 seconds
[2026-05-18T16:10:04.203+0000] {processor.py:186} INFO - Started process (PID=90767) to work on /usr/local/python/3.12.1/lib/python3.12/site-packages/airflow/example_dags/example_sensors.py
[2026-05-18T16:10:04.203+0000] {processor.py:914} INFO - Processing file /usr/local/python/3.12.1/lib/python3.12/site-packages/airflow/example_dags/example_sensors.py for tasks to queue
[2026-05-18T16:10:04.204+0000] {logging_mixin.py:190} INFO - [2026-05-18T16:10:04.204+0000] {dagbag.py:588} INFO - Filling up the DagBag from /usr/local/python/3.12.1/lib/python3.12/site-packages/airflow/example_dags/example_sensors.py
[2026-05-18T16:10:04.214+0000] {processor.py:925} INFO - DAG(s) 'example_sensors' retrieved from /usr/local/python/3.12.1/lib/python3.12/site-packages/airflow/example_dags/example_sensors.py
[2026-05-18T16:10:04.230+0000] {logging_mixin.py:190} INFO - [2026-05-18T16:10:04.230+0000] {dag.py:3239} INFO - Sync 1 DAGs
[2026-05-18T16:10:04.239+0000] {logging_mixin.py:190} INFO - [2026-05-18T16:10:04.239+0000] {dag.py:4180} INFO - Setting next_dagrun for example_sensors to None, run_after=None
[2026-05-18T16:10:04.255+0000] {processor.py:208} INFO - Processing /usr/local/python/3.12.1/lib/python3.12/site-packages/airflow/example_dags/example_sensors.py took 0.057 seconds
[2026-05-18T16:11:01.126+0000] {processor.py:186} INFO - Started process (PID=91331) to work on /usr/local/python/3.12.1/lib/python3.12/site-packages/airflow/example_dags/example_sensors.py
[2026-05-18T16:11:01.126+0000] {processor.py:914} INFO - Processing file /usr/local/python/3.12.1/lib/python3.12/site-packages/airflow/example_dags/example_sensors.py for tasks to queue
[2026-05-18T16:11:01.127+0000] {logging_mixin.py:190} INFO - [2026-05-18T16:11:01.127+0000] {dagbag.py:588} INFO - Filling up the DagBag from /usr/local/python/3.12.1/lib/python3.12/site-packages/airflow/example_dags/example_sensors.py
[2026-05-18T16:11:01.136+0000] {processor.py:925} INFO - DAG(s) 'example_sensors' retrieved from /usr/local/python/3.12.1/lib/python3.12/site-packages/airflow/example_dags/example_sensors.py
[2026-05-18T16:11:01.152+0000] {logging_mixin.py:190} INFO - [2026-05-18T16:11:01.152+0000] {dag.py:3239} INFO - Sync 1 DAGs
[2026-05-18T16:11:01.161+0000] {logging_mixin.py:190} INFO - [2026-05-18T16:11:01.161+0000] {dag.py:4180} INFO - Setting next_dagrun for example_sensors to None, run_after=None
[2026-05-18T16:11:01.181+0000] {processor.py:208} INFO - Processing /usr/local/python/3.12.1/lib/python3.12/site-packages/airflow/example_dags/example_sensors.py took 0.059 seconds
[2026-05-18T16:12:05.623+0000] {processor.py:186} INFO - Started process (PID=91887) to work on /usr/local/python/3.12.1/lib/python3.12/site-packages/airflow/example_dags/example_sensors.py
[2026-05-18T16:12:05.623+0000] {processor.py:914} INFO - Processing file /usr/local/python/3.12.1/lib/python3.12/site-packages/airflow/example_dags/example_sensors.py for tasks to queue
[2026-05-18T16:12:05.624+0000] {logging_mixin.py:190} INFO - [2026-05-18T16:12:05.624+0000] {dagbag.py:588} INFO - Filling up the DagBag from /usr/local/python/3.12.1/lib/python3.12/site-packages/airflow/example_dags/example_sensors.py
[2026-05-18T16:12:05.634+0000] {processor.py:925} INFO - DAG(s) 'example_sensors' retrieved from /usr/local/python/3.12.1/lib/python3.12/site-packages/airflow/example_dags/example_sensors.py
[2026-05-18T16:12:05.651+0000] {logging_mixin.py:190} INFO - [2026-05-18T16:12:05.651+0000] {dag.py:3239} INFO - Sync 1 DAGs
[2026-05-18T16:12:05.661+0000] {logging_mixin.py:190} INFO - [2026-05-18T16:12:05.661+0000] {dag.py:4180} INFO - Setting next_dagrun for example_sensors to None, run_after=None
[2026-05-18T16:12:05.681+0000] {processor.py:208} INFO - Processing /usr/local/python/3.12.1/lib/python3.12/site-packages/airflow/example_dags/example_sensors.py took 0.063 seconds
[2026-05-18T16:13:05.217+0000] {processor.py:186} INFO - Started process (PID=92408) to work on /usr/local/python/3.12.1/lib/python3.12/site-packages/airflow/example_dags/example_sensors.py
[2026-05-18T16:13:05.218+0000] {processor.py:914} INFO - Processing file /usr/local/python/3.12.1/lib/python3.12/site-packages/airflow/example_dags/example_sensors.py for tasks to queue
[2026-05-18T16:13:05.219+0000] {logging_mixin.py:190} INFO - [2026-05-18T16:13:05.218+0000] {dagbag.py:588} INFO - Filling up the DagBag from /usr/local/python/3.12.1/lib/python3.12/site-packages/airflow/example_dags/example_sensors.py
[2026-05-18T16:13:05.228+0000] {processor.py:925} INFO - DAG(s) 'example_sensors' retrieved from /usr/local/python/3.12.1/lib/python3.12/site-packages/airflow/example_dags/example_sensors.py
[2026-05-18T16:13:05.245+0000] {logging_mixin.py:190} INFO - [2026-05-18T16:13:05.245+0000] {dag.py:3239} INFO - Sync 1 DAGs
[2026-05-18T16:13:05.255+0000] {logging_mixin.py:190} INFO - [2026-05-18T16:13:05.255+0000] {dag.py:4180} INFO - Setting next_dagrun for example_sensors to None, run_after=None
[2026-05-18T16:13:05.277+0000] {processor.py:208} INFO - Processing /usr/local/python/3.12.1/lib/python3.12/site-packages/airflow/example_dags/example_sensors.py took 0.064 seconds
[2026-05-18T16:14:05.520+0000] {processor.py:186} INFO - Started process (PID=92936) to work on /usr/local/python/3.12.1/lib/python3.12/site-packages/airflow/example_dags/example_sensors.py
[2026-05-18T16:14:05.520+0000] {processor.py:914} INFO - Processing file /usr/local/python/3.12.1/lib/python3.12/site-packages/airflow/example_dags/example_sensors.py for tasks to queue
[2026-05-18T16:14:05.521+0000] {logging_mixin.py:190} INFO - [2026-05-18T16:14:05.521+0000] {dagbag.py:588} INFO - Filling up the DagBag from /usr/local/python/3.12.1/lib/python3.12/site-packages/airflow/example_dags/example_sensors.py
[2026-05-18T16:14:05.530+0000] {processor.py:925} INFO - DAG(s) 'example_sensors' retrieved from /usr/local/python/3.12.1/lib/python3.12/site-packages/airflow/example_dags/example_sensors.py
[2026-05-18T16:14:05.546+0000] {logging_mixin.py:190} INFO - [2026-05-18T16:14:05.546+0000] {dag.py:3239} INFO - Sync 1 DAGs
[2026-05-18T16:14:05.556+0000] {logging_mixin.py:190} INFO - [2026-05-18T16:14:05.556+0000] {dag.py:4180} INFO - Setting next_dagrun for example_sensors to None, run_after=None
[2026-05-18T16:14:05.574+0000] {processor.py:208} INFO - Processing /usr/local/python/3.12.1/lib/python3.12/site-packages/airflow/example_dags/example_sensors.py took 0.059 seconds
[2026-05-18T16:15:07.504+0000] {processor.py:186} INFO - Started process (PID=93474) to work on /usr/local/python/3.12.1/lib/python3.12/site-packages/airflow/example_dags/example_sensors.py
[2026-05-18T16:15:07.505+0000] {processor.py:914} INFO - Processing file /usr/local/python/3.12.1/lib/python3.12/site-packages/airflow/example_dags/example_sensors.py for tasks to queue
[2026-05-18T16:15:07.506+0000] {logging_mixin.py:190} INFO - [2026-05-18T16:15:07.506+0000] {dagbag.py:588} INFO - Filling up the DagBag from /usr/local/python/3.12.1/lib/python3.12/site-packages/airflow/example_dags/example_sensors.py
[2026-05-18T16:15:07.524+0000] {processor.py:925} INFO - DAG(s) 'example_sensors' retrieved from /usr/local/python/3.12.1/lib/python3.12/site-packages/airflow/example_dags/example_sensors.py
[2026-05-18T16:15:07.543+0000] {logging_mixin.py:190} INFO - [2026-05-18T16:15:07.543+0000] {dag.py:3239} INFO - Sync 1 DAGs
[2026-05-18T16:15:07.553+0000] {logging_mixin.py:190} INFO - [2026-05-18T16:15:07.553+0000] {dag.py:4180} INFO - Setting next_dagrun for example_sensors to None, run_after=None
[2026-05-18T16:15:07.572+0000] {processor.py:208} INFO - Processing /usr/local/python/3.12.1/lib/python3.12/site-packages/airflow/example_dags/example_sensors.py took 0.081 seconds
[2026-05-18T16:16:06.429+0000] {processor.py:186} INFO - Started process (PID=94042) to work on /usr/local/python/3.12.1/lib/python3.12/site-packages/airflow/example_dags/example_sensors.py
[2026-05-18T16:16:06.430+0000] {processor.py:914} INFO - Processing file /usr/local/python/3.12.1/lib/python3.12/site-packages/airflow/example_dags/example_sensors.py for tasks to queue
[2026-05-18T16:16:06.432+0000] {logging_mixin.py:190} INFO - [2026-05-18T16:16:06.431+0000] {dagbag.py:588} INFO - Filling up the DagBag from /usr/local/python/3.12.1/lib/python3.12/site-packages/airflow/example_dags/example_sensors.py
[2026-05-18T16:16:06.461+0000] {processor.py:925} INFO - DAG(s) 'example_sensors' retrieved from /usr/local/python/3.12.1/lib/python3.12/site-packages/airflow/example_dags/example_sensors.py
[2026-05-18T16:16:06.496+0000] {logging_mixin.py:190} INFO - [2026-05-18T16:16:06.496+0000] {dag.py:3239} INFO - Sync 1 DAGs
[2026-05-18T16:16:06.514+0000] {logging_mixin.py:190} INFO - [2026-05-18T16:16:06.514+0000] {dag.py:4180} INFO - Setting next_dagrun for example_sensors to None, run_after=None
[2026-05-18T16:16:06.570+0000] {processor.py:208} INFO - Processing /usr/local/python/3.12.1/lib/python3.12/site-packages/airflow/example_dags/example_sensors.py took 0.148 seconds
[2026-05-18T16:17:09.023+0000] {processor.py:186} INFO - Started process (PID=94591) to work on /usr/local/python/3.12.1/lib/python3.12/site-packages/airflow/example_dags/example_sensors.py
[2026-05-18T16:17:09.023+0000] {processor.py:914} INFO - Processing file /usr/local/python/3.12.1/lib/python3.12/site-packages/airflow/example_dags/example_sensors.py for tasks to queue
[2026-05-18T16:17:09.024+0000] {logging_mixin.py:190} INFO - [2026-05-18T16:17:09.024+0000] {dagbag.py:588} INFO - Filling up the DagBag from /usr/local/python/3.12.1/lib/python3.12/site-packages/airflow/example_dags/example_sensors.py
[2026-05-18T16:17:09.033+0000] {processor.py:925} INFO - DAG(s) 'example_sensors' retrieved from /usr/local/python/3.12.1/lib/python3.12/site-packages/airflow/example_dags/example_sensors.py
[2026-05-18T16:17:09.049+0000] {logging_mixin.py:190} INFO - [2026-05-18T16:17:09.049+0000] {dag.py:3239} INFO - Sync 1 DAGs
[2026-05-18T16:17:09.059+0000] {logging_mixin.py:190} INFO - [2026-05-18T16:17:09.059+0000] {dag.py:4180} INFO - Setting next_dagrun for example_sensors to None, run_after=None
[2026-05-18T16:17:09.078+0000] {processor.py:208} INFO - Processing /usr/local/python/3.12.1/lib/python3.12/site-packages/airflow/example_dags/example_sensors.py took 0.060 seconds
[2026-05-18T16:18:11.213+0000] {processor.py:186} INFO - Started process (PID=95131) to work on /usr/local/python/3.12.1/lib/python3.12/site-packages/airflow/example_dags/example_sensors.py
[2026-05-18T16:18:11.213+0000] {processor.py:914} INFO - Processing file /usr/local/python/3.12.1/lib/python3.12/site-packages/airflow/example_dags/example_sensors.py for tasks to queue
[2026-05-18T16:18:11.214+0000] {logging_mixin.py:190} INFO - [2026-05-18T16:18:11.214+0000] {dagbag.py:588} INFO - Filling up the DagBag from /usr/local/python/3.12.1/lib/python3.12/site-packages/airflow/example_dags/example_sensors.py
[2026-05-18T16:18:11.223+0000] {processor.py:925} INFO - DAG(s) 'example_sensors' retrieved from /usr/local/python/3.12.1/lib/python3.12/site-packages/airflow/example_dags/example_sensors.py
[2026-05-18T16:18:11.241+0000] {logging_mixin.py:190} INFO - [2026-05-18T16:18:11.240+0000] {dag.py:3239} INFO - Sync 1 DAGs
[2026-05-18T16:18:11.251+0000] {logging_mixin.py:190} INFO - [2026-05-18T16:18:11.251+0000] {dag.py:4180} INFO - Setting next_dagrun for example_sensors to None, run_after=None
[2026-05-18T16:18:11.272+0000] {processor.py:208} INFO - Processing /usr/local/python/3.12.1/lib/python3.12/site-packages/airflow/example_dags/example_sensors.py took 0.063 seconds
[2026-05-18T16:19:12.540+0000] {processor.py:186} INFO - Started process (PID=95661) to work on /usr/local/python/3.12.1/lib/python3.12/site-packages/airflow/example_dags/example_sensors.py
[2026-05-18T16:19:12.541+0000] {processor.py:914} INFO - Processing file /usr/local/python/3.12.1/lib/python3.12/site-packages/airflow/example_dags/example_sensors.py for tasks to queue
[2026-05-18T16:19:12.541+0000] {logging_mixin.py:190} INFO - [2026-05-18T16:19:12.541+0000] {dagbag.py:588} INFO - Filling up the DagBag from /usr/local/python/3.12.1/lib/python3.12/site-packages/airflow/example_dags/example_sensors.py
[2026-05-18T16:19:12.550+0000] {processor.py:925} INFO - DAG(s) 'example_sensors' retrieved from /usr/local/python/3.12.1/lib/python3.12/site-packages/airflow/example_dags/example_sensors.py
[2026-05-18T16:19:12.568+0000] {logging_mixin.py:190} INFO - [2026-05-18T16:19:12.568+0000] {dag.py:3239} INFO - Sync 1 DAGs
[2026-05-18T16:19:12.582+0000] {logging_mixin.py:190} INFO - [2026-05-18T16:19:12.581+0000] {dag.py:4180} INFO - Setting next_dagrun for example_sensors to None, run_after=None
[2026-05-18T16:19:12.600+0000] {processor.py:208} INFO - Processing /usr/local/python/3.12.1/lib/python3.12/site-packages/airflow/example_dags/example_sensors.py took 0.064 seconds
[2026-05-18T16:20:16.471+0000] {processor.py:186} INFO - Started process (PID=96207) to work on /usr/local/python/3.12.1/lib/python3.12/site-packages/airflow/example_dags/example_sensors.py
[2026-05-18T16:20:16.472+0000] {processor.py:914} INFO - Processing file /usr/local/python/3.12.1/lib/python3.12/site-packages/airflow/example_dags/example_sensors.py for tasks to queue
[2026-05-18T16:20:16.473+0000] {logging_mixin.py:190} INFO - [2026-05-18T16:20:16.472+0000] {dagbag.py:588} INFO - Filling up the DagBag from /usr/local/python/3.12.1/lib/python3.12/site-packages/airflow/example_dags/example_sensors.py
[2026-05-18T16:20:16.490+0000] {processor.py:925} INFO - DAG(s) 'example_sensors' retrieved from /usr/local/python/3.12.1/lib/python3.12/site-packages/airflow/example_dags/example_sensors.py
[2026-05-18T16:20:16.507+0000] {logging_mixin.py:190} INFO - [2026-05-18T16:20:16.507+0000] {dag.py:3239} INFO - Sync 1 DAGs
[2026-05-18T16:20:16.517+0000] {logging_mixin.py:190} INFO - [2026-05-18T16:20:16.517+0000] {dag.py:4180} INFO - Setting next_dagrun for example_sensors to None, run_after=None
[2026-05-18T16:20:16.534+0000] {processor.py:208} INFO - Processing /usr/local/python/3.12.1/lib/python3.12/site-packages/airflow/example_dags/example_sensors.py took 0.068 seconds
[2026-05-18T16:21:21.526+0000] {processor.py:186} INFO - Started process (PID=96759) to work on /usr/local/python/3.12.1/lib/python3.12/site-packages/airflow/example_dags/example_sensors.py
[2026-05-18T16:21:21.527+0000] {processor.py:914} INFO - Processing file /usr/local/python/3.12.1/lib/python3.12/site-packages/airflow/example_dags/example_sensors.py for tasks to queue
[2026-05-18T16:21:21.528+0000] {logging_mixin.py:190} INFO - [2026-05-18T16:21:21.528+0000] {dagbag.py:588} INFO - Filling up the DagBag from /usr/local/python/3.12.1/lib/python3.12/site-packages/airflow/example_dags/example_sensors.py
[2026-05-18T16:21:21.537+0000] {processor.py:925} INFO - DAG(s) 'example_sensors' retrieved from /usr/local/python/3.12.1/lib/python3.12/site-packages/airflow/example_dags/example_sensors.py
[2026-05-18T16:21:21.555+0000] {logging_mixin.py:190} INFO - [2026-05-18T16:21:21.555+0000] {dag.py:3239} INFO - Sync 1 DAGs
[2026-05-18T16:21:21.566+0000] {logging_mixin.py:190} INFO - [2026-05-18T16:21:21.566+0000] {dag.py:4180} INFO - Setting next_dagrun for example_sensors to None, run_after=None
[2026-05-18T16:21:21.588+0000] {processor.py:208} INFO - Processing /usr/local/python/3.12.1/lib/python3.12/site-packages/airflow/example_dags/example_sensors.py took 0.066 seconds
[2026-05-18T16:22:26.228+0000] {processor.py:186} INFO - Started process (PID=97329) to work on /usr/local/python/3.12.1/lib/python3.12/site-packages/airflow/example_dags/example_sensors.py
[2026-05-18T16:22:26.229+0000] {processor.py:914} INFO - Processing file /usr/local/python/3.12.1/lib/python3.12/site-packages/airflow/example_dags/example_sensors.py for tasks to queue
[2026-05-18T16:22:26.230+0000] {logging_mixin.py:190} INFO - [2026-05-18T16:22:26.230+0000] {dagbag.py:588} INFO - Filling up the DagBag from /usr/local/python/3.12.1/lib/python3.12/site-packages/airflow/example_dags/example_sensors.py
[2026-05-18T16:22:26.239+0000] {processor.py:925} INFO - DAG(s) 'example_sensors' retrieved from /usr/local/python/3.12.1/lib/python3.12/site-packages/airflow/example_dags/example_sensors.py
[2026-05-18T16:22:26.257+0000] {logging_mixin.py:190} INFO - [2026-05-18T16:22:26.257+0000] {dag.py:3239} INFO - Sync 1 DAGs
[2026-05-18T16:22:26.268+0000] {logging_mixin.py:190} INFO - [2026-05-18T16:22:26.268+0000] {dag.py:4180} INFO - Setting next_dagrun for example_sensors to None, run_after=None
[2026-05-18T16:22:26.287+0000] {processor.py:208} INFO - Processing /usr/local/python/3.12.1/lib/python3.12/site-packages/airflow/example_dags/example_sensors.py took 0.062 seconds
[2026-05-18T16:23:38.525+0000] {processor.py:186} INFO - Started process (PID=97933) to work on /usr/local/python/3.12.1/lib/python3.12/site-packages/airflow/example_dags/example_sensors.py
[2026-05-18T16:23:38.526+0000] {processor.py:914} INFO - Processing file /usr/local/python/3.12.1/lib/python3.12/site-packages/airflow/example_dags/example_sensors.py for tasks to queue
[2026-05-18T16:23:38.527+0000] {logging_mixin.py:190} INFO - [2026-05-18T16:23:38.527+0000] {dagbag.py:588} INFO - Filling up the DagBag from /usr/local/python/3.12.1/lib/python3.12/site-packages/airflow/example_dags/example_sensors.py
[2026-05-18T16:23:38.536+0000] {processor.py:925} INFO - DAG(s) 'example_sensors' retrieved from /usr/local/python/3.12.1/lib/python3.12/site-packages/airflow/example_dags/example_sensors.py
[2026-05-18T16:23:38.554+0000] {logging_mixin.py:190} INFO - [2026-05-18T16:23:38.554+0000] {dag.py:3239} INFO - Sync 1 DAGs
[2026-05-18T16:23:38.564+0000] {logging_mixin.py:190} INFO - [2026-05-18T16:23:38.564+0000] {dag.py:4180} INFO - Setting next_dagrun for example_sensors to None, run_after=None
[2026-05-18T16:23:38.589+0000] {processor.py:208} INFO - Processing /usr/local/python/3.12.1/lib/python3.12/site-packages/airflow/example_dags/example_sensors.py took 0.068 seconds
[2026-05-18T16:24:48.206+0000] {processor.py:186} INFO - Started process (PID=98535) to work on /usr/local/python/3.12.1/lib/python3.12/site-packages/airflow/example_dags/example_sensors.py
[2026-05-18T16:24:48.206+0000] {processor.py:914} INFO - Processing file /usr/local/python/3.12.1/lib/python3.12/site-packages/airflow/example_dags/example_sensors.py for tasks to queue
[2026-05-18T16:24:48.208+0000] {logging_mixin.py:190} INFO - [2026-05-18T16:24:48.207+0000] {dagbag.py:588} INFO - Filling up the DagBag from /usr/local/python/3.12.1/lib/python3.12/site-packages/airflow/example_dags/example_sensors.py
[2026-05-18T16:24:48.217+0000] {processor.py:925} INFO - DAG(s) 'example_sensors' retrieved from /usr/local/python/3.12.1/lib/python3.12/site-packages/airflow/example_dags/example_sensors.py
[2026-05-18T16:24:48.357+0000] {logging_mixin.py:190} INFO - [2026-05-18T16:24:48.357+0000] {dag.py:3239} INFO - Sync 1 DAGs
[2026-05-18T16:24:48.367+0000] {logging_mixin.py:190} INFO - [2026-05-18T16:24:48.367+0000] {dag.py:4180} INFO - Setting next_dagrun for example_sensors to None, run_after=None
[2026-05-18T16:24:48.389+0000] {processor.py:208} INFO - Processing /usr/local/python/3.12.1/lib/python3.12/site-packages/airflow/example_dags/example_sensors.py took 0.189 seconds
[2026-05-18T16:25:53.939+0000] {processor.py:186} INFO - Started process (PID=99149) to work on /usr/local/python/3.12.1/lib/python3.12/site-packages/airflow/example_dags/example_sensors.py
[2026-05-18T16:25:53.939+0000] {processor.py:914} INFO - Processing file /usr/local/python/3.12.1/lib/python3.12/site-packages/airflow/example_dags/example_sensors.py for tasks to queue
[2026-05-18T16:25:53.940+0000] {logging_mixin.py:190} INFO - [2026-05-18T16:25:53.940+0000] {dagbag.py:588} INFO - Filling up the DagBag from /usr/local/python/3.12.1/lib/python3.12/site-packages/airflow/example_dags/example_sensors.py
[2026-05-18T16:25:53.949+0000] {processor.py:925} INFO - DAG(s) 'example_sensors' retrieved from /usr/local/python/3.12.1/lib/python3.12/site-packages/airflow/example_dags/example_sensors.py
[2026-05-18T16:25:53.967+0000] {logging_mixin.py:190} INFO - [2026-05-18T16:25:53.967+0000] {dag.py:3239} INFO - Sync 1 DAGs
[2026-05-18T16:25:53.980+0000] {logging_mixin.py:190} INFO - [2026-05-18T16:25:53.980+0000] {dag.py:4180} INFO - Setting next_dagrun for example_sensors to None, run_after=None
[2026-05-18T16:25:53.999+0000] {processor.py:208} INFO - Processing /usr/local/python/3.12.1/lib/python3.12/site-packages/airflow/example_dags/example_sensors.py took 0.064 seconds
[2026-05-18T16:26:52.905+0000] {processor.py:186} INFO - Started process (PID=99728) to work on /usr/local/python/3.12.1/lib/python3.12/site-packages/airflow/example_dags/example_sensors.py
[2026-05-18T16:26:52.906+0000] {processor.py:914} INFO - Processing file /usr/local/python/3.12.1/lib/python3.12/site-packages/airflow/example_dags/example_sensors.py for tasks to queue
[2026-05-18T16:26:52.907+0000] {logging_mixin.py:190} INFO - [2026-05-18T16:26:52.906+0000] {dagbag.py:588} INFO - Filling up the DagBag from /usr/local/python/3.12.1/lib/python3.12/site-packages/airflow/example_dags/example_sensors.py
[2026-05-18T16:26:52.920+0000] {processor.py:925} INFO - DAG(s) 'example_sensors' retrieved from /usr/local/python/3.12.1/lib/python3.12/site-packages/airflow/example_dags/example_sensors.py
[2026-05-18T16:26:52.968+0000] {logging_mixin.py:190} INFO - [2026-05-18T16:26:52.968+0000] {dag.py:3239} INFO - Sync 1 DAGs
[2026-05-18T16:26:52.984+0000] {logging_mixin.py:190} INFO - [2026-05-18T16:26:52.984+0000] {dag.py:4180} INFO - Setting next_dagrun for example_sensors to None, run_after=None
[2026-05-18T16:26:53.019+0000] {processor.py:208} INFO - Processing /usr/local/python/3.12.1/lib/python3.12/site-packages/airflow/example_dags/example_sensors.py took 0.119 seconds
[2026-05-18T16:27:56.024+0000] {processor.py:186} INFO - Started process (PID=100270) to work on /usr/local/python/3.12.1/lib/python3.12/site-packages/airflow/example_dags/example_sensors.py
[2026-05-18T16:27:56.025+0000] {processor.py:914} INFO - Processing file /usr/local/python/3.12.1/lib/python3.12/site-packages/airflow/example_dags/example_sensors.py for tasks to queue
[2026-05-18T16:27:56.026+0000] {logging_mixin.py:190} INFO - [2026-05-18T16:27:56.025+0000] {dagbag.py:588} INFO - Filling up the DagBag from /usr/local/python/3.12.1/lib/python3.12/site-packages/airflow/example_dags/example_sensors.py
[2026-05-18T16:27:56.035+0000] {processor.py:925} INFO - DAG(s) 'example_sensors' retrieved from /usr/local/python/3.12.1/lib/python3.12/site-packages/airflow/example_dags/example_sensors.py
[2026-05-18T16:27:56.053+0000] {logging_mixin.py:190} INFO - [2026-05-18T16:27:56.053+0000] {dag.py:3239} INFO - Sync 1 DAGs
[2026-05-18T16:27:56.064+0000] {logging_mixin.py:190} INFO - [2026-05-18T16:27:56.064+0000] {dag.py:4180} INFO - Setting next_dagrun for example_sensors to None, run_after=None
[2026-05-18T16:27:56.082+0000] {processor.py:208} INFO - Processing /usr/local/python/3.12.1/lib/python3.12/site-packages/airflow/example_dags/example_sensors.py took 0.062 seconds
[2026-05-18T16:28:57.932+0000] {processor.py:186} INFO - Started process (PID=100800) to work on /usr/local/python/3.12.1/lib/python3.12/site-packages/airflow/example_dags/example_sensors.py
[2026-05-18T16:28:57.933+0000] {processor.py:914} INFO - Processing file /usr/local/python/3.12.1/lib/python3.12/site-packages/airflow/example_dags/example_sensors.py for tasks to queue
[2026-05-18T16:28:57.933+0000] {logging_mixin.py:190} INFO - [2026-05-18T16:28:57.933+0000] {dagbag.py:588} INFO - Filling up the DagBag from /usr/local/python/3.12.1/lib/python3.12/site-packages/airflow/example_dags/example_sensors.py
[2026-05-18T16:28:57.942+0000] {processor.py:925} INFO - DAG(s) 'example_sensors' retrieved from /usr/local/python/3.12.1/lib/python3.12/site-packages/airflow/example_dags/example_sensors.py
[2026-05-18T16:28:57.958+0000] {logging_mixin.py:190} INFO - [2026-05-18T16:28:57.958+0000] {dag.py:3239} INFO - Sync 1 DAGs
[2026-05-18T16:28:57.969+0000] {logging_mixin.py:190} INFO - [2026-05-18T16:28:57.969+0000] {dag.py:4180} INFO - Setting next_dagrun for example_sensors to None, run_after=None
[2026-05-18T16:28:58.011+0000] {processor.py:208} INFO - Processing /usr/local/python/3.12.1/lib/python3.12/site-packages/airflow/example_dags/example_sensors.py took 0.083 seconds
[2026-05-18T16:30:01.120+0000] {processor.py:186} INFO - Started process (PID=101347) to work on /usr/local/python/3.12.1/lib/python3.12/site-packages/airflow/example_dags/example_sensors.py
[2026-05-18T16:30:01.120+0000] {processor.py:914} INFO - Processing file /usr/local/python/3.12.1/lib/python3.12/site-packages/airflow/example_dags/example_sensors.py for tasks to queue
[2026-05-18T16:30:01.121+0000] {logging_mixin.py:190} INFO - [2026-05-18T16:30:01.121+0000] {dagbag.py:588} INFO - Filling up the DagBag from /usr/local/python/3.12.1/lib/python3.12/site-packages/airflow/example_dags/example_sensors.py
[2026-05-18T16:30:01.130+0000] {processor.py:925} INFO - DAG(s) 'example_sensors' retrieved from /usr/local/python/3.12.1/lib/python3.12/site-packages/airflow/example_dags/example_sensors.py
[2026-05-18T16:30:01.149+0000] {logging_mixin.py:190} INFO - [2026-05-18T16:30:01.148+0000] {dag.py:3239} INFO - Sync 1 DAGs
[2026-05-18T16:30:01.159+0000] {logging_mixin.py:190} INFO - [2026-05-18T16:30:01.159+0000] {dag.py:4180} INFO - Setting next_dagrun for example_sensors to None, run_after=None
[2026-05-18T16:30:01.180+0000] {processor.py:208} INFO - Processing /usr/local/python/3.12.1/lib/python3.12/site-packages/airflow/example_dags/example_sensors.py took 0.065 seconds
[2026-05-18T16:31:02.903+0000] {processor.py:186} INFO - Started process (PID=101938) to work on /usr/local/python/3.12.1/lib/python3.12/site-packages/airflow/example_dags/example_sensors.py
[2026-05-18T16:31:02.904+0000] {processor.py:914} INFO - Processing file /usr/local/python/3.12.1/lib/python3.12/site-packages/airflow/example_dags/example_sensors.py for tasks to queue
[2026-05-18T16:31:02.905+0000] {logging_mixin.py:190} INFO - [2026-05-18T16:31:02.904+0000] {dagbag.py:588} INFO - Filling up the DagBag from /usr/local/python/3.12.1/lib/python3.12/site-packages/airflow/example_dags/example_sensors.py
[2026-05-18T16:31:02.913+0000] {processor.py:925} INFO - DAG(s) 'example_sensors' retrieved from /usr/local/python/3.12.1/lib/python3.12/site-packages/airflow/example_dags/example_sensors.py
[2026-05-18T16:31:02.930+0000] {logging_mixin.py:190} INFO - [2026-05-18T16:31:02.930+0000] {dag.py:3239} INFO - Sync 1 DAGs
[2026-05-18T16:31:02.940+0000] {logging_mixin.py:190} INFO - [2026-05-18T16:31:02.940+0000] {dag.py:4180} INFO - Setting next_dagrun for example_sensors to None, run_after=None
[2026-05-18T16:31:02.959+0000] {processor.py:208} INFO - Processing /usr/local/python/3.12.1/lib/python3.12/site-packages/airflow/example_dags/example_sensors.py took 0.061 seconds
[2026-05-18T16:32:03.847+0000] {processor.py:186} INFO - Started process (PID=102469) to work on /usr/local/python/3.12.1/lib/python3.12/site-packages/airflow/example_dags/example_sensors.py
[2026-05-18T16:32:03.847+0000] {processor.py:914} INFO - Processing file /usr/local/python/3.12.1/lib/python3.12/site-packages/airflow/example_dags/example_sensors.py for tasks to queue
[2026-05-18T16:32:03.849+0000] {logging_mixin.py:190} INFO - [2026-05-18T16:32:03.848+0000] {dagbag.py:588} INFO - Filling up the DagBag from /usr/local/python/3.12.1/lib/python3.12/site-packages/airflow/example_dags/example_sensors.py
[2026-05-18T16:32:03.858+0000] {processor.py:925} INFO - DAG(s) 'example_sensors' retrieved from /usr/local/python/3.12.1/lib/python3.12/site-packages/airflow/example_dags/example_sensors.py
[2026-05-18T16:32:03.879+0000] {logging_mixin.py:190} INFO - [2026-05-18T16:32:03.879+0000] {dag.py:3239} INFO - Sync 1 DAGs
[2026-05-18T16:32:03.890+0000] {logging_mixin.py:190} INFO - [2026-05-18T16:32:03.890+0000] {dag.py:4180} INFO - Setting next_dagrun for example_sensors to None, run_after=None
[2026-05-18T16:32:03.906+0000] {processor.py:208} INFO - Processing /usr/local/python/3.12.1/lib/python3.12/site-packages/airflow/example_dags/example_sensors.py took 0.063 seconds
[2026-05-18T16:33:09.093+0000] {processor.py:186} INFO - Started process (PID=103045) to work on /usr/local/python/3.12.1/lib/python3.12/site-packages/airflow/example_dags/example_sensors.py
[2026-05-18T16:33:09.094+0000] {processor.py:914} INFO - Processing file /usr/local/python/3.12.1/lib/python3.12/site-packages/airflow/example_dags/example_sensors.py for tasks to queue
[2026-05-18T16:33:09.095+0000] {logging_mixin.py:190} INFO - [2026-05-18T16:33:09.094+0000] {dagbag.py:588} INFO - Filling up the DagBag from /usr/local/python/3.12.1/lib/python3.12/site-packages/airflow/example_dags/example_sensors.py
[2026-05-18T16:33:09.104+0000] {processor.py:925} INFO - DAG(s) 'example_sensors' retrieved from /usr/local/python/3.12.1/lib/python3.12/site-packages/airflow/example_dags/example_sensors.py
[2026-05-18T16:33:09.121+0000] {logging_mixin.py:190} INFO - [2026-05-18T16:33:09.121+0000] {dag.py:3239} INFO - Sync 1 DAGs
[2026-05-18T16:33:09.130+0000] {logging_mixin.py:190} INFO - [2026-05-18T16:33:09.130+0000] {dag.py:4180} INFO - Setting next_dagrun for example_sensors to None, run_after=None
[2026-05-18T16:33:09.147+0000] {processor.py:208} INFO - Processing /usr/local/python/3.12.1/lib/python3.12/site-packages/airflow/example_dags/example_sensors.py took 0.058 seconds
[2026-05-18T21:51:21.992+0000] {processor.py:186} INFO - Started process (PID=5238) to work on /usr/local/python/3.12.1/lib/python3.12/site-packages/airflow/example_dags/example_sensors.py
[2026-05-18T21:51:21.993+0000] {processor.py:914} INFO - Processing file /usr/local/python/3.12.1/lib/python3.12/site-packages/airflow/example_dags/example_sensors.py for tasks to queue
[2026-05-18T21:51:21.995+0000] {logging_mixin.py:190} INFO - [2026-05-18T21:51:21.995+0000] {dagbag.py:588} INFO - Filling up the DagBag from /usr/local/python/3.12.1/lib/python3.12/site-packages/airflow/example_dags/example_sensors.py
[2026-05-18T21:51:22.003+0000] {processor.py:925} INFO - DAG(s) 'example_sensors' retrieved from /usr/local/python/3.12.1/lib/python3.12/site-packages/airflow/example_dags/example_sensors.py
[2026-05-18T21:51:22.246+0000] {logging_mixin.py:190} INFO - [2026-05-18T21:51:22.246+0000] {dag.py:3239} INFO - Sync 1 DAGs
[2026-05-18T21:51:22.261+0000] {logging_mixin.py:190} INFO - [2026-05-18T21:51:22.260+0000] {dag.py:4180} INFO - Setting next_dagrun for example_sensors to None, run_after=None
[2026-05-18T21:51:22.291+0000] {processor.py:208} INFO - Processing /usr/local/python/3.12.1/lib/python3.12/site-packages/airflow/example_dags/example_sensors.py took 0.304 seconds
[2026-05-18T21:52:17.540+0000] {processor.py:186} INFO - Started process (PID=5733) to work on /usr/local/python/3.12.1/lib/python3.12/site-packages/airflow/example_dags/example_sensors.py
[2026-05-18T21:52:17.541+0000] {processor.py:914} INFO - Processing file /usr/local/python/3.12.1/lib/python3.12/site-packages/airflow/example_dags/example_sensors.py for tasks to queue
[2026-05-18T21:52:17.543+0000] {logging_mixin.py:190} INFO - [2026-05-18T21:52:17.542+0000] {dagbag.py:588} INFO - Filling up the DagBag from /usr/local/python/3.12.1/lib/python3.12/site-packages/airflow/example_dags/example_sensors.py
[2026-05-18T21:52:17.551+0000] {processor.py:925} INFO - DAG(s) 'example_sensors' retrieved from /usr/local/python/3.12.1/lib/python3.12/site-packages/airflow/example_dags/example_sensors.py
[2026-05-18T21:52:17.567+0000] {logging_mixin.py:190} INFO - [2026-05-18T21:52:17.567+0000] {dag.py:3239} INFO - Sync 1 DAGs
[2026-05-18T21:52:17.576+0000] {logging_mixin.py:190} INFO - [2026-05-18T21:52:17.576+0000] {dag.py:4180} INFO - Setting next_dagrun for example_sensors to None, run_after=None
[2026-05-18T21:52:17.592+0000] {processor.py:208} INFO - Processing /usr/local/python/3.12.1/lib/python3.12/site-packages/airflow/example_dags/example_sensors.py took 0.056 seconds
[2026-05-18T21:53:11.837+0000] {processor.py:186} INFO - Started process (PID=6340) to work on /usr/local/python/3.12.1/lib/python3.12/site-packages/airflow/example_dags/example_sensors.py
[2026-05-18T21:53:11.838+0000] {processor.py:914} INFO - Processing file /usr/local/python/3.12.1/lib/python3.12/site-packages/airflow/example_dags/example_sensors.py for tasks to queue
[2026-05-18T21:53:11.839+0000] {logging_mixin.py:190} INFO - [2026-05-18T21:53:11.839+0000] {dagbag.py:588} INFO - Filling up the DagBag from /usr/local/python/3.12.1/lib/python3.12/site-packages/airflow/example_dags/example_sensors.py
[2026-05-18T21:53:11.848+0000] {processor.py:925} INFO - DAG(s) 'example_sensors' retrieved from /usr/local/python/3.12.1/lib/python3.12/site-packages/airflow/example_dags/example_sensors.py
[2026-05-18T21:53:11.864+0000] {logging_mixin.py:190} INFO - [2026-05-18T21:53:11.864+0000] {dag.py:3239} INFO - Sync 1 DAGs
[2026-05-18T21:53:11.875+0000] {logging_mixin.py:190} INFO - [2026-05-18T21:53:11.875+0000] {dag.py:4180} INFO - Setting next_dagrun for example_sensors to None, run_after=None
[2026-05-18T21:53:11.892+0000] {processor.py:208} INFO - Processing /usr/local/python/3.12.1/lib/python3.12/site-packages/airflow/example_dags/example_sensors.py took 0.059 seconds
[2026-05-18T21:54:00.310+0000] {processor.py:186} INFO - Started process (PID=6787) to work on /usr/local/python/3.12.1/lib/python3.12/site-packages/airflow/example_dags/example_sensors.py
[2026-05-18T21:54:00.310+0000] {processor.py:914} INFO - Processing file /usr/local/python/3.12.1/lib/python3.12/site-packages/airflow/example_dags/example_sensors.py for tasks to queue
[2026-05-18T21:54:00.312+0000] {logging_mixin.py:190} INFO - [2026-05-18T21:54:00.311+0000] {dagbag.py:588} INFO - Filling up the DagBag from /usr/local/python/3.12.1/lib/python3.12/site-packages/airflow/example_dags/example_sensors.py
[2026-05-18T21:54:00.320+0000] {processor.py:925} INFO - DAG(s) 'example_sensors' retrieved from /usr/local/python/3.12.1/lib/python3.12/site-packages/airflow/example_dags/example_sensors.py
[2026-05-18T21:54:00.336+0000] {logging_mixin.py:190} INFO - [2026-05-18T21:54:00.336+0000] {dag.py:3239} INFO - Sync 1 DAGs
[2026-05-18T21:54:00.346+0000] {logging_mixin.py:190} INFO - [2026-05-18T21:54:00.346+0000] {dag.py:4180} INFO - Setting next_dagrun for example_sensors to None, run_after=None
[2026-05-18T21:54:00.362+0000] {processor.py:208} INFO - Processing /usr/local/python/3.12.1/lib/python3.12/site-packages/airflow/example_dags/example_sensors.py took 0.057 seconds
[2026-05-18T21:54:55.019+0000] {processor.py:186} INFO - Started process (PID=7917) to work on /usr/local/python/3.12.1/lib/python3.12/site-packages/airflow/example_dags/example_sensors.py
[2026-05-18T21:54:55.020+0000] {processor.py:914} INFO - Processing file /usr/local/python/3.12.1/lib/python3.12/site-packages/airflow/example_dags/example_sensors.py for tasks to queue
[2026-05-18T21:54:55.021+0000] {logging_mixin.py:190} INFO - [2026-05-18T21:54:55.021+0000] {dagbag.py:588} INFO - Filling up the DagBag from /usr/local/python/3.12.1/lib/python3.12/site-packages/airflow/example_dags/example_sensors.py
[2026-05-18T21:54:55.030+0000] {processor.py:925} INFO - DAG(s) 'example_sensors' retrieved from /usr/local/python/3.12.1/lib/python3.12/site-packages/airflow/example_dags/example_sensors.py
[2026-05-18T21:54:55.046+0000] {logging_mixin.py:190} INFO - [2026-05-18T21:54:55.046+0000] {dag.py:3239} INFO - Sync 1 DAGs
[2026-05-18T21:54:55.056+0000] {logging_mixin.py:190} INFO - [2026-05-18T21:54:55.056+0000] {dag.py:4180} INFO - Setting next_dagrun for example_sensors to None, run_after=None
[2026-05-18T21:54:55.073+0000] {processor.py:208} INFO - Processing /usr/local/python/3.12.1/lib/python3.12/site-packages/airflow/example_dags/example_sensors.py took 0.058 seconds
[2026-05-18T21:55:51.298+0000] {processor.py:186} INFO - Started process (PID=8677) to work on /usr/local/python/3.12.1/lib/python3.12/site-packages/airflow/example_dags/example_sensors.py
[2026-05-18T21:55:51.299+0000] {processor.py:914} INFO - Processing file /usr/local/python/3.12.1/lib/python3.12/site-packages/airflow/example_dags/example_sensors.py for tasks to queue
[2026-05-18T21:55:51.300+0000] {logging_mixin.py:190} INFO - [2026-05-18T21:55:51.300+0000] {dagbag.py:588} INFO - Filling up the DagBag from /usr/local/python/3.12.1/lib/python3.12/site-packages/airflow/example_dags/example_sensors.py
[2026-05-18T21:55:51.308+0000] {processor.py:925} INFO - DAG(s) 'example_sensors' retrieved from /usr/local/python/3.12.1/lib/python3.12/site-packages/airflow/example_dags/example_sensors.py
[2026-05-18T21:55:51.329+0000] {logging_mixin.py:190} INFO - [2026-05-18T21:55:51.329+0000] {dag.py:3239} INFO - Sync 1 DAGs
[2026-05-18T21:55:51.338+0000] {logging_mixin.py:190} INFO - [2026-05-18T21:55:51.338+0000] {dag.py:4180} INFO - Setting next_dagrun for example_sensors to None, run_after=None
[2026-05-18T21:55:51.358+0000] {processor.py:208} INFO - Processing /usr/local/python/3.12.1/lib/python3.12/site-packages/airflow/example_dags/example_sensors.py took 0.064 seconds
