[2026-05-18T00:48:44.950+0000] {processor.py:186} INFO - Started process (PID=3216) to work on /usr/local/python/3.12.1/lib/python3.12/site-packages/airflow/example_dags/example_subdag_operator.py
[2026-05-18T00:48:44.951+0000] {processor.py:914} INFO - Processing file /usr/local/python/3.12.1/lib/python3.12/site-packages/airflow/example_dags/example_subdag_operator.py for tasks to queue
[2026-05-18T00:48:44.952+0000] {logging_mixin.py:190} INFO - [2026-05-18T00:48:44.952+0000] {dagbag.py:588} INFO - Filling up the DagBag from /usr/local/python/3.12.1/lib/python3.12/site-packages/airflow/example_dags/example_subdag_operator.py
[2026-05-18T00:48:44.970+0000] {processor.py:925} INFO - DAG(s) 'example_subdag_operator.section-1', 'example_subdag_operator.section-2', 'example_subdag_operator' retrieved from /usr/local/python/3.12.1/lib/python3.12/site-packages/airflow/example_dags/example_subdag_operator.py
[2026-05-18T00:48:44.983+0000] {logging_mixin.py:190} INFO - [2026-05-18T00:48:44.983+0000] {dag.py:3239} INFO - Sync 3 DAGs
[2026-05-18T00:48:44.998+0000] {logging_mixin.py:190} INFO - [2026-05-18T00:48:44.997+0000] {dag.py:4180} INFO - Setting next_dagrun for example_subdag_operator to 2022-01-01 00:00:00+00:00, run_after=2022-01-01 00:00:00+00:00
[2026-05-18T00:48:45.000+0000] {logging_mixin.py:190} INFO - [2026-05-18T00:48:45.000+0000] {dag.py:4180} INFO - Setting next_dagrun for example_subdag_operator.section-1 to None, run_after=None
[2026-05-18T00:48:45.001+0000] {logging_mixin.py:190} INFO - [2026-05-18T00:48:45.001+0000] {dag.py:4180} INFO - Setting next_dagrun for example_subdag_operator.section-2 to None, run_after=None
[2026-05-18T00:48:45.005+0000] {logging_mixin.py:190} INFO - [2026-05-18T00:48:45.005+0000] {dag.py:3239} INFO - Sync 2 DAGs
[2026-05-18T00:48:45.008+0000] {logging_mixin.py:190} INFO - [2026-05-18T00:48:45.008+0000] {dag.py:4180} INFO - Setting next_dagrun for example_subdag_operator.section-1 to None, run_after=None
[2026-05-18T00:48:45.008+0000] {logging_mixin.py:190} INFO - [2026-05-18T00:48:45.008+0000] {dag.py:4180} INFO - Setting next_dagrun for example_subdag_operator.section-2 to None, run_after=None
[2026-05-18T00:48:45.018+0000] {processor.py:208} INFO - Processing /usr/local/python/3.12.1/lib/python3.12/site-packages/airflow/example_dags/example_subdag_operator.py took 0.073 seconds
[2026-05-18T00:49:38.736+0000] {processor.py:186} INFO - Started process (PID=3525) to work on /usr/local/python/3.12.1/lib/python3.12/site-packages/airflow/example_dags/example_subdag_operator.py
[2026-05-18T00:49:38.737+0000] {processor.py:914} INFO - Processing file /usr/local/python/3.12.1/lib/python3.12/site-packages/airflow/example_dags/example_subdag_operator.py for tasks to queue
[2026-05-18T00:49:38.738+0000] {logging_mixin.py:190} INFO - [2026-05-18T00:49:38.738+0000] {dagbag.py:588} INFO - Filling up the DagBag from /usr/local/python/3.12.1/lib/python3.12/site-packages/airflow/example_dags/example_subdag_operator.py
[2026-05-18T00:49:38.762+0000] {processor.py:925} INFO - DAG(s) 'example_subdag_operator.section-1', 'example_subdag_operator.section-2', 'example_subdag_operator' retrieved from /usr/local/python/3.12.1/lib/python3.12/site-packages/airflow/example_dags/example_subdag_operator.py
[2026-05-18T00:49:38.782+0000] {logging_mixin.py:190} INFO - [2026-05-18T00:49:38.781+0000] {dag.py:3239} INFO - Sync 3 DAGs
[2026-05-18T00:49:38.805+0000] {logging_mixin.py:190} INFO - [2026-05-18T00:49:38.805+0000] {dag.py:4180} INFO - Setting next_dagrun for example_subdag_operator to 2022-01-01 00:00:00+00:00, run_after=2022-01-01 00:00:00+00:00
[2026-05-18T00:49:38.808+0000] {logging_mixin.py:190} INFO - [2026-05-18T00:49:38.808+0000] {dag.py:4180} INFO - Setting next_dagrun for example_subdag_operator.section-1 to None, run_after=None
[2026-05-18T00:49:38.809+0000] {logging_mixin.py:190} INFO - [2026-05-18T00:49:38.809+0000] {dag.py:4180} INFO - Setting next_dagrun for example_subdag_operator.section-2 to None, run_after=None
[2026-05-18T00:49:38.813+0000] {logging_mixin.py:190} INFO - [2026-05-18T00:49:38.813+0000] {dag.py:3239} INFO - Sync 2 DAGs
[2026-05-18T00:49:38.816+0000] {logging_mixin.py:190} INFO - [2026-05-18T00:49:38.816+0000] {dag.py:4180} INFO - Setting next_dagrun for example_subdag_operator.section-1 to None, run_after=None
[2026-05-18T00:49:38.816+0000] {logging_mixin.py:190} INFO - [2026-05-18T00:49:38.816+0000] {dag.py:4180} INFO - Setting next_dagrun for example_subdag_operator.section-2 to None, run_after=None
[2026-05-18T00:49:38.827+0000] {processor.py:208} INFO - Processing /usr/local/python/3.12.1/lib/python3.12/site-packages/airflow/example_dags/example_subdag_operator.py took 0.095 seconds
[2026-05-18T00:50:27.995+0000] {processor.py:186} INFO - Started process (PID=4039) to work on /usr/local/python/3.12.1/lib/python3.12/site-packages/airflow/example_dags/example_subdag_operator.py
[2026-05-18T00:50:27.996+0000] {processor.py:914} INFO - Processing file /usr/local/python/3.12.1/lib/python3.12/site-packages/airflow/example_dags/example_subdag_operator.py for tasks to queue
[2026-05-18T00:50:27.998+0000] {logging_mixin.py:190} INFO - [2026-05-18T00:50:27.998+0000] {dagbag.py:588} INFO - Filling up the DagBag from /usr/local/python/3.12.1/lib/python3.12/site-packages/airflow/example_dags/example_subdag_operator.py
[2026-05-18T00:50:28.018+0000] {processor.py:925} INFO - DAG(s) 'example_subdag_operator.section-1', 'example_subdag_operator.section-2', 'example_subdag_operator' retrieved from /usr/local/python/3.12.1/lib/python3.12/site-packages/airflow/example_dags/example_subdag_operator.py
[2026-05-18T00:50:28.032+0000] {logging_mixin.py:190} INFO - [2026-05-18T00:50:28.032+0000] {dag.py:3239} INFO - Sync 3 DAGs
[2026-05-18T00:50:28.048+0000] {logging_mixin.py:190} INFO - [2026-05-18T00:50:28.048+0000] {dag.py:4180} INFO - Setting next_dagrun for example_subdag_operator to 2022-01-01 00:00:00+00:00, run_after=2022-01-01 00:00:00+00:00
[2026-05-18T00:50:28.051+0000] {logging_mixin.py:190} INFO - [2026-05-18T00:50:28.051+0000] {dag.py:4180} INFO - Setting next_dagrun for example_subdag_operator.section-1 to None, run_after=None
[2026-05-18T00:50:28.052+0000] {logging_mixin.py:190} INFO - [2026-05-18T00:50:28.051+0000] {dag.py:4180} INFO - Setting next_dagrun for example_subdag_operator.section-2 to None, run_after=None
[2026-05-18T00:50:28.056+0000] {logging_mixin.py:190} INFO - [2026-05-18T00:50:28.056+0000] {dag.py:3239} INFO - Sync 2 DAGs
[2026-05-18T00:50:28.059+0000] {logging_mixin.py:190} INFO - [2026-05-18T00:50:28.059+0000] {dag.py:4180} INFO - Setting next_dagrun for example_subdag_operator.section-1 to None, run_after=None
[2026-05-18T00:50:28.060+0000] {logging_mixin.py:190} INFO - [2026-05-18T00:50:28.059+0000] {dag.py:4180} INFO - Setting next_dagrun for example_subdag_operator.section-2 to None, run_after=None
[2026-05-18T00:50:28.072+0000] {processor.py:208} INFO - Processing /usr/local/python/3.12.1/lib/python3.12/site-packages/airflow/example_dags/example_subdag_operator.py took 0.083 seconds
[2026-05-18T00:51:17.472+0000] {processor.py:186} INFO - Started process (PID=4665) to work on /usr/local/python/3.12.1/lib/python3.12/site-packages/airflow/example_dags/example_subdag_operator.py
[2026-05-18T00:51:17.473+0000] {processor.py:914} INFO - Processing file /usr/local/python/3.12.1/lib/python3.12/site-packages/airflow/example_dags/example_subdag_operator.py for tasks to queue
[2026-05-18T00:51:17.475+0000] {logging_mixin.py:190} INFO - [2026-05-18T00:51:17.475+0000] {dagbag.py:588} INFO - Filling up the DagBag from /usr/local/python/3.12.1/lib/python3.12/site-packages/airflow/example_dags/example_subdag_operator.py
[2026-05-18T00:51:17.496+0000] {processor.py:925} INFO - DAG(s) 'example_subdag_operator.section-1', 'example_subdag_operator.section-2', 'example_subdag_operator' retrieved from /usr/local/python/3.12.1/lib/python3.12/site-packages/airflow/example_dags/example_subdag_operator.py
[2026-05-18T00:51:17.507+0000] {logging_mixin.py:190} INFO - [2026-05-18T00:51:17.507+0000] {dag.py:3239} INFO - Sync 3 DAGs
[2026-05-18T00:51:17.527+0000] {logging_mixin.py:190} INFO - [2026-05-18T00:51:17.527+0000] {dag.py:4180} INFO - Setting next_dagrun for example_subdag_operator to 2022-01-01 00:00:00+00:00, run_after=2022-01-01 00:00:00+00:00
[2026-05-18T00:51:17.531+0000] {logging_mixin.py:190} INFO - [2026-05-18T00:51:17.531+0000] {dag.py:4180} INFO - Setting next_dagrun for example_subdag_operator.section-1 to None, run_after=None
[2026-05-18T00:51:17.533+0000] {logging_mixin.py:190} INFO - [2026-05-18T00:51:17.533+0000] {dag.py:4180} INFO - Setting next_dagrun for example_subdag_operator.section-2 to None, run_after=None
[2026-05-18T00:51:17.540+0000] {logging_mixin.py:190} INFO - [2026-05-18T00:51:17.539+0000] {dag.py:3239} INFO - Sync 2 DAGs
[2026-05-18T00:51:17.544+0000] {logging_mixin.py:190} INFO - [2026-05-18T00:51:17.543+0000] {dag.py:4180} INFO - Setting next_dagrun for example_subdag_operator.section-1 to None, run_after=None
[2026-05-18T00:51:17.544+0000] {logging_mixin.py:190} INFO - [2026-05-18T00:51:17.544+0000] {dag.py:4180} INFO - Setting next_dagrun for example_subdag_operator.section-2 to None, run_after=None
[2026-05-18T00:51:17.570+0000] {processor.py:208} INFO - Processing /usr/local/python/3.12.1/lib/python3.12/site-packages/airflow/example_dags/example_subdag_operator.py took 0.102 seconds
[2026-05-18T00:52:11.072+0000] {processor.py:186} INFO - Started process (PID=5322) to work on /usr/local/python/3.12.1/lib/python3.12/site-packages/airflow/example_dags/example_subdag_operator.py
[2026-05-18T00:52:11.072+0000] {processor.py:914} INFO - Processing file /usr/local/python/3.12.1/lib/python3.12/site-packages/airflow/example_dags/example_subdag_operator.py for tasks to queue
[2026-05-18T00:52:11.074+0000] {logging_mixin.py:190} INFO - [2026-05-18T00:52:11.074+0000] {dagbag.py:588} INFO - Filling up the DagBag from /usr/local/python/3.12.1/lib/python3.12/site-packages/airflow/example_dags/example_subdag_operator.py
[2026-05-18T00:52:11.092+0000] {processor.py:925} INFO - DAG(s) 'example_subdag_operator.section-1', 'example_subdag_operator.section-2', 'example_subdag_operator' retrieved from /usr/local/python/3.12.1/lib/python3.12/site-packages/airflow/example_dags/example_subdag_operator.py
[2026-05-18T00:52:11.103+0000] {logging_mixin.py:190} INFO - [2026-05-18T00:52:11.103+0000] {dag.py:3239} INFO - Sync 3 DAGs
[2026-05-18T00:52:11.124+0000] {logging_mixin.py:190} INFO - [2026-05-18T00:52:11.124+0000] {dag.py:4180} INFO - Setting next_dagrun for example_subdag_operator to 2022-01-01 00:00:00+00:00, run_after=2022-01-01 00:00:00+00:00
[2026-05-18T00:52:11.126+0000] {logging_mixin.py:190} INFO - [2026-05-18T00:52:11.126+0000] {dag.py:4180} INFO - Setting next_dagrun for example_subdag_operator.section-1 to None, run_after=None
[2026-05-18T00:52:11.127+0000] {logging_mixin.py:190} INFO - [2026-05-18T00:52:11.127+0000] {dag.py:4180} INFO - Setting next_dagrun for example_subdag_operator.section-2 to None, run_after=None
[2026-05-18T00:52:11.132+0000] {logging_mixin.py:190} INFO - [2026-05-18T00:52:11.131+0000] {dag.py:3239} INFO - Sync 2 DAGs
[2026-05-18T00:52:11.134+0000] {logging_mixin.py:190} INFO - [2026-05-18T00:52:11.134+0000] {dag.py:4180} INFO - Setting next_dagrun for example_subdag_operator.section-1 to None, run_after=None
[2026-05-18T00:52:11.135+0000] {logging_mixin.py:190} INFO - [2026-05-18T00:52:11.135+0000] {dag.py:4180} INFO - Setting next_dagrun for example_subdag_operator.section-2 to None, run_after=None
[2026-05-18T00:52:11.145+0000] {processor.py:208} INFO - Processing /usr/local/python/3.12.1/lib/python3.12/site-packages/airflow/example_dags/example_subdag_operator.py took 0.078 seconds
[2026-05-18T00:53:02.378+0000] {processor.py:186} INFO - Started process (PID=5679) to work on /usr/local/python/3.12.1/lib/python3.12/site-packages/airflow/example_dags/example_subdag_operator.py
[2026-05-18T00:53:02.379+0000] {processor.py:914} INFO - Processing file /usr/local/python/3.12.1/lib/python3.12/site-packages/airflow/example_dags/example_subdag_operator.py for tasks to queue
[2026-05-18T00:53:02.382+0000] {logging_mixin.py:190} INFO - [2026-05-18T00:53:02.382+0000] {dagbag.py:588} INFO - Filling up the DagBag from /usr/local/python/3.12.1/lib/python3.12/site-packages/airflow/example_dags/example_subdag_operator.py
[2026-05-18T00:53:02.405+0000] {processor.py:925} INFO - DAG(s) 'example_subdag_operator.section-1', 'example_subdag_operator.section-2', 'example_subdag_operator' retrieved from /usr/local/python/3.12.1/lib/python3.12/site-packages/airflow/example_dags/example_subdag_operator.py
[2026-05-18T00:53:02.416+0000] {logging_mixin.py:190} INFO - [2026-05-18T00:53:02.416+0000] {dag.py:3239} INFO - Sync 3 DAGs
[2026-05-18T00:53:02.431+0000] {logging_mixin.py:190} INFO - [2026-05-18T00:53:02.431+0000] {dag.py:4180} INFO - Setting next_dagrun for example_subdag_operator to 2022-01-01 00:00:00+00:00, run_after=2022-01-01 00:00:00+00:00
[2026-05-18T00:53:02.434+0000] {logging_mixin.py:190} INFO - [2026-05-18T00:53:02.434+0000] {dag.py:4180} INFO - Setting next_dagrun for example_subdag_operator.section-1 to None, run_after=None
[2026-05-18T00:53:02.435+0000] {logging_mixin.py:190} INFO - [2026-05-18T00:53:02.434+0000] {dag.py:4180} INFO - Setting next_dagrun for example_subdag_operator.section-2 to None, run_after=None
[2026-05-18T00:53:02.439+0000] {logging_mixin.py:190} INFO - [2026-05-18T00:53:02.439+0000] {dag.py:3239} INFO - Sync 2 DAGs
[2026-05-18T00:53:02.442+0000] {logging_mixin.py:190} INFO - [2026-05-18T00:53:02.442+0000] {dag.py:4180} INFO - Setting next_dagrun for example_subdag_operator.section-1 to None, run_after=None
[2026-05-18T00:53:02.442+0000] {logging_mixin.py:190} INFO - [2026-05-18T00:53:02.442+0000] {dag.py:4180} INFO - Setting next_dagrun for example_subdag_operator.section-2 to None, run_after=None
[2026-05-18T00:53:02.453+0000] {processor.py:208} INFO - Processing /usr/local/python/3.12.1/lib/python3.12/site-packages/airflow/example_dags/example_subdag_operator.py took 0.097 seconds
[2026-05-18T00:53:53.123+0000] {processor.py:186} INFO - Started process (PID=6050) to work on /usr/local/python/3.12.1/lib/python3.12/site-packages/airflow/example_dags/example_subdag_operator.py
[2026-05-18T00:53:53.124+0000] {processor.py:914} INFO - Processing file /usr/local/python/3.12.1/lib/python3.12/site-packages/airflow/example_dags/example_subdag_operator.py for tasks to queue
[2026-05-18T00:53:53.126+0000] {logging_mixin.py:190} INFO - [2026-05-18T00:53:53.125+0000] {dagbag.py:588} INFO - Filling up the DagBag from /usr/local/python/3.12.1/lib/python3.12/site-packages/airflow/example_dags/example_subdag_operator.py
[2026-05-18T00:53:53.144+0000] {processor.py:925} INFO - DAG(s) 'example_subdag_operator.section-1', 'example_subdag_operator.section-2', 'example_subdag_operator' retrieved from /usr/local/python/3.12.1/lib/python3.12/site-packages/airflow/example_dags/example_subdag_operator.py
[2026-05-18T00:53:53.156+0000] {logging_mixin.py:190} INFO - [2026-05-18T00:53:53.155+0000] {dag.py:3239} INFO - Sync 3 DAGs
[2026-05-18T00:53:53.170+0000] {logging_mixin.py:190} INFO - [2026-05-18T00:53:53.170+0000] {dag.py:4180} INFO - Setting next_dagrun for example_subdag_operator to 2022-01-01 00:00:00+00:00, run_after=2022-01-01 00:00:00+00:00
[2026-05-18T00:53:53.173+0000] {logging_mixin.py:190} INFO - [2026-05-18T00:53:53.173+0000] {dag.py:4180} INFO - Setting next_dagrun for example_subdag_operator.section-1 to None, run_after=None
[2026-05-18T00:53:53.174+0000] {logging_mixin.py:190} INFO - [2026-05-18T00:53:53.174+0000] {dag.py:4180} INFO - Setting next_dagrun for example_subdag_operator.section-2 to None, run_after=None
[2026-05-18T00:53:53.178+0000] {logging_mixin.py:190} INFO - [2026-05-18T00:53:53.178+0000] {dag.py:3239} INFO - Sync 2 DAGs
[2026-05-18T00:53:53.181+0000] {logging_mixin.py:190} INFO - [2026-05-18T00:53:53.181+0000] {dag.py:4180} INFO - Setting next_dagrun for example_subdag_operator.section-1 to None, run_after=None
[2026-05-18T00:53:53.181+0000] {logging_mixin.py:190} INFO - [2026-05-18T00:53:53.181+0000] {dag.py:4180} INFO - Setting next_dagrun for example_subdag_operator.section-2 to None, run_after=None
[2026-05-18T00:53:53.193+0000] {processor.py:208} INFO - Processing /usr/local/python/3.12.1/lib/python3.12/site-packages/airflow/example_dags/example_subdag_operator.py took 0.075 seconds
[2026-05-18T00:54:43.544+0000] {processor.py:186} INFO - Started process (PID=6391) to work on /usr/local/python/3.12.1/lib/python3.12/site-packages/airflow/example_dags/example_subdag_operator.py
[2026-05-18T00:54:43.545+0000] {processor.py:914} INFO - Processing file /usr/local/python/3.12.1/lib/python3.12/site-packages/airflow/example_dags/example_subdag_operator.py for tasks to queue
[2026-05-18T00:54:43.547+0000] {logging_mixin.py:190} INFO - [2026-05-18T00:54:43.546+0000] {dagbag.py:588} INFO - Filling up the DagBag from /usr/local/python/3.12.1/lib/python3.12/site-packages/airflow/example_dags/example_subdag_operator.py
[2026-05-18T00:54:43.565+0000] {processor.py:925} INFO - DAG(s) 'example_subdag_operator.section-1', 'example_subdag_operator.section-2', 'example_subdag_operator' retrieved from /usr/local/python/3.12.1/lib/python3.12/site-packages/airflow/example_dags/example_subdag_operator.py
[2026-05-18T00:54:43.576+0000] {logging_mixin.py:190} INFO - [2026-05-18T00:54:43.576+0000] {dag.py:3239} INFO - Sync 3 DAGs
[2026-05-18T00:54:43.591+0000] {logging_mixin.py:190} INFO - [2026-05-18T00:54:43.591+0000] {dag.py:4180} INFO - Setting next_dagrun for example_subdag_operator to 2022-01-01 00:00:00+00:00, run_after=2022-01-01 00:00:00+00:00
[2026-05-18T00:54:43.594+0000] {logging_mixin.py:190} INFO - [2026-05-18T00:54:43.594+0000] {dag.py:4180} INFO - Setting next_dagrun for example_subdag_operator.section-1 to None, run_after=None
[2026-05-18T00:54:43.595+0000] {logging_mixin.py:190} INFO - [2026-05-18T00:54:43.595+0000] {dag.py:4180} INFO - Setting next_dagrun for example_subdag_operator.section-2 to None, run_after=None
[2026-05-18T00:54:43.599+0000] {logging_mixin.py:190} INFO - [2026-05-18T00:54:43.599+0000] {dag.py:3239} INFO - Sync 2 DAGs
[2026-05-18T00:54:43.602+0000] {logging_mixin.py:190} INFO - [2026-05-18T00:54:43.602+0000] {dag.py:4180} INFO - Setting next_dagrun for example_subdag_operator.section-1 to None, run_after=None
[2026-05-18T00:54:43.602+0000] {logging_mixin.py:190} INFO - [2026-05-18T00:54:43.602+0000] {dag.py:4180} INFO - Setting next_dagrun for example_subdag_operator.section-2 to None, run_after=None
[2026-05-18T00:54:43.613+0000] {processor.py:208} INFO - Processing /usr/local/python/3.12.1/lib/python3.12/site-packages/airflow/example_dags/example_subdag_operator.py took 0.073 seconds
[2026-05-18T00:55:34.741+0000] {processor.py:186} INFO - Started process (PID=6739) to work on /usr/local/python/3.12.1/lib/python3.12/site-packages/airflow/example_dags/example_subdag_operator.py
[2026-05-18T00:55:34.741+0000] {processor.py:914} INFO - Processing file /usr/local/python/3.12.1/lib/python3.12/site-packages/airflow/example_dags/example_subdag_operator.py for tasks to queue
[2026-05-18T00:55:34.743+0000] {logging_mixin.py:190} INFO - [2026-05-18T00:55:34.743+0000] {dagbag.py:588} INFO - Filling up the DagBag from /usr/local/python/3.12.1/lib/python3.12/site-packages/airflow/example_dags/example_subdag_operator.py
[2026-05-18T00:55:34.764+0000] {processor.py:925} INFO - DAG(s) 'example_subdag_operator.section-1', 'example_subdag_operator.section-2', 'example_subdag_operator' retrieved from /usr/local/python/3.12.1/lib/python3.12/site-packages/airflow/example_dags/example_subdag_operator.py
[2026-05-18T00:55:34.775+0000] {logging_mixin.py:190} INFO - [2026-05-18T00:55:34.774+0000] {dag.py:3239} INFO - Sync 3 DAGs
[2026-05-18T00:55:34.789+0000] {logging_mixin.py:190} INFO - [2026-05-18T00:55:34.789+0000] {dag.py:4180} INFO - Setting next_dagrun for example_subdag_operator to 2022-01-01 00:00:00+00:00, run_after=2022-01-01 00:00:00+00:00
[2026-05-18T00:55:34.792+0000] {logging_mixin.py:190} INFO - [2026-05-18T00:55:34.792+0000] {dag.py:4180} INFO - Setting next_dagrun for example_subdag_operator.section-1 to None, run_after=None
[2026-05-18T00:55:34.793+0000] {logging_mixin.py:190} INFO - [2026-05-18T00:55:34.792+0000] {dag.py:4180} INFO - Setting next_dagrun for example_subdag_operator.section-2 to None, run_after=None
[2026-05-18T00:55:34.797+0000] {logging_mixin.py:190} INFO - [2026-05-18T00:55:34.797+0000] {dag.py:3239} INFO - Sync 2 DAGs
[2026-05-18T00:55:34.800+0000] {logging_mixin.py:190} INFO - [2026-05-18T00:55:34.800+0000] {dag.py:4180} INFO - Setting next_dagrun for example_subdag_operator.section-1 to None, run_after=None
[2026-05-18T00:55:34.800+0000] {logging_mixin.py:190} INFO - [2026-05-18T00:55:34.800+0000] {dag.py:4180} INFO - Setting next_dagrun for example_subdag_operator.section-2 to None, run_after=None
[2026-05-18T00:55:34.821+0000] {processor.py:208} INFO - Processing /usr/local/python/3.12.1/lib/python3.12/site-packages/airflow/example_dags/example_subdag_operator.py took 0.085 seconds
[2026-05-18T00:56:31.894+0000] {processor.py:186} INFO - Started process (PID=7140) to work on /usr/local/python/3.12.1/lib/python3.12/site-packages/airflow/example_dags/example_subdag_operator.py
[2026-05-18T00:56:31.895+0000] {processor.py:914} INFO - Processing file /usr/local/python/3.12.1/lib/python3.12/site-packages/airflow/example_dags/example_subdag_operator.py for tasks to queue
[2026-05-18T00:56:31.897+0000] {logging_mixin.py:190} INFO - [2026-05-18T00:56:31.897+0000] {dagbag.py:588} INFO - Filling up the DagBag from /usr/local/python/3.12.1/lib/python3.12/site-packages/airflow/example_dags/example_subdag_operator.py
[2026-05-18T00:56:31.918+0000] {processor.py:925} INFO - DAG(s) 'example_subdag_operator.section-1', 'example_subdag_operator.section-2', 'example_subdag_operator' retrieved from /usr/local/python/3.12.1/lib/python3.12/site-packages/airflow/example_dags/example_subdag_operator.py
[2026-05-18T00:56:31.934+0000] {logging_mixin.py:190} INFO - [2026-05-18T00:56:31.934+0000] {dag.py:3239} INFO - Sync 3 DAGs
[2026-05-18T00:56:31.950+0000] {logging_mixin.py:190} INFO - [2026-05-18T00:56:31.949+0000] {dag.py:4180} INFO - Setting next_dagrun for example_subdag_operator to 2022-01-01 00:00:00+00:00, run_after=2022-01-01 00:00:00+00:00
[2026-05-18T00:56:31.952+0000] {logging_mixin.py:190} INFO - [2026-05-18T00:56:31.952+0000] {dag.py:4180} INFO - Setting next_dagrun for example_subdag_operator.section-1 to None, run_after=None
[2026-05-18T00:56:31.953+0000] {logging_mixin.py:190} INFO - [2026-05-18T00:56:31.953+0000] {dag.py:4180} INFO - Setting next_dagrun for example_subdag_operator.section-2 to None, run_after=None
[2026-05-18T00:56:31.957+0000] {logging_mixin.py:190} INFO - [2026-05-18T00:56:31.957+0000] {dag.py:3239} INFO - Sync 2 DAGs
[2026-05-18T00:56:31.960+0000] {logging_mixin.py:190} INFO - [2026-05-18T00:56:31.960+0000] {dag.py:4180} INFO - Setting next_dagrun for example_subdag_operator.section-1 to None, run_after=None
[2026-05-18T00:56:31.961+0000] {logging_mixin.py:190} INFO - [2026-05-18T00:56:31.960+0000] {dag.py:4180} INFO - Setting next_dagrun for example_subdag_operator.section-2 to None, run_after=None
[2026-05-18T00:56:31.971+0000] {processor.py:208} INFO - Processing /usr/local/python/3.12.1/lib/python3.12/site-packages/airflow/example_dags/example_subdag_operator.py took 0.081 seconds
[2026-05-18T00:57:29.757+0000] {processor.py:186} INFO - Started process (PID=7470) to work on /usr/local/python/3.12.1/lib/python3.12/site-packages/airflow/example_dags/example_subdag_operator.py
[2026-05-18T00:57:29.758+0000] {processor.py:914} INFO - Processing file /usr/local/python/3.12.1/lib/python3.12/site-packages/airflow/example_dags/example_subdag_operator.py for tasks to queue
[2026-05-18T00:57:29.760+0000] {logging_mixin.py:190} INFO - [2026-05-18T00:57:29.760+0000] {dagbag.py:588} INFO - Filling up the DagBag from /usr/local/python/3.12.1/lib/python3.12/site-packages/airflow/example_dags/example_subdag_operator.py
[2026-05-18T00:57:29.778+0000] {processor.py:925} INFO - DAG(s) 'example_subdag_operator.section-1', 'example_subdag_operator.section-2', 'example_subdag_operator' retrieved from /usr/local/python/3.12.1/lib/python3.12/site-packages/airflow/example_dags/example_subdag_operator.py
[2026-05-18T00:57:29.789+0000] {logging_mixin.py:190} INFO - [2026-05-18T00:57:29.789+0000] {dag.py:3239} INFO - Sync 3 DAGs
[2026-05-18T00:57:29.811+0000] {logging_mixin.py:190} INFO - [2026-05-18T00:57:29.811+0000] {dag.py:4180} INFO - Setting next_dagrun for example_subdag_operator to 2022-01-01 00:00:00+00:00, run_after=2022-01-01 00:00:00+00:00
[2026-05-18T00:57:29.813+0000] {logging_mixin.py:190} INFO - [2026-05-18T00:57:29.813+0000] {dag.py:4180} INFO - Setting next_dagrun for example_subdag_operator.section-1 to None, run_after=None
[2026-05-18T00:57:29.814+0000] {logging_mixin.py:190} INFO - [2026-05-18T00:57:29.814+0000] {dag.py:4180} INFO - Setting next_dagrun for example_subdag_operator.section-2 to None, run_after=None
[2026-05-18T00:57:29.818+0000] {logging_mixin.py:190} INFO - [2026-05-18T00:57:29.818+0000] {dag.py:3239} INFO - Sync 2 DAGs
[2026-05-18T00:57:29.821+0000] {logging_mixin.py:190} INFO - [2026-05-18T00:57:29.821+0000] {dag.py:4180} INFO - Setting next_dagrun for example_subdag_operator.section-1 to None, run_after=None
[2026-05-18T00:57:29.822+0000] {logging_mixin.py:190} INFO - [2026-05-18T00:57:29.821+0000] {dag.py:4180} INFO - Setting next_dagrun for example_subdag_operator.section-2 to None, run_after=None
[2026-05-18T00:57:29.831+0000] {processor.py:208} INFO - Processing /usr/local/python/3.12.1/lib/python3.12/site-packages/airflow/example_dags/example_subdag_operator.py took 0.079 seconds
[2026-05-18T00:58:21.400+0000] {processor.py:186} INFO - Started process (PID=7827) to work on /usr/local/python/3.12.1/lib/python3.12/site-packages/airflow/example_dags/example_subdag_operator.py
[2026-05-18T00:58:21.401+0000] {processor.py:914} INFO - Processing file /usr/local/python/3.12.1/lib/python3.12/site-packages/airflow/example_dags/example_subdag_operator.py for tasks to queue
[2026-05-18T00:58:21.403+0000] {logging_mixin.py:190} INFO - [2026-05-18T00:58:21.402+0000] {dagbag.py:588} INFO - Filling up the DagBag from /usr/local/python/3.12.1/lib/python3.12/site-packages/airflow/example_dags/example_subdag_operator.py
[2026-05-18T00:58:21.424+0000] {processor.py:925} INFO - DAG(s) 'example_subdag_operator.section-1', 'example_subdag_operator.section-2', 'example_subdag_operator' retrieved from /usr/local/python/3.12.1/lib/python3.12/site-packages/airflow/example_dags/example_subdag_operator.py
[2026-05-18T00:58:21.440+0000] {logging_mixin.py:190} INFO - [2026-05-18T00:58:21.440+0000] {dag.py:3239} INFO - Sync 3 DAGs
[2026-05-18T00:58:21.456+0000] {logging_mixin.py:190} INFO - [2026-05-18T00:58:21.456+0000] {dag.py:4180} INFO - Setting next_dagrun for example_subdag_operator to 2022-01-01 00:00:00+00:00, run_after=2022-01-01 00:00:00+00:00
[2026-05-18T00:58:21.459+0000] {logging_mixin.py:190} INFO - [2026-05-18T00:58:21.459+0000] {dag.py:4180} INFO - Setting next_dagrun for example_subdag_operator.section-1 to None, run_after=None
[2026-05-18T00:58:21.460+0000] {logging_mixin.py:190} INFO - [2026-05-18T00:58:21.460+0000] {dag.py:4180} INFO - Setting next_dagrun for example_subdag_operator.section-2 to None, run_after=None
[2026-05-18T00:58:21.465+0000] {logging_mixin.py:190} INFO - [2026-05-18T00:58:21.464+0000] {dag.py:3239} INFO - Sync 2 DAGs
[2026-05-18T00:58:21.467+0000] {logging_mixin.py:190} INFO - [2026-05-18T00:58:21.467+0000] {dag.py:4180} INFO - Setting next_dagrun for example_subdag_operator.section-1 to None, run_after=None
[2026-05-18T00:58:21.468+0000] {logging_mixin.py:190} INFO - [2026-05-18T00:58:21.468+0000] {dag.py:4180} INFO - Setting next_dagrun for example_subdag_operator.section-2 to None, run_after=None
[2026-05-18T00:58:21.478+0000] {processor.py:208} INFO - Processing /usr/local/python/3.12.1/lib/python3.12/site-packages/airflow/example_dags/example_subdag_operator.py took 0.082 seconds
[2026-05-18T00:59:10.001+0000] {processor.py:186} INFO - Started process (PID=8244) to work on /usr/local/python/3.12.1/lib/python3.12/site-packages/airflow/example_dags/example_subdag_operator.py
[2026-05-18T00:59:10.002+0000] {processor.py:914} INFO - Processing file /usr/local/python/3.12.1/lib/python3.12/site-packages/airflow/example_dags/example_subdag_operator.py for tasks to queue
[2026-05-18T00:59:10.004+0000] {logging_mixin.py:190} INFO - [2026-05-18T00:59:10.003+0000] {dagbag.py:588} INFO - Filling up the DagBag from /usr/local/python/3.12.1/lib/python3.12/site-packages/airflow/example_dags/example_subdag_operator.py
[2026-05-18T00:59:10.022+0000] {processor.py:925} INFO - DAG(s) 'example_subdag_operator.section-1', 'example_subdag_operator.section-2', 'example_subdag_operator' retrieved from /usr/local/python/3.12.1/lib/python3.12/site-packages/airflow/example_dags/example_subdag_operator.py
[2026-05-18T00:59:10.034+0000] {logging_mixin.py:190} INFO - [2026-05-18T00:59:10.034+0000] {dag.py:3239} INFO - Sync 3 DAGs
[2026-05-18T00:59:10.049+0000] {logging_mixin.py:190} INFO - [2026-05-18T00:59:10.048+0000] {dag.py:4180} INFO - Setting next_dagrun for example_subdag_operator to 2022-01-01 00:00:00+00:00, run_after=2022-01-01 00:00:00+00:00
[2026-05-18T00:59:10.051+0000] {logging_mixin.py:190} INFO - [2026-05-18T00:59:10.051+0000] {dag.py:4180} INFO - Setting next_dagrun for example_subdag_operator.section-1 to None, run_after=None
[2026-05-18T00:59:10.052+0000] {logging_mixin.py:190} INFO - [2026-05-18T00:59:10.052+0000] {dag.py:4180} INFO - Setting next_dagrun for example_subdag_operator.section-2 to None, run_after=None
[2026-05-18T00:59:10.056+0000] {logging_mixin.py:190} INFO - [2026-05-18T00:59:10.056+0000] {dag.py:3239} INFO - Sync 2 DAGs
[2026-05-18T00:59:10.059+0000] {logging_mixin.py:190} INFO - [2026-05-18T00:59:10.059+0000] {dag.py:4180} INFO - Setting next_dagrun for example_subdag_operator.section-1 to None, run_after=None
[2026-05-18T00:59:10.059+0000] {logging_mixin.py:190} INFO - [2026-05-18T00:59:10.059+0000] {dag.py:4180} INFO - Setting next_dagrun for example_subdag_operator.section-2 to None, run_after=None
[2026-05-18T00:59:10.098+0000] {processor.py:208} INFO - Processing /usr/local/python/3.12.1/lib/python3.12/site-packages/airflow/example_dags/example_subdag_operator.py took 0.101 seconds
[2026-05-18T01:00:01.186+0000] {processor.py:186} INFO - Started process (PID=8627) to work on /usr/local/python/3.12.1/lib/python3.12/site-packages/airflow/example_dags/example_subdag_operator.py
[2026-05-18T01:00:01.186+0000] {processor.py:914} INFO - Processing file /usr/local/python/3.12.1/lib/python3.12/site-packages/airflow/example_dags/example_subdag_operator.py for tasks to queue
[2026-05-18T01:00:01.188+0000] {logging_mixin.py:190} INFO - [2026-05-18T01:00:01.188+0000] {dagbag.py:588} INFO - Filling up the DagBag from /usr/local/python/3.12.1/lib/python3.12/site-packages/airflow/example_dags/example_subdag_operator.py
[2026-05-18T01:00:01.206+0000] {processor.py:925} INFO - DAG(s) 'example_subdag_operator.section-1', 'example_subdag_operator.section-2', 'example_subdag_operator' retrieved from /usr/local/python/3.12.1/lib/python3.12/site-packages/airflow/example_dags/example_subdag_operator.py
[2026-05-18T01:00:01.218+0000] {logging_mixin.py:190} INFO - [2026-05-18T01:00:01.218+0000] {dag.py:3239} INFO - Sync 3 DAGs
[2026-05-18T01:00:01.233+0000] {logging_mixin.py:190} INFO - [2026-05-18T01:00:01.232+0000] {dag.py:4180} INFO - Setting next_dagrun for example_subdag_operator to 2022-01-01 00:00:00+00:00, run_after=2022-01-01 00:00:00+00:00
[2026-05-18T01:00:01.235+0000] {logging_mixin.py:190} INFO - [2026-05-18T01:00:01.235+0000] {dag.py:4180} INFO - Setting next_dagrun for example_subdag_operator.section-1 to None, run_after=None
[2026-05-18T01:00:01.236+0000] {logging_mixin.py:190} INFO - [2026-05-18T01:00:01.236+0000] {dag.py:4180} INFO - Setting next_dagrun for example_subdag_operator.section-2 to None, run_after=None
[2026-05-18T01:00:01.240+0000] {logging_mixin.py:190} INFO - [2026-05-18T01:00:01.240+0000] {dag.py:3239} INFO - Sync 2 DAGs
[2026-05-18T01:00:01.243+0000] {logging_mixin.py:190} INFO - [2026-05-18T01:00:01.243+0000] {dag.py:4180} INFO - Setting next_dagrun for example_subdag_operator.section-1 to None, run_after=None
[2026-05-18T01:00:01.243+0000] {logging_mixin.py:190} INFO - [2026-05-18T01:00:01.243+0000] {dag.py:4180} INFO - Setting next_dagrun for example_subdag_operator.section-2 to None, run_after=None
[2026-05-18T01:00:01.253+0000] {processor.py:208} INFO - Processing /usr/local/python/3.12.1/lib/python3.12/site-packages/airflow/example_dags/example_subdag_operator.py took 0.072 seconds
[2026-05-18T01:00:53.546+0000] {processor.py:186} INFO - Started process (PID=9027) to work on /usr/local/python/3.12.1/lib/python3.12/site-packages/airflow/example_dags/example_subdag_operator.py
[2026-05-18T01:00:53.547+0000] {processor.py:914} INFO - Processing file /usr/local/python/3.12.1/lib/python3.12/site-packages/airflow/example_dags/example_subdag_operator.py for tasks to queue
[2026-05-18T01:00:53.549+0000] {logging_mixin.py:190} INFO - [2026-05-18T01:00:53.549+0000] {dagbag.py:588} INFO - Filling up the DagBag from /usr/local/python/3.12.1/lib/python3.12/site-packages/airflow/example_dags/example_subdag_operator.py
[2026-05-18T01:00:53.568+0000] {processor.py:925} INFO - DAG(s) 'example_subdag_operator.section-1', 'example_subdag_operator.section-2', 'example_subdag_operator' retrieved from /usr/local/python/3.12.1/lib/python3.12/site-packages/airflow/example_dags/example_subdag_operator.py
[2026-05-18T01:00:53.582+0000] {logging_mixin.py:190} INFO - [2026-05-18T01:00:53.582+0000] {dag.py:3239} INFO - Sync 3 DAGs
[2026-05-18T01:00:53.599+0000] {logging_mixin.py:190} INFO - [2026-05-18T01:00:53.599+0000] {dag.py:4180} INFO - Setting next_dagrun for example_subdag_operator to 2022-01-01 00:00:00+00:00, run_after=2022-01-01 00:00:00+00:00
[2026-05-18T01:00:53.602+0000] {logging_mixin.py:190} INFO - [2026-05-18T01:00:53.602+0000] {dag.py:4180} INFO - Setting next_dagrun for example_subdag_operator.section-1 to None, run_after=None
[2026-05-18T01:00:53.603+0000] {logging_mixin.py:190} INFO - [2026-05-18T01:00:53.602+0000] {dag.py:4180} INFO - Setting next_dagrun for example_subdag_operator.section-2 to None, run_after=None
[2026-05-18T01:00:53.607+0000] {logging_mixin.py:190} INFO - [2026-05-18T01:00:53.607+0000] {dag.py:3239} INFO - Sync 2 DAGs
[2026-05-18T01:00:53.611+0000] {logging_mixin.py:190} INFO - [2026-05-18T01:00:53.611+0000] {dag.py:4180} INFO - Setting next_dagrun for example_subdag_operator.section-1 to None, run_after=None
[2026-05-18T01:00:53.611+0000] {logging_mixin.py:190} INFO - [2026-05-18T01:00:53.611+0000] {dag.py:4180} INFO - Setting next_dagrun for example_subdag_operator.section-2 to None, run_after=None
[2026-05-18T01:00:53.624+0000] {processor.py:208} INFO - Processing /usr/local/python/3.12.1/lib/python3.12/site-packages/airflow/example_dags/example_subdag_operator.py took 0.082 seconds
[2026-05-18T01:01:44.387+0000] {processor.py:186} INFO - Started process (PID=9425) to work on /usr/local/python/3.12.1/lib/python3.12/site-packages/airflow/example_dags/example_subdag_operator.py
[2026-05-18T01:01:44.388+0000] {processor.py:914} INFO - Processing file /usr/local/python/3.12.1/lib/python3.12/site-packages/airflow/example_dags/example_subdag_operator.py for tasks to queue
[2026-05-18T01:01:44.390+0000] {logging_mixin.py:190} INFO - [2026-05-18T01:01:44.390+0000] {dagbag.py:588} INFO - Filling up the DagBag from /usr/local/python/3.12.1/lib/python3.12/site-packages/airflow/example_dags/example_subdag_operator.py
[2026-05-18T01:01:44.409+0000] {processor.py:925} INFO - DAG(s) 'example_subdag_operator.section-1', 'example_subdag_operator.section-2', 'example_subdag_operator' retrieved from /usr/local/python/3.12.1/lib/python3.12/site-packages/airflow/example_dags/example_subdag_operator.py
[2026-05-18T01:01:44.421+0000] {logging_mixin.py:190} INFO - [2026-05-18T01:01:44.420+0000] {dag.py:3239} INFO - Sync 3 DAGs
[2026-05-18T01:01:44.436+0000] {logging_mixin.py:190} INFO - [2026-05-18T01:01:44.436+0000] {dag.py:4180} INFO - Setting next_dagrun for example_subdag_operator to 2022-01-01 00:00:00+00:00, run_after=2022-01-01 00:00:00+00:00
[2026-05-18T01:01:44.441+0000] {logging_mixin.py:190} INFO - [2026-05-18T01:01:44.441+0000] {dag.py:4180} INFO - Setting next_dagrun for example_subdag_operator.section-1 to None, run_after=None
[2026-05-18T01:01:44.442+0000] {logging_mixin.py:190} INFO - [2026-05-18T01:01:44.442+0000] {dag.py:4180} INFO - Setting next_dagrun for example_subdag_operator.section-2 to None, run_after=None
[2026-05-18T01:01:44.448+0000] {logging_mixin.py:190} INFO - [2026-05-18T01:01:44.448+0000] {dag.py:3239} INFO - Sync 2 DAGs
[2026-05-18T01:01:44.452+0000] {logging_mixin.py:190} INFO - [2026-05-18T01:01:44.452+0000] {dag.py:4180} INFO - Setting next_dagrun for example_subdag_operator.section-1 to None, run_after=None
[2026-05-18T01:01:44.453+0000] {logging_mixin.py:190} INFO - [2026-05-18T01:01:44.452+0000] {dag.py:4180} INFO - Setting next_dagrun for example_subdag_operator.section-2 to None, run_after=None
[2026-05-18T01:01:44.464+0000] {processor.py:208} INFO - Processing /usr/local/python/3.12.1/lib/python3.12/site-packages/airflow/example_dags/example_subdag_operator.py took 0.083 seconds
[2026-05-18T01:02:41.891+0000] {processor.py:186} INFO - Started process (PID=9858) to work on /usr/local/python/3.12.1/lib/python3.12/site-packages/airflow/example_dags/example_subdag_operator.py
[2026-05-18T01:02:41.891+0000] {processor.py:914} INFO - Processing file /usr/local/python/3.12.1/lib/python3.12/site-packages/airflow/example_dags/example_subdag_operator.py for tasks to queue
[2026-05-18T01:02:41.894+0000] {logging_mixin.py:190} INFO - [2026-05-18T01:02:41.893+0000] {dagbag.py:588} INFO - Filling up the DagBag from /usr/local/python/3.12.1/lib/python3.12/site-packages/airflow/example_dags/example_subdag_operator.py
[2026-05-18T01:02:41.912+0000] {processor.py:925} INFO - DAG(s) 'example_subdag_operator.section-1', 'example_subdag_operator.section-2', 'example_subdag_operator' retrieved from /usr/local/python/3.12.1/lib/python3.12/site-packages/airflow/example_dags/example_subdag_operator.py
[2026-05-18T01:02:41.924+0000] {logging_mixin.py:190} INFO - [2026-05-18T01:02:41.923+0000] {dag.py:3239} INFO - Sync 3 DAGs
[2026-05-18T01:02:41.939+0000] {logging_mixin.py:190} INFO - [2026-05-18T01:02:41.939+0000] {dag.py:4180} INFO - Setting next_dagrun for example_subdag_operator to 2022-01-01 00:00:00+00:00, run_after=2022-01-01 00:00:00+00:00
[2026-05-18T01:02:41.942+0000] {logging_mixin.py:190} INFO - [2026-05-18T01:02:41.942+0000] {dag.py:4180} INFO - Setting next_dagrun for example_subdag_operator.section-1 to None, run_after=None
[2026-05-18T01:02:41.943+0000] {logging_mixin.py:190} INFO - [2026-05-18T01:02:41.943+0000] {dag.py:4180} INFO - Setting next_dagrun for example_subdag_operator.section-2 to None, run_after=None
[2026-05-18T01:02:41.948+0000] {logging_mixin.py:190} INFO - [2026-05-18T01:02:41.947+0000] {dag.py:3239} INFO - Sync 2 DAGs
[2026-05-18T01:02:41.951+0000] {logging_mixin.py:190} INFO - [2026-05-18T01:02:41.951+0000] {dag.py:4180} INFO - Setting next_dagrun for example_subdag_operator.section-1 to None, run_after=None
[2026-05-18T01:02:41.951+0000] {logging_mixin.py:190} INFO - [2026-05-18T01:02:41.951+0000] {dag.py:4180} INFO - Setting next_dagrun for example_subdag_operator.section-2 to None, run_after=None
[2026-05-18T01:02:41.962+0000] {processor.py:208} INFO - Processing /usr/local/python/3.12.1/lib/python3.12/site-packages/airflow/example_dags/example_subdag_operator.py took 0.076 seconds
[2026-05-18T01:03:37.695+0000] {processor.py:186} INFO - Started process (PID=10344) to work on /usr/local/python/3.12.1/lib/python3.12/site-packages/airflow/example_dags/example_subdag_operator.py
[2026-05-18T01:03:37.696+0000] {processor.py:914} INFO - Processing file /usr/local/python/3.12.1/lib/python3.12/site-packages/airflow/example_dags/example_subdag_operator.py for tasks to queue
[2026-05-18T01:03:37.699+0000] {logging_mixin.py:190} INFO - [2026-05-18T01:03:37.698+0000] {dagbag.py:588} INFO - Filling up the DagBag from /usr/local/python/3.12.1/lib/python3.12/site-packages/airflow/example_dags/example_subdag_operator.py
[2026-05-18T01:03:37.725+0000] {processor.py:925} INFO - DAG(s) 'example_subdag_operator.section-1', 'example_subdag_operator.section-2', 'example_subdag_operator' retrieved from /usr/local/python/3.12.1/lib/python3.12/site-packages/airflow/example_dags/example_subdag_operator.py
[2026-05-18T01:03:37.737+0000] {logging_mixin.py:190} INFO - [2026-05-18T01:03:37.737+0000] {dag.py:3239} INFO - Sync 3 DAGs
[2026-05-18T01:03:37.754+0000] {logging_mixin.py:190} INFO - [2026-05-18T01:03:37.754+0000] {dag.py:4180} INFO - Setting next_dagrun for example_subdag_operator to 2022-01-01 00:00:00+00:00, run_after=2022-01-01 00:00:00+00:00
[2026-05-18T01:03:37.757+0000] {logging_mixin.py:190} INFO - [2026-05-18T01:03:37.757+0000] {dag.py:4180} INFO - Setting next_dagrun for example_subdag_operator.section-1 to None, run_after=None
[2026-05-18T01:03:37.758+0000] {logging_mixin.py:190} INFO - [2026-05-18T01:03:37.758+0000] {dag.py:4180} INFO - Setting next_dagrun for example_subdag_operator.section-2 to None, run_after=None
[2026-05-18T01:03:37.763+0000] {logging_mixin.py:190} INFO - [2026-05-18T01:03:37.763+0000] {dag.py:3239} INFO - Sync 2 DAGs
[2026-05-18T01:03:37.767+0000] {logging_mixin.py:190} INFO - [2026-05-18T01:03:37.767+0000] {dag.py:4180} INFO - Setting next_dagrun for example_subdag_operator.section-1 to None, run_after=None
[2026-05-18T01:03:37.768+0000] {logging_mixin.py:190} INFO - [2026-05-18T01:03:37.768+0000] {dag.py:4180} INFO - Setting next_dagrun for example_subdag_operator.section-2 to None, run_after=None
[2026-05-18T01:03:37.779+0000] {processor.py:208} INFO - Processing /usr/local/python/3.12.1/lib/python3.12/site-packages/airflow/example_dags/example_subdag_operator.py took 0.088 seconds
[2026-05-18T01:04:36.318+0000] {processor.py:186} INFO - Started process (PID=10798) to work on /usr/local/python/3.12.1/lib/python3.12/site-packages/airflow/example_dags/example_subdag_operator.py
[2026-05-18T01:04:36.319+0000] {processor.py:914} INFO - Processing file /usr/local/python/3.12.1/lib/python3.12/site-packages/airflow/example_dags/example_subdag_operator.py for tasks to queue
[2026-05-18T01:04:36.325+0000] {logging_mixin.py:190} INFO - [2026-05-18T01:04:36.324+0000] {dagbag.py:588} INFO - Filling up the DagBag from /usr/local/python/3.12.1/lib/python3.12/site-packages/airflow/example_dags/example_subdag_operator.py
[2026-05-18T01:04:36.356+0000] {processor.py:925} INFO - DAG(s) 'example_subdag_operator.section-1', 'example_subdag_operator.section-2', 'example_subdag_operator' retrieved from /usr/local/python/3.12.1/lib/python3.12/site-packages/airflow/example_dags/example_subdag_operator.py
[2026-05-18T01:04:36.408+0000] {logging_mixin.py:190} INFO - [2026-05-18T01:04:36.408+0000] {dag.py:3239} INFO - Sync 3 DAGs
[2026-05-18T01:04:36.450+0000] {logging_mixin.py:190} INFO - [2026-05-18T01:04:36.449+0000] {dag.py:4180} INFO - Setting next_dagrun for example_subdag_operator to 2022-01-01 00:00:00+00:00, run_after=2022-01-01 00:00:00+00:00
[2026-05-18T01:04:36.454+0000] {logging_mixin.py:190} INFO - [2026-05-18T01:04:36.454+0000] {dag.py:4180} INFO - Setting next_dagrun for example_subdag_operator.section-1 to None, run_after=None
[2026-05-18T01:04:36.455+0000] {logging_mixin.py:190} INFO - [2026-05-18T01:04:36.455+0000] {dag.py:4180} INFO - Setting next_dagrun for example_subdag_operator.section-2 to None, run_after=None
[2026-05-18T01:04:36.461+0000] {logging_mixin.py:190} INFO - [2026-05-18T01:04:36.461+0000] {dag.py:3239} INFO - Sync 2 DAGs
[2026-05-18T01:04:36.466+0000] {logging_mixin.py:190} INFO - [2026-05-18T01:04:36.466+0000] {dag.py:4180} INFO - Setting next_dagrun for example_subdag_operator.section-1 to None, run_after=None
[2026-05-18T01:04:36.467+0000] {logging_mixin.py:190} INFO - [2026-05-18T01:04:36.467+0000] {dag.py:4180} INFO - Setting next_dagrun for example_subdag_operator.section-2 to None, run_after=None
[2026-05-18T01:04:36.487+0000] {processor.py:208} INFO - Processing /usr/local/python/3.12.1/lib/python3.12/site-packages/airflow/example_dags/example_subdag_operator.py took 0.187 seconds
[2026-05-18T01:05:31.494+0000] {processor.py:186} INFO - Started process (PID=11172) to work on /usr/local/python/3.12.1/lib/python3.12/site-packages/airflow/example_dags/example_subdag_operator.py
[2026-05-18T01:05:31.494+0000] {processor.py:914} INFO - Processing file /usr/local/python/3.12.1/lib/python3.12/site-packages/airflow/example_dags/example_subdag_operator.py for tasks to queue
[2026-05-18T01:05:31.496+0000] {logging_mixin.py:190} INFO - [2026-05-18T01:05:31.496+0000] {dagbag.py:588} INFO - Filling up the DagBag from /usr/local/python/3.12.1/lib/python3.12/site-packages/airflow/example_dags/example_subdag_operator.py
[2026-05-18T01:05:31.515+0000] {processor.py:925} INFO - DAG(s) 'example_subdag_operator.section-1', 'example_subdag_operator.section-2', 'example_subdag_operator' retrieved from /usr/local/python/3.12.1/lib/python3.12/site-packages/airflow/example_dags/example_subdag_operator.py
[2026-05-18T01:05:31.526+0000] {logging_mixin.py:190} INFO - [2026-05-18T01:05:31.526+0000] {dag.py:3239} INFO - Sync 3 DAGs
[2026-05-18T01:05:31.544+0000] {logging_mixin.py:190} INFO - [2026-05-18T01:05:31.543+0000] {dag.py:4180} INFO - Setting next_dagrun for example_subdag_operator to 2022-01-01 00:00:00+00:00, run_after=2022-01-01 00:00:00+00:00
[2026-05-18T01:05:31.546+0000] {logging_mixin.py:190} INFO - [2026-05-18T01:05:31.546+0000] {dag.py:4180} INFO - Setting next_dagrun for example_subdag_operator.section-1 to None, run_after=None
[2026-05-18T01:05:31.547+0000] {logging_mixin.py:190} INFO - [2026-05-18T01:05:31.547+0000] {dag.py:4180} INFO - Setting next_dagrun for example_subdag_operator.section-2 to None, run_after=None
[2026-05-18T01:05:31.552+0000] {logging_mixin.py:190} INFO - [2026-05-18T01:05:31.552+0000] {dag.py:3239} INFO - Sync 2 DAGs
[2026-05-18T01:05:31.554+0000] {logging_mixin.py:190} INFO - [2026-05-18T01:05:31.554+0000] {dag.py:4180} INFO - Setting next_dagrun for example_subdag_operator.section-1 to None, run_after=None
[2026-05-18T01:05:31.555+0000] {logging_mixin.py:190} INFO - [2026-05-18T01:05:31.555+0000] {dag.py:4180} INFO - Setting next_dagrun for example_subdag_operator.section-2 to None, run_after=None
[2026-05-18T01:05:31.565+0000] {processor.py:208} INFO - Processing /usr/local/python/3.12.1/lib/python3.12/site-packages/airflow/example_dags/example_subdag_operator.py took 0.076 seconds
[2026-05-18T01:06:21.115+0000] {processor.py:186} INFO - Started process (PID=11519) to work on /usr/local/python/3.12.1/lib/python3.12/site-packages/airflow/example_dags/example_subdag_operator.py
[2026-05-18T01:06:21.116+0000] {processor.py:914} INFO - Processing file /usr/local/python/3.12.1/lib/python3.12/site-packages/airflow/example_dags/example_subdag_operator.py for tasks to queue
[2026-05-18T01:06:21.118+0000] {logging_mixin.py:190} INFO - [2026-05-18T01:06:21.118+0000] {dagbag.py:588} INFO - Filling up the DagBag from /usr/local/python/3.12.1/lib/python3.12/site-packages/airflow/example_dags/example_subdag_operator.py
[2026-05-18T01:06:21.138+0000] {processor.py:925} INFO - DAG(s) 'example_subdag_operator.section-1', 'example_subdag_operator.section-2', 'example_subdag_operator' retrieved from /usr/local/python/3.12.1/lib/python3.12/site-packages/airflow/example_dags/example_subdag_operator.py
[2026-05-18T01:06:21.155+0000] {logging_mixin.py:190} INFO - [2026-05-18T01:06:21.154+0000] {dag.py:3239} INFO - Sync 3 DAGs
[2026-05-18T01:06:21.183+0000] {logging_mixin.py:190} INFO - [2026-05-18T01:06:21.183+0000] {dag.py:4180} INFO - Setting next_dagrun for example_subdag_operator to 2022-01-01 00:00:00+00:00, run_after=2022-01-01 00:00:00+00:00
[2026-05-18T01:06:21.186+0000] {logging_mixin.py:190} INFO - [2026-05-18T01:06:21.186+0000] {dag.py:4180} INFO - Setting next_dagrun for example_subdag_operator.section-1 to None, run_after=None
[2026-05-18T01:06:21.187+0000] {logging_mixin.py:190} INFO - [2026-05-18T01:06:21.186+0000] {dag.py:4180} INFO - Setting next_dagrun for example_subdag_operator.section-2 to None, run_after=None
[2026-05-18T01:06:21.191+0000] {logging_mixin.py:190} INFO - [2026-05-18T01:06:21.191+0000] {dag.py:3239} INFO - Sync 2 DAGs
[2026-05-18T01:06:21.195+0000] {logging_mixin.py:190} INFO - [2026-05-18T01:06:21.195+0000] {dag.py:4180} INFO - Setting next_dagrun for example_subdag_operator.section-1 to None, run_after=None
[2026-05-18T01:06:21.195+0000] {logging_mixin.py:190} INFO - [2026-05-18T01:06:21.195+0000] {dag.py:4180} INFO - Setting next_dagrun for example_subdag_operator.section-2 to None, run_after=None
[2026-05-18T01:06:21.206+0000] {processor.py:208} INFO - Processing /usr/local/python/3.12.1/lib/python3.12/site-packages/airflow/example_dags/example_subdag_operator.py took 0.096 seconds
[2026-05-18T01:07:09.146+0000] {processor.py:186} INFO - Started process (PID=11904) to work on /usr/local/python/3.12.1/lib/python3.12/site-packages/airflow/example_dags/example_subdag_operator.py
[2026-05-18T01:07:09.147+0000] {processor.py:914} INFO - Processing file /usr/local/python/3.12.1/lib/python3.12/site-packages/airflow/example_dags/example_subdag_operator.py for tasks to queue
[2026-05-18T01:07:09.149+0000] {logging_mixin.py:190} INFO - [2026-05-18T01:07:09.149+0000] {dagbag.py:588} INFO - Filling up the DagBag from /usr/local/python/3.12.1/lib/python3.12/site-packages/airflow/example_dags/example_subdag_operator.py
[2026-05-18T01:07:09.168+0000] {processor.py:925} INFO - DAG(s) 'example_subdag_operator.section-1', 'example_subdag_operator.section-2', 'example_subdag_operator' retrieved from /usr/local/python/3.12.1/lib/python3.12/site-packages/airflow/example_dags/example_subdag_operator.py
[2026-05-18T01:07:09.179+0000] {logging_mixin.py:190} INFO - [2026-05-18T01:07:09.179+0000] {dag.py:3239} INFO - Sync 3 DAGs
[2026-05-18T01:07:09.194+0000] {logging_mixin.py:190} INFO - [2026-05-18T01:07:09.194+0000] {dag.py:4180} INFO - Setting next_dagrun for example_subdag_operator to 2022-01-01 00:00:00+00:00, run_after=2022-01-01 00:00:00+00:00
[2026-05-18T01:07:09.197+0000] {logging_mixin.py:190} INFO - [2026-05-18T01:07:09.197+0000] {dag.py:4180} INFO - Setting next_dagrun for example_subdag_operator.section-1 to None, run_after=None
[2026-05-18T01:07:09.198+0000] {logging_mixin.py:190} INFO - [2026-05-18T01:07:09.197+0000] {dag.py:4180} INFO - Setting next_dagrun for example_subdag_operator.section-2 to None, run_after=None
[2026-05-18T01:07:09.202+0000] {logging_mixin.py:190} INFO - [2026-05-18T01:07:09.202+0000] {dag.py:3239} INFO - Sync 2 DAGs
[2026-05-18T01:07:09.205+0000] {logging_mixin.py:190} INFO - [2026-05-18T01:07:09.205+0000] {dag.py:4180} INFO - Setting next_dagrun for example_subdag_operator.section-1 to None, run_after=None
[2026-05-18T01:07:09.205+0000] {logging_mixin.py:190} INFO - [2026-05-18T01:07:09.205+0000] {dag.py:4180} INFO - Setting next_dagrun for example_subdag_operator.section-2 to None, run_after=None
[2026-05-18T01:07:09.215+0000] {processor.py:208} INFO - Processing /usr/local/python/3.12.1/lib/python3.12/site-packages/airflow/example_dags/example_subdag_operator.py took 0.074 seconds
[2026-05-18T01:07:59.036+0000] {processor.py:186} INFO - Started process (PID=12323) to work on /usr/local/python/3.12.1/lib/python3.12/site-packages/airflow/example_dags/example_subdag_operator.py
[2026-05-18T01:07:59.037+0000] {processor.py:914} INFO - Processing file /usr/local/python/3.12.1/lib/python3.12/site-packages/airflow/example_dags/example_subdag_operator.py for tasks to queue
[2026-05-18T01:07:59.039+0000] {logging_mixin.py:190} INFO - [2026-05-18T01:07:59.039+0000] {dagbag.py:588} INFO - Filling up the DagBag from /usr/local/python/3.12.1/lib/python3.12/site-packages/airflow/example_dags/example_subdag_operator.py
[2026-05-18T01:07:59.060+0000] {processor.py:925} INFO - DAG(s) 'example_subdag_operator.section-1', 'example_subdag_operator.section-2', 'example_subdag_operator' retrieved from /usr/local/python/3.12.1/lib/python3.12/site-packages/airflow/example_dags/example_subdag_operator.py
[2026-05-18T01:07:59.075+0000] {logging_mixin.py:190} INFO - [2026-05-18T01:07:59.075+0000] {dag.py:3239} INFO - Sync 3 DAGs
[2026-05-18T01:07:59.090+0000] {logging_mixin.py:190} INFO - [2026-05-18T01:07:59.090+0000] {dag.py:4180} INFO - Setting next_dagrun for example_subdag_operator to 2022-01-01 00:00:00+00:00, run_after=2022-01-01 00:00:00+00:00
[2026-05-18T01:07:59.093+0000] {logging_mixin.py:190} INFO - [2026-05-18T01:07:59.093+0000] {dag.py:4180} INFO - Setting next_dagrun for example_subdag_operator.section-1 to None, run_after=None
[2026-05-18T01:07:59.094+0000] {logging_mixin.py:190} INFO - [2026-05-18T01:07:59.094+0000] {dag.py:4180} INFO - Setting next_dagrun for example_subdag_operator.section-2 to None, run_after=None
[2026-05-18T01:07:59.098+0000] {logging_mixin.py:190} INFO - [2026-05-18T01:07:59.098+0000] {dag.py:3239} INFO - Sync 2 DAGs
[2026-05-18T01:07:59.101+0000] {logging_mixin.py:190} INFO - [2026-05-18T01:07:59.101+0000] {dag.py:4180} INFO - Setting next_dagrun for example_subdag_operator.section-1 to None, run_after=None
[2026-05-18T01:07:59.101+0000] {logging_mixin.py:190} INFO - [2026-05-18T01:07:59.101+0000] {dag.py:4180} INFO - Setting next_dagrun for example_subdag_operator.section-2 to None, run_after=None
[2026-05-18T01:07:59.113+0000] {processor.py:208} INFO - Processing /usr/local/python/3.12.1/lib/python3.12/site-packages/airflow/example_dags/example_subdag_operator.py took 0.081 seconds
[2026-05-18T01:08:50.860+0000] {processor.py:186} INFO - Started process (PID=12821) to work on /usr/local/python/3.12.1/lib/python3.12/site-packages/airflow/example_dags/example_subdag_operator.py
[2026-05-18T01:08:50.861+0000] {processor.py:914} INFO - Processing file /usr/local/python/3.12.1/lib/python3.12/site-packages/airflow/example_dags/example_subdag_operator.py for tasks to queue
[2026-05-18T01:08:50.863+0000] {logging_mixin.py:190} INFO - [2026-05-18T01:08:50.863+0000] {dagbag.py:588} INFO - Filling up the DagBag from /usr/local/python/3.12.1/lib/python3.12/site-packages/airflow/example_dags/example_subdag_operator.py
[2026-05-18T01:08:50.882+0000] {processor.py:925} INFO - DAG(s) 'example_subdag_operator.section-1', 'example_subdag_operator.section-2', 'example_subdag_operator' retrieved from /usr/local/python/3.12.1/lib/python3.12/site-packages/airflow/example_dags/example_subdag_operator.py
[2026-05-18T01:08:50.893+0000] {logging_mixin.py:190} INFO - [2026-05-18T01:08:50.893+0000] {dag.py:3239} INFO - Sync 3 DAGs
[2026-05-18T01:08:50.908+0000] {logging_mixin.py:190} INFO - [2026-05-18T01:08:50.908+0000] {dag.py:4180} INFO - Setting next_dagrun for example_subdag_operator to 2022-01-01 00:00:00+00:00, run_after=2022-01-01 00:00:00+00:00
[2026-05-18T01:08:50.911+0000] {logging_mixin.py:190} INFO - [2026-05-18T01:08:50.910+0000] {dag.py:4180} INFO - Setting next_dagrun for example_subdag_operator.section-1 to None, run_after=None
[2026-05-18T01:08:50.911+0000] {logging_mixin.py:190} INFO - [2026-05-18T01:08:50.911+0000] {dag.py:4180} INFO - Setting next_dagrun for example_subdag_operator.section-2 to None, run_after=None
[2026-05-18T01:08:50.916+0000] {logging_mixin.py:190} INFO - [2026-05-18T01:08:50.916+0000] {dag.py:3239} INFO - Sync 2 DAGs
[2026-05-18T01:08:50.918+0000] {logging_mixin.py:190} INFO - [2026-05-18T01:08:50.918+0000] {dag.py:4180} INFO - Setting next_dagrun for example_subdag_operator.section-1 to None, run_after=None
[2026-05-18T01:08:50.919+0000] {logging_mixin.py:190} INFO - [2026-05-18T01:08:50.919+0000] {dag.py:4180} INFO - Setting next_dagrun for example_subdag_operator.section-2 to None, run_after=None
[2026-05-18T01:08:50.933+0000] {processor.py:208} INFO - Processing /usr/local/python/3.12.1/lib/python3.12/site-packages/airflow/example_dags/example_subdag_operator.py took 0.077 seconds
[2026-05-18T01:09:41.675+0000] {processor.py:186} INFO - Started process (PID=13245) to work on /usr/local/python/3.12.1/lib/python3.12/site-packages/airflow/example_dags/example_subdag_operator.py
[2026-05-18T01:09:41.676+0000] {processor.py:914} INFO - Processing file /usr/local/python/3.12.1/lib/python3.12/site-packages/airflow/example_dags/example_subdag_operator.py for tasks to queue
[2026-05-18T01:09:41.678+0000] {logging_mixin.py:190} INFO - [2026-05-18T01:09:41.677+0000] {dagbag.py:588} INFO - Filling up the DagBag from /usr/local/python/3.12.1/lib/python3.12/site-packages/airflow/example_dags/example_subdag_operator.py
[2026-05-18T01:09:41.696+0000] {processor.py:925} INFO - DAG(s) 'example_subdag_operator.section-1', 'example_subdag_operator.section-2', 'example_subdag_operator' retrieved from /usr/local/python/3.12.1/lib/python3.12/site-packages/airflow/example_dags/example_subdag_operator.py
[2026-05-18T01:09:41.707+0000] {logging_mixin.py:190} INFO - [2026-05-18T01:09:41.707+0000] {dag.py:3239} INFO - Sync 3 DAGs
[2026-05-18T01:09:41.726+0000] {logging_mixin.py:190} INFO - [2026-05-18T01:09:41.726+0000] {dag.py:4180} INFO - Setting next_dagrun for example_subdag_operator to 2022-01-01 00:00:00+00:00, run_after=2022-01-01 00:00:00+00:00
[2026-05-18T01:09:41.730+0000] {logging_mixin.py:190} INFO - [2026-05-18T01:09:41.730+0000] {dag.py:4180} INFO - Setting next_dagrun for example_subdag_operator.section-1 to None, run_after=None
[2026-05-18T01:09:41.731+0000] {logging_mixin.py:190} INFO - [2026-05-18T01:09:41.731+0000] {dag.py:4180} INFO - Setting next_dagrun for example_subdag_operator.section-2 to None, run_after=None
[2026-05-18T01:09:41.735+0000] {logging_mixin.py:190} INFO - [2026-05-18T01:09:41.735+0000] {dag.py:3239} INFO - Sync 2 DAGs
[2026-05-18T01:09:41.738+0000] {logging_mixin.py:190} INFO - [2026-05-18T01:09:41.738+0000] {dag.py:4180} INFO - Setting next_dagrun for example_subdag_operator.section-1 to None, run_after=None
[2026-05-18T01:09:41.738+0000] {logging_mixin.py:190} INFO - [2026-05-18T01:09:41.738+0000] {dag.py:4180} INFO - Setting next_dagrun for example_subdag_operator.section-2 to None, run_after=None
[2026-05-18T01:09:41.749+0000] {processor.py:208} INFO - Processing /usr/local/python/3.12.1/lib/python3.12/site-packages/airflow/example_dags/example_subdag_operator.py took 0.078 seconds
[2026-05-18T01:10:35.043+0000] {processor.py:186} INFO - Started process (PID=13688) to work on /usr/local/python/3.12.1/lib/python3.12/site-packages/airflow/example_dags/example_subdag_operator.py
[2026-05-18T01:10:35.044+0000] {processor.py:914} INFO - Processing file /usr/local/python/3.12.1/lib/python3.12/site-packages/airflow/example_dags/example_subdag_operator.py for tasks to queue
[2026-05-18T01:10:35.046+0000] {logging_mixin.py:190} INFO - [2026-05-18T01:10:35.045+0000] {dagbag.py:588} INFO - Filling up the DagBag from /usr/local/python/3.12.1/lib/python3.12/site-packages/airflow/example_dags/example_subdag_operator.py
[2026-05-18T01:10:35.066+0000] {processor.py:925} INFO - DAG(s) 'example_subdag_operator.section-1', 'example_subdag_operator.section-2', 'example_subdag_operator' retrieved from /usr/local/python/3.12.1/lib/python3.12/site-packages/airflow/example_dags/example_subdag_operator.py
[2026-05-18T01:10:35.077+0000] {logging_mixin.py:190} INFO - [2026-05-18T01:10:35.077+0000] {dag.py:3239} INFO - Sync 3 DAGs
[2026-05-18T01:10:35.092+0000] {logging_mixin.py:190} INFO - [2026-05-18T01:10:35.092+0000] {dag.py:4180} INFO - Setting next_dagrun for example_subdag_operator to 2022-01-01 00:00:00+00:00, run_after=2022-01-01 00:00:00+00:00
[2026-05-18T01:10:35.095+0000] {logging_mixin.py:190} INFO - [2026-05-18T01:10:35.094+0000] {dag.py:4180} INFO - Setting next_dagrun for example_subdag_operator.section-1 to None, run_after=None
[2026-05-18T01:10:35.095+0000] {logging_mixin.py:190} INFO - [2026-05-18T01:10:35.095+0000] {dag.py:4180} INFO - Setting next_dagrun for example_subdag_operator.section-2 to None, run_after=None
[2026-05-18T01:10:35.100+0000] {logging_mixin.py:190} INFO - [2026-05-18T01:10:35.100+0000] {dag.py:3239} INFO - Sync 2 DAGs
[2026-05-18T01:10:35.103+0000] {logging_mixin.py:190} INFO - [2026-05-18T01:10:35.103+0000] {dag.py:4180} INFO - Setting next_dagrun for example_subdag_operator.section-1 to None, run_after=None
[2026-05-18T01:10:35.103+0000] {logging_mixin.py:190} INFO - [2026-05-18T01:10:35.103+0000] {dag.py:4180} INFO - Setting next_dagrun for example_subdag_operator.section-2 to None, run_after=None
[2026-05-18T01:10:35.114+0000] {processor.py:208} INFO - Processing /usr/local/python/3.12.1/lib/python3.12/site-packages/airflow/example_dags/example_subdag_operator.py took 0.076 seconds
[2026-05-18T01:11:25.049+0000] {processor.py:186} INFO - Started process (PID=14052) to work on /usr/local/python/3.12.1/lib/python3.12/site-packages/airflow/example_dags/example_subdag_operator.py
[2026-05-18T01:11:25.050+0000] {processor.py:914} INFO - Processing file /usr/local/python/3.12.1/lib/python3.12/site-packages/airflow/example_dags/example_subdag_operator.py for tasks to queue
[2026-05-18T01:11:25.052+0000] {logging_mixin.py:190} INFO - [2026-05-18T01:11:25.052+0000] {dagbag.py:588} INFO - Filling up the DagBag from /usr/local/python/3.12.1/lib/python3.12/site-packages/airflow/example_dags/example_subdag_operator.py
[2026-05-18T01:11:25.070+0000] {processor.py:925} INFO - DAG(s) 'example_subdag_operator.section-1', 'example_subdag_operator.section-2', 'example_subdag_operator' retrieved from /usr/local/python/3.12.1/lib/python3.12/site-packages/airflow/example_dags/example_subdag_operator.py
[2026-05-18T01:11:25.082+0000] {logging_mixin.py:190} INFO - [2026-05-18T01:11:25.082+0000] {dag.py:3239} INFO - Sync 3 DAGs
[2026-05-18T01:11:25.097+0000] {logging_mixin.py:190} INFO - [2026-05-18T01:11:25.097+0000] {dag.py:4180} INFO - Setting next_dagrun for example_subdag_operator to 2022-01-01 00:00:00+00:00, run_after=2022-01-01 00:00:00+00:00
[2026-05-18T01:11:25.100+0000] {logging_mixin.py:190} INFO - [2026-05-18T01:11:25.099+0000] {dag.py:4180} INFO - Setting next_dagrun for example_subdag_operator.section-1 to None, run_after=None
[2026-05-18T01:11:25.100+0000] {logging_mixin.py:190} INFO - [2026-05-18T01:11:25.100+0000] {dag.py:4180} INFO - Setting next_dagrun for example_subdag_operator.section-2 to None, run_after=None
[2026-05-18T01:11:25.105+0000] {logging_mixin.py:190} INFO - [2026-05-18T01:11:25.105+0000] {dag.py:3239} INFO - Sync 2 DAGs
[2026-05-18T01:11:25.108+0000] {logging_mixin.py:190} INFO - [2026-05-18T01:11:25.108+0000] {dag.py:4180} INFO - Setting next_dagrun for example_subdag_operator.section-1 to None, run_after=None
[2026-05-18T01:11:25.108+0000] {logging_mixin.py:190} INFO - [2026-05-18T01:11:25.108+0000] {dag.py:4180} INFO - Setting next_dagrun for example_subdag_operator.section-2 to None, run_after=None
[2026-05-18T01:11:25.119+0000] {processor.py:208} INFO - Processing /usr/local/python/3.12.1/lib/python3.12/site-packages/airflow/example_dags/example_subdag_operator.py took 0.074 seconds
[2026-05-18T01:12:16.836+0000] {processor.py:186} INFO - Started process (PID=14486) to work on /usr/local/python/3.12.1/lib/python3.12/site-packages/airflow/example_dags/example_subdag_operator.py
[2026-05-18T01:12:16.837+0000] {processor.py:914} INFO - Processing file /usr/local/python/3.12.1/lib/python3.12/site-packages/airflow/example_dags/example_subdag_operator.py for tasks to queue
[2026-05-18T01:12:16.839+0000] {logging_mixin.py:190} INFO - [2026-05-18T01:12:16.838+0000] {dagbag.py:588} INFO - Filling up the DagBag from /usr/local/python/3.12.1/lib/python3.12/site-packages/airflow/example_dags/example_subdag_operator.py
[2026-05-18T01:12:16.857+0000] {processor.py:925} INFO - DAG(s) 'example_subdag_operator.section-1', 'example_subdag_operator.section-2', 'example_subdag_operator' retrieved from /usr/local/python/3.12.1/lib/python3.12/site-packages/airflow/example_dags/example_subdag_operator.py
[2026-05-18T01:12:16.868+0000] {logging_mixin.py:190} INFO - [2026-05-18T01:12:16.868+0000] {dag.py:3239} INFO - Sync 3 DAGs
[2026-05-18T01:12:16.883+0000] {logging_mixin.py:190} INFO - [2026-05-18T01:12:16.882+0000] {dag.py:4180} INFO - Setting next_dagrun for example_subdag_operator to 2022-01-01 00:00:00+00:00, run_after=2022-01-01 00:00:00+00:00
[2026-05-18T01:12:16.885+0000] {logging_mixin.py:190} INFO - [2026-05-18T01:12:16.885+0000] {dag.py:4180} INFO - Setting next_dagrun for example_subdag_operator.section-1 to None, run_after=None
[2026-05-18T01:12:16.886+0000] {logging_mixin.py:190} INFO - [2026-05-18T01:12:16.886+0000] {dag.py:4180} INFO - Setting next_dagrun for example_subdag_operator.section-2 to None, run_after=None
[2026-05-18T01:12:16.892+0000] {logging_mixin.py:190} INFO - [2026-05-18T01:12:16.892+0000] {dag.py:3239} INFO - Sync 2 DAGs
[2026-05-18T01:12:16.895+0000] {logging_mixin.py:190} INFO - [2026-05-18T01:12:16.895+0000] {dag.py:4180} INFO - Setting next_dagrun for example_subdag_operator.section-1 to None, run_after=None
[2026-05-18T01:12:16.896+0000] {logging_mixin.py:190} INFO - [2026-05-18T01:12:16.896+0000] {dag.py:4180} INFO - Setting next_dagrun for example_subdag_operator.section-2 to None, run_after=None
[2026-05-18T01:12:16.909+0000] {processor.py:208} INFO - Processing /usr/local/python/3.12.1/lib/python3.12/site-packages/airflow/example_dags/example_subdag_operator.py took 0.077 seconds
[2026-05-18T01:13:12.704+0000] {processor.py:186} INFO - Started process (PID=14972) to work on /usr/local/python/3.12.1/lib/python3.12/site-packages/airflow/example_dags/example_subdag_operator.py
[2026-05-18T01:13:12.706+0000] {processor.py:914} INFO - Processing file /usr/local/python/3.12.1/lib/python3.12/site-packages/airflow/example_dags/example_subdag_operator.py for tasks to queue
[2026-05-18T01:13:12.709+0000] {logging_mixin.py:190} INFO - [2026-05-18T01:13:12.708+0000] {dagbag.py:588} INFO - Filling up the DagBag from /usr/local/python/3.12.1/lib/python3.12/site-packages/airflow/example_dags/example_subdag_operator.py
[2026-05-18T01:13:12.727+0000] {processor.py:925} INFO - DAG(s) 'example_subdag_operator.section-1', 'example_subdag_operator.section-2', 'example_subdag_operator' retrieved from /usr/local/python/3.12.1/lib/python3.12/site-packages/airflow/example_dags/example_subdag_operator.py
[2026-05-18T01:13:12.738+0000] {logging_mixin.py:190} INFO - [2026-05-18T01:13:12.738+0000] {dag.py:3239} INFO - Sync 3 DAGs
[2026-05-18T01:13:12.753+0000] {logging_mixin.py:190} INFO - [2026-05-18T01:13:12.753+0000] {dag.py:4180} INFO - Setting next_dagrun for example_subdag_operator to 2022-01-01 00:00:00+00:00, run_after=2022-01-01 00:00:00+00:00
[2026-05-18T01:13:12.755+0000] {logging_mixin.py:190} INFO - [2026-05-18T01:13:12.755+0000] {dag.py:4180} INFO - Setting next_dagrun for example_subdag_operator.section-1 to None, run_after=None
[2026-05-18T01:13:12.756+0000] {logging_mixin.py:190} INFO - [2026-05-18T01:13:12.756+0000] {dag.py:4180} INFO - Setting next_dagrun for example_subdag_operator.section-2 to None, run_after=None
[2026-05-18T01:13:12.761+0000] {logging_mixin.py:190} INFO - [2026-05-18T01:13:12.761+0000] {dag.py:3239} INFO - Sync 2 DAGs
[2026-05-18T01:13:12.763+0000] {logging_mixin.py:190} INFO - [2026-05-18T01:13:12.763+0000] {dag.py:4180} INFO - Setting next_dagrun for example_subdag_operator.section-1 to None, run_after=None
[2026-05-18T01:13:12.764+0000] {logging_mixin.py:190} INFO - [2026-05-18T01:13:12.764+0000] {dag.py:4180} INFO - Setting next_dagrun for example_subdag_operator.section-2 to None, run_after=None
[2026-05-18T01:13:12.774+0000] {processor.py:208} INFO - Processing /usr/local/python/3.12.1/lib/python3.12/site-packages/airflow/example_dags/example_subdag_operator.py took 0.078 seconds
[2026-05-18T01:14:05.552+0000] {processor.py:186} INFO - Started process (PID=15580) to work on /usr/local/python/3.12.1/lib/python3.12/site-packages/airflow/example_dags/example_subdag_operator.py
[2026-05-18T01:14:05.552+0000] {processor.py:914} INFO - Processing file /usr/local/python/3.12.1/lib/python3.12/site-packages/airflow/example_dags/example_subdag_operator.py for tasks to queue
[2026-05-18T01:14:05.554+0000] {logging_mixin.py:190} INFO - [2026-05-18T01:14:05.554+0000] {dagbag.py:588} INFO - Filling up the DagBag from /usr/local/python/3.12.1/lib/python3.12/site-packages/airflow/example_dags/example_subdag_operator.py
[2026-05-18T01:14:05.574+0000] {processor.py:925} INFO - DAG(s) 'example_subdag_operator.section-1', 'example_subdag_operator.section-2', 'example_subdag_operator' retrieved from /usr/local/python/3.12.1/lib/python3.12/site-packages/airflow/example_dags/example_subdag_operator.py
[2026-05-18T01:14:05.597+0000] {logging_mixin.py:190} INFO - [2026-05-18T01:14:05.597+0000] {dag.py:3239} INFO - Sync 3 DAGs
[2026-05-18T01:14:05.622+0000] {logging_mixin.py:190} INFO - [2026-05-18T01:14:05.622+0000] {dag.py:4180} INFO - Setting next_dagrun for example_subdag_operator to 2022-01-01 00:00:00+00:00, run_after=2022-01-01 00:00:00+00:00
[2026-05-18T01:14:05.627+0000] {logging_mixin.py:190} INFO - [2026-05-18T01:14:05.627+0000] {dag.py:4180} INFO - Setting next_dagrun for example_subdag_operator.section-1 to None, run_after=None
[2026-05-18T01:14:05.628+0000] {logging_mixin.py:190} INFO - [2026-05-18T01:14:05.628+0000] {dag.py:4180} INFO - Setting next_dagrun for example_subdag_operator.section-2 to None, run_after=None
[2026-05-18T01:14:05.637+0000] {logging_mixin.py:190} INFO - [2026-05-18T01:14:05.636+0000] {dag.py:3239} INFO - Sync 2 DAGs
[2026-05-18T01:14:05.643+0000] {logging_mixin.py:190} INFO - [2026-05-18T01:14:05.642+0000] {dag.py:4180} INFO - Setting next_dagrun for example_subdag_operator.section-1 to None, run_after=None
[2026-05-18T01:14:05.643+0000] {logging_mixin.py:190} INFO - [2026-05-18T01:14:05.643+0000] {dag.py:4180} INFO - Setting next_dagrun for example_subdag_operator.section-2 to None, run_after=None
[2026-05-18T01:14:05.658+0000] {processor.py:208} INFO - Processing /usr/local/python/3.12.1/lib/python3.12/site-packages/airflow/example_dags/example_subdag_operator.py took 0.111 seconds
[2026-05-18T01:14:56.352+0000] {processor.py:186} INFO - Started process (PID=16002) to work on /usr/local/python/3.12.1/lib/python3.12/site-packages/airflow/example_dags/example_subdag_operator.py
[2026-05-18T01:14:56.353+0000] {processor.py:914} INFO - Processing file /usr/local/python/3.12.1/lib/python3.12/site-packages/airflow/example_dags/example_subdag_operator.py for tasks to queue
[2026-05-18T01:14:56.355+0000] {logging_mixin.py:190} INFO - [2026-05-18T01:14:56.355+0000] {dagbag.py:588} INFO - Filling up the DagBag from /usr/local/python/3.12.1/lib/python3.12/site-packages/airflow/example_dags/example_subdag_operator.py
[2026-05-18T01:14:56.373+0000] {processor.py:925} INFO - DAG(s) 'example_subdag_operator.section-1', 'example_subdag_operator.section-2', 'example_subdag_operator' retrieved from /usr/local/python/3.12.1/lib/python3.12/site-packages/airflow/example_dags/example_subdag_operator.py
[2026-05-18T01:14:56.385+0000] {logging_mixin.py:190} INFO - [2026-05-18T01:14:56.385+0000] {dag.py:3239} INFO - Sync 3 DAGs
[2026-05-18T01:14:56.400+0000] {logging_mixin.py:190} INFO - [2026-05-18T01:14:56.400+0000] {dag.py:4180} INFO - Setting next_dagrun for example_subdag_operator to 2022-01-01 00:00:00+00:00, run_after=2022-01-01 00:00:00+00:00
[2026-05-18T01:14:56.402+0000] {logging_mixin.py:190} INFO - [2026-05-18T01:14:56.402+0000] {dag.py:4180} INFO - Setting next_dagrun for example_subdag_operator.section-1 to None, run_after=None
[2026-05-18T01:14:56.403+0000] {logging_mixin.py:190} INFO - [2026-05-18T01:14:56.403+0000] {dag.py:4180} INFO - Setting next_dagrun for example_subdag_operator.section-2 to None, run_after=None
[2026-05-18T01:14:56.408+0000] {logging_mixin.py:190} INFO - [2026-05-18T01:14:56.408+0000] {dag.py:3239} INFO - Sync 2 DAGs
[2026-05-18T01:14:56.411+0000] {logging_mixin.py:190} INFO - [2026-05-18T01:14:56.411+0000] {dag.py:4180} INFO - Setting next_dagrun for example_subdag_operator.section-1 to None, run_after=None
[2026-05-18T01:14:56.411+0000] {logging_mixin.py:190} INFO - [2026-05-18T01:14:56.411+0000] {dag.py:4180} INFO - Setting next_dagrun for example_subdag_operator.section-2 to None, run_after=None
[2026-05-18T01:14:56.421+0000] {processor.py:208} INFO - Processing /usr/local/python/3.12.1/lib/python3.12/site-packages/airflow/example_dags/example_subdag_operator.py took 0.074 seconds
[2026-05-18T01:15:32.332+0000] {processor.py:186} INFO - Started process (PID=16533) to work on /usr/local/python/3.12.1/lib/python3.12/site-packages/airflow/example_dags/example_subdag_operator.py
[2026-05-18T01:15:32.334+0000] {processor.py:914} INFO - Processing file /usr/local/python/3.12.1/lib/python3.12/site-packages/airflow/example_dags/example_subdag_operator.py for tasks to queue
[2026-05-18T01:15:32.335+0000] {logging_mixin.py:190} INFO - [2026-05-18T01:15:32.335+0000] {dagbag.py:588} INFO - Filling up the DagBag from /usr/local/python/3.12.1/lib/python3.12/site-packages/airflow/example_dags/example_subdag_operator.py
[2026-05-18T01:15:32.354+0000] {processor.py:925} INFO - DAG(s) 'example_subdag_operator.section-1', 'example_subdag_operator.section-2', 'example_subdag_operator' retrieved from /usr/local/python/3.12.1/lib/python3.12/site-packages/airflow/example_dags/example_subdag_operator.py
[2026-05-18T01:15:32.367+0000] {logging_mixin.py:190} INFO - [2026-05-18T01:15:32.367+0000] {dag.py:3239} INFO - Sync 3 DAGs
[2026-05-18T01:15:32.382+0000] {logging_mixin.py:190} INFO - [2026-05-18T01:15:32.381+0000] {dag.py:4180} INFO - Setting next_dagrun for example_subdag_operator to 2022-01-01 00:00:00+00:00, run_after=2022-01-01 00:00:00+00:00
[2026-05-18T01:15:32.384+0000] {logging_mixin.py:190} INFO - [2026-05-18T01:15:32.384+0000] {dag.py:4180} INFO - Setting next_dagrun for example_subdag_operator.section-1 to None, run_after=None
[2026-05-18T01:15:32.385+0000] {logging_mixin.py:190} INFO - [2026-05-18T01:15:32.385+0000] {dag.py:4180} INFO - Setting next_dagrun for example_subdag_operator.section-2 to None, run_after=None
[2026-05-18T01:15:32.389+0000] {logging_mixin.py:190} INFO - [2026-05-18T01:15:32.389+0000] {dag.py:3239} INFO - Sync 2 DAGs
[2026-05-18T01:15:32.392+0000] {logging_mixin.py:190} INFO - [2026-05-18T01:15:32.392+0000] {dag.py:4180} INFO - Setting next_dagrun for example_subdag_operator.section-1 to None, run_after=None
[2026-05-18T01:15:32.393+0000] {logging_mixin.py:190} INFO - [2026-05-18T01:15:32.392+0000] {dag.py:4180} INFO - Setting next_dagrun for example_subdag_operator.section-2 to None, run_after=None
[2026-05-18T01:15:32.402+0000] {processor.py:208} INFO - Processing /usr/local/python/3.12.1/lib/python3.12/site-packages/airflow/example_dags/example_subdag_operator.py took 0.074 seconds
[2026-05-18T01:16:28.122+0000] {processor.py:186} INFO - Started process (PID=17126) to work on /usr/local/python/3.12.1/lib/python3.12/site-packages/airflow/example_dags/example_subdag_operator.py
[2026-05-18T01:16:28.123+0000] {processor.py:914} INFO - Processing file /usr/local/python/3.12.1/lib/python3.12/site-packages/airflow/example_dags/example_subdag_operator.py for tasks to queue
[2026-05-18T01:16:28.125+0000] {logging_mixin.py:190} INFO - [2026-05-18T01:16:28.124+0000] {dagbag.py:588} INFO - Filling up the DagBag from /usr/local/python/3.12.1/lib/python3.12/site-packages/airflow/example_dags/example_subdag_operator.py
[2026-05-18T01:16:28.143+0000] {processor.py:925} INFO - DAG(s) 'example_subdag_operator.section-1', 'example_subdag_operator.section-2', 'example_subdag_operator' retrieved from /usr/local/python/3.12.1/lib/python3.12/site-packages/airflow/example_dags/example_subdag_operator.py
[2026-05-18T01:16:28.154+0000] {logging_mixin.py:190} INFO - [2026-05-18T01:16:28.154+0000] {dag.py:3239} INFO - Sync 3 DAGs
[2026-05-18T01:16:28.172+0000] {logging_mixin.py:190} INFO - [2026-05-18T01:16:28.171+0000] {dag.py:4180} INFO - Setting next_dagrun for example_subdag_operator to 2022-01-01 00:00:00+00:00, run_after=2022-01-01 00:00:00+00:00
[2026-05-18T01:16:28.176+0000] {logging_mixin.py:190} INFO - [2026-05-18T01:16:28.175+0000] {dag.py:4180} INFO - Setting next_dagrun for example_subdag_operator.section-1 to None, run_after=None
[2026-05-18T01:16:28.177+0000] {logging_mixin.py:190} INFO - [2026-05-18T01:16:28.176+0000] {dag.py:4180} INFO - Setting next_dagrun for example_subdag_operator.section-2 to None, run_after=None
[2026-05-18T01:16:28.183+0000] {logging_mixin.py:190} INFO - [2026-05-18T01:16:28.183+0000] {dag.py:3239} INFO - Sync 2 DAGs
[2026-05-18T01:16:28.188+0000] {logging_mixin.py:190} INFO - [2026-05-18T01:16:28.188+0000] {dag.py:4180} INFO - Setting next_dagrun for example_subdag_operator.section-1 to None, run_after=None
[2026-05-18T01:16:28.189+0000] {logging_mixin.py:190} INFO - [2026-05-18T01:16:28.188+0000] {dag.py:4180} INFO - Setting next_dagrun for example_subdag_operator.section-2 to None, run_after=None
[2026-05-18T01:16:28.206+0000] {processor.py:208} INFO - Processing /usr/local/python/3.12.1/lib/python3.12/site-packages/airflow/example_dags/example_subdag_operator.py took 0.088 seconds
[2026-05-18T01:17:17.333+0000] {processor.py:186} INFO - Started process (PID=17486) to work on /usr/local/python/3.12.1/lib/python3.12/site-packages/airflow/example_dags/example_subdag_operator.py
[2026-05-18T01:17:17.334+0000] {processor.py:914} INFO - Processing file /usr/local/python/3.12.1/lib/python3.12/site-packages/airflow/example_dags/example_subdag_operator.py for tasks to queue
[2026-05-18T01:17:17.336+0000] {logging_mixin.py:190} INFO - [2026-05-18T01:17:17.336+0000] {dagbag.py:588} INFO - Filling up the DagBag from /usr/local/python/3.12.1/lib/python3.12/site-packages/airflow/example_dags/example_subdag_operator.py
[2026-05-18T01:17:17.356+0000] {processor.py:925} INFO - DAG(s) 'example_subdag_operator.section-1', 'example_subdag_operator.section-2', 'example_subdag_operator' retrieved from /usr/local/python/3.12.1/lib/python3.12/site-packages/airflow/example_dags/example_subdag_operator.py
[2026-05-18T01:17:17.369+0000] {logging_mixin.py:190} INFO - [2026-05-18T01:17:17.369+0000] {dag.py:3239} INFO - Sync 3 DAGs
[2026-05-18T01:17:17.397+0000] {logging_mixin.py:190} INFO - [2026-05-18T01:17:17.397+0000] {dag.py:4180} INFO - Setting next_dagrun for example_subdag_operator to 2022-01-01 00:00:00+00:00, run_after=2022-01-01 00:00:00+00:00
[2026-05-18T01:17:17.401+0000] {logging_mixin.py:190} INFO - [2026-05-18T01:17:17.401+0000] {dag.py:4180} INFO - Setting next_dagrun for example_subdag_operator.section-1 to None, run_after=None
[2026-05-18T01:17:17.402+0000] {logging_mixin.py:190} INFO - [2026-05-18T01:17:17.402+0000] {dag.py:4180} INFO - Setting next_dagrun for example_subdag_operator.section-2 to None, run_after=None
[2026-05-18T01:17:17.409+0000] {logging_mixin.py:190} INFO - [2026-05-18T01:17:17.409+0000] {dag.py:3239} INFO - Sync 2 DAGs
[2026-05-18T01:17:17.413+0000] {logging_mixin.py:190} INFO - [2026-05-18T01:17:17.413+0000] {dag.py:4180} INFO - Setting next_dagrun for example_subdag_operator.section-1 to None, run_after=None
[2026-05-18T01:17:17.414+0000] {logging_mixin.py:190} INFO - [2026-05-18T01:17:17.414+0000] {dag.py:4180} INFO - Setting next_dagrun for example_subdag_operator.section-2 to None, run_after=None
[2026-05-18T01:17:17.430+0000] {processor.py:208} INFO - Processing /usr/local/python/3.12.1/lib/python3.12/site-packages/airflow/example_dags/example_subdag_operator.py took 0.101 seconds
[2026-05-18T01:18:05.434+0000] {processor.py:186} INFO - Started process (PID=17884) to work on /usr/local/python/3.12.1/lib/python3.12/site-packages/airflow/example_dags/example_subdag_operator.py
[2026-05-18T01:18:05.435+0000] {processor.py:914} INFO - Processing file /usr/local/python/3.12.1/lib/python3.12/site-packages/airflow/example_dags/example_subdag_operator.py for tasks to queue
[2026-05-18T01:18:05.437+0000] {logging_mixin.py:190} INFO - [2026-05-18T01:18:05.437+0000] {dagbag.py:588} INFO - Filling up the DagBag from /usr/local/python/3.12.1/lib/python3.12/site-packages/airflow/example_dags/example_subdag_operator.py
[2026-05-18T01:18:05.455+0000] {processor.py:925} INFO - DAG(s) 'example_subdag_operator.section-1', 'example_subdag_operator.section-2', 'example_subdag_operator' retrieved from /usr/local/python/3.12.1/lib/python3.12/site-packages/airflow/example_dags/example_subdag_operator.py
[2026-05-18T01:18:05.466+0000] {logging_mixin.py:190} INFO - [2026-05-18T01:18:05.466+0000] {dag.py:3239} INFO - Sync 3 DAGs
[2026-05-18T01:18:05.482+0000] {logging_mixin.py:190} INFO - [2026-05-18T01:18:05.481+0000] {dag.py:4180} INFO - Setting next_dagrun for example_subdag_operator to 2022-01-01 00:00:00+00:00, run_after=2022-01-01 00:00:00+00:00
[2026-05-18T01:18:05.484+0000] {logging_mixin.py:190} INFO - [2026-05-18T01:18:05.484+0000] {dag.py:4180} INFO - Setting next_dagrun for example_subdag_operator.section-1 to None, run_after=None
[2026-05-18T01:18:05.485+0000] {logging_mixin.py:190} INFO - [2026-05-18T01:18:05.485+0000] {dag.py:4180} INFO - Setting next_dagrun for example_subdag_operator.section-2 to None, run_after=None
[2026-05-18T01:18:05.489+0000] {logging_mixin.py:190} INFO - [2026-05-18T01:18:05.489+0000] {dag.py:3239} INFO - Sync 2 DAGs
[2026-05-18T01:18:05.492+0000] {logging_mixin.py:190} INFO - [2026-05-18T01:18:05.492+0000] {dag.py:4180} INFO - Setting next_dagrun for example_subdag_operator.section-1 to None, run_after=None
[2026-05-18T01:18:05.492+0000] {logging_mixin.py:190} INFO - [2026-05-18T01:18:05.492+0000] {dag.py:4180} INFO - Setting next_dagrun for example_subdag_operator.section-2 to None, run_after=None
[2026-05-18T01:18:05.502+0000] {processor.py:208} INFO - Processing /usr/local/python/3.12.1/lib/python3.12/site-packages/airflow/example_dags/example_subdag_operator.py took 0.072 seconds
[2026-05-18T01:18:54.674+0000] {processor.py:186} INFO - Started process (PID=18303) to work on /usr/local/python/3.12.1/lib/python3.12/site-packages/airflow/example_dags/example_subdag_operator.py
[2026-05-18T01:18:54.674+0000] {processor.py:914} INFO - Processing file /usr/local/python/3.12.1/lib/python3.12/site-packages/airflow/example_dags/example_subdag_operator.py for tasks to queue
[2026-05-18T01:18:54.677+0000] {logging_mixin.py:190} INFO - [2026-05-18T01:18:54.676+0000] {dagbag.py:588} INFO - Filling up the DagBag from /usr/local/python/3.12.1/lib/python3.12/site-packages/airflow/example_dags/example_subdag_operator.py
[2026-05-18T01:18:54.695+0000] {processor.py:925} INFO - DAG(s) 'example_subdag_operator.section-1', 'example_subdag_operator.section-2', 'example_subdag_operator' retrieved from /usr/local/python/3.12.1/lib/python3.12/site-packages/airflow/example_dags/example_subdag_operator.py
[2026-05-18T01:18:54.706+0000] {logging_mixin.py:190} INFO - [2026-05-18T01:18:54.706+0000] {dag.py:3239} INFO - Sync 3 DAGs
[2026-05-18T01:18:54.721+0000] {logging_mixin.py:190} INFO - [2026-05-18T01:18:54.721+0000] {dag.py:4180} INFO - Setting next_dagrun for example_subdag_operator to 2022-01-01 00:00:00+00:00, run_after=2022-01-01 00:00:00+00:00
[2026-05-18T01:18:54.723+0000] {logging_mixin.py:190} INFO - [2026-05-18T01:18:54.723+0000] {dag.py:4180} INFO - Setting next_dagrun for example_subdag_operator.section-1 to None, run_after=None
[2026-05-18T01:18:54.724+0000] {logging_mixin.py:190} INFO - [2026-05-18T01:18:54.724+0000] {dag.py:4180} INFO - Setting next_dagrun for example_subdag_operator.section-2 to None, run_after=None
[2026-05-18T01:18:54.729+0000] {logging_mixin.py:190} INFO - [2026-05-18T01:18:54.728+0000] {dag.py:3239} INFO - Sync 2 DAGs
[2026-05-18T01:18:54.731+0000] {logging_mixin.py:190} INFO - [2026-05-18T01:18:54.731+0000] {dag.py:4180} INFO - Setting next_dagrun for example_subdag_operator.section-1 to None, run_after=None
[2026-05-18T01:18:54.732+0000] {logging_mixin.py:190} INFO - [2026-05-18T01:18:54.732+0000] {dag.py:4180} INFO - Setting next_dagrun for example_subdag_operator.section-2 to None, run_after=None
[2026-05-18T01:18:54.743+0000] {processor.py:208} INFO - Processing /usr/local/python/3.12.1/lib/python3.12/site-packages/airflow/example_dags/example_subdag_operator.py took 0.074 seconds
[2026-05-18T01:19:46.113+0000] {processor.py:186} INFO - Started process (PID=18734) to work on /usr/local/python/3.12.1/lib/python3.12/site-packages/airflow/example_dags/example_subdag_operator.py
[2026-05-18T01:19:46.114+0000] {processor.py:914} INFO - Processing file /usr/local/python/3.12.1/lib/python3.12/site-packages/airflow/example_dags/example_subdag_operator.py for tasks to queue
[2026-05-18T01:19:46.116+0000] {logging_mixin.py:190} INFO - [2026-05-18T01:19:46.116+0000] {dagbag.py:588} INFO - Filling up the DagBag from /usr/local/python/3.12.1/lib/python3.12/site-packages/airflow/example_dags/example_subdag_operator.py
[2026-05-18T01:19:46.135+0000] {processor.py:925} INFO - DAG(s) 'example_subdag_operator.section-1', 'example_subdag_operator.section-2', 'example_subdag_operator' retrieved from /usr/local/python/3.12.1/lib/python3.12/site-packages/airflow/example_dags/example_subdag_operator.py
[2026-05-18T01:19:46.146+0000] {logging_mixin.py:190} INFO - [2026-05-18T01:19:46.146+0000] {dag.py:3239} INFO - Sync 3 DAGs
[2026-05-18T01:19:46.161+0000] {logging_mixin.py:190} INFO - [2026-05-18T01:19:46.161+0000] {dag.py:4180} INFO - Setting next_dagrun for example_subdag_operator to 2022-01-01 00:00:00+00:00, run_after=2022-01-01 00:00:00+00:00
[2026-05-18T01:19:46.163+0000] {logging_mixin.py:190} INFO - [2026-05-18T01:19:46.163+0000] {dag.py:4180} INFO - Setting next_dagrun for example_subdag_operator.section-1 to None, run_after=None
[2026-05-18T01:19:46.164+0000] {logging_mixin.py:190} INFO - [2026-05-18T01:19:46.164+0000] {dag.py:4180} INFO - Setting next_dagrun for example_subdag_operator.section-2 to None, run_after=None
[2026-05-18T01:19:46.168+0000] {logging_mixin.py:190} INFO - [2026-05-18T01:19:46.168+0000] {dag.py:3239} INFO - Sync 2 DAGs
[2026-05-18T01:19:46.171+0000] {logging_mixin.py:190} INFO - [2026-05-18T01:19:46.171+0000] {dag.py:4180} INFO - Setting next_dagrun for example_subdag_operator.section-1 to None, run_after=None
[2026-05-18T01:19:46.171+0000] {logging_mixin.py:190} INFO - [2026-05-18T01:19:46.171+0000] {dag.py:4180} INFO - Setting next_dagrun for example_subdag_operator.section-2 to None, run_after=None
[2026-05-18T01:19:46.182+0000] {processor.py:208} INFO - Processing /usr/local/python/3.12.1/lib/python3.12/site-packages/airflow/example_dags/example_subdag_operator.py took 0.073 seconds
[2026-05-18T01:20:35.054+0000] {processor.py:186} INFO - Started process (PID=19208) to work on /usr/local/python/3.12.1/lib/python3.12/site-packages/airflow/example_dags/example_subdag_operator.py
[2026-05-18T01:20:35.055+0000] {processor.py:914} INFO - Processing file /usr/local/python/3.12.1/lib/python3.12/site-packages/airflow/example_dags/example_subdag_operator.py for tasks to queue
[2026-05-18T01:20:35.057+0000] {logging_mixin.py:190} INFO - [2026-05-18T01:20:35.057+0000] {dagbag.py:588} INFO - Filling up the DagBag from /usr/local/python/3.12.1/lib/python3.12/site-packages/airflow/example_dags/example_subdag_operator.py
[2026-05-18T01:20:35.076+0000] {processor.py:925} INFO - DAG(s) 'example_subdag_operator.section-1', 'example_subdag_operator.section-2', 'example_subdag_operator' retrieved from /usr/local/python/3.12.1/lib/python3.12/site-packages/airflow/example_dags/example_subdag_operator.py
[2026-05-18T01:20:35.091+0000] {logging_mixin.py:190} INFO - [2026-05-18T01:20:35.091+0000] {dag.py:3239} INFO - Sync 3 DAGs
[2026-05-18T01:20:35.129+0000] {logging_mixin.py:190} INFO - [2026-05-18T01:20:35.129+0000] {dag.py:4180} INFO - Setting next_dagrun for example_subdag_operator to 2022-01-01 00:00:00+00:00, run_after=2022-01-01 00:00:00+00:00
[2026-05-18T01:20:35.134+0000] {logging_mixin.py:190} INFO - [2026-05-18T01:20:35.134+0000] {dag.py:4180} INFO - Setting next_dagrun for example_subdag_operator.section-1 to None, run_after=None
[2026-05-18T01:20:35.140+0000] {logging_mixin.py:190} INFO - [2026-05-18T01:20:35.140+0000] {dag.py:4180} INFO - Setting next_dagrun for example_subdag_operator.section-2 to None, run_after=None
[2026-05-18T01:20:35.152+0000] {logging_mixin.py:190} INFO - [2026-05-18T01:20:35.152+0000] {dag.py:3239} INFO - Sync 2 DAGs
[2026-05-18T01:20:35.161+0000] {logging_mixin.py:190} INFO - [2026-05-18T01:20:35.160+0000] {dag.py:4180} INFO - Setting next_dagrun for example_subdag_operator.section-1 to None, run_after=None
[2026-05-18T01:20:35.161+0000] {logging_mixin.py:190} INFO - [2026-05-18T01:20:35.161+0000] {dag.py:4180} INFO - Setting next_dagrun for example_subdag_operator.section-2 to None, run_after=None
[2026-05-18T01:20:35.188+0000] {processor.py:208} INFO - Processing /usr/local/python/3.12.1/lib/python3.12/site-packages/airflow/example_dags/example_subdag_operator.py took 0.138 seconds
[2026-05-18T01:21:22.220+0000] {processor.py:186} INFO - Started process (PID=19612) to work on /usr/local/python/3.12.1/lib/python3.12/site-packages/airflow/example_dags/example_subdag_operator.py
[2026-05-18T01:21:22.221+0000] {processor.py:914} INFO - Processing file /usr/local/python/3.12.1/lib/python3.12/site-packages/airflow/example_dags/example_subdag_operator.py for tasks to queue
[2026-05-18T01:21:22.223+0000] {logging_mixin.py:190} INFO - [2026-05-18T01:21:22.223+0000] {dagbag.py:588} INFO - Filling up the DagBag from /usr/local/python/3.12.1/lib/python3.12/site-packages/airflow/example_dags/example_subdag_operator.py
[2026-05-18T01:21:22.242+0000] {processor.py:925} INFO - DAG(s) 'example_subdag_operator.section-1', 'example_subdag_operator.section-2', 'example_subdag_operator' retrieved from /usr/local/python/3.12.1/lib/python3.12/site-packages/airflow/example_dags/example_subdag_operator.py
[2026-05-18T01:21:22.254+0000] {logging_mixin.py:190} INFO - [2026-05-18T01:21:22.253+0000] {dag.py:3239} INFO - Sync 3 DAGs
[2026-05-18T01:21:22.269+0000] {logging_mixin.py:190} INFO - [2026-05-18T01:21:22.268+0000] {dag.py:4180} INFO - Setting next_dagrun for example_subdag_operator to 2022-01-01 00:00:00+00:00, run_after=2022-01-01 00:00:00+00:00
[2026-05-18T01:21:22.271+0000] {logging_mixin.py:190} INFO - [2026-05-18T01:21:22.271+0000] {dag.py:4180} INFO - Setting next_dagrun for example_subdag_operator.section-1 to None, run_after=None
[2026-05-18T01:21:22.272+0000] {logging_mixin.py:190} INFO - [2026-05-18T01:21:22.272+0000] {dag.py:4180} INFO - Setting next_dagrun for example_subdag_operator.section-2 to None, run_after=None
[2026-05-18T01:21:22.277+0000] {logging_mixin.py:190} INFO - [2026-05-18T01:21:22.277+0000] {dag.py:3239} INFO - Sync 2 DAGs
[2026-05-18T01:21:22.280+0000] {logging_mixin.py:190} INFO - [2026-05-18T01:21:22.280+0000] {dag.py:4180} INFO - Setting next_dagrun for example_subdag_operator.section-1 to None, run_after=None
[2026-05-18T01:21:22.280+0000] {logging_mixin.py:190} INFO - [2026-05-18T01:21:22.280+0000] {dag.py:4180} INFO - Setting next_dagrun for example_subdag_operator.section-2 to None, run_after=None
[2026-05-18T01:21:22.291+0000] {processor.py:208} INFO - Processing /usr/local/python/3.12.1/lib/python3.12/site-packages/airflow/example_dags/example_subdag_operator.py took 0.076 seconds
[2026-05-18T01:22:14.045+0000] {processor.py:186} INFO - Started process (PID=19993) to work on /usr/local/python/3.12.1/lib/python3.12/site-packages/airflow/example_dags/example_subdag_operator.py
[2026-05-18T01:22:14.046+0000] {processor.py:914} INFO - Processing file /usr/local/python/3.12.1/lib/python3.12/site-packages/airflow/example_dags/example_subdag_operator.py for tasks to queue
[2026-05-18T01:22:14.048+0000] {logging_mixin.py:190} INFO - [2026-05-18T01:22:14.048+0000] {dagbag.py:588} INFO - Filling up the DagBag from /usr/local/python/3.12.1/lib/python3.12/site-packages/airflow/example_dags/example_subdag_operator.py
[2026-05-18T01:22:14.067+0000] {processor.py:925} INFO - DAG(s) 'example_subdag_operator.section-1', 'example_subdag_operator.section-2', 'example_subdag_operator' retrieved from /usr/local/python/3.12.1/lib/python3.12/site-packages/airflow/example_dags/example_subdag_operator.py
[2026-05-18T01:22:14.078+0000] {logging_mixin.py:190} INFO - [2026-05-18T01:22:14.078+0000] {dag.py:3239} INFO - Sync 3 DAGs
[2026-05-18T01:22:14.093+0000] {logging_mixin.py:190} INFO - [2026-05-18T01:22:14.093+0000] {dag.py:4180} INFO - Setting next_dagrun for example_subdag_operator to 2022-01-01 00:00:00+00:00, run_after=2022-01-01 00:00:00+00:00
[2026-05-18T01:22:14.095+0000] {logging_mixin.py:190} INFO - [2026-05-18T01:22:14.095+0000] {dag.py:4180} INFO - Setting next_dagrun for example_subdag_operator.section-1 to None, run_after=None
[2026-05-18T01:22:14.096+0000] {logging_mixin.py:190} INFO - [2026-05-18T01:22:14.096+0000] {dag.py:4180} INFO - Setting next_dagrun for example_subdag_operator.section-2 to None, run_after=None
[2026-05-18T01:22:14.101+0000] {logging_mixin.py:190} INFO - [2026-05-18T01:22:14.100+0000] {dag.py:3239} INFO - Sync 2 DAGs
[2026-05-18T01:22:14.103+0000] {logging_mixin.py:190} INFO - [2026-05-18T01:22:14.103+0000] {dag.py:4180} INFO - Setting next_dagrun for example_subdag_operator.section-1 to None, run_after=None
[2026-05-18T01:22:14.104+0000] {logging_mixin.py:190} INFO - [2026-05-18T01:22:14.104+0000] {dag.py:4180} INFO - Setting next_dagrun for example_subdag_operator.section-2 to None, run_after=None
[2026-05-18T01:22:14.115+0000] {processor.py:208} INFO - Processing /usr/local/python/3.12.1/lib/python3.12/site-packages/airflow/example_dags/example_subdag_operator.py took 0.074 seconds
[2026-05-18T01:23:04.739+0000] {processor.py:186} INFO - Started process (PID=20436) to work on /usr/local/python/3.12.1/lib/python3.12/site-packages/airflow/example_dags/example_subdag_operator.py
[2026-05-18T01:23:04.740+0000] {processor.py:914} INFO - Processing file /usr/local/python/3.12.1/lib/python3.12/site-packages/airflow/example_dags/example_subdag_operator.py for tasks to queue
[2026-05-18T01:23:04.742+0000] {logging_mixin.py:190} INFO - [2026-05-18T01:23:04.742+0000] {dagbag.py:588} INFO - Filling up the DagBag from /usr/local/python/3.12.1/lib/python3.12/site-packages/airflow/example_dags/example_subdag_operator.py
[2026-05-18T01:23:04.760+0000] {processor.py:925} INFO - DAG(s) 'example_subdag_operator.section-1', 'example_subdag_operator.section-2', 'example_subdag_operator' retrieved from /usr/local/python/3.12.1/lib/python3.12/site-packages/airflow/example_dags/example_subdag_operator.py
[2026-05-18T01:23:04.772+0000] {logging_mixin.py:190} INFO - [2026-05-18T01:23:04.772+0000] {dag.py:3239} INFO - Sync 3 DAGs
[2026-05-18T01:23:04.789+0000] {logging_mixin.py:190} INFO - [2026-05-18T01:23:04.788+0000] {dag.py:4180} INFO - Setting next_dagrun for example_subdag_operator to 2022-01-01 00:00:00+00:00, run_after=2022-01-01 00:00:00+00:00
[2026-05-18T01:23:04.792+0000] {logging_mixin.py:190} INFO - [2026-05-18T01:23:04.792+0000] {dag.py:4180} INFO - Setting next_dagrun for example_subdag_operator.section-1 to None, run_after=None
[2026-05-18T01:23:04.793+0000] {logging_mixin.py:190} INFO - [2026-05-18T01:23:04.793+0000] {dag.py:4180} INFO - Setting next_dagrun for example_subdag_operator.section-2 to None, run_after=None
[2026-05-18T01:23:04.797+0000] {logging_mixin.py:190} INFO - [2026-05-18T01:23:04.797+0000] {dag.py:3239} INFO - Sync 2 DAGs
[2026-05-18T01:23:04.800+0000] {logging_mixin.py:190} INFO - [2026-05-18T01:23:04.800+0000] {dag.py:4180} INFO - Setting next_dagrun for example_subdag_operator.section-1 to None, run_after=None
[2026-05-18T01:23:04.800+0000] {logging_mixin.py:190} INFO - [2026-05-18T01:23:04.800+0000] {dag.py:4180} INFO - Setting next_dagrun for example_subdag_operator.section-2 to None, run_after=None
[2026-05-18T01:23:04.814+0000] {processor.py:208} INFO - Processing /usr/local/python/3.12.1/lib/python3.12/site-packages/airflow/example_dags/example_subdag_operator.py took 0.079 seconds
[2026-05-18T01:23:56.628+0000] {processor.py:186} INFO - Started process (PID=20882) to work on /usr/local/python/3.12.1/lib/python3.12/site-packages/airflow/example_dags/example_subdag_operator.py
[2026-05-18T01:23:56.629+0000] {processor.py:914} INFO - Processing file /usr/local/python/3.12.1/lib/python3.12/site-packages/airflow/example_dags/example_subdag_operator.py for tasks to queue
[2026-05-18T01:23:56.631+0000] {logging_mixin.py:190} INFO - [2026-05-18T01:23:56.631+0000] {dagbag.py:588} INFO - Filling up the DagBag from /usr/local/python/3.12.1/lib/python3.12/site-packages/airflow/example_dags/example_subdag_operator.py
[2026-05-18T01:23:56.662+0000] {processor.py:925} INFO - DAG(s) 'example_subdag_operator.section-1', 'example_subdag_operator.section-2', 'example_subdag_operator' retrieved from /usr/local/python/3.12.1/lib/python3.12/site-packages/airflow/example_dags/example_subdag_operator.py
[2026-05-18T01:23:56.674+0000] {logging_mixin.py:190} INFO - [2026-05-18T01:23:56.674+0000] {dag.py:3239} INFO - Sync 3 DAGs
[2026-05-18T01:23:56.690+0000] {logging_mixin.py:190} INFO - [2026-05-18T01:23:56.690+0000] {dag.py:4180} INFO - Setting next_dagrun for example_subdag_operator to 2022-01-01 00:00:00+00:00, run_after=2022-01-01 00:00:00+00:00
[2026-05-18T01:23:56.693+0000] {logging_mixin.py:190} INFO - [2026-05-18T01:23:56.693+0000] {dag.py:4180} INFO - Setting next_dagrun for example_subdag_operator.section-1 to None, run_after=None
[2026-05-18T01:23:56.693+0000] {logging_mixin.py:190} INFO - [2026-05-18T01:23:56.693+0000] {dag.py:4180} INFO - Setting next_dagrun for example_subdag_operator.section-2 to None, run_after=None
[2026-05-18T01:23:56.698+0000] {logging_mixin.py:190} INFO - [2026-05-18T01:23:56.698+0000] {dag.py:3239} INFO - Sync 2 DAGs
[2026-05-18T01:23:56.701+0000] {logging_mixin.py:190} INFO - [2026-05-18T01:23:56.700+0000] {dag.py:4180} INFO - Setting next_dagrun for example_subdag_operator.section-1 to None, run_after=None
[2026-05-18T01:23:56.701+0000] {logging_mixin.py:190} INFO - [2026-05-18T01:23:56.701+0000] {dag.py:4180} INFO - Setting next_dagrun for example_subdag_operator.section-2 to None, run_after=None
[2026-05-18T01:23:56.712+0000] {processor.py:208} INFO - Processing /usr/local/python/3.12.1/lib/python3.12/site-packages/airflow/example_dags/example_subdag_operator.py took 0.088 seconds
[2026-05-18T01:24:49.297+0000] {processor.py:186} INFO - Started process (PID=21335) to work on /usr/local/python/3.12.1/lib/python3.12/site-packages/airflow/example_dags/example_subdag_operator.py
[2026-05-18T01:24:49.297+0000] {processor.py:914} INFO - Processing file /usr/local/python/3.12.1/lib/python3.12/site-packages/airflow/example_dags/example_subdag_operator.py for tasks to queue
[2026-05-18T01:24:49.299+0000] {logging_mixin.py:190} INFO - [2026-05-18T01:24:49.299+0000] {dagbag.py:588} INFO - Filling up the DagBag from /usr/local/python/3.12.1/lib/python3.12/site-packages/airflow/example_dags/example_subdag_operator.py
[2026-05-18T01:24:49.318+0000] {processor.py:925} INFO - DAG(s) 'example_subdag_operator.section-1', 'example_subdag_operator.section-2', 'example_subdag_operator' retrieved from /usr/local/python/3.12.1/lib/python3.12/site-packages/airflow/example_dags/example_subdag_operator.py
[2026-05-18T01:24:49.330+0000] {logging_mixin.py:190} INFO - [2026-05-18T01:24:49.330+0000] {dag.py:3239} INFO - Sync 3 DAGs
[2026-05-18T01:24:49.345+0000] {logging_mixin.py:190} INFO - [2026-05-18T01:24:49.345+0000] {dag.py:4180} INFO - Setting next_dagrun for example_subdag_operator to 2022-01-01 00:00:00+00:00, run_after=2022-01-01 00:00:00+00:00
[2026-05-18T01:24:49.348+0000] {logging_mixin.py:190} INFO - [2026-05-18T01:24:49.348+0000] {dag.py:4180} INFO - Setting next_dagrun for example_subdag_operator.section-1 to None, run_after=None
[2026-05-18T01:24:49.348+0000] {logging_mixin.py:190} INFO - [2026-05-18T01:24:49.348+0000] {dag.py:4180} INFO - Setting next_dagrun for example_subdag_operator.section-2 to None, run_after=None
[2026-05-18T01:24:49.353+0000] {logging_mixin.py:190} INFO - [2026-05-18T01:24:49.353+0000] {dag.py:3239} INFO - Sync 2 DAGs
[2026-05-18T01:24:49.356+0000] {logging_mixin.py:190} INFO - [2026-05-18T01:24:49.355+0000] {dag.py:4180} INFO - Setting next_dagrun for example_subdag_operator.section-1 to None, run_after=None
[2026-05-18T01:24:49.356+0000] {logging_mixin.py:190} INFO - [2026-05-18T01:24:49.356+0000] {dag.py:4180} INFO - Setting next_dagrun for example_subdag_operator.section-2 to None, run_after=None
[2026-05-18T01:24:49.366+0000] {processor.py:208} INFO - Processing /usr/local/python/3.12.1/lib/python3.12/site-packages/airflow/example_dags/example_subdag_operator.py took 0.074 seconds
[2026-05-18T01:25:42.130+0000] {processor.py:186} INFO - Started process (PID=21845) to work on /usr/local/python/3.12.1/lib/python3.12/site-packages/airflow/example_dags/example_subdag_operator.py
[2026-05-18T01:25:42.130+0000] {processor.py:914} INFO - Processing file /usr/local/python/3.12.1/lib/python3.12/site-packages/airflow/example_dags/example_subdag_operator.py for tasks to queue
[2026-05-18T01:25:42.132+0000] {logging_mixin.py:190} INFO - [2026-05-18T01:25:42.132+0000] {dagbag.py:588} INFO - Filling up the DagBag from /usr/local/python/3.12.1/lib/python3.12/site-packages/airflow/example_dags/example_subdag_operator.py
[2026-05-18T01:25:42.151+0000] {processor.py:925} INFO - DAG(s) 'example_subdag_operator.section-1', 'example_subdag_operator.section-2', 'example_subdag_operator' retrieved from /usr/local/python/3.12.1/lib/python3.12/site-packages/airflow/example_dags/example_subdag_operator.py
[2026-05-18T01:25:42.162+0000] {logging_mixin.py:190} INFO - [2026-05-18T01:25:42.162+0000] {dag.py:3239} INFO - Sync 3 DAGs
[2026-05-18T01:25:42.177+0000] {logging_mixin.py:190} INFO - [2026-05-18T01:25:42.177+0000] {dag.py:4180} INFO - Setting next_dagrun for example_subdag_operator to 2022-01-01 00:00:00+00:00, run_after=2022-01-01 00:00:00+00:00
[2026-05-18T01:25:42.179+0000] {logging_mixin.py:190} INFO - [2026-05-18T01:25:42.179+0000] {dag.py:4180} INFO - Setting next_dagrun for example_subdag_operator.section-1 to None, run_after=None
[2026-05-18T01:25:42.180+0000] {logging_mixin.py:190} INFO - [2026-05-18T01:25:42.180+0000] {dag.py:4180} INFO - Setting next_dagrun for example_subdag_operator.section-2 to None, run_after=None
[2026-05-18T01:25:42.185+0000] {logging_mixin.py:190} INFO - [2026-05-18T01:25:42.184+0000] {dag.py:3239} INFO - Sync 2 DAGs
[2026-05-18T01:25:42.187+0000] {logging_mixin.py:190} INFO - [2026-05-18T01:25:42.187+0000] {dag.py:4180} INFO - Setting next_dagrun for example_subdag_operator.section-1 to None, run_after=None
[2026-05-18T01:25:42.188+0000] {logging_mixin.py:190} INFO - [2026-05-18T01:25:42.188+0000] {dag.py:4180} INFO - Setting next_dagrun for example_subdag_operator.section-2 to None, run_after=None
[2026-05-18T01:25:42.198+0000] {processor.py:208} INFO - Processing /usr/local/python/3.12.1/lib/python3.12/site-packages/airflow/example_dags/example_subdag_operator.py took 0.073 seconds
[2026-05-18T01:26:30.476+0000] {processor.py:186} INFO - Started process (PID=22278) to work on /usr/local/python/3.12.1/lib/python3.12/site-packages/airflow/example_dags/example_subdag_operator.py
[2026-05-18T01:26:30.476+0000] {processor.py:914} INFO - Processing file /usr/local/python/3.12.1/lib/python3.12/site-packages/airflow/example_dags/example_subdag_operator.py for tasks to queue
[2026-05-18T01:26:30.479+0000] {logging_mixin.py:190} INFO - [2026-05-18T01:26:30.478+0000] {dagbag.py:588} INFO - Filling up the DagBag from /usr/local/python/3.12.1/lib/python3.12/site-packages/airflow/example_dags/example_subdag_operator.py
[2026-05-18T01:26:30.497+0000] {processor.py:925} INFO - DAG(s) 'example_subdag_operator.section-1', 'example_subdag_operator.section-2', 'example_subdag_operator' retrieved from /usr/local/python/3.12.1/lib/python3.12/site-packages/airflow/example_dags/example_subdag_operator.py
[2026-05-18T01:26:30.508+0000] {logging_mixin.py:190} INFO - [2026-05-18T01:26:30.508+0000] {dag.py:3239} INFO - Sync 3 DAGs
[2026-05-18T01:26:30.523+0000] {logging_mixin.py:190} INFO - [2026-05-18T01:26:30.523+0000] {dag.py:4180} INFO - Setting next_dagrun for example_subdag_operator to 2022-01-01 00:00:00+00:00, run_after=2022-01-01 00:00:00+00:00
[2026-05-18T01:26:30.526+0000] {logging_mixin.py:190} INFO - [2026-05-18T01:26:30.525+0000] {dag.py:4180} INFO - Setting next_dagrun for example_subdag_operator.section-1 to None, run_after=None
[2026-05-18T01:26:30.526+0000] {logging_mixin.py:190} INFO - [2026-05-18T01:26:30.526+0000] {dag.py:4180} INFO - Setting next_dagrun for example_subdag_operator.section-2 to None, run_after=None
[2026-05-18T01:26:30.531+0000] {logging_mixin.py:190} INFO - [2026-05-18T01:26:30.530+0000] {dag.py:3239} INFO - Sync 2 DAGs
[2026-05-18T01:26:30.533+0000] {logging_mixin.py:190} INFO - [2026-05-18T01:26:30.533+0000] {dag.py:4180} INFO - Setting next_dagrun for example_subdag_operator.section-1 to None, run_after=None
[2026-05-18T01:26:30.534+0000] {logging_mixin.py:190} INFO - [2026-05-18T01:26:30.534+0000] {dag.py:4180} INFO - Setting next_dagrun for example_subdag_operator.section-2 to None, run_after=None
[2026-05-18T01:26:30.543+0000] {processor.py:208} INFO - Processing /usr/local/python/3.12.1/lib/python3.12/site-packages/airflow/example_dags/example_subdag_operator.py took 0.072 seconds
[2026-05-18T01:27:22.404+0000] {processor.py:186} INFO - Started process (PID=22831) to work on /usr/local/python/3.12.1/lib/python3.12/site-packages/airflow/example_dags/example_subdag_operator.py
[2026-05-18T01:27:22.405+0000] {processor.py:914} INFO - Processing file /usr/local/python/3.12.1/lib/python3.12/site-packages/airflow/example_dags/example_subdag_operator.py for tasks to queue
[2026-05-18T01:27:22.407+0000] {logging_mixin.py:190} INFO - [2026-05-18T01:27:22.406+0000] {dagbag.py:588} INFO - Filling up the DagBag from /usr/local/python/3.12.1/lib/python3.12/site-packages/airflow/example_dags/example_subdag_operator.py
[2026-05-18T01:27:22.424+0000] {processor.py:925} INFO - DAG(s) 'example_subdag_operator.section-1', 'example_subdag_operator.section-2', 'example_subdag_operator' retrieved from /usr/local/python/3.12.1/lib/python3.12/site-packages/airflow/example_dags/example_subdag_operator.py
[2026-05-18T01:27:22.436+0000] {logging_mixin.py:190} INFO - [2026-05-18T01:27:22.435+0000] {dag.py:3239} INFO - Sync 3 DAGs
[2026-05-18T01:27:22.451+0000] {logging_mixin.py:190} INFO - [2026-05-18T01:27:22.451+0000] {dag.py:4180} INFO - Setting next_dagrun for example_subdag_operator to 2022-01-01 00:00:00+00:00, run_after=2022-01-01 00:00:00+00:00
[2026-05-18T01:27:22.454+0000] {logging_mixin.py:190} INFO - [2026-05-18T01:27:22.454+0000] {dag.py:4180} INFO - Setting next_dagrun for example_subdag_operator.section-1 to None, run_after=None
[2026-05-18T01:27:22.455+0000] {logging_mixin.py:190} INFO - [2026-05-18T01:27:22.454+0000] {dag.py:4180} INFO - Setting next_dagrun for example_subdag_operator.section-2 to None, run_after=None
[2026-05-18T01:27:22.459+0000] {logging_mixin.py:190} INFO - [2026-05-18T01:27:22.459+0000] {dag.py:3239} INFO - Sync 2 DAGs
[2026-05-18T01:27:22.462+0000] {logging_mixin.py:190} INFO - [2026-05-18T01:27:22.462+0000] {dag.py:4180} INFO - Setting next_dagrun for example_subdag_operator.section-1 to None, run_after=None
[2026-05-18T01:27:22.462+0000] {logging_mixin.py:190} INFO - [2026-05-18T01:27:22.462+0000] {dag.py:4180} INFO - Setting next_dagrun for example_subdag_operator.section-2 to None, run_after=None
[2026-05-18T01:27:22.472+0000] {processor.py:208} INFO - Processing /usr/local/python/3.12.1/lib/python3.12/site-packages/airflow/example_dags/example_subdag_operator.py took 0.073 seconds
[2026-05-18T01:27:55.343+0000] {processor.py:186} INFO - Started process (PID=23400) to work on /usr/local/python/3.12.1/lib/python3.12/site-packages/airflow/example_dags/example_subdag_operator.py
[2026-05-18T01:27:55.344+0000] {processor.py:914} INFO - Processing file /usr/local/python/3.12.1/lib/python3.12/site-packages/airflow/example_dags/example_subdag_operator.py for tasks to queue
[2026-05-18T01:27:55.346+0000] {logging_mixin.py:190} INFO - [2026-05-18T01:27:55.346+0000] {dagbag.py:588} INFO - Filling up the DagBag from /usr/local/python/3.12.1/lib/python3.12/site-packages/airflow/example_dags/example_subdag_operator.py
[2026-05-18T01:27:55.366+0000] {processor.py:925} INFO - DAG(s) 'example_subdag_operator.section-1', 'example_subdag_operator.section-2', 'example_subdag_operator' retrieved from /usr/local/python/3.12.1/lib/python3.12/site-packages/airflow/example_dags/example_subdag_operator.py
[2026-05-18T01:27:55.379+0000] {logging_mixin.py:190} INFO - [2026-05-18T01:27:55.378+0000] {dag.py:3239} INFO - Sync 3 DAGs
[2026-05-18T01:27:55.393+0000] {logging_mixin.py:190} INFO - [2026-05-18T01:27:55.393+0000] {dag.py:4180} INFO - Setting next_dagrun for example_subdag_operator to 2022-01-01 00:00:00+00:00, run_after=2022-01-01 00:00:00+00:00
[2026-05-18T01:27:55.396+0000] {logging_mixin.py:190} INFO - [2026-05-18T01:27:55.396+0000] {dag.py:4180} INFO - Setting next_dagrun for example_subdag_operator.section-1 to None, run_after=None
[2026-05-18T01:27:55.397+0000] {logging_mixin.py:190} INFO - [2026-05-18T01:27:55.397+0000] {dag.py:4180} INFO - Setting next_dagrun for example_subdag_operator.section-2 to None, run_after=None
[2026-05-18T01:27:55.401+0000] {logging_mixin.py:190} INFO - [2026-05-18T01:27:55.401+0000] {dag.py:3239} INFO - Sync 2 DAGs
[2026-05-18T01:27:55.404+0000] {logging_mixin.py:190} INFO - [2026-05-18T01:27:55.404+0000] {dag.py:4180} INFO - Setting next_dagrun for example_subdag_operator.section-1 to None, run_after=None
[2026-05-18T01:27:55.404+0000] {logging_mixin.py:190} INFO - [2026-05-18T01:27:55.404+0000] {dag.py:4180} INFO - Setting next_dagrun for example_subdag_operator.section-2 to None, run_after=None
[2026-05-18T01:27:55.414+0000] {processor.py:208} INFO - Processing /usr/local/python/3.12.1/lib/python3.12/site-packages/airflow/example_dags/example_subdag_operator.py took 0.076 seconds
[2026-05-18T01:28:51.923+0000] {processor.py:186} INFO - Started process (PID=23978) to work on /usr/local/python/3.12.1/lib/python3.12/site-packages/airflow/example_dags/example_subdag_operator.py
[2026-05-18T01:28:51.924+0000] {processor.py:914} INFO - Processing file /usr/local/python/3.12.1/lib/python3.12/site-packages/airflow/example_dags/example_subdag_operator.py for tasks to queue
[2026-05-18T01:28:51.926+0000] {logging_mixin.py:190} INFO - [2026-05-18T01:28:51.925+0000] {dagbag.py:588} INFO - Filling up the DagBag from /usr/local/python/3.12.1/lib/python3.12/site-packages/airflow/example_dags/example_subdag_operator.py
[2026-05-18T01:28:51.944+0000] {processor.py:925} INFO - DAG(s) 'example_subdag_operator.section-1', 'example_subdag_operator.section-2', 'example_subdag_operator' retrieved from /usr/local/python/3.12.1/lib/python3.12/site-packages/airflow/example_dags/example_subdag_operator.py
[2026-05-18T01:28:51.955+0000] {logging_mixin.py:190} INFO - [2026-05-18T01:28:51.955+0000] {dag.py:3239} INFO - Sync 3 DAGs
[2026-05-18T01:28:51.971+0000] {logging_mixin.py:190} INFO - [2026-05-18T01:28:51.971+0000] {dag.py:4180} INFO - Setting next_dagrun for example_subdag_operator to 2022-01-01 00:00:00+00:00, run_after=2022-01-01 00:00:00+00:00
[2026-05-18T01:28:51.974+0000] {logging_mixin.py:190} INFO - [2026-05-18T01:28:51.974+0000] {dag.py:4180} INFO - Setting next_dagrun for example_subdag_operator.section-1 to None, run_after=None
[2026-05-18T01:28:51.975+0000] {logging_mixin.py:190} INFO - [2026-05-18T01:28:51.975+0000] {dag.py:4180} INFO - Setting next_dagrun for example_subdag_operator.section-2 to None, run_after=None
[2026-05-18T01:28:51.981+0000] {logging_mixin.py:190} INFO - [2026-05-18T01:28:51.981+0000] {dag.py:3239} INFO - Sync 2 DAGs
[2026-05-18T01:28:51.985+0000] {logging_mixin.py:190} INFO - [2026-05-18T01:28:51.985+0000] {dag.py:4180} INFO - Setting next_dagrun for example_subdag_operator.section-1 to None, run_after=None
[2026-05-18T01:28:51.985+0000] {logging_mixin.py:190} INFO - [2026-05-18T01:28:51.985+0000] {dag.py:4180} INFO - Setting next_dagrun for example_subdag_operator.section-2 to None, run_after=None
[2026-05-18T01:28:51.995+0000] {processor.py:208} INFO - Processing /usr/local/python/3.12.1/lib/python3.12/site-packages/airflow/example_dags/example_subdag_operator.py took 0.077 seconds
[2026-05-18T01:29:40.024+0000] {processor.py:186} INFO - Started process (PID=24363) to work on /usr/local/python/3.12.1/lib/python3.12/site-packages/airflow/example_dags/example_subdag_operator.py
[2026-05-18T01:29:40.025+0000] {processor.py:914} INFO - Processing file /usr/local/python/3.12.1/lib/python3.12/site-packages/airflow/example_dags/example_subdag_operator.py for tasks to queue
[2026-05-18T01:29:40.028+0000] {logging_mixin.py:190} INFO - [2026-05-18T01:29:40.028+0000] {dagbag.py:588} INFO - Filling up the DagBag from /usr/local/python/3.12.1/lib/python3.12/site-packages/airflow/example_dags/example_subdag_operator.py
[2026-05-18T01:29:40.068+0000] {processor.py:925} INFO - DAG(s) 'example_subdag_operator.section-1', 'example_subdag_operator.section-2', 'example_subdag_operator' retrieved from /usr/local/python/3.12.1/lib/python3.12/site-packages/airflow/example_dags/example_subdag_operator.py
[2026-05-18T01:29:40.086+0000] {logging_mixin.py:190} INFO - [2026-05-18T01:29:40.086+0000] {dag.py:3239} INFO - Sync 3 DAGs
[2026-05-18T01:29:40.103+0000] {logging_mixin.py:190} INFO - [2026-05-18T01:29:40.102+0000] {dag.py:4180} INFO - Setting next_dagrun for example_subdag_operator to 2022-01-01 00:00:00+00:00, run_after=2022-01-01 00:00:00+00:00
[2026-05-18T01:29:40.107+0000] {logging_mixin.py:190} INFO - [2026-05-18T01:29:40.106+0000] {dag.py:4180} INFO - Setting next_dagrun for example_subdag_operator.section-1 to None, run_after=None
[2026-05-18T01:29:40.107+0000] {logging_mixin.py:190} INFO - [2026-05-18T01:29:40.107+0000] {dag.py:4180} INFO - Setting next_dagrun for example_subdag_operator.section-2 to None, run_after=None
[2026-05-18T01:29:40.112+0000] {logging_mixin.py:190} INFO - [2026-05-18T01:29:40.112+0000] {dag.py:3239} INFO - Sync 2 DAGs
[2026-05-18T01:29:40.116+0000] {logging_mixin.py:190} INFO - [2026-05-18T01:29:40.116+0000] {dag.py:4180} INFO - Setting next_dagrun for example_subdag_operator.section-1 to None, run_after=None
[2026-05-18T01:29:40.116+0000] {logging_mixin.py:190} INFO - [2026-05-18T01:29:40.116+0000] {dag.py:4180} INFO - Setting next_dagrun for example_subdag_operator.section-2 to None, run_after=None
[2026-05-18T01:29:40.130+0000] {processor.py:208} INFO - Processing /usr/local/python/3.12.1/lib/python3.12/site-packages/airflow/example_dags/example_subdag_operator.py took 0.113 seconds
[2026-05-18T01:30:29.784+0000] {processor.py:186} INFO - Started process (PID=25294) to work on /usr/local/python/3.12.1/lib/python3.12/site-packages/airflow/example_dags/example_subdag_operator.py
[2026-05-18T01:30:29.788+0000] {processor.py:914} INFO - Processing file /usr/local/python/3.12.1/lib/python3.12/site-packages/airflow/example_dags/example_subdag_operator.py for tasks to queue
[2026-05-18T01:30:29.797+0000] {logging_mixin.py:190} INFO - [2026-05-18T01:30:29.796+0000] {dagbag.py:588} INFO - Filling up the DagBag from /usr/local/python/3.12.1/lib/python3.12/site-packages/airflow/example_dags/example_subdag_operator.py
[2026-05-18T01:30:29.892+0000] {processor.py:925} INFO - DAG(s) 'example_subdag_operator.section-1', 'example_subdag_operator.section-2', 'example_subdag_operator' retrieved from /usr/local/python/3.12.1/lib/python3.12/site-packages/airflow/example_dags/example_subdag_operator.py
[2026-05-18T01:30:29.919+0000] {logging_mixin.py:190} INFO - [2026-05-18T01:30:29.918+0000] {dag.py:3239} INFO - Sync 3 DAGs
[2026-05-18T01:30:29.950+0000] {logging_mixin.py:190} INFO - [2026-05-18T01:30:29.949+0000] {dag.py:4180} INFO - Setting next_dagrun for example_subdag_operator to 2022-01-01 00:00:00+00:00, run_after=2022-01-01 00:00:00+00:00
[2026-05-18T01:30:29.966+0000] {logging_mixin.py:190} INFO - [2026-05-18T01:30:29.966+0000] {dag.py:4180} INFO - Setting next_dagrun for example_subdag_operator.section-1 to None, run_after=None
[2026-05-18T01:30:29.972+0000] {logging_mixin.py:190} INFO - [2026-05-18T01:30:29.971+0000] {dag.py:4180} INFO - Setting next_dagrun for example_subdag_operator.section-2 to None, run_after=None
[2026-05-18T01:30:29.985+0000] {logging_mixin.py:190} INFO - [2026-05-18T01:30:29.984+0000] {dag.py:3239} INFO - Sync 2 DAGs
[2026-05-18T01:30:29.993+0000] {logging_mixin.py:190} INFO - [2026-05-18T01:30:29.992+0000] {dag.py:4180} INFO - Setting next_dagrun for example_subdag_operator.section-1 to None, run_after=None
[2026-05-18T01:30:29.993+0000] {logging_mixin.py:190} INFO - [2026-05-18T01:30:29.993+0000] {dag.py:4180} INFO - Setting next_dagrun for example_subdag_operator.section-2 to None, run_after=None
[2026-05-18T01:30:30.030+0000] {processor.py:208} INFO - Processing /usr/local/python/3.12.1/lib/python3.12/site-packages/airflow/example_dags/example_subdag_operator.py took 0.262 seconds
[2026-05-18T01:31:20.141+0000] {processor.py:186} INFO - Started process (PID=25737) to work on /usr/local/python/3.12.1/lib/python3.12/site-packages/airflow/example_dags/example_subdag_operator.py
[2026-05-18T01:31:20.142+0000] {processor.py:914} INFO - Processing file /usr/local/python/3.12.1/lib/python3.12/site-packages/airflow/example_dags/example_subdag_operator.py for tasks to queue
[2026-05-18T01:31:20.144+0000] {logging_mixin.py:190} INFO - [2026-05-18T01:31:20.144+0000] {dagbag.py:588} INFO - Filling up the DagBag from /usr/local/python/3.12.1/lib/python3.12/site-packages/airflow/example_dags/example_subdag_operator.py
[2026-05-18T01:31:20.177+0000] {processor.py:925} INFO - DAG(s) 'example_subdag_operator.section-1', 'example_subdag_operator.section-2', 'example_subdag_operator' retrieved from /usr/local/python/3.12.1/lib/python3.12/site-packages/airflow/example_dags/example_subdag_operator.py
[2026-05-18T01:31:20.189+0000] {logging_mixin.py:190} INFO - [2026-05-18T01:31:20.189+0000] {dag.py:3239} INFO - Sync 3 DAGs
[2026-05-18T01:31:20.205+0000] {logging_mixin.py:190} INFO - [2026-05-18T01:31:20.205+0000] {dag.py:4180} INFO - Setting next_dagrun for example_subdag_operator to 2022-01-01 00:00:00+00:00, run_after=2022-01-01 00:00:00+00:00
[2026-05-18T01:31:20.207+0000] {logging_mixin.py:190} INFO - [2026-05-18T01:31:20.207+0000] {dag.py:4180} INFO - Setting next_dagrun for example_subdag_operator.section-1 to None, run_after=None
[2026-05-18T01:31:20.208+0000] {logging_mixin.py:190} INFO - [2026-05-18T01:31:20.208+0000] {dag.py:4180} INFO - Setting next_dagrun for example_subdag_operator.section-2 to None, run_after=None
[2026-05-18T01:31:20.213+0000] {logging_mixin.py:190} INFO - [2026-05-18T01:31:20.213+0000] {dag.py:3239} INFO - Sync 2 DAGs
[2026-05-18T01:31:20.216+0000] {logging_mixin.py:190} INFO - [2026-05-18T01:31:20.216+0000] {dag.py:4180} INFO - Setting next_dagrun for example_subdag_operator.section-1 to None, run_after=None
[2026-05-18T01:31:20.217+0000] {logging_mixin.py:190} INFO - [2026-05-18T01:31:20.216+0000] {dag.py:4180} INFO - Setting next_dagrun for example_subdag_operator.section-2 to None, run_after=None
[2026-05-18T01:31:20.227+0000] {processor.py:208} INFO - Processing /usr/local/python/3.12.1/lib/python3.12/site-packages/airflow/example_dags/example_subdag_operator.py took 0.092 seconds
[2026-05-18T01:32:09.978+0000] {processor.py:186} INFO - Started process (PID=26170) to work on /usr/local/python/3.12.1/lib/python3.12/site-packages/airflow/example_dags/example_subdag_operator.py
[2026-05-18T01:32:09.978+0000] {processor.py:914} INFO - Processing file /usr/local/python/3.12.1/lib/python3.12/site-packages/airflow/example_dags/example_subdag_operator.py for tasks to queue
[2026-05-18T01:32:09.980+0000] {logging_mixin.py:190} INFO - [2026-05-18T01:32:09.980+0000] {dagbag.py:588} INFO - Filling up the DagBag from /usr/local/python/3.12.1/lib/python3.12/site-packages/airflow/example_dags/example_subdag_operator.py
[2026-05-18T01:32:09.999+0000] {processor.py:925} INFO - DAG(s) 'example_subdag_operator.section-1', 'example_subdag_operator.section-2', 'example_subdag_operator' retrieved from /usr/local/python/3.12.1/lib/python3.12/site-packages/airflow/example_dags/example_subdag_operator.py
[2026-05-18T01:32:10.010+0000] {logging_mixin.py:190} INFO - [2026-05-18T01:32:10.010+0000] {dag.py:3239} INFO - Sync 3 DAGs
[2026-05-18T01:32:10.025+0000] {logging_mixin.py:190} INFO - [2026-05-18T01:32:10.025+0000] {dag.py:4180} INFO - Setting next_dagrun for example_subdag_operator to 2022-01-01 00:00:00+00:00, run_after=2022-01-01 00:00:00+00:00
[2026-05-18T01:32:10.028+0000] {logging_mixin.py:190} INFO - [2026-05-18T01:32:10.028+0000] {dag.py:4180} INFO - Setting next_dagrun for example_subdag_operator.section-1 to None, run_after=None
[2026-05-18T01:32:10.028+0000] {logging_mixin.py:190} INFO - [2026-05-18T01:32:10.028+0000] {dag.py:4180} INFO - Setting next_dagrun for example_subdag_operator.section-2 to None, run_after=None
[2026-05-18T01:32:10.033+0000] {logging_mixin.py:190} INFO - [2026-05-18T01:32:10.033+0000] {dag.py:3239} INFO - Sync 2 DAGs
[2026-05-18T01:32:10.036+0000] {logging_mixin.py:190} INFO - [2026-05-18T01:32:10.035+0000] {dag.py:4180} INFO - Setting next_dagrun for example_subdag_operator.section-1 to None, run_after=None
[2026-05-18T01:32:10.036+0000] {logging_mixin.py:190} INFO - [2026-05-18T01:32:10.036+0000] {dag.py:4180} INFO - Setting next_dagrun for example_subdag_operator.section-2 to None, run_after=None
[2026-05-18T01:32:10.047+0000] {processor.py:208} INFO - Processing /usr/local/python/3.12.1/lib/python3.12/site-packages/airflow/example_dags/example_subdag_operator.py took 0.073 seconds
[2026-05-18T01:32:58.481+0000] {processor.py:186} INFO - Started process (PID=26787) to work on /usr/local/python/3.12.1/lib/python3.12/site-packages/airflow/example_dags/example_subdag_operator.py
[2026-05-18T01:32:58.483+0000] {processor.py:914} INFO - Processing file /usr/local/python/3.12.1/lib/python3.12/site-packages/airflow/example_dags/example_subdag_operator.py for tasks to queue
[2026-05-18T01:32:58.489+0000] {logging_mixin.py:190} INFO - [2026-05-18T01:32:58.488+0000] {dagbag.py:588} INFO - Filling up the DagBag from /usr/local/python/3.12.1/lib/python3.12/site-packages/airflow/example_dags/example_subdag_operator.py
[2026-05-18T01:32:58.508+0000] {processor.py:925} INFO - DAG(s) 'example_subdag_operator.section-1', 'example_subdag_operator.section-2', 'example_subdag_operator' retrieved from /usr/local/python/3.12.1/lib/python3.12/site-packages/airflow/example_dags/example_subdag_operator.py
[2026-05-18T01:32:58.520+0000] {logging_mixin.py:190} INFO - [2026-05-18T01:32:58.520+0000] {dag.py:3239} INFO - Sync 3 DAGs
[2026-05-18T01:32:58.538+0000] {logging_mixin.py:190} INFO - [2026-05-18T01:32:58.538+0000] {dag.py:4180} INFO - Setting next_dagrun for example_subdag_operator to 2022-01-01 00:00:00+00:00, run_after=2022-01-01 00:00:00+00:00
[2026-05-18T01:32:58.541+0000] {logging_mixin.py:190} INFO - [2026-05-18T01:32:58.540+0000] {dag.py:4180} INFO - Setting next_dagrun for example_subdag_operator.section-1 to None, run_after=None
[2026-05-18T01:32:58.541+0000] {logging_mixin.py:190} INFO - [2026-05-18T01:32:58.541+0000] {dag.py:4180} INFO - Setting next_dagrun for example_subdag_operator.section-2 to None, run_after=None
[2026-05-18T01:32:58.549+0000] {logging_mixin.py:190} INFO - [2026-05-18T01:32:58.549+0000] {dag.py:3239} INFO - Sync 2 DAGs
[2026-05-18T01:32:58.556+0000] {logging_mixin.py:190} INFO - [2026-05-18T01:32:58.556+0000] {dag.py:4180} INFO - Setting next_dagrun for example_subdag_operator.section-1 to None, run_after=None
[2026-05-18T01:32:58.557+0000] {logging_mixin.py:190} INFO - [2026-05-18T01:32:58.557+0000] {dag.py:4180} INFO - Setting next_dagrun for example_subdag_operator.section-2 to None, run_after=None
[2026-05-18T01:32:58.572+0000] {processor.py:208} INFO - Processing /usr/local/python/3.12.1/lib/python3.12/site-packages/airflow/example_dags/example_subdag_operator.py took 0.097 seconds
[2026-05-18T01:33:49.370+0000] {processor.py:186} INFO - Started process (PID=27289) to work on /usr/local/python/3.12.1/lib/python3.12/site-packages/airflow/example_dags/example_subdag_operator.py
[2026-05-18T01:33:49.371+0000] {processor.py:914} INFO - Processing file /usr/local/python/3.12.1/lib/python3.12/site-packages/airflow/example_dags/example_subdag_operator.py for tasks to queue
[2026-05-18T01:33:49.373+0000] {logging_mixin.py:190} INFO - [2026-05-18T01:33:49.372+0000] {dagbag.py:588} INFO - Filling up the DagBag from /usr/local/python/3.12.1/lib/python3.12/site-packages/airflow/example_dags/example_subdag_operator.py
[2026-05-18T01:33:49.391+0000] {processor.py:925} INFO - DAG(s) 'example_subdag_operator.section-1', 'example_subdag_operator.section-2', 'example_subdag_operator' retrieved from /usr/local/python/3.12.1/lib/python3.12/site-packages/airflow/example_dags/example_subdag_operator.py
[2026-05-18T01:33:49.403+0000] {logging_mixin.py:190} INFO - [2026-05-18T01:33:49.403+0000] {dag.py:3239} INFO - Sync 3 DAGs
[2026-05-18T01:33:49.419+0000] {logging_mixin.py:190} INFO - [2026-05-18T01:33:49.419+0000] {dag.py:4180} INFO - Setting next_dagrun for example_subdag_operator to 2022-01-01 00:00:00+00:00, run_after=2022-01-01 00:00:00+00:00
[2026-05-18T01:33:49.422+0000] {logging_mixin.py:190} INFO - [2026-05-18T01:33:49.422+0000] {dag.py:4180} INFO - Setting next_dagrun for example_subdag_operator.section-1 to None, run_after=None
[2026-05-18T01:33:49.423+0000] {logging_mixin.py:190} INFO - [2026-05-18T01:33:49.422+0000] {dag.py:4180} INFO - Setting next_dagrun for example_subdag_operator.section-2 to None, run_after=None
[2026-05-18T01:33:49.427+0000] {logging_mixin.py:190} INFO - [2026-05-18T01:33:49.427+0000] {dag.py:3239} INFO - Sync 2 DAGs
[2026-05-18T01:33:49.430+0000] {logging_mixin.py:190} INFO - [2026-05-18T01:33:49.430+0000] {dag.py:4180} INFO - Setting next_dagrun for example_subdag_operator.section-1 to None, run_after=None
[2026-05-18T01:33:49.430+0000] {logging_mixin.py:190} INFO - [2026-05-18T01:33:49.430+0000] {dag.py:4180} INFO - Setting next_dagrun for example_subdag_operator.section-2 to None, run_after=None
[2026-05-18T01:33:49.441+0000] {processor.py:208} INFO - Processing /usr/local/python/3.12.1/lib/python3.12/site-packages/airflow/example_dags/example_subdag_operator.py took 0.075 seconds
[2026-05-18T01:34:41.238+0000] {processor.py:186} INFO - Started process (PID=27733) to work on /usr/local/python/3.12.1/lib/python3.12/site-packages/airflow/example_dags/example_subdag_operator.py
[2026-05-18T01:34:41.239+0000] {processor.py:914} INFO - Processing file /usr/local/python/3.12.1/lib/python3.12/site-packages/airflow/example_dags/example_subdag_operator.py for tasks to queue
[2026-05-18T01:34:41.241+0000] {logging_mixin.py:190} INFO - [2026-05-18T01:34:41.240+0000] {dagbag.py:588} INFO - Filling up the DagBag from /usr/local/python/3.12.1/lib/python3.12/site-packages/airflow/example_dags/example_subdag_operator.py
[2026-05-18T01:34:41.260+0000] {processor.py:925} INFO - DAG(s) 'example_subdag_operator.section-1', 'example_subdag_operator.section-2', 'example_subdag_operator' retrieved from /usr/local/python/3.12.1/lib/python3.12/site-packages/airflow/example_dags/example_subdag_operator.py
[2026-05-18T01:34:41.274+0000] {logging_mixin.py:190} INFO - [2026-05-18T01:34:41.274+0000] {dag.py:3239} INFO - Sync 3 DAGs
[2026-05-18T01:34:41.289+0000] {logging_mixin.py:190} INFO - [2026-05-18T01:34:41.289+0000] {dag.py:4180} INFO - Setting next_dagrun for example_subdag_operator to 2022-01-01 00:00:00+00:00, run_after=2022-01-01 00:00:00+00:00
[2026-05-18T01:34:41.292+0000] {logging_mixin.py:190} INFO - [2026-05-18T01:34:41.292+0000] {dag.py:4180} INFO - Setting next_dagrun for example_subdag_operator.section-1 to None, run_after=None
[2026-05-18T01:34:41.292+0000] {logging_mixin.py:190} INFO - [2026-05-18T01:34:41.292+0000] {dag.py:4180} INFO - Setting next_dagrun for example_subdag_operator.section-2 to None, run_after=None
[2026-05-18T01:34:41.299+0000] {logging_mixin.py:190} INFO - [2026-05-18T01:34:41.299+0000] {dag.py:3239} INFO - Sync 2 DAGs
[2026-05-18T01:34:41.302+0000] {logging_mixin.py:190} INFO - [2026-05-18T01:34:41.302+0000] {dag.py:4180} INFO - Setting next_dagrun for example_subdag_operator.section-1 to None, run_after=None
[2026-05-18T01:34:41.303+0000] {logging_mixin.py:190} INFO - [2026-05-18T01:34:41.303+0000] {dag.py:4180} INFO - Setting next_dagrun for example_subdag_operator.section-2 to None, run_after=None
[2026-05-18T01:34:41.314+0000] {processor.py:208} INFO - Processing /usr/local/python/3.12.1/lib/python3.12/site-packages/airflow/example_dags/example_subdag_operator.py took 0.081 seconds
[2026-05-18T01:35:39.389+0000] {processor.py:186} INFO - Started process (PID=28560) to work on /usr/local/python/3.12.1/lib/python3.12/site-packages/airflow/example_dags/example_subdag_operator.py
[2026-05-18T01:35:39.391+0000] {processor.py:914} INFO - Processing file /usr/local/python/3.12.1/lib/python3.12/site-packages/airflow/example_dags/example_subdag_operator.py for tasks to queue
[2026-05-18T01:35:39.392+0000] {logging_mixin.py:190} INFO - [2026-05-18T01:35:39.392+0000] {dagbag.py:588} INFO - Filling up the DagBag from /usr/local/python/3.12.1/lib/python3.12/site-packages/airflow/example_dags/example_subdag_operator.py
[2026-05-18T01:35:39.413+0000] {processor.py:925} INFO - DAG(s) 'example_subdag_operator.section-1', 'example_subdag_operator.section-2', 'example_subdag_operator' retrieved from /usr/local/python/3.12.1/lib/python3.12/site-packages/airflow/example_dags/example_subdag_operator.py
[2026-05-18T01:35:39.429+0000] {logging_mixin.py:190} INFO - [2026-05-18T01:35:39.429+0000] {dag.py:3239} INFO - Sync 3 DAGs
[2026-05-18T01:35:39.444+0000] {logging_mixin.py:190} INFO - [2026-05-18T01:35:39.443+0000] {dag.py:4180} INFO - Setting next_dagrun for example_subdag_operator to 2022-01-01 00:00:00+00:00, run_after=2022-01-01 00:00:00+00:00
[2026-05-18T01:35:39.446+0000] {logging_mixin.py:190} INFO - [2026-05-18T01:35:39.446+0000] {dag.py:4180} INFO - Setting next_dagrun for example_subdag_operator.section-1 to None, run_after=None
[2026-05-18T01:35:39.447+0000] {logging_mixin.py:190} INFO - [2026-05-18T01:35:39.447+0000] {dag.py:4180} INFO - Setting next_dagrun for example_subdag_operator.section-2 to None, run_after=None
[2026-05-18T01:35:39.451+0000] {logging_mixin.py:190} INFO - [2026-05-18T01:35:39.451+0000] {dag.py:3239} INFO - Sync 2 DAGs
[2026-05-18T01:35:39.454+0000] {logging_mixin.py:190} INFO - [2026-05-18T01:35:39.454+0000] {dag.py:4180} INFO - Setting next_dagrun for example_subdag_operator.section-1 to None, run_after=None
[2026-05-18T01:35:39.455+0000] {logging_mixin.py:190} INFO - [2026-05-18T01:35:39.454+0000] {dag.py:4180} INFO - Setting next_dagrun for example_subdag_operator.section-2 to None, run_after=None
[2026-05-18T01:35:39.465+0000] {processor.py:208} INFO - Processing /usr/local/python/3.12.1/lib/python3.12/site-packages/airflow/example_dags/example_subdag_operator.py took 0.080 seconds
[2026-05-18T01:36:33.526+0000] {processor.py:186} INFO - Started process (PID=29057) to work on /usr/local/python/3.12.1/lib/python3.12/site-packages/airflow/example_dags/example_subdag_operator.py
[2026-05-18T01:36:33.526+0000] {processor.py:914} INFO - Processing file /usr/local/python/3.12.1/lib/python3.12/site-packages/airflow/example_dags/example_subdag_operator.py for tasks to queue
[2026-05-18T01:36:33.528+0000] {logging_mixin.py:190} INFO - [2026-05-18T01:36:33.528+0000] {dagbag.py:588} INFO - Filling up the DagBag from /usr/local/python/3.12.1/lib/python3.12/site-packages/airflow/example_dags/example_subdag_operator.py
[2026-05-18T01:36:33.546+0000] {processor.py:925} INFO - DAG(s) 'example_subdag_operator.section-1', 'example_subdag_operator.section-2', 'example_subdag_operator' retrieved from /usr/local/python/3.12.1/lib/python3.12/site-packages/airflow/example_dags/example_subdag_operator.py
[2026-05-18T01:36:33.560+0000] {logging_mixin.py:190} INFO - [2026-05-18T01:36:33.560+0000] {dag.py:3239} INFO - Sync 3 DAGs
[2026-05-18T01:36:33.575+0000] {logging_mixin.py:190} INFO - [2026-05-18T01:36:33.575+0000] {dag.py:4180} INFO - Setting next_dagrun for example_subdag_operator to 2022-01-01 00:00:00+00:00, run_after=2022-01-01 00:00:00+00:00
[2026-05-18T01:36:33.578+0000] {logging_mixin.py:190} INFO - [2026-05-18T01:36:33.578+0000] {dag.py:4180} INFO - Setting next_dagrun for example_subdag_operator.section-1 to None, run_after=None
[2026-05-18T01:36:33.579+0000] {logging_mixin.py:190} INFO - [2026-05-18T01:36:33.579+0000] {dag.py:4180} INFO - Setting next_dagrun for example_subdag_operator.section-2 to None, run_after=None
[2026-05-18T01:36:33.583+0000] {logging_mixin.py:190} INFO - [2026-05-18T01:36:33.583+0000] {dag.py:3239} INFO - Sync 2 DAGs
[2026-05-18T01:36:33.586+0000] {logging_mixin.py:190} INFO - [2026-05-18T01:36:33.586+0000] {dag.py:4180} INFO - Setting next_dagrun for example_subdag_operator.section-1 to None, run_after=None
[2026-05-18T01:36:33.586+0000] {logging_mixin.py:190} INFO - [2026-05-18T01:36:33.586+0000] {dag.py:4180} INFO - Setting next_dagrun for example_subdag_operator.section-2 to None, run_after=None
[2026-05-18T01:36:33.596+0000] {processor.py:208} INFO - Processing /usr/local/python/3.12.1/lib/python3.12/site-packages/airflow/example_dags/example_subdag_operator.py took 0.075 seconds
[2026-05-18T01:37:22.693+0000] {processor.py:186} INFO - Started process (PID=29423) to work on /usr/local/python/3.12.1/lib/python3.12/site-packages/airflow/example_dags/example_subdag_operator.py
[2026-05-18T01:37:22.694+0000] {processor.py:914} INFO - Processing file /usr/local/python/3.12.1/lib/python3.12/site-packages/airflow/example_dags/example_subdag_operator.py for tasks to queue
[2026-05-18T01:37:22.696+0000] {logging_mixin.py:190} INFO - [2026-05-18T01:37:22.695+0000] {dagbag.py:588} INFO - Filling up the DagBag from /usr/local/python/3.12.1/lib/python3.12/site-packages/airflow/example_dags/example_subdag_operator.py
[2026-05-18T01:37:22.714+0000] {processor.py:925} INFO - DAG(s) 'example_subdag_operator.section-1', 'example_subdag_operator.section-2', 'example_subdag_operator' retrieved from /usr/local/python/3.12.1/lib/python3.12/site-packages/airflow/example_dags/example_subdag_operator.py
[2026-05-18T01:37:22.725+0000] {logging_mixin.py:190} INFO - [2026-05-18T01:37:22.725+0000] {dag.py:3239} INFO - Sync 3 DAGs
[2026-05-18T01:37:22.740+0000] {logging_mixin.py:190} INFO - [2026-05-18T01:37:22.740+0000] {dag.py:4180} INFO - Setting next_dagrun for example_subdag_operator to 2022-01-01 00:00:00+00:00, run_after=2022-01-01 00:00:00+00:00
[2026-05-18T01:37:22.743+0000] {logging_mixin.py:190} INFO - [2026-05-18T01:37:22.743+0000] {dag.py:4180} INFO - Setting next_dagrun for example_subdag_operator.section-1 to None, run_after=None
[2026-05-18T01:37:22.744+0000] {logging_mixin.py:190} INFO - [2026-05-18T01:37:22.744+0000] {dag.py:4180} INFO - Setting next_dagrun for example_subdag_operator.section-2 to None, run_after=None
[2026-05-18T01:37:22.748+0000] {logging_mixin.py:190} INFO - [2026-05-18T01:37:22.748+0000] {dag.py:3239} INFO - Sync 2 DAGs
[2026-05-18T01:37:22.751+0000] {logging_mixin.py:190} INFO - [2026-05-18T01:37:22.751+0000] {dag.py:4180} INFO - Setting next_dagrun for example_subdag_operator.section-1 to None, run_after=None
[2026-05-18T01:37:22.751+0000] {logging_mixin.py:190} INFO - [2026-05-18T01:37:22.751+0000] {dag.py:4180} INFO - Setting next_dagrun for example_subdag_operator.section-2 to None, run_after=None
[2026-05-18T01:37:22.763+0000] {processor.py:208} INFO - Processing /usr/local/python/3.12.1/lib/python3.12/site-packages/airflow/example_dags/example_subdag_operator.py took 0.074 seconds
[2026-05-18T01:38:09.007+0000] {processor.py:186} INFO - Started process (PID=29882) to work on /usr/local/python/3.12.1/lib/python3.12/site-packages/airflow/example_dags/example_subdag_operator.py
[2026-05-18T01:38:09.008+0000] {processor.py:914} INFO - Processing file /usr/local/python/3.12.1/lib/python3.12/site-packages/airflow/example_dags/example_subdag_operator.py for tasks to queue
[2026-05-18T01:38:09.015+0000] {logging_mixin.py:190} INFO - [2026-05-18T01:38:09.013+0000] {dagbag.py:588} INFO - Filling up the DagBag from /usr/local/python/3.12.1/lib/python3.12/site-packages/airflow/example_dags/example_subdag_operator.py
[2026-05-18T01:38:09.057+0000] {processor.py:925} INFO - DAG(s) 'example_subdag_operator.section-1', 'example_subdag_operator.section-2', 'example_subdag_operator' retrieved from /usr/local/python/3.12.1/lib/python3.12/site-packages/airflow/example_dags/example_subdag_operator.py
[2026-05-18T01:38:09.101+0000] {logging_mixin.py:190} INFO - [2026-05-18T01:38:09.100+0000] {dag.py:3239} INFO - Sync 3 DAGs
[2026-05-18T01:38:09.125+0000] {logging_mixin.py:190} INFO - [2026-05-18T01:38:09.125+0000] {dag.py:4180} INFO - Setting next_dagrun for example_subdag_operator to 2022-01-01 00:00:00+00:00, run_after=2022-01-01 00:00:00+00:00
[2026-05-18T01:38:09.128+0000] {logging_mixin.py:190} INFO - [2026-05-18T01:38:09.128+0000] {dag.py:4180} INFO - Setting next_dagrun for example_subdag_operator.section-1 to None, run_after=None
[2026-05-18T01:38:09.129+0000] {logging_mixin.py:190} INFO - [2026-05-18T01:38:09.129+0000] {dag.py:4180} INFO - Setting next_dagrun for example_subdag_operator.section-2 to None, run_after=None
[2026-05-18T01:38:09.133+0000] {logging_mixin.py:190} INFO - [2026-05-18T01:38:09.133+0000] {dag.py:3239} INFO - Sync 2 DAGs
[2026-05-18T01:38:09.136+0000] {logging_mixin.py:190} INFO - [2026-05-18T01:38:09.136+0000] {dag.py:4180} INFO - Setting next_dagrun for example_subdag_operator.section-1 to None, run_after=None
[2026-05-18T01:38:09.137+0000] {logging_mixin.py:190} INFO - [2026-05-18T01:38:09.136+0000] {dag.py:4180} INFO - Setting next_dagrun for example_subdag_operator.section-2 to None, run_after=None
[2026-05-18T01:38:09.149+0000] {processor.py:208} INFO - Processing /usr/local/python/3.12.1/lib/python3.12/site-packages/airflow/example_dags/example_subdag_operator.py took 0.152 seconds
[2026-05-18T01:38:57.215+0000] {processor.py:186} INFO - Started process (PID=30302) to work on /usr/local/python/3.12.1/lib/python3.12/site-packages/airflow/example_dags/example_subdag_operator.py
[2026-05-18T01:38:57.216+0000] {processor.py:914} INFO - Processing file /usr/local/python/3.12.1/lib/python3.12/site-packages/airflow/example_dags/example_subdag_operator.py for tasks to queue
[2026-05-18T01:38:57.218+0000] {logging_mixin.py:190} INFO - [2026-05-18T01:38:57.218+0000] {dagbag.py:588} INFO - Filling up the DagBag from /usr/local/python/3.12.1/lib/python3.12/site-packages/airflow/example_dags/example_subdag_operator.py
[2026-05-18T01:38:57.236+0000] {processor.py:925} INFO - DAG(s) 'example_subdag_operator.section-1', 'example_subdag_operator.section-2', 'example_subdag_operator' retrieved from /usr/local/python/3.12.1/lib/python3.12/site-packages/airflow/example_dags/example_subdag_operator.py
[2026-05-18T01:38:57.248+0000] {logging_mixin.py:190} INFO - [2026-05-18T01:38:57.248+0000] {dag.py:3239} INFO - Sync 3 DAGs
[2026-05-18T01:38:57.263+0000] {logging_mixin.py:190} INFO - [2026-05-18T01:38:57.263+0000] {dag.py:4180} INFO - Setting next_dagrun for example_subdag_operator to 2022-01-01 00:00:00+00:00, run_after=2022-01-01 00:00:00+00:00
[2026-05-18T01:38:57.266+0000] {logging_mixin.py:190} INFO - [2026-05-18T01:38:57.265+0000] {dag.py:4180} INFO - Setting next_dagrun for example_subdag_operator.section-1 to None, run_after=None
[2026-05-18T01:38:57.266+0000] {logging_mixin.py:190} INFO - [2026-05-18T01:38:57.266+0000] {dag.py:4180} INFO - Setting next_dagrun for example_subdag_operator.section-2 to None, run_after=None
[2026-05-18T01:38:57.271+0000] {logging_mixin.py:190} INFO - [2026-05-18T01:38:57.271+0000] {dag.py:3239} INFO - Sync 2 DAGs
[2026-05-18T01:38:57.274+0000] {logging_mixin.py:190} INFO - [2026-05-18T01:38:57.274+0000] {dag.py:4180} INFO - Setting next_dagrun for example_subdag_operator.section-1 to None, run_after=None
[2026-05-18T01:38:57.275+0000] {logging_mixin.py:190} INFO - [2026-05-18T01:38:57.274+0000] {dag.py:4180} INFO - Setting next_dagrun for example_subdag_operator.section-2 to None, run_after=None
[2026-05-18T01:38:57.285+0000] {processor.py:208} INFO - Processing /usr/local/python/3.12.1/lib/python3.12/site-packages/airflow/example_dags/example_subdag_operator.py took 0.075 seconds
[2026-05-18T01:39:44.366+0000] {processor.py:186} INFO - Started process (PID=30721) to work on /usr/local/python/3.12.1/lib/python3.12/site-packages/airflow/example_dags/example_subdag_operator.py
[2026-05-18T01:39:44.366+0000] {processor.py:914} INFO - Processing file /usr/local/python/3.12.1/lib/python3.12/site-packages/airflow/example_dags/example_subdag_operator.py for tasks to queue
[2026-05-18T01:39:44.369+0000] {logging_mixin.py:190} INFO - [2026-05-18T01:39:44.368+0000] {dagbag.py:588} INFO - Filling up the DagBag from /usr/local/python/3.12.1/lib/python3.12/site-packages/airflow/example_dags/example_subdag_operator.py
[2026-05-18T01:39:44.400+0000] {processor.py:925} INFO - DAG(s) 'example_subdag_operator.section-1', 'example_subdag_operator.section-2', 'example_subdag_operator' retrieved from /usr/local/python/3.12.1/lib/python3.12/site-packages/airflow/example_dags/example_subdag_operator.py
[2026-05-18T01:39:44.412+0000] {logging_mixin.py:190} INFO - [2026-05-18T01:39:44.412+0000] {dag.py:3239} INFO - Sync 3 DAGs
[2026-05-18T01:39:44.427+0000] {logging_mixin.py:190} INFO - [2026-05-18T01:39:44.427+0000] {dag.py:4180} INFO - Setting next_dagrun for example_subdag_operator to 2022-01-01 00:00:00+00:00, run_after=2022-01-01 00:00:00+00:00
[2026-05-18T01:39:44.429+0000] {logging_mixin.py:190} INFO - [2026-05-18T01:39:44.429+0000] {dag.py:4180} INFO - Setting next_dagrun for example_subdag_operator.section-1 to None, run_after=None
[2026-05-18T01:39:44.430+0000] {logging_mixin.py:190} INFO - [2026-05-18T01:39:44.430+0000] {dag.py:4180} INFO - Setting next_dagrun for example_subdag_operator.section-2 to None, run_after=None
[2026-05-18T01:39:44.434+0000] {logging_mixin.py:190} INFO - [2026-05-18T01:39:44.434+0000] {dag.py:3239} INFO - Sync 2 DAGs
[2026-05-18T01:39:44.437+0000] {logging_mixin.py:190} INFO - [2026-05-18T01:39:44.437+0000] {dag.py:4180} INFO - Setting next_dagrun for example_subdag_operator.section-1 to None, run_after=None
[2026-05-18T01:39:44.438+0000] {logging_mixin.py:190} INFO - [2026-05-18T01:39:44.437+0000] {dag.py:4180} INFO - Setting next_dagrun for example_subdag_operator.section-2 to None, run_after=None
[2026-05-18T01:39:44.449+0000] {processor.py:208} INFO - Processing /usr/local/python/3.12.1/lib/python3.12/site-packages/airflow/example_dags/example_subdag_operator.py took 0.088 seconds
[2026-05-18T01:40:30.958+0000] {processor.py:186} INFO - Started process (PID=31206) to work on /usr/local/python/3.12.1/lib/python3.12/site-packages/airflow/example_dags/example_subdag_operator.py
[2026-05-18T01:40:30.959+0000] {processor.py:914} INFO - Processing file /usr/local/python/3.12.1/lib/python3.12/site-packages/airflow/example_dags/example_subdag_operator.py for tasks to queue
[2026-05-18T01:40:30.961+0000] {logging_mixin.py:190} INFO - [2026-05-18T01:40:30.961+0000] {dagbag.py:588} INFO - Filling up the DagBag from /usr/local/python/3.12.1/lib/python3.12/site-packages/airflow/example_dags/example_subdag_operator.py
[2026-05-18T01:40:30.989+0000] {processor.py:925} INFO - DAG(s) 'example_subdag_operator.section-1', 'example_subdag_operator.section-2', 'example_subdag_operator' retrieved from /usr/local/python/3.12.1/lib/python3.12/site-packages/airflow/example_dags/example_subdag_operator.py
[2026-05-18T01:40:31.012+0000] {logging_mixin.py:190} INFO - [2026-05-18T01:40:31.011+0000] {dag.py:3239} INFO - Sync 3 DAGs
[2026-05-18T01:40:31.037+0000] {logging_mixin.py:190} INFO - [2026-05-18T01:40:31.037+0000] {dag.py:4180} INFO - Setting next_dagrun for example_subdag_operator to 2022-01-01 00:00:00+00:00, run_after=2022-01-01 00:00:00+00:00
[2026-05-18T01:40:31.046+0000] {logging_mixin.py:190} INFO - [2026-05-18T01:40:31.046+0000] {dag.py:4180} INFO - Setting next_dagrun for example_subdag_operator.section-1 to None, run_after=None
[2026-05-18T01:40:31.047+0000] {logging_mixin.py:190} INFO - [2026-05-18T01:40:31.047+0000] {dag.py:4180} INFO - Setting next_dagrun for example_subdag_operator.section-2 to None, run_after=None
[2026-05-18T01:40:31.054+0000] {logging_mixin.py:190} INFO - [2026-05-18T01:40:31.054+0000] {dag.py:3239} INFO - Sync 2 DAGs
[2026-05-18T01:40:31.066+0000] {logging_mixin.py:190} INFO - [2026-05-18T01:40:31.066+0000] {dag.py:4180} INFO - Setting next_dagrun for example_subdag_operator.section-1 to None, run_after=None
[2026-05-18T01:40:31.069+0000] {logging_mixin.py:190} INFO - [2026-05-18T01:40:31.068+0000] {dag.py:4180} INFO - Setting next_dagrun for example_subdag_operator.section-2 to None, run_after=None
[2026-05-18T01:40:31.095+0000] {processor.py:208} INFO - Processing /usr/local/python/3.12.1/lib/python3.12/site-packages/airflow/example_dags/example_subdag_operator.py took 0.144 seconds
[2026-05-18T01:41:26.415+0000] {processor.py:186} INFO - Started process (PID=31725) to work on /usr/local/python/3.12.1/lib/python3.12/site-packages/airflow/example_dags/example_subdag_operator.py
[2026-05-18T01:41:26.415+0000] {processor.py:914} INFO - Processing file /usr/local/python/3.12.1/lib/python3.12/site-packages/airflow/example_dags/example_subdag_operator.py for tasks to queue
[2026-05-18T01:41:26.417+0000] {logging_mixin.py:190} INFO - [2026-05-18T01:41:26.417+0000] {dagbag.py:588} INFO - Filling up the DagBag from /usr/local/python/3.12.1/lib/python3.12/site-packages/airflow/example_dags/example_subdag_operator.py
[2026-05-18T01:41:26.436+0000] {processor.py:925} INFO - DAG(s) 'example_subdag_operator.section-1', 'example_subdag_operator.section-2', 'example_subdag_operator' retrieved from /usr/local/python/3.12.1/lib/python3.12/site-packages/airflow/example_dags/example_subdag_operator.py
[2026-05-18T01:41:26.448+0000] {logging_mixin.py:190} INFO - [2026-05-18T01:41:26.448+0000] {dag.py:3239} INFO - Sync 3 DAGs
[2026-05-18T01:41:26.463+0000] {logging_mixin.py:190} INFO - [2026-05-18T01:41:26.463+0000] {dag.py:4180} INFO - Setting next_dagrun for example_subdag_operator to 2022-01-01 00:00:00+00:00, run_after=2022-01-01 00:00:00+00:00
[2026-05-18T01:41:26.466+0000] {logging_mixin.py:190} INFO - [2026-05-18T01:41:26.466+0000] {dag.py:4180} INFO - Setting next_dagrun for example_subdag_operator.section-1 to None, run_after=None
[2026-05-18T01:41:26.467+0000] {logging_mixin.py:190} INFO - [2026-05-18T01:41:26.467+0000] {dag.py:4180} INFO - Setting next_dagrun for example_subdag_operator.section-2 to None, run_after=None
[2026-05-18T01:41:26.471+0000] {logging_mixin.py:190} INFO - [2026-05-18T01:41:26.471+0000] {dag.py:3239} INFO - Sync 2 DAGs
[2026-05-18T01:41:26.474+0000] {logging_mixin.py:190} INFO - [2026-05-18T01:41:26.474+0000] {dag.py:4180} INFO - Setting next_dagrun for example_subdag_operator.section-1 to None, run_after=None
[2026-05-18T01:41:26.474+0000] {logging_mixin.py:190} INFO - [2026-05-18T01:41:26.474+0000] {dag.py:4180} INFO - Setting next_dagrun for example_subdag_operator.section-2 to None, run_after=None
[2026-05-18T01:41:26.484+0000] {processor.py:208} INFO - Processing /usr/local/python/3.12.1/lib/python3.12/site-packages/airflow/example_dags/example_subdag_operator.py took 0.074 seconds
[2026-05-18T01:42:17.869+0000] {processor.py:186} INFO - Started process (PID=32236) to work on /usr/local/python/3.12.1/lib/python3.12/site-packages/airflow/example_dags/example_subdag_operator.py
[2026-05-18T01:42:17.870+0000] {processor.py:914} INFO - Processing file /usr/local/python/3.12.1/lib/python3.12/site-packages/airflow/example_dags/example_subdag_operator.py for tasks to queue
[2026-05-18T01:42:17.872+0000] {logging_mixin.py:190} INFO - [2026-05-18T01:42:17.871+0000] {dagbag.py:588} INFO - Filling up the DagBag from /usr/local/python/3.12.1/lib/python3.12/site-packages/airflow/example_dags/example_subdag_operator.py
[2026-05-18T01:42:17.894+0000] {processor.py:925} INFO - DAG(s) 'example_subdag_operator.section-1', 'example_subdag_operator.section-2', 'example_subdag_operator' retrieved from /usr/local/python/3.12.1/lib/python3.12/site-packages/airflow/example_dags/example_subdag_operator.py
[2026-05-18T01:42:17.905+0000] {logging_mixin.py:190} INFO - [2026-05-18T01:42:17.905+0000] {dag.py:3239} INFO - Sync 3 DAGs
[2026-05-18T01:42:17.920+0000] {logging_mixin.py:190} INFO - [2026-05-18T01:42:17.920+0000] {dag.py:4180} INFO - Setting next_dagrun for example_subdag_operator to 2022-01-01 00:00:00+00:00, run_after=2022-01-01 00:00:00+00:00
[2026-05-18T01:42:17.923+0000] {logging_mixin.py:190} INFO - [2026-05-18T01:42:17.923+0000] {dag.py:4180} INFO - Setting next_dagrun for example_subdag_operator.section-1 to None, run_after=None
[2026-05-18T01:42:17.924+0000] {logging_mixin.py:190} INFO - [2026-05-18T01:42:17.924+0000] {dag.py:4180} INFO - Setting next_dagrun for example_subdag_operator.section-2 to None, run_after=None
[2026-05-18T01:42:17.929+0000] {logging_mixin.py:190} INFO - [2026-05-18T01:42:17.929+0000] {dag.py:3239} INFO - Sync 2 DAGs
[2026-05-18T01:42:17.932+0000] {logging_mixin.py:190} INFO - [2026-05-18T01:42:17.932+0000] {dag.py:4180} INFO - Setting next_dagrun for example_subdag_operator.section-1 to None, run_after=None
[2026-05-18T01:42:17.932+0000] {logging_mixin.py:190} INFO - [2026-05-18T01:42:17.932+0000] {dag.py:4180} INFO - Setting next_dagrun for example_subdag_operator.section-2 to None, run_after=None
[2026-05-18T01:42:17.943+0000] {processor.py:208} INFO - Processing /usr/local/python/3.12.1/lib/python3.12/site-packages/airflow/example_dags/example_subdag_operator.py took 0.078 seconds
[2026-05-18T01:43:07.613+0000] {processor.py:186} INFO - Started process (PID=32669) to work on /usr/local/python/3.12.1/lib/python3.12/site-packages/airflow/example_dags/example_subdag_operator.py
[2026-05-18T01:43:07.614+0000] {processor.py:914} INFO - Processing file /usr/local/python/3.12.1/lib/python3.12/site-packages/airflow/example_dags/example_subdag_operator.py for tasks to queue
[2026-05-18T01:43:07.616+0000] {logging_mixin.py:190} INFO - [2026-05-18T01:43:07.616+0000] {dagbag.py:588} INFO - Filling up the DagBag from /usr/local/python/3.12.1/lib/python3.12/site-packages/airflow/example_dags/example_subdag_operator.py
[2026-05-18T01:43:07.635+0000] {processor.py:925} INFO - DAG(s) 'example_subdag_operator.section-1', 'example_subdag_operator.section-2', 'example_subdag_operator' retrieved from /usr/local/python/3.12.1/lib/python3.12/site-packages/airflow/example_dags/example_subdag_operator.py
[2026-05-18T01:43:07.646+0000] {logging_mixin.py:190} INFO - [2026-05-18T01:43:07.646+0000] {dag.py:3239} INFO - Sync 3 DAGs
[2026-05-18T01:43:07.662+0000] {logging_mixin.py:190} INFO - [2026-05-18T01:43:07.661+0000] {dag.py:4180} INFO - Setting next_dagrun for example_subdag_operator to 2022-01-01 00:00:00+00:00, run_after=2022-01-01 00:00:00+00:00
[2026-05-18T01:43:07.664+0000] {logging_mixin.py:190} INFO - [2026-05-18T01:43:07.664+0000] {dag.py:4180} INFO - Setting next_dagrun for example_subdag_operator.section-1 to None, run_after=None
[2026-05-18T01:43:07.665+0000] {logging_mixin.py:190} INFO - [2026-05-18T01:43:07.665+0000] {dag.py:4180} INFO - Setting next_dagrun for example_subdag_operator.section-2 to None, run_after=None
[2026-05-18T01:43:07.670+0000] {logging_mixin.py:190} INFO - [2026-05-18T01:43:07.669+0000] {dag.py:3239} INFO - Sync 2 DAGs
[2026-05-18T01:43:07.672+0000] {logging_mixin.py:190} INFO - [2026-05-18T01:43:07.672+0000] {dag.py:4180} INFO - Setting next_dagrun for example_subdag_operator.section-1 to None, run_after=None
[2026-05-18T01:43:07.673+0000] {logging_mixin.py:190} INFO - [2026-05-18T01:43:07.673+0000] {dag.py:4180} INFO - Setting next_dagrun for example_subdag_operator.section-2 to None, run_after=None
[2026-05-18T01:43:07.683+0000] {processor.py:208} INFO - Processing /usr/local/python/3.12.1/lib/python3.12/site-packages/airflow/example_dags/example_subdag_operator.py took 0.074 seconds
[2026-05-18T01:44:24.754+0000] {processor.py:186} INFO - Started process (PID=33724) to work on /usr/local/python/3.12.1/lib/python3.12/site-packages/airflow/example_dags/example_subdag_operator.py
[2026-05-18T01:44:24.755+0000] {processor.py:914} INFO - Processing file /usr/local/python/3.12.1/lib/python3.12/site-packages/airflow/example_dags/example_subdag_operator.py for tasks to queue
[2026-05-18T01:44:24.757+0000] {logging_mixin.py:190} INFO - [2026-05-18T01:44:24.756+0000] {dagbag.py:588} INFO - Filling up the DagBag from /usr/local/python/3.12.1/lib/python3.12/site-packages/airflow/example_dags/example_subdag_operator.py
[2026-05-18T01:44:24.775+0000] {processor.py:925} INFO - DAG(s) 'example_subdag_operator.section-1', 'example_subdag_operator.section-2', 'example_subdag_operator' retrieved from /usr/local/python/3.12.1/lib/python3.12/site-packages/airflow/example_dags/example_subdag_operator.py
[2026-05-18T01:44:24.788+0000] {logging_mixin.py:190} INFO - [2026-05-18T01:44:24.788+0000] {dag.py:3239} INFO - Sync 3 DAGs
[2026-05-18T01:44:24.803+0000] {logging_mixin.py:190} INFO - [2026-05-18T01:44:24.803+0000] {dag.py:4180} INFO - Setting next_dagrun for example_subdag_operator to 2022-01-01 00:00:00+00:00, run_after=2022-01-01 00:00:00+00:00
[2026-05-18T01:44:24.806+0000] {logging_mixin.py:190} INFO - [2026-05-18T01:44:24.806+0000] {dag.py:4180} INFO - Setting next_dagrun for example_subdag_operator.section-1 to None, run_after=None
[2026-05-18T01:44:24.807+0000] {logging_mixin.py:190} INFO - [2026-05-18T01:44:24.807+0000] {dag.py:4180} INFO - Setting next_dagrun for example_subdag_operator.section-2 to None, run_after=None
[2026-05-18T01:44:24.813+0000] {logging_mixin.py:190} INFO - [2026-05-18T01:44:24.813+0000] {dag.py:3239} INFO - Sync 2 DAGs
[2026-05-18T01:44:24.816+0000] {logging_mixin.py:190} INFO - [2026-05-18T01:44:24.816+0000] {dag.py:4180} INFO - Setting next_dagrun for example_subdag_operator.section-1 to None, run_after=None
[2026-05-18T01:44:24.816+0000] {logging_mixin.py:190} INFO - [2026-05-18T01:44:24.816+0000] {dag.py:4180} INFO - Setting next_dagrun for example_subdag_operator.section-2 to None, run_after=None
[2026-05-18T01:44:24.827+0000] {processor.py:208} INFO - Processing /usr/local/python/3.12.1/lib/python3.12/site-packages/airflow/example_dags/example_subdag_operator.py took 0.080 seconds
[2026-05-18T01:45:18.910+0000] {processor.py:186} INFO - Started process (PID=34341) to work on /usr/local/python/3.12.1/lib/python3.12/site-packages/airflow/example_dags/example_subdag_operator.py
[2026-05-18T01:45:18.911+0000] {processor.py:914} INFO - Processing file /usr/local/python/3.12.1/lib/python3.12/site-packages/airflow/example_dags/example_subdag_operator.py for tasks to queue
[2026-05-18T01:45:18.913+0000] {logging_mixin.py:190} INFO - [2026-05-18T01:45:18.912+0000] {dagbag.py:588} INFO - Filling up the DagBag from /usr/local/python/3.12.1/lib/python3.12/site-packages/airflow/example_dags/example_subdag_operator.py
[2026-05-18T01:45:18.933+0000] {processor.py:925} INFO - DAG(s) 'example_subdag_operator.section-1', 'example_subdag_operator.section-2', 'example_subdag_operator' retrieved from /usr/local/python/3.12.1/lib/python3.12/site-packages/airflow/example_dags/example_subdag_operator.py
[2026-05-18T01:45:18.945+0000] {logging_mixin.py:190} INFO - [2026-05-18T01:45:18.944+0000] {dag.py:3239} INFO - Sync 3 DAGs
[2026-05-18T01:45:18.960+0000] {logging_mixin.py:190} INFO - [2026-05-18T01:45:18.960+0000] {dag.py:4180} INFO - Setting next_dagrun for example_subdag_operator to 2022-01-01 00:00:00+00:00, run_after=2022-01-01 00:00:00+00:00
[2026-05-18T01:45:18.963+0000] {logging_mixin.py:190} INFO - [2026-05-18T01:45:18.963+0000] {dag.py:4180} INFO - Setting next_dagrun for example_subdag_operator.section-1 to None, run_after=None
[2026-05-18T01:45:18.963+0000] {logging_mixin.py:190} INFO - [2026-05-18T01:45:18.963+0000] {dag.py:4180} INFO - Setting next_dagrun for example_subdag_operator.section-2 to None, run_after=None
[2026-05-18T01:45:18.968+0000] {logging_mixin.py:190} INFO - [2026-05-18T01:45:18.968+0000] {dag.py:3239} INFO - Sync 2 DAGs
[2026-05-18T01:45:18.971+0000] {logging_mixin.py:190} INFO - [2026-05-18T01:45:18.971+0000] {dag.py:4180} INFO - Setting next_dagrun for example_subdag_operator.section-1 to None, run_after=None
[2026-05-18T01:45:18.971+0000] {logging_mixin.py:190} INFO - [2026-05-18T01:45:18.971+0000] {dag.py:4180} INFO - Setting next_dagrun for example_subdag_operator.section-2 to None, run_after=None
[2026-05-18T01:45:18.986+0000] {processor.py:208} INFO - Processing /usr/local/python/3.12.1/lib/python3.12/site-packages/airflow/example_dags/example_subdag_operator.py took 0.081 seconds
[2026-05-18T01:46:09.270+0000] {processor.py:186} INFO - Started process (PID=35075) to work on /usr/local/python/3.12.1/lib/python3.12/site-packages/airflow/example_dags/example_subdag_operator.py
[2026-05-18T01:46:09.271+0000] {processor.py:914} INFO - Processing file /usr/local/python/3.12.1/lib/python3.12/site-packages/airflow/example_dags/example_subdag_operator.py for tasks to queue
[2026-05-18T01:46:09.273+0000] {logging_mixin.py:190} INFO - [2026-05-18T01:46:09.273+0000] {dagbag.py:588} INFO - Filling up the DagBag from /usr/local/python/3.12.1/lib/python3.12/site-packages/airflow/example_dags/example_subdag_operator.py
[2026-05-18T01:46:09.293+0000] {processor.py:925} INFO - DAG(s) 'example_subdag_operator.section-1', 'example_subdag_operator.section-2', 'example_subdag_operator' retrieved from /usr/local/python/3.12.1/lib/python3.12/site-packages/airflow/example_dags/example_subdag_operator.py
[2026-05-18T01:46:09.305+0000] {logging_mixin.py:190} INFO - [2026-05-18T01:46:09.304+0000] {dag.py:3239} INFO - Sync 3 DAGs
[2026-05-18T01:46:09.320+0000] {logging_mixin.py:190} INFO - [2026-05-18T01:46:09.320+0000] {dag.py:4180} INFO - Setting next_dagrun for example_subdag_operator to 2022-01-01 00:00:00+00:00, run_after=2022-01-01 00:00:00+00:00
[2026-05-18T01:46:09.323+0000] {logging_mixin.py:190} INFO - [2026-05-18T01:46:09.323+0000] {dag.py:4180} INFO - Setting next_dagrun for example_subdag_operator.section-1 to None, run_after=None
[2026-05-18T01:46:09.324+0000] {logging_mixin.py:190} INFO - [2026-05-18T01:46:09.324+0000] {dag.py:4180} INFO - Setting next_dagrun for example_subdag_operator.section-2 to None, run_after=None
[2026-05-18T01:46:09.328+0000] {logging_mixin.py:190} INFO - [2026-05-18T01:46:09.328+0000] {dag.py:3239} INFO - Sync 2 DAGs
[2026-05-18T01:46:09.333+0000] {logging_mixin.py:190} INFO - [2026-05-18T01:46:09.332+0000] {dag.py:4180} INFO - Setting next_dagrun for example_subdag_operator.section-1 to None, run_after=None
[2026-05-18T01:46:09.333+0000] {logging_mixin.py:190} INFO - [2026-05-18T01:46:09.333+0000] {dag.py:4180} INFO - Setting next_dagrun for example_subdag_operator.section-2 to None, run_after=None
[2026-05-18T01:46:09.349+0000] {processor.py:208} INFO - Processing /usr/local/python/3.12.1/lib/python3.12/site-packages/airflow/example_dags/example_subdag_operator.py took 0.085 seconds
[2026-05-18T01:46:58.654+0000] {processor.py:186} INFO - Started process (PID=35503) to work on /usr/local/python/3.12.1/lib/python3.12/site-packages/airflow/example_dags/example_subdag_operator.py
[2026-05-18T01:46:58.655+0000] {processor.py:914} INFO - Processing file /usr/local/python/3.12.1/lib/python3.12/site-packages/airflow/example_dags/example_subdag_operator.py for tasks to queue
[2026-05-18T01:46:58.657+0000] {logging_mixin.py:190} INFO - [2026-05-18T01:46:58.657+0000] {dagbag.py:588} INFO - Filling up the DagBag from /usr/local/python/3.12.1/lib/python3.12/site-packages/airflow/example_dags/example_subdag_operator.py
[2026-05-18T01:46:58.682+0000] {processor.py:925} INFO - DAG(s) 'example_subdag_operator.section-1', 'example_subdag_operator.section-2', 'example_subdag_operator' retrieved from /usr/local/python/3.12.1/lib/python3.12/site-packages/airflow/example_dags/example_subdag_operator.py
[2026-05-18T01:46:58.695+0000] {logging_mixin.py:190} INFO - [2026-05-18T01:46:58.694+0000] {dag.py:3239} INFO - Sync 3 DAGs
[2026-05-18T01:46:58.717+0000] {logging_mixin.py:190} INFO - [2026-05-18T01:46:58.717+0000] {dag.py:4180} INFO - Setting next_dagrun for example_subdag_operator to 2022-01-01 00:00:00+00:00, run_after=2022-01-01 00:00:00+00:00
[2026-05-18T01:46:58.720+0000] {logging_mixin.py:190} INFO - [2026-05-18T01:46:58.720+0000] {dag.py:4180} INFO - Setting next_dagrun for example_subdag_operator.section-1 to None, run_after=None
[2026-05-18T01:46:58.721+0000] {logging_mixin.py:190} INFO - [2026-05-18T01:46:58.721+0000] {dag.py:4180} INFO - Setting next_dagrun for example_subdag_operator.section-2 to None, run_after=None
[2026-05-18T01:46:58.727+0000] {logging_mixin.py:190} INFO - [2026-05-18T01:46:58.726+0000] {dag.py:3239} INFO - Sync 2 DAGs
[2026-05-18T01:46:58.730+0000] {logging_mixin.py:190} INFO - [2026-05-18T01:46:58.730+0000] {dag.py:4180} INFO - Setting next_dagrun for example_subdag_operator.section-1 to None, run_after=None
[2026-05-18T01:46:58.730+0000] {logging_mixin.py:190} INFO - [2026-05-18T01:46:58.730+0000] {dag.py:4180} INFO - Setting next_dagrun for example_subdag_operator.section-2 to None, run_after=None
[2026-05-18T01:46:58.742+0000] {processor.py:208} INFO - Processing /usr/local/python/3.12.1/lib/python3.12/site-packages/airflow/example_dags/example_subdag_operator.py took 0.094 seconds
[2026-05-18T01:47:54.815+0000] {processor.py:186} INFO - Started process (PID=36061) to work on /usr/local/python/3.12.1/lib/python3.12/site-packages/airflow/example_dags/example_subdag_operator.py
[2026-05-18T01:47:54.861+0000] {processor.py:914} INFO - Processing file /usr/local/python/3.12.1/lib/python3.12/site-packages/airflow/example_dags/example_subdag_operator.py for tasks to queue
[2026-05-18T01:47:54.865+0000] {logging_mixin.py:190} INFO - [2026-05-18T01:47:54.864+0000] {dagbag.py:588} INFO - Filling up the DagBag from /usr/local/python/3.12.1/lib/python3.12/site-packages/airflow/example_dags/example_subdag_operator.py
[2026-05-18T01:47:54.898+0000] {processor.py:925} INFO - DAG(s) 'example_subdag_operator.section-1', 'example_subdag_operator.section-2', 'example_subdag_operator' retrieved from /usr/local/python/3.12.1/lib/python3.12/site-packages/airflow/example_dags/example_subdag_operator.py
[2026-05-18T01:47:54.917+0000] {logging_mixin.py:190} INFO - [2026-05-18T01:47:54.916+0000] {dag.py:3239} INFO - Sync 3 DAGs
[2026-05-18T01:47:54.939+0000] {logging_mixin.py:190} INFO - [2026-05-18T01:47:54.939+0000] {dag.py:4180} INFO - Setting next_dagrun for example_subdag_operator to 2022-01-01 00:00:00+00:00, run_after=2022-01-01 00:00:00+00:00
[2026-05-18T01:47:54.943+0000] {logging_mixin.py:190} INFO - [2026-05-18T01:47:54.943+0000] {dag.py:4180} INFO - Setting next_dagrun for example_subdag_operator.section-1 to None, run_after=None
[2026-05-18T01:47:54.944+0000] {logging_mixin.py:190} INFO - [2026-05-18T01:47:54.943+0000] {dag.py:4180} INFO - Setting next_dagrun for example_subdag_operator.section-2 to None, run_after=None
[2026-05-18T01:47:54.949+0000] {logging_mixin.py:190} INFO - [2026-05-18T01:47:54.949+0000] {dag.py:3239} INFO - Sync 2 DAGs
[2026-05-18T01:47:54.953+0000] {logging_mixin.py:190} INFO - [2026-05-18T01:47:54.953+0000] {dag.py:4180} INFO - Setting next_dagrun for example_subdag_operator.section-1 to None, run_after=None
[2026-05-18T01:47:54.954+0000] {logging_mixin.py:190} INFO - [2026-05-18T01:47:54.953+0000] {dag.py:4180} INFO - Setting next_dagrun for example_subdag_operator.section-2 to None, run_after=None
[2026-05-18T01:47:55.017+0000] {processor.py:208} INFO - Processing /usr/local/python/3.12.1/lib/python3.12/site-packages/airflow/example_dags/example_subdag_operator.py took 0.209 seconds
[2026-05-18T01:48:49.035+0000] {processor.py:186} INFO - Started process (PID=36989) to work on /usr/local/python/3.12.1/lib/python3.12/site-packages/airflow/example_dags/example_subdag_operator.py
[2026-05-18T01:48:49.036+0000] {processor.py:914} INFO - Processing file /usr/local/python/3.12.1/lib/python3.12/site-packages/airflow/example_dags/example_subdag_operator.py for tasks to queue
[2026-05-18T01:48:49.039+0000] {logging_mixin.py:190} INFO - [2026-05-18T01:48:49.038+0000] {dagbag.py:588} INFO - Filling up the DagBag from /usr/local/python/3.12.1/lib/python3.12/site-packages/airflow/example_dags/example_subdag_operator.py
[2026-05-18T01:48:49.058+0000] {processor.py:925} INFO - DAG(s) 'example_subdag_operator.section-1', 'example_subdag_operator.section-2', 'example_subdag_operator' retrieved from /usr/local/python/3.12.1/lib/python3.12/site-packages/airflow/example_dags/example_subdag_operator.py
[2026-05-18T01:48:49.069+0000] {logging_mixin.py:190} INFO - [2026-05-18T01:48:49.069+0000] {dag.py:3239} INFO - Sync 3 DAGs
[2026-05-18T01:48:49.084+0000] {logging_mixin.py:190} INFO - [2026-05-18T01:48:49.084+0000] {dag.py:4180} INFO - Setting next_dagrun for example_subdag_operator to 2022-01-01 00:00:00+00:00, run_after=2022-01-01 00:00:00+00:00
[2026-05-18T01:48:49.087+0000] {logging_mixin.py:190} INFO - [2026-05-18T01:48:49.087+0000] {dag.py:4180} INFO - Setting next_dagrun for example_subdag_operator.section-1 to None, run_after=None
[2026-05-18T01:48:49.088+0000] {logging_mixin.py:190} INFO - [2026-05-18T01:48:49.088+0000] {dag.py:4180} INFO - Setting next_dagrun for example_subdag_operator.section-2 to None, run_after=None
[2026-05-18T01:48:49.094+0000] {logging_mixin.py:190} INFO - [2026-05-18T01:48:49.094+0000] {dag.py:3239} INFO - Sync 2 DAGs
[2026-05-18T01:48:49.098+0000] {logging_mixin.py:190} INFO - [2026-05-18T01:48:49.098+0000] {dag.py:4180} INFO - Setting next_dagrun for example_subdag_operator.section-1 to None, run_after=None
[2026-05-18T01:48:49.099+0000] {logging_mixin.py:190} INFO - [2026-05-18T01:48:49.098+0000] {dag.py:4180} INFO - Setting next_dagrun for example_subdag_operator.section-2 to None, run_after=None
[2026-05-18T01:48:49.111+0000] {processor.py:208} INFO - Processing /usr/local/python/3.12.1/lib/python3.12/site-packages/airflow/example_dags/example_subdag_operator.py took 0.080 seconds
[2026-05-18T01:49:40.357+0000] {processor.py:186} INFO - Started process (PID=37614) to work on /usr/local/python/3.12.1/lib/python3.12/site-packages/airflow/example_dags/example_subdag_operator.py
[2026-05-18T01:49:40.358+0000] {processor.py:914} INFO - Processing file /usr/local/python/3.12.1/lib/python3.12/site-packages/airflow/example_dags/example_subdag_operator.py for tasks to queue
[2026-05-18T01:49:40.360+0000] {logging_mixin.py:190} INFO - [2026-05-18T01:49:40.360+0000] {dagbag.py:588} INFO - Filling up the DagBag from /usr/local/python/3.12.1/lib/python3.12/site-packages/airflow/example_dags/example_subdag_operator.py
[2026-05-18T01:49:40.379+0000] {processor.py:925} INFO - DAG(s) 'example_subdag_operator.section-1', 'example_subdag_operator.section-2', 'example_subdag_operator' retrieved from /usr/local/python/3.12.1/lib/python3.12/site-packages/airflow/example_dags/example_subdag_operator.py
[2026-05-18T01:49:40.391+0000] {logging_mixin.py:190} INFO - [2026-05-18T01:49:40.391+0000] {dag.py:3239} INFO - Sync 3 DAGs
[2026-05-18T01:49:40.406+0000] {logging_mixin.py:190} INFO - [2026-05-18T01:49:40.406+0000] {dag.py:4180} INFO - Setting next_dagrun for example_subdag_operator to 2022-01-01 00:00:00+00:00, run_after=2022-01-01 00:00:00+00:00
[2026-05-18T01:49:40.408+0000] {logging_mixin.py:190} INFO - [2026-05-18T01:49:40.408+0000] {dag.py:4180} INFO - Setting next_dagrun for example_subdag_operator.section-1 to None, run_after=None
[2026-05-18T01:49:40.409+0000] {logging_mixin.py:190} INFO - [2026-05-18T01:49:40.409+0000] {dag.py:4180} INFO - Setting next_dagrun for example_subdag_operator.section-2 to None, run_after=None
[2026-05-18T01:49:40.415+0000] {logging_mixin.py:190} INFO - [2026-05-18T01:49:40.414+0000] {dag.py:3239} INFO - Sync 2 DAGs
[2026-05-18T01:49:40.418+0000] {logging_mixin.py:190} INFO - [2026-05-18T01:49:40.418+0000] {dag.py:4180} INFO - Setting next_dagrun for example_subdag_operator.section-1 to None, run_after=None
[2026-05-18T01:49:40.418+0000] {logging_mixin.py:190} INFO - [2026-05-18T01:49:40.418+0000] {dag.py:4180} INFO - Setting next_dagrun for example_subdag_operator.section-2 to None, run_after=None
[2026-05-18T01:49:40.431+0000] {processor.py:208} INFO - Processing /usr/local/python/3.12.1/lib/python3.12/site-packages/airflow/example_dags/example_subdag_operator.py took 0.078 seconds
[2026-05-18T01:50:31.782+0000] {processor.py:186} INFO - Started process (PID=38302) to work on /usr/local/python/3.12.1/lib/python3.12/site-packages/airflow/example_dags/example_subdag_operator.py
[2026-05-18T01:50:31.783+0000] {processor.py:914} INFO - Processing file /usr/local/python/3.12.1/lib/python3.12/site-packages/airflow/example_dags/example_subdag_operator.py for tasks to queue
[2026-05-18T01:50:31.785+0000] {logging_mixin.py:190} INFO - [2026-05-18T01:50:31.784+0000] {dagbag.py:588} INFO - Filling up the DagBag from /usr/local/python/3.12.1/lib/python3.12/site-packages/airflow/example_dags/example_subdag_operator.py
[2026-05-18T01:50:31.803+0000] {processor.py:925} INFO - DAG(s) 'example_subdag_operator.section-1', 'example_subdag_operator.section-2', 'example_subdag_operator' retrieved from /usr/local/python/3.12.1/lib/python3.12/site-packages/airflow/example_dags/example_subdag_operator.py
[2026-05-18T01:50:31.814+0000] {logging_mixin.py:190} INFO - [2026-05-18T01:50:31.814+0000] {dag.py:3239} INFO - Sync 3 DAGs
[2026-05-18T01:50:31.829+0000] {logging_mixin.py:190} INFO - [2026-05-18T01:50:31.829+0000] {dag.py:4180} INFO - Setting next_dagrun for example_subdag_operator to 2022-01-01 00:00:00+00:00, run_after=2022-01-01 00:00:00+00:00
[2026-05-18T01:50:31.832+0000] {logging_mixin.py:190} INFO - [2026-05-18T01:50:31.832+0000] {dag.py:4180} INFO - Setting next_dagrun for example_subdag_operator.section-1 to None, run_after=None
[2026-05-18T01:50:31.832+0000] {logging_mixin.py:190} INFO - [2026-05-18T01:50:31.832+0000] {dag.py:4180} INFO - Setting next_dagrun for example_subdag_operator.section-2 to None, run_after=None
[2026-05-18T01:50:31.837+0000] {logging_mixin.py:190} INFO - [2026-05-18T01:50:31.837+0000] {dag.py:3239} INFO - Sync 2 DAGs
[2026-05-18T01:50:31.840+0000] {logging_mixin.py:190} INFO - [2026-05-18T01:50:31.840+0000] {dag.py:4180} INFO - Setting next_dagrun for example_subdag_operator.section-1 to None, run_after=None
[2026-05-18T01:50:31.840+0000] {logging_mixin.py:190} INFO - [2026-05-18T01:50:31.840+0000] {dag.py:4180} INFO - Setting next_dagrun for example_subdag_operator.section-2 to None, run_after=None
[2026-05-18T01:50:31.851+0000] {processor.py:208} INFO - Processing /usr/local/python/3.12.1/lib/python3.12/site-packages/airflow/example_dags/example_subdag_operator.py took 0.073 seconds
[2026-05-18T01:51:25.738+0000] {processor.py:186} INFO - Started process (PID=38837) to work on /usr/local/python/3.12.1/lib/python3.12/site-packages/airflow/example_dags/example_subdag_operator.py
[2026-05-18T01:51:25.739+0000] {processor.py:914} INFO - Processing file /usr/local/python/3.12.1/lib/python3.12/site-packages/airflow/example_dags/example_subdag_operator.py for tasks to queue
[2026-05-18T01:51:25.741+0000] {logging_mixin.py:190} INFO - [2026-05-18T01:51:25.741+0000] {dagbag.py:588} INFO - Filling up the DagBag from /usr/local/python/3.12.1/lib/python3.12/site-packages/airflow/example_dags/example_subdag_operator.py
[2026-05-18T01:51:25.775+0000] {processor.py:925} INFO - DAG(s) 'example_subdag_operator.section-1', 'example_subdag_operator.section-2', 'example_subdag_operator' retrieved from /usr/local/python/3.12.1/lib/python3.12/site-packages/airflow/example_dags/example_subdag_operator.py
[2026-05-18T01:51:25.793+0000] {logging_mixin.py:190} INFO - [2026-05-18T01:51:25.793+0000] {dag.py:3239} INFO - Sync 3 DAGs
[2026-05-18T01:51:25.815+0000] {logging_mixin.py:190} INFO - [2026-05-18T01:51:25.815+0000] {dag.py:4180} INFO - Setting next_dagrun for example_subdag_operator to 2022-01-01 00:00:00+00:00, run_after=2022-01-01 00:00:00+00:00
[2026-05-18T01:51:25.819+0000] {logging_mixin.py:190} INFO - [2026-05-18T01:51:25.819+0000] {dag.py:4180} INFO - Setting next_dagrun for example_subdag_operator.section-1 to None, run_after=None
[2026-05-18T01:51:25.820+0000] {logging_mixin.py:190} INFO - [2026-05-18T01:51:25.820+0000] {dag.py:4180} INFO - Setting next_dagrun for example_subdag_operator.section-2 to None, run_after=None
[2026-05-18T01:51:25.825+0000] {logging_mixin.py:190} INFO - [2026-05-18T01:51:25.825+0000] {dag.py:3239} INFO - Sync 2 DAGs
[2026-05-18T01:51:25.828+0000] {logging_mixin.py:190} INFO - [2026-05-18T01:51:25.828+0000] {dag.py:4180} INFO - Setting next_dagrun for example_subdag_operator.section-1 to None, run_after=None
[2026-05-18T01:51:25.828+0000] {logging_mixin.py:190} INFO - [2026-05-18T01:51:25.828+0000] {dag.py:4180} INFO - Setting next_dagrun for example_subdag_operator.section-2 to None, run_after=None
[2026-05-18T01:51:25.839+0000] {processor.py:208} INFO - Processing /usr/local/python/3.12.1/lib/python3.12/site-packages/airflow/example_dags/example_subdag_operator.py took 0.106 seconds
[2026-05-18T01:52:16.917+0000] {processor.py:186} INFO - Started process (PID=39283) to work on /usr/local/python/3.12.1/lib/python3.12/site-packages/airflow/example_dags/example_subdag_operator.py
[2026-05-18T01:52:16.918+0000] {processor.py:914} INFO - Processing file /usr/local/python/3.12.1/lib/python3.12/site-packages/airflow/example_dags/example_subdag_operator.py for tasks to queue
[2026-05-18T01:52:16.920+0000] {logging_mixin.py:190} INFO - [2026-05-18T01:52:16.920+0000] {dagbag.py:588} INFO - Filling up the DagBag from /usr/local/python/3.12.1/lib/python3.12/site-packages/airflow/example_dags/example_subdag_operator.py
[2026-05-18T01:52:16.938+0000] {processor.py:925} INFO - DAG(s) 'example_subdag_operator.section-1', 'example_subdag_operator.section-2', 'example_subdag_operator' retrieved from /usr/local/python/3.12.1/lib/python3.12/site-packages/airflow/example_dags/example_subdag_operator.py
[2026-05-18T01:52:16.950+0000] {logging_mixin.py:190} INFO - [2026-05-18T01:52:16.950+0000] {dag.py:3239} INFO - Sync 3 DAGs
[2026-05-18T01:52:16.967+0000] {logging_mixin.py:190} INFO - [2026-05-18T01:52:16.966+0000] {dag.py:4180} INFO - Setting next_dagrun for example_subdag_operator to 2022-01-01 00:00:00+00:00, run_after=2022-01-01 00:00:00+00:00
[2026-05-18T01:52:16.970+0000] {logging_mixin.py:190} INFO - [2026-05-18T01:52:16.970+0000] {dag.py:4180} INFO - Setting next_dagrun for example_subdag_operator.section-1 to None, run_after=None
[2026-05-18T01:52:16.971+0000] {logging_mixin.py:190} INFO - [2026-05-18T01:52:16.971+0000] {dag.py:4180} INFO - Setting next_dagrun for example_subdag_operator.section-2 to None, run_after=None
[2026-05-18T01:52:16.978+0000] {logging_mixin.py:190} INFO - [2026-05-18T01:52:16.978+0000] {dag.py:3239} INFO - Sync 2 DAGs
[2026-05-18T01:52:16.981+0000] {logging_mixin.py:190} INFO - [2026-05-18T01:52:16.981+0000] {dag.py:4180} INFO - Setting next_dagrun for example_subdag_operator.section-1 to None, run_after=None
[2026-05-18T01:52:16.982+0000] {logging_mixin.py:190} INFO - [2026-05-18T01:52:16.982+0000] {dag.py:4180} INFO - Setting next_dagrun for example_subdag_operator.section-2 to None, run_after=None
[2026-05-18T01:52:16.995+0000] {processor.py:208} INFO - Processing /usr/local/python/3.12.1/lib/python3.12/site-packages/airflow/example_dags/example_subdag_operator.py took 0.082 seconds
[2026-05-18T01:53:08.679+0000] {processor.py:186} INFO - Started process (PID=39676) to work on /usr/local/python/3.12.1/lib/python3.12/site-packages/airflow/example_dags/example_subdag_operator.py
[2026-05-18T01:53:08.680+0000] {processor.py:914} INFO - Processing file /usr/local/python/3.12.1/lib/python3.12/site-packages/airflow/example_dags/example_subdag_operator.py for tasks to queue
[2026-05-18T01:53:08.682+0000] {logging_mixin.py:190} INFO - [2026-05-18T01:53:08.681+0000] {dagbag.py:588} INFO - Filling up the DagBag from /usr/local/python/3.12.1/lib/python3.12/site-packages/airflow/example_dags/example_subdag_operator.py
[2026-05-18T01:53:08.700+0000] {processor.py:925} INFO - DAG(s) 'example_subdag_operator.section-1', 'example_subdag_operator.section-2', 'example_subdag_operator' retrieved from /usr/local/python/3.12.1/lib/python3.12/site-packages/airflow/example_dags/example_subdag_operator.py
[2026-05-18T01:53:08.712+0000] {logging_mixin.py:190} INFO - [2026-05-18T01:53:08.712+0000] {dag.py:3239} INFO - Sync 3 DAGs
[2026-05-18T01:53:08.726+0000] {logging_mixin.py:190} INFO - [2026-05-18T01:53:08.726+0000] {dag.py:4180} INFO - Setting next_dagrun for example_subdag_operator to 2022-01-01 00:00:00+00:00, run_after=2022-01-01 00:00:00+00:00
[2026-05-18T01:53:08.729+0000] {logging_mixin.py:190} INFO - [2026-05-18T01:53:08.729+0000] {dag.py:4180} INFO - Setting next_dagrun for example_subdag_operator.section-1 to None, run_after=None
[2026-05-18T01:53:08.730+0000] {logging_mixin.py:190} INFO - [2026-05-18T01:53:08.730+0000] {dag.py:4180} INFO - Setting next_dagrun for example_subdag_operator.section-2 to None, run_after=None
[2026-05-18T01:53:08.734+0000] {logging_mixin.py:190} INFO - [2026-05-18T01:53:08.734+0000] {dag.py:3239} INFO - Sync 2 DAGs
[2026-05-18T01:53:08.737+0000] {logging_mixin.py:190} INFO - [2026-05-18T01:53:08.737+0000] {dag.py:4180} INFO - Setting next_dagrun for example_subdag_operator.section-1 to None, run_after=None
[2026-05-18T01:53:08.737+0000] {logging_mixin.py:190} INFO - [2026-05-18T01:53:08.737+0000] {dag.py:4180} INFO - Setting next_dagrun for example_subdag_operator.section-2 to None, run_after=None
[2026-05-18T01:53:08.749+0000] {processor.py:208} INFO - Processing /usr/local/python/3.12.1/lib/python3.12/site-packages/airflow/example_dags/example_subdag_operator.py took 0.074 seconds
[2026-05-18T01:53:58.131+0000] {processor.py:186} INFO - Started process (PID=40115) to work on /usr/local/python/3.12.1/lib/python3.12/site-packages/airflow/example_dags/example_subdag_operator.py
[2026-05-18T01:53:58.132+0000] {processor.py:914} INFO - Processing file /usr/local/python/3.12.1/lib/python3.12/site-packages/airflow/example_dags/example_subdag_operator.py for tasks to queue
[2026-05-18T01:53:58.134+0000] {logging_mixin.py:190} INFO - [2026-05-18T01:53:58.134+0000] {dagbag.py:588} INFO - Filling up the DagBag from /usr/local/python/3.12.1/lib/python3.12/site-packages/airflow/example_dags/example_subdag_operator.py
[2026-05-18T01:53:58.154+0000] {processor.py:925} INFO - DAG(s) 'example_subdag_operator.section-1', 'example_subdag_operator.section-2', 'example_subdag_operator' retrieved from /usr/local/python/3.12.1/lib/python3.12/site-packages/airflow/example_dags/example_subdag_operator.py
[2026-05-18T01:53:58.166+0000] {logging_mixin.py:190} INFO - [2026-05-18T01:53:58.166+0000] {dag.py:3239} INFO - Sync 3 DAGs
[2026-05-18T01:53:58.188+0000] {logging_mixin.py:190} INFO - [2026-05-18T01:53:58.188+0000] {dag.py:4180} INFO - Setting next_dagrun for example_subdag_operator to 2022-01-01 00:00:00+00:00, run_after=2022-01-01 00:00:00+00:00
[2026-05-18T01:53:58.192+0000] {logging_mixin.py:190} INFO - [2026-05-18T01:53:58.191+0000] {dag.py:4180} INFO - Setting next_dagrun for example_subdag_operator.section-1 to None, run_after=None
[2026-05-18T01:53:58.193+0000] {logging_mixin.py:190} INFO - [2026-05-18T01:53:58.192+0000] {dag.py:4180} INFO - Setting next_dagrun for example_subdag_operator.section-2 to None, run_after=None
[2026-05-18T01:53:58.198+0000] {logging_mixin.py:190} INFO - [2026-05-18T01:53:58.198+0000] {dag.py:3239} INFO - Sync 2 DAGs
[2026-05-18T01:53:58.202+0000] {logging_mixin.py:190} INFO - [2026-05-18T01:53:58.202+0000] {dag.py:4180} INFO - Setting next_dagrun for example_subdag_operator.section-1 to None, run_after=None
[2026-05-18T01:53:58.203+0000] {logging_mixin.py:190} INFO - [2026-05-18T01:53:58.203+0000] {dag.py:4180} INFO - Setting next_dagrun for example_subdag_operator.section-2 to None, run_after=None
[2026-05-18T01:53:58.213+0000] {processor.py:208} INFO - Processing /usr/local/python/3.12.1/lib/python3.12/site-packages/airflow/example_dags/example_subdag_operator.py took 0.087 seconds
[2026-05-18T01:54:45.668+0000] {processor.py:186} INFO - Started process (PID=40586) to work on /usr/local/python/3.12.1/lib/python3.12/site-packages/airflow/example_dags/example_subdag_operator.py
[2026-05-18T01:54:45.669+0000] {processor.py:914} INFO - Processing file /usr/local/python/3.12.1/lib/python3.12/site-packages/airflow/example_dags/example_subdag_operator.py for tasks to queue
[2026-05-18T01:54:45.671+0000] {logging_mixin.py:190} INFO - [2026-05-18T01:54:45.671+0000] {dagbag.py:588} INFO - Filling up the DagBag from /usr/local/python/3.12.1/lib/python3.12/site-packages/airflow/example_dags/example_subdag_operator.py
[2026-05-18T01:54:45.690+0000] {processor.py:925} INFO - DAG(s) 'example_subdag_operator.section-1', 'example_subdag_operator.section-2', 'example_subdag_operator' retrieved from /usr/local/python/3.12.1/lib/python3.12/site-packages/airflow/example_dags/example_subdag_operator.py
[2026-05-18T01:54:45.702+0000] {logging_mixin.py:190} INFO - [2026-05-18T01:54:45.702+0000] {dag.py:3239} INFO - Sync 3 DAGs
[2026-05-18T01:54:45.718+0000] {logging_mixin.py:190} INFO - [2026-05-18T01:54:45.718+0000] {dag.py:4180} INFO - Setting next_dagrun for example_subdag_operator to 2022-01-01 00:00:00+00:00, run_after=2022-01-01 00:00:00+00:00
[2026-05-18T01:54:45.721+0000] {logging_mixin.py:190} INFO - [2026-05-18T01:54:45.721+0000] {dag.py:4180} INFO - Setting next_dagrun for example_subdag_operator.section-1 to None, run_after=None
[2026-05-18T01:54:45.722+0000] {logging_mixin.py:190} INFO - [2026-05-18T01:54:45.721+0000] {dag.py:4180} INFO - Setting next_dagrun for example_subdag_operator.section-2 to None, run_after=None
[2026-05-18T01:54:45.726+0000] {logging_mixin.py:190} INFO - [2026-05-18T01:54:45.726+0000] {dag.py:3239} INFO - Sync 2 DAGs
[2026-05-18T01:54:45.729+0000] {logging_mixin.py:190} INFO - [2026-05-18T01:54:45.729+0000] {dag.py:4180} INFO - Setting next_dagrun for example_subdag_operator.section-1 to None, run_after=None
[2026-05-18T01:54:45.729+0000] {logging_mixin.py:190} INFO - [2026-05-18T01:54:45.729+0000] {dag.py:4180} INFO - Setting next_dagrun for example_subdag_operator.section-2 to None, run_after=None
[2026-05-18T01:54:45.740+0000] {processor.py:208} INFO - Processing /usr/local/python/3.12.1/lib/python3.12/site-packages/airflow/example_dags/example_subdag_operator.py took 0.077 seconds
[2026-05-18T13:41:01.935+0000] {processor.py:186} INFO - Started process (PID=5024) to work on /usr/local/python/3.12.1/lib/python3.12/site-packages/airflow/example_dags/example_subdag_operator.py
[2026-05-18T13:41:01.937+0000] {processor.py:914} INFO - Processing file /usr/local/python/3.12.1/lib/python3.12/site-packages/airflow/example_dags/example_subdag_operator.py for tasks to queue
[2026-05-18T13:41:01.939+0000] {logging_mixin.py:190} INFO - [2026-05-18T13:41:01.938+0000] {dagbag.py:588} INFO - Filling up the DagBag from /usr/local/python/3.12.1/lib/python3.12/site-packages/airflow/example_dags/example_subdag_operator.py
[2026-05-18T13:41:01.962+0000] {processor.py:925} INFO - DAG(s) 'example_subdag_operator.section-1', 'example_subdag_operator.section-2', 'example_subdag_operator' retrieved from /usr/local/python/3.12.1/lib/python3.12/site-packages/airflow/example_dags/example_subdag_operator.py
[2026-05-18T13:41:01.976+0000] {logging_mixin.py:190} INFO - [2026-05-18T13:41:01.976+0000] {dag.py:3239} INFO - Sync 3 DAGs
[2026-05-18T13:41:01.993+0000] {logging_mixin.py:190} INFO - [2026-05-18T13:41:01.993+0000] {dag.py:4180} INFO - Setting next_dagrun for example_subdag_operator to 2022-01-01 00:00:00+00:00, run_after=2022-01-01 00:00:00+00:00
[2026-05-18T13:41:01.996+0000] {logging_mixin.py:190} INFO - [2026-05-18T13:41:01.996+0000] {dag.py:4180} INFO - Setting next_dagrun for example_subdag_operator.section-1 to None, run_after=None
[2026-05-18T13:41:01.997+0000] {logging_mixin.py:190} INFO - [2026-05-18T13:41:01.997+0000] {dag.py:4180} INFO - Setting next_dagrun for example_subdag_operator.section-2 to None, run_after=None
[2026-05-18T13:41:02.001+0000] {logging_mixin.py:190} INFO - [2026-05-18T13:41:02.001+0000] {dag.py:3239} INFO - Sync 2 DAGs
[2026-05-18T13:41:02.004+0000] {logging_mixin.py:190} INFO - [2026-05-18T13:41:02.004+0000] {dag.py:4180} INFO - Setting next_dagrun for example_subdag_operator.section-1 to None, run_after=None
[2026-05-18T13:41:02.005+0000] {logging_mixin.py:190} INFO - [2026-05-18T13:41:02.004+0000] {dag.py:4180} INFO - Setting next_dagrun for example_subdag_operator.section-2 to None, run_after=None
[2026-05-18T13:41:02.017+0000] {processor.py:208} INFO - Processing /usr/local/python/3.12.1/lib/python3.12/site-packages/airflow/example_dags/example_subdag_operator.py took 0.086 seconds
[2026-05-18T13:41:58.384+0000] {processor.py:186} INFO - Started process (PID=5656) to work on /usr/local/python/3.12.1/lib/python3.12/site-packages/airflow/example_dags/example_subdag_operator.py
[2026-05-18T13:41:58.385+0000] {processor.py:914} INFO - Processing file /usr/local/python/3.12.1/lib/python3.12/site-packages/airflow/example_dags/example_subdag_operator.py for tasks to queue
[2026-05-18T13:41:58.386+0000] {logging_mixin.py:190} INFO - [2026-05-18T13:41:58.386+0000] {dagbag.py:588} INFO - Filling up the DagBag from /usr/local/python/3.12.1/lib/python3.12/site-packages/airflow/example_dags/example_subdag_operator.py
[2026-05-18T13:41:58.404+0000] {processor.py:925} INFO - DAG(s) 'example_subdag_operator.section-1', 'example_subdag_operator.section-2', 'example_subdag_operator' retrieved from /usr/local/python/3.12.1/lib/python3.12/site-packages/airflow/example_dags/example_subdag_operator.py
[2026-05-18T13:41:58.420+0000] {logging_mixin.py:190} INFO - [2026-05-18T13:41:58.420+0000] {dag.py:3239} INFO - Sync 3 DAGs
[2026-05-18T13:41:58.440+0000] {logging_mixin.py:190} INFO - [2026-05-18T13:41:58.440+0000] {dag.py:4180} INFO - Setting next_dagrun for example_subdag_operator to 2022-01-01 00:00:00+00:00, run_after=2022-01-01 00:00:00+00:00
[2026-05-18T13:41:58.443+0000] {logging_mixin.py:190} INFO - [2026-05-18T13:41:58.443+0000] {dag.py:4180} INFO - Setting next_dagrun for example_subdag_operator.section-1 to None, run_after=None
[2026-05-18T13:41:58.444+0000] {logging_mixin.py:190} INFO - [2026-05-18T13:41:58.444+0000] {dag.py:4180} INFO - Setting next_dagrun for example_subdag_operator.section-2 to None, run_after=None
[2026-05-18T13:41:58.448+0000] {logging_mixin.py:190} INFO - [2026-05-18T13:41:58.448+0000] {dag.py:3239} INFO - Sync 2 DAGs
[2026-05-18T13:41:58.452+0000] {logging_mixin.py:190} INFO - [2026-05-18T13:41:58.451+0000] {dag.py:4180} INFO - Setting next_dagrun for example_subdag_operator.section-1 to None, run_after=None
[2026-05-18T13:41:58.452+0000] {logging_mixin.py:190} INFO - [2026-05-18T13:41:58.452+0000] {dag.py:4180} INFO - Setting next_dagrun for example_subdag_operator.section-2 to None, run_after=None
[2026-05-18T13:41:58.462+0000] {processor.py:208} INFO - Processing /usr/local/python/3.12.1/lib/python3.12/site-packages/airflow/example_dags/example_subdag_operator.py took 0.082 seconds
[2026-05-18T13:42:46.903+0000] {processor.py:186} INFO - Started process (PID=6128) to work on /usr/local/python/3.12.1/lib/python3.12/site-packages/airflow/example_dags/example_subdag_operator.py
[2026-05-18T13:42:46.904+0000] {processor.py:914} INFO - Processing file /usr/local/python/3.12.1/lib/python3.12/site-packages/airflow/example_dags/example_subdag_operator.py for tasks to queue
[2026-05-18T13:42:46.907+0000] {logging_mixin.py:190} INFO - [2026-05-18T13:42:46.906+0000] {dagbag.py:588} INFO - Filling up the DagBag from /usr/local/python/3.12.1/lib/python3.12/site-packages/airflow/example_dags/example_subdag_operator.py
[2026-05-18T13:42:46.929+0000] {processor.py:925} INFO - DAG(s) 'example_subdag_operator.section-1', 'example_subdag_operator.section-2', 'example_subdag_operator' retrieved from /usr/local/python/3.12.1/lib/python3.12/site-packages/airflow/example_dags/example_subdag_operator.py
[2026-05-18T13:42:46.943+0000] {logging_mixin.py:190} INFO - [2026-05-18T13:42:46.943+0000] {dag.py:3239} INFO - Sync 3 DAGs
[2026-05-18T13:42:46.963+0000] {logging_mixin.py:190} INFO - [2026-05-18T13:42:46.962+0000] {dag.py:4180} INFO - Setting next_dagrun for example_subdag_operator to 2022-01-01 00:00:00+00:00, run_after=2022-01-01 00:00:00+00:00
[2026-05-18T13:42:46.966+0000] {logging_mixin.py:190} INFO - [2026-05-18T13:42:46.965+0000] {dag.py:4180} INFO - Setting next_dagrun for example_subdag_operator.section-1 to None, run_after=None
[2026-05-18T13:42:46.966+0000] {logging_mixin.py:190} INFO - [2026-05-18T13:42:46.966+0000] {dag.py:4180} INFO - Setting next_dagrun for example_subdag_operator.section-2 to None, run_after=None
[2026-05-18T13:42:46.974+0000] {logging_mixin.py:190} INFO - [2026-05-18T13:42:46.974+0000] {dag.py:3239} INFO - Sync 2 DAGs
[2026-05-18T13:42:46.979+0000] {logging_mixin.py:190} INFO - [2026-05-18T13:42:46.979+0000] {dag.py:4180} INFO - Setting next_dagrun for example_subdag_operator.section-1 to None, run_after=None
[2026-05-18T13:42:46.979+0000] {logging_mixin.py:190} INFO - [2026-05-18T13:42:46.979+0000] {dag.py:4180} INFO - Setting next_dagrun for example_subdag_operator.section-2 to None, run_after=None
[2026-05-18T13:42:46.993+0000] {processor.py:208} INFO - Processing /usr/local/python/3.12.1/lib/python3.12/site-packages/airflow/example_dags/example_subdag_operator.py took 0.096 seconds
[2026-05-18T13:43:36.687+0000] {processor.py:186} INFO - Started process (PID=6554) to work on /usr/local/python/3.12.1/lib/python3.12/site-packages/airflow/example_dags/example_subdag_operator.py
[2026-05-18T13:43:36.688+0000] {processor.py:914} INFO - Processing file /usr/local/python/3.12.1/lib/python3.12/site-packages/airflow/example_dags/example_subdag_operator.py for tasks to queue
[2026-05-18T13:43:36.690+0000] {logging_mixin.py:190} INFO - [2026-05-18T13:43:36.689+0000] {dagbag.py:588} INFO - Filling up the DagBag from /usr/local/python/3.12.1/lib/python3.12/site-packages/airflow/example_dags/example_subdag_operator.py
[2026-05-18T13:43:36.708+0000] {processor.py:925} INFO - DAG(s) 'example_subdag_operator.section-1', 'example_subdag_operator.section-2', 'example_subdag_operator' retrieved from /usr/local/python/3.12.1/lib/python3.12/site-packages/airflow/example_dags/example_subdag_operator.py
[2026-05-18T13:43:36.720+0000] {logging_mixin.py:190} INFO - [2026-05-18T13:43:36.720+0000] {dag.py:3239} INFO - Sync 3 DAGs
[2026-05-18T13:43:36.737+0000] {logging_mixin.py:190} INFO - [2026-05-18T13:43:36.737+0000] {dag.py:4180} INFO - Setting next_dagrun for example_subdag_operator to 2022-01-01 00:00:00+00:00, run_after=2022-01-01 00:00:00+00:00
[2026-05-18T13:43:36.740+0000] {logging_mixin.py:190} INFO - [2026-05-18T13:43:36.740+0000] {dag.py:4180} INFO - Setting next_dagrun for example_subdag_operator.section-1 to None, run_after=None
[2026-05-18T13:43:36.741+0000] {logging_mixin.py:190} INFO - [2026-05-18T13:43:36.741+0000] {dag.py:4180} INFO - Setting next_dagrun for example_subdag_operator.section-2 to None, run_after=None
[2026-05-18T13:43:36.745+0000] {logging_mixin.py:190} INFO - [2026-05-18T13:43:36.745+0000] {dag.py:3239} INFO - Sync 2 DAGs
[2026-05-18T13:43:36.748+0000] {logging_mixin.py:190} INFO - [2026-05-18T13:43:36.748+0000] {dag.py:4180} INFO - Setting next_dagrun for example_subdag_operator.section-1 to None, run_after=None
[2026-05-18T13:43:36.749+0000] {logging_mixin.py:190} INFO - [2026-05-18T13:43:36.749+0000] {dag.py:4180} INFO - Setting next_dagrun for example_subdag_operator.section-2 to None, run_after=None
[2026-05-18T13:43:36.760+0000] {processor.py:208} INFO - Processing /usr/local/python/3.12.1/lib/python3.12/site-packages/airflow/example_dags/example_subdag_operator.py took 0.077 seconds
[2026-05-18T13:44:25.410+0000] {processor.py:186} INFO - Started process (PID=7090) to work on /usr/local/python/3.12.1/lib/python3.12/site-packages/airflow/example_dags/example_subdag_operator.py
[2026-05-18T13:44:25.411+0000] {processor.py:914} INFO - Processing file /usr/local/python/3.12.1/lib/python3.12/site-packages/airflow/example_dags/example_subdag_operator.py for tasks to queue
[2026-05-18T13:44:25.413+0000] {logging_mixin.py:190} INFO - [2026-05-18T13:44:25.413+0000] {dagbag.py:588} INFO - Filling up the DagBag from /usr/local/python/3.12.1/lib/python3.12/site-packages/airflow/example_dags/example_subdag_operator.py
[2026-05-18T13:44:25.431+0000] {processor.py:925} INFO - DAG(s) 'example_subdag_operator.section-1', 'example_subdag_operator.section-2', 'example_subdag_operator' retrieved from /usr/local/python/3.12.1/lib/python3.12/site-packages/airflow/example_dags/example_subdag_operator.py
[2026-05-18T13:44:25.443+0000] {logging_mixin.py:190} INFO - [2026-05-18T13:44:25.443+0000] {dag.py:3239} INFO - Sync 3 DAGs
[2026-05-18T13:44:25.463+0000] {logging_mixin.py:190} INFO - [2026-05-18T13:44:25.462+0000] {dag.py:4180} INFO - Setting next_dagrun for example_subdag_operator to 2022-01-01 00:00:00+00:00, run_after=2022-01-01 00:00:00+00:00
[2026-05-18T13:44:25.465+0000] {logging_mixin.py:190} INFO - [2026-05-18T13:44:25.465+0000] {dag.py:4180} INFO - Setting next_dagrun for example_subdag_operator.section-1 to None, run_after=None
[2026-05-18T13:44:25.466+0000] {logging_mixin.py:190} INFO - [2026-05-18T13:44:25.466+0000] {dag.py:4180} INFO - Setting next_dagrun for example_subdag_operator.section-2 to None, run_after=None
[2026-05-18T13:44:25.471+0000] {logging_mixin.py:190} INFO - [2026-05-18T13:44:25.471+0000] {dag.py:3239} INFO - Sync 2 DAGs
[2026-05-18T13:44:25.474+0000] {logging_mixin.py:190} INFO - [2026-05-18T13:44:25.474+0000] {dag.py:4180} INFO - Setting next_dagrun for example_subdag_operator.section-1 to None, run_after=None
[2026-05-18T13:44:25.474+0000] {logging_mixin.py:190} INFO - [2026-05-18T13:44:25.474+0000] {dag.py:4180} INFO - Setting next_dagrun for example_subdag_operator.section-2 to None, run_after=None
[2026-05-18T13:44:25.487+0000] {processor.py:208} INFO - Processing /usr/local/python/3.12.1/lib/python3.12/site-packages/airflow/example_dags/example_subdag_operator.py took 0.081 seconds
[2026-05-18T13:45:15.948+0000] {processor.py:186} INFO - Started process (PID=7587) to work on /usr/local/python/3.12.1/lib/python3.12/site-packages/airflow/example_dags/example_subdag_operator.py
[2026-05-18T13:45:15.949+0000] {processor.py:914} INFO - Processing file /usr/local/python/3.12.1/lib/python3.12/site-packages/airflow/example_dags/example_subdag_operator.py for tasks to queue
[2026-05-18T13:45:15.951+0000] {logging_mixin.py:190} INFO - [2026-05-18T13:45:15.950+0000] {dagbag.py:588} INFO - Filling up the DagBag from /usr/local/python/3.12.1/lib/python3.12/site-packages/airflow/example_dags/example_subdag_operator.py
[2026-05-18T13:45:15.968+0000] {processor.py:925} INFO - DAG(s) 'example_subdag_operator.section-1', 'example_subdag_operator.section-2', 'example_subdag_operator' retrieved from /usr/local/python/3.12.1/lib/python3.12/site-packages/airflow/example_dags/example_subdag_operator.py
[2026-05-18T13:45:15.979+0000] {logging_mixin.py:190} INFO - [2026-05-18T13:45:15.979+0000] {dag.py:3239} INFO - Sync 3 DAGs
[2026-05-18T13:45:15.994+0000] {logging_mixin.py:190} INFO - [2026-05-18T13:45:15.994+0000] {dag.py:4180} INFO - Setting next_dagrun for example_subdag_operator to 2022-01-01 00:00:00+00:00, run_after=2022-01-01 00:00:00+00:00
[2026-05-18T13:45:15.997+0000] {logging_mixin.py:190} INFO - [2026-05-18T13:45:15.997+0000] {dag.py:4180} INFO - Setting next_dagrun for example_subdag_operator.section-1 to None, run_after=None
[2026-05-18T13:45:15.997+0000] {logging_mixin.py:190} INFO - [2026-05-18T13:45:15.997+0000] {dag.py:4180} INFO - Setting next_dagrun for example_subdag_operator.section-2 to None, run_after=None
[2026-05-18T13:45:16.002+0000] {logging_mixin.py:190} INFO - [2026-05-18T13:45:16.002+0000] {dag.py:3239} INFO - Sync 2 DAGs
[2026-05-18T13:45:16.005+0000] {logging_mixin.py:190} INFO - [2026-05-18T13:45:16.004+0000] {dag.py:4180} INFO - Setting next_dagrun for example_subdag_operator.section-1 to None, run_after=None
[2026-05-18T13:45:16.005+0000] {logging_mixin.py:190} INFO - [2026-05-18T13:45:16.005+0000] {dag.py:4180} INFO - Setting next_dagrun for example_subdag_operator.section-2 to None, run_after=None
[2026-05-18T13:45:16.015+0000] {processor.py:208} INFO - Processing /usr/local/python/3.12.1/lib/python3.12/site-packages/airflow/example_dags/example_subdag_operator.py took 0.071 seconds
[2026-05-18T13:46:07.169+0000] {processor.py:186} INFO - Started process (PID=8151) to work on /usr/local/python/3.12.1/lib/python3.12/site-packages/airflow/example_dags/example_subdag_operator.py
[2026-05-18T13:46:07.170+0000] {processor.py:914} INFO - Processing file /usr/local/python/3.12.1/lib/python3.12/site-packages/airflow/example_dags/example_subdag_operator.py for tasks to queue
[2026-05-18T13:46:07.172+0000] {logging_mixin.py:190} INFO - [2026-05-18T13:46:07.172+0000] {dagbag.py:588} INFO - Filling up the DagBag from /usr/local/python/3.12.1/lib/python3.12/site-packages/airflow/example_dags/example_subdag_operator.py
[2026-05-18T13:46:07.195+0000] {processor.py:925} INFO - DAG(s) 'example_subdag_operator.section-1', 'example_subdag_operator.section-2', 'example_subdag_operator' retrieved from /usr/local/python/3.12.1/lib/python3.12/site-packages/airflow/example_dags/example_subdag_operator.py
[2026-05-18T13:46:07.209+0000] {logging_mixin.py:190} INFO - [2026-05-18T13:46:07.209+0000] {dag.py:3239} INFO - Sync 3 DAGs
[2026-05-18T13:46:07.224+0000] {logging_mixin.py:190} INFO - [2026-05-18T13:46:07.224+0000] {dag.py:4180} INFO - Setting next_dagrun for example_subdag_operator to 2022-01-01 00:00:00+00:00, run_after=2022-01-01 00:00:00+00:00
[2026-05-18T13:46:07.227+0000] {logging_mixin.py:190} INFO - [2026-05-18T13:46:07.227+0000] {dag.py:4180} INFO - Setting next_dagrun for example_subdag_operator.section-1 to None, run_after=None
[2026-05-18T13:46:07.228+0000] {logging_mixin.py:190} INFO - [2026-05-18T13:46:07.227+0000] {dag.py:4180} INFO - Setting next_dagrun for example_subdag_operator.section-2 to None, run_after=None
[2026-05-18T13:46:07.232+0000] {logging_mixin.py:190} INFO - [2026-05-18T13:46:07.232+0000] {dag.py:3239} INFO - Sync 2 DAGs
[2026-05-18T13:46:07.235+0000] {logging_mixin.py:190} INFO - [2026-05-18T13:46:07.235+0000] {dag.py:4180} INFO - Setting next_dagrun for example_subdag_operator.section-1 to None, run_after=None
[2026-05-18T13:46:07.235+0000] {logging_mixin.py:190} INFO - [2026-05-18T13:46:07.235+0000] {dag.py:4180} INFO - Setting next_dagrun for example_subdag_operator.section-2 to None, run_after=None
[2026-05-18T13:46:07.251+0000] {processor.py:208} INFO - Processing /usr/local/python/3.12.1/lib/python3.12/site-packages/airflow/example_dags/example_subdag_operator.py took 0.086 seconds
[2026-05-18T13:46:58.809+0000] {processor.py:186} INFO - Started process (PID=8632) to work on /usr/local/python/3.12.1/lib/python3.12/site-packages/airflow/example_dags/example_subdag_operator.py
[2026-05-18T13:46:58.809+0000] {processor.py:914} INFO - Processing file /usr/local/python/3.12.1/lib/python3.12/site-packages/airflow/example_dags/example_subdag_operator.py for tasks to queue
[2026-05-18T13:46:58.811+0000] {logging_mixin.py:190} INFO - [2026-05-18T13:46:58.811+0000] {dagbag.py:588} INFO - Filling up the DagBag from /usr/local/python/3.12.1/lib/python3.12/site-packages/airflow/example_dags/example_subdag_operator.py
[2026-05-18T13:46:58.830+0000] {processor.py:925} INFO - DAG(s) 'example_subdag_operator.section-1', 'example_subdag_operator.section-2', 'example_subdag_operator' retrieved from /usr/local/python/3.12.1/lib/python3.12/site-packages/airflow/example_dags/example_subdag_operator.py
[2026-05-18T13:46:58.842+0000] {logging_mixin.py:190} INFO - [2026-05-18T13:46:58.842+0000] {dag.py:3239} INFO - Sync 3 DAGs
[2026-05-18T13:46:58.859+0000] {logging_mixin.py:190} INFO - [2026-05-18T13:46:58.859+0000] {dag.py:4180} INFO - Setting next_dagrun for example_subdag_operator to 2022-01-01 00:00:00+00:00, run_after=2022-01-01 00:00:00+00:00
[2026-05-18T13:46:58.862+0000] {logging_mixin.py:190} INFO - [2026-05-18T13:46:58.861+0000] {dag.py:4180} INFO - Setting next_dagrun for example_subdag_operator.section-1 to None, run_after=None
[2026-05-18T13:46:58.862+0000] {logging_mixin.py:190} INFO - [2026-05-18T13:46:58.862+0000] {dag.py:4180} INFO - Setting next_dagrun for example_subdag_operator.section-2 to None, run_after=None
[2026-05-18T13:46:58.867+0000] {logging_mixin.py:190} INFO - [2026-05-18T13:46:58.867+0000] {dag.py:3239} INFO - Sync 2 DAGs
[2026-05-18T13:46:58.870+0000] {logging_mixin.py:190} INFO - [2026-05-18T13:46:58.870+0000] {dag.py:4180} INFO - Setting next_dagrun for example_subdag_operator.section-1 to None, run_after=None
[2026-05-18T13:46:58.870+0000] {logging_mixin.py:190} INFO - [2026-05-18T13:46:58.870+0000] {dag.py:4180} INFO - Setting next_dagrun for example_subdag_operator.section-2 to None, run_after=None
[2026-05-18T13:46:58.883+0000] {processor.py:208} INFO - Processing /usr/local/python/3.12.1/lib/python3.12/site-packages/airflow/example_dags/example_subdag_operator.py took 0.079 seconds
[2026-05-18T13:47:47.888+0000] {processor.py:186} INFO - Started process (PID=9051) to work on /usr/local/python/3.12.1/lib/python3.12/site-packages/airflow/example_dags/example_subdag_operator.py
[2026-05-18T13:47:47.888+0000] {processor.py:914} INFO - Processing file /usr/local/python/3.12.1/lib/python3.12/site-packages/airflow/example_dags/example_subdag_operator.py for tasks to queue
[2026-05-18T13:47:47.890+0000] {logging_mixin.py:190} INFO - [2026-05-18T13:47:47.890+0000] {dagbag.py:588} INFO - Filling up the DagBag from /usr/local/python/3.12.1/lib/python3.12/site-packages/airflow/example_dags/example_subdag_operator.py
[2026-05-18T13:47:47.908+0000] {processor.py:925} INFO - DAG(s) 'example_subdag_operator.section-1', 'example_subdag_operator.section-2', 'example_subdag_operator' retrieved from /usr/local/python/3.12.1/lib/python3.12/site-packages/airflow/example_dags/example_subdag_operator.py
[2026-05-18T13:47:47.919+0000] {logging_mixin.py:190} INFO - [2026-05-18T13:47:47.919+0000] {dag.py:3239} INFO - Sync 3 DAGs
[2026-05-18T13:47:47.935+0000] {logging_mixin.py:190} INFO - [2026-05-18T13:47:47.935+0000] {dag.py:4180} INFO - Setting next_dagrun for example_subdag_operator to 2022-01-01 00:00:00+00:00, run_after=2022-01-01 00:00:00+00:00
[2026-05-18T13:47:47.938+0000] {logging_mixin.py:190} INFO - [2026-05-18T13:47:47.937+0000] {dag.py:4180} INFO - Setting next_dagrun for example_subdag_operator.section-1 to None, run_after=None
[2026-05-18T13:47:47.938+0000] {logging_mixin.py:190} INFO - [2026-05-18T13:47:47.938+0000] {dag.py:4180} INFO - Setting next_dagrun for example_subdag_operator.section-2 to None, run_after=None
[2026-05-18T13:47:47.943+0000] {logging_mixin.py:190} INFO - [2026-05-18T13:47:47.943+0000] {dag.py:3239} INFO - Sync 2 DAGs
[2026-05-18T13:47:47.946+0000] {logging_mixin.py:190} INFO - [2026-05-18T13:47:47.946+0000] {dag.py:4180} INFO - Setting next_dagrun for example_subdag_operator.section-1 to None, run_after=None
[2026-05-18T13:47:47.946+0000] {logging_mixin.py:190} INFO - [2026-05-18T13:47:47.946+0000] {dag.py:4180} INFO - Setting next_dagrun for example_subdag_operator.section-2 to None, run_after=None
[2026-05-18T13:47:47.958+0000] {processor.py:208} INFO - Processing /usr/local/python/3.12.1/lib/python3.12/site-packages/airflow/example_dags/example_subdag_operator.py took 0.074 seconds
[2026-05-18T13:48:35.078+0000] {processor.py:186} INFO - Started process (PID=9422) to work on /usr/local/python/3.12.1/lib/python3.12/site-packages/airflow/example_dags/example_subdag_operator.py
[2026-05-18T13:48:35.078+0000] {processor.py:914} INFO - Processing file /usr/local/python/3.12.1/lib/python3.12/site-packages/airflow/example_dags/example_subdag_operator.py for tasks to queue
[2026-05-18T13:48:35.080+0000] {logging_mixin.py:190} INFO - [2026-05-18T13:48:35.080+0000] {dagbag.py:588} INFO - Filling up the DagBag from /usr/local/python/3.12.1/lib/python3.12/site-packages/airflow/example_dags/example_subdag_operator.py
[2026-05-18T13:48:35.098+0000] {processor.py:925} INFO - DAG(s) 'example_subdag_operator.section-1', 'example_subdag_operator.section-2', 'example_subdag_operator' retrieved from /usr/local/python/3.12.1/lib/python3.12/site-packages/airflow/example_dags/example_subdag_operator.py
[2026-05-18T13:48:35.109+0000] {logging_mixin.py:190} INFO - [2026-05-18T13:48:35.109+0000] {dag.py:3239} INFO - Sync 3 DAGs
[2026-05-18T13:48:35.127+0000] {logging_mixin.py:190} INFO - [2026-05-18T13:48:35.127+0000] {dag.py:4180} INFO - Setting next_dagrun for example_subdag_operator to 2022-01-01 00:00:00+00:00, run_after=2022-01-01 00:00:00+00:00
[2026-05-18T13:48:35.130+0000] {logging_mixin.py:190} INFO - [2026-05-18T13:48:35.130+0000] {dag.py:4180} INFO - Setting next_dagrun for example_subdag_operator.section-1 to None, run_after=None
[2026-05-18T13:48:35.131+0000] {logging_mixin.py:190} INFO - [2026-05-18T13:48:35.130+0000] {dag.py:4180} INFO - Setting next_dagrun for example_subdag_operator.section-2 to None, run_after=None
[2026-05-18T13:48:35.135+0000] {logging_mixin.py:190} INFO - [2026-05-18T13:48:35.135+0000] {dag.py:3239} INFO - Sync 2 DAGs
[2026-05-18T13:48:35.138+0000] {logging_mixin.py:190} INFO - [2026-05-18T13:48:35.138+0000] {dag.py:4180} INFO - Setting next_dagrun for example_subdag_operator.section-1 to None, run_after=None
[2026-05-18T13:48:35.138+0000] {logging_mixin.py:190} INFO - [2026-05-18T13:48:35.138+0000] {dag.py:4180} INFO - Setting next_dagrun for example_subdag_operator.section-2 to None, run_after=None
[2026-05-18T13:48:35.149+0000] {processor.py:208} INFO - Processing /usr/local/python/3.12.1/lib/python3.12/site-packages/airflow/example_dags/example_subdag_operator.py took 0.075 seconds
[2026-05-18T13:49:25.657+0000] {processor.py:186} INFO - Started process (PID=9872) to work on /usr/local/python/3.12.1/lib/python3.12/site-packages/airflow/example_dags/example_subdag_operator.py
[2026-05-18T13:49:25.658+0000] {processor.py:914} INFO - Processing file /usr/local/python/3.12.1/lib/python3.12/site-packages/airflow/example_dags/example_subdag_operator.py for tasks to queue
[2026-05-18T13:49:25.660+0000] {logging_mixin.py:190} INFO - [2026-05-18T13:49:25.659+0000] {dagbag.py:588} INFO - Filling up the DagBag from /usr/local/python/3.12.1/lib/python3.12/site-packages/airflow/example_dags/example_subdag_operator.py
[2026-05-18T13:49:25.677+0000] {processor.py:925} INFO - DAG(s) 'example_subdag_operator.section-1', 'example_subdag_operator.section-2', 'example_subdag_operator' retrieved from /usr/local/python/3.12.1/lib/python3.12/site-packages/airflow/example_dags/example_subdag_operator.py
[2026-05-18T13:49:25.688+0000] {logging_mixin.py:190} INFO - [2026-05-18T13:49:25.688+0000] {dag.py:3239} INFO - Sync 3 DAGs
[2026-05-18T13:49:25.703+0000] {logging_mixin.py:190} INFO - [2026-05-18T13:49:25.703+0000] {dag.py:4180} INFO - Setting next_dagrun for example_subdag_operator to 2022-01-01 00:00:00+00:00, run_after=2022-01-01 00:00:00+00:00
[2026-05-18T13:49:25.706+0000] {logging_mixin.py:190} INFO - [2026-05-18T13:49:25.706+0000] {dag.py:4180} INFO - Setting next_dagrun for example_subdag_operator.section-1 to None, run_after=None
[2026-05-18T13:49:25.707+0000] {logging_mixin.py:190} INFO - [2026-05-18T13:49:25.707+0000] {dag.py:4180} INFO - Setting next_dagrun for example_subdag_operator.section-2 to None, run_after=None
[2026-05-18T13:49:25.711+0000] {logging_mixin.py:190} INFO - [2026-05-18T13:49:25.711+0000] {dag.py:3239} INFO - Sync 2 DAGs
[2026-05-18T13:49:25.714+0000] {logging_mixin.py:190} INFO - [2026-05-18T13:49:25.714+0000] {dag.py:4180} INFO - Setting next_dagrun for example_subdag_operator.section-1 to None, run_after=None
[2026-05-18T13:49:25.714+0000] {logging_mixin.py:190} INFO - [2026-05-18T13:49:25.714+0000] {dag.py:4180} INFO - Setting next_dagrun for example_subdag_operator.section-2 to None, run_after=None
[2026-05-18T13:49:25.724+0000] {processor.py:208} INFO - Processing /usr/local/python/3.12.1/lib/python3.12/site-packages/airflow/example_dags/example_subdag_operator.py took 0.071 seconds
[2026-05-18T13:50:14.419+0000] {processor.py:186} INFO - Started process (PID=10316) to work on /usr/local/python/3.12.1/lib/python3.12/site-packages/airflow/example_dags/example_subdag_operator.py
[2026-05-18T13:50:14.420+0000] {processor.py:914} INFO - Processing file /usr/local/python/3.12.1/lib/python3.12/site-packages/airflow/example_dags/example_subdag_operator.py for tasks to queue
[2026-05-18T13:50:14.422+0000] {logging_mixin.py:190} INFO - [2026-05-18T13:50:14.422+0000] {dagbag.py:588} INFO - Filling up the DagBag from /usr/local/python/3.12.1/lib/python3.12/site-packages/airflow/example_dags/example_subdag_operator.py
[2026-05-18T13:50:14.440+0000] {processor.py:925} INFO - DAG(s) 'example_subdag_operator.section-1', 'example_subdag_operator.section-2', 'example_subdag_operator' retrieved from /usr/local/python/3.12.1/lib/python3.12/site-packages/airflow/example_dags/example_subdag_operator.py
[2026-05-18T13:50:14.452+0000] {logging_mixin.py:190} INFO - [2026-05-18T13:50:14.452+0000] {dag.py:3239} INFO - Sync 3 DAGs
[2026-05-18T13:50:14.467+0000] {logging_mixin.py:190} INFO - [2026-05-18T13:50:14.467+0000] {dag.py:4180} INFO - Setting next_dagrun for example_subdag_operator to 2022-01-01 00:00:00+00:00, run_after=2022-01-01 00:00:00+00:00
[2026-05-18T13:50:14.470+0000] {logging_mixin.py:190} INFO - [2026-05-18T13:50:14.470+0000] {dag.py:4180} INFO - Setting next_dagrun for example_subdag_operator.section-1 to None, run_after=None
[2026-05-18T13:50:14.470+0000] {logging_mixin.py:190} INFO - [2026-05-18T13:50:14.470+0000] {dag.py:4180} INFO - Setting next_dagrun for example_subdag_operator.section-2 to None, run_after=None
[2026-05-18T13:50:14.475+0000] {logging_mixin.py:190} INFO - [2026-05-18T13:50:14.475+0000] {dag.py:3239} INFO - Sync 2 DAGs
[2026-05-18T13:50:14.478+0000] {logging_mixin.py:190} INFO - [2026-05-18T13:50:14.478+0000] {dag.py:4180} INFO - Setting next_dagrun for example_subdag_operator.section-1 to None, run_after=None
[2026-05-18T13:50:14.478+0000] {logging_mixin.py:190} INFO - [2026-05-18T13:50:14.478+0000] {dag.py:4180} INFO - Setting next_dagrun for example_subdag_operator.section-2 to None, run_after=None
[2026-05-18T13:50:14.489+0000] {processor.py:208} INFO - Processing /usr/local/python/3.12.1/lib/python3.12/site-packages/airflow/example_dags/example_subdag_operator.py took 0.073 seconds
[2026-05-18T13:51:03.108+0000] {processor.py:186} INFO - Started process (PID=10811) to work on /usr/local/python/3.12.1/lib/python3.12/site-packages/airflow/example_dags/example_subdag_operator.py
[2026-05-18T13:51:03.109+0000] {processor.py:914} INFO - Processing file /usr/local/python/3.12.1/lib/python3.12/site-packages/airflow/example_dags/example_subdag_operator.py for tasks to queue
[2026-05-18T13:51:03.111+0000] {logging_mixin.py:190} INFO - [2026-05-18T13:51:03.110+0000] {dagbag.py:588} INFO - Filling up the DagBag from /usr/local/python/3.12.1/lib/python3.12/site-packages/airflow/example_dags/example_subdag_operator.py
[2026-05-18T13:51:03.134+0000] {processor.py:925} INFO - DAG(s) 'example_subdag_operator.section-1', 'example_subdag_operator.section-2', 'example_subdag_operator' retrieved from /usr/local/python/3.12.1/lib/python3.12/site-packages/airflow/example_dags/example_subdag_operator.py
[2026-05-18T13:51:03.145+0000] {logging_mixin.py:190} INFO - [2026-05-18T13:51:03.145+0000] {dag.py:3239} INFO - Sync 3 DAGs
[2026-05-18T13:51:03.161+0000] {logging_mixin.py:190} INFO - [2026-05-18T13:51:03.160+0000] {dag.py:4180} INFO - Setting next_dagrun for example_subdag_operator to 2022-01-01 00:00:00+00:00, run_after=2022-01-01 00:00:00+00:00
[2026-05-18T13:51:03.164+0000] {logging_mixin.py:190} INFO - [2026-05-18T13:51:03.164+0000] {dag.py:4180} INFO - Setting next_dagrun for example_subdag_operator.section-1 to None, run_after=None
[2026-05-18T13:51:03.165+0000] {logging_mixin.py:190} INFO - [2026-05-18T13:51:03.165+0000] {dag.py:4180} INFO - Setting next_dagrun for example_subdag_operator.section-2 to None, run_after=None
[2026-05-18T13:51:03.171+0000] {logging_mixin.py:190} INFO - [2026-05-18T13:51:03.171+0000] {dag.py:3239} INFO - Sync 2 DAGs
[2026-05-18T13:51:03.175+0000] {logging_mixin.py:190} INFO - [2026-05-18T13:51:03.175+0000] {dag.py:4180} INFO - Setting next_dagrun for example_subdag_operator.section-1 to None, run_after=None
[2026-05-18T13:51:03.175+0000] {logging_mixin.py:190} INFO - [2026-05-18T13:51:03.175+0000] {dag.py:4180} INFO - Setting next_dagrun for example_subdag_operator.section-2 to None, run_after=None
[2026-05-18T13:51:03.189+0000] {processor.py:208} INFO - Processing /usr/local/python/3.12.1/lib/python3.12/site-packages/airflow/example_dags/example_subdag_operator.py took 0.085 seconds
[2026-05-18T13:51:51.879+0000] {processor.py:186} INFO - Started process (PID=11237) to work on /usr/local/python/3.12.1/lib/python3.12/site-packages/airflow/example_dags/example_subdag_operator.py
[2026-05-18T13:51:51.880+0000] {processor.py:914} INFO - Processing file /usr/local/python/3.12.1/lib/python3.12/site-packages/airflow/example_dags/example_subdag_operator.py for tasks to queue
[2026-05-18T13:51:51.882+0000] {logging_mixin.py:190} INFO - [2026-05-18T13:51:51.882+0000] {dagbag.py:588} INFO - Filling up the DagBag from /usr/local/python/3.12.1/lib/python3.12/site-packages/airflow/example_dags/example_subdag_operator.py
[2026-05-18T13:51:51.899+0000] {processor.py:925} INFO - DAG(s) 'example_subdag_operator.section-1', 'example_subdag_operator.section-2', 'example_subdag_operator' retrieved from /usr/local/python/3.12.1/lib/python3.12/site-packages/airflow/example_dags/example_subdag_operator.py
[2026-05-18T13:51:51.910+0000] {logging_mixin.py:190} INFO - [2026-05-18T13:51:51.910+0000] {dag.py:3239} INFO - Sync 3 DAGs
[2026-05-18T13:51:51.926+0000] {logging_mixin.py:190} INFO - [2026-05-18T13:51:51.925+0000] {dag.py:4180} INFO - Setting next_dagrun for example_subdag_operator to 2022-01-01 00:00:00+00:00, run_after=2022-01-01 00:00:00+00:00
[2026-05-18T13:51:51.928+0000] {logging_mixin.py:190} INFO - [2026-05-18T13:51:51.928+0000] {dag.py:4180} INFO - Setting next_dagrun for example_subdag_operator.section-1 to None, run_after=None
[2026-05-18T13:51:51.929+0000] {logging_mixin.py:190} INFO - [2026-05-18T13:51:51.929+0000] {dag.py:4180} INFO - Setting next_dagrun for example_subdag_operator.section-2 to None, run_after=None
[2026-05-18T13:51:51.933+0000] {logging_mixin.py:190} INFO - [2026-05-18T13:51:51.933+0000] {dag.py:3239} INFO - Sync 2 DAGs
[2026-05-18T13:51:51.936+0000] {logging_mixin.py:190} INFO - [2026-05-18T13:51:51.936+0000] {dag.py:4180} INFO - Setting next_dagrun for example_subdag_operator.section-1 to None, run_after=None
[2026-05-18T13:51:51.937+0000] {logging_mixin.py:190} INFO - [2026-05-18T13:51:51.936+0000] {dag.py:4180} INFO - Setting next_dagrun for example_subdag_operator.section-2 to None, run_after=None
[2026-05-18T13:51:51.947+0000] {processor.py:208} INFO - Processing /usr/local/python/3.12.1/lib/python3.12/site-packages/airflow/example_dags/example_subdag_operator.py took 0.072 seconds
[2026-05-18T13:52:42.406+0000] {processor.py:186} INFO - Started process (PID=11626) to work on /usr/local/python/3.12.1/lib/python3.12/site-packages/airflow/example_dags/example_subdag_operator.py
[2026-05-18T13:52:42.407+0000] {processor.py:914} INFO - Processing file /usr/local/python/3.12.1/lib/python3.12/site-packages/airflow/example_dags/example_subdag_operator.py for tasks to queue
[2026-05-18T13:52:42.409+0000] {logging_mixin.py:190} INFO - [2026-05-18T13:52:42.409+0000] {dagbag.py:588} INFO - Filling up the DagBag from /usr/local/python/3.12.1/lib/python3.12/site-packages/airflow/example_dags/example_subdag_operator.py
[2026-05-18T13:52:42.426+0000] {processor.py:925} INFO - DAG(s) 'example_subdag_operator.section-1', 'example_subdag_operator.section-2', 'example_subdag_operator' retrieved from /usr/local/python/3.12.1/lib/python3.12/site-packages/airflow/example_dags/example_subdag_operator.py
[2026-05-18T13:52:42.437+0000] {logging_mixin.py:190} INFO - [2026-05-18T13:52:42.437+0000] {dag.py:3239} INFO - Sync 3 DAGs
[2026-05-18T13:52:42.452+0000] {logging_mixin.py:190} INFO - [2026-05-18T13:52:42.451+0000] {dag.py:4180} INFO - Setting next_dagrun for example_subdag_operator to 2022-01-01 00:00:00+00:00, run_after=2022-01-01 00:00:00+00:00
[2026-05-18T13:52:42.454+0000] {logging_mixin.py:190} INFO - [2026-05-18T13:52:42.454+0000] {dag.py:4180} INFO - Setting next_dagrun for example_subdag_operator.section-1 to None, run_after=None
[2026-05-18T13:52:42.455+0000] {logging_mixin.py:190} INFO - [2026-05-18T13:52:42.455+0000] {dag.py:4180} INFO - Setting next_dagrun for example_subdag_operator.section-2 to None, run_after=None
[2026-05-18T13:52:42.460+0000] {logging_mixin.py:190} INFO - [2026-05-18T13:52:42.460+0000] {dag.py:3239} INFO - Sync 2 DAGs
[2026-05-18T13:52:42.463+0000] {logging_mixin.py:190} INFO - [2026-05-18T13:52:42.463+0000] {dag.py:4180} INFO - Setting next_dagrun for example_subdag_operator.section-1 to None, run_after=None
[2026-05-18T13:52:42.463+0000] {logging_mixin.py:190} INFO - [2026-05-18T13:52:42.463+0000] {dag.py:4180} INFO - Setting next_dagrun for example_subdag_operator.section-2 to None, run_after=None
[2026-05-18T13:52:42.474+0000] {processor.py:208} INFO - Processing /usr/local/python/3.12.1/lib/python3.12/site-packages/airflow/example_dags/example_subdag_operator.py took 0.071 seconds
[2026-05-18T13:53:33.365+0000] {processor.py:186} INFO - Started process (PID=12087) to work on /usr/local/python/3.12.1/lib/python3.12/site-packages/airflow/example_dags/example_subdag_operator.py
[2026-05-18T13:53:33.366+0000] {processor.py:914} INFO - Processing file /usr/local/python/3.12.1/lib/python3.12/site-packages/airflow/example_dags/example_subdag_operator.py for tasks to queue
[2026-05-18T13:53:33.369+0000] {logging_mixin.py:190} INFO - [2026-05-18T13:53:33.368+0000] {dagbag.py:588} INFO - Filling up the DagBag from /usr/local/python/3.12.1/lib/python3.12/site-packages/airflow/example_dags/example_subdag_operator.py
[2026-05-18T13:53:33.387+0000] {processor.py:925} INFO - DAG(s) 'example_subdag_operator.section-1', 'example_subdag_operator.section-2', 'example_subdag_operator' retrieved from /usr/local/python/3.12.1/lib/python3.12/site-packages/airflow/example_dags/example_subdag_operator.py
[2026-05-18T13:53:33.399+0000] {logging_mixin.py:190} INFO - [2026-05-18T13:53:33.398+0000] {dag.py:3239} INFO - Sync 3 DAGs
[2026-05-18T13:53:33.414+0000] {logging_mixin.py:190} INFO - [2026-05-18T13:53:33.414+0000] {dag.py:4180} INFO - Setting next_dagrun for example_subdag_operator to 2022-01-01 00:00:00+00:00, run_after=2022-01-01 00:00:00+00:00
[2026-05-18T13:53:33.417+0000] {logging_mixin.py:190} INFO - [2026-05-18T13:53:33.417+0000] {dag.py:4180} INFO - Setting next_dagrun for example_subdag_operator.section-1 to None, run_after=None
[2026-05-18T13:53:33.418+0000] {logging_mixin.py:190} INFO - [2026-05-18T13:53:33.418+0000] {dag.py:4180} INFO - Setting next_dagrun for example_subdag_operator.section-2 to None, run_after=None
[2026-05-18T13:53:33.423+0000] {logging_mixin.py:190} INFO - [2026-05-18T13:53:33.422+0000] {dag.py:3239} INFO - Sync 2 DAGs
[2026-05-18T13:53:33.425+0000] {logging_mixin.py:190} INFO - [2026-05-18T13:53:33.425+0000] {dag.py:4180} INFO - Setting next_dagrun for example_subdag_operator.section-1 to None, run_after=None
[2026-05-18T13:53:33.426+0000] {logging_mixin.py:190} INFO - [2026-05-18T13:53:33.426+0000] {dag.py:4180} INFO - Setting next_dagrun for example_subdag_operator.section-2 to None, run_after=None
[2026-05-18T13:53:33.438+0000] {processor.py:208} INFO - Processing /usr/local/python/3.12.1/lib/python3.12/site-packages/airflow/example_dags/example_subdag_operator.py took 0.082 seconds
[2026-05-18T13:54:22.382+0000] {processor.py:186} INFO - Started process (PID=12527) to work on /usr/local/python/3.12.1/lib/python3.12/site-packages/airflow/example_dags/example_subdag_operator.py
[2026-05-18T13:54:22.383+0000] {processor.py:914} INFO - Processing file /usr/local/python/3.12.1/lib/python3.12/site-packages/airflow/example_dags/example_subdag_operator.py for tasks to queue
[2026-05-18T13:54:22.385+0000] {logging_mixin.py:190} INFO - [2026-05-18T13:54:22.384+0000] {dagbag.py:588} INFO - Filling up the DagBag from /usr/local/python/3.12.1/lib/python3.12/site-packages/airflow/example_dags/example_subdag_operator.py
[2026-05-18T13:54:22.402+0000] {processor.py:925} INFO - DAG(s) 'example_subdag_operator.section-1', 'example_subdag_operator.section-2', 'example_subdag_operator' retrieved from /usr/local/python/3.12.1/lib/python3.12/site-packages/airflow/example_dags/example_subdag_operator.py
[2026-05-18T13:54:22.414+0000] {logging_mixin.py:190} INFO - [2026-05-18T13:54:22.414+0000] {dag.py:3239} INFO - Sync 3 DAGs
[2026-05-18T13:54:22.430+0000] {logging_mixin.py:190} INFO - [2026-05-18T13:54:22.430+0000] {dag.py:4180} INFO - Setting next_dagrun for example_subdag_operator to 2022-01-01 00:00:00+00:00, run_after=2022-01-01 00:00:00+00:00
[2026-05-18T13:54:22.433+0000] {logging_mixin.py:190} INFO - [2026-05-18T13:54:22.432+0000] {dag.py:4180} INFO - Setting next_dagrun for example_subdag_operator.section-1 to None, run_after=None
[2026-05-18T13:54:22.433+0000] {logging_mixin.py:190} INFO - [2026-05-18T13:54:22.433+0000] {dag.py:4180} INFO - Setting next_dagrun for example_subdag_operator.section-2 to None, run_after=None
[2026-05-18T13:54:22.438+0000] {logging_mixin.py:190} INFO - [2026-05-18T13:54:22.438+0000] {dag.py:3239} INFO - Sync 2 DAGs
[2026-05-18T13:54:22.441+0000] {logging_mixin.py:190} INFO - [2026-05-18T13:54:22.441+0000] {dag.py:4180} INFO - Setting next_dagrun for example_subdag_operator.section-1 to None, run_after=None
[2026-05-18T13:54:22.441+0000] {logging_mixin.py:190} INFO - [2026-05-18T13:54:22.441+0000] {dag.py:4180} INFO - Setting next_dagrun for example_subdag_operator.section-2 to None, run_after=None
[2026-05-18T13:54:22.452+0000] {processor.py:208} INFO - Processing /usr/local/python/3.12.1/lib/python3.12/site-packages/airflow/example_dags/example_subdag_operator.py took 0.074 seconds
[2026-05-18T13:55:10.935+0000] {processor.py:186} INFO - Started process (PID=12969) to work on /usr/local/python/3.12.1/lib/python3.12/site-packages/airflow/example_dags/example_subdag_operator.py
[2026-05-18T13:55:10.936+0000] {processor.py:914} INFO - Processing file /usr/local/python/3.12.1/lib/python3.12/site-packages/airflow/example_dags/example_subdag_operator.py for tasks to queue
[2026-05-18T13:55:10.939+0000] {logging_mixin.py:190} INFO - [2026-05-18T13:55:10.938+0000] {dagbag.py:588} INFO - Filling up the DagBag from /usr/local/python/3.12.1/lib/python3.12/site-packages/airflow/example_dags/example_subdag_operator.py
[2026-05-18T13:55:10.971+0000] {processor.py:925} INFO - DAG(s) 'example_subdag_operator.section-1', 'example_subdag_operator.section-2', 'example_subdag_operator' retrieved from /usr/local/python/3.12.1/lib/python3.12/site-packages/airflow/example_dags/example_subdag_operator.py
[2026-05-18T13:55:10.983+0000] {logging_mixin.py:190} INFO - [2026-05-18T13:55:10.983+0000] {dag.py:3239} INFO - Sync 3 DAGs
[2026-05-18T13:55:11.000+0000] {logging_mixin.py:190} INFO - [2026-05-18T13:55:11.000+0000] {dag.py:4180} INFO - Setting next_dagrun for example_subdag_operator to 2022-01-01 00:00:00+00:00, run_after=2022-01-01 00:00:00+00:00
[2026-05-18T13:55:11.003+0000] {logging_mixin.py:190} INFO - [2026-05-18T13:55:11.003+0000] {dag.py:4180} INFO - Setting next_dagrun for example_subdag_operator.section-1 to None, run_after=None
[2026-05-18T13:55:11.004+0000] {logging_mixin.py:190} INFO - [2026-05-18T13:55:11.004+0000] {dag.py:4180} INFO - Setting next_dagrun for example_subdag_operator.section-2 to None, run_after=None
[2026-05-18T13:55:11.009+0000] {logging_mixin.py:190} INFO - [2026-05-18T13:55:11.009+0000] {dag.py:3239} INFO - Sync 2 DAGs
[2026-05-18T13:55:11.012+0000] {logging_mixin.py:190} INFO - [2026-05-18T13:55:11.012+0000] {dag.py:4180} INFO - Setting next_dagrun for example_subdag_operator.section-1 to None, run_after=None
[2026-05-18T13:55:11.012+0000] {logging_mixin.py:190} INFO - [2026-05-18T13:55:11.012+0000] {dag.py:4180} INFO - Setting next_dagrun for example_subdag_operator.section-2 to None, run_after=None
[2026-05-18T13:55:11.023+0000] {processor.py:208} INFO - Processing /usr/local/python/3.12.1/lib/python3.12/site-packages/airflow/example_dags/example_subdag_operator.py took 0.095 seconds
[2026-05-18T13:56:00.017+0000] {processor.py:186} INFO - Started process (PID=13466) to work on /usr/local/python/3.12.1/lib/python3.12/site-packages/airflow/example_dags/example_subdag_operator.py
[2026-05-18T13:56:00.017+0000] {processor.py:914} INFO - Processing file /usr/local/python/3.12.1/lib/python3.12/site-packages/airflow/example_dags/example_subdag_operator.py for tasks to queue
[2026-05-18T13:56:00.019+0000] {logging_mixin.py:190} INFO - [2026-05-18T13:56:00.019+0000] {dagbag.py:588} INFO - Filling up the DagBag from /usr/local/python/3.12.1/lib/python3.12/site-packages/airflow/example_dags/example_subdag_operator.py
[2026-05-18T13:56:00.037+0000] {processor.py:925} INFO - DAG(s) 'example_subdag_operator.section-1', 'example_subdag_operator.section-2', 'example_subdag_operator' retrieved from /usr/local/python/3.12.1/lib/python3.12/site-packages/airflow/example_dags/example_subdag_operator.py
[2026-05-18T13:56:00.053+0000] {logging_mixin.py:190} INFO - [2026-05-18T13:56:00.053+0000] {dag.py:3239} INFO - Sync 3 DAGs
[2026-05-18T13:56:00.080+0000] {logging_mixin.py:190} INFO - [2026-05-18T13:56:00.080+0000] {dag.py:4180} INFO - Setting next_dagrun for example_subdag_operator to 2022-01-01 00:00:00+00:00, run_after=2022-01-01 00:00:00+00:00
[2026-05-18T13:56:00.084+0000] {logging_mixin.py:190} INFO - [2026-05-18T13:56:00.084+0000] {dag.py:4180} INFO - Setting next_dagrun for example_subdag_operator.section-1 to None, run_after=None
[2026-05-18T13:56:00.085+0000] {logging_mixin.py:190} INFO - [2026-05-18T13:56:00.085+0000] {dag.py:4180} INFO - Setting next_dagrun for example_subdag_operator.section-2 to None, run_after=None
[2026-05-18T13:56:00.092+0000] {logging_mixin.py:190} INFO - [2026-05-18T13:56:00.091+0000] {dag.py:3239} INFO - Sync 2 DAGs
[2026-05-18T13:56:00.095+0000] {logging_mixin.py:190} INFO - [2026-05-18T13:56:00.095+0000] {dag.py:4180} INFO - Setting next_dagrun for example_subdag_operator.section-1 to None, run_after=None
[2026-05-18T13:56:00.096+0000] {logging_mixin.py:190} INFO - [2026-05-18T13:56:00.096+0000] {dag.py:4180} INFO - Setting next_dagrun for example_subdag_operator.section-2 to None, run_after=None
[2026-05-18T13:56:00.117+0000] {processor.py:208} INFO - Processing /usr/local/python/3.12.1/lib/python3.12/site-packages/airflow/example_dags/example_subdag_operator.py took 0.105 seconds
[2026-05-18T13:56:47.683+0000] {processor.py:186} INFO - Started process (PID=13850) to work on /usr/local/python/3.12.1/lib/python3.12/site-packages/airflow/example_dags/example_subdag_operator.py
[2026-05-18T13:56:47.684+0000] {processor.py:914} INFO - Processing file /usr/local/python/3.12.1/lib/python3.12/site-packages/airflow/example_dags/example_subdag_operator.py for tasks to queue
[2026-05-18T13:56:47.686+0000] {logging_mixin.py:190} INFO - [2026-05-18T13:56:47.686+0000] {dagbag.py:588} INFO - Filling up the DagBag from /usr/local/python/3.12.1/lib/python3.12/site-packages/airflow/example_dags/example_subdag_operator.py
[2026-05-18T13:56:47.704+0000] {processor.py:925} INFO - DAG(s) 'example_subdag_operator.section-1', 'example_subdag_operator.section-2', 'example_subdag_operator' retrieved from /usr/local/python/3.12.1/lib/python3.12/site-packages/airflow/example_dags/example_subdag_operator.py
[2026-05-18T13:56:47.715+0000] {logging_mixin.py:190} INFO - [2026-05-18T13:56:47.715+0000] {dag.py:3239} INFO - Sync 3 DAGs
[2026-05-18T13:56:47.730+0000] {logging_mixin.py:190} INFO - [2026-05-18T13:56:47.730+0000] {dag.py:4180} INFO - Setting next_dagrun for example_subdag_operator to 2022-01-01 00:00:00+00:00, run_after=2022-01-01 00:00:00+00:00
[2026-05-18T13:56:47.733+0000] {logging_mixin.py:190} INFO - [2026-05-18T13:56:47.733+0000] {dag.py:4180} INFO - Setting next_dagrun for example_subdag_operator.section-1 to None, run_after=None
[2026-05-18T13:56:47.733+0000] {logging_mixin.py:190} INFO - [2026-05-18T13:56:47.733+0000] {dag.py:4180} INFO - Setting next_dagrun for example_subdag_operator.section-2 to None, run_after=None
[2026-05-18T13:56:47.738+0000] {logging_mixin.py:190} INFO - [2026-05-18T13:56:47.738+0000] {dag.py:3239} INFO - Sync 2 DAGs
[2026-05-18T13:56:47.741+0000] {logging_mixin.py:190} INFO - [2026-05-18T13:56:47.741+0000] {dag.py:4180} INFO - Setting next_dagrun for example_subdag_operator.section-1 to None, run_after=None
[2026-05-18T13:56:47.741+0000] {logging_mixin.py:190} INFO - [2026-05-18T13:56:47.741+0000] {dag.py:4180} INFO - Setting next_dagrun for example_subdag_operator.section-2 to None, run_after=None
[2026-05-18T13:56:47.752+0000] {processor.py:208} INFO - Processing /usr/local/python/3.12.1/lib/python3.12/site-packages/airflow/example_dags/example_subdag_operator.py took 0.078 seconds
[2026-05-18T13:57:35.548+0000] {processor.py:186} INFO - Started process (PID=14261) to work on /usr/local/python/3.12.1/lib/python3.12/site-packages/airflow/example_dags/example_subdag_operator.py
[2026-05-18T13:57:35.548+0000] {processor.py:914} INFO - Processing file /usr/local/python/3.12.1/lib/python3.12/site-packages/airflow/example_dags/example_subdag_operator.py for tasks to queue
[2026-05-18T13:57:35.550+0000] {logging_mixin.py:190} INFO - [2026-05-18T13:57:35.550+0000] {dagbag.py:588} INFO - Filling up the DagBag from /usr/local/python/3.12.1/lib/python3.12/site-packages/airflow/example_dags/example_subdag_operator.py
[2026-05-18T13:57:35.567+0000] {processor.py:925} INFO - DAG(s) 'example_subdag_operator.section-1', 'example_subdag_operator.section-2', 'example_subdag_operator' retrieved from /usr/local/python/3.12.1/lib/python3.12/site-packages/airflow/example_dags/example_subdag_operator.py
[2026-05-18T13:57:35.579+0000] {logging_mixin.py:190} INFO - [2026-05-18T13:57:35.579+0000] {dag.py:3239} INFO - Sync 3 DAGs
[2026-05-18T13:57:35.595+0000] {logging_mixin.py:190} INFO - [2026-05-18T13:57:35.595+0000] {dag.py:4180} INFO - Setting next_dagrun for example_subdag_operator to 2022-01-01 00:00:00+00:00, run_after=2022-01-01 00:00:00+00:00
[2026-05-18T13:57:35.598+0000] {logging_mixin.py:190} INFO - [2026-05-18T13:57:35.598+0000] {dag.py:4180} INFO - Setting next_dagrun for example_subdag_operator.section-1 to None, run_after=None
[2026-05-18T13:57:35.598+0000] {logging_mixin.py:190} INFO - [2026-05-18T13:57:35.598+0000] {dag.py:4180} INFO - Setting next_dagrun for example_subdag_operator.section-2 to None, run_after=None
[2026-05-18T13:57:35.603+0000] {logging_mixin.py:190} INFO - [2026-05-18T13:57:35.603+0000] {dag.py:3239} INFO - Sync 2 DAGs
[2026-05-18T13:57:35.606+0000] {logging_mixin.py:190} INFO - [2026-05-18T13:57:35.606+0000] {dag.py:4180} INFO - Setting next_dagrun for example_subdag_operator.section-1 to None, run_after=None
[2026-05-18T13:57:35.606+0000] {logging_mixin.py:190} INFO - [2026-05-18T13:57:35.606+0000] {dag.py:4180} INFO - Setting next_dagrun for example_subdag_operator.section-2 to None, run_after=None
[2026-05-18T13:57:35.617+0000] {processor.py:208} INFO - Processing /usr/local/python/3.12.1/lib/python3.12/site-packages/airflow/example_dags/example_subdag_operator.py took 0.073 seconds
[2026-05-18T13:58:26.401+0000] {processor.py:186} INFO - Started process (PID=14716) to work on /usr/local/python/3.12.1/lib/python3.12/site-packages/airflow/example_dags/example_subdag_operator.py
[2026-05-18T13:58:26.401+0000] {processor.py:914} INFO - Processing file /usr/local/python/3.12.1/lib/python3.12/site-packages/airflow/example_dags/example_subdag_operator.py for tasks to queue
[2026-05-18T13:58:26.403+0000] {logging_mixin.py:190} INFO - [2026-05-18T13:58:26.403+0000] {dagbag.py:588} INFO - Filling up the DagBag from /usr/local/python/3.12.1/lib/python3.12/site-packages/airflow/example_dags/example_subdag_operator.py
[2026-05-18T13:58:26.420+0000] {processor.py:925} INFO - DAG(s) 'example_subdag_operator.section-1', 'example_subdag_operator.section-2', 'example_subdag_operator' retrieved from /usr/local/python/3.12.1/lib/python3.12/site-packages/airflow/example_dags/example_subdag_operator.py
[2026-05-18T13:58:26.431+0000] {logging_mixin.py:190} INFO - [2026-05-18T13:58:26.431+0000] {dag.py:3239} INFO - Sync 3 DAGs
[2026-05-18T13:58:26.446+0000] {logging_mixin.py:190} INFO - [2026-05-18T13:58:26.446+0000] {dag.py:4180} INFO - Setting next_dagrun for example_subdag_operator to 2022-01-01 00:00:00+00:00, run_after=2022-01-01 00:00:00+00:00
[2026-05-18T13:58:26.449+0000] {logging_mixin.py:190} INFO - [2026-05-18T13:58:26.449+0000] {dag.py:4180} INFO - Setting next_dagrun for example_subdag_operator.section-1 to None, run_after=None
[2026-05-18T13:58:26.450+0000] {logging_mixin.py:190} INFO - [2026-05-18T13:58:26.450+0000] {dag.py:4180} INFO - Setting next_dagrun for example_subdag_operator.section-2 to None, run_after=None
[2026-05-18T13:58:26.454+0000] {logging_mixin.py:190} INFO - [2026-05-18T13:58:26.454+0000] {dag.py:3239} INFO - Sync 2 DAGs
[2026-05-18T13:58:26.457+0000] {logging_mixin.py:190} INFO - [2026-05-18T13:58:26.457+0000] {dag.py:4180} INFO - Setting next_dagrun for example_subdag_operator.section-1 to None, run_after=None
[2026-05-18T13:58:26.457+0000] {logging_mixin.py:190} INFO - [2026-05-18T13:58:26.457+0000] {dag.py:4180} INFO - Setting next_dagrun for example_subdag_operator.section-2 to None, run_after=None
[2026-05-18T13:58:26.468+0000] {processor.py:208} INFO - Processing /usr/local/python/3.12.1/lib/python3.12/site-packages/airflow/example_dags/example_subdag_operator.py took 0.071 seconds
[2026-05-18T13:59:15.769+0000] {processor.py:186} INFO - Started process (PID=15157) to work on /usr/local/python/3.12.1/lib/python3.12/site-packages/airflow/example_dags/example_subdag_operator.py
[2026-05-18T13:59:15.770+0000] {processor.py:914} INFO - Processing file /usr/local/python/3.12.1/lib/python3.12/site-packages/airflow/example_dags/example_subdag_operator.py for tasks to queue
[2026-05-18T13:59:15.771+0000] {logging_mixin.py:190} INFO - [2026-05-18T13:59:15.771+0000] {dagbag.py:588} INFO - Filling up the DagBag from /usr/local/python/3.12.1/lib/python3.12/site-packages/airflow/example_dags/example_subdag_operator.py
[2026-05-18T13:59:15.788+0000] {processor.py:925} INFO - DAG(s) 'example_subdag_operator.section-1', 'example_subdag_operator.section-2', 'example_subdag_operator' retrieved from /usr/local/python/3.12.1/lib/python3.12/site-packages/airflow/example_dags/example_subdag_operator.py
[2026-05-18T13:59:15.800+0000] {logging_mixin.py:190} INFO - [2026-05-18T13:59:15.799+0000] {dag.py:3239} INFO - Sync 3 DAGs
[2026-05-18T13:59:15.819+0000] {logging_mixin.py:190} INFO - [2026-05-18T13:59:15.819+0000] {dag.py:4180} INFO - Setting next_dagrun for example_subdag_operator to 2022-01-01 00:00:00+00:00, run_after=2022-01-01 00:00:00+00:00
[2026-05-18T13:59:15.826+0000] {logging_mixin.py:190} INFO - [2026-05-18T13:59:15.823+0000] {dag.py:4180} INFO - Setting next_dagrun for example_subdag_operator.section-1 to None, run_after=None
[2026-05-18T13:59:15.827+0000] {logging_mixin.py:190} INFO - [2026-05-18T13:59:15.827+0000] {dag.py:4180} INFO - Setting next_dagrun for example_subdag_operator.section-2 to None, run_after=None
[2026-05-18T13:59:15.847+0000] {logging_mixin.py:190} INFO - [2026-05-18T13:59:15.847+0000] {dag.py:3239} INFO - Sync 2 DAGs
[2026-05-18T13:59:15.853+0000] {logging_mixin.py:190} INFO - [2026-05-18T13:59:15.853+0000] {dag.py:4180} INFO - Setting next_dagrun for example_subdag_operator.section-1 to None, run_after=None
[2026-05-18T13:59:15.853+0000] {logging_mixin.py:190} INFO - [2026-05-18T13:59:15.853+0000] {dag.py:4180} INFO - Setting next_dagrun for example_subdag_operator.section-2 to None, run_after=None
[2026-05-18T13:59:15.870+0000] {processor.py:208} INFO - Processing /usr/local/python/3.12.1/lib/python3.12/site-packages/airflow/example_dags/example_subdag_operator.py took 0.105 seconds
[2026-05-18T14:00:05.968+0000] {processor.py:186} INFO - Started process (PID=15609) to work on /usr/local/python/3.12.1/lib/python3.12/site-packages/airflow/example_dags/example_subdag_operator.py
[2026-05-18T14:00:05.968+0000] {processor.py:914} INFO - Processing file /usr/local/python/3.12.1/lib/python3.12/site-packages/airflow/example_dags/example_subdag_operator.py for tasks to queue
[2026-05-18T14:00:05.970+0000] {logging_mixin.py:190} INFO - [2026-05-18T14:00:05.970+0000] {dagbag.py:588} INFO - Filling up the DagBag from /usr/local/python/3.12.1/lib/python3.12/site-packages/airflow/example_dags/example_subdag_operator.py
[2026-05-18T14:00:05.988+0000] {processor.py:925} INFO - DAG(s) 'example_subdag_operator.section-1', 'example_subdag_operator.section-2', 'example_subdag_operator' retrieved from /usr/local/python/3.12.1/lib/python3.12/site-packages/airflow/example_dags/example_subdag_operator.py
[2026-05-18T14:00:05.999+0000] {logging_mixin.py:190} INFO - [2026-05-18T14:00:05.999+0000] {dag.py:3239} INFO - Sync 3 DAGs
[2026-05-18T14:00:06.015+0000] {logging_mixin.py:190} INFO - [2026-05-18T14:00:06.014+0000] {dag.py:4180} INFO - Setting next_dagrun for example_subdag_operator to 2022-01-01 00:00:00+00:00, run_after=2022-01-01 00:00:00+00:00
[2026-05-18T14:00:06.017+0000] {logging_mixin.py:190} INFO - [2026-05-18T14:00:06.017+0000] {dag.py:4180} INFO - Setting next_dagrun for example_subdag_operator.section-1 to None, run_after=None
[2026-05-18T14:00:06.018+0000] {logging_mixin.py:190} INFO - [2026-05-18T14:00:06.018+0000] {dag.py:4180} INFO - Setting next_dagrun for example_subdag_operator.section-2 to None, run_after=None
[2026-05-18T14:00:06.024+0000] {logging_mixin.py:190} INFO - [2026-05-18T14:00:06.024+0000] {dag.py:3239} INFO - Sync 2 DAGs
[2026-05-18T14:00:06.027+0000] {logging_mixin.py:190} INFO - [2026-05-18T14:00:06.027+0000] {dag.py:4180} INFO - Setting next_dagrun for example_subdag_operator.section-1 to None, run_after=None
[2026-05-18T14:00:06.027+0000] {logging_mixin.py:190} INFO - [2026-05-18T14:00:06.027+0000] {dag.py:4180} INFO - Setting next_dagrun for example_subdag_operator.section-2 to None, run_after=None
[2026-05-18T14:00:06.037+0000] {processor.py:208} INFO - Processing /usr/local/python/3.12.1/lib/python3.12/site-packages/airflow/example_dags/example_subdag_operator.py took 0.074 seconds
[2026-05-18T14:00:55.222+0000] {processor.py:186} INFO - Started process (PID=16103) to work on /usr/local/python/3.12.1/lib/python3.12/site-packages/airflow/example_dags/example_subdag_operator.py
[2026-05-18T14:00:55.223+0000] {processor.py:914} INFO - Processing file /usr/local/python/3.12.1/lib/python3.12/site-packages/airflow/example_dags/example_subdag_operator.py for tasks to queue
[2026-05-18T14:00:55.225+0000] {logging_mixin.py:190} INFO - [2026-05-18T14:00:55.224+0000] {dagbag.py:588} INFO - Filling up the DagBag from /usr/local/python/3.12.1/lib/python3.12/site-packages/airflow/example_dags/example_subdag_operator.py
[2026-05-18T14:00:55.243+0000] {processor.py:925} INFO - DAG(s) 'example_subdag_operator.section-1', 'example_subdag_operator.section-2', 'example_subdag_operator' retrieved from /usr/local/python/3.12.1/lib/python3.12/site-packages/airflow/example_dags/example_subdag_operator.py
[2026-05-18T14:00:55.255+0000] {logging_mixin.py:190} INFO - [2026-05-18T14:00:55.255+0000] {dag.py:3239} INFO - Sync 3 DAGs
[2026-05-18T14:00:55.272+0000] {logging_mixin.py:190} INFO - [2026-05-18T14:00:55.272+0000] {dag.py:4180} INFO - Setting next_dagrun for example_subdag_operator to 2022-01-01 00:00:00+00:00, run_after=2022-01-01 00:00:00+00:00
[2026-05-18T14:00:55.275+0000] {logging_mixin.py:190} INFO - [2026-05-18T14:00:55.275+0000] {dag.py:4180} INFO - Setting next_dagrun for example_subdag_operator.section-1 to None, run_after=None
[2026-05-18T14:00:55.276+0000] {logging_mixin.py:190} INFO - [2026-05-18T14:00:55.276+0000] {dag.py:4180} INFO - Setting next_dagrun for example_subdag_operator.section-2 to None, run_after=None
[2026-05-18T14:00:55.280+0000] {logging_mixin.py:190} INFO - [2026-05-18T14:00:55.280+0000] {dag.py:3239} INFO - Sync 2 DAGs
[2026-05-18T14:00:55.283+0000] {logging_mixin.py:190} INFO - [2026-05-18T14:00:55.283+0000] {dag.py:4180} INFO - Setting next_dagrun for example_subdag_operator.section-1 to None, run_after=None
[2026-05-18T14:00:55.284+0000] {logging_mixin.py:190} INFO - [2026-05-18T14:00:55.283+0000] {dag.py:4180} INFO - Setting next_dagrun for example_subdag_operator.section-2 to None, run_after=None
[2026-05-18T14:00:55.294+0000] {processor.py:208} INFO - Processing /usr/local/python/3.12.1/lib/python3.12/site-packages/airflow/example_dags/example_subdag_operator.py took 0.076 seconds
[2026-05-18T14:01:43.646+0000] {processor.py:186} INFO - Started process (PID=16483) to work on /usr/local/python/3.12.1/lib/python3.12/site-packages/airflow/example_dags/example_subdag_operator.py
[2026-05-18T14:01:43.647+0000] {processor.py:914} INFO - Processing file /usr/local/python/3.12.1/lib/python3.12/site-packages/airflow/example_dags/example_subdag_operator.py for tasks to queue
[2026-05-18T14:01:43.649+0000] {logging_mixin.py:190} INFO - [2026-05-18T14:01:43.649+0000] {dagbag.py:588} INFO - Filling up the DagBag from /usr/local/python/3.12.1/lib/python3.12/site-packages/airflow/example_dags/example_subdag_operator.py
[2026-05-18T14:01:43.667+0000] {processor.py:925} INFO - DAG(s) 'example_subdag_operator.section-1', 'example_subdag_operator.section-2', 'example_subdag_operator' retrieved from /usr/local/python/3.12.1/lib/python3.12/site-packages/airflow/example_dags/example_subdag_operator.py
[2026-05-18T14:01:43.679+0000] {logging_mixin.py:190} INFO - [2026-05-18T14:01:43.679+0000] {dag.py:3239} INFO - Sync 3 DAGs
[2026-05-18T14:01:43.695+0000] {logging_mixin.py:190} INFO - [2026-05-18T14:01:43.694+0000] {dag.py:4180} INFO - Setting next_dagrun for example_subdag_operator to 2022-01-01 00:00:00+00:00, run_after=2022-01-01 00:00:00+00:00
[2026-05-18T14:01:43.697+0000] {logging_mixin.py:190} INFO - [2026-05-18T14:01:43.697+0000] {dag.py:4180} INFO - Setting next_dagrun for example_subdag_operator.section-1 to None, run_after=None
[2026-05-18T14:01:43.698+0000] {logging_mixin.py:190} INFO - [2026-05-18T14:01:43.698+0000] {dag.py:4180} INFO - Setting next_dagrun for example_subdag_operator.section-2 to None, run_after=None
[2026-05-18T14:01:43.702+0000] {logging_mixin.py:190} INFO - [2026-05-18T14:01:43.702+0000] {dag.py:3239} INFO - Sync 2 DAGs
[2026-05-18T14:01:43.705+0000] {logging_mixin.py:190} INFO - [2026-05-18T14:01:43.705+0000] {dag.py:4180} INFO - Setting next_dagrun for example_subdag_operator.section-1 to None, run_after=None
[2026-05-18T14:01:43.706+0000] {logging_mixin.py:190} INFO - [2026-05-18T14:01:43.706+0000] {dag.py:4180} INFO - Setting next_dagrun for example_subdag_operator.section-2 to None, run_after=None
[2026-05-18T14:01:43.716+0000] {processor.py:208} INFO - Processing /usr/local/python/3.12.1/lib/python3.12/site-packages/airflow/example_dags/example_subdag_operator.py took 0.075 seconds
[2026-05-18T14:02:28.740+0000] {processor.py:186} INFO - Started process (PID=16890) to work on /usr/local/python/3.12.1/lib/python3.12/site-packages/airflow/example_dags/example_subdag_operator.py
[2026-05-18T14:02:28.740+0000] {processor.py:914} INFO - Processing file /usr/local/python/3.12.1/lib/python3.12/site-packages/airflow/example_dags/example_subdag_operator.py for tasks to queue
[2026-05-18T14:02:28.743+0000] {logging_mixin.py:190} INFO - [2026-05-18T14:02:28.742+0000] {dagbag.py:588} INFO - Filling up the DagBag from /usr/local/python/3.12.1/lib/python3.12/site-packages/airflow/example_dags/example_subdag_operator.py
[2026-05-18T14:02:28.784+0000] {processor.py:925} INFO - DAG(s) 'example_subdag_operator.section-1', 'example_subdag_operator.section-2', 'example_subdag_operator' retrieved from /usr/local/python/3.12.1/lib/python3.12/site-packages/airflow/example_dags/example_subdag_operator.py
[2026-05-18T14:02:28.804+0000] {logging_mixin.py:190} INFO - [2026-05-18T14:02:28.804+0000] {dag.py:3239} INFO - Sync 3 DAGs
[2026-05-18T14:02:28.840+0000] {logging_mixin.py:190} INFO - [2026-05-18T14:02:28.840+0000] {dag.py:4180} INFO - Setting next_dagrun for example_subdag_operator to 2022-01-01 00:00:00+00:00, run_after=2022-01-01 00:00:00+00:00
[2026-05-18T14:02:28.844+0000] {logging_mixin.py:190} INFO - [2026-05-18T14:02:28.844+0000] {dag.py:4180} INFO - Setting next_dagrun for example_subdag_operator.section-1 to None, run_after=None
[2026-05-18T14:02:28.845+0000] {logging_mixin.py:190} INFO - [2026-05-18T14:02:28.845+0000] {dag.py:4180} INFO - Setting next_dagrun for example_subdag_operator.section-2 to None, run_after=None
[2026-05-18T14:02:28.850+0000] {logging_mixin.py:190} INFO - [2026-05-18T14:02:28.849+0000] {dag.py:3239} INFO - Sync 2 DAGs
[2026-05-18T14:02:28.852+0000] {logging_mixin.py:190} INFO - [2026-05-18T14:02:28.852+0000] {dag.py:4180} INFO - Setting next_dagrun for example_subdag_operator.section-1 to None, run_after=None
[2026-05-18T14:02:28.853+0000] {logging_mixin.py:190} INFO - [2026-05-18T14:02:28.853+0000] {dag.py:4180} INFO - Setting next_dagrun for example_subdag_operator.section-2 to None, run_after=None
[2026-05-18T14:02:28.863+0000] {processor.py:208} INFO - Processing /usr/local/python/3.12.1/lib/python3.12/site-packages/airflow/example_dags/example_subdag_operator.py took 0.129 seconds
[2026-05-18T14:03:14.917+0000] {processor.py:186} INFO - Started process (PID=17312) to work on /usr/local/python/3.12.1/lib/python3.12/site-packages/airflow/example_dags/example_subdag_operator.py
[2026-05-18T14:03:14.918+0000] {processor.py:914} INFO - Processing file /usr/local/python/3.12.1/lib/python3.12/site-packages/airflow/example_dags/example_subdag_operator.py for tasks to queue
[2026-05-18T14:03:14.922+0000] {logging_mixin.py:190} INFO - [2026-05-18T14:03:14.922+0000] {dagbag.py:588} INFO - Filling up the DagBag from /usr/local/python/3.12.1/lib/python3.12/site-packages/airflow/example_dags/example_subdag_operator.py
[2026-05-18T14:03:14.953+0000] {processor.py:925} INFO - DAG(s) 'example_subdag_operator.section-1', 'example_subdag_operator.section-2', 'example_subdag_operator' retrieved from /usr/local/python/3.12.1/lib/python3.12/site-packages/airflow/example_dags/example_subdag_operator.py
[2026-05-18T14:03:14.973+0000] {logging_mixin.py:190} INFO - [2026-05-18T14:03:14.973+0000] {dag.py:3239} INFO - Sync 3 DAGs
[2026-05-18T14:03:14.995+0000] {logging_mixin.py:190} INFO - [2026-05-18T14:03:14.995+0000] {dag.py:4180} INFO - Setting next_dagrun for example_subdag_operator to 2022-01-01 00:00:00+00:00, run_after=2022-01-01 00:00:00+00:00
[2026-05-18T14:03:14.999+0000] {logging_mixin.py:190} INFO - [2026-05-18T14:03:14.999+0000] {dag.py:4180} INFO - Setting next_dagrun for example_subdag_operator.section-1 to None, run_after=None
[2026-05-18T14:03:15.000+0000] {logging_mixin.py:190} INFO - [2026-05-18T14:03:15.000+0000] {dag.py:4180} INFO - Setting next_dagrun for example_subdag_operator.section-2 to None, run_after=None
[2026-05-18T14:03:15.005+0000] {logging_mixin.py:190} INFO - [2026-05-18T14:03:15.005+0000] {dag.py:3239} INFO - Sync 2 DAGs
[2026-05-18T14:03:15.008+0000] {logging_mixin.py:190} INFO - [2026-05-18T14:03:15.008+0000] {dag.py:4180} INFO - Setting next_dagrun for example_subdag_operator.section-1 to None, run_after=None
[2026-05-18T14:03:15.008+0000] {logging_mixin.py:190} INFO - [2026-05-18T14:03:15.008+0000] {dag.py:4180} INFO - Setting next_dagrun for example_subdag_operator.section-2 to None, run_after=None
[2026-05-18T14:03:15.019+0000] {processor.py:208} INFO - Processing /usr/local/python/3.12.1/lib/python3.12/site-packages/airflow/example_dags/example_subdag_operator.py took 0.109 seconds
[2026-05-18T14:04:05.697+0000] {processor.py:186} INFO - Started process (PID=17748) to work on /usr/local/python/3.12.1/lib/python3.12/site-packages/airflow/example_dags/example_subdag_operator.py
[2026-05-18T14:04:05.697+0000] {processor.py:914} INFO - Processing file /usr/local/python/3.12.1/lib/python3.12/site-packages/airflow/example_dags/example_subdag_operator.py for tasks to queue
[2026-05-18T14:04:05.699+0000] {logging_mixin.py:190} INFO - [2026-05-18T14:04:05.699+0000] {dagbag.py:588} INFO - Filling up the DagBag from /usr/local/python/3.12.1/lib/python3.12/site-packages/airflow/example_dags/example_subdag_operator.py
[2026-05-18T14:04:05.717+0000] {processor.py:925} INFO - DAG(s) 'example_subdag_operator.section-1', 'example_subdag_operator.section-2', 'example_subdag_operator' retrieved from /usr/local/python/3.12.1/lib/python3.12/site-packages/airflow/example_dags/example_subdag_operator.py
[2026-05-18T14:04:05.728+0000] {logging_mixin.py:190} INFO - [2026-05-18T14:04:05.728+0000] {dag.py:3239} INFO - Sync 3 DAGs
[2026-05-18T14:04:05.744+0000] {logging_mixin.py:190} INFO - [2026-05-18T14:04:05.743+0000] {dag.py:4180} INFO - Setting next_dagrun for example_subdag_operator to 2022-01-01 00:00:00+00:00, run_after=2022-01-01 00:00:00+00:00
[2026-05-18T14:04:05.746+0000] {logging_mixin.py:190} INFO - [2026-05-18T14:04:05.746+0000] {dag.py:4180} INFO - Setting next_dagrun for example_subdag_operator.section-1 to None, run_after=None
[2026-05-18T14:04:05.747+0000] {logging_mixin.py:190} INFO - [2026-05-18T14:04:05.747+0000] {dag.py:4180} INFO - Setting next_dagrun for example_subdag_operator.section-2 to None, run_after=None
[2026-05-18T14:04:05.751+0000] {logging_mixin.py:190} INFO - [2026-05-18T14:04:05.751+0000] {dag.py:3239} INFO - Sync 2 DAGs
[2026-05-18T14:04:05.754+0000] {logging_mixin.py:190} INFO - [2026-05-18T14:04:05.754+0000] {dag.py:4180} INFO - Setting next_dagrun for example_subdag_operator.section-1 to None, run_after=None
[2026-05-18T14:04:05.754+0000] {logging_mixin.py:190} INFO - [2026-05-18T14:04:05.754+0000] {dag.py:4180} INFO - Setting next_dagrun for example_subdag_operator.section-2 to None, run_after=None
[2026-05-18T14:04:05.765+0000] {processor.py:208} INFO - Processing /usr/local/python/3.12.1/lib/python3.12/site-packages/airflow/example_dags/example_subdag_operator.py took 0.072 seconds
[2026-05-18T14:04:55.362+0000] {processor.py:186} INFO - Started process (PID=18197) to work on /usr/local/python/3.12.1/lib/python3.12/site-packages/airflow/example_dags/example_subdag_operator.py
[2026-05-18T14:04:55.362+0000] {processor.py:914} INFO - Processing file /usr/local/python/3.12.1/lib/python3.12/site-packages/airflow/example_dags/example_subdag_operator.py for tasks to queue
[2026-05-18T14:04:55.364+0000] {logging_mixin.py:190} INFO - [2026-05-18T14:04:55.364+0000] {dagbag.py:588} INFO - Filling up the DagBag from /usr/local/python/3.12.1/lib/python3.12/site-packages/airflow/example_dags/example_subdag_operator.py
[2026-05-18T14:04:55.381+0000] {processor.py:925} INFO - DAG(s) 'example_subdag_operator.section-1', 'example_subdag_operator.section-2', 'example_subdag_operator' retrieved from /usr/local/python/3.12.1/lib/python3.12/site-packages/airflow/example_dags/example_subdag_operator.py
[2026-05-18T14:04:55.392+0000] {logging_mixin.py:190} INFO - [2026-05-18T14:04:55.392+0000] {dag.py:3239} INFO - Sync 3 DAGs
[2026-05-18T14:04:55.407+0000] {logging_mixin.py:190} INFO - [2026-05-18T14:04:55.407+0000] {dag.py:4180} INFO - Setting next_dagrun for example_subdag_operator to 2022-01-01 00:00:00+00:00, run_after=2022-01-01 00:00:00+00:00
[2026-05-18T14:04:55.410+0000] {logging_mixin.py:190} INFO - [2026-05-18T14:04:55.409+0000] {dag.py:4180} INFO - Setting next_dagrun for example_subdag_operator.section-1 to None, run_after=None
[2026-05-18T14:04:55.410+0000] {logging_mixin.py:190} INFO - [2026-05-18T14:04:55.410+0000] {dag.py:4180} INFO - Setting next_dagrun for example_subdag_operator.section-2 to None, run_after=None
[2026-05-18T14:04:55.415+0000] {logging_mixin.py:190} INFO - [2026-05-18T14:04:55.414+0000] {dag.py:3239} INFO - Sync 2 DAGs
[2026-05-18T14:04:55.417+0000] {logging_mixin.py:190} INFO - [2026-05-18T14:04:55.417+0000] {dag.py:4180} INFO - Setting next_dagrun for example_subdag_operator.section-1 to None, run_after=None
[2026-05-18T14:04:55.418+0000] {logging_mixin.py:190} INFO - [2026-05-18T14:04:55.417+0000] {dag.py:4180} INFO - Setting next_dagrun for example_subdag_operator.section-2 to None, run_after=None
[2026-05-18T14:04:55.428+0000] {processor.py:208} INFO - Processing /usr/local/python/3.12.1/lib/python3.12/site-packages/airflow/example_dags/example_subdag_operator.py took 0.070 seconds
[2026-05-18T14:05:43.856+0000] {processor.py:186} INFO - Started process (PID=18573) to work on /usr/local/python/3.12.1/lib/python3.12/site-packages/airflow/example_dags/example_subdag_operator.py
[2026-05-18T14:05:43.856+0000] {processor.py:914} INFO - Processing file /usr/local/python/3.12.1/lib/python3.12/site-packages/airflow/example_dags/example_subdag_operator.py for tasks to queue
[2026-05-18T14:05:43.858+0000] {logging_mixin.py:190} INFO - [2026-05-18T14:05:43.858+0000] {dagbag.py:588} INFO - Filling up the DagBag from /usr/local/python/3.12.1/lib/python3.12/site-packages/airflow/example_dags/example_subdag_operator.py
[2026-05-18T14:05:43.879+0000] {processor.py:925} INFO - DAG(s) 'example_subdag_operator.section-1', 'example_subdag_operator.section-2', 'example_subdag_operator' retrieved from /usr/local/python/3.12.1/lib/python3.12/site-packages/airflow/example_dags/example_subdag_operator.py
[2026-05-18T14:05:43.891+0000] {logging_mixin.py:190} INFO - [2026-05-18T14:05:43.890+0000] {dag.py:3239} INFO - Sync 3 DAGs
[2026-05-18T14:05:43.906+0000] {logging_mixin.py:190} INFO - [2026-05-18T14:05:43.906+0000] {dag.py:4180} INFO - Setting next_dagrun for example_subdag_operator to 2022-01-01 00:00:00+00:00, run_after=2022-01-01 00:00:00+00:00
[2026-05-18T14:05:43.909+0000] {logging_mixin.py:190} INFO - [2026-05-18T14:05:43.909+0000] {dag.py:4180} INFO - Setting next_dagrun for example_subdag_operator.section-1 to None, run_after=None
[2026-05-18T14:05:43.910+0000] {logging_mixin.py:190} INFO - [2026-05-18T14:05:43.910+0000] {dag.py:4180} INFO - Setting next_dagrun for example_subdag_operator.section-2 to None, run_after=None
[2026-05-18T14:05:43.914+0000] {logging_mixin.py:190} INFO - [2026-05-18T14:05:43.914+0000] {dag.py:3239} INFO - Sync 2 DAGs
[2026-05-18T14:05:43.917+0000] {logging_mixin.py:190} INFO - [2026-05-18T14:05:43.917+0000] {dag.py:4180} INFO - Setting next_dagrun for example_subdag_operator.section-1 to None, run_after=None
[2026-05-18T14:05:43.917+0000] {logging_mixin.py:190} INFO - [2026-05-18T14:05:43.917+0000] {dag.py:4180} INFO - Setting next_dagrun for example_subdag_operator.section-2 to None, run_after=None
[2026-05-18T14:05:43.928+0000] {processor.py:208} INFO - Processing /usr/local/python/3.12.1/lib/python3.12/site-packages/airflow/example_dags/example_subdag_operator.py took 0.076 seconds
[2026-05-18T14:06:34.155+0000] {processor.py:186} INFO - Started process (PID=19089) to work on /usr/local/python/3.12.1/lib/python3.12/site-packages/airflow/example_dags/example_subdag_operator.py
[2026-05-18T14:06:34.155+0000] {processor.py:914} INFO - Processing file /usr/local/python/3.12.1/lib/python3.12/site-packages/airflow/example_dags/example_subdag_operator.py for tasks to queue
[2026-05-18T14:06:34.157+0000] {logging_mixin.py:190} INFO - [2026-05-18T14:06:34.157+0000] {dagbag.py:588} INFO - Filling up the DagBag from /usr/local/python/3.12.1/lib/python3.12/site-packages/airflow/example_dags/example_subdag_operator.py
[2026-05-18T14:06:34.175+0000] {processor.py:925} INFO - DAG(s) 'example_subdag_operator.section-1', 'example_subdag_operator.section-2', 'example_subdag_operator' retrieved from /usr/local/python/3.12.1/lib/python3.12/site-packages/airflow/example_dags/example_subdag_operator.py
[2026-05-18T14:06:34.187+0000] {logging_mixin.py:190} INFO - [2026-05-18T14:06:34.187+0000] {dag.py:3239} INFO - Sync 3 DAGs
[2026-05-18T14:06:34.203+0000] {logging_mixin.py:190} INFO - [2026-05-18T14:06:34.203+0000] {dag.py:4180} INFO - Setting next_dagrun for example_subdag_operator to 2022-01-01 00:00:00+00:00, run_after=2022-01-01 00:00:00+00:00
[2026-05-18T14:06:34.206+0000] {logging_mixin.py:190} INFO - [2026-05-18T14:06:34.206+0000] {dag.py:4180} INFO - Setting next_dagrun for example_subdag_operator.section-1 to None, run_after=None
[2026-05-18T14:06:34.207+0000] {logging_mixin.py:190} INFO - [2026-05-18T14:06:34.207+0000] {dag.py:4180} INFO - Setting next_dagrun for example_subdag_operator.section-2 to None, run_after=None
[2026-05-18T14:06:34.212+0000] {logging_mixin.py:190} INFO - [2026-05-18T14:06:34.212+0000] {dag.py:3239} INFO - Sync 2 DAGs
[2026-05-18T14:06:34.215+0000] {logging_mixin.py:190} INFO - [2026-05-18T14:06:34.215+0000] {dag.py:4180} INFO - Setting next_dagrun for example_subdag_operator.section-1 to None, run_after=None
[2026-05-18T14:06:34.215+0000] {logging_mixin.py:190} INFO - [2026-05-18T14:06:34.215+0000] {dag.py:4180} INFO - Setting next_dagrun for example_subdag_operator.section-2 to None, run_after=None
[2026-05-18T14:06:34.226+0000] {processor.py:208} INFO - Processing /usr/local/python/3.12.1/lib/python3.12/site-packages/airflow/example_dags/example_subdag_operator.py took 0.076 seconds
[2026-05-18T14:07:25.453+0000] {processor.py:186} INFO - Started process (PID=19544) to work on /usr/local/python/3.12.1/lib/python3.12/site-packages/airflow/example_dags/example_subdag_operator.py
[2026-05-18T14:07:25.454+0000] {processor.py:914} INFO - Processing file /usr/local/python/3.12.1/lib/python3.12/site-packages/airflow/example_dags/example_subdag_operator.py for tasks to queue
[2026-05-18T14:07:25.456+0000] {logging_mixin.py:190} INFO - [2026-05-18T14:07:25.455+0000] {dagbag.py:588} INFO - Filling up the DagBag from /usr/local/python/3.12.1/lib/python3.12/site-packages/airflow/example_dags/example_subdag_operator.py
[2026-05-18T14:07:25.473+0000] {processor.py:925} INFO - DAG(s) 'example_subdag_operator.section-1', 'example_subdag_operator.section-2', 'example_subdag_operator' retrieved from /usr/local/python/3.12.1/lib/python3.12/site-packages/airflow/example_dags/example_subdag_operator.py
[2026-05-18T14:07:25.484+0000] {logging_mixin.py:190} INFO - [2026-05-18T14:07:25.484+0000] {dag.py:3239} INFO - Sync 3 DAGs
[2026-05-18T14:07:25.499+0000] {logging_mixin.py:190} INFO - [2026-05-18T14:07:25.499+0000] {dag.py:4180} INFO - Setting next_dagrun for example_subdag_operator to 2022-01-01 00:00:00+00:00, run_after=2022-01-01 00:00:00+00:00
[2026-05-18T14:07:25.502+0000] {logging_mixin.py:190} INFO - [2026-05-18T14:07:25.502+0000] {dag.py:4180} INFO - Setting next_dagrun for example_subdag_operator.section-1 to None, run_after=None
[2026-05-18T14:07:25.503+0000] {logging_mixin.py:190} INFO - [2026-05-18T14:07:25.503+0000] {dag.py:4180} INFO - Setting next_dagrun for example_subdag_operator.section-2 to None, run_after=None
[2026-05-18T14:07:25.507+0000] {logging_mixin.py:190} INFO - [2026-05-18T14:07:25.507+0000] {dag.py:3239} INFO - Sync 2 DAGs
[2026-05-18T14:07:25.510+0000] {logging_mixin.py:190} INFO - [2026-05-18T14:07:25.510+0000] {dag.py:4180} INFO - Setting next_dagrun for example_subdag_operator.section-1 to None, run_after=None
[2026-05-18T14:07:25.511+0000] {logging_mixin.py:190} INFO - [2026-05-18T14:07:25.511+0000] {dag.py:4180} INFO - Setting next_dagrun for example_subdag_operator.section-2 to None, run_after=None
[2026-05-18T14:07:25.521+0000] {processor.py:208} INFO - Processing /usr/local/python/3.12.1/lib/python3.12/site-packages/airflow/example_dags/example_subdag_operator.py took 0.072 seconds
[2026-05-18T14:08:11.795+0000] {processor.py:186} INFO - Started process (PID=19974) to work on /usr/local/python/3.12.1/lib/python3.12/site-packages/airflow/example_dags/example_subdag_operator.py
[2026-05-18T14:08:11.796+0000] {processor.py:914} INFO - Processing file /usr/local/python/3.12.1/lib/python3.12/site-packages/airflow/example_dags/example_subdag_operator.py for tasks to queue
[2026-05-18T14:08:11.798+0000] {logging_mixin.py:190} INFO - [2026-05-18T14:08:11.798+0000] {dagbag.py:588} INFO - Filling up the DagBag from /usr/local/python/3.12.1/lib/python3.12/site-packages/airflow/example_dags/example_subdag_operator.py
[2026-05-18T14:08:11.816+0000] {processor.py:925} INFO - DAG(s) 'example_subdag_operator.section-1', 'example_subdag_operator.section-2', 'example_subdag_operator' retrieved from /usr/local/python/3.12.1/lib/python3.12/site-packages/airflow/example_dags/example_subdag_operator.py
[2026-05-18T14:08:11.828+0000] {logging_mixin.py:190} INFO - [2026-05-18T14:08:11.828+0000] {dag.py:3239} INFO - Sync 3 DAGs
[2026-05-18T14:08:11.844+0000] {logging_mixin.py:190} INFO - [2026-05-18T14:08:11.843+0000] {dag.py:4180} INFO - Setting next_dagrun for example_subdag_operator to 2022-01-01 00:00:00+00:00, run_after=2022-01-01 00:00:00+00:00
[2026-05-18T14:08:11.846+0000] {logging_mixin.py:190} INFO - [2026-05-18T14:08:11.846+0000] {dag.py:4180} INFO - Setting next_dagrun for example_subdag_operator.section-1 to None, run_after=None
[2026-05-18T14:08:11.847+0000] {logging_mixin.py:190} INFO - [2026-05-18T14:08:11.847+0000] {dag.py:4180} INFO - Setting next_dagrun for example_subdag_operator.section-2 to None, run_after=None
[2026-05-18T14:08:11.851+0000] {logging_mixin.py:190} INFO - [2026-05-18T14:08:11.851+0000] {dag.py:3239} INFO - Sync 2 DAGs
[2026-05-18T14:08:11.854+0000] {logging_mixin.py:190} INFO - [2026-05-18T14:08:11.854+0000] {dag.py:4180} INFO - Setting next_dagrun for example_subdag_operator.section-1 to None, run_after=None
[2026-05-18T14:08:11.855+0000] {logging_mixin.py:190} INFO - [2026-05-18T14:08:11.854+0000] {dag.py:4180} INFO - Setting next_dagrun for example_subdag_operator.section-2 to None, run_after=None
[2026-05-18T14:08:11.865+0000] {processor.py:208} INFO - Processing /usr/local/python/3.12.1/lib/python3.12/site-packages/airflow/example_dags/example_subdag_operator.py took 0.074 seconds
[2026-05-18T14:09:01.254+0000] {processor.py:186} INFO - Started process (PID=20413) to work on /usr/local/python/3.12.1/lib/python3.12/site-packages/airflow/example_dags/example_subdag_operator.py
[2026-05-18T14:09:01.255+0000] {processor.py:914} INFO - Processing file /usr/local/python/3.12.1/lib/python3.12/site-packages/airflow/example_dags/example_subdag_operator.py for tasks to queue
[2026-05-18T14:09:01.257+0000] {logging_mixin.py:190} INFO - [2026-05-18T14:09:01.256+0000] {dagbag.py:588} INFO - Filling up the DagBag from /usr/local/python/3.12.1/lib/python3.12/site-packages/airflow/example_dags/example_subdag_operator.py
[2026-05-18T14:09:01.274+0000] {processor.py:925} INFO - DAG(s) 'example_subdag_operator.section-1', 'example_subdag_operator.section-2', 'example_subdag_operator' retrieved from /usr/local/python/3.12.1/lib/python3.12/site-packages/airflow/example_dags/example_subdag_operator.py
[2026-05-18T14:09:01.285+0000] {logging_mixin.py:190} INFO - [2026-05-18T14:09:01.285+0000] {dag.py:3239} INFO - Sync 3 DAGs
[2026-05-18T14:09:01.301+0000] {logging_mixin.py:190} INFO - [2026-05-18T14:09:01.300+0000] {dag.py:4180} INFO - Setting next_dagrun for example_subdag_operator to 2022-01-01 00:00:00+00:00, run_after=2022-01-01 00:00:00+00:00
[2026-05-18T14:09:01.303+0000] {logging_mixin.py:190} INFO - [2026-05-18T14:09:01.303+0000] {dag.py:4180} INFO - Setting next_dagrun for example_subdag_operator.section-1 to None, run_after=None
[2026-05-18T14:09:01.304+0000] {logging_mixin.py:190} INFO - [2026-05-18T14:09:01.304+0000] {dag.py:4180} INFO - Setting next_dagrun for example_subdag_operator.section-2 to None, run_after=None
[2026-05-18T14:09:01.310+0000] {logging_mixin.py:190} INFO - [2026-05-18T14:09:01.309+0000] {dag.py:3239} INFO - Sync 2 DAGs
[2026-05-18T14:09:01.312+0000] {logging_mixin.py:190} INFO - [2026-05-18T14:09:01.312+0000] {dag.py:4180} INFO - Setting next_dagrun for example_subdag_operator.section-1 to None, run_after=None
[2026-05-18T14:09:01.313+0000] {logging_mixin.py:190} INFO - [2026-05-18T14:09:01.313+0000] {dag.py:4180} INFO - Setting next_dagrun for example_subdag_operator.section-2 to None, run_after=None
[2026-05-18T14:09:01.323+0000] {processor.py:208} INFO - Processing /usr/local/python/3.12.1/lib/python3.12/site-packages/airflow/example_dags/example_subdag_operator.py took 0.073 seconds
[2026-05-18T14:09:49.300+0000] {processor.py:186} INFO - Started process (PID=20839) to work on /usr/local/python/3.12.1/lib/python3.12/site-packages/airflow/example_dags/example_subdag_operator.py
[2026-05-18T14:09:49.301+0000] {processor.py:914} INFO - Processing file /usr/local/python/3.12.1/lib/python3.12/site-packages/airflow/example_dags/example_subdag_operator.py for tasks to queue
[2026-05-18T14:09:49.302+0000] {logging_mixin.py:190} INFO - [2026-05-18T14:09:49.302+0000] {dagbag.py:588} INFO - Filling up the DagBag from /usr/local/python/3.12.1/lib/python3.12/site-packages/airflow/example_dags/example_subdag_operator.py
[2026-05-18T14:09:49.320+0000] {processor.py:925} INFO - DAG(s) 'example_subdag_operator.section-1', 'example_subdag_operator.section-2', 'example_subdag_operator' retrieved from /usr/local/python/3.12.1/lib/python3.12/site-packages/airflow/example_dags/example_subdag_operator.py
[2026-05-18T14:09:49.331+0000] {logging_mixin.py:190} INFO - [2026-05-18T14:09:49.331+0000] {dag.py:3239} INFO - Sync 3 DAGs
[2026-05-18T14:09:49.346+0000] {logging_mixin.py:190} INFO - [2026-05-18T14:09:49.346+0000] {dag.py:4180} INFO - Setting next_dagrun for example_subdag_operator to 2022-01-01 00:00:00+00:00, run_after=2022-01-01 00:00:00+00:00
[2026-05-18T14:09:49.349+0000] {logging_mixin.py:190} INFO - [2026-05-18T14:09:49.349+0000] {dag.py:4180} INFO - Setting next_dagrun for example_subdag_operator.section-1 to None, run_after=None
[2026-05-18T14:09:49.350+0000] {logging_mixin.py:190} INFO - [2026-05-18T14:09:49.350+0000] {dag.py:4180} INFO - Setting next_dagrun for example_subdag_operator.section-2 to None, run_after=None
[2026-05-18T14:09:49.354+0000] {logging_mixin.py:190} INFO - [2026-05-18T14:09:49.354+0000] {dag.py:3239} INFO - Sync 2 DAGs
[2026-05-18T14:09:49.357+0000] {logging_mixin.py:190} INFO - [2026-05-18T14:09:49.357+0000] {dag.py:4180} INFO - Setting next_dagrun for example_subdag_operator.section-1 to None, run_after=None
[2026-05-18T14:09:49.358+0000] {logging_mixin.py:190} INFO - [2026-05-18T14:09:49.357+0000] {dag.py:4180} INFO - Setting next_dagrun for example_subdag_operator.section-2 to None, run_after=None
[2026-05-18T14:09:49.368+0000] {processor.py:208} INFO - Processing /usr/local/python/3.12.1/lib/python3.12/site-packages/airflow/example_dags/example_subdag_operator.py took 0.073 seconds
[2026-05-18T14:10:38.952+0000] {processor.py:186} INFO - Started process (PID=21219) to work on /usr/local/python/3.12.1/lib/python3.12/site-packages/airflow/example_dags/example_subdag_operator.py
[2026-05-18T14:10:38.953+0000] {processor.py:914} INFO - Processing file /usr/local/python/3.12.1/lib/python3.12/site-packages/airflow/example_dags/example_subdag_operator.py for tasks to queue
[2026-05-18T14:10:38.955+0000] {logging_mixin.py:190} INFO - [2026-05-18T14:10:38.955+0000] {dagbag.py:588} INFO - Filling up the DagBag from /usr/local/python/3.12.1/lib/python3.12/site-packages/airflow/example_dags/example_subdag_operator.py
[2026-05-18T14:10:38.973+0000] {processor.py:925} INFO - DAG(s) 'example_subdag_operator.section-1', 'example_subdag_operator.section-2', 'example_subdag_operator' retrieved from /usr/local/python/3.12.1/lib/python3.12/site-packages/airflow/example_dags/example_subdag_operator.py
[2026-05-18T14:10:38.985+0000] {logging_mixin.py:190} INFO - [2026-05-18T14:10:38.985+0000] {dag.py:3239} INFO - Sync 3 DAGs
[2026-05-18T14:10:39.002+0000] {logging_mixin.py:190} INFO - [2026-05-18T14:10:39.002+0000] {dag.py:4180} INFO - Setting next_dagrun for example_subdag_operator to 2022-01-01 00:00:00+00:00, run_after=2022-01-01 00:00:00+00:00
[2026-05-18T14:10:39.005+0000] {logging_mixin.py:190} INFO - [2026-05-18T14:10:39.005+0000] {dag.py:4180} INFO - Setting next_dagrun for example_subdag_operator.section-1 to None, run_after=None
[2026-05-18T14:10:39.006+0000] {logging_mixin.py:190} INFO - [2026-05-18T14:10:39.006+0000] {dag.py:4180} INFO - Setting next_dagrun for example_subdag_operator.section-2 to None, run_after=None
[2026-05-18T14:10:39.011+0000] {logging_mixin.py:190} INFO - [2026-05-18T14:10:39.010+0000] {dag.py:3239} INFO - Sync 2 DAGs
[2026-05-18T14:10:39.014+0000] {logging_mixin.py:190} INFO - [2026-05-18T14:10:39.013+0000] {dag.py:4180} INFO - Setting next_dagrun for example_subdag_operator.section-1 to None, run_after=None
[2026-05-18T14:10:39.014+0000] {logging_mixin.py:190} INFO - [2026-05-18T14:10:39.014+0000] {dag.py:4180} INFO - Setting next_dagrun for example_subdag_operator.section-2 to None, run_after=None
[2026-05-18T14:10:39.025+0000] {processor.py:208} INFO - Processing /usr/local/python/3.12.1/lib/python3.12/site-packages/airflow/example_dags/example_subdag_operator.py took 0.077 seconds
[2026-05-18T14:11:28.572+0000] {processor.py:186} INFO - Started process (PID=21720) to work on /usr/local/python/3.12.1/lib/python3.12/site-packages/airflow/example_dags/example_subdag_operator.py
[2026-05-18T14:11:28.573+0000] {processor.py:914} INFO - Processing file /usr/local/python/3.12.1/lib/python3.12/site-packages/airflow/example_dags/example_subdag_operator.py for tasks to queue
[2026-05-18T14:11:28.575+0000] {logging_mixin.py:190} INFO - [2026-05-18T14:11:28.575+0000] {dagbag.py:588} INFO - Filling up the DagBag from /usr/local/python/3.12.1/lib/python3.12/site-packages/airflow/example_dags/example_subdag_operator.py
[2026-05-18T14:11:28.612+0000] {processor.py:925} INFO - DAG(s) 'example_subdag_operator.section-1', 'example_subdag_operator.section-2', 'example_subdag_operator' retrieved from /usr/local/python/3.12.1/lib/python3.12/site-packages/airflow/example_dags/example_subdag_operator.py
[2026-05-18T14:11:28.633+0000] {logging_mixin.py:190} INFO - [2026-05-18T14:11:28.633+0000] {dag.py:3239} INFO - Sync 3 DAGs
[2026-05-18T14:11:28.657+0000] {logging_mixin.py:190} INFO - [2026-05-18T14:11:28.657+0000] {dag.py:4180} INFO - Setting next_dagrun for example_subdag_operator to 2022-01-01 00:00:00+00:00, run_after=2022-01-01 00:00:00+00:00
[2026-05-18T14:11:28.671+0000] {logging_mixin.py:190} INFO - [2026-05-18T14:11:28.671+0000] {dag.py:4180} INFO - Setting next_dagrun for example_subdag_operator.section-1 to None, run_after=None
[2026-05-18T14:11:28.672+0000] {logging_mixin.py:190} INFO - [2026-05-18T14:11:28.672+0000] {dag.py:4180} INFO - Setting next_dagrun for example_subdag_operator.section-2 to None, run_after=None
[2026-05-18T14:11:28.677+0000] {logging_mixin.py:190} INFO - [2026-05-18T14:11:28.677+0000] {dag.py:3239} INFO - Sync 2 DAGs
[2026-05-18T14:11:28.680+0000] {logging_mixin.py:190} INFO - [2026-05-18T14:11:28.680+0000] {dag.py:4180} INFO - Setting next_dagrun for example_subdag_operator.section-1 to None, run_after=None
[2026-05-18T14:11:28.681+0000] {logging_mixin.py:190} INFO - [2026-05-18T14:11:28.681+0000] {dag.py:4180} INFO - Setting next_dagrun for example_subdag_operator.section-2 to None, run_after=None
[2026-05-18T14:11:28.696+0000] {processor.py:208} INFO - Processing /usr/local/python/3.12.1/lib/python3.12/site-packages/airflow/example_dags/example_subdag_operator.py took 0.128 seconds
[2026-05-18T14:12:16.591+0000] {processor.py:186} INFO - Started process (PID=22160) to work on /usr/local/python/3.12.1/lib/python3.12/site-packages/airflow/example_dags/example_subdag_operator.py
[2026-05-18T14:12:16.592+0000] {processor.py:914} INFO - Processing file /usr/local/python/3.12.1/lib/python3.12/site-packages/airflow/example_dags/example_subdag_operator.py for tasks to queue
[2026-05-18T14:12:16.594+0000] {logging_mixin.py:190} INFO - [2026-05-18T14:12:16.593+0000] {dagbag.py:588} INFO - Filling up the DagBag from /usr/local/python/3.12.1/lib/python3.12/site-packages/airflow/example_dags/example_subdag_operator.py
[2026-05-18T14:12:16.617+0000] {processor.py:925} INFO - DAG(s) 'example_subdag_operator.section-1', 'example_subdag_operator.section-2', 'example_subdag_operator' retrieved from /usr/local/python/3.12.1/lib/python3.12/site-packages/airflow/example_dags/example_subdag_operator.py
[2026-05-18T14:12:16.631+0000] {logging_mixin.py:190} INFO - [2026-05-18T14:12:16.631+0000] {dag.py:3239} INFO - Sync 3 DAGs
[2026-05-18T14:12:16.647+0000] {logging_mixin.py:190} INFO - [2026-05-18T14:12:16.646+0000] {dag.py:4180} INFO - Setting next_dagrun for example_subdag_operator to 2022-01-01 00:00:00+00:00, run_after=2022-01-01 00:00:00+00:00
[2026-05-18T14:12:16.650+0000] {logging_mixin.py:190} INFO - [2026-05-18T14:12:16.649+0000] {dag.py:4180} INFO - Setting next_dagrun for example_subdag_operator.section-1 to None, run_after=None
[2026-05-18T14:12:16.650+0000] {logging_mixin.py:190} INFO - [2026-05-18T14:12:16.650+0000] {dag.py:4180} INFO - Setting next_dagrun for example_subdag_operator.section-2 to None, run_after=None
[2026-05-18T14:12:16.655+0000] {logging_mixin.py:190} INFO - [2026-05-18T14:12:16.655+0000] {dag.py:3239} INFO - Sync 2 DAGs
[2026-05-18T14:12:16.658+0000] {logging_mixin.py:190} INFO - [2026-05-18T14:12:16.658+0000] {dag.py:4180} INFO - Setting next_dagrun for example_subdag_operator.section-1 to None, run_after=None
[2026-05-18T14:12:16.659+0000] {logging_mixin.py:190} INFO - [2026-05-18T14:12:16.658+0000] {dag.py:4180} INFO - Setting next_dagrun for example_subdag_operator.section-2 to None, run_after=None
[2026-05-18T14:12:16.670+0000] {processor.py:208} INFO - Processing /usr/local/python/3.12.1/lib/python3.12/site-packages/airflow/example_dags/example_subdag_operator.py took 0.083 seconds
[2026-05-18T14:13:05.816+0000] {processor.py:186} INFO - Started process (PID=22600) to work on /usr/local/python/3.12.1/lib/python3.12/site-packages/airflow/example_dags/example_subdag_operator.py
[2026-05-18T14:13:05.817+0000] {processor.py:914} INFO - Processing file /usr/local/python/3.12.1/lib/python3.12/site-packages/airflow/example_dags/example_subdag_operator.py for tasks to queue
[2026-05-18T14:13:05.819+0000] {logging_mixin.py:190} INFO - [2026-05-18T14:13:05.818+0000] {dagbag.py:588} INFO - Filling up the DagBag from /usr/local/python/3.12.1/lib/python3.12/site-packages/airflow/example_dags/example_subdag_operator.py
[2026-05-18T14:13:05.836+0000] {processor.py:925} INFO - DAG(s) 'example_subdag_operator.section-1', 'example_subdag_operator.section-2', 'example_subdag_operator' retrieved from /usr/local/python/3.12.1/lib/python3.12/site-packages/airflow/example_dags/example_subdag_operator.py
[2026-05-18T14:13:05.848+0000] {logging_mixin.py:190} INFO - [2026-05-18T14:13:05.848+0000] {dag.py:3239} INFO - Sync 3 DAGs
[2026-05-18T14:13:05.865+0000] {logging_mixin.py:190} INFO - [2026-05-18T14:13:05.864+0000] {dag.py:4180} INFO - Setting next_dagrun for example_subdag_operator to 2022-01-01 00:00:00+00:00, run_after=2022-01-01 00:00:00+00:00
[2026-05-18T14:13:05.868+0000] {logging_mixin.py:190} INFO - [2026-05-18T14:13:05.868+0000] {dag.py:4180} INFO - Setting next_dagrun for example_subdag_operator.section-1 to None, run_after=None
[2026-05-18T14:13:05.869+0000] {logging_mixin.py:190} INFO - [2026-05-18T14:13:05.868+0000] {dag.py:4180} INFO - Setting next_dagrun for example_subdag_operator.section-2 to None, run_after=None
[2026-05-18T14:13:05.873+0000] {logging_mixin.py:190} INFO - [2026-05-18T14:13:05.873+0000] {dag.py:3239} INFO - Sync 2 DAGs
[2026-05-18T14:13:05.876+0000] {logging_mixin.py:190} INFO - [2026-05-18T14:13:05.876+0000] {dag.py:4180} INFO - Setting next_dagrun for example_subdag_operator.section-1 to None, run_after=None
[2026-05-18T14:13:05.877+0000] {logging_mixin.py:190} INFO - [2026-05-18T14:13:05.877+0000] {dag.py:4180} INFO - Setting next_dagrun for example_subdag_operator.section-2 to None, run_after=None
[2026-05-18T14:13:05.890+0000] {processor.py:208} INFO - Processing /usr/local/python/3.12.1/lib/python3.12/site-packages/airflow/example_dags/example_subdag_operator.py took 0.078 seconds
[2026-05-18T14:13:53.127+0000] {processor.py:186} INFO - Started process (PID=23018) to work on /usr/local/python/3.12.1/lib/python3.12/site-packages/airflow/example_dags/example_subdag_operator.py
[2026-05-18T14:13:53.128+0000] {processor.py:914} INFO - Processing file /usr/local/python/3.12.1/lib/python3.12/site-packages/airflow/example_dags/example_subdag_operator.py for tasks to queue
[2026-05-18T14:13:53.130+0000] {logging_mixin.py:190} INFO - [2026-05-18T14:13:53.129+0000] {dagbag.py:588} INFO - Filling up the DagBag from /usr/local/python/3.12.1/lib/python3.12/site-packages/airflow/example_dags/example_subdag_operator.py
[2026-05-18T14:13:53.147+0000] {processor.py:925} INFO - DAG(s) 'example_subdag_operator.section-1', 'example_subdag_operator.section-2', 'example_subdag_operator' retrieved from /usr/local/python/3.12.1/lib/python3.12/site-packages/airflow/example_dags/example_subdag_operator.py
[2026-05-18T14:13:53.158+0000] {logging_mixin.py:190} INFO - [2026-05-18T14:13:53.158+0000] {dag.py:3239} INFO - Sync 3 DAGs
[2026-05-18T14:13:53.173+0000] {logging_mixin.py:190} INFO - [2026-05-18T14:13:53.173+0000] {dag.py:4180} INFO - Setting next_dagrun for example_subdag_operator to 2022-01-01 00:00:00+00:00, run_after=2022-01-01 00:00:00+00:00
[2026-05-18T14:13:53.176+0000] {logging_mixin.py:190} INFO - [2026-05-18T14:13:53.175+0000] {dag.py:4180} INFO - Setting next_dagrun for example_subdag_operator.section-1 to None, run_after=None
[2026-05-18T14:13:53.176+0000] {logging_mixin.py:190} INFO - [2026-05-18T14:13:53.176+0000] {dag.py:4180} INFO - Setting next_dagrun for example_subdag_operator.section-2 to None, run_after=None
[2026-05-18T14:13:53.182+0000] {logging_mixin.py:190} INFO - [2026-05-18T14:13:53.181+0000] {dag.py:3239} INFO - Sync 2 DAGs
[2026-05-18T14:13:53.184+0000] {logging_mixin.py:190} INFO - [2026-05-18T14:13:53.184+0000] {dag.py:4180} INFO - Setting next_dagrun for example_subdag_operator.section-1 to None, run_after=None
[2026-05-18T14:13:53.185+0000] {logging_mixin.py:190} INFO - [2026-05-18T14:13:53.184+0000] {dag.py:4180} INFO - Setting next_dagrun for example_subdag_operator.section-2 to None, run_after=None
[2026-05-18T14:13:53.195+0000] {processor.py:208} INFO - Processing /usr/local/python/3.12.1/lib/python3.12/site-packages/airflow/example_dags/example_subdag_operator.py took 0.072 seconds
[2026-05-18T14:14:39.529+0000] {processor.py:186} INFO - Started process (PID=23388) to work on /usr/local/python/3.12.1/lib/python3.12/site-packages/airflow/example_dags/example_subdag_operator.py
[2026-05-18T14:14:39.530+0000] {processor.py:914} INFO - Processing file /usr/local/python/3.12.1/lib/python3.12/site-packages/airflow/example_dags/example_subdag_operator.py for tasks to queue
[2026-05-18T14:14:39.532+0000] {logging_mixin.py:190} INFO - [2026-05-18T14:14:39.532+0000] {dagbag.py:588} INFO - Filling up the DagBag from /usr/local/python/3.12.1/lib/python3.12/site-packages/airflow/example_dags/example_subdag_operator.py
[2026-05-18T14:14:39.550+0000] {processor.py:925} INFO - DAG(s) 'example_subdag_operator.section-1', 'example_subdag_operator.section-2', 'example_subdag_operator' retrieved from /usr/local/python/3.12.1/lib/python3.12/site-packages/airflow/example_dags/example_subdag_operator.py
[2026-05-18T14:14:39.562+0000] {logging_mixin.py:190} INFO - [2026-05-18T14:14:39.562+0000] {dag.py:3239} INFO - Sync 3 DAGs
[2026-05-18T14:14:39.577+0000] {logging_mixin.py:190} INFO - [2026-05-18T14:14:39.577+0000] {dag.py:4180} INFO - Setting next_dagrun for example_subdag_operator to 2022-01-01 00:00:00+00:00, run_after=2022-01-01 00:00:00+00:00
[2026-05-18T14:14:39.580+0000] {logging_mixin.py:190} INFO - [2026-05-18T14:14:39.580+0000] {dag.py:4180} INFO - Setting next_dagrun for example_subdag_operator.section-1 to None, run_after=None
[2026-05-18T14:14:39.580+0000] {logging_mixin.py:190} INFO - [2026-05-18T14:14:39.580+0000] {dag.py:4180} INFO - Setting next_dagrun for example_subdag_operator.section-2 to None, run_after=None
[2026-05-18T14:14:39.585+0000] {logging_mixin.py:190} INFO - [2026-05-18T14:14:39.585+0000] {dag.py:3239} INFO - Sync 2 DAGs
[2026-05-18T14:14:39.588+0000] {logging_mixin.py:190} INFO - [2026-05-18T14:14:39.588+0000] {dag.py:4180} INFO - Setting next_dagrun for example_subdag_operator.section-1 to None, run_after=None
[2026-05-18T14:14:39.588+0000] {logging_mixin.py:190} INFO - [2026-05-18T14:14:39.588+0000] {dag.py:4180} INFO - Setting next_dagrun for example_subdag_operator.section-2 to None, run_after=None
[2026-05-18T14:14:39.599+0000] {processor.py:208} INFO - Processing /usr/local/python/3.12.1/lib/python3.12/site-packages/airflow/example_dags/example_subdag_operator.py took 0.073 seconds
[2026-05-18T14:15:30.344+0000] {processor.py:186} INFO - Started process (PID=23834) to work on /usr/local/python/3.12.1/lib/python3.12/site-packages/airflow/example_dags/example_subdag_operator.py
[2026-05-18T14:15:30.345+0000] {processor.py:914} INFO - Processing file /usr/local/python/3.12.1/lib/python3.12/site-packages/airflow/example_dags/example_subdag_operator.py for tasks to queue
[2026-05-18T14:15:30.347+0000] {logging_mixin.py:190} INFO - [2026-05-18T14:15:30.346+0000] {dagbag.py:588} INFO - Filling up the DagBag from /usr/local/python/3.12.1/lib/python3.12/site-packages/airflow/example_dags/example_subdag_operator.py
[2026-05-18T14:15:30.364+0000] {processor.py:925} INFO - DAG(s) 'example_subdag_operator.section-1', 'example_subdag_operator.section-2', 'example_subdag_operator' retrieved from /usr/local/python/3.12.1/lib/python3.12/site-packages/airflow/example_dags/example_subdag_operator.py
[2026-05-18T14:15:30.375+0000] {logging_mixin.py:190} INFO - [2026-05-18T14:15:30.375+0000] {dag.py:3239} INFO - Sync 3 DAGs
[2026-05-18T14:15:30.391+0000] {logging_mixin.py:190} INFO - [2026-05-18T14:15:30.391+0000] {dag.py:4180} INFO - Setting next_dagrun for example_subdag_operator to 2022-01-01 00:00:00+00:00, run_after=2022-01-01 00:00:00+00:00
[2026-05-18T14:15:30.394+0000] {logging_mixin.py:190} INFO - [2026-05-18T14:15:30.394+0000] {dag.py:4180} INFO - Setting next_dagrun for example_subdag_operator.section-1 to None, run_after=None
[2026-05-18T14:15:30.395+0000] {logging_mixin.py:190} INFO - [2026-05-18T14:15:30.395+0000] {dag.py:4180} INFO - Setting next_dagrun for example_subdag_operator.section-2 to None, run_after=None
[2026-05-18T14:15:30.399+0000] {logging_mixin.py:190} INFO - [2026-05-18T14:15:30.399+0000] {dag.py:3239} INFO - Sync 2 DAGs
[2026-05-18T14:15:30.402+0000] {logging_mixin.py:190} INFO - [2026-05-18T14:15:30.402+0000] {dag.py:4180} INFO - Setting next_dagrun for example_subdag_operator.section-1 to None, run_after=None
[2026-05-18T14:15:30.402+0000] {logging_mixin.py:190} INFO - [2026-05-18T14:15:30.402+0000] {dag.py:4180} INFO - Setting next_dagrun for example_subdag_operator.section-2 to None, run_after=None
[2026-05-18T14:15:30.413+0000] {processor.py:208} INFO - Processing /usr/local/python/3.12.1/lib/python3.12/site-packages/airflow/example_dags/example_subdag_operator.py took 0.073 seconds
[2026-05-18T14:16:19.507+0000] {processor.py:186} INFO - Started process (PID=24337) to work on /usr/local/python/3.12.1/lib/python3.12/site-packages/airflow/example_dags/example_subdag_operator.py
[2026-05-18T14:16:19.508+0000] {processor.py:914} INFO - Processing file /usr/local/python/3.12.1/lib/python3.12/site-packages/airflow/example_dags/example_subdag_operator.py for tasks to queue
[2026-05-18T14:16:19.510+0000] {logging_mixin.py:190} INFO - [2026-05-18T14:16:19.510+0000] {dagbag.py:588} INFO - Filling up the DagBag from /usr/local/python/3.12.1/lib/python3.12/site-packages/airflow/example_dags/example_subdag_operator.py
[2026-05-18T14:16:19.528+0000] {processor.py:925} INFO - DAG(s) 'example_subdag_operator.section-1', 'example_subdag_operator.section-2', 'example_subdag_operator' retrieved from /usr/local/python/3.12.1/lib/python3.12/site-packages/airflow/example_dags/example_subdag_operator.py
[2026-05-18T14:16:19.540+0000] {logging_mixin.py:190} INFO - [2026-05-18T14:16:19.539+0000] {dag.py:3239} INFO - Sync 3 DAGs
[2026-05-18T14:16:19.555+0000] {logging_mixin.py:190} INFO - [2026-05-18T14:16:19.554+0000] {dag.py:4180} INFO - Setting next_dagrun for example_subdag_operator to 2022-01-01 00:00:00+00:00, run_after=2022-01-01 00:00:00+00:00
[2026-05-18T14:16:19.557+0000] {logging_mixin.py:190} INFO - [2026-05-18T14:16:19.557+0000] {dag.py:4180} INFO - Setting next_dagrun for example_subdag_operator.section-1 to None, run_after=None
[2026-05-18T14:16:19.558+0000] {logging_mixin.py:190} INFO - [2026-05-18T14:16:19.558+0000] {dag.py:4180} INFO - Setting next_dagrun for example_subdag_operator.section-2 to None, run_after=None
[2026-05-18T14:16:19.563+0000] {logging_mixin.py:190} INFO - [2026-05-18T14:16:19.563+0000] {dag.py:3239} INFO - Sync 2 DAGs
[2026-05-18T14:16:19.566+0000] {logging_mixin.py:190} INFO - [2026-05-18T14:16:19.566+0000] {dag.py:4180} INFO - Setting next_dagrun for example_subdag_operator.section-1 to None, run_after=None
[2026-05-18T14:16:19.566+0000] {logging_mixin.py:190} INFO - [2026-05-18T14:16:19.566+0000] {dag.py:4180} INFO - Setting next_dagrun for example_subdag_operator.section-2 to None, run_after=None
[2026-05-18T14:16:19.577+0000] {processor.py:208} INFO - Processing /usr/local/python/3.12.1/lib/python3.12/site-packages/airflow/example_dags/example_subdag_operator.py took 0.074 seconds
[2026-05-18T14:17:10.283+0000] {processor.py:186} INFO - Started process (PID=24786) to work on /usr/local/python/3.12.1/lib/python3.12/site-packages/airflow/example_dags/example_subdag_operator.py
[2026-05-18T14:17:10.284+0000] {processor.py:914} INFO - Processing file /usr/local/python/3.12.1/lib/python3.12/site-packages/airflow/example_dags/example_subdag_operator.py for tasks to queue
[2026-05-18T14:17:10.288+0000] {logging_mixin.py:190} INFO - [2026-05-18T14:17:10.286+0000] {dagbag.py:588} INFO - Filling up the DagBag from /usr/local/python/3.12.1/lib/python3.12/site-packages/airflow/example_dags/example_subdag_operator.py
[2026-05-18T14:17:10.317+0000] {processor.py:925} INFO - DAG(s) 'example_subdag_operator.section-1', 'example_subdag_operator.section-2', 'example_subdag_operator' retrieved from /usr/local/python/3.12.1/lib/python3.12/site-packages/airflow/example_dags/example_subdag_operator.py
[2026-05-18T14:17:10.334+0000] {logging_mixin.py:190} INFO - [2026-05-18T14:17:10.334+0000] {dag.py:3239} INFO - Sync 3 DAGs
[2026-05-18T14:17:10.350+0000] {logging_mixin.py:190} INFO - [2026-05-18T14:17:10.349+0000] {dag.py:4180} INFO - Setting next_dagrun for example_subdag_operator to 2022-01-01 00:00:00+00:00, run_after=2022-01-01 00:00:00+00:00
[2026-05-18T14:17:10.352+0000] {logging_mixin.py:190} INFO - [2026-05-18T14:17:10.352+0000] {dag.py:4180} INFO - Setting next_dagrun for example_subdag_operator.section-1 to None, run_after=None
[2026-05-18T14:17:10.353+0000] {logging_mixin.py:190} INFO - [2026-05-18T14:17:10.353+0000] {dag.py:4180} INFO - Setting next_dagrun for example_subdag_operator.section-2 to None, run_after=None
[2026-05-18T14:17:10.358+0000] {logging_mixin.py:190} INFO - [2026-05-18T14:17:10.358+0000] {dag.py:3239} INFO - Sync 2 DAGs
[2026-05-18T14:17:10.361+0000] {logging_mixin.py:190} INFO - [2026-05-18T14:17:10.361+0000] {dag.py:4180} INFO - Setting next_dagrun for example_subdag_operator.section-1 to None, run_after=None
[2026-05-18T14:17:10.361+0000] {logging_mixin.py:190} INFO - [2026-05-18T14:17:10.361+0000] {dag.py:4180} INFO - Setting next_dagrun for example_subdag_operator.section-2 to None, run_after=None
[2026-05-18T14:17:10.373+0000] {processor.py:208} INFO - Processing /usr/local/python/3.12.1/lib/python3.12/site-packages/airflow/example_dags/example_subdag_operator.py took 0.094 seconds
[2026-05-18T14:17:58.976+0000] {processor.py:186} INFO - Started process (PID=25210) to work on /usr/local/python/3.12.1/lib/python3.12/site-packages/airflow/example_dags/example_subdag_operator.py
[2026-05-18T14:17:58.977+0000] {processor.py:914} INFO - Processing file /usr/local/python/3.12.1/lib/python3.12/site-packages/airflow/example_dags/example_subdag_operator.py for tasks to queue
[2026-05-18T14:17:58.979+0000] {logging_mixin.py:190} INFO - [2026-05-18T14:17:58.979+0000] {dagbag.py:588} INFO - Filling up the DagBag from /usr/local/python/3.12.1/lib/python3.12/site-packages/airflow/example_dags/example_subdag_operator.py
[2026-05-18T14:17:58.997+0000] {processor.py:925} INFO - DAG(s) 'example_subdag_operator.section-1', 'example_subdag_operator.section-2', 'example_subdag_operator' retrieved from /usr/local/python/3.12.1/lib/python3.12/site-packages/airflow/example_dags/example_subdag_operator.py
[2026-05-18T14:17:59.009+0000] {logging_mixin.py:190} INFO - [2026-05-18T14:17:59.008+0000] {dag.py:3239} INFO - Sync 3 DAGs
[2026-05-18T14:17:59.026+0000] {logging_mixin.py:190} INFO - [2026-05-18T14:17:59.025+0000] {dag.py:4180} INFO - Setting next_dagrun for example_subdag_operator to 2022-01-01 00:00:00+00:00, run_after=2022-01-01 00:00:00+00:00
[2026-05-18T14:17:59.029+0000] {logging_mixin.py:190} INFO - [2026-05-18T14:17:59.028+0000] {dag.py:4180} INFO - Setting next_dagrun for example_subdag_operator.section-1 to None, run_after=None
[2026-05-18T14:17:59.029+0000] {logging_mixin.py:190} INFO - [2026-05-18T14:17:59.029+0000] {dag.py:4180} INFO - Setting next_dagrun for example_subdag_operator.section-2 to None, run_after=None
[2026-05-18T14:17:59.035+0000] {logging_mixin.py:190} INFO - [2026-05-18T14:17:59.034+0000] {dag.py:3239} INFO - Sync 2 DAGs
[2026-05-18T14:17:59.038+0000] {logging_mixin.py:190} INFO - [2026-05-18T14:17:59.038+0000] {dag.py:4180} INFO - Setting next_dagrun for example_subdag_operator.section-1 to None, run_after=None
[2026-05-18T14:17:59.038+0000] {logging_mixin.py:190} INFO - [2026-05-18T14:17:59.038+0000] {dag.py:4180} INFO - Setting next_dagrun for example_subdag_operator.section-2 to None, run_after=None
[2026-05-18T14:17:59.050+0000] {processor.py:208} INFO - Processing /usr/local/python/3.12.1/lib/python3.12/site-packages/airflow/example_dags/example_subdag_operator.py took 0.078 seconds
[2026-05-18T14:18:47.863+0000] {processor.py:186} INFO - Started process (PID=25588) to work on /usr/local/python/3.12.1/lib/python3.12/site-packages/airflow/example_dags/example_subdag_operator.py
[2026-05-18T14:18:47.864+0000] {processor.py:914} INFO - Processing file /usr/local/python/3.12.1/lib/python3.12/site-packages/airflow/example_dags/example_subdag_operator.py for tasks to queue
[2026-05-18T14:18:47.866+0000] {logging_mixin.py:190} INFO - [2026-05-18T14:18:47.866+0000] {dagbag.py:588} INFO - Filling up the DagBag from /usr/local/python/3.12.1/lib/python3.12/site-packages/airflow/example_dags/example_subdag_operator.py
[2026-05-18T14:18:47.886+0000] {processor.py:925} INFO - DAG(s) 'example_subdag_operator.section-1', 'example_subdag_operator.section-2', 'example_subdag_operator' retrieved from /usr/local/python/3.12.1/lib/python3.12/site-packages/airflow/example_dags/example_subdag_operator.py
[2026-05-18T14:18:47.902+0000] {logging_mixin.py:190} INFO - [2026-05-18T14:18:47.902+0000] {dag.py:3239} INFO - Sync 3 DAGs
[2026-05-18T14:18:47.927+0000] {logging_mixin.py:190} INFO - [2026-05-18T14:18:47.927+0000] {dag.py:4180} INFO - Setting next_dagrun for example_subdag_operator to 2022-01-01 00:00:00+00:00, run_after=2022-01-01 00:00:00+00:00
[2026-05-18T14:18:47.937+0000] {logging_mixin.py:190} INFO - [2026-05-18T14:18:47.937+0000] {dag.py:4180} INFO - Setting next_dagrun for example_subdag_operator.section-1 to None, run_after=None
[2026-05-18T14:18:47.938+0000] {logging_mixin.py:190} INFO - [2026-05-18T14:18:47.938+0000] {dag.py:4180} INFO - Setting next_dagrun for example_subdag_operator.section-2 to None, run_after=None
[2026-05-18T14:18:48.115+0000] {logging_mixin.py:190} INFO - [2026-05-18T14:18:48.115+0000] {dag.py:3239} INFO - Sync 2 DAGs
[2026-05-18T14:18:48.119+0000] {logging_mixin.py:190} INFO - [2026-05-18T14:18:48.118+0000] {dag.py:4180} INFO - Setting next_dagrun for example_subdag_operator.section-1 to None, run_after=None
[2026-05-18T14:18:48.119+0000] {logging_mixin.py:190} INFO - [2026-05-18T14:18:48.119+0000] {dag.py:4180} INFO - Setting next_dagrun for example_subdag_operator.section-2 to None, run_after=None
[2026-05-18T14:18:48.130+0000] {processor.py:208} INFO - Processing /usr/local/python/3.12.1/lib/python3.12/site-packages/airflow/example_dags/example_subdag_operator.py took 0.271 seconds
[2026-05-18T14:19:36.938+0000] {processor.py:186} INFO - Started process (PID=26036) to work on /usr/local/python/3.12.1/lib/python3.12/site-packages/airflow/example_dags/example_subdag_operator.py
[2026-05-18T14:19:36.939+0000] {processor.py:914} INFO - Processing file /usr/local/python/3.12.1/lib/python3.12/site-packages/airflow/example_dags/example_subdag_operator.py for tasks to queue
[2026-05-18T14:19:36.941+0000] {logging_mixin.py:190} INFO - [2026-05-18T14:19:36.940+0000] {dagbag.py:588} INFO - Filling up the DagBag from /usr/local/python/3.12.1/lib/python3.12/site-packages/airflow/example_dags/example_subdag_operator.py
[2026-05-18T14:19:36.959+0000] {processor.py:925} INFO - DAG(s) 'example_subdag_operator.section-1', 'example_subdag_operator.section-2', 'example_subdag_operator' retrieved from /usr/local/python/3.12.1/lib/python3.12/site-packages/airflow/example_dags/example_subdag_operator.py
[2026-05-18T14:19:36.971+0000] {logging_mixin.py:190} INFO - [2026-05-18T14:19:36.971+0000] {dag.py:3239} INFO - Sync 3 DAGs
[2026-05-18T14:19:36.988+0000] {logging_mixin.py:190} INFO - [2026-05-18T14:19:36.988+0000] {dag.py:4180} INFO - Setting next_dagrun for example_subdag_operator to 2022-01-01 00:00:00+00:00, run_after=2022-01-01 00:00:00+00:00
[2026-05-18T14:19:36.991+0000] {logging_mixin.py:190} INFO - [2026-05-18T14:19:36.991+0000] {dag.py:4180} INFO - Setting next_dagrun for example_subdag_operator.section-1 to None, run_after=None
[2026-05-18T14:19:36.992+0000] {logging_mixin.py:190} INFO - [2026-05-18T14:19:36.992+0000] {dag.py:4180} INFO - Setting next_dagrun for example_subdag_operator.section-2 to None, run_after=None
[2026-05-18T14:19:36.997+0000] {logging_mixin.py:190} INFO - [2026-05-18T14:19:36.997+0000] {dag.py:3239} INFO - Sync 2 DAGs
[2026-05-18T14:19:37.000+0000] {logging_mixin.py:190} INFO - [2026-05-18T14:19:37.000+0000] {dag.py:4180} INFO - Setting next_dagrun for example_subdag_operator.section-1 to None, run_after=None
[2026-05-18T14:19:37.001+0000] {logging_mixin.py:190} INFO - [2026-05-18T14:19:37.001+0000] {dag.py:4180} INFO - Setting next_dagrun for example_subdag_operator.section-2 to None, run_after=None
[2026-05-18T14:19:37.013+0000] {processor.py:208} INFO - Processing /usr/local/python/3.12.1/lib/python3.12/site-packages/airflow/example_dags/example_subdag_operator.py took 0.079 seconds
[2026-05-18T14:20:27.774+0000] {processor.py:186} INFO - Started process (PID=26488) to work on /usr/local/python/3.12.1/lib/python3.12/site-packages/airflow/example_dags/example_subdag_operator.py
[2026-05-18T14:20:27.774+0000] {processor.py:914} INFO - Processing file /usr/local/python/3.12.1/lib/python3.12/site-packages/airflow/example_dags/example_subdag_operator.py for tasks to queue
[2026-05-18T14:20:27.777+0000] {logging_mixin.py:190} INFO - [2026-05-18T14:20:27.776+0000] {dagbag.py:588} INFO - Filling up the DagBag from /usr/local/python/3.12.1/lib/python3.12/site-packages/airflow/example_dags/example_subdag_operator.py
[2026-05-18T14:20:27.795+0000] {processor.py:925} INFO - DAG(s) 'example_subdag_operator.section-1', 'example_subdag_operator.section-2', 'example_subdag_operator' retrieved from /usr/local/python/3.12.1/lib/python3.12/site-packages/airflow/example_dags/example_subdag_operator.py
[2026-05-18T14:20:27.807+0000] {logging_mixin.py:190} INFO - [2026-05-18T14:20:27.807+0000] {dag.py:3239} INFO - Sync 3 DAGs
[2026-05-18T14:20:27.823+0000] {logging_mixin.py:190} INFO - [2026-05-18T14:20:27.823+0000] {dag.py:4180} INFO - Setting next_dagrun for example_subdag_operator to 2022-01-01 00:00:00+00:00, run_after=2022-01-01 00:00:00+00:00
[2026-05-18T14:20:27.826+0000] {logging_mixin.py:190} INFO - [2026-05-18T14:20:27.825+0000] {dag.py:4180} INFO - Setting next_dagrun for example_subdag_operator.section-1 to None, run_after=None
[2026-05-18T14:20:27.826+0000] {logging_mixin.py:190} INFO - [2026-05-18T14:20:27.826+0000] {dag.py:4180} INFO - Setting next_dagrun for example_subdag_operator.section-2 to None, run_after=None
[2026-05-18T14:20:27.831+0000] {logging_mixin.py:190} INFO - [2026-05-18T14:20:27.831+0000] {dag.py:3239} INFO - Sync 2 DAGs
[2026-05-18T14:20:27.835+0000] {logging_mixin.py:190} INFO - [2026-05-18T14:20:27.835+0000] {dag.py:4180} INFO - Setting next_dagrun for example_subdag_operator.section-1 to None, run_after=None
[2026-05-18T14:20:27.835+0000] {logging_mixin.py:190} INFO - [2026-05-18T14:20:27.835+0000] {dag.py:4180} INFO - Setting next_dagrun for example_subdag_operator.section-2 to None, run_after=None
[2026-05-18T14:20:27.847+0000] {processor.py:208} INFO - Processing /usr/local/python/3.12.1/lib/python3.12/site-packages/airflow/example_dags/example_subdag_operator.py took 0.078 seconds
[2026-05-18T14:21:20.900+0000] {processor.py:186} INFO - Started process (PID=27013) to work on /usr/local/python/3.12.1/lib/python3.12/site-packages/airflow/example_dags/example_subdag_operator.py
[2026-05-18T14:21:20.901+0000] {processor.py:914} INFO - Processing file /usr/local/python/3.12.1/lib/python3.12/site-packages/airflow/example_dags/example_subdag_operator.py for tasks to queue
[2026-05-18T14:21:20.902+0000] {logging_mixin.py:190} INFO - [2026-05-18T14:21:20.902+0000] {dagbag.py:588} INFO - Filling up the DagBag from /usr/local/python/3.12.1/lib/python3.12/site-packages/airflow/example_dags/example_subdag_operator.py
[2026-05-18T14:21:20.919+0000] {processor.py:925} INFO - DAG(s) 'example_subdag_operator.section-1', 'example_subdag_operator.section-2', 'example_subdag_operator' retrieved from /usr/local/python/3.12.1/lib/python3.12/site-packages/airflow/example_dags/example_subdag_operator.py
[2026-05-18T14:21:20.931+0000] {logging_mixin.py:190} INFO - [2026-05-18T14:21:20.931+0000] {dag.py:3239} INFO - Sync 3 DAGs
[2026-05-18T14:21:20.946+0000] {logging_mixin.py:190} INFO - [2026-05-18T14:21:20.946+0000] {dag.py:4180} INFO - Setting next_dagrun for example_subdag_operator to 2022-01-01 00:00:00+00:00, run_after=2022-01-01 00:00:00+00:00
[2026-05-18T14:21:21.062+0000] {logging_mixin.py:190} INFO - [2026-05-18T14:21:21.062+0000] {dag.py:4180} INFO - Setting next_dagrun for example_subdag_operator.section-1 to None, run_after=None
[2026-05-18T14:21:21.063+0000] {logging_mixin.py:190} INFO - [2026-05-18T14:21:21.063+0000] {dag.py:4180} INFO - Setting next_dagrun for example_subdag_operator.section-2 to None, run_after=None
[2026-05-18T14:21:21.067+0000] {logging_mixin.py:190} INFO - [2026-05-18T14:21:21.067+0000] {dag.py:3239} INFO - Sync 2 DAGs
[2026-05-18T14:21:21.070+0000] {logging_mixin.py:190} INFO - [2026-05-18T14:21:21.070+0000] {dag.py:4180} INFO - Setting next_dagrun for example_subdag_operator.section-1 to None, run_after=None
[2026-05-18T14:21:21.071+0000] {logging_mixin.py:190} INFO - [2026-05-18T14:21:21.071+0000] {dag.py:4180} INFO - Setting next_dagrun for example_subdag_operator.section-2 to None, run_after=None
[2026-05-18T14:21:21.083+0000] {processor.py:208} INFO - Processing /usr/local/python/3.12.1/lib/python3.12/site-packages/airflow/example_dags/example_subdag_operator.py took 0.187 seconds
[2026-05-18T14:22:15.460+0000] {processor.py:186} INFO - Started process (PID=27498) to work on /usr/local/python/3.12.1/lib/python3.12/site-packages/airflow/example_dags/example_subdag_operator.py
[2026-05-18T14:22:15.461+0000] {processor.py:914} INFO - Processing file /usr/local/python/3.12.1/lib/python3.12/site-packages/airflow/example_dags/example_subdag_operator.py for tasks to queue
[2026-05-18T14:22:15.463+0000] {logging_mixin.py:190} INFO - [2026-05-18T14:22:15.463+0000] {dagbag.py:588} INFO - Filling up the DagBag from /usr/local/python/3.12.1/lib/python3.12/site-packages/airflow/example_dags/example_subdag_operator.py
[2026-05-18T14:22:15.480+0000] {processor.py:925} INFO - DAG(s) 'example_subdag_operator.section-1', 'example_subdag_operator.section-2', 'example_subdag_operator' retrieved from /usr/local/python/3.12.1/lib/python3.12/site-packages/airflow/example_dags/example_subdag_operator.py
[2026-05-18T14:22:15.492+0000] {logging_mixin.py:190} INFO - [2026-05-18T14:22:15.491+0000] {dag.py:3239} INFO - Sync 3 DAGs
[2026-05-18T14:22:15.507+0000] {logging_mixin.py:190} INFO - [2026-05-18T14:22:15.507+0000] {dag.py:4180} INFO - Setting next_dagrun for example_subdag_operator to 2022-01-01 00:00:00+00:00, run_after=2022-01-01 00:00:00+00:00
[2026-05-18T14:22:15.510+0000] {logging_mixin.py:190} INFO - [2026-05-18T14:22:15.509+0000] {dag.py:4180} INFO - Setting next_dagrun for example_subdag_operator.section-1 to None, run_after=None
[2026-05-18T14:22:15.510+0000] {logging_mixin.py:190} INFO - [2026-05-18T14:22:15.510+0000] {dag.py:4180} INFO - Setting next_dagrun for example_subdag_operator.section-2 to None, run_after=None
[2026-05-18T14:22:15.515+0000] {logging_mixin.py:190} INFO - [2026-05-18T14:22:15.515+0000] {dag.py:3239} INFO - Sync 2 DAGs
[2026-05-18T14:22:15.518+0000] {logging_mixin.py:190} INFO - [2026-05-18T14:22:15.518+0000] {dag.py:4180} INFO - Setting next_dagrun for example_subdag_operator.section-1 to None, run_after=None
[2026-05-18T14:22:15.518+0000] {logging_mixin.py:190} INFO - [2026-05-18T14:22:15.518+0000] {dag.py:4180} INFO - Setting next_dagrun for example_subdag_operator.section-2 to None, run_after=None
[2026-05-18T14:22:15.529+0000] {processor.py:208} INFO - Processing /usr/local/python/3.12.1/lib/python3.12/site-packages/airflow/example_dags/example_subdag_operator.py took 0.073 seconds
[2026-05-18T14:23:10.693+0000] {processor.py:186} INFO - Started process (PID=27975) to work on /usr/local/python/3.12.1/lib/python3.12/site-packages/airflow/example_dags/example_subdag_operator.py
[2026-05-18T14:23:10.694+0000] {processor.py:914} INFO - Processing file /usr/local/python/3.12.1/lib/python3.12/site-packages/airflow/example_dags/example_subdag_operator.py for tasks to queue
[2026-05-18T14:23:10.696+0000] {logging_mixin.py:190} INFO - [2026-05-18T14:23:10.696+0000] {dagbag.py:588} INFO - Filling up the DagBag from /usr/local/python/3.12.1/lib/python3.12/site-packages/airflow/example_dags/example_subdag_operator.py
[2026-05-18T14:23:10.714+0000] {processor.py:925} INFO - DAG(s) 'example_subdag_operator.section-1', 'example_subdag_operator.section-2', 'example_subdag_operator' retrieved from /usr/local/python/3.12.1/lib/python3.12/site-packages/airflow/example_dags/example_subdag_operator.py
[2026-05-18T14:23:10.725+0000] {logging_mixin.py:190} INFO - [2026-05-18T14:23:10.725+0000] {dag.py:3239} INFO - Sync 3 DAGs
[2026-05-18T14:23:10.740+0000] {logging_mixin.py:190} INFO - [2026-05-18T14:23:10.740+0000] {dag.py:4180} INFO - Setting next_dagrun for example_subdag_operator to 2022-01-01 00:00:00+00:00, run_after=2022-01-01 00:00:00+00:00
[2026-05-18T14:23:10.743+0000] {logging_mixin.py:190} INFO - [2026-05-18T14:23:10.743+0000] {dag.py:4180} INFO - Setting next_dagrun for example_subdag_operator.section-1 to None, run_after=None
[2026-05-18T14:23:10.744+0000] {logging_mixin.py:190} INFO - [2026-05-18T14:23:10.744+0000] {dag.py:4180} INFO - Setting next_dagrun for example_subdag_operator.section-2 to None, run_after=None
[2026-05-18T14:23:10.749+0000] {logging_mixin.py:190} INFO - [2026-05-18T14:23:10.748+0000] {dag.py:3239} INFO - Sync 2 DAGs
[2026-05-18T14:23:10.751+0000] {logging_mixin.py:190} INFO - [2026-05-18T14:23:10.751+0000] {dag.py:4180} INFO - Setting next_dagrun for example_subdag_operator.section-1 to None, run_after=None
[2026-05-18T14:23:10.752+0000] {logging_mixin.py:190} INFO - [2026-05-18T14:23:10.752+0000] {dag.py:4180} INFO - Setting next_dagrun for example_subdag_operator.section-2 to None, run_after=None
[2026-05-18T14:23:10.762+0000] {processor.py:208} INFO - Processing /usr/local/python/3.12.1/lib/python3.12/site-packages/airflow/example_dags/example_subdag_operator.py took 0.073 seconds
[2026-05-18T14:24:06.804+0000] {processor.py:186} INFO - Started process (PID=28480) to work on /usr/local/python/3.12.1/lib/python3.12/site-packages/airflow/example_dags/example_subdag_operator.py
[2026-05-18T14:24:06.805+0000] {processor.py:914} INFO - Processing file /usr/local/python/3.12.1/lib/python3.12/site-packages/airflow/example_dags/example_subdag_operator.py for tasks to queue
[2026-05-18T14:24:06.807+0000] {logging_mixin.py:190} INFO - [2026-05-18T14:24:06.807+0000] {dagbag.py:588} INFO - Filling up the DagBag from /usr/local/python/3.12.1/lib/python3.12/site-packages/airflow/example_dags/example_subdag_operator.py
[2026-05-18T14:24:06.824+0000] {processor.py:925} INFO - DAG(s) 'example_subdag_operator.section-1', 'example_subdag_operator.section-2', 'example_subdag_operator' retrieved from /usr/local/python/3.12.1/lib/python3.12/site-packages/airflow/example_dags/example_subdag_operator.py
[2026-05-18T14:24:06.836+0000] {logging_mixin.py:190} INFO - [2026-05-18T14:24:06.836+0000] {dag.py:3239} INFO - Sync 3 DAGs
[2026-05-18T14:24:06.968+0000] {logging_mixin.py:190} INFO - [2026-05-18T14:24:06.968+0000] {dag.py:4180} INFO - Setting next_dagrun for example_subdag_operator to 2022-01-01 00:00:00+00:00, run_after=2022-01-01 00:00:00+00:00
[2026-05-18T14:24:06.971+0000] {logging_mixin.py:190} INFO - [2026-05-18T14:24:06.971+0000] {dag.py:4180} INFO - Setting next_dagrun for example_subdag_operator.section-1 to None, run_after=None
[2026-05-18T14:24:06.972+0000] {logging_mixin.py:190} INFO - [2026-05-18T14:24:06.972+0000] {dag.py:4180} INFO - Setting next_dagrun for example_subdag_operator.section-2 to None, run_after=None
[2026-05-18T14:24:06.978+0000] {logging_mixin.py:190} INFO - [2026-05-18T14:24:06.977+0000] {dag.py:3239} INFO - Sync 2 DAGs
[2026-05-18T14:24:06.981+0000] {logging_mixin.py:190} INFO - [2026-05-18T14:24:06.980+0000] {dag.py:4180} INFO - Setting next_dagrun for example_subdag_operator.section-1 to None, run_after=None
[2026-05-18T14:24:06.981+0000] {logging_mixin.py:190} INFO - [2026-05-18T14:24:06.981+0000] {dag.py:4180} INFO - Setting next_dagrun for example_subdag_operator.section-2 to None, run_after=None
[2026-05-18T14:24:06.992+0000] {processor.py:208} INFO - Processing /usr/local/python/3.12.1/lib/python3.12/site-packages/airflow/example_dags/example_subdag_operator.py took 0.191 seconds
[2026-05-18T14:25:04.945+0000] {processor.py:186} INFO - Started process (PID=28972) to work on /usr/local/python/3.12.1/lib/python3.12/site-packages/airflow/example_dags/example_subdag_operator.py
[2026-05-18T14:25:04.945+0000] {processor.py:914} INFO - Processing file /usr/local/python/3.12.1/lib/python3.12/site-packages/airflow/example_dags/example_subdag_operator.py for tasks to queue
[2026-05-18T14:25:04.947+0000] {logging_mixin.py:190} INFO - [2026-05-18T14:25:04.947+0000] {dagbag.py:588} INFO - Filling up the DagBag from /usr/local/python/3.12.1/lib/python3.12/site-packages/airflow/example_dags/example_subdag_operator.py
[2026-05-18T14:25:04.964+0000] {processor.py:925} INFO - DAG(s) 'example_subdag_operator.section-1', 'example_subdag_operator.section-2', 'example_subdag_operator' retrieved from /usr/local/python/3.12.1/lib/python3.12/site-packages/airflow/example_dags/example_subdag_operator.py
[2026-05-18T14:25:04.976+0000] {logging_mixin.py:190} INFO - [2026-05-18T14:25:04.976+0000] {dag.py:3239} INFO - Sync 3 DAGs
[2026-05-18T14:25:04.992+0000] {logging_mixin.py:190} INFO - [2026-05-18T14:25:04.992+0000] {dag.py:4180} INFO - Setting next_dagrun for example_subdag_operator to 2022-01-01 00:00:00+00:00, run_after=2022-01-01 00:00:00+00:00
[2026-05-18T14:25:04.995+0000] {logging_mixin.py:190} INFO - [2026-05-18T14:25:04.995+0000] {dag.py:4180} INFO - Setting next_dagrun for example_subdag_operator.section-1 to None, run_after=None
[2026-05-18T14:25:04.996+0000] {logging_mixin.py:190} INFO - [2026-05-18T14:25:04.996+0000] {dag.py:4180} INFO - Setting next_dagrun for example_subdag_operator.section-2 to None, run_after=None
[2026-05-18T14:25:05.000+0000] {logging_mixin.py:190} INFO - [2026-05-18T14:25:05.000+0000] {dag.py:3239} INFO - Sync 2 DAGs
[2026-05-18T14:25:05.003+0000] {logging_mixin.py:190} INFO - [2026-05-18T14:25:05.003+0000] {dag.py:4180} INFO - Setting next_dagrun for example_subdag_operator.section-1 to None, run_after=None
[2026-05-18T14:25:05.004+0000] {logging_mixin.py:190} INFO - [2026-05-18T14:25:05.004+0000] {dag.py:4180} INFO - Setting next_dagrun for example_subdag_operator.section-2 to None, run_after=None
[2026-05-18T14:25:05.015+0000] {processor.py:208} INFO - Processing /usr/local/python/3.12.1/lib/python3.12/site-packages/airflow/example_dags/example_subdag_operator.py took 0.074 seconds
[2026-05-18T14:25:56.101+0000] {processor.py:186} INFO - Started process (PID=29484) to work on /usr/local/python/3.12.1/lib/python3.12/site-packages/airflow/example_dags/example_subdag_operator.py
[2026-05-18T14:25:56.101+0000] {processor.py:914} INFO - Processing file /usr/local/python/3.12.1/lib/python3.12/site-packages/airflow/example_dags/example_subdag_operator.py for tasks to queue
[2026-05-18T14:25:56.103+0000] {logging_mixin.py:190} INFO - [2026-05-18T14:25:56.103+0000] {dagbag.py:588} INFO - Filling up the DagBag from /usr/local/python/3.12.1/lib/python3.12/site-packages/airflow/example_dags/example_subdag_operator.py
[2026-05-18T14:25:56.120+0000] {processor.py:925} INFO - DAG(s) 'example_subdag_operator.section-1', 'example_subdag_operator.section-2', 'example_subdag_operator' retrieved from /usr/local/python/3.12.1/lib/python3.12/site-packages/airflow/example_dags/example_subdag_operator.py
[2026-05-18T14:25:56.139+0000] {logging_mixin.py:190} INFO - [2026-05-18T14:25:56.139+0000] {dag.py:3239} INFO - Sync 3 DAGs
[2026-05-18T14:25:56.155+0000] {logging_mixin.py:190} INFO - [2026-05-18T14:25:56.154+0000] {dag.py:4180} INFO - Setting next_dagrun for example_subdag_operator to 2022-01-01 00:00:00+00:00, run_after=2022-01-01 00:00:00+00:00
[2026-05-18T14:25:56.157+0000] {logging_mixin.py:190} INFO - [2026-05-18T14:25:56.157+0000] {dag.py:4180} INFO - Setting next_dagrun for example_subdag_operator.section-1 to None, run_after=None
[2026-05-18T14:25:56.158+0000] {logging_mixin.py:190} INFO - [2026-05-18T14:25:56.158+0000] {dag.py:4180} INFO - Setting next_dagrun for example_subdag_operator.section-2 to None, run_after=None
[2026-05-18T14:25:56.163+0000] {logging_mixin.py:190} INFO - [2026-05-18T14:25:56.162+0000] {dag.py:3239} INFO - Sync 2 DAGs
[2026-05-18T14:25:56.165+0000] {logging_mixin.py:190} INFO - [2026-05-18T14:25:56.165+0000] {dag.py:4180} INFO - Setting next_dagrun for example_subdag_operator.section-1 to None, run_after=None
[2026-05-18T14:25:56.166+0000] {logging_mixin.py:190} INFO - [2026-05-18T14:25:56.166+0000] {dag.py:4180} INFO - Setting next_dagrun for example_subdag_operator.section-2 to None, run_after=None
[2026-05-18T14:25:56.176+0000] {processor.py:208} INFO - Processing /usr/local/python/3.12.1/lib/python3.12/site-packages/airflow/example_dags/example_subdag_operator.py took 0.080 seconds
[2026-05-18T14:26:46.657+0000] {processor.py:186} INFO - Started process (PID=29879) to work on /usr/local/python/3.12.1/lib/python3.12/site-packages/airflow/example_dags/example_subdag_operator.py
[2026-05-18T14:26:46.658+0000] {processor.py:914} INFO - Processing file /usr/local/python/3.12.1/lib/python3.12/site-packages/airflow/example_dags/example_subdag_operator.py for tasks to queue
[2026-05-18T14:26:46.660+0000] {logging_mixin.py:190} INFO - [2026-05-18T14:26:46.659+0000] {dagbag.py:588} INFO - Filling up the DagBag from /usr/local/python/3.12.1/lib/python3.12/site-packages/airflow/example_dags/example_subdag_operator.py
[2026-05-18T14:26:46.677+0000] {processor.py:925} INFO - DAG(s) 'example_subdag_operator.section-1', 'example_subdag_operator.section-2', 'example_subdag_operator' retrieved from /usr/local/python/3.12.1/lib/python3.12/site-packages/airflow/example_dags/example_subdag_operator.py
[2026-05-18T14:26:46.692+0000] {logging_mixin.py:190} INFO - [2026-05-18T14:26:46.692+0000] {dag.py:3239} INFO - Sync 3 DAGs
[2026-05-18T14:26:46.716+0000] {logging_mixin.py:190} INFO - [2026-05-18T14:26:46.716+0000] {dag.py:4180} INFO - Setting next_dagrun for example_subdag_operator to 2022-01-01 00:00:00+00:00, run_after=2022-01-01 00:00:00+00:00
[2026-05-18T14:26:46.719+0000] {logging_mixin.py:190} INFO - [2026-05-18T14:26:46.719+0000] {dag.py:4180} INFO - Setting next_dagrun for example_subdag_operator.section-1 to None, run_after=None
[2026-05-18T14:26:46.720+0000] {logging_mixin.py:190} INFO - [2026-05-18T14:26:46.719+0000] {dag.py:4180} INFO - Setting next_dagrun for example_subdag_operator.section-2 to None, run_after=None
[2026-05-18T14:26:46.724+0000] {logging_mixin.py:190} INFO - [2026-05-18T14:26:46.724+0000] {dag.py:3239} INFO - Sync 2 DAGs
[2026-05-18T14:26:46.727+0000] {logging_mixin.py:190} INFO - [2026-05-18T14:26:46.727+0000] {dag.py:4180} INFO - Setting next_dagrun for example_subdag_operator.section-1 to None, run_after=None
[2026-05-18T14:26:46.727+0000] {logging_mixin.py:190} INFO - [2026-05-18T14:26:46.727+0000] {dag.py:4180} INFO - Setting next_dagrun for example_subdag_operator.section-2 to None, run_after=None
[2026-05-18T14:26:46.740+0000] {processor.py:208} INFO - Processing /usr/local/python/3.12.1/lib/python3.12/site-packages/airflow/example_dags/example_subdag_operator.py took 0.086 seconds
[2026-05-18T14:27:33.174+0000] {processor.py:186} INFO - Started process (PID=30300) to work on /usr/local/python/3.12.1/lib/python3.12/site-packages/airflow/example_dags/example_subdag_operator.py
[2026-05-18T14:27:33.174+0000] {processor.py:914} INFO - Processing file /usr/local/python/3.12.1/lib/python3.12/site-packages/airflow/example_dags/example_subdag_operator.py for tasks to queue
[2026-05-18T14:27:33.176+0000] {logging_mixin.py:190} INFO - [2026-05-18T14:27:33.176+0000] {dagbag.py:588} INFO - Filling up the DagBag from /usr/local/python/3.12.1/lib/python3.12/site-packages/airflow/example_dags/example_subdag_operator.py
[2026-05-18T14:27:33.195+0000] {processor.py:925} INFO - DAG(s) 'example_subdag_operator.section-1', 'example_subdag_operator.section-2', 'example_subdag_operator' retrieved from /usr/local/python/3.12.1/lib/python3.12/site-packages/airflow/example_dags/example_subdag_operator.py
[2026-05-18T14:27:33.208+0000] {logging_mixin.py:190} INFO - [2026-05-18T14:27:33.207+0000] {dag.py:3239} INFO - Sync 3 DAGs
[2026-05-18T14:27:33.223+0000] {logging_mixin.py:190} INFO - [2026-05-18T14:27:33.223+0000] {dag.py:4180} INFO - Setting next_dagrun for example_subdag_operator to 2022-01-01 00:00:00+00:00, run_after=2022-01-01 00:00:00+00:00
[2026-05-18T14:27:33.227+0000] {logging_mixin.py:190} INFO - [2026-05-18T14:27:33.227+0000] {dag.py:4180} INFO - Setting next_dagrun for example_subdag_operator.section-1 to None, run_after=None
[2026-05-18T14:27:33.228+0000] {logging_mixin.py:190} INFO - [2026-05-18T14:27:33.227+0000] {dag.py:4180} INFO - Setting next_dagrun for example_subdag_operator.section-2 to None, run_after=None
[2026-05-18T14:27:33.232+0000] {logging_mixin.py:190} INFO - [2026-05-18T14:27:33.232+0000] {dag.py:3239} INFO - Sync 2 DAGs
[2026-05-18T14:27:33.236+0000] {logging_mixin.py:190} INFO - [2026-05-18T14:27:33.236+0000] {dag.py:4180} INFO - Setting next_dagrun for example_subdag_operator.section-1 to None, run_after=None
[2026-05-18T14:27:33.236+0000] {logging_mixin.py:190} INFO - [2026-05-18T14:27:33.236+0000] {dag.py:4180} INFO - Setting next_dagrun for example_subdag_operator.section-2 to None, run_after=None
[2026-05-18T14:27:33.248+0000] {processor.py:208} INFO - Processing /usr/local/python/3.12.1/lib/python3.12/site-packages/airflow/example_dags/example_subdag_operator.py took 0.078 seconds
[2026-05-18T14:28:23.083+0000] {processor.py:186} INFO - Started process (PID=30744) to work on /usr/local/python/3.12.1/lib/python3.12/site-packages/airflow/example_dags/example_subdag_operator.py
[2026-05-18T14:28:23.084+0000] {processor.py:914} INFO - Processing file /usr/local/python/3.12.1/lib/python3.12/site-packages/airflow/example_dags/example_subdag_operator.py for tasks to queue
[2026-05-18T14:28:23.086+0000] {logging_mixin.py:190} INFO - [2026-05-18T14:28:23.086+0000] {dagbag.py:588} INFO - Filling up the DagBag from /usr/local/python/3.12.1/lib/python3.12/site-packages/airflow/example_dags/example_subdag_operator.py
[2026-05-18T14:28:23.103+0000] {processor.py:925} INFO - DAG(s) 'example_subdag_operator.section-1', 'example_subdag_operator.section-2', 'example_subdag_operator' retrieved from /usr/local/python/3.12.1/lib/python3.12/site-packages/airflow/example_dags/example_subdag_operator.py
[2026-05-18T14:28:23.114+0000] {logging_mixin.py:190} INFO - [2026-05-18T14:28:23.114+0000] {dag.py:3239} INFO - Sync 3 DAGs
[2026-05-18T14:28:23.130+0000] {logging_mixin.py:190} INFO - [2026-05-18T14:28:23.129+0000] {dag.py:4180} INFO - Setting next_dagrun for example_subdag_operator to 2022-01-01 00:00:00+00:00, run_after=2022-01-01 00:00:00+00:00
[2026-05-18T14:28:23.132+0000] {logging_mixin.py:190} INFO - [2026-05-18T14:28:23.132+0000] {dag.py:4180} INFO - Setting next_dagrun for example_subdag_operator.section-1 to None, run_after=None
[2026-05-18T14:28:23.133+0000] {logging_mixin.py:190} INFO - [2026-05-18T14:28:23.133+0000] {dag.py:4180} INFO - Setting next_dagrun for example_subdag_operator.section-2 to None, run_after=None
[2026-05-18T14:28:23.137+0000] {logging_mixin.py:190} INFO - [2026-05-18T14:28:23.137+0000] {dag.py:3239} INFO - Sync 2 DAGs
[2026-05-18T14:28:23.140+0000] {logging_mixin.py:190} INFO - [2026-05-18T14:28:23.140+0000] {dag.py:4180} INFO - Setting next_dagrun for example_subdag_operator.section-1 to None, run_after=None
[2026-05-18T14:28:23.140+0000] {logging_mixin.py:190} INFO - [2026-05-18T14:28:23.140+0000] {dag.py:4180} INFO - Setting next_dagrun for example_subdag_operator.section-2 to None, run_after=None
[2026-05-18T14:28:23.151+0000] {processor.py:208} INFO - Processing /usr/local/python/3.12.1/lib/python3.12/site-packages/airflow/example_dags/example_subdag_operator.py took 0.071 seconds
[2026-05-18T14:29:09.785+0000] {processor.py:186} INFO - Started process (PID=31158) to work on /usr/local/python/3.12.1/lib/python3.12/site-packages/airflow/example_dags/example_subdag_operator.py
[2026-05-18T14:29:09.786+0000] {processor.py:914} INFO - Processing file /usr/local/python/3.12.1/lib/python3.12/site-packages/airflow/example_dags/example_subdag_operator.py for tasks to queue
[2026-05-18T14:29:09.788+0000] {logging_mixin.py:190} INFO - [2026-05-18T14:29:09.788+0000] {dagbag.py:588} INFO - Filling up the DagBag from /usr/local/python/3.12.1/lib/python3.12/site-packages/airflow/example_dags/example_subdag_operator.py
[2026-05-18T14:29:09.805+0000] {processor.py:925} INFO - DAG(s) 'example_subdag_operator.section-1', 'example_subdag_operator.section-2', 'example_subdag_operator' retrieved from /usr/local/python/3.12.1/lib/python3.12/site-packages/airflow/example_dags/example_subdag_operator.py
[2026-05-18T14:29:09.817+0000] {logging_mixin.py:190} INFO - [2026-05-18T14:29:09.816+0000] {dag.py:3239} INFO - Sync 3 DAGs
[2026-05-18T14:29:09.832+0000] {logging_mixin.py:190} INFO - [2026-05-18T14:29:09.832+0000] {dag.py:4180} INFO - Setting next_dagrun for example_subdag_operator to 2022-01-01 00:00:00+00:00, run_after=2022-01-01 00:00:00+00:00
[2026-05-18T14:29:09.835+0000] {logging_mixin.py:190} INFO - [2026-05-18T14:29:09.834+0000] {dag.py:4180} INFO - Setting next_dagrun for example_subdag_operator.section-1 to None, run_after=None
[2026-05-18T14:29:09.835+0000] {logging_mixin.py:190} INFO - [2026-05-18T14:29:09.835+0000] {dag.py:4180} INFO - Setting next_dagrun for example_subdag_operator.section-2 to None, run_after=None
[2026-05-18T14:29:09.840+0000] {logging_mixin.py:190} INFO - [2026-05-18T14:29:09.840+0000] {dag.py:3239} INFO - Sync 2 DAGs
[2026-05-18T14:29:09.842+0000] {logging_mixin.py:190} INFO - [2026-05-18T14:29:09.842+0000] {dag.py:4180} INFO - Setting next_dagrun for example_subdag_operator.section-1 to None, run_after=None
[2026-05-18T14:29:09.843+0000] {logging_mixin.py:190} INFO - [2026-05-18T14:29:09.843+0000] {dag.py:4180} INFO - Setting next_dagrun for example_subdag_operator.section-2 to None, run_after=None
[2026-05-18T14:29:09.854+0000] {processor.py:208} INFO - Processing /usr/local/python/3.12.1/lib/python3.12/site-packages/airflow/example_dags/example_subdag_operator.py took 0.073 seconds
[2026-05-18T14:30:00.578+0000] {processor.py:186} INFO - Started process (PID=31603) to work on /usr/local/python/3.12.1/lib/python3.12/site-packages/airflow/example_dags/example_subdag_operator.py
[2026-05-18T14:30:00.579+0000] {processor.py:914} INFO - Processing file /usr/local/python/3.12.1/lib/python3.12/site-packages/airflow/example_dags/example_subdag_operator.py for tasks to queue
[2026-05-18T14:30:00.582+0000] {logging_mixin.py:190} INFO - [2026-05-18T14:30:00.582+0000] {dagbag.py:588} INFO - Filling up the DagBag from /usr/local/python/3.12.1/lib/python3.12/site-packages/airflow/example_dags/example_subdag_operator.py
[2026-05-18T14:30:00.601+0000] {processor.py:925} INFO - DAG(s) 'example_subdag_operator.section-1', 'example_subdag_operator.section-2', 'example_subdag_operator' retrieved from /usr/local/python/3.12.1/lib/python3.12/site-packages/airflow/example_dags/example_subdag_operator.py
[2026-05-18T14:30:00.612+0000] {logging_mixin.py:190} INFO - [2026-05-18T14:30:00.612+0000] {dag.py:3239} INFO - Sync 3 DAGs
[2026-05-18T14:30:00.628+0000] {logging_mixin.py:190} INFO - [2026-05-18T14:30:00.627+0000] {dag.py:4180} INFO - Setting next_dagrun for example_subdag_operator to 2022-01-01 00:00:00+00:00, run_after=2022-01-01 00:00:00+00:00
[2026-05-18T14:30:00.630+0000] {logging_mixin.py:190} INFO - [2026-05-18T14:30:00.630+0000] {dag.py:4180} INFO - Setting next_dagrun for example_subdag_operator.section-1 to None, run_after=None
[2026-05-18T14:30:00.631+0000] {logging_mixin.py:190} INFO - [2026-05-18T14:30:00.631+0000] {dag.py:4180} INFO - Setting next_dagrun for example_subdag_operator.section-2 to None, run_after=None
[2026-05-18T14:30:00.637+0000] {logging_mixin.py:190} INFO - [2026-05-18T14:30:00.636+0000] {dag.py:3239} INFO - Sync 2 DAGs
[2026-05-18T14:30:00.639+0000] {logging_mixin.py:190} INFO - [2026-05-18T14:30:00.639+0000] {dag.py:4180} INFO - Setting next_dagrun for example_subdag_operator.section-1 to None, run_after=None
[2026-05-18T14:30:00.640+0000] {logging_mixin.py:190} INFO - [2026-05-18T14:30:00.640+0000] {dag.py:4180} INFO - Setting next_dagrun for example_subdag_operator.section-2 to None, run_after=None
[2026-05-18T14:30:00.650+0000] {processor.py:208} INFO - Processing /usr/local/python/3.12.1/lib/python3.12/site-packages/airflow/example_dags/example_subdag_operator.py took 0.078 seconds
[2026-05-18T14:30:50.309+0000] {processor.py:186} INFO - Started process (PID=32049) to work on /usr/local/python/3.12.1/lib/python3.12/site-packages/airflow/example_dags/example_subdag_operator.py
[2026-05-18T14:30:50.310+0000] {processor.py:914} INFO - Processing file /usr/local/python/3.12.1/lib/python3.12/site-packages/airflow/example_dags/example_subdag_operator.py for tasks to queue
[2026-05-18T14:30:50.312+0000] {logging_mixin.py:190} INFO - [2026-05-18T14:30:50.312+0000] {dagbag.py:588} INFO - Filling up the DagBag from /usr/local/python/3.12.1/lib/python3.12/site-packages/airflow/example_dags/example_subdag_operator.py
[2026-05-18T14:30:50.338+0000] {processor.py:925} INFO - DAG(s) 'example_subdag_operator.section-1', 'example_subdag_operator.section-2', 'example_subdag_operator' retrieved from /usr/local/python/3.12.1/lib/python3.12/site-packages/airflow/example_dags/example_subdag_operator.py
[2026-05-18T14:30:50.350+0000] {logging_mixin.py:190} INFO - [2026-05-18T14:30:50.349+0000] {dag.py:3239} INFO - Sync 3 DAGs
[2026-05-18T14:30:50.367+0000] {logging_mixin.py:190} INFO - [2026-05-18T14:30:50.366+0000] {dag.py:4180} INFO - Setting next_dagrun for example_subdag_operator to 2022-01-01 00:00:00+00:00, run_after=2022-01-01 00:00:00+00:00
[2026-05-18T14:30:50.370+0000] {logging_mixin.py:190} INFO - [2026-05-18T14:30:50.370+0000] {dag.py:4180} INFO - Setting next_dagrun for example_subdag_operator.section-1 to None, run_after=None
[2026-05-18T14:30:50.371+0000] {logging_mixin.py:190} INFO - [2026-05-18T14:30:50.371+0000] {dag.py:4180} INFO - Setting next_dagrun for example_subdag_operator.section-2 to None, run_after=None
[2026-05-18T14:30:50.375+0000] {logging_mixin.py:190} INFO - [2026-05-18T14:30:50.375+0000] {dag.py:3239} INFO - Sync 2 DAGs
[2026-05-18T14:30:50.378+0000] {logging_mixin.py:190} INFO - [2026-05-18T14:30:50.378+0000] {dag.py:4180} INFO - Setting next_dagrun for example_subdag_operator.section-1 to None, run_after=None
[2026-05-18T14:30:50.379+0000] {logging_mixin.py:190} INFO - [2026-05-18T14:30:50.379+0000] {dag.py:4180} INFO - Setting next_dagrun for example_subdag_operator.section-2 to None, run_after=None
[2026-05-18T14:30:50.392+0000] {processor.py:208} INFO - Processing /usr/local/python/3.12.1/lib/python3.12/site-packages/airflow/example_dags/example_subdag_operator.py took 0.089 seconds
[2026-05-18T14:31:37.832+0000] {processor.py:186} INFO - Started process (PID=32480) to work on /usr/local/python/3.12.1/lib/python3.12/site-packages/airflow/example_dags/example_subdag_operator.py
[2026-05-18T14:31:37.833+0000] {processor.py:914} INFO - Processing file /usr/local/python/3.12.1/lib/python3.12/site-packages/airflow/example_dags/example_subdag_operator.py for tasks to queue
[2026-05-18T14:31:37.835+0000] {logging_mixin.py:190} INFO - [2026-05-18T14:31:37.835+0000] {dagbag.py:588} INFO - Filling up the DagBag from /usr/local/python/3.12.1/lib/python3.12/site-packages/airflow/example_dags/example_subdag_operator.py
[2026-05-18T14:31:37.853+0000] {processor.py:925} INFO - DAG(s) 'example_subdag_operator.section-1', 'example_subdag_operator.section-2', 'example_subdag_operator' retrieved from /usr/local/python/3.12.1/lib/python3.12/site-packages/airflow/example_dags/example_subdag_operator.py
[2026-05-18T14:31:37.865+0000] {logging_mixin.py:190} INFO - [2026-05-18T14:31:37.865+0000] {dag.py:3239} INFO - Sync 3 DAGs
[2026-05-18T14:31:37.881+0000] {logging_mixin.py:190} INFO - [2026-05-18T14:31:37.881+0000] {dag.py:4180} INFO - Setting next_dagrun for example_subdag_operator to 2022-01-01 00:00:00+00:00, run_after=2022-01-01 00:00:00+00:00
[2026-05-18T14:31:37.884+0000] {logging_mixin.py:190} INFO - [2026-05-18T14:31:37.884+0000] {dag.py:4180} INFO - Setting next_dagrun for example_subdag_operator.section-1 to None, run_after=None
[2026-05-18T14:31:37.885+0000] {logging_mixin.py:190} INFO - [2026-05-18T14:31:37.885+0000] {dag.py:4180} INFO - Setting next_dagrun for example_subdag_operator.section-2 to None, run_after=None
[2026-05-18T14:31:37.889+0000] {logging_mixin.py:190} INFO - [2026-05-18T14:31:37.889+0000] {dag.py:3239} INFO - Sync 2 DAGs
[2026-05-18T14:31:37.892+0000] {logging_mixin.py:190} INFO - [2026-05-18T14:31:37.892+0000] {dag.py:4180} INFO - Setting next_dagrun for example_subdag_operator.section-1 to None, run_after=None
[2026-05-18T14:31:37.893+0000] {logging_mixin.py:190} INFO - [2026-05-18T14:31:37.893+0000] {dag.py:4180} INFO - Setting next_dagrun for example_subdag_operator.section-2 to None, run_after=None
[2026-05-18T14:31:37.904+0000] {processor.py:208} INFO - Processing /usr/local/python/3.12.1/lib/python3.12/site-packages/airflow/example_dags/example_subdag_operator.py took 0.076 seconds
[2026-05-18T14:32:27.986+0000] {processor.py:186} INFO - Started process (PID=32929) to work on /usr/local/python/3.12.1/lib/python3.12/site-packages/airflow/example_dags/example_subdag_operator.py
[2026-05-18T14:32:27.987+0000] {processor.py:914} INFO - Processing file /usr/local/python/3.12.1/lib/python3.12/site-packages/airflow/example_dags/example_subdag_operator.py for tasks to queue
[2026-05-18T14:32:27.989+0000] {logging_mixin.py:190} INFO - [2026-05-18T14:32:27.989+0000] {dagbag.py:588} INFO - Filling up the DagBag from /usr/local/python/3.12.1/lib/python3.12/site-packages/airflow/example_dags/example_subdag_operator.py
[2026-05-18T14:32:28.006+0000] {processor.py:925} INFO - DAG(s) 'example_subdag_operator.section-1', 'example_subdag_operator.section-2', 'example_subdag_operator' retrieved from /usr/local/python/3.12.1/lib/python3.12/site-packages/airflow/example_dags/example_subdag_operator.py
[2026-05-18T14:32:28.017+0000] {logging_mixin.py:190} INFO - [2026-05-18T14:32:28.017+0000] {dag.py:3239} INFO - Sync 3 DAGs
[2026-05-18T14:32:28.032+0000] {logging_mixin.py:190} INFO - [2026-05-18T14:32:28.032+0000] {dag.py:4180} INFO - Setting next_dagrun for example_subdag_operator to 2022-01-01 00:00:00+00:00, run_after=2022-01-01 00:00:00+00:00
[2026-05-18T14:32:28.035+0000] {logging_mixin.py:190} INFO - [2026-05-18T14:32:28.035+0000] {dag.py:4180} INFO - Setting next_dagrun for example_subdag_operator.section-1 to None, run_after=None
[2026-05-18T14:32:28.036+0000] {logging_mixin.py:190} INFO - [2026-05-18T14:32:28.035+0000] {dag.py:4180} INFO - Setting next_dagrun for example_subdag_operator.section-2 to None, run_after=None
[2026-05-18T14:32:28.041+0000] {logging_mixin.py:190} INFO - [2026-05-18T14:32:28.040+0000] {dag.py:3239} INFO - Sync 2 DAGs
[2026-05-18T14:32:28.043+0000] {logging_mixin.py:190} INFO - [2026-05-18T14:32:28.043+0000] {dag.py:4180} INFO - Setting next_dagrun for example_subdag_operator.section-1 to None, run_after=None
[2026-05-18T14:32:28.044+0000] {logging_mixin.py:190} INFO - [2026-05-18T14:32:28.043+0000] {dag.py:4180} INFO - Setting next_dagrun for example_subdag_operator.section-2 to None, run_after=None
[2026-05-18T14:32:28.054+0000] {processor.py:208} INFO - Processing /usr/local/python/3.12.1/lib/python3.12/site-packages/airflow/example_dags/example_subdag_operator.py took 0.071 seconds
[2026-05-18T14:33:19.187+0000] {processor.py:186} INFO - Started process (PID=33385) to work on /usr/local/python/3.12.1/lib/python3.12/site-packages/airflow/example_dags/example_subdag_operator.py
[2026-05-18T14:33:19.187+0000] {processor.py:914} INFO - Processing file /usr/local/python/3.12.1/lib/python3.12/site-packages/airflow/example_dags/example_subdag_operator.py for tasks to queue
[2026-05-18T14:33:19.189+0000] {logging_mixin.py:190} INFO - [2026-05-18T14:33:19.189+0000] {dagbag.py:588} INFO - Filling up the DagBag from /usr/local/python/3.12.1/lib/python3.12/site-packages/airflow/example_dags/example_subdag_operator.py
[2026-05-18T14:33:19.208+0000] {processor.py:925} INFO - DAG(s) 'example_subdag_operator.section-1', 'example_subdag_operator.section-2', 'example_subdag_operator' retrieved from /usr/local/python/3.12.1/lib/python3.12/site-packages/airflow/example_dags/example_subdag_operator.py
[2026-05-18T14:33:19.220+0000] {logging_mixin.py:190} INFO - [2026-05-18T14:33:19.220+0000] {dag.py:3239} INFO - Sync 3 DAGs
[2026-05-18T14:33:19.235+0000] {logging_mixin.py:190} INFO - [2026-05-18T14:33:19.235+0000] {dag.py:4180} INFO - Setting next_dagrun for example_subdag_operator to 2022-01-01 00:00:00+00:00, run_after=2022-01-01 00:00:00+00:00
[2026-05-18T14:33:19.237+0000] {logging_mixin.py:190} INFO - [2026-05-18T14:33:19.237+0000] {dag.py:4180} INFO - Setting next_dagrun for example_subdag_operator.section-1 to None, run_after=None
[2026-05-18T14:33:19.238+0000] {logging_mixin.py:190} INFO - [2026-05-18T14:33:19.238+0000] {dag.py:4180} INFO - Setting next_dagrun for example_subdag_operator.section-2 to None, run_after=None
[2026-05-18T14:33:19.242+0000] {logging_mixin.py:190} INFO - [2026-05-18T14:33:19.242+0000] {dag.py:3239} INFO - Sync 2 DAGs
[2026-05-18T14:33:19.245+0000] {logging_mixin.py:190} INFO - [2026-05-18T14:33:19.245+0000] {dag.py:4180} INFO - Setting next_dagrun for example_subdag_operator.section-1 to None, run_after=None
[2026-05-18T14:33:19.246+0000] {logging_mixin.py:190} INFO - [2026-05-18T14:33:19.246+0000] {dag.py:4180} INFO - Setting next_dagrun for example_subdag_operator.section-2 to None, run_after=None
[2026-05-18T14:33:19.256+0000] {processor.py:208} INFO - Processing /usr/local/python/3.12.1/lib/python3.12/site-packages/airflow/example_dags/example_subdag_operator.py took 0.073 seconds
[2026-05-18T14:34:09.735+0000] {processor.py:186} INFO - Started process (PID=33826) to work on /usr/local/python/3.12.1/lib/python3.12/site-packages/airflow/example_dags/example_subdag_operator.py
[2026-05-18T14:34:09.736+0000] {processor.py:914} INFO - Processing file /usr/local/python/3.12.1/lib/python3.12/site-packages/airflow/example_dags/example_subdag_operator.py for tasks to queue
[2026-05-18T14:34:09.737+0000] {logging_mixin.py:190} INFO - [2026-05-18T14:34:09.737+0000] {dagbag.py:588} INFO - Filling up the DagBag from /usr/local/python/3.12.1/lib/python3.12/site-packages/airflow/example_dags/example_subdag_operator.py
[2026-05-18T14:34:09.755+0000] {processor.py:925} INFO - DAG(s) 'example_subdag_operator.section-1', 'example_subdag_operator.section-2', 'example_subdag_operator' retrieved from /usr/local/python/3.12.1/lib/python3.12/site-packages/airflow/example_dags/example_subdag_operator.py
[2026-05-18T14:34:09.767+0000] {logging_mixin.py:190} INFO - [2026-05-18T14:34:09.767+0000] {dag.py:3239} INFO - Sync 3 DAGs
[2026-05-18T14:34:09.790+0000] {logging_mixin.py:190} INFO - [2026-05-18T14:34:09.789+0000] {dag.py:4180} INFO - Setting next_dagrun for example_subdag_operator to 2022-01-01 00:00:00+00:00, run_after=2022-01-01 00:00:00+00:00
[2026-05-18T14:34:09.794+0000] {logging_mixin.py:190} INFO - [2026-05-18T14:34:09.794+0000] {dag.py:4180} INFO - Setting next_dagrun for example_subdag_operator.section-1 to None, run_after=None
[2026-05-18T14:34:09.795+0000] {logging_mixin.py:190} INFO - [2026-05-18T14:34:09.795+0000] {dag.py:4180} INFO - Setting next_dagrun for example_subdag_operator.section-2 to None, run_after=None
[2026-05-18T14:34:09.801+0000] {logging_mixin.py:190} INFO - [2026-05-18T14:34:09.800+0000] {dag.py:3239} INFO - Sync 2 DAGs
[2026-05-18T14:34:09.804+0000] {logging_mixin.py:190} INFO - [2026-05-18T14:34:09.803+0000] {dag.py:4180} INFO - Setting next_dagrun for example_subdag_operator.section-1 to None, run_after=None
[2026-05-18T14:34:09.804+0000] {logging_mixin.py:190} INFO - [2026-05-18T14:34:09.804+0000] {dag.py:4180} INFO - Setting next_dagrun for example_subdag_operator.section-2 to None, run_after=None
[2026-05-18T14:34:09.815+0000] {processor.py:208} INFO - Processing /usr/local/python/3.12.1/lib/python3.12/site-packages/airflow/example_dags/example_subdag_operator.py took 0.084 seconds
[2026-05-18T14:34:55.058+0000] {processor.py:186} INFO - Started process (PID=34230) to work on /usr/local/python/3.12.1/lib/python3.12/site-packages/airflow/example_dags/example_subdag_operator.py
[2026-05-18T14:34:55.059+0000] {processor.py:914} INFO - Processing file /usr/local/python/3.12.1/lib/python3.12/site-packages/airflow/example_dags/example_subdag_operator.py for tasks to queue
[2026-05-18T14:34:55.061+0000] {logging_mixin.py:190} INFO - [2026-05-18T14:34:55.060+0000] {dagbag.py:588} INFO - Filling up the DagBag from /usr/local/python/3.12.1/lib/python3.12/site-packages/airflow/example_dags/example_subdag_operator.py
[2026-05-18T14:34:55.078+0000] {processor.py:925} INFO - DAG(s) 'example_subdag_operator.section-1', 'example_subdag_operator.section-2', 'example_subdag_operator' retrieved from /usr/local/python/3.12.1/lib/python3.12/site-packages/airflow/example_dags/example_subdag_operator.py
[2026-05-18T14:34:55.092+0000] {logging_mixin.py:190} INFO - [2026-05-18T14:34:55.092+0000] {dag.py:3239} INFO - Sync 3 DAGs
[2026-05-18T14:34:55.107+0000] {logging_mixin.py:190} INFO - [2026-05-18T14:34:55.107+0000] {dag.py:4180} INFO - Setting next_dagrun for example_subdag_operator to 2022-01-01 00:00:00+00:00, run_after=2022-01-01 00:00:00+00:00
[2026-05-18T14:34:55.110+0000] {logging_mixin.py:190} INFO - [2026-05-18T14:34:55.110+0000] {dag.py:4180} INFO - Setting next_dagrun for example_subdag_operator.section-1 to None, run_after=None
[2026-05-18T14:34:55.111+0000] {logging_mixin.py:190} INFO - [2026-05-18T14:34:55.111+0000] {dag.py:4180} INFO - Setting next_dagrun for example_subdag_operator.section-2 to None, run_after=None
[2026-05-18T14:34:55.116+0000] {logging_mixin.py:190} INFO - [2026-05-18T14:34:55.116+0000] {dag.py:3239} INFO - Sync 2 DAGs
[2026-05-18T14:34:55.119+0000] {logging_mixin.py:190} INFO - [2026-05-18T14:34:55.119+0000] {dag.py:4180} INFO - Setting next_dagrun for example_subdag_operator.section-1 to None, run_after=None
[2026-05-18T14:34:55.119+0000] {logging_mixin.py:190} INFO - [2026-05-18T14:34:55.119+0000] {dag.py:4180} INFO - Setting next_dagrun for example_subdag_operator.section-2 to None, run_after=None
[2026-05-18T14:34:55.130+0000] {processor.py:208} INFO - Processing /usr/local/python/3.12.1/lib/python3.12/site-packages/airflow/example_dags/example_subdag_operator.py took 0.076 seconds
[2026-05-18T14:35:41.168+0000] {processor.py:186} INFO - Started process (PID=34599) to work on /usr/local/python/3.12.1/lib/python3.12/site-packages/airflow/example_dags/example_subdag_operator.py
[2026-05-18T14:35:41.170+0000] {processor.py:914} INFO - Processing file /usr/local/python/3.12.1/lib/python3.12/site-packages/airflow/example_dags/example_subdag_operator.py for tasks to queue
[2026-05-18T14:35:41.174+0000] {logging_mixin.py:190} INFO - [2026-05-18T14:35:41.173+0000] {dagbag.py:588} INFO - Filling up the DagBag from /usr/local/python/3.12.1/lib/python3.12/site-packages/airflow/example_dags/example_subdag_operator.py
[2026-05-18T14:35:41.199+0000] {processor.py:925} INFO - DAG(s) 'example_subdag_operator.section-1', 'example_subdag_operator.section-2', 'example_subdag_operator' retrieved from /usr/local/python/3.12.1/lib/python3.12/site-packages/airflow/example_dags/example_subdag_operator.py
[2026-05-18T14:35:41.211+0000] {logging_mixin.py:190} INFO - [2026-05-18T14:35:41.211+0000] {dag.py:3239} INFO - Sync 3 DAGs
[2026-05-18T14:35:41.227+0000] {logging_mixin.py:190} INFO - [2026-05-18T14:35:41.227+0000] {dag.py:4180} INFO - Setting next_dagrun for example_subdag_operator to 2022-01-01 00:00:00+00:00, run_after=2022-01-01 00:00:00+00:00
[2026-05-18T14:35:41.230+0000] {logging_mixin.py:190} INFO - [2026-05-18T14:35:41.230+0000] {dag.py:4180} INFO - Setting next_dagrun for example_subdag_operator.section-1 to None, run_after=None
[2026-05-18T14:35:41.231+0000] {logging_mixin.py:190} INFO - [2026-05-18T14:35:41.231+0000] {dag.py:4180} INFO - Setting next_dagrun for example_subdag_operator.section-2 to None, run_after=None
[2026-05-18T14:35:41.236+0000] {logging_mixin.py:190} INFO - [2026-05-18T14:35:41.235+0000] {dag.py:3239} INFO - Sync 2 DAGs
[2026-05-18T14:35:41.238+0000] {logging_mixin.py:190} INFO - [2026-05-18T14:35:41.238+0000] {dag.py:4180} INFO - Setting next_dagrun for example_subdag_operator.section-1 to None, run_after=None
[2026-05-18T14:35:41.239+0000] {logging_mixin.py:190} INFO - [2026-05-18T14:35:41.239+0000] {dag.py:4180} INFO - Setting next_dagrun for example_subdag_operator.section-2 to None, run_after=None
[2026-05-18T14:35:41.250+0000] {processor.py:208} INFO - Processing /usr/local/python/3.12.1/lib/python3.12/site-packages/airflow/example_dags/example_subdag_operator.py took 0.091 seconds
[2026-05-18T14:36:31.639+0000] {processor.py:186} INFO - Started process (PID=35105) to work on /usr/local/python/3.12.1/lib/python3.12/site-packages/airflow/example_dags/example_subdag_operator.py
[2026-05-18T14:36:31.639+0000] {processor.py:914} INFO - Processing file /usr/local/python/3.12.1/lib/python3.12/site-packages/airflow/example_dags/example_subdag_operator.py for tasks to queue
[2026-05-18T14:36:31.641+0000] {logging_mixin.py:190} INFO - [2026-05-18T14:36:31.641+0000] {dagbag.py:588} INFO - Filling up the DagBag from /usr/local/python/3.12.1/lib/python3.12/site-packages/airflow/example_dags/example_subdag_operator.py
[2026-05-18T14:36:31.659+0000] {processor.py:925} INFO - DAG(s) 'example_subdag_operator.section-1', 'example_subdag_operator.section-2', 'example_subdag_operator' retrieved from /usr/local/python/3.12.1/lib/python3.12/site-packages/airflow/example_dags/example_subdag_operator.py
[2026-05-18T14:36:31.675+0000] {logging_mixin.py:190} INFO - [2026-05-18T14:36:31.675+0000] {dag.py:3239} INFO - Sync 3 DAGs
[2026-05-18T14:36:31.695+0000] {logging_mixin.py:190} INFO - [2026-05-18T14:36:31.695+0000] {dag.py:4180} INFO - Setting next_dagrun for example_subdag_operator to 2022-01-01 00:00:00+00:00, run_after=2022-01-01 00:00:00+00:00
[2026-05-18T14:36:31.698+0000] {logging_mixin.py:190} INFO - [2026-05-18T14:36:31.697+0000] {dag.py:4180} INFO - Setting next_dagrun for example_subdag_operator.section-1 to None, run_after=None
[2026-05-18T14:36:31.698+0000] {logging_mixin.py:190} INFO - [2026-05-18T14:36:31.698+0000] {dag.py:4180} INFO - Setting next_dagrun for example_subdag_operator.section-2 to None, run_after=None
[2026-05-18T14:36:31.703+0000] {logging_mixin.py:190} INFO - [2026-05-18T14:36:31.703+0000] {dag.py:3239} INFO - Sync 2 DAGs
[2026-05-18T14:36:31.706+0000] {logging_mixin.py:190} INFO - [2026-05-18T14:36:31.706+0000] {dag.py:4180} INFO - Setting next_dagrun for example_subdag_operator.section-1 to None, run_after=None
[2026-05-18T14:36:31.706+0000] {logging_mixin.py:190} INFO - [2026-05-18T14:36:31.706+0000] {dag.py:4180} INFO - Setting next_dagrun for example_subdag_operator.section-2 to None, run_after=None
[2026-05-18T14:36:31.717+0000] {processor.py:208} INFO - Processing /usr/local/python/3.12.1/lib/python3.12/site-packages/airflow/example_dags/example_subdag_operator.py took 0.082 seconds
[2026-05-18T14:37:22.833+0000] {processor.py:186} INFO - Started process (PID=35558) to work on /usr/local/python/3.12.1/lib/python3.12/site-packages/airflow/example_dags/example_subdag_operator.py
[2026-05-18T14:37:22.834+0000] {processor.py:914} INFO - Processing file /usr/local/python/3.12.1/lib/python3.12/site-packages/airflow/example_dags/example_subdag_operator.py for tasks to queue
[2026-05-18T14:37:22.836+0000] {logging_mixin.py:190} INFO - [2026-05-18T14:37:22.836+0000] {dagbag.py:588} INFO - Filling up the DagBag from /usr/local/python/3.12.1/lib/python3.12/site-packages/airflow/example_dags/example_subdag_operator.py
[2026-05-18T14:37:22.855+0000] {processor.py:925} INFO - DAG(s) 'example_subdag_operator.section-1', 'example_subdag_operator.section-2', 'example_subdag_operator' retrieved from /usr/local/python/3.12.1/lib/python3.12/site-packages/airflow/example_dags/example_subdag_operator.py
[2026-05-18T14:37:22.869+0000] {logging_mixin.py:190} INFO - [2026-05-18T14:37:22.869+0000] {dag.py:3239} INFO - Sync 3 DAGs
[2026-05-18T14:37:22.890+0000] {logging_mixin.py:190} INFO - [2026-05-18T14:37:22.890+0000] {dag.py:4180} INFO - Setting next_dagrun for example_subdag_operator to 2022-01-01 00:00:00+00:00, run_after=2022-01-01 00:00:00+00:00
[2026-05-18T14:37:22.893+0000] {logging_mixin.py:190} INFO - [2026-05-18T14:37:22.893+0000] {dag.py:4180} INFO - Setting next_dagrun for example_subdag_operator.section-1 to None, run_after=None
[2026-05-18T14:37:22.894+0000] {logging_mixin.py:190} INFO - [2026-05-18T14:37:22.894+0000] {dag.py:4180} INFO - Setting next_dagrun for example_subdag_operator.section-2 to None, run_after=None
[2026-05-18T14:37:22.899+0000] {logging_mixin.py:190} INFO - [2026-05-18T14:37:22.899+0000] {dag.py:3239} INFO - Sync 2 DAGs
[2026-05-18T14:37:22.903+0000] {logging_mixin.py:190} INFO - [2026-05-18T14:37:22.903+0000] {dag.py:4180} INFO - Setting next_dagrun for example_subdag_operator.section-1 to None, run_after=None
[2026-05-18T14:37:22.903+0000] {logging_mixin.py:190} INFO - [2026-05-18T14:37:22.903+0000] {dag.py:4180} INFO - Setting next_dagrun for example_subdag_operator.section-2 to None, run_after=None
[2026-05-18T14:37:22.917+0000] {processor.py:208} INFO - Processing /usr/local/python/3.12.1/lib/python3.12/site-packages/airflow/example_dags/example_subdag_operator.py took 0.088 seconds
[2026-05-18T14:38:14.726+0000] {processor.py:186} INFO - Started process (PID=36014) to work on /usr/local/python/3.12.1/lib/python3.12/site-packages/airflow/example_dags/example_subdag_operator.py
[2026-05-18T14:38:14.727+0000] {processor.py:914} INFO - Processing file /usr/local/python/3.12.1/lib/python3.12/site-packages/airflow/example_dags/example_subdag_operator.py for tasks to queue
[2026-05-18T14:38:14.729+0000] {logging_mixin.py:190} INFO - [2026-05-18T14:38:14.728+0000] {dagbag.py:588} INFO - Filling up the DagBag from /usr/local/python/3.12.1/lib/python3.12/site-packages/airflow/example_dags/example_subdag_operator.py
[2026-05-18T14:38:14.746+0000] {processor.py:925} INFO - DAG(s) 'example_subdag_operator.section-1', 'example_subdag_operator.section-2', 'example_subdag_operator' retrieved from /usr/local/python/3.12.1/lib/python3.12/site-packages/airflow/example_dags/example_subdag_operator.py
[2026-05-18T14:38:14.758+0000] {logging_mixin.py:190} INFO - [2026-05-18T14:38:14.757+0000] {dag.py:3239} INFO - Sync 3 DAGs
[2026-05-18T14:38:14.774+0000] {logging_mixin.py:190} INFO - [2026-05-18T14:38:14.773+0000] {dag.py:4180} INFO - Setting next_dagrun for example_subdag_operator to 2022-01-01 00:00:00+00:00, run_after=2022-01-01 00:00:00+00:00
[2026-05-18T14:38:14.776+0000] {logging_mixin.py:190} INFO - [2026-05-18T14:38:14.776+0000] {dag.py:4180} INFO - Setting next_dagrun for example_subdag_operator.section-1 to None, run_after=None
[2026-05-18T14:38:14.777+0000] {logging_mixin.py:190} INFO - [2026-05-18T14:38:14.777+0000] {dag.py:4180} INFO - Setting next_dagrun for example_subdag_operator.section-2 to None, run_after=None
[2026-05-18T14:38:14.782+0000] {logging_mixin.py:190} INFO - [2026-05-18T14:38:14.782+0000] {dag.py:3239} INFO - Sync 2 DAGs
[2026-05-18T14:38:14.785+0000] {logging_mixin.py:190} INFO - [2026-05-18T14:38:14.785+0000] {dag.py:4180} INFO - Setting next_dagrun for example_subdag_operator.section-1 to None, run_after=None
[2026-05-18T14:38:14.785+0000] {logging_mixin.py:190} INFO - [2026-05-18T14:38:14.785+0000] {dag.py:4180} INFO - Setting next_dagrun for example_subdag_operator.section-2 to None, run_after=None
[2026-05-18T14:38:14.797+0000] {processor.py:208} INFO - Processing /usr/local/python/3.12.1/lib/python3.12/site-packages/airflow/example_dags/example_subdag_operator.py took 0.075 seconds
[2026-05-18T14:39:06.519+0000] {processor.py:186} INFO - Started process (PID=36477) to work on /usr/local/python/3.12.1/lib/python3.12/site-packages/airflow/example_dags/example_subdag_operator.py
[2026-05-18T14:39:06.519+0000] {processor.py:914} INFO - Processing file /usr/local/python/3.12.1/lib/python3.12/site-packages/airflow/example_dags/example_subdag_operator.py for tasks to queue
[2026-05-18T14:39:06.521+0000] {logging_mixin.py:190} INFO - [2026-05-18T14:39:06.521+0000] {dagbag.py:588} INFO - Filling up the DagBag from /usr/local/python/3.12.1/lib/python3.12/site-packages/airflow/example_dags/example_subdag_operator.py
[2026-05-18T14:39:06.539+0000] {processor.py:925} INFO - DAG(s) 'example_subdag_operator.section-1', 'example_subdag_operator.section-2', 'example_subdag_operator' retrieved from /usr/local/python/3.12.1/lib/python3.12/site-packages/airflow/example_dags/example_subdag_operator.py
[2026-05-18T14:39:06.550+0000] {logging_mixin.py:190} INFO - [2026-05-18T14:39:06.550+0000] {dag.py:3239} INFO - Sync 3 DAGs
[2026-05-18T14:39:06.570+0000] {logging_mixin.py:190} INFO - [2026-05-18T14:39:06.570+0000] {dag.py:4180} INFO - Setting next_dagrun for example_subdag_operator to 2022-01-01 00:00:00+00:00, run_after=2022-01-01 00:00:00+00:00
[2026-05-18T14:39:06.574+0000] {logging_mixin.py:190} INFO - [2026-05-18T14:39:06.574+0000] {dag.py:4180} INFO - Setting next_dagrun for example_subdag_operator.section-1 to None, run_after=None
[2026-05-18T14:39:06.575+0000] {logging_mixin.py:190} INFO - [2026-05-18T14:39:06.575+0000] {dag.py:4180} INFO - Setting next_dagrun for example_subdag_operator.section-2 to None, run_after=None
[2026-05-18T14:39:06.581+0000] {logging_mixin.py:190} INFO - [2026-05-18T14:39:06.581+0000] {dag.py:3239} INFO - Sync 2 DAGs
[2026-05-18T14:39:06.586+0000] {logging_mixin.py:190} INFO - [2026-05-18T14:39:06.585+0000] {dag.py:4180} INFO - Setting next_dagrun for example_subdag_operator.section-1 to None, run_after=None
[2026-05-18T14:39:06.586+0000] {logging_mixin.py:190} INFO - [2026-05-18T14:39:06.586+0000] {dag.py:4180} INFO - Setting next_dagrun for example_subdag_operator.section-2 to None, run_after=None
[2026-05-18T14:39:06.598+0000] {processor.py:208} INFO - Processing /usr/local/python/3.12.1/lib/python3.12/site-packages/airflow/example_dags/example_subdag_operator.py took 0.084 seconds
[2026-05-18T14:39:57.311+0000] {processor.py:186} INFO - Started process (PID=36922) to work on /usr/local/python/3.12.1/lib/python3.12/site-packages/airflow/example_dags/example_subdag_operator.py
[2026-05-18T14:39:57.312+0000] {processor.py:914} INFO - Processing file /usr/local/python/3.12.1/lib/python3.12/site-packages/airflow/example_dags/example_subdag_operator.py for tasks to queue
[2026-05-18T14:39:57.314+0000] {logging_mixin.py:190} INFO - [2026-05-18T14:39:57.314+0000] {dagbag.py:588} INFO - Filling up the DagBag from /usr/local/python/3.12.1/lib/python3.12/site-packages/airflow/example_dags/example_subdag_operator.py
[2026-05-18T14:39:57.333+0000] {processor.py:925} INFO - DAG(s) 'example_subdag_operator.section-1', 'example_subdag_operator.section-2', 'example_subdag_operator' retrieved from /usr/local/python/3.12.1/lib/python3.12/site-packages/airflow/example_dags/example_subdag_operator.py
[2026-05-18T14:39:57.345+0000] {logging_mixin.py:190} INFO - [2026-05-18T14:39:57.345+0000] {dag.py:3239} INFO - Sync 3 DAGs
[2026-05-18T14:39:57.362+0000] {logging_mixin.py:190} INFO - [2026-05-18T14:39:57.362+0000] {dag.py:4180} INFO - Setting next_dagrun for example_subdag_operator to 2022-01-01 00:00:00+00:00, run_after=2022-01-01 00:00:00+00:00
[2026-05-18T14:39:57.365+0000] {logging_mixin.py:190} INFO - [2026-05-18T14:39:57.365+0000] {dag.py:4180} INFO - Setting next_dagrun for example_subdag_operator.section-1 to None, run_after=None
[2026-05-18T14:39:57.366+0000] {logging_mixin.py:190} INFO - [2026-05-18T14:39:57.366+0000] {dag.py:4180} INFO - Setting next_dagrun for example_subdag_operator.section-2 to None, run_after=None
[2026-05-18T14:39:57.375+0000] {logging_mixin.py:190} INFO - [2026-05-18T14:39:57.375+0000] {dag.py:3239} INFO - Sync 2 DAGs
[2026-05-18T14:39:57.379+0000] {logging_mixin.py:190} INFO - [2026-05-18T14:39:57.379+0000] {dag.py:4180} INFO - Setting next_dagrun for example_subdag_operator.section-1 to None, run_after=None
[2026-05-18T14:39:57.380+0000] {logging_mixin.py:190} INFO - [2026-05-18T14:39:57.379+0000] {dag.py:4180} INFO - Setting next_dagrun for example_subdag_operator.section-2 to None, run_after=None
[2026-05-18T14:39:57.402+0000] {processor.py:208} INFO - Processing /usr/local/python/3.12.1/lib/python3.12/site-packages/airflow/example_dags/example_subdag_operator.py took 0.095 seconds
[2026-05-18T14:40:49.012+0000] {processor.py:186} INFO - Started process (PID=37348) to work on /usr/local/python/3.12.1/lib/python3.12/site-packages/airflow/example_dags/example_subdag_operator.py
[2026-05-18T14:40:49.013+0000] {processor.py:914} INFO - Processing file /usr/local/python/3.12.1/lib/python3.12/site-packages/airflow/example_dags/example_subdag_operator.py for tasks to queue
[2026-05-18T14:40:49.015+0000] {logging_mixin.py:190} INFO - [2026-05-18T14:40:49.015+0000] {dagbag.py:588} INFO - Filling up the DagBag from /usr/local/python/3.12.1/lib/python3.12/site-packages/airflow/example_dags/example_subdag_operator.py
[2026-05-18T14:40:49.032+0000] {processor.py:925} INFO - DAG(s) 'example_subdag_operator.section-1', 'example_subdag_operator.section-2', 'example_subdag_operator' retrieved from /usr/local/python/3.12.1/lib/python3.12/site-packages/airflow/example_dags/example_subdag_operator.py
[2026-05-18T14:40:49.044+0000] {logging_mixin.py:190} INFO - [2026-05-18T14:40:49.043+0000] {dag.py:3239} INFO - Sync 3 DAGs
[2026-05-18T14:40:49.068+0000] {logging_mixin.py:190} INFO - [2026-05-18T14:40:49.068+0000] {dag.py:4180} INFO - Setting next_dagrun for example_subdag_operator to 2022-01-01 00:00:00+00:00, run_after=2022-01-01 00:00:00+00:00
[2026-05-18T14:40:49.073+0000] {logging_mixin.py:190} INFO - [2026-05-18T14:40:49.073+0000] {dag.py:4180} INFO - Setting next_dagrun for example_subdag_operator.section-1 to None, run_after=None
[2026-05-18T14:40:49.074+0000] {logging_mixin.py:190} INFO - [2026-05-18T14:40:49.074+0000] {dag.py:4180} INFO - Setting next_dagrun for example_subdag_operator.section-2 to None, run_after=None
[2026-05-18T14:40:49.081+0000] {logging_mixin.py:190} INFO - [2026-05-18T14:40:49.080+0000] {dag.py:3239} INFO - Sync 2 DAGs
[2026-05-18T14:40:49.085+0000] {logging_mixin.py:190} INFO - [2026-05-18T14:40:49.085+0000] {dag.py:4180} INFO - Setting next_dagrun for example_subdag_operator.section-1 to None, run_after=None
[2026-05-18T14:40:49.085+0000] {logging_mixin.py:190} INFO - [2026-05-18T14:40:49.085+0000] {dag.py:4180} INFO - Setting next_dagrun for example_subdag_operator.section-2 to None, run_after=None
[2026-05-18T14:40:49.108+0000] {processor.py:208} INFO - Processing /usr/local/python/3.12.1/lib/python3.12/site-packages/airflow/example_dags/example_subdag_operator.py took 0.103 seconds
[2026-05-18T14:41:38.574+0000] {processor.py:186} INFO - Started process (PID=37828) to work on /usr/local/python/3.12.1/lib/python3.12/site-packages/airflow/example_dags/example_subdag_operator.py
[2026-05-18T14:41:38.575+0000] {processor.py:914} INFO - Processing file /usr/local/python/3.12.1/lib/python3.12/site-packages/airflow/example_dags/example_subdag_operator.py for tasks to queue
[2026-05-18T14:41:38.578+0000] {logging_mixin.py:190} INFO - [2026-05-18T14:41:38.577+0000] {dagbag.py:588} INFO - Filling up the DagBag from /usr/local/python/3.12.1/lib/python3.12/site-packages/airflow/example_dags/example_subdag_operator.py
[2026-05-18T14:41:38.598+0000] {processor.py:925} INFO - DAG(s) 'example_subdag_operator.section-1', 'example_subdag_operator.section-2', 'example_subdag_operator' retrieved from /usr/local/python/3.12.1/lib/python3.12/site-packages/airflow/example_dags/example_subdag_operator.py
[2026-05-18T14:41:38.611+0000] {logging_mixin.py:190} INFO - [2026-05-18T14:41:38.610+0000] {dag.py:3239} INFO - Sync 3 DAGs
[2026-05-18T14:41:38.627+0000] {logging_mixin.py:190} INFO - [2026-05-18T14:41:38.627+0000] {dag.py:4180} INFO - Setting next_dagrun for example_subdag_operator to 2022-01-01 00:00:00+00:00, run_after=2022-01-01 00:00:00+00:00
[2026-05-18T14:41:38.630+0000] {logging_mixin.py:190} INFO - [2026-05-18T14:41:38.629+0000] {dag.py:4180} INFO - Setting next_dagrun for example_subdag_operator.section-1 to None, run_after=None
[2026-05-18T14:41:38.630+0000] {logging_mixin.py:190} INFO - [2026-05-18T14:41:38.630+0000] {dag.py:4180} INFO - Setting next_dagrun for example_subdag_operator.section-2 to None, run_after=None
[2026-05-18T14:41:38.635+0000] {logging_mixin.py:190} INFO - [2026-05-18T14:41:38.635+0000] {dag.py:3239} INFO - Sync 2 DAGs
[2026-05-18T14:41:38.639+0000] {logging_mixin.py:190} INFO - [2026-05-18T14:41:38.639+0000] {dag.py:4180} INFO - Setting next_dagrun for example_subdag_operator.section-1 to None, run_after=None
[2026-05-18T14:41:38.640+0000] {logging_mixin.py:190} INFO - [2026-05-18T14:41:38.640+0000] {dag.py:4180} INFO - Setting next_dagrun for example_subdag_operator.section-2 to None, run_after=None
[2026-05-18T14:41:38.655+0000] {processor.py:208} INFO - Processing /usr/local/python/3.12.1/lib/python3.12/site-packages/airflow/example_dags/example_subdag_operator.py took 0.087 seconds
[2026-05-18T14:42:26.993+0000] {processor.py:186} INFO - Started process (PID=38260) to work on /usr/local/python/3.12.1/lib/python3.12/site-packages/airflow/example_dags/example_subdag_operator.py
[2026-05-18T14:42:26.994+0000] {processor.py:914} INFO - Processing file /usr/local/python/3.12.1/lib/python3.12/site-packages/airflow/example_dags/example_subdag_operator.py for tasks to queue
[2026-05-18T14:42:26.996+0000] {logging_mixin.py:190} INFO - [2026-05-18T14:42:26.995+0000] {dagbag.py:588} INFO - Filling up the DagBag from /usr/local/python/3.12.1/lib/python3.12/site-packages/airflow/example_dags/example_subdag_operator.py
[2026-05-18T14:42:27.013+0000] {processor.py:925} INFO - DAG(s) 'example_subdag_operator.section-1', 'example_subdag_operator.section-2', 'example_subdag_operator' retrieved from /usr/local/python/3.12.1/lib/python3.12/site-packages/airflow/example_dags/example_subdag_operator.py
[2026-05-18T14:42:27.025+0000] {logging_mixin.py:190} INFO - [2026-05-18T14:42:27.024+0000] {dag.py:3239} INFO - Sync 3 DAGs
[2026-05-18T14:42:27.041+0000] {logging_mixin.py:190} INFO - [2026-05-18T14:42:27.040+0000] {dag.py:4180} INFO - Setting next_dagrun for example_subdag_operator to 2022-01-01 00:00:00+00:00, run_after=2022-01-01 00:00:00+00:00
[2026-05-18T14:42:27.043+0000] {logging_mixin.py:190} INFO - [2026-05-18T14:42:27.043+0000] {dag.py:4180} INFO - Setting next_dagrun for example_subdag_operator.section-1 to None, run_after=None
[2026-05-18T14:42:27.044+0000] {logging_mixin.py:190} INFO - [2026-05-18T14:42:27.044+0000] {dag.py:4180} INFO - Setting next_dagrun for example_subdag_operator.section-2 to None, run_after=None
[2026-05-18T14:42:27.048+0000] {logging_mixin.py:190} INFO - [2026-05-18T14:42:27.048+0000] {dag.py:3239} INFO - Sync 2 DAGs
[2026-05-18T14:42:27.052+0000] {logging_mixin.py:190} INFO - [2026-05-18T14:42:27.051+0000] {dag.py:4180} INFO - Setting next_dagrun for example_subdag_operator.section-1 to None, run_after=None
[2026-05-18T14:42:27.052+0000] {logging_mixin.py:190} INFO - [2026-05-18T14:42:27.052+0000] {dag.py:4180} INFO - Setting next_dagrun for example_subdag_operator.section-2 to None, run_after=None
[2026-05-18T14:42:27.064+0000] {processor.py:208} INFO - Processing /usr/local/python/3.12.1/lib/python3.12/site-packages/airflow/example_dags/example_subdag_operator.py took 0.075 seconds
[2026-05-18T14:43:17.694+0000] {processor.py:186} INFO - Started process (PID=38717) to work on /usr/local/python/3.12.1/lib/python3.12/site-packages/airflow/example_dags/example_subdag_operator.py
[2026-05-18T14:43:17.694+0000] {processor.py:914} INFO - Processing file /usr/local/python/3.12.1/lib/python3.12/site-packages/airflow/example_dags/example_subdag_operator.py for tasks to queue
[2026-05-18T14:43:17.696+0000] {logging_mixin.py:190} INFO - [2026-05-18T14:43:17.696+0000] {dagbag.py:588} INFO - Filling up the DagBag from /usr/local/python/3.12.1/lib/python3.12/site-packages/airflow/example_dags/example_subdag_operator.py
[2026-05-18T14:43:17.714+0000] {processor.py:925} INFO - DAG(s) 'example_subdag_operator.section-1', 'example_subdag_operator.section-2', 'example_subdag_operator' retrieved from /usr/local/python/3.12.1/lib/python3.12/site-packages/airflow/example_dags/example_subdag_operator.py
[2026-05-18T14:43:17.726+0000] {logging_mixin.py:190} INFO - [2026-05-18T14:43:17.726+0000] {dag.py:3239} INFO - Sync 3 DAGs
[2026-05-18T14:43:17.742+0000] {logging_mixin.py:190} INFO - [2026-05-18T14:43:17.741+0000] {dag.py:4180} INFO - Setting next_dagrun for example_subdag_operator to 2022-01-01 00:00:00+00:00, run_after=2022-01-01 00:00:00+00:00
[2026-05-18T14:43:17.744+0000] {logging_mixin.py:190} INFO - [2026-05-18T14:43:17.744+0000] {dag.py:4180} INFO - Setting next_dagrun for example_subdag_operator.section-1 to None, run_after=None
[2026-05-18T14:43:17.745+0000] {logging_mixin.py:190} INFO - [2026-05-18T14:43:17.745+0000] {dag.py:4180} INFO - Setting next_dagrun for example_subdag_operator.section-2 to None, run_after=None
[2026-05-18T14:43:17.749+0000] {logging_mixin.py:190} INFO - [2026-05-18T14:43:17.749+0000] {dag.py:3239} INFO - Sync 2 DAGs
[2026-05-18T14:43:17.752+0000] {logging_mixin.py:190} INFO - [2026-05-18T14:43:17.752+0000] {dag.py:4180} INFO - Setting next_dagrun for example_subdag_operator.section-1 to None, run_after=None
[2026-05-18T14:43:17.753+0000] {logging_mixin.py:190} INFO - [2026-05-18T14:43:17.753+0000] {dag.py:4180} INFO - Setting next_dagrun for example_subdag_operator.section-2 to None, run_after=None
[2026-05-18T14:43:17.763+0000] {processor.py:208} INFO - Processing /usr/local/python/3.12.1/lib/python3.12/site-packages/airflow/example_dags/example_subdag_operator.py took 0.074 seconds
[2026-05-18T14:44:09.526+0000] {processor.py:186} INFO - Started process (PID=39174) to work on /usr/local/python/3.12.1/lib/python3.12/site-packages/airflow/example_dags/example_subdag_operator.py
[2026-05-18T14:44:09.527+0000] {processor.py:914} INFO - Processing file /usr/local/python/3.12.1/lib/python3.12/site-packages/airflow/example_dags/example_subdag_operator.py for tasks to queue
[2026-05-18T14:44:09.529+0000] {logging_mixin.py:190} INFO - [2026-05-18T14:44:09.528+0000] {dagbag.py:588} INFO - Filling up the DagBag from /usr/local/python/3.12.1/lib/python3.12/site-packages/airflow/example_dags/example_subdag_operator.py
[2026-05-18T14:44:09.546+0000] {processor.py:925} INFO - DAG(s) 'example_subdag_operator.section-1', 'example_subdag_operator.section-2', 'example_subdag_operator' retrieved from /usr/local/python/3.12.1/lib/python3.12/site-packages/airflow/example_dags/example_subdag_operator.py
[2026-05-18T14:44:09.558+0000] {logging_mixin.py:190} INFO - [2026-05-18T14:44:09.558+0000] {dag.py:3239} INFO - Sync 3 DAGs
[2026-05-18T14:44:09.576+0000] {logging_mixin.py:190} INFO - [2026-05-18T14:44:09.576+0000] {dag.py:4180} INFO - Setting next_dagrun for example_subdag_operator to 2022-01-01 00:00:00+00:00, run_after=2022-01-01 00:00:00+00:00
[2026-05-18T14:44:09.580+0000] {logging_mixin.py:190} INFO - [2026-05-18T14:44:09.579+0000] {dag.py:4180} INFO - Setting next_dagrun for example_subdag_operator.section-1 to None, run_after=None
[2026-05-18T14:44:09.581+0000] {logging_mixin.py:190} INFO - [2026-05-18T14:44:09.580+0000] {dag.py:4180} INFO - Setting next_dagrun for example_subdag_operator.section-2 to None, run_after=None
[2026-05-18T14:44:09.586+0000] {logging_mixin.py:190} INFO - [2026-05-18T14:44:09.586+0000] {dag.py:3239} INFO - Sync 2 DAGs
[2026-05-18T14:44:09.589+0000] {logging_mixin.py:190} INFO - [2026-05-18T14:44:09.589+0000] {dag.py:4180} INFO - Setting next_dagrun for example_subdag_operator.section-1 to None, run_after=None
[2026-05-18T14:44:09.589+0000] {logging_mixin.py:190} INFO - [2026-05-18T14:44:09.589+0000] {dag.py:4180} INFO - Setting next_dagrun for example_subdag_operator.section-2 to None, run_after=None
[2026-05-18T14:44:09.603+0000] {processor.py:208} INFO - Processing /usr/local/python/3.12.1/lib/python3.12/site-packages/airflow/example_dags/example_subdag_operator.py took 0.081 seconds
[2026-05-18T14:44:59.005+0000] {processor.py:186} INFO - Started process (PID=39621) to work on /usr/local/python/3.12.1/lib/python3.12/site-packages/airflow/example_dags/example_subdag_operator.py
[2026-05-18T14:44:59.006+0000] {processor.py:914} INFO - Processing file /usr/local/python/3.12.1/lib/python3.12/site-packages/airflow/example_dags/example_subdag_operator.py for tasks to queue
[2026-05-18T14:44:59.008+0000] {logging_mixin.py:190} INFO - [2026-05-18T14:44:59.008+0000] {dagbag.py:588} INFO - Filling up the DagBag from /usr/local/python/3.12.1/lib/python3.12/site-packages/airflow/example_dags/example_subdag_operator.py
[2026-05-18T14:44:59.024+0000] {processor.py:925} INFO - DAG(s) 'example_subdag_operator.section-1', 'example_subdag_operator.section-2', 'example_subdag_operator' retrieved from /usr/local/python/3.12.1/lib/python3.12/site-packages/airflow/example_dags/example_subdag_operator.py
[2026-05-18T14:44:59.036+0000] {logging_mixin.py:190} INFO - [2026-05-18T14:44:59.036+0000] {dag.py:3239} INFO - Sync 3 DAGs
[2026-05-18T14:44:59.051+0000] {logging_mixin.py:190} INFO - [2026-05-18T14:44:59.050+0000] {dag.py:4180} INFO - Setting next_dagrun for example_subdag_operator to 2022-01-01 00:00:00+00:00, run_after=2022-01-01 00:00:00+00:00
[2026-05-18T14:44:59.053+0000] {logging_mixin.py:190} INFO - [2026-05-18T14:44:59.053+0000] {dag.py:4180} INFO - Setting next_dagrun for example_subdag_operator.section-1 to None, run_after=None
[2026-05-18T14:44:59.054+0000] {logging_mixin.py:190} INFO - [2026-05-18T14:44:59.054+0000] {dag.py:4180} INFO - Setting next_dagrun for example_subdag_operator.section-2 to None, run_after=None
[2026-05-18T14:44:59.058+0000] {logging_mixin.py:190} INFO - [2026-05-18T14:44:59.058+0000] {dag.py:3239} INFO - Sync 2 DAGs
[2026-05-18T14:44:59.061+0000] {logging_mixin.py:190} INFO - [2026-05-18T14:44:59.061+0000] {dag.py:4180} INFO - Setting next_dagrun for example_subdag_operator.section-1 to None, run_after=None
[2026-05-18T14:44:59.062+0000] {logging_mixin.py:190} INFO - [2026-05-18T14:44:59.061+0000] {dag.py:4180} INFO - Setting next_dagrun for example_subdag_operator.section-2 to None, run_after=None
[2026-05-18T14:44:59.073+0000] {processor.py:208} INFO - Processing /usr/local/python/3.12.1/lib/python3.12/site-packages/airflow/example_dags/example_subdag_operator.py took 0.072 seconds
[2026-05-18T14:45:50.022+0000] {processor.py:186} INFO - Started process (PID=40071) to work on /usr/local/python/3.12.1/lib/python3.12/site-packages/airflow/example_dags/example_subdag_operator.py
[2026-05-18T14:45:50.023+0000] {processor.py:914} INFO - Processing file /usr/local/python/3.12.1/lib/python3.12/site-packages/airflow/example_dags/example_subdag_operator.py for tasks to queue
[2026-05-18T14:45:50.025+0000] {logging_mixin.py:190} INFO - [2026-05-18T14:45:50.024+0000] {dagbag.py:588} INFO - Filling up the DagBag from /usr/local/python/3.12.1/lib/python3.12/site-packages/airflow/example_dags/example_subdag_operator.py
[2026-05-18T14:45:50.042+0000] {processor.py:925} INFO - DAG(s) 'example_subdag_operator.section-1', 'example_subdag_operator.section-2', 'example_subdag_operator' retrieved from /usr/local/python/3.12.1/lib/python3.12/site-packages/airflow/example_dags/example_subdag_operator.py
[2026-05-18T14:45:50.053+0000] {logging_mixin.py:190} INFO - [2026-05-18T14:45:50.053+0000] {dag.py:3239} INFO - Sync 3 DAGs
[2026-05-18T14:45:50.071+0000] {logging_mixin.py:190} INFO - [2026-05-18T14:45:50.071+0000] {dag.py:4180} INFO - Setting next_dagrun for example_subdag_operator to 2022-01-01 00:00:00+00:00, run_after=2022-01-01 00:00:00+00:00
[2026-05-18T14:45:50.075+0000] {logging_mixin.py:190} INFO - [2026-05-18T14:45:50.075+0000] {dag.py:4180} INFO - Setting next_dagrun for example_subdag_operator.section-1 to None, run_after=None
[2026-05-18T14:45:50.076+0000] {logging_mixin.py:190} INFO - [2026-05-18T14:45:50.076+0000] {dag.py:4180} INFO - Setting next_dagrun for example_subdag_operator.section-2 to None, run_after=None
[2026-05-18T14:45:50.082+0000] {logging_mixin.py:190} INFO - [2026-05-18T14:45:50.081+0000] {dag.py:3239} INFO - Sync 2 DAGs
[2026-05-18T14:45:50.085+0000] {logging_mixin.py:190} INFO - [2026-05-18T14:45:50.085+0000] {dag.py:4180} INFO - Setting next_dagrun for example_subdag_operator.section-1 to None, run_after=None
[2026-05-18T14:45:50.086+0000] {logging_mixin.py:190} INFO - [2026-05-18T14:45:50.086+0000] {dag.py:4180} INFO - Setting next_dagrun for example_subdag_operator.section-2 to None, run_after=None
[2026-05-18T14:45:50.096+0000] {processor.py:208} INFO - Processing /usr/local/python/3.12.1/lib/python3.12/site-packages/airflow/example_dags/example_subdag_operator.py took 0.079 seconds
[2026-05-18T14:46:40.274+0000] {processor.py:186} INFO - Started process (PID=40525) to work on /usr/local/python/3.12.1/lib/python3.12/site-packages/airflow/example_dags/example_subdag_operator.py
[2026-05-18T14:46:40.285+0000] {processor.py:914} INFO - Processing file /usr/local/python/3.12.1/lib/python3.12/site-packages/airflow/example_dags/example_subdag_operator.py for tasks to queue
[2026-05-18T14:46:40.294+0000] {logging_mixin.py:190} INFO - [2026-05-18T14:46:40.290+0000] {dagbag.py:588} INFO - Filling up the DagBag from /usr/local/python/3.12.1/lib/python3.12/site-packages/airflow/example_dags/example_subdag_operator.py
[2026-05-18T14:46:40.335+0000] {processor.py:925} INFO - DAG(s) 'example_subdag_operator.section-1', 'example_subdag_operator.section-2', 'example_subdag_operator' retrieved from /usr/local/python/3.12.1/lib/python3.12/site-packages/airflow/example_dags/example_subdag_operator.py
[2026-05-18T14:46:40.352+0000] {logging_mixin.py:190} INFO - [2026-05-18T14:46:40.351+0000] {dag.py:3239} INFO - Sync 3 DAGs
[2026-05-18T14:46:40.376+0000] {logging_mixin.py:190} INFO - [2026-05-18T14:46:40.376+0000] {dag.py:4180} INFO - Setting next_dagrun for example_subdag_operator to 2022-01-01 00:00:00+00:00, run_after=2022-01-01 00:00:00+00:00
[2026-05-18T14:46:40.380+0000] {logging_mixin.py:190} INFO - [2026-05-18T14:46:40.380+0000] {dag.py:4180} INFO - Setting next_dagrun for example_subdag_operator.section-1 to None, run_after=None
[2026-05-18T14:46:40.382+0000] {logging_mixin.py:190} INFO - [2026-05-18T14:46:40.381+0000] {dag.py:4180} INFO - Setting next_dagrun for example_subdag_operator.section-2 to None, run_after=None
[2026-05-18T14:46:40.389+0000] {logging_mixin.py:190} INFO - [2026-05-18T14:46:40.388+0000] {dag.py:3239} INFO - Sync 2 DAGs
[2026-05-18T14:46:40.393+0000] {logging_mixin.py:190} INFO - [2026-05-18T14:46:40.393+0000] {dag.py:4180} INFO - Setting next_dagrun for example_subdag_operator.section-1 to None, run_after=None
[2026-05-18T14:46:40.394+0000] {logging_mixin.py:190} INFO - [2026-05-18T14:46:40.394+0000] {dag.py:4180} INFO - Setting next_dagrun for example_subdag_operator.section-2 to None, run_after=None
[2026-05-18T14:46:40.431+0000] {processor.py:208} INFO - Processing /usr/local/python/3.12.1/lib/python3.12/site-packages/airflow/example_dags/example_subdag_operator.py took 0.169 seconds
[2026-05-18T14:47:32.953+0000] {processor.py:186} INFO - Started process (PID=40989) to work on /usr/local/python/3.12.1/lib/python3.12/site-packages/airflow/example_dags/example_subdag_operator.py
[2026-05-18T14:47:32.954+0000] {processor.py:914} INFO - Processing file /usr/local/python/3.12.1/lib/python3.12/site-packages/airflow/example_dags/example_subdag_operator.py for tasks to queue
[2026-05-18T14:47:32.956+0000] {logging_mixin.py:190} INFO - [2026-05-18T14:47:32.956+0000] {dagbag.py:588} INFO - Filling up the DagBag from /usr/local/python/3.12.1/lib/python3.12/site-packages/airflow/example_dags/example_subdag_operator.py
[2026-05-18T14:47:32.976+0000] {processor.py:925} INFO - DAG(s) 'example_subdag_operator.section-1', 'example_subdag_operator.section-2', 'example_subdag_operator' retrieved from /usr/local/python/3.12.1/lib/python3.12/site-packages/airflow/example_dags/example_subdag_operator.py
[2026-05-18T14:47:32.990+0000] {logging_mixin.py:190} INFO - [2026-05-18T14:47:32.989+0000] {dag.py:3239} INFO - Sync 3 DAGs
[2026-05-18T14:47:33.005+0000] {logging_mixin.py:190} INFO - [2026-05-18T14:47:33.005+0000] {dag.py:4180} INFO - Setting next_dagrun for example_subdag_operator to 2022-01-01 00:00:00+00:00, run_after=2022-01-01 00:00:00+00:00
[2026-05-18T14:47:33.008+0000] {logging_mixin.py:190} INFO - [2026-05-18T14:47:33.007+0000] {dag.py:4180} INFO - Setting next_dagrun for example_subdag_operator.section-1 to None, run_after=None
[2026-05-18T14:47:33.008+0000] {logging_mixin.py:190} INFO - [2026-05-18T14:47:33.008+0000] {dag.py:4180} INFO - Setting next_dagrun for example_subdag_operator.section-2 to None, run_after=None
[2026-05-18T14:47:33.013+0000] {logging_mixin.py:190} INFO - [2026-05-18T14:47:33.013+0000] {dag.py:3239} INFO - Sync 2 DAGs
[2026-05-18T14:47:33.015+0000] {logging_mixin.py:190} INFO - [2026-05-18T14:47:33.015+0000] {dag.py:4180} INFO - Setting next_dagrun for example_subdag_operator.section-1 to None, run_after=None
[2026-05-18T14:47:33.016+0000] {logging_mixin.py:190} INFO - [2026-05-18T14:47:33.016+0000] {dag.py:4180} INFO - Setting next_dagrun for example_subdag_operator.section-2 to None, run_after=None
[2026-05-18T14:47:33.026+0000] {processor.py:208} INFO - Processing /usr/local/python/3.12.1/lib/python3.12/site-packages/airflow/example_dags/example_subdag_operator.py took 0.077 seconds
[2026-05-18T14:48:24.464+0000] {processor.py:186} INFO - Started process (PID=41448) to work on /usr/local/python/3.12.1/lib/python3.12/site-packages/airflow/example_dags/example_subdag_operator.py
[2026-05-18T14:48:24.465+0000] {processor.py:914} INFO - Processing file /usr/local/python/3.12.1/lib/python3.12/site-packages/airflow/example_dags/example_subdag_operator.py for tasks to queue
[2026-05-18T14:48:24.469+0000] {logging_mixin.py:190} INFO - [2026-05-18T14:48:24.468+0000] {dagbag.py:588} INFO - Filling up the DagBag from /usr/local/python/3.12.1/lib/python3.12/site-packages/airflow/example_dags/example_subdag_operator.py
[2026-05-18T14:48:24.489+0000] {processor.py:925} INFO - DAG(s) 'example_subdag_operator.section-1', 'example_subdag_operator.section-2', 'example_subdag_operator' retrieved from /usr/local/python/3.12.1/lib/python3.12/site-packages/airflow/example_dags/example_subdag_operator.py
[2026-05-18T14:48:24.501+0000] {logging_mixin.py:190} INFO - [2026-05-18T14:48:24.501+0000] {dag.py:3239} INFO - Sync 3 DAGs
[2026-05-18T14:48:24.519+0000] {logging_mixin.py:190} INFO - [2026-05-18T14:48:24.519+0000] {dag.py:4180} INFO - Setting next_dagrun for example_subdag_operator to 2022-01-01 00:00:00+00:00, run_after=2022-01-01 00:00:00+00:00
[2026-05-18T14:48:24.522+0000] {logging_mixin.py:190} INFO - [2026-05-18T14:48:24.522+0000] {dag.py:4180} INFO - Setting next_dagrun for example_subdag_operator.section-1 to None, run_after=None
[2026-05-18T14:48:24.523+0000] {logging_mixin.py:190} INFO - [2026-05-18T14:48:24.523+0000] {dag.py:4180} INFO - Setting next_dagrun for example_subdag_operator.section-2 to None, run_after=None
[2026-05-18T14:48:24.527+0000] {logging_mixin.py:190} INFO - [2026-05-18T14:48:24.527+0000] {dag.py:3239} INFO - Sync 2 DAGs
[2026-05-18T14:48:24.530+0000] {logging_mixin.py:190} INFO - [2026-05-18T14:48:24.530+0000] {dag.py:4180} INFO - Setting next_dagrun for example_subdag_operator.section-1 to None, run_after=None
[2026-05-18T14:48:24.531+0000] {logging_mixin.py:190} INFO - [2026-05-18T14:48:24.531+0000] {dag.py:4180} INFO - Setting next_dagrun for example_subdag_operator.section-2 to None, run_after=None
[2026-05-18T14:48:24.541+0000] {processor.py:208} INFO - Processing /usr/local/python/3.12.1/lib/python3.12/site-packages/airflow/example_dags/example_subdag_operator.py took 0.094 seconds
[2026-05-18T14:49:18.320+0000] {processor.py:186} INFO - Started process (PID=41907) to work on /usr/local/python/3.12.1/lib/python3.12/site-packages/airflow/example_dags/example_subdag_operator.py
[2026-05-18T14:49:18.321+0000] {processor.py:914} INFO - Processing file /usr/local/python/3.12.1/lib/python3.12/site-packages/airflow/example_dags/example_subdag_operator.py for tasks to queue
[2026-05-18T14:49:18.323+0000] {logging_mixin.py:190} INFO - [2026-05-18T14:49:18.322+0000] {dagbag.py:588} INFO - Filling up the DagBag from /usr/local/python/3.12.1/lib/python3.12/site-packages/airflow/example_dags/example_subdag_operator.py
[2026-05-18T14:49:18.342+0000] {processor.py:925} INFO - DAG(s) 'example_subdag_operator.section-1', 'example_subdag_operator.section-2', 'example_subdag_operator' retrieved from /usr/local/python/3.12.1/lib/python3.12/site-packages/airflow/example_dags/example_subdag_operator.py
[2026-05-18T14:49:18.353+0000] {logging_mixin.py:190} INFO - [2026-05-18T14:49:18.353+0000] {dag.py:3239} INFO - Sync 3 DAGs
[2026-05-18T14:49:18.370+0000] {logging_mixin.py:190} INFO - [2026-05-18T14:49:18.370+0000] {dag.py:4180} INFO - Setting next_dagrun for example_subdag_operator to 2022-01-01 00:00:00+00:00, run_after=2022-01-01 00:00:00+00:00
[2026-05-18T14:49:18.373+0000] {logging_mixin.py:190} INFO - [2026-05-18T14:49:18.373+0000] {dag.py:4180} INFO - Setting next_dagrun for example_subdag_operator.section-1 to None, run_after=None
[2026-05-18T14:49:18.375+0000] {logging_mixin.py:190} INFO - [2026-05-18T14:49:18.374+0000] {dag.py:4180} INFO - Setting next_dagrun for example_subdag_operator.section-2 to None, run_after=None
[2026-05-18T14:49:18.380+0000] {logging_mixin.py:190} INFO - [2026-05-18T14:49:18.380+0000] {dag.py:3239} INFO - Sync 2 DAGs
[2026-05-18T14:49:18.385+0000] {logging_mixin.py:190} INFO - [2026-05-18T14:49:18.384+0000] {dag.py:4180} INFO - Setting next_dagrun for example_subdag_operator.section-1 to None, run_after=None
[2026-05-18T14:49:18.385+0000] {logging_mixin.py:190} INFO - [2026-05-18T14:49:18.385+0000] {dag.py:4180} INFO - Setting next_dagrun for example_subdag_operator.section-2 to None, run_after=None
[2026-05-18T14:49:18.396+0000] {processor.py:208} INFO - Processing /usr/local/python/3.12.1/lib/python3.12/site-packages/airflow/example_dags/example_subdag_operator.py took 0.080 seconds
[2026-05-18T14:50:11.607+0000] {processor.py:186} INFO - Started process (PID=42379) to work on /usr/local/python/3.12.1/lib/python3.12/site-packages/airflow/example_dags/example_subdag_operator.py
[2026-05-18T14:50:11.608+0000] {processor.py:914} INFO - Processing file /usr/local/python/3.12.1/lib/python3.12/site-packages/airflow/example_dags/example_subdag_operator.py for tasks to queue
[2026-05-18T14:50:11.610+0000] {logging_mixin.py:190} INFO - [2026-05-18T14:50:11.609+0000] {dagbag.py:588} INFO - Filling up the DagBag from /usr/local/python/3.12.1/lib/python3.12/site-packages/airflow/example_dags/example_subdag_operator.py
[2026-05-18T14:50:11.626+0000] {processor.py:925} INFO - DAG(s) 'example_subdag_operator.section-1', 'example_subdag_operator.section-2', 'example_subdag_operator' retrieved from /usr/local/python/3.12.1/lib/python3.12/site-packages/airflow/example_dags/example_subdag_operator.py
[2026-05-18T14:50:11.637+0000] {logging_mixin.py:190} INFO - [2026-05-18T14:50:11.637+0000] {dag.py:3239} INFO - Sync 3 DAGs
[2026-05-18T14:50:11.652+0000] {logging_mixin.py:190} INFO - [2026-05-18T14:50:11.652+0000] {dag.py:4180} INFO - Setting next_dagrun for example_subdag_operator to 2022-01-01 00:00:00+00:00, run_after=2022-01-01 00:00:00+00:00
[2026-05-18T14:50:11.655+0000] {logging_mixin.py:190} INFO - [2026-05-18T14:50:11.655+0000] {dag.py:4180} INFO - Setting next_dagrun for example_subdag_operator.section-1 to None, run_after=None
[2026-05-18T14:50:11.656+0000] {logging_mixin.py:190} INFO - [2026-05-18T14:50:11.656+0000] {dag.py:4180} INFO - Setting next_dagrun for example_subdag_operator.section-2 to None, run_after=None
[2026-05-18T14:50:11.660+0000] {logging_mixin.py:190} INFO - [2026-05-18T14:50:11.660+0000] {dag.py:3239} INFO - Sync 2 DAGs
[2026-05-18T14:50:11.663+0000] {logging_mixin.py:190} INFO - [2026-05-18T14:50:11.663+0000] {dag.py:4180} INFO - Setting next_dagrun for example_subdag_operator.section-1 to None, run_after=None
[2026-05-18T14:50:11.663+0000] {logging_mixin.py:190} INFO - [2026-05-18T14:50:11.663+0000] {dag.py:4180} INFO - Setting next_dagrun for example_subdag_operator.section-2 to None, run_after=None
[2026-05-18T14:50:11.674+0000] {processor.py:208} INFO - Processing /usr/local/python/3.12.1/lib/python3.12/site-packages/airflow/example_dags/example_subdag_operator.py took 0.072 seconds
[2026-05-18T14:50:59.012+0000] {processor.py:186} INFO - Started process (PID=42876) to work on /usr/local/python/3.12.1/lib/python3.12/site-packages/airflow/example_dags/example_subdag_operator.py
[2026-05-18T14:50:59.013+0000] {processor.py:914} INFO - Processing file /usr/local/python/3.12.1/lib/python3.12/site-packages/airflow/example_dags/example_subdag_operator.py for tasks to queue
[2026-05-18T14:50:59.014+0000] {logging_mixin.py:190} INFO - [2026-05-18T14:50:59.014+0000] {dagbag.py:588} INFO - Filling up the DagBag from /usr/local/python/3.12.1/lib/python3.12/site-packages/airflow/example_dags/example_subdag_operator.py
[2026-05-18T14:50:59.034+0000] {processor.py:925} INFO - DAG(s) 'example_subdag_operator.section-1', 'example_subdag_operator.section-2', 'example_subdag_operator' retrieved from /usr/local/python/3.12.1/lib/python3.12/site-packages/airflow/example_dags/example_subdag_operator.py
[2026-05-18T14:50:59.045+0000] {logging_mixin.py:190} INFO - [2026-05-18T14:50:59.045+0000] {dag.py:3239} INFO - Sync 3 DAGs
[2026-05-18T14:50:59.062+0000] {logging_mixin.py:190} INFO - [2026-05-18T14:50:59.062+0000] {dag.py:4180} INFO - Setting next_dagrun for example_subdag_operator to 2022-01-01 00:00:00+00:00, run_after=2022-01-01 00:00:00+00:00
[2026-05-18T14:50:59.065+0000] {logging_mixin.py:190} INFO - [2026-05-18T14:50:59.065+0000] {dag.py:4180} INFO - Setting next_dagrun for example_subdag_operator.section-1 to None, run_after=None
[2026-05-18T14:50:59.066+0000] {logging_mixin.py:190} INFO - [2026-05-18T14:50:59.066+0000] {dag.py:4180} INFO - Setting next_dagrun for example_subdag_operator.section-2 to None, run_after=None
[2026-05-18T14:50:59.072+0000] {logging_mixin.py:190} INFO - [2026-05-18T14:50:59.072+0000] {dag.py:3239} INFO - Sync 2 DAGs
[2026-05-18T14:50:59.076+0000] {logging_mixin.py:190} INFO - [2026-05-18T14:50:59.076+0000] {dag.py:4180} INFO - Setting next_dagrun for example_subdag_operator.section-1 to None, run_after=None
[2026-05-18T14:50:59.076+0000] {logging_mixin.py:190} INFO - [2026-05-18T14:50:59.076+0000] {dag.py:4180} INFO - Setting next_dagrun for example_subdag_operator.section-2 to None, run_after=None
[2026-05-18T14:50:59.087+0000] {processor.py:208} INFO - Processing /usr/local/python/3.12.1/lib/python3.12/site-packages/airflow/example_dags/example_subdag_operator.py took 0.080 seconds
[2026-05-18T14:51:48.990+0000] {processor.py:186} INFO - Started process (PID=43261) to work on /usr/local/python/3.12.1/lib/python3.12/site-packages/airflow/example_dags/example_subdag_operator.py
[2026-05-18T14:51:48.991+0000] {processor.py:914} INFO - Processing file /usr/local/python/3.12.1/lib/python3.12/site-packages/airflow/example_dags/example_subdag_operator.py for tasks to queue
[2026-05-18T14:51:48.993+0000] {logging_mixin.py:190} INFO - [2026-05-18T14:51:48.993+0000] {dagbag.py:588} INFO - Filling up the DagBag from /usr/local/python/3.12.1/lib/python3.12/site-packages/airflow/example_dags/example_subdag_operator.py
[2026-05-18T14:51:49.010+0000] {processor.py:925} INFO - DAG(s) 'example_subdag_operator.section-1', 'example_subdag_operator.section-2', 'example_subdag_operator' retrieved from /usr/local/python/3.12.1/lib/python3.12/site-packages/airflow/example_dags/example_subdag_operator.py
[2026-05-18T14:51:49.022+0000] {logging_mixin.py:190} INFO - [2026-05-18T14:51:49.021+0000] {dag.py:3239} INFO - Sync 3 DAGs
[2026-05-18T14:51:49.037+0000] {logging_mixin.py:190} INFO - [2026-05-18T14:51:49.037+0000] {dag.py:4180} INFO - Setting next_dagrun for example_subdag_operator to 2022-01-01 00:00:00+00:00, run_after=2022-01-01 00:00:00+00:00
[2026-05-18T14:51:49.040+0000] {logging_mixin.py:190} INFO - [2026-05-18T14:51:49.040+0000] {dag.py:4180} INFO - Setting next_dagrun for example_subdag_operator.section-1 to None, run_after=None
[2026-05-18T14:51:49.041+0000] {logging_mixin.py:190} INFO - [2026-05-18T14:51:49.041+0000] {dag.py:4180} INFO - Setting next_dagrun for example_subdag_operator.section-2 to None, run_after=None
[2026-05-18T14:51:49.046+0000] {logging_mixin.py:190} INFO - [2026-05-18T14:51:49.046+0000] {dag.py:3239} INFO - Sync 2 DAGs
[2026-05-18T14:51:49.050+0000] {logging_mixin.py:190} INFO - [2026-05-18T14:51:49.050+0000] {dag.py:4180} INFO - Setting next_dagrun for example_subdag_operator.section-1 to None, run_after=None
[2026-05-18T14:51:49.051+0000] {logging_mixin.py:190} INFO - [2026-05-18T14:51:49.051+0000] {dag.py:4180} INFO - Setting next_dagrun for example_subdag_operator.section-2 to None, run_after=None
[2026-05-18T14:51:49.061+0000] {processor.py:208} INFO - Processing /usr/local/python/3.12.1/lib/python3.12/site-packages/airflow/example_dags/example_subdag_operator.py took 0.075 seconds
[2026-05-18T14:52:38.632+0000] {processor.py:186} INFO - Started process (PID=43704) to work on /usr/local/python/3.12.1/lib/python3.12/site-packages/airflow/example_dags/example_subdag_operator.py
[2026-05-18T14:52:38.633+0000] {processor.py:914} INFO - Processing file /usr/local/python/3.12.1/lib/python3.12/site-packages/airflow/example_dags/example_subdag_operator.py for tasks to queue
[2026-05-18T14:52:38.635+0000] {logging_mixin.py:190} INFO - [2026-05-18T14:52:38.634+0000] {dagbag.py:588} INFO - Filling up the DagBag from /usr/local/python/3.12.1/lib/python3.12/site-packages/airflow/example_dags/example_subdag_operator.py
[2026-05-18T14:52:38.655+0000] {processor.py:925} INFO - DAG(s) 'example_subdag_operator.section-1', 'example_subdag_operator.section-2', 'example_subdag_operator' retrieved from /usr/local/python/3.12.1/lib/python3.12/site-packages/airflow/example_dags/example_subdag_operator.py
[2026-05-18T14:52:38.667+0000] {logging_mixin.py:190} INFO - [2026-05-18T14:52:38.667+0000] {dag.py:3239} INFO - Sync 3 DAGs
[2026-05-18T14:52:38.689+0000] {logging_mixin.py:190} INFO - [2026-05-18T14:52:38.689+0000] {dag.py:4180} INFO - Setting next_dagrun for example_subdag_operator to 2022-01-01 00:00:00+00:00, run_after=2022-01-01 00:00:00+00:00
[2026-05-18T14:52:38.693+0000] {logging_mixin.py:190} INFO - [2026-05-18T14:52:38.693+0000] {dag.py:4180} INFO - Setting next_dagrun for example_subdag_operator.section-1 to None, run_after=None
[2026-05-18T14:52:38.694+0000] {logging_mixin.py:190} INFO - [2026-05-18T14:52:38.694+0000] {dag.py:4180} INFO - Setting next_dagrun for example_subdag_operator.section-2 to None, run_after=None
[2026-05-18T14:52:38.700+0000] {logging_mixin.py:190} INFO - [2026-05-18T14:52:38.700+0000] {dag.py:3239} INFO - Sync 2 DAGs
[2026-05-18T14:52:38.704+0000] {logging_mixin.py:190} INFO - [2026-05-18T14:52:38.704+0000] {dag.py:4180} INFO - Setting next_dagrun for example_subdag_operator.section-1 to None, run_after=None
[2026-05-18T14:52:38.709+0000] {logging_mixin.py:190} INFO - [2026-05-18T14:52:38.708+0000] {dag.py:4180} INFO - Setting next_dagrun for example_subdag_operator.section-2 to None, run_after=None
[2026-05-18T14:52:38.745+0000] {processor.py:208} INFO - Processing /usr/local/python/3.12.1/lib/python3.12/site-packages/airflow/example_dags/example_subdag_operator.py took 0.117 seconds
[2026-05-18T14:53:27.707+0000] {processor.py:186} INFO - Started process (PID=44132) to work on /usr/local/python/3.12.1/lib/python3.12/site-packages/airflow/example_dags/example_subdag_operator.py
[2026-05-18T14:53:27.708+0000] {processor.py:914} INFO - Processing file /usr/local/python/3.12.1/lib/python3.12/site-packages/airflow/example_dags/example_subdag_operator.py for tasks to queue
[2026-05-18T14:53:27.710+0000] {logging_mixin.py:190} INFO - [2026-05-18T14:53:27.709+0000] {dagbag.py:588} INFO - Filling up the DagBag from /usr/local/python/3.12.1/lib/python3.12/site-packages/airflow/example_dags/example_subdag_operator.py
[2026-05-18T14:53:27.727+0000] {processor.py:925} INFO - DAG(s) 'example_subdag_operator.section-1', 'example_subdag_operator.section-2', 'example_subdag_operator' retrieved from /usr/local/python/3.12.1/lib/python3.12/site-packages/airflow/example_dags/example_subdag_operator.py
[2026-05-18T14:53:27.739+0000] {logging_mixin.py:190} INFO - [2026-05-18T14:53:27.739+0000] {dag.py:3239} INFO - Sync 3 DAGs
[2026-05-18T14:53:27.755+0000] {logging_mixin.py:190} INFO - [2026-05-18T14:53:27.755+0000] {dag.py:4180} INFO - Setting next_dagrun for example_subdag_operator to 2022-01-01 00:00:00+00:00, run_after=2022-01-01 00:00:00+00:00
[2026-05-18T14:53:27.758+0000] {logging_mixin.py:190} INFO - [2026-05-18T14:53:27.758+0000] {dag.py:4180} INFO - Setting next_dagrun for example_subdag_operator.section-1 to None, run_after=None
[2026-05-18T14:53:27.759+0000] {logging_mixin.py:190} INFO - [2026-05-18T14:53:27.759+0000] {dag.py:4180} INFO - Setting next_dagrun for example_subdag_operator.section-2 to None, run_after=None
[2026-05-18T14:53:27.765+0000] {logging_mixin.py:190} INFO - [2026-05-18T14:53:27.765+0000] {dag.py:3239} INFO - Sync 2 DAGs
[2026-05-18T14:53:27.769+0000] {logging_mixin.py:190} INFO - [2026-05-18T14:53:27.769+0000] {dag.py:4180} INFO - Setting next_dagrun for example_subdag_operator.section-1 to None, run_after=None
[2026-05-18T14:53:27.770+0000] {logging_mixin.py:190} INFO - [2026-05-18T14:53:27.769+0000] {dag.py:4180} INFO - Setting next_dagrun for example_subdag_operator.section-2 to None, run_after=None
[2026-05-18T14:53:27.784+0000] {processor.py:208} INFO - Processing /usr/local/python/3.12.1/lib/python3.12/site-packages/airflow/example_dags/example_subdag_operator.py took 0.081 seconds
[2026-05-18T14:54:16.594+0000] {processor.py:186} INFO - Started process (PID=44578) to work on /usr/local/python/3.12.1/lib/python3.12/site-packages/airflow/example_dags/example_subdag_operator.py
[2026-05-18T14:54:16.595+0000] {processor.py:914} INFO - Processing file /usr/local/python/3.12.1/lib/python3.12/site-packages/airflow/example_dags/example_subdag_operator.py for tasks to queue
[2026-05-18T14:54:16.597+0000] {logging_mixin.py:190} INFO - [2026-05-18T14:54:16.596+0000] {dagbag.py:588} INFO - Filling up the DagBag from /usr/local/python/3.12.1/lib/python3.12/site-packages/airflow/example_dags/example_subdag_operator.py
[2026-05-18T14:54:16.616+0000] {processor.py:925} INFO - DAG(s) 'example_subdag_operator.section-1', 'example_subdag_operator.section-2', 'example_subdag_operator' retrieved from /usr/local/python/3.12.1/lib/python3.12/site-packages/airflow/example_dags/example_subdag_operator.py
[2026-05-18T14:54:16.631+0000] {logging_mixin.py:190} INFO - [2026-05-18T14:54:16.631+0000] {dag.py:3239} INFO - Sync 3 DAGs
[2026-05-18T14:54:16.648+0000] {logging_mixin.py:190} INFO - [2026-05-18T14:54:16.648+0000] {dag.py:4180} INFO - Setting next_dagrun for example_subdag_operator to 2022-01-01 00:00:00+00:00, run_after=2022-01-01 00:00:00+00:00
[2026-05-18T14:54:16.651+0000] {logging_mixin.py:190} INFO - [2026-05-18T14:54:16.651+0000] {dag.py:4180} INFO - Setting next_dagrun for example_subdag_operator.section-1 to None, run_after=None
[2026-05-18T14:54:16.652+0000] {logging_mixin.py:190} INFO - [2026-05-18T14:54:16.651+0000] {dag.py:4180} INFO - Setting next_dagrun for example_subdag_operator.section-2 to None, run_after=None
[2026-05-18T14:54:16.656+0000] {logging_mixin.py:190} INFO - [2026-05-18T14:54:16.656+0000] {dag.py:3239} INFO - Sync 2 DAGs
[2026-05-18T14:54:16.660+0000] {logging_mixin.py:190} INFO - [2026-05-18T14:54:16.660+0000] {dag.py:4180} INFO - Setting next_dagrun for example_subdag_operator.section-1 to None, run_after=None
[2026-05-18T14:54:16.660+0000] {logging_mixin.py:190} INFO - [2026-05-18T14:54:16.660+0000] {dag.py:4180} INFO - Setting next_dagrun for example_subdag_operator.section-2 to None, run_after=None
[2026-05-18T14:54:16.674+0000] {processor.py:208} INFO - Processing /usr/local/python/3.12.1/lib/python3.12/site-packages/airflow/example_dags/example_subdag_operator.py took 0.084 seconds
[2026-05-18T14:55:06.831+0000] {processor.py:186} INFO - Started process (PID=45027) to work on /usr/local/python/3.12.1/lib/python3.12/site-packages/airflow/example_dags/example_subdag_operator.py
[2026-05-18T14:55:06.833+0000] {processor.py:914} INFO - Processing file /usr/local/python/3.12.1/lib/python3.12/site-packages/airflow/example_dags/example_subdag_operator.py for tasks to queue
[2026-05-18T14:55:06.838+0000] {logging_mixin.py:190} INFO - [2026-05-18T14:55:06.838+0000] {dagbag.py:588} INFO - Filling up the DagBag from /usr/local/python/3.12.1/lib/python3.12/site-packages/airflow/example_dags/example_subdag_operator.py
[2026-05-18T14:55:06.856+0000] {processor.py:925} INFO - DAG(s) 'example_subdag_operator.section-1', 'example_subdag_operator.section-2', 'example_subdag_operator' retrieved from /usr/local/python/3.12.1/lib/python3.12/site-packages/airflow/example_dags/example_subdag_operator.py
[2026-05-18T14:55:06.869+0000] {logging_mixin.py:190} INFO - [2026-05-18T14:55:06.868+0000] {dag.py:3239} INFO - Sync 3 DAGs
[2026-05-18T14:55:06.889+0000] {logging_mixin.py:190} INFO - [2026-05-18T14:55:06.888+0000] {dag.py:4180} INFO - Setting next_dagrun for example_subdag_operator to 2022-01-01 00:00:00+00:00, run_after=2022-01-01 00:00:00+00:00
[2026-05-18T14:55:06.893+0000] {logging_mixin.py:190} INFO - [2026-05-18T14:55:06.893+0000] {dag.py:4180} INFO - Setting next_dagrun for example_subdag_operator.section-1 to None, run_after=None
[2026-05-18T14:55:06.894+0000] {logging_mixin.py:190} INFO - [2026-05-18T14:55:06.894+0000] {dag.py:4180} INFO - Setting next_dagrun for example_subdag_operator.section-2 to None, run_after=None
[2026-05-18T14:55:06.900+0000] {logging_mixin.py:190} INFO - [2026-05-18T14:55:06.900+0000] {dag.py:3239} INFO - Sync 2 DAGs
[2026-05-18T14:55:06.904+0000] {logging_mixin.py:190} INFO - [2026-05-18T14:55:06.904+0000] {dag.py:4180} INFO - Setting next_dagrun for example_subdag_operator.section-1 to None, run_after=None
[2026-05-18T14:55:06.904+0000] {logging_mixin.py:190} INFO - [2026-05-18T14:55:06.904+0000] {dag.py:4180} INFO - Setting next_dagrun for example_subdag_operator.section-2 to None, run_after=None
[2026-05-18T14:55:06.914+0000] {processor.py:208} INFO - Processing /usr/local/python/3.12.1/lib/python3.12/site-packages/airflow/example_dags/example_subdag_operator.py took 0.096 seconds
[2026-05-18T14:55:56.679+0000] {processor.py:186} INFO - Started process (PID=45532) to work on /usr/local/python/3.12.1/lib/python3.12/site-packages/airflow/example_dags/example_subdag_operator.py
[2026-05-18T14:55:56.680+0000] {processor.py:914} INFO - Processing file /usr/local/python/3.12.1/lib/python3.12/site-packages/airflow/example_dags/example_subdag_operator.py for tasks to queue
[2026-05-18T14:55:56.681+0000] {logging_mixin.py:190} INFO - [2026-05-18T14:55:56.681+0000] {dagbag.py:588} INFO - Filling up the DagBag from /usr/local/python/3.12.1/lib/python3.12/site-packages/airflow/example_dags/example_subdag_operator.py
[2026-05-18T14:55:56.699+0000] {processor.py:925} INFO - DAG(s) 'example_subdag_operator.section-1', 'example_subdag_operator.section-2', 'example_subdag_operator' retrieved from /usr/local/python/3.12.1/lib/python3.12/site-packages/airflow/example_dags/example_subdag_operator.py
[2026-05-18T14:55:56.711+0000] {logging_mixin.py:190} INFO - [2026-05-18T14:55:56.711+0000] {dag.py:3239} INFO - Sync 3 DAGs
[2026-05-18T14:55:56.727+0000] {logging_mixin.py:190} INFO - [2026-05-18T14:55:56.727+0000] {dag.py:4180} INFO - Setting next_dagrun for example_subdag_operator to 2022-01-01 00:00:00+00:00, run_after=2022-01-01 00:00:00+00:00
[2026-05-18T14:55:56.730+0000] {logging_mixin.py:190} INFO - [2026-05-18T14:55:56.729+0000] {dag.py:4180} INFO - Setting next_dagrun for example_subdag_operator.section-1 to None, run_after=None
[2026-05-18T14:55:56.730+0000] {logging_mixin.py:190} INFO - [2026-05-18T14:55:56.730+0000] {dag.py:4180} INFO - Setting next_dagrun for example_subdag_operator.section-2 to None, run_after=None
[2026-05-18T14:55:56.735+0000] {logging_mixin.py:190} INFO - [2026-05-18T14:55:56.735+0000] {dag.py:3239} INFO - Sync 2 DAGs
[2026-05-18T14:55:56.738+0000] {logging_mixin.py:190} INFO - [2026-05-18T14:55:56.738+0000] {dag.py:4180} INFO - Setting next_dagrun for example_subdag_operator.section-1 to None, run_after=None
[2026-05-18T14:55:56.738+0000] {logging_mixin.py:190} INFO - [2026-05-18T14:55:56.738+0000] {dag.py:4180} INFO - Setting next_dagrun for example_subdag_operator.section-2 to None, run_after=None
[2026-05-18T14:55:56.750+0000] {processor.py:208} INFO - Processing /usr/local/python/3.12.1/lib/python3.12/site-packages/airflow/example_dags/example_subdag_operator.py took 0.076 seconds
[2026-05-18T14:56:44.531+0000] {processor.py:186} INFO - Started process (PID=45905) to work on /usr/local/python/3.12.1/lib/python3.12/site-packages/airflow/example_dags/example_subdag_operator.py
[2026-05-18T14:56:44.532+0000] {processor.py:914} INFO - Processing file /usr/local/python/3.12.1/lib/python3.12/site-packages/airflow/example_dags/example_subdag_operator.py for tasks to queue
[2026-05-18T14:56:44.534+0000] {logging_mixin.py:190} INFO - [2026-05-18T14:56:44.534+0000] {dagbag.py:588} INFO - Filling up the DagBag from /usr/local/python/3.12.1/lib/python3.12/site-packages/airflow/example_dags/example_subdag_operator.py
[2026-05-18T14:56:44.552+0000] {processor.py:925} INFO - DAG(s) 'example_subdag_operator.section-1', 'example_subdag_operator.section-2', 'example_subdag_operator' retrieved from /usr/local/python/3.12.1/lib/python3.12/site-packages/airflow/example_dags/example_subdag_operator.py
[2026-05-18T14:56:44.563+0000] {logging_mixin.py:190} INFO - [2026-05-18T14:56:44.563+0000] {dag.py:3239} INFO - Sync 3 DAGs
[2026-05-18T14:56:44.585+0000] {logging_mixin.py:190} INFO - [2026-05-18T14:56:44.585+0000] {dag.py:4180} INFO - Setting next_dagrun for example_subdag_operator to 2022-01-01 00:00:00+00:00, run_after=2022-01-01 00:00:00+00:00
[2026-05-18T14:56:44.588+0000] {logging_mixin.py:190} INFO - [2026-05-18T14:56:44.587+0000] {dag.py:4180} INFO - Setting next_dagrun for example_subdag_operator.section-1 to None, run_after=None
[2026-05-18T14:56:44.588+0000] {logging_mixin.py:190} INFO - [2026-05-18T14:56:44.588+0000] {dag.py:4180} INFO - Setting next_dagrun for example_subdag_operator.section-2 to None, run_after=None
[2026-05-18T14:56:44.593+0000] {logging_mixin.py:190} INFO - [2026-05-18T14:56:44.593+0000] {dag.py:3239} INFO - Sync 2 DAGs
[2026-05-18T14:56:44.596+0000] {logging_mixin.py:190} INFO - [2026-05-18T14:56:44.596+0000] {dag.py:4180} INFO - Setting next_dagrun for example_subdag_operator.section-1 to None, run_after=None
[2026-05-18T14:56:44.597+0000] {logging_mixin.py:190} INFO - [2026-05-18T14:56:44.596+0000] {dag.py:4180} INFO - Setting next_dagrun for example_subdag_operator.section-2 to None, run_after=None
[2026-05-18T14:56:44.608+0000] {processor.py:208} INFO - Processing /usr/local/python/3.12.1/lib/python3.12/site-packages/airflow/example_dags/example_subdag_operator.py took 0.081 seconds
[2026-05-18T14:57:32.425+0000] {processor.py:186} INFO - Started process (PID=46340) to work on /usr/local/python/3.12.1/lib/python3.12/site-packages/airflow/example_dags/example_subdag_operator.py
[2026-05-18T14:57:32.427+0000] {processor.py:914} INFO - Processing file /usr/local/python/3.12.1/lib/python3.12/site-packages/airflow/example_dags/example_subdag_operator.py for tasks to queue
[2026-05-18T14:57:32.431+0000] {logging_mixin.py:190} INFO - [2026-05-18T14:57:32.429+0000] {dagbag.py:588} INFO - Filling up the DagBag from /usr/local/python/3.12.1/lib/python3.12/site-packages/airflow/example_dags/example_subdag_operator.py
[2026-05-18T14:57:32.463+0000] {processor.py:925} INFO - DAG(s) 'example_subdag_operator.section-1', 'example_subdag_operator.section-2', 'example_subdag_operator' retrieved from /usr/local/python/3.12.1/lib/python3.12/site-packages/airflow/example_dags/example_subdag_operator.py
[2026-05-18T14:57:32.481+0000] {logging_mixin.py:190} INFO - [2026-05-18T14:57:32.481+0000] {dag.py:3239} INFO - Sync 3 DAGs
[2026-05-18T14:57:32.502+0000] {logging_mixin.py:190} INFO - [2026-05-18T14:57:32.501+0000] {dag.py:4180} INFO - Setting next_dagrun for example_subdag_operator to 2022-01-01 00:00:00+00:00, run_after=2022-01-01 00:00:00+00:00
[2026-05-18T14:57:32.505+0000] {logging_mixin.py:190} INFO - [2026-05-18T14:57:32.505+0000] {dag.py:4180} INFO - Setting next_dagrun for example_subdag_operator.section-1 to None, run_after=None
[2026-05-18T14:57:32.506+0000] {logging_mixin.py:190} INFO - [2026-05-18T14:57:32.506+0000] {dag.py:4180} INFO - Setting next_dagrun for example_subdag_operator.section-2 to None, run_after=None
[2026-05-18T14:57:32.511+0000] {logging_mixin.py:190} INFO - [2026-05-18T14:57:32.511+0000] {dag.py:3239} INFO - Sync 2 DAGs
[2026-05-18T14:57:32.515+0000] {logging_mixin.py:190} INFO - [2026-05-18T14:57:32.514+0000] {dag.py:4180} INFO - Setting next_dagrun for example_subdag_operator.section-1 to None, run_after=None
[2026-05-18T14:57:32.515+0000] {logging_mixin.py:190} INFO - [2026-05-18T14:57:32.515+0000] {dag.py:4180} INFO - Setting next_dagrun for example_subdag_operator.section-2 to None, run_after=None
[2026-05-18T14:57:32.526+0000] {processor.py:208} INFO - Processing /usr/local/python/3.12.1/lib/python3.12/site-packages/airflow/example_dags/example_subdag_operator.py took 0.116 seconds
[2026-05-18T14:58:23.758+0000] {processor.py:186} INFO - Started process (PID=46792) to work on /usr/local/python/3.12.1/lib/python3.12/site-packages/airflow/example_dags/example_subdag_operator.py
[2026-05-18T14:58:23.759+0000] {processor.py:914} INFO - Processing file /usr/local/python/3.12.1/lib/python3.12/site-packages/airflow/example_dags/example_subdag_operator.py for tasks to queue
[2026-05-18T14:58:23.761+0000] {logging_mixin.py:190} INFO - [2026-05-18T14:58:23.760+0000] {dagbag.py:588} INFO - Filling up the DagBag from /usr/local/python/3.12.1/lib/python3.12/site-packages/airflow/example_dags/example_subdag_operator.py
[2026-05-18T14:58:23.782+0000] {processor.py:925} INFO - DAG(s) 'example_subdag_operator.section-1', 'example_subdag_operator.section-2', 'example_subdag_operator' retrieved from /usr/local/python/3.12.1/lib/python3.12/site-packages/airflow/example_dags/example_subdag_operator.py
[2026-05-18T14:58:23.795+0000] {logging_mixin.py:190} INFO - [2026-05-18T14:58:23.795+0000] {dag.py:3239} INFO - Sync 3 DAGs
[2026-05-18T14:58:23.810+0000] {logging_mixin.py:190} INFO - [2026-05-18T14:58:23.810+0000] {dag.py:4180} INFO - Setting next_dagrun for example_subdag_operator to 2022-01-01 00:00:00+00:00, run_after=2022-01-01 00:00:00+00:00
[2026-05-18T14:58:23.813+0000] {logging_mixin.py:190} INFO - [2026-05-18T14:58:23.813+0000] {dag.py:4180} INFO - Setting next_dagrun for example_subdag_operator.section-1 to None, run_after=None
[2026-05-18T14:58:23.814+0000] {logging_mixin.py:190} INFO - [2026-05-18T14:58:23.813+0000] {dag.py:4180} INFO - Setting next_dagrun for example_subdag_operator.section-2 to None, run_after=None
[2026-05-18T14:58:23.818+0000] {logging_mixin.py:190} INFO - [2026-05-18T14:58:23.818+0000] {dag.py:3239} INFO - Sync 2 DAGs
[2026-05-18T14:58:23.821+0000] {logging_mixin.py:190} INFO - [2026-05-18T14:58:23.821+0000] {dag.py:4180} INFO - Setting next_dagrun for example_subdag_operator.section-1 to None, run_after=None
[2026-05-18T14:58:23.821+0000] {logging_mixin.py:190} INFO - [2026-05-18T14:58:23.821+0000] {dag.py:4180} INFO - Setting next_dagrun for example_subdag_operator.section-2 to None, run_after=None
[2026-05-18T14:58:23.833+0000] {processor.py:208} INFO - Processing /usr/local/python/3.12.1/lib/python3.12/site-packages/airflow/example_dags/example_subdag_operator.py took 0.079 seconds
[2026-05-18T14:59:14.831+0000] {processor.py:186} INFO - Started process (PID=47247) to work on /usr/local/python/3.12.1/lib/python3.12/site-packages/airflow/example_dags/example_subdag_operator.py
[2026-05-18T14:59:14.831+0000] {processor.py:914} INFO - Processing file /usr/local/python/3.12.1/lib/python3.12/site-packages/airflow/example_dags/example_subdag_operator.py for tasks to queue
[2026-05-18T14:59:14.833+0000] {logging_mixin.py:190} INFO - [2026-05-18T14:59:14.833+0000] {dagbag.py:588} INFO - Filling up the DagBag from /usr/local/python/3.12.1/lib/python3.12/site-packages/airflow/example_dags/example_subdag_operator.py
[2026-05-18T14:59:14.850+0000] {processor.py:925} INFO - DAG(s) 'example_subdag_operator.section-1', 'example_subdag_operator.section-2', 'example_subdag_operator' retrieved from /usr/local/python/3.12.1/lib/python3.12/site-packages/airflow/example_dags/example_subdag_operator.py
[2026-05-18T14:59:14.862+0000] {logging_mixin.py:190} INFO - [2026-05-18T14:59:14.861+0000] {dag.py:3239} INFO - Sync 3 DAGs
[2026-05-18T14:59:14.882+0000] {logging_mixin.py:190} INFO - [2026-05-18T14:59:14.882+0000] {dag.py:4180} INFO - Setting next_dagrun for example_subdag_operator to 2022-01-01 00:00:00+00:00, run_after=2022-01-01 00:00:00+00:00
[2026-05-18T14:59:14.886+0000] {logging_mixin.py:190} INFO - [2026-05-18T14:59:14.885+0000] {dag.py:4180} INFO - Setting next_dagrun for example_subdag_operator.section-1 to None, run_after=None
[2026-05-18T14:59:14.886+0000] {logging_mixin.py:190} INFO - [2026-05-18T14:59:14.886+0000] {dag.py:4180} INFO - Setting next_dagrun for example_subdag_operator.section-2 to None, run_after=None
[2026-05-18T14:59:14.891+0000] {logging_mixin.py:190} INFO - [2026-05-18T14:59:14.890+0000] {dag.py:3239} INFO - Sync 2 DAGs
[2026-05-18T14:59:14.894+0000] {logging_mixin.py:190} INFO - [2026-05-18T14:59:14.893+0000] {dag.py:4180} INFO - Setting next_dagrun for example_subdag_operator.section-1 to None, run_after=None
[2026-05-18T14:59:14.894+0000] {logging_mixin.py:190} INFO - [2026-05-18T14:59:14.894+0000] {dag.py:4180} INFO - Setting next_dagrun for example_subdag_operator.section-2 to None, run_after=None
[2026-05-18T14:59:14.904+0000] {processor.py:208} INFO - Processing /usr/local/python/3.12.1/lib/python3.12/site-packages/airflow/example_dags/example_subdag_operator.py took 0.078 seconds
[2026-05-18T15:00:06.486+0000] {processor.py:186} INFO - Started process (PID=47705) to work on /usr/local/python/3.12.1/lib/python3.12/site-packages/airflow/example_dags/example_subdag_operator.py
[2026-05-18T15:00:06.487+0000] {processor.py:914} INFO - Processing file /usr/local/python/3.12.1/lib/python3.12/site-packages/airflow/example_dags/example_subdag_operator.py for tasks to queue
[2026-05-18T15:00:06.489+0000] {logging_mixin.py:190} INFO - [2026-05-18T15:00:06.488+0000] {dagbag.py:588} INFO - Filling up the DagBag from /usr/local/python/3.12.1/lib/python3.12/site-packages/airflow/example_dags/example_subdag_operator.py
[2026-05-18T15:00:06.506+0000] {processor.py:925} INFO - DAG(s) 'example_subdag_operator.section-1', 'example_subdag_operator.section-2', 'example_subdag_operator' retrieved from /usr/local/python/3.12.1/lib/python3.12/site-packages/airflow/example_dags/example_subdag_operator.py
[2026-05-18T15:00:06.517+0000] {logging_mixin.py:190} INFO - [2026-05-18T15:00:06.517+0000] {dag.py:3239} INFO - Sync 3 DAGs
[2026-05-18T15:00:06.532+0000] {logging_mixin.py:190} INFO - [2026-05-18T15:00:06.532+0000] {dag.py:4180} INFO - Setting next_dagrun for example_subdag_operator to 2022-01-01 00:00:00+00:00, run_after=2022-01-01 00:00:00+00:00
[2026-05-18T15:00:06.535+0000] {logging_mixin.py:190} INFO - [2026-05-18T15:00:06.535+0000] {dag.py:4180} INFO - Setting next_dagrun for example_subdag_operator.section-1 to None, run_after=None
[2026-05-18T15:00:06.536+0000] {logging_mixin.py:190} INFO - [2026-05-18T15:00:06.535+0000] {dag.py:4180} INFO - Setting next_dagrun for example_subdag_operator.section-2 to None, run_after=None
[2026-05-18T15:00:06.540+0000] {logging_mixin.py:190} INFO - [2026-05-18T15:00:06.540+0000] {dag.py:3239} INFO - Sync 2 DAGs
[2026-05-18T15:00:06.543+0000] {logging_mixin.py:190} INFO - [2026-05-18T15:00:06.543+0000] {dag.py:4180} INFO - Setting next_dagrun for example_subdag_operator.section-1 to None, run_after=None
[2026-05-18T15:00:06.544+0000] {logging_mixin.py:190} INFO - [2026-05-18T15:00:06.544+0000] {dag.py:4180} INFO - Setting next_dagrun for example_subdag_operator.section-2 to None, run_after=None
[2026-05-18T15:00:06.554+0000] {processor.py:208} INFO - Processing /usr/local/python/3.12.1/lib/python3.12/site-packages/airflow/example_dags/example_subdag_operator.py took 0.072 seconds
[2026-05-18T15:00:57.575+0000] {processor.py:186} INFO - Started process (PID=48220) to work on /usr/local/python/3.12.1/lib/python3.12/site-packages/airflow/example_dags/example_subdag_operator.py
[2026-05-18T15:00:57.576+0000] {processor.py:914} INFO - Processing file /usr/local/python/3.12.1/lib/python3.12/site-packages/airflow/example_dags/example_subdag_operator.py for tasks to queue
[2026-05-18T15:00:57.578+0000] {logging_mixin.py:190} INFO - [2026-05-18T15:00:57.577+0000] {dagbag.py:588} INFO - Filling up the DagBag from /usr/local/python/3.12.1/lib/python3.12/site-packages/airflow/example_dags/example_subdag_operator.py
[2026-05-18T15:00:57.598+0000] {processor.py:925} INFO - DAG(s) 'example_subdag_operator.section-1', 'example_subdag_operator.section-2', 'example_subdag_operator' retrieved from /usr/local/python/3.12.1/lib/python3.12/site-packages/airflow/example_dags/example_subdag_operator.py
[2026-05-18T15:00:57.610+0000] {logging_mixin.py:190} INFO - [2026-05-18T15:00:57.609+0000] {dag.py:3239} INFO - Sync 3 DAGs
[2026-05-18T15:00:57.625+0000] {logging_mixin.py:190} INFO - [2026-05-18T15:00:57.625+0000] {dag.py:4180} INFO - Setting next_dagrun for example_subdag_operator to 2022-01-01 00:00:00+00:00, run_after=2022-01-01 00:00:00+00:00
[2026-05-18T15:00:57.628+0000] {logging_mixin.py:190} INFO - [2026-05-18T15:00:57.628+0000] {dag.py:4180} INFO - Setting next_dagrun for example_subdag_operator.section-1 to None, run_after=None
[2026-05-18T15:00:57.629+0000] {logging_mixin.py:190} INFO - [2026-05-18T15:00:57.629+0000] {dag.py:4180} INFO - Setting next_dagrun for example_subdag_operator.section-2 to None, run_after=None
[2026-05-18T15:00:57.634+0000] {logging_mixin.py:190} INFO - [2026-05-18T15:00:57.634+0000] {dag.py:3239} INFO - Sync 2 DAGs
[2026-05-18T15:00:57.637+0000] {logging_mixin.py:190} INFO - [2026-05-18T15:00:57.637+0000] {dag.py:4180} INFO - Setting next_dagrun for example_subdag_operator.section-1 to None, run_after=None
[2026-05-18T15:00:57.637+0000] {logging_mixin.py:190} INFO - [2026-05-18T15:00:57.637+0000] {dag.py:4180} INFO - Setting next_dagrun for example_subdag_operator.section-2 to None, run_after=None
[2026-05-18T15:00:57.650+0000] {processor.py:208} INFO - Processing /usr/local/python/3.12.1/lib/python3.12/site-packages/airflow/example_dags/example_subdag_operator.py took 0.081 seconds
[2026-05-18T15:01:47.628+0000] {processor.py:186} INFO - Started process (PID=48607) to work on /usr/local/python/3.12.1/lib/python3.12/site-packages/airflow/example_dags/example_subdag_operator.py
[2026-05-18T15:01:47.629+0000] {processor.py:914} INFO - Processing file /usr/local/python/3.12.1/lib/python3.12/site-packages/airflow/example_dags/example_subdag_operator.py for tasks to queue
[2026-05-18T15:01:47.631+0000] {logging_mixin.py:190} INFO - [2026-05-18T15:01:47.630+0000] {dagbag.py:588} INFO - Filling up the DagBag from /usr/local/python/3.12.1/lib/python3.12/site-packages/airflow/example_dags/example_subdag_operator.py
[2026-05-18T15:01:47.648+0000] {processor.py:925} INFO - DAG(s) 'example_subdag_operator.section-1', 'example_subdag_operator.section-2', 'example_subdag_operator' retrieved from /usr/local/python/3.12.1/lib/python3.12/site-packages/airflow/example_dags/example_subdag_operator.py
[2026-05-18T15:01:47.660+0000] {logging_mixin.py:190} INFO - [2026-05-18T15:01:47.660+0000] {dag.py:3239} INFO - Sync 3 DAGs
[2026-05-18T15:01:47.680+0000] {logging_mixin.py:190} INFO - [2026-05-18T15:01:47.679+0000] {dag.py:4180} INFO - Setting next_dagrun for example_subdag_operator to 2022-01-01 00:00:00+00:00, run_after=2022-01-01 00:00:00+00:00
[2026-05-18T15:01:47.684+0000] {logging_mixin.py:190} INFO - [2026-05-18T15:01:47.684+0000] {dag.py:4180} INFO - Setting next_dagrun for example_subdag_operator.section-1 to None, run_after=None
[2026-05-18T15:01:47.685+0000] {logging_mixin.py:190} INFO - [2026-05-18T15:01:47.685+0000] {dag.py:4180} INFO - Setting next_dagrun for example_subdag_operator.section-2 to None, run_after=None
[2026-05-18T15:01:47.689+0000] {logging_mixin.py:190} INFO - [2026-05-18T15:01:47.689+0000] {dag.py:3239} INFO - Sync 2 DAGs
[2026-05-18T15:01:47.692+0000] {logging_mixin.py:190} INFO - [2026-05-18T15:01:47.692+0000] {dag.py:4180} INFO - Setting next_dagrun for example_subdag_operator.section-1 to None, run_after=None
[2026-05-18T15:01:47.693+0000] {logging_mixin.py:190} INFO - [2026-05-18T15:01:47.693+0000] {dag.py:4180} INFO - Setting next_dagrun for example_subdag_operator.section-2 to None, run_after=None
[2026-05-18T15:01:47.703+0000] {processor.py:208} INFO - Processing /usr/local/python/3.12.1/lib/python3.12/site-packages/airflow/example_dags/example_subdag_operator.py took 0.079 seconds
[2026-05-18T15:02:39.361+0000] {processor.py:186} INFO - Started process (PID=49077) to work on /usr/local/python/3.12.1/lib/python3.12/site-packages/airflow/example_dags/example_subdag_operator.py
[2026-05-18T15:02:39.363+0000] {processor.py:914} INFO - Processing file /usr/local/python/3.12.1/lib/python3.12/site-packages/airflow/example_dags/example_subdag_operator.py for tasks to queue
[2026-05-18T15:02:39.367+0000] {logging_mixin.py:190} INFO - [2026-05-18T15:02:39.366+0000] {dagbag.py:588} INFO - Filling up the DagBag from /usr/local/python/3.12.1/lib/python3.12/site-packages/airflow/example_dags/example_subdag_operator.py
[2026-05-18T15:02:39.400+0000] {processor.py:925} INFO - DAG(s) 'example_subdag_operator.section-1', 'example_subdag_operator.section-2', 'example_subdag_operator' retrieved from /usr/local/python/3.12.1/lib/python3.12/site-packages/airflow/example_dags/example_subdag_operator.py
[2026-05-18T15:02:39.426+0000] {logging_mixin.py:190} INFO - [2026-05-18T15:02:39.426+0000] {dag.py:3239} INFO - Sync 3 DAGs
[2026-05-18T15:02:39.444+0000] {logging_mixin.py:190} INFO - [2026-05-18T15:02:39.443+0000] {dag.py:4180} INFO - Setting next_dagrun for example_subdag_operator to 2022-01-01 00:00:00+00:00, run_after=2022-01-01 00:00:00+00:00
[2026-05-18T15:02:39.447+0000] {logging_mixin.py:190} INFO - [2026-05-18T15:02:39.447+0000] {dag.py:4180} INFO - Setting next_dagrun for example_subdag_operator.section-1 to None, run_after=None
[2026-05-18T15:02:39.448+0000] {logging_mixin.py:190} INFO - [2026-05-18T15:02:39.447+0000] {dag.py:4180} INFO - Setting next_dagrun for example_subdag_operator.section-2 to None, run_after=None
[2026-05-18T15:02:39.452+0000] {logging_mixin.py:190} INFO - [2026-05-18T15:02:39.452+0000] {dag.py:3239} INFO - Sync 2 DAGs
[2026-05-18T15:02:39.455+0000] {logging_mixin.py:190} INFO - [2026-05-18T15:02:39.455+0000] {dag.py:4180} INFO - Setting next_dagrun for example_subdag_operator.section-1 to None, run_after=None
[2026-05-18T15:02:39.455+0000] {logging_mixin.py:190} INFO - [2026-05-18T15:02:39.455+0000] {dag.py:4180} INFO - Setting next_dagrun for example_subdag_operator.section-2 to None, run_after=None
[2026-05-18T15:02:39.466+0000] {processor.py:208} INFO - Processing /usr/local/python/3.12.1/lib/python3.12/site-packages/airflow/example_dags/example_subdag_operator.py took 0.111 seconds
[2026-05-18T15:03:31.300+0000] {processor.py:186} INFO - Started process (PID=49577) to work on /usr/local/python/3.12.1/lib/python3.12/site-packages/airflow/example_dags/example_subdag_operator.py
[2026-05-18T15:03:31.302+0000] {processor.py:914} INFO - Processing file /usr/local/python/3.12.1/lib/python3.12/site-packages/airflow/example_dags/example_subdag_operator.py for tasks to queue
[2026-05-18T15:03:31.307+0000] {logging_mixin.py:190} INFO - [2026-05-18T15:03:31.305+0000] {dagbag.py:588} INFO - Filling up the DagBag from /usr/local/python/3.12.1/lib/python3.12/site-packages/airflow/example_dags/example_subdag_operator.py
[2026-05-18T15:03:31.330+0000] {processor.py:925} INFO - DAG(s) 'example_subdag_operator.section-1', 'example_subdag_operator.section-2', 'example_subdag_operator' retrieved from /usr/local/python/3.12.1/lib/python3.12/site-packages/airflow/example_dags/example_subdag_operator.py
[2026-05-18T15:03:31.346+0000] {logging_mixin.py:190} INFO - [2026-05-18T15:03:31.346+0000] {dag.py:3239} INFO - Sync 3 DAGs
[2026-05-18T15:03:31.364+0000] {logging_mixin.py:190} INFO - [2026-05-18T15:03:31.364+0000] {dag.py:4180} INFO - Setting next_dagrun for example_subdag_operator to 2022-01-01 00:00:00+00:00, run_after=2022-01-01 00:00:00+00:00
[2026-05-18T15:03:31.368+0000] {logging_mixin.py:190} INFO - [2026-05-18T15:03:31.367+0000] {dag.py:4180} INFO - Setting next_dagrun for example_subdag_operator.section-1 to None, run_after=None
[2026-05-18T15:03:31.369+0000] {logging_mixin.py:190} INFO - [2026-05-18T15:03:31.369+0000] {dag.py:4180} INFO - Setting next_dagrun for example_subdag_operator.section-2 to None, run_after=None
[2026-05-18T15:03:31.375+0000] {logging_mixin.py:190} INFO - [2026-05-18T15:03:31.375+0000] {dag.py:3239} INFO - Sync 2 DAGs
[2026-05-18T15:03:31.379+0000] {logging_mixin.py:190} INFO - [2026-05-18T15:03:31.379+0000] {dag.py:4180} INFO - Setting next_dagrun for example_subdag_operator.section-1 to None, run_after=None
[2026-05-18T15:03:31.379+0000] {logging_mixin.py:190} INFO - [2026-05-18T15:03:31.379+0000] {dag.py:4180} INFO - Setting next_dagrun for example_subdag_operator.section-2 to None, run_after=None
[2026-05-18T15:03:31.397+0000] {processor.py:208} INFO - Processing /usr/local/python/3.12.1/lib/python3.12/site-packages/airflow/example_dags/example_subdag_operator.py took 0.106 seconds
[2026-05-18T15:04:45.464+0000] {processor.py:186} INFO - Started process (PID=50581) to work on /usr/local/python/3.12.1/lib/python3.12/site-packages/airflow/example_dags/example_subdag_operator.py
[2026-05-18T15:04:45.466+0000] {processor.py:914} INFO - Processing file /usr/local/python/3.12.1/lib/python3.12/site-packages/airflow/example_dags/example_subdag_operator.py for tasks to queue
[2026-05-18T15:04:45.467+0000] {logging_mixin.py:190} INFO - [2026-05-18T15:04:45.467+0000] {dagbag.py:588} INFO - Filling up the DagBag from /usr/local/python/3.12.1/lib/python3.12/site-packages/airflow/example_dags/example_subdag_operator.py
[2026-05-18T15:04:45.489+0000] {processor.py:925} INFO - DAG(s) 'example_subdag_operator.section-1', 'example_subdag_operator.section-2', 'example_subdag_operator' retrieved from /usr/local/python/3.12.1/lib/python3.12/site-packages/airflow/example_dags/example_subdag_operator.py
[2026-05-18T15:04:45.503+0000] {logging_mixin.py:190} INFO - [2026-05-18T15:04:45.503+0000] {dag.py:3239} INFO - Sync 3 DAGs
[2026-05-18T15:04:45.519+0000] {logging_mixin.py:190} INFO - [2026-05-18T15:04:45.518+0000] {dag.py:4180} INFO - Setting next_dagrun for example_subdag_operator to 2022-01-01 00:00:00+00:00, run_after=2022-01-01 00:00:00+00:00
[2026-05-18T15:04:45.521+0000] {logging_mixin.py:190} INFO - [2026-05-18T15:04:45.521+0000] {dag.py:4180} INFO - Setting next_dagrun for example_subdag_operator.section-1 to None, run_after=None
[2026-05-18T15:04:45.522+0000] {logging_mixin.py:190} INFO - [2026-05-18T15:04:45.522+0000] {dag.py:4180} INFO - Setting next_dagrun for example_subdag_operator.section-2 to None, run_after=None
[2026-05-18T15:04:45.527+0000] {logging_mixin.py:190} INFO - [2026-05-18T15:04:45.527+0000] {dag.py:3239} INFO - Sync 2 DAGs
[2026-05-18T15:04:45.530+0000] {logging_mixin.py:190} INFO - [2026-05-18T15:04:45.530+0000] {dag.py:4180} INFO - Setting next_dagrun for example_subdag_operator.section-1 to None, run_after=None
[2026-05-18T15:04:45.530+0000] {logging_mixin.py:190} INFO - [2026-05-18T15:04:45.530+0000] {dag.py:4180} INFO - Setting next_dagrun for example_subdag_operator.section-2 to None, run_after=None
[2026-05-18T15:04:45.541+0000] {processor.py:208} INFO - Processing /usr/local/python/3.12.1/lib/python3.12/site-packages/airflow/example_dags/example_subdag_operator.py took 0.081 seconds
[2026-05-18T15:05:41.799+0000] {processor.py:186} INFO - Started process (PID=51373) to work on /usr/local/python/3.12.1/lib/python3.12/site-packages/airflow/example_dags/example_subdag_operator.py
[2026-05-18T15:05:41.800+0000] {processor.py:914} INFO - Processing file /usr/local/python/3.12.1/lib/python3.12/site-packages/airflow/example_dags/example_subdag_operator.py for tasks to queue
[2026-05-18T15:05:41.801+0000] {logging_mixin.py:190} INFO - [2026-05-18T15:05:41.801+0000] {dagbag.py:588} INFO - Filling up the DagBag from /usr/local/python/3.12.1/lib/python3.12/site-packages/airflow/example_dags/example_subdag_operator.py
[2026-05-18T15:05:41.819+0000] {processor.py:925} INFO - DAG(s) 'example_subdag_operator.section-1', 'example_subdag_operator.section-2', 'example_subdag_operator' retrieved from /usr/local/python/3.12.1/lib/python3.12/site-packages/airflow/example_dags/example_subdag_operator.py
[2026-05-18T15:05:41.831+0000] {logging_mixin.py:190} INFO - [2026-05-18T15:05:41.831+0000] {dag.py:3239} INFO - Sync 3 DAGs
[2026-05-18T15:05:41.847+0000] {logging_mixin.py:190} INFO - [2026-05-18T15:05:41.847+0000] {dag.py:4180} INFO - Setting next_dagrun for example_subdag_operator to 2022-01-01 00:00:00+00:00, run_after=2022-01-01 00:00:00+00:00
[2026-05-18T15:05:41.850+0000] {logging_mixin.py:190} INFO - [2026-05-18T15:05:41.850+0000] {dag.py:4180} INFO - Setting next_dagrun for example_subdag_operator.section-1 to None, run_after=None
[2026-05-18T15:05:41.851+0000] {logging_mixin.py:190} INFO - [2026-05-18T15:05:41.851+0000] {dag.py:4180} INFO - Setting next_dagrun for example_subdag_operator.section-2 to None, run_after=None
[2026-05-18T15:05:41.856+0000] {logging_mixin.py:190} INFO - [2026-05-18T15:05:41.856+0000] {dag.py:3239} INFO - Sync 2 DAGs
[2026-05-18T15:05:41.859+0000] {logging_mixin.py:190} INFO - [2026-05-18T15:05:41.859+0000] {dag.py:4180} INFO - Setting next_dagrun for example_subdag_operator.section-1 to None, run_after=None
[2026-05-18T15:05:41.859+0000] {logging_mixin.py:190} INFO - [2026-05-18T15:05:41.859+0000] {dag.py:4180} INFO - Setting next_dagrun for example_subdag_operator.section-2 to None, run_after=None
[2026-05-18T15:05:41.872+0000] {processor.py:208} INFO - Processing /usr/local/python/3.12.1/lib/python3.12/site-packages/airflow/example_dags/example_subdag_operator.py took 0.078 seconds
[2026-05-18T15:06:33.961+0000] {processor.py:186} INFO - Started process (PID=51851) to work on /usr/local/python/3.12.1/lib/python3.12/site-packages/airflow/example_dags/example_subdag_operator.py
[2026-05-18T15:06:33.962+0000] {processor.py:914} INFO - Processing file /usr/local/python/3.12.1/lib/python3.12/site-packages/airflow/example_dags/example_subdag_operator.py for tasks to queue
[2026-05-18T15:06:33.964+0000] {logging_mixin.py:190} INFO - [2026-05-18T15:06:33.963+0000] {dagbag.py:588} INFO - Filling up the DagBag from /usr/local/python/3.12.1/lib/python3.12/site-packages/airflow/example_dags/example_subdag_operator.py
[2026-05-18T15:06:33.987+0000] {processor.py:925} INFO - DAG(s) 'example_subdag_operator.section-1', 'example_subdag_operator.section-2', 'example_subdag_operator' retrieved from /usr/local/python/3.12.1/lib/python3.12/site-packages/airflow/example_dags/example_subdag_operator.py
[2026-05-18T15:06:33.999+0000] {logging_mixin.py:190} INFO - [2026-05-18T15:06:33.999+0000] {dag.py:3239} INFO - Sync 3 DAGs
[2026-05-18T15:06:34.015+0000] {logging_mixin.py:190} INFO - [2026-05-18T15:06:34.015+0000] {dag.py:4180} INFO - Setting next_dagrun for example_subdag_operator to 2022-01-01 00:00:00+00:00, run_after=2022-01-01 00:00:00+00:00
[2026-05-18T15:06:34.018+0000] {logging_mixin.py:190} INFO - [2026-05-18T15:06:34.018+0000] {dag.py:4180} INFO - Setting next_dagrun for example_subdag_operator.section-1 to None, run_after=None
[2026-05-18T15:06:34.018+0000] {logging_mixin.py:190} INFO - [2026-05-18T15:06:34.018+0000] {dag.py:4180} INFO - Setting next_dagrun for example_subdag_operator.section-2 to None, run_after=None
[2026-05-18T15:06:34.023+0000] {logging_mixin.py:190} INFO - [2026-05-18T15:06:34.023+0000] {dag.py:3239} INFO - Sync 2 DAGs
[2026-05-18T15:06:34.026+0000] {logging_mixin.py:190} INFO - [2026-05-18T15:06:34.026+0000] {dag.py:4180} INFO - Setting next_dagrun for example_subdag_operator.section-1 to None, run_after=None
[2026-05-18T15:06:34.027+0000] {logging_mixin.py:190} INFO - [2026-05-18T15:06:34.026+0000] {dag.py:4180} INFO - Setting next_dagrun for example_subdag_operator.section-2 to None, run_after=None
[2026-05-18T15:06:34.038+0000] {processor.py:208} INFO - Processing /usr/local/python/3.12.1/lib/python3.12/site-packages/airflow/example_dags/example_subdag_operator.py took 0.081 seconds
[2026-05-18T15:07:25.772+0000] {processor.py:186} INFO - Started process (PID=52280) to work on /usr/local/python/3.12.1/lib/python3.12/site-packages/airflow/example_dags/example_subdag_operator.py
[2026-05-18T15:07:25.773+0000] {processor.py:914} INFO - Processing file /usr/local/python/3.12.1/lib/python3.12/site-packages/airflow/example_dags/example_subdag_operator.py for tasks to queue
[2026-05-18T15:07:25.776+0000] {logging_mixin.py:190} INFO - [2026-05-18T15:07:25.775+0000] {dagbag.py:588} INFO - Filling up the DagBag from /usr/local/python/3.12.1/lib/python3.12/site-packages/airflow/example_dags/example_subdag_operator.py
[2026-05-18T15:07:25.796+0000] {processor.py:925} INFO - DAG(s) 'example_subdag_operator.section-1', 'example_subdag_operator.section-2', 'example_subdag_operator' retrieved from /usr/local/python/3.12.1/lib/python3.12/site-packages/airflow/example_dags/example_subdag_operator.py
[2026-05-18T15:07:25.809+0000] {logging_mixin.py:190} INFO - [2026-05-18T15:07:25.808+0000] {dag.py:3239} INFO - Sync 3 DAGs
[2026-05-18T15:07:25.830+0000] {logging_mixin.py:190} INFO - [2026-05-18T15:07:25.829+0000] {dag.py:4180} INFO - Setting next_dagrun for example_subdag_operator to 2022-01-01 00:00:00+00:00, run_after=2022-01-01 00:00:00+00:00
[2026-05-18T15:07:25.833+0000] {logging_mixin.py:190} INFO - [2026-05-18T15:07:25.833+0000] {dag.py:4180} INFO - Setting next_dagrun for example_subdag_operator.section-1 to None, run_after=None
[2026-05-18T15:07:25.834+0000] {logging_mixin.py:190} INFO - [2026-05-18T15:07:25.834+0000] {dag.py:4180} INFO - Setting next_dagrun for example_subdag_operator.section-2 to None, run_after=None
[2026-05-18T15:07:25.841+0000] {logging_mixin.py:190} INFO - [2026-05-18T15:07:25.841+0000] {dag.py:3239} INFO - Sync 2 DAGs
[2026-05-18T15:07:25.849+0000] {logging_mixin.py:190} INFO - [2026-05-18T15:07:25.848+0000] {dag.py:4180} INFO - Setting next_dagrun for example_subdag_operator.section-1 to None, run_after=None
[2026-05-18T15:07:25.850+0000] {logging_mixin.py:190} INFO - [2026-05-18T15:07:25.849+0000] {dag.py:4180} INFO - Setting next_dagrun for example_subdag_operator.section-2 to None, run_after=None
[2026-05-18T15:07:25.868+0000] {processor.py:208} INFO - Processing /usr/local/python/3.12.1/lib/python3.12/site-packages/airflow/example_dags/example_subdag_operator.py took 0.102 seconds
[2026-05-18T15:08:14.626+0000] {processor.py:186} INFO - Started process (PID=52755) to work on /usr/local/python/3.12.1/lib/python3.12/site-packages/airflow/example_dags/example_subdag_operator.py
[2026-05-18T15:08:14.627+0000] {processor.py:914} INFO - Processing file /usr/local/python/3.12.1/lib/python3.12/site-packages/airflow/example_dags/example_subdag_operator.py for tasks to queue
[2026-05-18T15:08:14.628+0000] {logging_mixin.py:190} INFO - [2026-05-18T15:08:14.628+0000] {dagbag.py:588} INFO - Filling up the DagBag from /usr/local/python/3.12.1/lib/python3.12/site-packages/airflow/example_dags/example_subdag_operator.py
[2026-05-18T15:08:14.645+0000] {processor.py:925} INFO - DAG(s) 'example_subdag_operator.section-1', 'example_subdag_operator.section-2', 'example_subdag_operator' retrieved from /usr/local/python/3.12.1/lib/python3.12/site-packages/airflow/example_dags/example_subdag_operator.py
[2026-05-18T15:08:14.657+0000] {logging_mixin.py:190} INFO - [2026-05-18T15:08:14.656+0000] {dag.py:3239} INFO - Sync 3 DAGs
[2026-05-18T15:08:14.680+0000] {logging_mixin.py:190} INFO - [2026-05-18T15:08:14.680+0000] {dag.py:4180} INFO - Setting next_dagrun for example_subdag_operator to 2022-01-01 00:00:00+00:00, run_after=2022-01-01 00:00:00+00:00
[2026-05-18T15:08:14.684+0000] {logging_mixin.py:190} INFO - [2026-05-18T15:08:14.684+0000] {dag.py:4180} INFO - Setting next_dagrun for example_subdag_operator.section-1 to None, run_after=None
[2026-05-18T15:08:14.685+0000] {logging_mixin.py:190} INFO - [2026-05-18T15:08:14.685+0000] {dag.py:4180} INFO - Setting next_dagrun for example_subdag_operator.section-2 to None, run_after=None
[2026-05-18T15:08:14.691+0000] {logging_mixin.py:190} INFO - [2026-05-18T15:08:14.691+0000] {dag.py:3239} INFO - Sync 2 DAGs
[2026-05-18T15:08:14.694+0000] {logging_mixin.py:190} INFO - [2026-05-18T15:08:14.694+0000] {dag.py:4180} INFO - Setting next_dagrun for example_subdag_operator.section-1 to None, run_after=None
[2026-05-18T15:08:14.694+0000] {logging_mixin.py:190} INFO - [2026-05-18T15:08:14.694+0000] {dag.py:4180} INFO - Setting next_dagrun for example_subdag_operator.section-2 to None, run_after=None
[2026-05-18T15:08:14.706+0000] {processor.py:208} INFO - Processing /usr/local/python/3.12.1/lib/python3.12/site-packages/airflow/example_dags/example_subdag_operator.py took 0.084 seconds
[2026-05-18T15:09:05.325+0000] {processor.py:186} INFO - Started process (PID=53226) to work on /usr/local/python/3.12.1/lib/python3.12/site-packages/airflow/example_dags/example_subdag_operator.py
[2026-05-18T15:09:05.326+0000] {processor.py:914} INFO - Processing file /usr/local/python/3.12.1/lib/python3.12/site-packages/airflow/example_dags/example_subdag_operator.py for tasks to queue
[2026-05-18T15:09:05.328+0000] {logging_mixin.py:190} INFO - [2026-05-18T15:09:05.328+0000] {dagbag.py:588} INFO - Filling up the DagBag from /usr/local/python/3.12.1/lib/python3.12/site-packages/airflow/example_dags/example_subdag_operator.py
[2026-05-18T15:09:05.348+0000] {processor.py:925} INFO - DAG(s) 'example_subdag_operator.section-1', 'example_subdag_operator.section-2', 'example_subdag_operator' retrieved from /usr/local/python/3.12.1/lib/python3.12/site-packages/airflow/example_dags/example_subdag_operator.py
[2026-05-18T15:09:05.359+0000] {logging_mixin.py:190} INFO - [2026-05-18T15:09:05.359+0000] {dag.py:3239} INFO - Sync 3 DAGs
[2026-05-18T15:09:05.378+0000] {logging_mixin.py:190} INFO - [2026-05-18T15:09:05.378+0000] {dag.py:4180} INFO - Setting next_dagrun for example_subdag_operator to 2022-01-01 00:00:00+00:00, run_after=2022-01-01 00:00:00+00:00
[2026-05-18T15:09:05.381+0000] {logging_mixin.py:190} INFO - [2026-05-18T15:09:05.381+0000] {dag.py:4180} INFO - Setting next_dagrun for example_subdag_operator.section-1 to None, run_after=None
[2026-05-18T15:09:05.382+0000] {logging_mixin.py:190} INFO - [2026-05-18T15:09:05.382+0000] {dag.py:4180} INFO - Setting next_dagrun for example_subdag_operator.section-2 to None, run_after=None
[2026-05-18T15:09:05.388+0000] {logging_mixin.py:190} INFO - [2026-05-18T15:09:05.388+0000] {dag.py:3239} INFO - Sync 2 DAGs
[2026-05-18T15:09:05.392+0000] {logging_mixin.py:190} INFO - [2026-05-18T15:09:05.392+0000] {dag.py:4180} INFO - Setting next_dagrun for example_subdag_operator.section-1 to None, run_after=None
[2026-05-18T15:09:05.392+0000] {logging_mixin.py:190} INFO - [2026-05-18T15:09:05.392+0000] {dag.py:4180} INFO - Setting next_dagrun for example_subdag_operator.section-2 to None, run_after=None
[2026-05-18T15:09:05.404+0000] {processor.py:208} INFO - Processing /usr/local/python/3.12.1/lib/python3.12/site-packages/airflow/example_dags/example_subdag_operator.py took 0.085 seconds
[2026-05-18T15:09:57.171+0000] {processor.py:186} INFO - Started process (PID=53743) to work on /usr/local/python/3.12.1/lib/python3.12/site-packages/airflow/example_dags/example_subdag_operator.py
[2026-05-18T15:09:57.172+0000] {processor.py:914} INFO - Processing file /usr/local/python/3.12.1/lib/python3.12/site-packages/airflow/example_dags/example_subdag_operator.py for tasks to queue
[2026-05-18T15:09:57.175+0000] {logging_mixin.py:190} INFO - [2026-05-18T15:09:57.174+0000] {dagbag.py:588} INFO - Filling up the DagBag from /usr/local/python/3.12.1/lib/python3.12/site-packages/airflow/example_dags/example_subdag_operator.py
[2026-05-18T15:09:57.197+0000] {processor.py:925} INFO - DAG(s) 'example_subdag_operator.section-1', 'example_subdag_operator.section-2', 'example_subdag_operator' retrieved from /usr/local/python/3.12.1/lib/python3.12/site-packages/airflow/example_dags/example_subdag_operator.py
[2026-05-18T15:09:57.210+0000] {logging_mixin.py:190} INFO - [2026-05-18T15:09:57.210+0000] {dag.py:3239} INFO - Sync 3 DAGs
[2026-05-18T15:09:57.227+0000] {logging_mixin.py:190} INFO - [2026-05-18T15:09:57.226+0000] {dag.py:4180} INFO - Setting next_dagrun for example_subdag_operator to 2022-01-01 00:00:00+00:00, run_after=2022-01-01 00:00:00+00:00
[2026-05-18T15:09:57.230+0000] {logging_mixin.py:190} INFO - [2026-05-18T15:09:57.230+0000] {dag.py:4180} INFO - Setting next_dagrun for example_subdag_operator.section-1 to None, run_after=None
[2026-05-18T15:09:57.231+0000] {logging_mixin.py:190} INFO - [2026-05-18T15:09:57.230+0000] {dag.py:4180} INFO - Setting next_dagrun for example_subdag_operator.section-2 to None, run_after=None
[2026-05-18T15:09:57.235+0000] {logging_mixin.py:190} INFO - [2026-05-18T15:09:57.235+0000] {dag.py:3239} INFO - Sync 2 DAGs
[2026-05-18T15:09:57.238+0000] {logging_mixin.py:190} INFO - [2026-05-18T15:09:57.238+0000] {dag.py:4180} INFO - Setting next_dagrun for example_subdag_operator.section-1 to None, run_after=None
[2026-05-18T15:09:57.239+0000] {logging_mixin.py:190} INFO - [2026-05-18T15:09:57.239+0000] {dag.py:4180} INFO - Setting next_dagrun for example_subdag_operator.section-2 to None, run_after=None
[2026-05-18T15:09:57.250+0000] {processor.py:208} INFO - Processing /usr/local/python/3.12.1/lib/python3.12/site-packages/airflow/example_dags/example_subdag_operator.py took 0.084 seconds
[2026-05-18T15:10:47.479+0000] {processor.py:186} INFO - Started process (PID=54191) to work on /usr/local/python/3.12.1/lib/python3.12/site-packages/airflow/example_dags/example_subdag_operator.py
[2026-05-18T15:10:47.480+0000] {processor.py:914} INFO - Processing file /usr/local/python/3.12.1/lib/python3.12/site-packages/airflow/example_dags/example_subdag_operator.py for tasks to queue
[2026-05-18T15:10:47.483+0000] {logging_mixin.py:190} INFO - [2026-05-18T15:10:47.482+0000] {dagbag.py:588} INFO - Filling up the DagBag from /usr/local/python/3.12.1/lib/python3.12/site-packages/airflow/example_dags/example_subdag_operator.py
[2026-05-18T15:10:47.501+0000] {processor.py:925} INFO - DAG(s) 'example_subdag_operator.section-1', 'example_subdag_operator.section-2', 'example_subdag_operator' retrieved from /usr/local/python/3.12.1/lib/python3.12/site-packages/airflow/example_dags/example_subdag_operator.py
[2026-05-18T15:10:47.513+0000] {logging_mixin.py:190} INFO - [2026-05-18T15:10:47.513+0000] {dag.py:3239} INFO - Sync 3 DAGs
[2026-05-18T15:10:47.528+0000] {logging_mixin.py:190} INFO - [2026-05-18T15:10:47.528+0000] {dag.py:4180} INFO - Setting next_dagrun for example_subdag_operator to 2022-01-01 00:00:00+00:00, run_after=2022-01-01 00:00:00+00:00
[2026-05-18T15:10:47.531+0000] {logging_mixin.py:190} INFO - [2026-05-18T15:10:47.531+0000] {dag.py:4180} INFO - Setting next_dagrun for example_subdag_operator.section-1 to None, run_after=None
[2026-05-18T15:10:47.532+0000] {logging_mixin.py:190} INFO - [2026-05-18T15:10:47.532+0000] {dag.py:4180} INFO - Setting next_dagrun for example_subdag_operator.section-2 to None, run_after=None
[2026-05-18T15:10:47.536+0000] {logging_mixin.py:190} INFO - [2026-05-18T15:10:47.536+0000] {dag.py:3239} INFO - Sync 2 DAGs
[2026-05-18T15:10:47.539+0000] {logging_mixin.py:190} INFO - [2026-05-18T15:10:47.539+0000] {dag.py:4180} INFO - Setting next_dagrun for example_subdag_operator.section-1 to None, run_after=None
[2026-05-18T15:10:47.540+0000] {logging_mixin.py:190} INFO - [2026-05-18T15:10:47.540+0000] {dag.py:4180} INFO - Setting next_dagrun for example_subdag_operator.section-2 to None, run_after=None
[2026-05-18T15:10:47.551+0000] {processor.py:208} INFO - Processing /usr/local/python/3.12.1/lib/python3.12/site-packages/airflow/example_dags/example_subdag_operator.py took 0.078 seconds
[2026-05-18T15:11:36.613+0000] {processor.py:186} INFO - Started process (PID=54632) to work on /usr/local/python/3.12.1/lib/python3.12/site-packages/airflow/example_dags/example_subdag_operator.py
[2026-05-18T15:11:36.614+0000] {processor.py:914} INFO - Processing file /usr/local/python/3.12.1/lib/python3.12/site-packages/airflow/example_dags/example_subdag_operator.py for tasks to queue
[2026-05-18T15:11:36.615+0000] {logging_mixin.py:190} INFO - [2026-05-18T15:11:36.615+0000] {dagbag.py:588} INFO - Filling up the DagBag from /usr/local/python/3.12.1/lib/python3.12/site-packages/airflow/example_dags/example_subdag_operator.py
[2026-05-18T15:11:36.632+0000] {processor.py:925} INFO - DAG(s) 'example_subdag_operator.section-1', 'example_subdag_operator.section-2', 'example_subdag_operator' retrieved from /usr/local/python/3.12.1/lib/python3.12/site-packages/airflow/example_dags/example_subdag_operator.py
[2026-05-18T15:11:36.643+0000] {logging_mixin.py:190} INFO - [2026-05-18T15:11:36.643+0000] {dag.py:3239} INFO - Sync 3 DAGs
[2026-05-18T15:11:36.659+0000] {logging_mixin.py:190} INFO - [2026-05-18T15:11:36.659+0000] {dag.py:4180} INFO - Setting next_dagrun for example_subdag_operator to 2022-01-01 00:00:00+00:00, run_after=2022-01-01 00:00:00+00:00
[2026-05-18T15:11:36.661+0000] {logging_mixin.py:190} INFO - [2026-05-18T15:11:36.661+0000] {dag.py:4180} INFO - Setting next_dagrun for example_subdag_operator.section-1 to None, run_after=None
[2026-05-18T15:11:36.662+0000] {logging_mixin.py:190} INFO - [2026-05-18T15:11:36.662+0000] {dag.py:4180} INFO - Setting next_dagrun for example_subdag_operator.section-2 to None, run_after=None
[2026-05-18T15:11:36.667+0000] {logging_mixin.py:190} INFO - [2026-05-18T15:11:36.667+0000] {dag.py:3239} INFO - Sync 2 DAGs
[2026-05-18T15:11:36.671+0000] {logging_mixin.py:190} INFO - [2026-05-18T15:11:36.671+0000] {dag.py:4180} INFO - Setting next_dagrun for example_subdag_operator.section-1 to None, run_after=None
[2026-05-18T15:11:36.671+0000] {logging_mixin.py:190} INFO - [2026-05-18T15:11:36.671+0000] {dag.py:4180} INFO - Setting next_dagrun for example_subdag_operator.section-2 to None, run_after=None
[2026-05-18T15:11:36.684+0000] {processor.py:208} INFO - Processing /usr/local/python/3.12.1/lib/python3.12/site-packages/airflow/example_dags/example_subdag_operator.py took 0.075 seconds
[2026-05-18T15:20:24.562+0000] {processor.py:186} INFO - Started process (PID=61239) to work on /usr/local/python/3.12.1/lib/python3.12/site-packages/airflow/example_dags/example_subdag_operator.py
[2026-05-18T15:20:24.640+0000] {processor.py:914} INFO - Processing file /usr/local/python/3.12.1/lib/python3.12/site-packages/airflow/example_dags/example_subdag_operator.py for tasks to queue
[2026-05-18T15:20:24.643+0000] {logging_mixin.py:190} INFO - [2026-05-18T15:20:24.642+0000] {dagbag.py:588} INFO - Filling up the DagBag from /usr/local/python/3.12.1/lib/python3.12/site-packages/airflow/example_dags/example_subdag_operator.py
[2026-05-18T15:20:24.660+0000] {processor.py:925} INFO - DAG(s) 'example_subdag_operator.section-1', 'example_subdag_operator.section-2', 'example_subdag_operator' retrieved from /usr/local/python/3.12.1/lib/python3.12/site-packages/airflow/example_dags/example_subdag_operator.py
[2026-05-18T15:20:24.768+0000] {logging_mixin.py:190} INFO - [2026-05-18T15:20:24.768+0000] {dag.py:3239} INFO - Sync 3 DAGs
[2026-05-18T15:20:24.786+0000] {logging_mixin.py:190} INFO - [2026-05-18T15:20:24.786+0000] {dag.py:4180} INFO - Setting next_dagrun for example_subdag_operator to 2022-01-01 00:00:00+00:00, run_after=2022-01-01 00:00:00+00:00
[2026-05-18T15:20:24.788+0000] {logging_mixin.py:190} INFO - [2026-05-18T15:20:24.788+0000] {dag.py:4180} INFO - Setting next_dagrun for example_subdag_operator.section-1 to None, run_after=None
[2026-05-18T15:20:24.789+0000] {logging_mixin.py:190} INFO - [2026-05-18T15:20:24.789+0000] {dag.py:4180} INFO - Setting next_dagrun for example_subdag_operator.section-2 to None, run_after=None
[2026-05-18T15:20:24.795+0000] {logging_mixin.py:190} INFO - [2026-05-18T15:20:24.795+0000] {dag.py:3239} INFO - Sync 2 DAGs
[2026-05-18T15:20:24.798+0000] {logging_mixin.py:190} INFO - [2026-05-18T15:20:24.797+0000] {dag.py:4180} INFO - Setting next_dagrun for example_subdag_operator.section-1 to None, run_after=None
[2026-05-18T15:20:24.798+0000] {logging_mixin.py:190} INFO - [2026-05-18T15:20:24.798+0000] {dag.py:4180} INFO - Setting next_dagrun for example_subdag_operator.section-2 to None, run_after=None
[2026-05-18T15:20:24.812+0000] {processor.py:208} INFO - Processing /usr/local/python/3.12.1/lib/python3.12/site-packages/airflow/example_dags/example_subdag_operator.py took 0.254 seconds
[2026-05-18T15:21:32.727+0000] {processor.py:186} INFO - Started process (PID=61994) to work on /usr/local/python/3.12.1/lib/python3.12/site-packages/airflow/example_dags/example_subdag_operator.py
[2026-05-18T15:21:32.728+0000] {processor.py:914} INFO - Processing file /usr/local/python/3.12.1/lib/python3.12/site-packages/airflow/example_dags/example_subdag_operator.py for tasks to queue
[2026-05-18T15:21:32.730+0000] {logging_mixin.py:190} INFO - [2026-05-18T15:21:32.729+0000] {dagbag.py:588} INFO - Filling up the DagBag from /usr/local/python/3.12.1/lib/python3.12/site-packages/airflow/example_dags/example_subdag_operator.py
[2026-05-18T15:21:32.746+0000] {processor.py:925} INFO - DAG(s) 'example_subdag_operator.section-1', 'example_subdag_operator.section-2', 'example_subdag_operator' retrieved from /usr/local/python/3.12.1/lib/python3.12/site-packages/airflow/example_dags/example_subdag_operator.py
[2026-05-18T15:21:32.758+0000] {logging_mixin.py:190} INFO - [2026-05-18T15:21:32.758+0000] {dag.py:3239} INFO - Sync 3 DAGs
[2026-05-18T15:21:32.777+0000] {logging_mixin.py:190} INFO - [2026-05-18T15:21:32.776+0000] {dag.py:4180} INFO - Setting next_dagrun for example_subdag_operator to 2022-01-01 00:00:00+00:00, run_after=2022-01-01 00:00:00+00:00
[2026-05-18T15:21:32.779+0000] {logging_mixin.py:190} INFO - [2026-05-18T15:21:32.779+0000] {dag.py:4180} INFO - Setting next_dagrun for example_subdag_operator.section-1 to None, run_after=None
[2026-05-18T15:21:32.780+0000] {logging_mixin.py:190} INFO - [2026-05-18T15:21:32.780+0000] {dag.py:4180} INFO - Setting next_dagrun for example_subdag_operator.section-2 to None, run_after=None
[2026-05-18T15:21:32.785+0000] {logging_mixin.py:190} INFO - [2026-05-18T15:21:32.784+0000] {dag.py:3239} INFO - Sync 2 DAGs
[2026-05-18T15:21:32.788+0000] {logging_mixin.py:190} INFO - [2026-05-18T15:21:32.788+0000] {dag.py:4180} INFO - Setting next_dagrun for example_subdag_operator.section-1 to None, run_after=None
[2026-05-18T15:21:32.788+0000] {logging_mixin.py:190} INFO - [2026-05-18T15:21:32.788+0000] {dag.py:4180} INFO - Setting next_dagrun for example_subdag_operator.section-2 to None, run_after=None
[2026-05-18T15:21:32.799+0000] {processor.py:208} INFO - Processing /usr/local/python/3.12.1/lib/python3.12/site-packages/airflow/example_dags/example_subdag_operator.py took 0.076 seconds
[2026-05-18T15:22:34.770+0000] {processor.py:186} INFO - Started process (PID=62601) to work on /usr/local/python/3.12.1/lib/python3.12/site-packages/airflow/example_dags/example_subdag_operator.py
[2026-05-18T15:22:34.771+0000] {processor.py:914} INFO - Processing file /usr/local/python/3.12.1/lib/python3.12/site-packages/airflow/example_dags/example_subdag_operator.py for tasks to queue
[2026-05-18T15:22:34.774+0000] {logging_mixin.py:190} INFO - [2026-05-18T15:22:34.773+0000] {dagbag.py:588} INFO - Filling up the DagBag from /usr/local/python/3.12.1/lib/python3.12/site-packages/airflow/example_dags/example_subdag_operator.py
[2026-05-18T15:22:34.794+0000] {processor.py:925} INFO - DAG(s) 'example_subdag_operator.section-1', 'example_subdag_operator.section-2', 'example_subdag_operator' retrieved from /usr/local/python/3.12.1/lib/python3.12/site-packages/airflow/example_dags/example_subdag_operator.py
[2026-05-18T15:22:34.805+0000] {logging_mixin.py:190} INFO - [2026-05-18T15:22:34.805+0000] {dag.py:3239} INFO - Sync 3 DAGs
[2026-05-18T15:22:34.821+0000] {logging_mixin.py:190} INFO - [2026-05-18T15:22:34.821+0000] {dag.py:4180} INFO - Setting next_dagrun for example_subdag_operator to 2022-01-01 00:00:00+00:00, run_after=2022-01-01 00:00:00+00:00
[2026-05-18T15:22:34.824+0000] {logging_mixin.py:190} INFO - [2026-05-18T15:22:34.823+0000] {dag.py:4180} INFO - Setting next_dagrun for example_subdag_operator.section-1 to None, run_after=None
[2026-05-18T15:22:34.824+0000] {logging_mixin.py:190} INFO - [2026-05-18T15:22:34.824+0000] {dag.py:4180} INFO - Setting next_dagrun for example_subdag_operator.section-2 to None, run_after=None
[2026-05-18T15:22:34.829+0000] {logging_mixin.py:190} INFO - [2026-05-18T15:22:34.829+0000] {dag.py:3239} INFO - Sync 2 DAGs
[2026-05-18T15:22:34.832+0000] {logging_mixin.py:190} INFO - [2026-05-18T15:22:34.832+0000] {dag.py:4180} INFO - Setting next_dagrun for example_subdag_operator.section-1 to None, run_after=None
[2026-05-18T15:22:34.832+0000] {logging_mixin.py:190} INFO - [2026-05-18T15:22:34.832+0000] {dag.py:4180} INFO - Setting next_dagrun for example_subdag_operator.section-2 to None, run_after=None
[2026-05-18T15:22:34.843+0000] {processor.py:208} INFO - Processing /usr/local/python/3.12.1/lib/python3.12/site-packages/airflow/example_dags/example_subdag_operator.py took 0.078 seconds
[2026-05-18T15:23:42.642+0000] {processor.py:186} INFO - Started process (PID=63296) to work on /usr/local/python/3.12.1/lib/python3.12/site-packages/airflow/example_dags/example_subdag_operator.py
[2026-05-18T15:23:42.643+0000] {processor.py:914} INFO - Processing file /usr/local/python/3.12.1/lib/python3.12/site-packages/airflow/example_dags/example_subdag_operator.py for tasks to queue
[2026-05-18T15:23:42.645+0000] {logging_mixin.py:190} INFO - [2026-05-18T15:23:42.644+0000] {dagbag.py:588} INFO - Filling up the DagBag from /usr/local/python/3.12.1/lib/python3.12/site-packages/airflow/example_dags/example_subdag_operator.py
[2026-05-18T15:23:42.662+0000] {processor.py:925} INFO - DAG(s) 'example_subdag_operator.section-1', 'example_subdag_operator.section-2', 'example_subdag_operator' retrieved from /usr/local/python/3.12.1/lib/python3.12/site-packages/airflow/example_dags/example_subdag_operator.py
[2026-05-18T15:23:42.678+0000] {logging_mixin.py:190} INFO - [2026-05-18T15:23:42.678+0000] {dag.py:3239} INFO - Sync 3 DAGs
[2026-05-18T15:23:42.696+0000] {logging_mixin.py:190} INFO - [2026-05-18T15:23:42.696+0000] {dag.py:4180} INFO - Setting next_dagrun for example_subdag_operator to 2022-01-01 00:00:00+00:00, run_after=2022-01-01 00:00:00+00:00
[2026-05-18T15:23:42.699+0000] {logging_mixin.py:190} INFO - [2026-05-18T15:23:42.699+0000] {dag.py:4180} INFO - Setting next_dagrun for example_subdag_operator.section-1 to None, run_after=None
[2026-05-18T15:23:42.700+0000] {logging_mixin.py:190} INFO - [2026-05-18T15:23:42.700+0000] {dag.py:4180} INFO - Setting next_dagrun for example_subdag_operator.section-2 to None, run_after=None
[2026-05-18T15:23:42.704+0000] {logging_mixin.py:190} INFO - [2026-05-18T15:23:42.704+0000] {dag.py:3239} INFO - Sync 2 DAGs
[2026-05-18T15:23:42.707+0000] {logging_mixin.py:190} INFO - [2026-05-18T15:23:42.707+0000] {dag.py:4180} INFO - Setting next_dagrun for example_subdag_operator.section-1 to None, run_after=None
[2026-05-18T15:23:42.707+0000] {logging_mixin.py:190} INFO - [2026-05-18T15:23:42.707+0000] {dag.py:4180} INFO - Setting next_dagrun for example_subdag_operator.section-2 to None, run_after=None
[2026-05-18T15:23:42.718+0000] {processor.py:208} INFO - Processing /usr/local/python/3.12.1/lib/python3.12/site-packages/airflow/example_dags/example_subdag_operator.py took 0.079 seconds
[2026-05-18T15:24:49.861+0000] {processor.py:186} INFO - Started process (PID=63992) to work on /usr/local/python/3.12.1/lib/python3.12/site-packages/airflow/example_dags/example_subdag_operator.py
[2026-05-18T15:24:49.862+0000] {processor.py:914} INFO - Processing file /usr/local/python/3.12.1/lib/python3.12/site-packages/airflow/example_dags/example_subdag_operator.py for tasks to queue
[2026-05-18T15:24:49.863+0000] {logging_mixin.py:190} INFO - [2026-05-18T15:24:49.863+0000] {dagbag.py:588} INFO - Filling up the DagBag from /usr/local/python/3.12.1/lib/python3.12/site-packages/airflow/example_dags/example_subdag_operator.py
[2026-05-18T15:24:49.886+0000] {processor.py:925} INFO - DAG(s) 'example_subdag_operator.section-1', 'example_subdag_operator.section-2', 'example_subdag_operator' retrieved from /usr/local/python/3.12.1/lib/python3.12/site-packages/airflow/example_dags/example_subdag_operator.py
[2026-05-18T15:24:49.899+0000] {logging_mixin.py:190} INFO - [2026-05-18T15:24:49.899+0000] {dag.py:3239} INFO - Sync 3 DAGs
[2026-05-18T15:24:49.919+0000] {logging_mixin.py:190} INFO - [2026-05-18T15:24:49.919+0000] {dag.py:4180} INFO - Setting next_dagrun for example_subdag_operator to 2022-01-01 00:00:00+00:00, run_after=2022-01-01 00:00:00+00:00
[2026-05-18T15:24:49.922+0000] {logging_mixin.py:190} INFO - [2026-05-18T15:24:49.922+0000] {dag.py:4180} INFO - Setting next_dagrun for example_subdag_operator.section-1 to None, run_after=None
[2026-05-18T15:24:49.922+0000] {logging_mixin.py:190} INFO - [2026-05-18T15:24:49.922+0000] {dag.py:4180} INFO - Setting next_dagrun for example_subdag_operator.section-2 to None, run_after=None
[2026-05-18T15:24:49.928+0000] {logging_mixin.py:190} INFO - [2026-05-18T15:24:49.928+0000] {dag.py:3239} INFO - Sync 2 DAGs
[2026-05-18T15:24:49.931+0000] {logging_mixin.py:190} INFO - [2026-05-18T15:24:49.931+0000] {dag.py:4180} INFO - Setting next_dagrun for example_subdag_operator.section-1 to None, run_after=None
[2026-05-18T15:24:49.931+0000] {logging_mixin.py:190} INFO - [2026-05-18T15:24:49.931+0000] {dag.py:4180} INFO - Setting next_dagrun for example_subdag_operator.section-2 to None, run_after=None
[2026-05-18T15:24:49.943+0000] {processor.py:208} INFO - Processing /usr/local/python/3.12.1/lib/python3.12/site-packages/airflow/example_dags/example_subdag_operator.py took 0.087 seconds
[2026-05-18T15:25:53.651+0000] {processor.py:186} INFO - Started process (PID=64713) to work on /usr/local/python/3.12.1/lib/python3.12/site-packages/airflow/example_dags/example_subdag_operator.py
[2026-05-18T15:25:53.652+0000] {processor.py:914} INFO - Processing file /usr/local/python/3.12.1/lib/python3.12/site-packages/airflow/example_dags/example_subdag_operator.py for tasks to queue
[2026-05-18T15:25:53.654+0000] {logging_mixin.py:190} INFO - [2026-05-18T15:25:53.653+0000] {dagbag.py:588} INFO - Filling up the DagBag from /usr/local/python/3.12.1/lib/python3.12/site-packages/airflow/example_dags/example_subdag_operator.py
[2026-05-18T15:25:53.687+0000] {processor.py:925} INFO - DAG(s) 'example_subdag_operator.section-1', 'example_subdag_operator.section-2', 'example_subdag_operator' retrieved from /usr/local/python/3.12.1/lib/python3.12/site-packages/airflow/example_dags/example_subdag_operator.py
[2026-05-18T15:25:53.705+0000] {logging_mixin.py:190} INFO - [2026-05-18T15:25:53.705+0000] {dag.py:3239} INFO - Sync 3 DAGs
[2026-05-18T15:25:53.722+0000] {logging_mixin.py:190} INFO - [2026-05-18T15:25:53.721+0000] {dag.py:4180} INFO - Setting next_dagrun for example_subdag_operator to 2022-01-01 00:00:00+00:00, run_after=2022-01-01 00:00:00+00:00
[2026-05-18T15:25:53.725+0000] {logging_mixin.py:190} INFO - [2026-05-18T15:25:53.724+0000] {dag.py:4180} INFO - Setting next_dagrun for example_subdag_operator.section-1 to None, run_after=None
[2026-05-18T15:25:53.725+0000] {logging_mixin.py:190} INFO - [2026-05-18T15:25:53.725+0000] {dag.py:4180} INFO - Setting next_dagrun for example_subdag_operator.section-2 to None, run_after=None
[2026-05-18T15:25:53.733+0000] {logging_mixin.py:190} INFO - [2026-05-18T15:25:53.732+0000] {dag.py:3239} INFO - Sync 2 DAGs
[2026-05-18T15:25:53.736+0000] {logging_mixin.py:190} INFO - [2026-05-18T15:25:53.736+0000] {dag.py:4180} INFO - Setting next_dagrun for example_subdag_operator.section-1 to None, run_after=None
[2026-05-18T15:25:53.736+0000] {logging_mixin.py:190} INFO - [2026-05-18T15:25:53.736+0000] {dag.py:4180} INFO - Setting next_dagrun for example_subdag_operator.section-2 to None, run_after=None
[2026-05-18T15:25:53.748+0000] {processor.py:208} INFO - Processing /usr/local/python/3.12.1/lib/python3.12/site-packages/airflow/example_dags/example_subdag_operator.py took 0.101 seconds
[2026-05-18T15:26:58.652+0000] {processor.py:186} INFO - Started process (PID=65463) to work on /usr/local/python/3.12.1/lib/python3.12/site-packages/airflow/example_dags/example_subdag_operator.py
[2026-05-18T15:26:58.653+0000] {processor.py:914} INFO - Processing file /usr/local/python/3.12.1/lib/python3.12/site-packages/airflow/example_dags/example_subdag_operator.py for tasks to queue
[2026-05-18T15:26:58.655+0000] {logging_mixin.py:190} INFO - [2026-05-18T15:26:58.655+0000] {dagbag.py:588} INFO - Filling up the DagBag from /usr/local/python/3.12.1/lib/python3.12/site-packages/airflow/example_dags/example_subdag_operator.py
[2026-05-18T15:26:58.676+0000] {processor.py:925} INFO - DAG(s) 'example_subdag_operator.section-1', 'example_subdag_operator.section-2', 'example_subdag_operator' retrieved from /usr/local/python/3.12.1/lib/python3.12/site-packages/airflow/example_dags/example_subdag_operator.py
[2026-05-18T15:26:58.692+0000] {logging_mixin.py:190} INFO - [2026-05-18T15:26:58.691+0000] {dag.py:3239} INFO - Sync 3 DAGs
[2026-05-18T15:26:58.707+0000] {logging_mixin.py:190} INFO - [2026-05-18T15:26:58.707+0000] {dag.py:4180} INFO - Setting next_dagrun for example_subdag_operator to 2022-01-01 00:00:00+00:00, run_after=2022-01-01 00:00:00+00:00
[2026-05-18T15:26:58.710+0000] {logging_mixin.py:190} INFO - [2026-05-18T15:26:58.710+0000] {dag.py:4180} INFO - Setting next_dagrun for example_subdag_operator.section-1 to None, run_after=None
[2026-05-18T15:26:58.711+0000] {logging_mixin.py:190} INFO - [2026-05-18T15:26:58.711+0000] {dag.py:4180} INFO - Setting next_dagrun for example_subdag_operator.section-2 to None, run_after=None
[2026-05-18T15:26:58.715+0000] {logging_mixin.py:190} INFO - [2026-05-18T15:26:58.715+0000] {dag.py:3239} INFO - Sync 2 DAGs
[2026-05-18T15:26:58.718+0000] {logging_mixin.py:190} INFO - [2026-05-18T15:26:58.718+0000] {dag.py:4180} INFO - Setting next_dagrun for example_subdag_operator.section-1 to None, run_after=None
[2026-05-18T15:26:58.719+0000] {logging_mixin.py:190} INFO - [2026-05-18T15:26:58.719+0000] {dag.py:4180} INFO - Setting next_dagrun for example_subdag_operator.section-2 to None, run_after=None
[2026-05-18T15:26:58.731+0000] {processor.py:208} INFO - Processing /usr/local/python/3.12.1/lib/python3.12/site-packages/airflow/example_dags/example_subdag_operator.py took 0.083 seconds
[2026-05-18T15:28:04.940+0000] {processor.py:186} INFO - Started process (PID=66142) to work on /usr/local/python/3.12.1/lib/python3.12/site-packages/airflow/example_dags/example_subdag_operator.py
[2026-05-18T15:28:04.941+0000] {processor.py:914} INFO - Processing file /usr/local/python/3.12.1/lib/python3.12/site-packages/airflow/example_dags/example_subdag_operator.py for tasks to queue
[2026-05-18T15:28:04.943+0000] {logging_mixin.py:190} INFO - [2026-05-18T15:28:04.943+0000] {dagbag.py:588} INFO - Filling up the DagBag from /usr/local/python/3.12.1/lib/python3.12/site-packages/airflow/example_dags/example_subdag_operator.py
[2026-05-18T15:28:04.960+0000] {processor.py:925} INFO - DAG(s) 'example_subdag_operator.section-1', 'example_subdag_operator.section-2', 'example_subdag_operator' retrieved from /usr/local/python/3.12.1/lib/python3.12/site-packages/airflow/example_dags/example_subdag_operator.py
[2026-05-18T15:28:04.975+0000] {logging_mixin.py:190} INFO - [2026-05-18T15:28:04.975+0000] {dag.py:3239} INFO - Sync 3 DAGs
[2026-05-18T15:28:04.993+0000] {logging_mixin.py:190} INFO - [2026-05-18T15:28:04.993+0000] {dag.py:4180} INFO - Setting next_dagrun for example_subdag_operator to 2022-01-01 00:00:00+00:00, run_after=2022-01-01 00:00:00+00:00
[2026-05-18T15:28:04.996+0000] {logging_mixin.py:190} INFO - [2026-05-18T15:28:04.996+0000] {dag.py:4180} INFO - Setting next_dagrun for example_subdag_operator.section-1 to None, run_after=None
[2026-05-18T15:28:04.997+0000] {logging_mixin.py:190} INFO - [2026-05-18T15:28:04.997+0000] {dag.py:4180} INFO - Setting next_dagrun for example_subdag_operator.section-2 to None, run_after=None
[2026-05-18T15:28:05.001+0000] {logging_mixin.py:190} INFO - [2026-05-18T15:28:05.001+0000] {dag.py:3239} INFO - Sync 2 DAGs
[2026-05-18T15:28:05.004+0000] {logging_mixin.py:190} INFO - [2026-05-18T15:28:05.004+0000] {dag.py:4180} INFO - Setting next_dagrun for example_subdag_operator.section-1 to None, run_after=None
[2026-05-18T15:28:05.004+0000] {logging_mixin.py:190} INFO - [2026-05-18T15:28:05.004+0000] {dag.py:4180} INFO - Setting next_dagrun for example_subdag_operator.section-2 to None, run_after=None
[2026-05-18T15:28:05.015+0000] {processor.py:208} INFO - Processing /usr/local/python/3.12.1/lib/python3.12/site-packages/airflow/example_dags/example_subdag_operator.py took 0.079 seconds
[2026-05-18T15:29:07.415+0000] {processor.py:186} INFO - Started process (PID=66744) to work on /usr/local/python/3.12.1/lib/python3.12/site-packages/airflow/example_dags/example_subdag_operator.py
[2026-05-18T15:29:07.416+0000] {processor.py:914} INFO - Processing file /usr/local/python/3.12.1/lib/python3.12/site-packages/airflow/example_dags/example_subdag_operator.py for tasks to queue
[2026-05-18T15:29:07.418+0000] {logging_mixin.py:190} INFO - [2026-05-18T15:29:07.418+0000] {dagbag.py:588} INFO - Filling up the DagBag from /usr/local/python/3.12.1/lib/python3.12/site-packages/airflow/example_dags/example_subdag_operator.py
[2026-05-18T15:29:07.442+0000] {processor.py:925} INFO - DAG(s) 'example_subdag_operator.section-1', 'example_subdag_operator.section-2', 'example_subdag_operator' retrieved from /usr/local/python/3.12.1/lib/python3.12/site-packages/airflow/example_dags/example_subdag_operator.py
[2026-05-18T15:29:07.454+0000] {logging_mixin.py:190} INFO - [2026-05-18T15:29:07.454+0000] {dag.py:3239} INFO - Sync 3 DAGs
[2026-05-18T15:29:07.471+0000] {logging_mixin.py:190} INFO - [2026-05-18T15:29:07.471+0000] {dag.py:4180} INFO - Setting next_dagrun for example_subdag_operator to 2022-01-01 00:00:00+00:00, run_after=2022-01-01 00:00:00+00:00
[2026-05-18T15:29:07.474+0000] {logging_mixin.py:190} INFO - [2026-05-18T15:29:07.474+0000] {dag.py:4180} INFO - Setting next_dagrun for example_subdag_operator.section-1 to None, run_after=None
[2026-05-18T15:29:07.475+0000] {logging_mixin.py:190} INFO - [2026-05-18T15:29:07.474+0000] {dag.py:4180} INFO - Setting next_dagrun for example_subdag_operator.section-2 to None, run_after=None
[2026-05-18T15:29:07.480+0000] {logging_mixin.py:190} INFO - [2026-05-18T15:29:07.479+0000] {dag.py:3239} INFO - Sync 2 DAGs
[2026-05-18T15:29:07.483+0000] {logging_mixin.py:190} INFO - [2026-05-18T15:29:07.482+0000] {dag.py:4180} INFO - Setting next_dagrun for example_subdag_operator.section-1 to None, run_after=None
[2026-05-18T15:29:07.483+0000] {logging_mixin.py:190} INFO - [2026-05-18T15:29:07.483+0000] {dag.py:4180} INFO - Setting next_dagrun for example_subdag_operator.section-2 to None, run_after=None
[2026-05-18T15:29:07.499+0000] {processor.py:208} INFO - Processing /usr/local/python/3.12.1/lib/python3.12/site-packages/airflow/example_dags/example_subdag_operator.py took 0.088 seconds
[2026-05-18T15:30:11.452+0000] {processor.py:186} INFO - Started process (PID=67418) to work on /usr/local/python/3.12.1/lib/python3.12/site-packages/airflow/example_dags/example_subdag_operator.py
[2026-05-18T15:30:11.453+0000] {processor.py:914} INFO - Processing file /usr/local/python/3.12.1/lib/python3.12/site-packages/airflow/example_dags/example_subdag_operator.py for tasks to queue
[2026-05-18T15:30:11.455+0000] {logging_mixin.py:190} INFO - [2026-05-18T15:30:11.455+0000] {dagbag.py:588} INFO - Filling up the DagBag from /usr/local/python/3.12.1/lib/python3.12/site-packages/airflow/example_dags/example_subdag_operator.py
[2026-05-18T15:30:11.476+0000] {processor.py:925} INFO - DAG(s) 'example_subdag_operator.section-1', 'example_subdag_operator.section-2', 'example_subdag_operator' retrieved from /usr/local/python/3.12.1/lib/python3.12/site-packages/airflow/example_dags/example_subdag_operator.py
[2026-05-18T15:30:11.492+0000] {logging_mixin.py:190} INFO - [2026-05-18T15:30:11.491+0000] {dag.py:3239} INFO - Sync 3 DAGs
[2026-05-18T15:30:11.508+0000] {logging_mixin.py:190} INFO - [2026-05-18T15:30:11.508+0000] {dag.py:4180} INFO - Setting next_dagrun for example_subdag_operator to 2022-01-01 00:00:00+00:00, run_after=2022-01-01 00:00:00+00:00
[2026-05-18T15:30:11.511+0000] {logging_mixin.py:190} INFO - [2026-05-18T15:30:11.510+0000] {dag.py:4180} INFO - Setting next_dagrun for example_subdag_operator.section-1 to None, run_after=None
[2026-05-18T15:30:11.511+0000] {logging_mixin.py:190} INFO - [2026-05-18T15:30:11.511+0000] {dag.py:4180} INFO - Setting next_dagrun for example_subdag_operator.section-2 to None, run_after=None
[2026-05-18T15:30:11.516+0000] {logging_mixin.py:190} INFO - [2026-05-18T15:30:11.516+0000] {dag.py:3239} INFO - Sync 2 DAGs
[2026-05-18T15:30:11.519+0000] {logging_mixin.py:190} INFO - [2026-05-18T15:30:11.519+0000] {dag.py:4180} INFO - Setting next_dagrun for example_subdag_operator.section-1 to None, run_after=None
[2026-05-18T15:30:11.519+0000] {logging_mixin.py:190} INFO - [2026-05-18T15:30:11.519+0000] {dag.py:4180} INFO - Setting next_dagrun for example_subdag_operator.section-2 to None, run_after=None
[2026-05-18T15:30:11.531+0000] {processor.py:208} INFO - Processing /usr/local/python/3.12.1/lib/python3.12/site-packages/airflow/example_dags/example_subdag_operator.py took 0.083 seconds
[2026-05-18T15:31:16.251+0000] {processor.py:186} INFO - Started process (PID=68110) to work on /usr/local/python/3.12.1/lib/python3.12/site-packages/airflow/example_dags/example_subdag_operator.py
[2026-05-18T15:31:16.253+0000] {processor.py:914} INFO - Processing file /usr/local/python/3.12.1/lib/python3.12/site-packages/airflow/example_dags/example_subdag_operator.py for tasks to queue
[2026-05-18T15:31:16.255+0000] {logging_mixin.py:190} INFO - [2026-05-18T15:31:16.255+0000] {dagbag.py:588} INFO - Filling up the DagBag from /usr/local/python/3.12.1/lib/python3.12/site-packages/airflow/example_dags/example_subdag_operator.py
[2026-05-18T15:31:16.287+0000] {processor.py:925} INFO - DAG(s) 'example_subdag_operator.section-1', 'example_subdag_operator.section-2', 'example_subdag_operator' retrieved from /usr/local/python/3.12.1/lib/python3.12/site-packages/airflow/example_dags/example_subdag_operator.py
[2026-05-18T15:31:16.306+0000] {logging_mixin.py:190} INFO - [2026-05-18T15:31:16.306+0000] {dag.py:3239} INFO - Sync 3 DAGs
[2026-05-18T15:31:16.331+0000] {logging_mixin.py:190} INFO - [2026-05-18T15:31:16.330+0000] {dag.py:4180} INFO - Setting next_dagrun for example_subdag_operator to 2022-01-01 00:00:00+00:00, run_after=2022-01-01 00:00:00+00:00
[2026-05-18T15:31:16.335+0000] {logging_mixin.py:190} INFO - [2026-05-18T15:31:16.335+0000] {dag.py:4180} INFO - Setting next_dagrun for example_subdag_operator.section-1 to None, run_after=None
[2026-05-18T15:31:16.336+0000] {logging_mixin.py:190} INFO - [2026-05-18T15:31:16.336+0000] {dag.py:4180} INFO - Setting next_dagrun for example_subdag_operator.section-2 to None, run_after=None
[2026-05-18T15:31:16.342+0000] {logging_mixin.py:190} INFO - [2026-05-18T15:31:16.342+0000] {dag.py:3239} INFO - Sync 2 DAGs
[2026-05-18T15:31:16.347+0000] {logging_mixin.py:190} INFO - [2026-05-18T15:31:16.346+0000] {dag.py:4180} INFO - Setting next_dagrun for example_subdag_operator.section-1 to None, run_after=None
[2026-05-18T15:31:16.347+0000] {logging_mixin.py:190} INFO - [2026-05-18T15:31:16.347+0000] {dag.py:4180} INFO - Setting next_dagrun for example_subdag_operator.section-2 to None, run_after=None
[2026-05-18T15:31:16.372+0000] {processor.py:208} INFO - Processing /usr/local/python/3.12.1/lib/python3.12/site-packages/airflow/example_dags/example_subdag_operator.py took 0.125 seconds
[2026-05-18T15:32:17.022+0000] {processor.py:186} INFO - Started process (PID=68700) to work on /usr/local/python/3.12.1/lib/python3.12/site-packages/airflow/example_dags/example_subdag_operator.py
[2026-05-18T15:32:17.023+0000] {processor.py:914} INFO - Processing file /usr/local/python/3.12.1/lib/python3.12/site-packages/airflow/example_dags/example_subdag_operator.py for tasks to queue
[2026-05-18T15:32:17.025+0000] {logging_mixin.py:190} INFO - [2026-05-18T15:32:17.025+0000] {dagbag.py:588} INFO - Filling up the DagBag from /usr/local/python/3.12.1/lib/python3.12/site-packages/airflow/example_dags/example_subdag_operator.py
[2026-05-18T15:32:17.042+0000] {processor.py:925} INFO - DAG(s) 'example_subdag_operator.section-1', 'example_subdag_operator.section-2', 'example_subdag_operator' retrieved from /usr/local/python/3.12.1/lib/python3.12/site-packages/airflow/example_dags/example_subdag_operator.py
[2026-05-18T15:32:17.054+0000] {logging_mixin.py:190} INFO - [2026-05-18T15:32:17.054+0000] {dag.py:3239} INFO - Sync 3 DAGs
[2026-05-18T15:32:17.071+0000] {logging_mixin.py:190} INFO - [2026-05-18T15:32:17.071+0000] {dag.py:4180} INFO - Setting next_dagrun for example_subdag_operator to 2022-01-01 00:00:00+00:00, run_after=2022-01-01 00:00:00+00:00
[2026-05-18T15:32:17.074+0000] {logging_mixin.py:190} INFO - [2026-05-18T15:32:17.074+0000] {dag.py:4180} INFO - Setting next_dagrun for example_subdag_operator.section-1 to None, run_after=None
[2026-05-18T15:32:17.075+0000] {logging_mixin.py:190} INFO - [2026-05-18T15:32:17.075+0000] {dag.py:4180} INFO - Setting next_dagrun for example_subdag_operator.section-2 to None, run_after=None
[2026-05-18T15:32:17.081+0000] {logging_mixin.py:190} INFO - [2026-05-18T15:32:17.081+0000] {dag.py:3239} INFO - Sync 2 DAGs
[2026-05-18T15:32:17.085+0000] {logging_mixin.py:190} INFO - [2026-05-18T15:32:17.085+0000] {dag.py:4180} INFO - Setting next_dagrun for example_subdag_operator.section-1 to None, run_after=None
[2026-05-18T15:32:17.086+0000] {logging_mixin.py:190} INFO - [2026-05-18T15:32:17.086+0000] {dag.py:4180} INFO - Setting next_dagrun for example_subdag_operator.section-2 to None, run_after=None
[2026-05-18T15:32:17.098+0000] {processor.py:208} INFO - Processing /usr/local/python/3.12.1/lib/python3.12/site-packages/airflow/example_dags/example_subdag_operator.py took 0.080 seconds
[2026-05-18T15:33:19.266+0000] {processor.py:186} INFO - Started process (PID=69360) to work on /usr/local/python/3.12.1/lib/python3.12/site-packages/airflow/example_dags/example_subdag_operator.py
[2026-05-18T15:33:19.267+0000] {processor.py:914} INFO - Processing file /usr/local/python/3.12.1/lib/python3.12/site-packages/airflow/example_dags/example_subdag_operator.py for tasks to queue
[2026-05-18T15:33:19.270+0000] {logging_mixin.py:190} INFO - [2026-05-18T15:33:19.269+0000] {dagbag.py:588} INFO - Filling up the DagBag from /usr/local/python/3.12.1/lib/python3.12/site-packages/airflow/example_dags/example_subdag_operator.py
[2026-05-18T15:33:19.292+0000] {processor.py:925} INFO - DAG(s) 'example_subdag_operator.section-1', 'example_subdag_operator.section-2', 'example_subdag_operator' retrieved from /usr/local/python/3.12.1/lib/python3.12/site-packages/airflow/example_dags/example_subdag_operator.py
[2026-05-18T15:33:19.304+0000] {logging_mixin.py:190} INFO - [2026-05-18T15:33:19.304+0000] {dag.py:3239} INFO - Sync 3 DAGs
[2026-05-18T15:33:19.320+0000] {logging_mixin.py:190} INFO - [2026-05-18T15:33:19.320+0000] {dag.py:4180} INFO - Setting next_dagrun for example_subdag_operator to 2022-01-01 00:00:00+00:00, run_after=2022-01-01 00:00:00+00:00
[2026-05-18T15:33:19.323+0000] {logging_mixin.py:190} INFO - [2026-05-18T15:33:19.323+0000] {dag.py:4180} INFO - Setting next_dagrun for example_subdag_operator.section-1 to None, run_after=None
[2026-05-18T15:33:19.324+0000] {logging_mixin.py:190} INFO - [2026-05-18T15:33:19.324+0000] {dag.py:4180} INFO - Setting next_dagrun for example_subdag_operator.section-2 to None, run_after=None
[2026-05-18T15:33:19.330+0000] {logging_mixin.py:190} INFO - [2026-05-18T15:33:19.330+0000] {dag.py:3239} INFO - Sync 2 DAGs
[2026-05-18T15:33:19.333+0000] {logging_mixin.py:190} INFO - [2026-05-18T15:33:19.332+0000] {dag.py:4180} INFO - Setting next_dagrun for example_subdag_operator.section-1 to None, run_after=None
[2026-05-18T15:33:19.333+0000] {logging_mixin.py:190} INFO - [2026-05-18T15:33:19.333+0000] {dag.py:4180} INFO - Setting next_dagrun for example_subdag_operator.section-2 to None, run_after=None
[2026-05-18T15:33:19.344+0000] {processor.py:208} INFO - Processing /usr/local/python/3.12.1/lib/python3.12/site-packages/airflow/example_dags/example_subdag_operator.py took 0.082 seconds
[2026-05-18T15:34:24.221+0000] {processor.py:186} INFO - Started process (PID=69974) to work on /usr/local/python/3.12.1/lib/python3.12/site-packages/airflow/example_dags/example_subdag_operator.py
[2026-05-18T15:34:24.222+0000] {processor.py:914} INFO - Processing file /usr/local/python/3.12.1/lib/python3.12/site-packages/airflow/example_dags/example_subdag_operator.py for tasks to queue
[2026-05-18T15:34:24.224+0000] {logging_mixin.py:190} INFO - [2026-05-18T15:34:24.223+0000] {dagbag.py:588} INFO - Filling up the DagBag from /usr/local/python/3.12.1/lib/python3.12/site-packages/airflow/example_dags/example_subdag_operator.py
[2026-05-18T15:34:24.241+0000] {processor.py:925} INFO - DAG(s) 'example_subdag_operator.section-1', 'example_subdag_operator.section-2', 'example_subdag_operator' retrieved from /usr/local/python/3.12.1/lib/python3.12/site-packages/airflow/example_dags/example_subdag_operator.py
[2026-05-18T15:34:24.253+0000] {logging_mixin.py:190} INFO - [2026-05-18T15:34:24.252+0000] {dag.py:3239} INFO - Sync 3 DAGs
[2026-05-18T15:34:24.269+0000] {logging_mixin.py:190} INFO - [2026-05-18T15:34:24.269+0000] {dag.py:4180} INFO - Setting next_dagrun for example_subdag_operator to 2022-01-01 00:00:00+00:00, run_after=2022-01-01 00:00:00+00:00
[2026-05-18T15:34:24.273+0000] {logging_mixin.py:190} INFO - [2026-05-18T15:34:24.273+0000] {dag.py:4180} INFO - Setting next_dagrun for example_subdag_operator.section-1 to None, run_after=None
[2026-05-18T15:34:24.274+0000] {logging_mixin.py:190} INFO - [2026-05-18T15:34:24.274+0000] {dag.py:4180} INFO - Setting next_dagrun for example_subdag_operator.section-2 to None, run_after=None
[2026-05-18T15:34:24.279+0000] {logging_mixin.py:190} INFO - [2026-05-18T15:34:24.279+0000] {dag.py:3239} INFO - Sync 2 DAGs
[2026-05-18T15:34:24.283+0000] {logging_mixin.py:190} INFO - [2026-05-18T15:34:24.283+0000] {dag.py:4180} INFO - Setting next_dagrun for example_subdag_operator.section-1 to None, run_after=None
[2026-05-18T15:34:24.284+0000] {logging_mixin.py:190} INFO - [2026-05-18T15:34:24.283+0000] {dag.py:4180} INFO - Setting next_dagrun for example_subdag_operator.section-2 to None, run_after=None
[2026-05-18T15:34:24.294+0000] {processor.py:208} INFO - Processing /usr/local/python/3.12.1/lib/python3.12/site-packages/airflow/example_dags/example_subdag_operator.py took 0.078 seconds
[2026-05-18T15:35:26.698+0000] {processor.py:186} INFO - Started process (PID=70686) to work on /usr/local/python/3.12.1/lib/python3.12/site-packages/airflow/example_dags/example_subdag_operator.py
[2026-05-18T15:35:26.698+0000] {processor.py:914} INFO - Processing file /usr/local/python/3.12.1/lib/python3.12/site-packages/airflow/example_dags/example_subdag_operator.py for tasks to queue
[2026-05-18T15:35:26.700+0000] {logging_mixin.py:190} INFO - [2026-05-18T15:35:26.700+0000] {dagbag.py:588} INFO - Filling up the DagBag from /usr/local/python/3.12.1/lib/python3.12/site-packages/airflow/example_dags/example_subdag_operator.py
[2026-05-18T15:35:26.718+0000] {processor.py:925} INFO - DAG(s) 'example_subdag_operator.section-1', 'example_subdag_operator.section-2', 'example_subdag_operator' retrieved from /usr/local/python/3.12.1/lib/python3.12/site-packages/airflow/example_dags/example_subdag_operator.py
[2026-05-18T15:35:26.729+0000] {logging_mixin.py:190} INFO - [2026-05-18T15:35:26.729+0000] {dag.py:3239} INFO - Sync 3 DAGs
[2026-05-18T15:35:26.746+0000] {logging_mixin.py:190} INFO - [2026-05-18T15:35:26.746+0000] {dag.py:4180} INFO - Setting next_dagrun for example_subdag_operator to 2022-01-01 00:00:00+00:00, run_after=2022-01-01 00:00:00+00:00
[2026-05-18T15:35:26.749+0000] {logging_mixin.py:190} INFO - [2026-05-18T15:35:26.748+0000] {dag.py:4180} INFO - Setting next_dagrun for example_subdag_operator.section-1 to None, run_after=None
[2026-05-18T15:35:26.749+0000] {logging_mixin.py:190} INFO - [2026-05-18T15:35:26.749+0000] {dag.py:4180} INFO - Setting next_dagrun for example_subdag_operator.section-2 to None, run_after=None
[2026-05-18T15:35:26.754+0000] {logging_mixin.py:190} INFO - [2026-05-18T15:35:26.754+0000] {dag.py:3239} INFO - Sync 2 DAGs
[2026-05-18T15:35:26.757+0000] {logging_mixin.py:190} INFO - [2026-05-18T15:35:26.757+0000] {dag.py:4180} INFO - Setting next_dagrun for example_subdag_operator.section-1 to None, run_after=None
[2026-05-18T15:35:26.758+0000] {logging_mixin.py:190} INFO - [2026-05-18T15:35:26.758+0000] {dag.py:4180} INFO - Setting next_dagrun for example_subdag_operator.section-2 to None, run_after=None
[2026-05-18T15:35:26.771+0000] {processor.py:208} INFO - Processing /usr/local/python/3.12.1/lib/python3.12/site-packages/airflow/example_dags/example_subdag_operator.py took 0.077 seconds
[2026-05-18T15:36:29.186+0000] {processor.py:186} INFO - Started process (PID=71288) to work on /usr/local/python/3.12.1/lib/python3.12/site-packages/airflow/example_dags/example_subdag_operator.py
[2026-05-18T15:36:29.187+0000] {processor.py:914} INFO - Processing file /usr/local/python/3.12.1/lib/python3.12/site-packages/airflow/example_dags/example_subdag_operator.py for tasks to queue
[2026-05-18T15:36:29.189+0000] {logging_mixin.py:190} INFO - [2026-05-18T15:36:29.189+0000] {dagbag.py:588} INFO - Filling up the DagBag from /usr/local/python/3.12.1/lib/python3.12/site-packages/airflow/example_dags/example_subdag_operator.py
[2026-05-18T15:36:29.208+0000] {processor.py:925} INFO - DAG(s) 'example_subdag_operator.section-1', 'example_subdag_operator.section-2', 'example_subdag_operator' retrieved from /usr/local/python/3.12.1/lib/python3.12/site-packages/airflow/example_dags/example_subdag_operator.py
[2026-05-18T15:36:29.221+0000] {logging_mixin.py:190} INFO - [2026-05-18T15:36:29.220+0000] {dag.py:3239} INFO - Sync 3 DAGs
[2026-05-18T15:36:29.239+0000] {logging_mixin.py:190} INFO - [2026-05-18T15:36:29.239+0000] {dag.py:4180} INFO - Setting next_dagrun for example_subdag_operator to 2022-01-01 00:00:00+00:00, run_after=2022-01-01 00:00:00+00:00
[2026-05-18T15:36:29.242+0000] {logging_mixin.py:190} INFO - [2026-05-18T15:36:29.242+0000] {dag.py:4180} INFO - Setting next_dagrun for example_subdag_operator.section-1 to None, run_after=None
[2026-05-18T15:36:29.243+0000] {logging_mixin.py:190} INFO - [2026-05-18T15:36:29.243+0000] {dag.py:4180} INFO - Setting next_dagrun for example_subdag_operator.section-2 to None, run_after=None
[2026-05-18T15:36:29.248+0000] {logging_mixin.py:190} INFO - [2026-05-18T15:36:29.248+0000] {dag.py:3239} INFO - Sync 2 DAGs
[2026-05-18T15:36:29.250+0000] {logging_mixin.py:190} INFO - [2026-05-18T15:36:29.250+0000] {dag.py:4180} INFO - Setting next_dagrun for example_subdag_operator.section-1 to None, run_after=None
[2026-05-18T15:36:29.251+0000] {logging_mixin.py:190} INFO - [2026-05-18T15:36:29.251+0000] {dag.py:4180} INFO - Setting next_dagrun for example_subdag_operator.section-2 to None, run_after=None
[2026-05-18T15:36:29.261+0000] {processor.py:208} INFO - Processing /usr/local/python/3.12.1/lib/python3.12/site-packages/airflow/example_dags/example_subdag_operator.py took 0.079 seconds
[2026-05-18T15:37:29.793+0000] {processor.py:186} INFO - Started process (PID=71882) to work on /usr/local/python/3.12.1/lib/python3.12/site-packages/airflow/example_dags/example_subdag_operator.py
[2026-05-18T15:37:29.794+0000] {processor.py:914} INFO - Processing file /usr/local/python/3.12.1/lib/python3.12/site-packages/airflow/example_dags/example_subdag_operator.py for tasks to queue
[2026-05-18T15:37:29.796+0000] {logging_mixin.py:190} INFO - [2026-05-18T15:37:29.795+0000] {dagbag.py:588} INFO - Filling up the DagBag from /usr/local/python/3.12.1/lib/python3.12/site-packages/airflow/example_dags/example_subdag_operator.py
[2026-05-18T15:37:29.813+0000] {processor.py:925} INFO - DAG(s) 'example_subdag_operator.section-1', 'example_subdag_operator.section-2', 'example_subdag_operator' retrieved from /usr/local/python/3.12.1/lib/python3.12/site-packages/airflow/example_dags/example_subdag_operator.py
[2026-05-18T15:37:29.825+0000] {logging_mixin.py:190} INFO - [2026-05-18T15:37:29.825+0000] {dag.py:3239} INFO - Sync 3 DAGs
[2026-05-18T15:37:29.842+0000] {logging_mixin.py:190} INFO - [2026-05-18T15:37:29.841+0000] {dag.py:4180} INFO - Setting next_dagrun for example_subdag_operator to 2022-01-01 00:00:00+00:00, run_after=2022-01-01 00:00:00+00:00
[2026-05-18T15:37:29.844+0000] {logging_mixin.py:190} INFO - [2026-05-18T15:37:29.844+0000] {dag.py:4180} INFO - Setting next_dagrun for example_subdag_operator.section-1 to None, run_after=None
[2026-05-18T15:37:29.845+0000] {logging_mixin.py:190} INFO - [2026-05-18T15:37:29.845+0000] {dag.py:4180} INFO - Setting next_dagrun for example_subdag_operator.section-2 to None, run_after=None
[2026-05-18T15:37:29.849+0000] {logging_mixin.py:190} INFO - [2026-05-18T15:37:29.849+0000] {dag.py:3239} INFO - Sync 2 DAGs
[2026-05-18T15:37:29.852+0000] {logging_mixin.py:190} INFO - [2026-05-18T15:37:29.852+0000] {dag.py:4180} INFO - Setting next_dagrun for example_subdag_operator.section-1 to None, run_after=None
[2026-05-18T15:37:29.853+0000] {logging_mixin.py:190} INFO - [2026-05-18T15:37:29.852+0000] {dag.py:4180} INFO - Setting next_dagrun for example_subdag_operator.section-2 to None, run_after=None
[2026-05-18T15:37:29.864+0000] {processor.py:208} INFO - Processing /usr/local/python/3.12.1/lib/python3.12/site-packages/airflow/example_dags/example_subdag_operator.py took 0.075 seconds
[2026-05-18T15:38:30.469+0000] {processor.py:186} INFO - Started process (PID=72469) to work on /usr/local/python/3.12.1/lib/python3.12/site-packages/airflow/example_dags/example_subdag_operator.py
[2026-05-18T15:38:30.470+0000] {processor.py:914} INFO - Processing file /usr/local/python/3.12.1/lib/python3.12/site-packages/airflow/example_dags/example_subdag_operator.py for tasks to queue
[2026-05-18T15:38:30.472+0000] {logging_mixin.py:190} INFO - [2026-05-18T15:38:30.472+0000] {dagbag.py:588} INFO - Filling up the DagBag from /usr/local/python/3.12.1/lib/python3.12/site-packages/airflow/example_dags/example_subdag_operator.py
[2026-05-18T15:38:30.492+0000] {processor.py:925} INFO - DAG(s) 'example_subdag_operator.section-1', 'example_subdag_operator.section-2', 'example_subdag_operator' retrieved from /usr/local/python/3.12.1/lib/python3.12/site-packages/airflow/example_dags/example_subdag_operator.py
[2026-05-18T15:38:30.503+0000] {logging_mixin.py:190} INFO - [2026-05-18T15:38:30.503+0000] {dag.py:3239} INFO - Sync 3 DAGs
[2026-05-18T15:38:30.519+0000] {logging_mixin.py:190} INFO - [2026-05-18T15:38:30.519+0000] {dag.py:4180} INFO - Setting next_dagrun for example_subdag_operator to 2022-01-01 00:00:00+00:00, run_after=2022-01-01 00:00:00+00:00
[2026-05-18T15:38:30.522+0000] {logging_mixin.py:190} INFO - [2026-05-18T15:38:30.522+0000] {dag.py:4180} INFO - Setting next_dagrun for example_subdag_operator.section-1 to None, run_after=None
[2026-05-18T15:38:30.523+0000] {logging_mixin.py:190} INFO - [2026-05-18T15:38:30.522+0000] {dag.py:4180} INFO - Setting next_dagrun for example_subdag_operator.section-2 to None, run_after=None
[2026-05-18T15:38:30.527+0000] {logging_mixin.py:190} INFO - [2026-05-18T15:38:30.527+0000] {dag.py:3239} INFO - Sync 2 DAGs
[2026-05-18T15:38:30.530+0000] {logging_mixin.py:190} INFO - [2026-05-18T15:38:30.530+0000] {dag.py:4180} INFO - Setting next_dagrun for example_subdag_operator.section-1 to None, run_after=None
[2026-05-18T15:38:30.530+0000] {logging_mixin.py:190} INFO - [2026-05-18T15:38:30.530+0000] {dag.py:4180} INFO - Setting next_dagrun for example_subdag_operator.section-2 to None, run_after=None
[2026-05-18T15:38:30.542+0000] {processor.py:208} INFO - Processing /usr/local/python/3.12.1/lib/python3.12/site-packages/airflow/example_dags/example_subdag_operator.py took 0.078 seconds
[2026-05-18T15:39:37.861+0000] {processor.py:186} INFO - Started process (PID=73168) to work on /usr/local/python/3.12.1/lib/python3.12/site-packages/airflow/example_dags/example_subdag_operator.py
[2026-05-18T15:39:37.861+0000] {processor.py:914} INFO - Processing file /usr/local/python/3.12.1/lib/python3.12/site-packages/airflow/example_dags/example_subdag_operator.py for tasks to queue
[2026-05-18T15:39:37.863+0000] {logging_mixin.py:190} INFO - [2026-05-18T15:39:37.863+0000] {dagbag.py:588} INFO - Filling up the DagBag from /usr/local/python/3.12.1/lib/python3.12/site-packages/airflow/example_dags/example_subdag_operator.py
[2026-05-18T15:39:37.886+0000] {processor.py:925} INFO - DAG(s) 'example_subdag_operator.section-1', 'example_subdag_operator.section-2', 'example_subdag_operator' retrieved from /usr/local/python/3.12.1/lib/python3.12/site-packages/airflow/example_dags/example_subdag_operator.py
[2026-05-18T15:39:37.898+0000] {logging_mixin.py:190} INFO - [2026-05-18T15:39:37.898+0000] {dag.py:3239} INFO - Sync 3 DAGs
[2026-05-18T15:39:37.914+0000] {logging_mixin.py:190} INFO - [2026-05-18T15:39:37.913+0000] {dag.py:4180} INFO - Setting next_dagrun for example_subdag_operator to 2022-01-01 00:00:00+00:00, run_after=2022-01-01 00:00:00+00:00
[2026-05-18T15:39:37.916+0000] {logging_mixin.py:190} INFO - [2026-05-18T15:39:37.916+0000] {dag.py:4180} INFO - Setting next_dagrun for example_subdag_operator.section-1 to None, run_after=None
[2026-05-18T15:39:37.917+0000] {logging_mixin.py:190} INFO - [2026-05-18T15:39:37.917+0000] {dag.py:4180} INFO - Setting next_dagrun for example_subdag_operator.section-2 to None, run_after=None
[2026-05-18T15:39:37.923+0000] {logging_mixin.py:190} INFO - [2026-05-18T15:39:37.923+0000] {dag.py:3239} INFO - Sync 2 DAGs
[2026-05-18T15:39:37.926+0000] {logging_mixin.py:190} INFO - [2026-05-18T15:39:37.925+0000] {dag.py:4180} INFO - Setting next_dagrun for example_subdag_operator.section-1 to None, run_after=None
[2026-05-18T15:39:37.926+0000] {logging_mixin.py:190} INFO - [2026-05-18T15:39:37.926+0000] {dag.py:4180} INFO - Setting next_dagrun for example_subdag_operator.section-2 to None, run_after=None
[2026-05-18T15:39:37.939+0000] {processor.py:208} INFO - Processing /usr/local/python/3.12.1/lib/python3.12/site-packages/airflow/example_dags/example_subdag_operator.py took 0.082 seconds
[2026-05-18T15:40:41.002+0000] {processor.py:186} INFO - Started process (PID=73897) to work on /usr/local/python/3.12.1/lib/python3.12/site-packages/airflow/example_dags/example_subdag_operator.py
[2026-05-18T15:40:41.004+0000] {processor.py:914} INFO - Processing file /usr/local/python/3.12.1/lib/python3.12/site-packages/airflow/example_dags/example_subdag_operator.py for tasks to queue
[2026-05-18T15:40:41.007+0000] {logging_mixin.py:190} INFO - [2026-05-18T15:40:41.006+0000] {dagbag.py:588} INFO - Filling up the DagBag from /usr/local/python/3.12.1/lib/python3.12/site-packages/airflow/example_dags/example_subdag_operator.py
[2026-05-18T15:40:41.035+0000] {processor.py:925} INFO - DAG(s) 'example_subdag_operator.section-1', 'example_subdag_operator.section-2', 'example_subdag_operator' retrieved from /usr/local/python/3.12.1/lib/python3.12/site-packages/airflow/example_dags/example_subdag_operator.py
[2026-05-18T15:40:41.047+0000] {logging_mixin.py:190} INFO - [2026-05-18T15:40:41.047+0000] {dag.py:3239} INFO - Sync 3 DAGs
[2026-05-18T15:40:41.062+0000] {logging_mixin.py:190} INFO - [2026-05-18T15:40:41.062+0000] {dag.py:4180} INFO - Setting next_dagrun for example_subdag_operator to 2022-01-01 00:00:00+00:00, run_after=2022-01-01 00:00:00+00:00
[2026-05-18T15:40:41.065+0000] {logging_mixin.py:190} INFO - [2026-05-18T15:40:41.065+0000] {dag.py:4180} INFO - Setting next_dagrun for example_subdag_operator.section-1 to None, run_after=None
[2026-05-18T15:40:41.066+0000] {logging_mixin.py:190} INFO - [2026-05-18T15:40:41.066+0000] {dag.py:4180} INFO - Setting next_dagrun for example_subdag_operator.section-2 to None, run_after=None
[2026-05-18T15:40:41.073+0000] {logging_mixin.py:190} INFO - [2026-05-18T15:40:41.072+0000] {dag.py:3239} INFO - Sync 2 DAGs
[2026-05-18T15:40:41.076+0000] {logging_mixin.py:190} INFO - [2026-05-18T15:40:41.076+0000] {dag.py:4180} INFO - Setting next_dagrun for example_subdag_operator.section-1 to None, run_after=None
[2026-05-18T15:40:41.077+0000] {logging_mixin.py:190} INFO - [2026-05-18T15:40:41.076+0000] {dag.py:4180} INFO - Setting next_dagrun for example_subdag_operator.section-2 to None, run_after=None
[2026-05-18T15:40:41.090+0000] {processor.py:208} INFO - Processing /usr/local/python/3.12.1/lib/python3.12/site-packages/airflow/example_dags/example_subdag_operator.py took 0.094 seconds
[2026-05-18T15:41:45.974+0000] {processor.py:186} INFO - Started process (PID=74534) to work on /usr/local/python/3.12.1/lib/python3.12/site-packages/airflow/example_dags/example_subdag_operator.py
[2026-05-18T15:41:45.975+0000] {processor.py:914} INFO - Processing file /usr/local/python/3.12.1/lib/python3.12/site-packages/airflow/example_dags/example_subdag_operator.py for tasks to queue
[2026-05-18T15:41:45.978+0000] {logging_mixin.py:190} INFO - [2026-05-18T15:41:45.977+0000] {dagbag.py:588} INFO - Filling up the DagBag from /usr/local/python/3.12.1/lib/python3.12/site-packages/airflow/example_dags/example_subdag_operator.py
[2026-05-18T15:41:45.997+0000] {processor.py:925} INFO - DAG(s) 'example_subdag_operator.section-1', 'example_subdag_operator.section-2', 'example_subdag_operator' retrieved from /usr/local/python/3.12.1/lib/python3.12/site-packages/airflow/example_dags/example_subdag_operator.py
[2026-05-18T15:41:46.009+0000] {logging_mixin.py:190} INFO - [2026-05-18T15:41:46.009+0000] {dag.py:3239} INFO - Sync 3 DAGs
[2026-05-18T15:41:46.025+0000] {logging_mixin.py:190} INFO - [2026-05-18T15:41:46.024+0000] {dag.py:4180} INFO - Setting next_dagrun for example_subdag_operator to 2022-01-01 00:00:00+00:00, run_after=2022-01-01 00:00:00+00:00
[2026-05-18T15:41:46.027+0000] {logging_mixin.py:190} INFO - [2026-05-18T15:41:46.027+0000] {dag.py:4180} INFO - Setting next_dagrun for example_subdag_operator.section-1 to None, run_after=None
[2026-05-18T15:41:46.028+0000] {logging_mixin.py:190} INFO - [2026-05-18T15:41:46.028+0000] {dag.py:4180} INFO - Setting next_dagrun for example_subdag_operator.section-2 to None, run_after=None
[2026-05-18T15:41:46.032+0000] {logging_mixin.py:190} INFO - [2026-05-18T15:41:46.032+0000] {dag.py:3239} INFO - Sync 2 DAGs
[2026-05-18T15:41:46.035+0000] {logging_mixin.py:190} INFO - [2026-05-18T15:41:46.035+0000] {dag.py:4180} INFO - Setting next_dagrun for example_subdag_operator.section-1 to None, run_after=None
[2026-05-18T15:41:46.036+0000] {logging_mixin.py:190} INFO - [2026-05-18T15:41:46.036+0000] {dag.py:4180} INFO - Setting next_dagrun for example_subdag_operator.section-2 to None, run_after=None
[2026-05-18T15:41:46.047+0000] {processor.py:208} INFO - Processing /usr/local/python/3.12.1/lib/python3.12/site-packages/airflow/example_dags/example_subdag_operator.py took 0.078 seconds
[2026-05-18T15:42:49.579+0000] {processor.py:186} INFO - Started process (PID=75316) to work on /usr/local/python/3.12.1/lib/python3.12/site-packages/airflow/example_dags/example_subdag_operator.py
[2026-05-18T15:42:49.580+0000] {processor.py:914} INFO - Processing file /usr/local/python/3.12.1/lib/python3.12/site-packages/airflow/example_dags/example_subdag_operator.py for tasks to queue
[2026-05-18T15:42:49.582+0000] {logging_mixin.py:190} INFO - [2026-05-18T15:42:49.582+0000] {dagbag.py:588} INFO - Filling up the DagBag from /usr/local/python/3.12.1/lib/python3.12/site-packages/airflow/example_dags/example_subdag_operator.py
[2026-05-18T15:42:49.600+0000] {processor.py:925} INFO - DAG(s) 'example_subdag_operator.section-1', 'example_subdag_operator.section-2', 'example_subdag_operator' retrieved from /usr/local/python/3.12.1/lib/python3.12/site-packages/airflow/example_dags/example_subdag_operator.py
[2026-05-18T15:42:49.611+0000] {logging_mixin.py:190} INFO - [2026-05-18T15:42:49.611+0000] {dag.py:3239} INFO - Sync 3 DAGs
[2026-05-18T15:42:49.626+0000] {logging_mixin.py:190} INFO - [2026-05-18T15:42:49.626+0000] {dag.py:4180} INFO - Setting next_dagrun for example_subdag_operator to 2022-01-01 00:00:00+00:00, run_after=2022-01-01 00:00:00+00:00
[2026-05-18T15:42:49.629+0000] {logging_mixin.py:190} INFO - [2026-05-18T15:42:49.629+0000] {dag.py:4180} INFO - Setting next_dagrun for example_subdag_operator.section-1 to None, run_after=None
[2026-05-18T15:42:49.630+0000] {logging_mixin.py:190} INFO - [2026-05-18T15:42:49.629+0000] {dag.py:4180} INFO - Setting next_dagrun for example_subdag_operator.section-2 to None, run_after=None
[2026-05-18T15:42:49.634+0000] {logging_mixin.py:190} INFO - [2026-05-18T15:42:49.634+0000] {dag.py:3239} INFO - Sync 2 DAGs
[2026-05-18T15:42:49.637+0000] {logging_mixin.py:190} INFO - [2026-05-18T15:42:49.637+0000] {dag.py:4180} INFO - Setting next_dagrun for example_subdag_operator.section-1 to None, run_after=None
[2026-05-18T15:42:49.637+0000] {logging_mixin.py:190} INFO - [2026-05-18T15:42:49.637+0000] {dag.py:4180} INFO - Setting next_dagrun for example_subdag_operator.section-2 to None, run_after=None
[2026-05-18T15:42:49.649+0000] {processor.py:208} INFO - Processing /usr/local/python/3.12.1/lib/python3.12/site-packages/airflow/example_dags/example_subdag_operator.py took 0.076 seconds
[2026-05-18T15:46:13.152+0000] {processor.py:186} INFO - Started process (PID=77427) to work on /usr/local/python/3.12.1/lib/python3.12/site-packages/airflow/example_dags/example_subdag_operator.py
[2026-05-18T15:46:13.153+0000] {processor.py:914} INFO - Processing file /usr/local/python/3.12.1/lib/python3.12/site-packages/airflow/example_dags/example_subdag_operator.py for tasks to queue
[2026-05-18T15:46:13.155+0000] {logging_mixin.py:190} INFO - [2026-05-18T15:46:13.155+0000] {dagbag.py:588} INFO - Filling up the DagBag from /usr/local/python/3.12.1/lib/python3.12/site-packages/airflow/example_dags/example_subdag_operator.py
[2026-05-18T15:46:13.175+0000] {processor.py:925} INFO - DAG(s) 'example_subdag_operator.section-1', 'example_subdag_operator.section-2', 'example_subdag_operator' retrieved from /usr/local/python/3.12.1/lib/python3.12/site-packages/airflow/example_dags/example_subdag_operator.py
[2026-05-18T15:46:13.189+0000] {logging_mixin.py:190} INFO - [2026-05-18T15:46:13.189+0000] {dag.py:3239} INFO - Sync 3 DAGs
[2026-05-18T15:46:13.208+0000] {logging_mixin.py:190} INFO - [2026-05-18T15:46:13.208+0000] {dag.py:4180} INFO - Setting next_dagrun for example_subdag_operator to 2022-01-01 00:00:00+00:00, run_after=2022-01-01 00:00:00+00:00
[2026-05-18T15:46:13.211+0000] {logging_mixin.py:190} INFO - [2026-05-18T15:46:13.211+0000] {dag.py:4180} INFO - Setting next_dagrun for example_subdag_operator.section-1 to None, run_after=None
[2026-05-18T15:46:13.212+0000] {logging_mixin.py:190} INFO - [2026-05-18T15:46:13.212+0000] {dag.py:4180} INFO - Setting next_dagrun for example_subdag_operator.section-2 to None, run_after=None
[2026-05-18T15:46:13.216+0000] {logging_mixin.py:190} INFO - [2026-05-18T15:46:13.216+0000] {dag.py:3239} INFO - Sync 2 DAGs
[2026-05-18T15:46:13.219+0000] {logging_mixin.py:190} INFO - [2026-05-18T15:46:13.219+0000] {dag.py:4180} INFO - Setting next_dagrun for example_subdag_operator.section-1 to None, run_after=None
[2026-05-18T15:46:13.220+0000] {logging_mixin.py:190} INFO - [2026-05-18T15:46:13.220+0000] {dag.py:4180} INFO - Setting next_dagrun for example_subdag_operator.section-2 to None, run_after=None
[2026-05-18T15:46:13.230+0000] {processor.py:208} INFO - Processing /usr/local/python/3.12.1/lib/python3.12/site-packages/airflow/example_dags/example_subdag_operator.py took 0.082 seconds
[2026-05-18T15:47:13.777+0000] {processor.py:186} INFO - Started process (PID=78011) to work on /usr/local/python/3.12.1/lib/python3.12/site-packages/airflow/example_dags/example_subdag_operator.py
[2026-05-18T15:47:13.778+0000] {processor.py:914} INFO - Processing file /usr/local/python/3.12.1/lib/python3.12/site-packages/airflow/example_dags/example_subdag_operator.py for tasks to queue
[2026-05-18T15:47:13.781+0000] {logging_mixin.py:190} INFO - [2026-05-18T15:47:13.780+0000] {dagbag.py:588} INFO - Filling up the DagBag from /usr/local/python/3.12.1/lib/python3.12/site-packages/airflow/example_dags/example_subdag_operator.py
[2026-05-18T15:47:13.800+0000] {processor.py:925} INFO - DAG(s) 'example_subdag_operator.section-1', 'example_subdag_operator.section-2', 'example_subdag_operator' retrieved from /usr/local/python/3.12.1/lib/python3.12/site-packages/airflow/example_dags/example_subdag_operator.py
[2026-05-18T15:47:13.812+0000] {logging_mixin.py:190} INFO - [2026-05-18T15:47:13.811+0000] {dag.py:3239} INFO - Sync 3 DAGs
[2026-05-18T15:47:13.829+0000] {logging_mixin.py:190} INFO - [2026-05-18T15:47:13.828+0000] {dag.py:4180} INFO - Setting next_dagrun for example_subdag_operator to 2022-01-01 00:00:00+00:00, run_after=2022-01-01 00:00:00+00:00
[2026-05-18T15:47:13.831+0000] {logging_mixin.py:190} INFO - [2026-05-18T15:47:13.831+0000] {dag.py:4180} INFO - Setting next_dagrun for example_subdag_operator.section-1 to None, run_after=None
[2026-05-18T15:47:13.832+0000] {logging_mixin.py:190} INFO - [2026-05-18T15:47:13.832+0000] {dag.py:4180} INFO - Setting next_dagrun for example_subdag_operator.section-2 to None, run_after=None
[2026-05-18T15:47:13.836+0000] {logging_mixin.py:190} INFO - [2026-05-18T15:47:13.836+0000] {dag.py:3239} INFO - Sync 2 DAGs
[2026-05-18T15:47:13.839+0000] {logging_mixin.py:190} INFO - [2026-05-18T15:47:13.839+0000] {dag.py:4180} INFO - Setting next_dagrun for example_subdag_operator.section-1 to None, run_after=None
[2026-05-18T15:47:13.840+0000] {logging_mixin.py:190} INFO - [2026-05-18T15:47:13.839+0000] {dag.py:4180} INFO - Setting next_dagrun for example_subdag_operator.section-2 to None, run_after=None
[2026-05-18T15:47:13.850+0000] {processor.py:208} INFO - Processing /usr/local/python/3.12.1/lib/python3.12/site-packages/airflow/example_dags/example_subdag_operator.py took 0.078 seconds
[2026-05-18T15:48:16.716+0000] {processor.py:186} INFO - Started process (PID=78618) to work on /usr/local/python/3.12.1/lib/python3.12/site-packages/airflow/example_dags/example_subdag_operator.py
[2026-05-18T15:48:16.717+0000] {processor.py:914} INFO - Processing file /usr/local/python/3.12.1/lib/python3.12/site-packages/airflow/example_dags/example_subdag_operator.py for tasks to queue
[2026-05-18T15:48:16.719+0000] {logging_mixin.py:190} INFO - [2026-05-18T15:48:16.719+0000] {dagbag.py:588} INFO - Filling up the DagBag from /usr/local/python/3.12.1/lib/python3.12/site-packages/airflow/example_dags/example_subdag_operator.py
[2026-05-18T15:48:16.736+0000] {processor.py:925} INFO - DAG(s) 'example_subdag_operator.section-1', 'example_subdag_operator.section-2', 'example_subdag_operator' retrieved from /usr/local/python/3.12.1/lib/python3.12/site-packages/airflow/example_dags/example_subdag_operator.py
[2026-05-18T15:48:16.747+0000] {logging_mixin.py:190} INFO - [2026-05-18T15:48:16.747+0000] {dag.py:3239} INFO - Sync 3 DAGs
[2026-05-18T15:48:16.763+0000] {logging_mixin.py:190} INFO - [2026-05-18T15:48:16.763+0000] {dag.py:4180} INFO - Setting next_dagrun for example_subdag_operator to 2022-01-01 00:00:00+00:00, run_after=2022-01-01 00:00:00+00:00
[2026-05-18T15:48:16.766+0000] {logging_mixin.py:190} INFO - [2026-05-18T15:48:16.765+0000] {dag.py:4180} INFO - Setting next_dagrun for example_subdag_operator.section-1 to None, run_after=None
[2026-05-18T15:48:16.766+0000] {logging_mixin.py:190} INFO - [2026-05-18T15:48:16.766+0000] {dag.py:4180} INFO - Setting next_dagrun for example_subdag_operator.section-2 to None, run_after=None
[2026-05-18T15:48:16.771+0000] {logging_mixin.py:190} INFO - [2026-05-18T15:48:16.770+0000] {dag.py:3239} INFO - Sync 2 DAGs
[2026-05-18T15:48:16.774+0000] {logging_mixin.py:190} INFO - [2026-05-18T15:48:16.773+0000] {dag.py:4180} INFO - Setting next_dagrun for example_subdag_operator.section-1 to None, run_after=None
[2026-05-18T15:48:16.774+0000] {logging_mixin.py:190} INFO - [2026-05-18T15:48:16.774+0000] {dag.py:4180} INFO - Setting next_dagrun for example_subdag_operator.section-2 to None, run_after=None
[2026-05-18T15:48:16.787+0000] {processor.py:208} INFO - Processing /usr/local/python/3.12.1/lib/python3.12/site-packages/airflow/example_dags/example_subdag_operator.py took 0.075 seconds
[2026-05-18T15:49:24.108+0000] {processor.py:186} INFO - Started process (PID=79331) to work on /usr/local/python/3.12.1/lib/python3.12/site-packages/airflow/example_dags/example_subdag_operator.py
[2026-05-18T15:49:24.109+0000] {processor.py:914} INFO - Processing file /usr/local/python/3.12.1/lib/python3.12/site-packages/airflow/example_dags/example_subdag_operator.py for tasks to queue
[2026-05-18T15:49:24.111+0000] {logging_mixin.py:190} INFO - [2026-05-18T15:49:24.110+0000] {dagbag.py:588} INFO - Filling up the DagBag from /usr/local/python/3.12.1/lib/python3.12/site-packages/airflow/example_dags/example_subdag_operator.py
[2026-05-18T15:49:24.129+0000] {processor.py:925} INFO - DAG(s) 'example_subdag_operator.section-1', 'example_subdag_operator.section-2', 'example_subdag_operator' retrieved from /usr/local/python/3.12.1/lib/python3.12/site-packages/airflow/example_dags/example_subdag_operator.py
[2026-05-18T15:49:24.141+0000] {logging_mixin.py:190} INFO - [2026-05-18T15:49:24.141+0000] {dag.py:3239} INFO - Sync 3 DAGs
[2026-05-18T15:49:24.157+0000] {logging_mixin.py:190} INFO - [2026-05-18T15:49:24.157+0000] {dag.py:4180} INFO - Setting next_dagrun for example_subdag_operator to 2022-01-01 00:00:00+00:00, run_after=2022-01-01 00:00:00+00:00
[2026-05-18T15:49:24.160+0000] {logging_mixin.py:190} INFO - [2026-05-18T15:49:24.160+0000] {dag.py:4180} INFO - Setting next_dagrun for example_subdag_operator.section-1 to None, run_after=None
[2026-05-18T15:49:24.161+0000] {logging_mixin.py:190} INFO - [2026-05-18T15:49:24.160+0000] {dag.py:4180} INFO - Setting next_dagrun for example_subdag_operator.section-2 to None, run_after=None
[2026-05-18T15:49:24.165+0000] {logging_mixin.py:190} INFO - [2026-05-18T15:49:24.165+0000] {dag.py:3239} INFO - Sync 2 DAGs
[2026-05-18T15:49:24.169+0000] {logging_mixin.py:190} INFO - [2026-05-18T15:49:24.169+0000] {dag.py:4180} INFO - Setting next_dagrun for example_subdag_operator.section-1 to None, run_after=None
[2026-05-18T15:49:24.169+0000] {logging_mixin.py:190} INFO - [2026-05-18T15:49:24.169+0000] {dag.py:4180} INFO - Setting next_dagrun for example_subdag_operator.section-2 to None, run_after=None
[2026-05-18T15:49:24.183+0000] {processor.py:208} INFO - Processing /usr/local/python/3.12.1/lib/python3.12/site-packages/airflow/example_dags/example_subdag_operator.py took 0.079 seconds
[2026-05-18T15:50:29.489+0000] {processor.py:186} INFO - Started process (PID=80071) to work on /usr/local/python/3.12.1/lib/python3.12/site-packages/airflow/example_dags/example_subdag_operator.py
[2026-05-18T15:50:29.489+0000] {processor.py:914} INFO - Processing file /usr/local/python/3.12.1/lib/python3.12/site-packages/airflow/example_dags/example_subdag_operator.py for tasks to queue
[2026-05-18T15:50:29.491+0000] {logging_mixin.py:190} INFO - [2026-05-18T15:50:29.491+0000] {dagbag.py:588} INFO - Filling up the DagBag from /usr/local/python/3.12.1/lib/python3.12/site-packages/airflow/example_dags/example_subdag_operator.py
[2026-05-18T15:50:29.508+0000] {processor.py:925} INFO - DAG(s) 'example_subdag_operator.section-1', 'example_subdag_operator.section-2', 'example_subdag_operator' retrieved from /usr/local/python/3.12.1/lib/python3.12/site-packages/airflow/example_dags/example_subdag_operator.py
[2026-05-18T15:50:29.520+0000] {logging_mixin.py:190} INFO - [2026-05-18T15:50:29.520+0000] {dag.py:3239} INFO - Sync 3 DAGs
[2026-05-18T15:50:29.537+0000] {logging_mixin.py:190} INFO - [2026-05-18T15:50:29.537+0000] {dag.py:4180} INFO - Setting next_dagrun for example_subdag_operator to 2022-01-01 00:00:00+00:00, run_after=2022-01-01 00:00:00+00:00
[2026-05-18T15:50:29.540+0000] {logging_mixin.py:190} INFO - [2026-05-18T15:50:29.540+0000] {dag.py:4180} INFO - Setting next_dagrun for example_subdag_operator.section-1 to None, run_after=None
[2026-05-18T15:50:29.541+0000] {logging_mixin.py:190} INFO - [2026-05-18T15:50:29.541+0000] {dag.py:4180} INFO - Setting next_dagrun for example_subdag_operator.section-2 to None, run_after=None
[2026-05-18T15:50:29.548+0000] {logging_mixin.py:190} INFO - [2026-05-18T15:50:29.548+0000] {dag.py:3239} INFO - Sync 2 DAGs
[2026-05-18T15:50:29.551+0000] {logging_mixin.py:190} INFO - [2026-05-18T15:50:29.551+0000] {dag.py:4180} INFO - Setting next_dagrun for example_subdag_operator.section-1 to None, run_after=None
[2026-05-18T15:50:29.552+0000] {logging_mixin.py:190} INFO - [2026-05-18T15:50:29.552+0000] {dag.py:4180} INFO - Setting next_dagrun for example_subdag_operator.section-2 to None, run_after=None
[2026-05-18T15:50:29.564+0000] {processor.py:208} INFO - Processing /usr/local/python/3.12.1/lib/python3.12/site-packages/airflow/example_dags/example_subdag_operator.py took 0.079 seconds
[2026-05-18T15:51:34.984+0000] {processor.py:186} INFO - Started process (PID=80825) to work on /usr/local/python/3.12.1/lib/python3.12/site-packages/airflow/example_dags/example_subdag_operator.py
[2026-05-18T15:51:34.985+0000] {processor.py:914} INFO - Processing file /usr/local/python/3.12.1/lib/python3.12/site-packages/airflow/example_dags/example_subdag_operator.py for tasks to queue
[2026-05-18T15:51:34.986+0000] {logging_mixin.py:190} INFO - [2026-05-18T15:51:34.986+0000] {dagbag.py:588} INFO - Filling up the DagBag from /usr/local/python/3.12.1/lib/python3.12/site-packages/airflow/example_dags/example_subdag_operator.py
[2026-05-18T15:51:35.012+0000] {processor.py:925} INFO - DAG(s) 'example_subdag_operator.section-1', 'example_subdag_operator.section-2', 'example_subdag_operator' retrieved from /usr/local/python/3.12.1/lib/python3.12/site-packages/airflow/example_dags/example_subdag_operator.py
[2026-05-18T15:51:35.032+0000] {logging_mixin.py:190} INFO - [2026-05-18T15:51:35.030+0000] {dag.py:3239} INFO - Sync 3 DAGs
[2026-05-18T15:51:35.053+0000] {logging_mixin.py:190} INFO - [2026-05-18T15:51:35.053+0000] {dag.py:4180} INFO - Setting next_dagrun for example_subdag_operator to 2022-01-01 00:00:00+00:00, run_after=2022-01-01 00:00:00+00:00
[2026-05-18T15:51:35.056+0000] {logging_mixin.py:190} INFO - [2026-05-18T15:51:35.056+0000] {dag.py:4180} INFO - Setting next_dagrun for example_subdag_operator.section-1 to None, run_after=None
[2026-05-18T15:51:35.057+0000] {logging_mixin.py:190} INFO - [2026-05-18T15:51:35.056+0000] {dag.py:4180} INFO - Setting next_dagrun for example_subdag_operator.section-2 to None, run_after=None
[2026-05-18T15:51:35.062+0000] {logging_mixin.py:190} INFO - [2026-05-18T15:51:35.062+0000] {dag.py:3239} INFO - Sync 2 DAGs
[2026-05-18T15:51:35.067+0000] {logging_mixin.py:190} INFO - [2026-05-18T15:51:35.067+0000] {dag.py:4180} INFO - Setting next_dagrun for example_subdag_operator.section-1 to None, run_after=None
[2026-05-18T15:51:35.068+0000] {logging_mixin.py:190} INFO - [2026-05-18T15:51:35.068+0000] {dag.py:4180} INFO - Setting next_dagrun for example_subdag_operator.section-2 to None, run_after=None
[2026-05-18T15:51:35.086+0000] {processor.py:208} INFO - Processing /usr/local/python/3.12.1/lib/python3.12/site-packages/airflow/example_dags/example_subdag_operator.py took 0.108 seconds
[2026-05-18T15:52:33.618+0000] {processor.py:186} INFO - Started process (PID=81343) to work on /usr/local/python/3.12.1/lib/python3.12/site-packages/airflow/example_dags/example_subdag_operator.py
[2026-05-18T15:52:33.618+0000] {processor.py:914} INFO - Processing file /usr/local/python/3.12.1/lib/python3.12/site-packages/airflow/example_dags/example_subdag_operator.py for tasks to queue
[2026-05-18T15:52:33.619+0000] {logging_mixin.py:190} INFO - [2026-05-18T15:52:33.619+0000] {dagbag.py:588} INFO - Filling up the DagBag from /usr/local/python/3.12.1/lib/python3.12/site-packages/airflow/example_dags/example_subdag_operator.py
[2026-05-18T15:52:33.636+0000] {processor.py:925} INFO - DAG(s) 'example_subdag_operator.section-1', 'example_subdag_operator.section-2', 'example_subdag_operator' retrieved from /usr/local/python/3.12.1/lib/python3.12/site-packages/airflow/example_dags/example_subdag_operator.py
[2026-05-18T15:52:33.647+0000] {logging_mixin.py:190} INFO - [2026-05-18T15:52:33.647+0000] {dag.py:3239} INFO - Sync 3 DAGs
[2026-05-18T15:52:33.663+0000] {logging_mixin.py:190} INFO - [2026-05-18T15:52:33.663+0000] {dag.py:4180} INFO - Setting next_dagrun for example_subdag_operator to 2022-01-01 00:00:00+00:00, run_after=2022-01-01 00:00:00+00:00
[2026-05-18T15:52:33.668+0000] {logging_mixin.py:190} INFO - [2026-05-18T15:52:33.668+0000] {dag.py:4180} INFO - Setting next_dagrun for example_subdag_operator.section-1 to None, run_after=None
[2026-05-18T15:52:33.669+0000] {logging_mixin.py:190} INFO - [2026-05-18T15:52:33.669+0000] {dag.py:4180} INFO - Setting next_dagrun for example_subdag_operator.section-2 to None, run_after=None
[2026-05-18T15:52:33.675+0000] {logging_mixin.py:190} INFO - [2026-05-18T15:52:33.674+0000] {dag.py:3239} INFO - Sync 2 DAGs
[2026-05-18T15:52:33.678+0000] {logging_mixin.py:190} INFO - [2026-05-18T15:52:33.678+0000] {dag.py:4180} INFO - Setting next_dagrun for example_subdag_operator.section-1 to None, run_after=None
[2026-05-18T15:52:33.679+0000] {logging_mixin.py:190} INFO - [2026-05-18T15:52:33.679+0000] {dag.py:4180} INFO - Setting next_dagrun for example_subdag_operator.section-2 to None, run_after=None
[2026-05-18T15:52:33.690+0000] {processor.py:208} INFO - Processing /usr/local/python/3.12.1/lib/python3.12/site-packages/airflow/example_dags/example_subdag_operator.py took 0.076 seconds
[2026-05-18T15:53:33.735+0000] {processor.py:186} INFO - Started process (PID=81868) to work on /usr/local/python/3.12.1/lib/python3.12/site-packages/airflow/example_dags/example_subdag_operator.py
[2026-05-18T15:53:33.736+0000] {processor.py:914} INFO - Processing file /usr/local/python/3.12.1/lib/python3.12/site-packages/airflow/example_dags/example_subdag_operator.py for tasks to queue
[2026-05-18T15:53:33.737+0000] {logging_mixin.py:190} INFO - [2026-05-18T15:53:33.737+0000] {dagbag.py:588} INFO - Filling up the DagBag from /usr/local/python/3.12.1/lib/python3.12/site-packages/airflow/example_dags/example_subdag_operator.py
[2026-05-18T15:53:33.755+0000] {processor.py:925} INFO - DAG(s) 'example_subdag_operator.section-1', 'example_subdag_operator.section-2', 'example_subdag_operator' retrieved from /usr/local/python/3.12.1/lib/python3.12/site-packages/airflow/example_dags/example_subdag_operator.py
[2026-05-18T15:53:33.769+0000] {logging_mixin.py:190} INFO - [2026-05-18T15:53:33.769+0000] {dag.py:3239} INFO - Sync 3 DAGs
[2026-05-18T15:53:33.790+0000] {logging_mixin.py:190} INFO - [2026-05-18T15:53:33.790+0000] {dag.py:4180} INFO - Setting next_dagrun for example_subdag_operator to 2022-01-01 00:00:00+00:00, run_after=2022-01-01 00:00:00+00:00
[2026-05-18T15:53:33.793+0000] {logging_mixin.py:190} INFO - [2026-05-18T15:53:33.793+0000] {dag.py:4180} INFO - Setting next_dagrun for example_subdag_operator.section-1 to None, run_after=None
[2026-05-18T15:53:33.794+0000] {logging_mixin.py:190} INFO - [2026-05-18T15:53:33.794+0000] {dag.py:4180} INFO - Setting next_dagrun for example_subdag_operator.section-2 to None, run_after=None
[2026-05-18T15:53:33.798+0000] {logging_mixin.py:190} INFO - [2026-05-18T15:53:33.798+0000] {dag.py:3239} INFO - Sync 2 DAGs
[2026-05-18T15:53:33.802+0000] {logging_mixin.py:190} INFO - [2026-05-18T15:53:33.802+0000] {dag.py:4180} INFO - Setting next_dagrun for example_subdag_operator.section-1 to None, run_after=None
[2026-05-18T15:53:33.802+0000] {logging_mixin.py:190} INFO - [2026-05-18T15:53:33.802+0000] {dag.py:4180} INFO - Setting next_dagrun for example_subdag_operator.section-2 to None, run_after=None
[2026-05-18T15:53:33.816+0000] {processor.py:208} INFO - Processing /usr/local/python/3.12.1/lib/python3.12/site-packages/airflow/example_dags/example_subdag_operator.py took 0.085 seconds
[2026-05-18T15:54:35.000+0000] {processor.py:186} INFO - Started process (PID=82399) to work on /usr/local/python/3.12.1/lib/python3.12/site-packages/airflow/example_dags/example_subdag_operator.py
[2026-05-18T15:54:35.007+0000] {processor.py:914} INFO - Processing file /usr/local/python/3.12.1/lib/python3.12/site-packages/airflow/example_dags/example_subdag_operator.py for tasks to queue
[2026-05-18T15:54:35.008+0000] {logging_mixin.py:190} INFO - [2026-05-18T15:54:35.008+0000] {dagbag.py:588} INFO - Filling up the DagBag from /usr/local/python/3.12.1/lib/python3.12/site-packages/airflow/example_dags/example_subdag_operator.py
[2026-05-18T15:54:35.036+0000] {processor.py:925} INFO - DAG(s) 'example_subdag_operator.section-1', 'example_subdag_operator.section-2', 'example_subdag_operator' retrieved from /usr/local/python/3.12.1/lib/python3.12/site-packages/airflow/example_dags/example_subdag_operator.py
[2026-05-18T15:54:35.048+0000] {logging_mixin.py:190} INFO - [2026-05-18T15:54:35.048+0000] {dag.py:3239} INFO - Sync 3 DAGs
[2026-05-18T15:54:35.063+0000] {logging_mixin.py:190} INFO - [2026-05-18T15:54:35.063+0000] {dag.py:4180} INFO - Setting next_dagrun for example_subdag_operator to 2022-01-01 00:00:00+00:00, run_after=2022-01-01 00:00:00+00:00
[2026-05-18T15:54:35.067+0000] {logging_mixin.py:190} INFO - [2026-05-18T15:54:35.067+0000] {dag.py:4180} INFO - Setting next_dagrun for example_subdag_operator.section-1 to None, run_after=None
[2026-05-18T15:54:35.068+0000] {logging_mixin.py:190} INFO - [2026-05-18T15:54:35.068+0000] {dag.py:4180} INFO - Setting next_dagrun for example_subdag_operator.section-2 to None, run_after=None
[2026-05-18T15:54:35.073+0000] {logging_mixin.py:190} INFO - [2026-05-18T15:54:35.073+0000] {dag.py:3239} INFO - Sync 2 DAGs
[2026-05-18T15:54:35.077+0000] {logging_mixin.py:190} INFO - [2026-05-18T15:54:35.077+0000] {dag.py:4180} INFO - Setting next_dagrun for example_subdag_operator.section-1 to None, run_after=None
[2026-05-18T15:54:35.078+0000] {logging_mixin.py:190} INFO - [2026-05-18T15:54:35.078+0000] {dag.py:4180} INFO - Setting next_dagrun for example_subdag_operator.section-2 to None, run_after=None
[2026-05-18T15:54:35.090+0000] {processor.py:208} INFO - Processing /usr/local/python/3.12.1/lib/python3.12/site-packages/airflow/example_dags/example_subdag_operator.py took 0.107 seconds
[2026-05-18T15:55:37.399+0000] {processor.py:186} INFO - Started process (PID=82934) to work on /usr/local/python/3.12.1/lib/python3.12/site-packages/airflow/example_dags/example_subdag_operator.py
[2026-05-18T15:55:37.400+0000] {processor.py:914} INFO - Processing file /usr/local/python/3.12.1/lib/python3.12/site-packages/airflow/example_dags/example_subdag_operator.py for tasks to queue
[2026-05-18T15:55:37.401+0000] {logging_mixin.py:190} INFO - [2026-05-18T15:55:37.401+0000] {dagbag.py:588} INFO - Filling up the DagBag from /usr/local/python/3.12.1/lib/python3.12/site-packages/airflow/example_dags/example_subdag_operator.py
[2026-05-18T15:55:37.420+0000] {processor.py:925} INFO - DAG(s) 'example_subdag_operator.section-1', 'example_subdag_operator.section-2', 'example_subdag_operator' retrieved from /usr/local/python/3.12.1/lib/python3.12/site-packages/airflow/example_dags/example_subdag_operator.py
[2026-05-18T15:55:37.431+0000] {logging_mixin.py:190} INFO - [2026-05-18T15:55:37.431+0000] {dag.py:3239} INFO - Sync 3 DAGs
[2026-05-18T15:55:37.446+0000] {logging_mixin.py:190} INFO - [2026-05-18T15:55:37.446+0000] {dag.py:4180} INFO - Setting next_dagrun for example_subdag_operator to 2022-01-01 00:00:00+00:00, run_after=2022-01-01 00:00:00+00:00
[2026-05-18T15:55:37.449+0000] {logging_mixin.py:190} INFO - [2026-05-18T15:55:37.449+0000] {dag.py:4180} INFO - Setting next_dagrun for example_subdag_operator.section-1 to None, run_after=None
[2026-05-18T15:55:37.450+0000] {logging_mixin.py:190} INFO - [2026-05-18T15:55:37.450+0000] {dag.py:4180} INFO - Setting next_dagrun for example_subdag_operator.section-2 to None, run_after=None
[2026-05-18T15:55:37.454+0000] {logging_mixin.py:190} INFO - [2026-05-18T15:55:37.454+0000] {dag.py:3239} INFO - Sync 2 DAGs
[2026-05-18T15:55:37.457+0000] {logging_mixin.py:190} INFO - [2026-05-18T15:55:37.457+0000] {dag.py:4180} INFO - Setting next_dagrun for example_subdag_operator.section-1 to None, run_after=None
[2026-05-18T15:55:37.457+0000] {logging_mixin.py:190} INFO - [2026-05-18T15:55:37.457+0000] {dag.py:4180} INFO - Setting next_dagrun for example_subdag_operator.section-2 to None, run_after=None
[2026-05-18T15:55:37.468+0000] {processor.py:208} INFO - Processing /usr/local/python/3.12.1/lib/python3.12/site-packages/airflow/example_dags/example_subdag_operator.py took 0.073 seconds
[2026-05-18T15:56:37.289+0000] {processor.py:186} INFO - Started process (PID=83524) to work on /usr/local/python/3.12.1/lib/python3.12/site-packages/airflow/example_dags/example_subdag_operator.py
[2026-05-18T15:56:37.290+0000] {processor.py:914} INFO - Processing file /usr/local/python/3.12.1/lib/python3.12/site-packages/airflow/example_dags/example_subdag_operator.py for tasks to queue
[2026-05-18T15:56:37.291+0000] {logging_mixin.py:190} INFO - [2026-05-18T15:56:37.291+0000] {dagbag.py:588} INFO - Filling up the DagBag from /usr/local/python/3.12.1/lib/python3.12/site-packages/airflow/example_dags/example_subdag_operator.py
[2026-05-18T15:56:37.309+0000] {processor.py:925} INFO - DAG(s) 'example_subdag_operator.section-1', 'example_subdag_operator.section-2', 'example_subdag_operator' retrieved from /usr/local/python/3.12.1/lib/python3.12/site-packages/airflow/example_dags/example_subdag_operator.py
[2026-05-18T15:56:37.322+0000] {logging_mixin.py:190} INFO - [2026-05-18T15:56:37.321+0000] {dag.py:3239} INFO - Sync 3 DAGs
[2026-05-18T15:56:37.338+0000] {logging_mixin.py:190} INFO - [2026-05-18T15:56:37.337+0000] {dag.py:4180} INFO - Setting next_dagrun for example_subdag_operator to 2022-01-01 00:00:00+00:00, run_after=2022-01-01 00:00:00+00:00
[2026-05-18T15:56:37.340+0000] {logging_mixin.py:190} INFO - [2026-05-18T15:56:37.340+0000] {dag.py:4180} INFO - Setting next_dagrun for example_subdag_operator.section-1 to None, run_after=None
[2026-05-18T15:56:37.341+0000] {logging_mixin.py:190} INFO - [2026-05-18T15:56:37.341+0000] {dag.py:4180} INFO - Setting next_dagrun for example_subdag_operator.section-2 to None, run_after=None
[2026-05-18T15:56:37.346+0000] {logging_mixin.py:190} INFO - [2026-05-18T15:56:37.345+0000] {dag.py:3239} INFO - Sync 2 DAGs
[2026-05-18T15:56:37.349+0000] {logging_mixin.py:190} INFO - [2026-05-18T15:56:37.349+0000] {dag.py:4180} INFO - Setting next_dagrun for example_subdag_operator.section-1 to None, run_after=None
[2026-05-18T15:56:37.349+0000] {logging_mixin.py:190} INFO - [2026-05-18T15:56:37.349+0000] {dag.py:4180} INFO - Setting next_dagrun for example_subdag_operator.section-2 to None, run_after=None
[2026-05-18T15:56:37.360+0000] {processor.py:208} INFO - Processing /usr/local/python/3.12.1/lib/python3.12/site-packages/airflow/example_dags/example_subdag_operator.py took 0.075 seconds
[2026-05-18T15:57:35.269+0000] {processor.py:186} INFO - Started process (PID=84036) to work on /usr/local/python/3.12.1/lib/python3.12/site-packages/airflow/example_dags/example_subdag_operator.py
[2026-05-18T15:57:35.269+0000] {processor.py:914} INFO - Processing file /usr/local/python/3.12.1/lib/python3.12/site-packages/airflow/example_dags/example_subdag_operator.py for tasks to queue
[2026-05-18T15:57:35.271+0000] {logging_mixin.py:190} INFO - [2026-05-18T15:57:35.270+0000] {dagbag.py:588} INFO - Filling up the DagBag from /usr/local/python/3.12.1/lib/python3.12/site-packages/airflow/example_dags/example_subdag_operator.py
[2026-05-18T15:57:35.292+0000] {processor.py:925} INFO - DAG(s) 'example_subdag_operator.section-1', 'example_subdag_operator.section-2', 'example_subdag_operator' retrieved from /usr/local/python/3.12.1/lib/python3.12/site-packages/airflow/example_dags/example_subdag_operator.py
[2026-05-18T15:57:35.305+0000] {logging_mixin.py:190} INFO - [2026-05-18T15:57:35.304+0000] {dag.py:3239} INFO - Sync 3 DAGs
[2026-05-18T15:57:35.325+0000] {logging_mixin.py:190} INFO - [2026-05-18T15:57:35.325+0000] {dag.py:4180} INFO - Setting next_dagrun for example_subdag_operator to 2022-01-01 00:00:00+00:00, run_after=2022-01-01 00:00:00+00:00
[2026-05-18T15:57:35.328+0000] {logging_mixin.py:190} INFO - [2026-05-18T15:57:35.327+0000] {dag.py:4180} INFO - Setting next_dagrun for example_subdag_operator.section-1 to None, run_after=None
[2026-05-18T15:57:35.328+0000] {logging_mixin.py:190} INFO - [2026-05-18T15:57:35.328+0000] {dag.py:4180} INFO - Setting next_dagrun for example_subdag_operator.section-2 to None, run_after=None
[2026-05-18T15:57:35.333+0000] {logging_mixin.py:190} INFO - [2026-05-18T15:57:35.333+0000] {dag.py:3239} INFO - Sync 2 DAGs
[2026-05-18T15:57:35.336+0000] {logging_mixin.py:190} INFO - [2026-05-18T15:57:35.336+0000] {dag.py:4180} INFO - Setting next_dagrun for example_subdag_operator.section-1 to None, run_after=None
[2026-05-18T15:57:35.336+0000] {logging_mixin.py:190} INFO - [2026-05-18T15:57:35.336+0000] {dag.py:4180} INFO - Setting next_dagrun for example_subdag_operator.section-2 to None, run_after=None
[2026-05-18T15:57:35.347+0000] {processor.py:208} INFO - Processing /usr/local/python/3.12.1/lib/python3.12/site-packages/airflow/example_dags/example_subdag_operator.py took 0.084 seconds
[2026-05-18T15:58:33.548+0000] {processor.py:186} INFO - Started process (PID=84536) to work on /usr/local/python/3.12.1/lib/python3.12/site-packages/airflow/example_dags/example_subdag_operator.py
[2026-05-18T15:58:33.548+0000] {processor.py:914} INFO - Processing file /usr/local/python/3.12.1/lib/python3.12/site-packages/airflow/example_dags/example_subdag_operator.py for tasks to queue
[2026-05-18T15:58:33.549+0000] {logging_mixin.py:190} INFO - [2026-05-18T15:58:33.549+0000] {dagbag.py:588} INFO - Filling up the DagBag from /usr/local/python/3.12.1/lib/python3.12/site-packages/airflow/example_dags/example_subdag_operator.py
[2026-05-18T15:58:33.567+0000] {processor.py:925} INFO - DAG(s) 'example_subdag_operator.section-1', 'example_subdag_operator.section-2', 'example_subdag_operator' retrieved from /usr/local/python/3.12.1/lib/python3.12/site-packages/airflow/example_dags/example_subdag_operator.py
[2026-05-18T15:58:33.583+0000] {logging_mixin.py:190} INFO - [2026-05-18T15:58:33.583+0000] {dag.py:3239} INFO - Sync 3 DAGs
[2026-05-18T15:58:33.600+0000] {logging_mixin.py:190} INFO - [2026-05-18T15:58:33.599+0000] {dag.py:4180} INFO - Setting next_dagrun for example_subdag_operator to 2022-01-01 00:00:00+00:00, run_after=2022-01-01 00:00:00+00:00
[2026-05-18T15:58:33.602+0000] {logging_mixin.py:190} INFO - [2026-05-18T15:58:33.602+0000] {dag.py:4180} INFO - Setting next_dagrun for example_subdag_operator.section-1 to None, run_after=None
[2026-05-18T15:58:33.603+0000] {logging_mixin.py:190} INFO - [2026-05-18T15:58:33.603+0000] {dag.py:4180} INFO - Setting next_dagrun for example_subdag_operator.section-2 to None, run_after=None
[2026-05-18T15:58:33.607+0000] {logging_mixin.py:190} INFO - [2026-05-18T15:58:33.607+0000] {dag.py:3239} INFO - Sync 2 DAGs
[2026-05-18T15:58:33.610+0000] {logging_mixin.py:190} INFO - [2026-05-18T15:58:33.610+0000] {dag.py:4180} INFO - Setting next_dagrun for example_subdag_operator.section-1 to None, run_after=None
[2026-05-18T15:58:33.611+0000] {logging_mixin.py:190} INFO - [2026-05-18T15:58:33.611+0000] {dag.py:4180} INFO - Setting next_dagrun for example_subdag_operator.section-2 to None, run_after=None
[2026-05-18T15:58:33.621+0000] {processor.py:208} INFO - Processing /usr/local/python/3.12.1/lib/python3.12/site-packages/airflow/example_dags/example_subdag_operator.py took 0.077 seconds
[2026-05-18T15:59:37.127+0000] {processor.py:186} INFO - Started process (PID=85103) to work on /usr/local/python/3.12.1/lib/python3.12/site-packages/airflow/example_dags/example_subdag_operator.py
[2026-05-18T15:59:37.128+0000] {processor.py:914} INFO - Processing file /usr/local/python/3.12.1/lib/python3.12/site-packages/airflow/example_dags/example_subdag_operator.py for tasks to queue
[2026-05-18T15:59:37.129+0000] {logging_mixin.py:190} INFO - [2026-05-18T15:59:37.129+0000] {dagbag.py:588} INFO - Filling up the DagBag from /usr/local/python/3.12.1/lib/python3.12/site-packages/airflow/example_dags/example_subdag_operator.py
[2026-05-18T15:59:37.167+0000] {processor.py:925} INFO - DAG(s) 'example_subdag_operator.section-1', 'example_subdag_operator.section-2', 'example_subdag_operator' retrieved from /usr/local/python/3.12.1/lib/python3.12/site-packages/airflow/example_dags/example_subdag_operator.py
[2026-05-18T15:59:37.185+0000] {logging_mixin.py:190} INFO - [2026-05-18T15:59:37.185+0000] {dag.py:3239} INFO - Sync 3 DAGs
[2026-05-18T15:59:37.204+0000] {logging_mixin.py:190} INFO - [2026-05-18T15:59:37.204+0000] {dag.py:4180} INFO - Setting next_dagrun for example_subdag_operator to 2022-01-01 00:00:00+00:00, run_after=2022-01-01 00:00:00+00:00
[2026-05-18T15:59:37.208+0000] {logging_mixin.py:190} INFO - [2026-05-18T15:59:37.208+0000] {dag.py:4180} INFO - Setting next_dagrun for example_subdag_operator.section-1 to None, run_after=None
[2026-05-18T15:59:37.209+0000] {logging_mixin.py:190} INFO - [2026-05-18T15:59:37.209+0000] {dag.py:4180} INFO - Setting next_dagrun for example_subdag_operator.section-2 to None, run_after=None
[2026-05-18T15:59:37.213+0000] {logging_mixin.py:190} INFO - [2026-05-18T15:59:37.213+0000] {dag.py:3239} INFO - Sync 2 DAGs
[2026-05-18T15:59:37.216+0000] {logging_mixin.py:190} INFO - [2026-05-18T15:59:37.216+0000] {dag.py:4180} INFO - Setting next_dagrun for example_subdag_operator.section-1 to None, run_after=None
[2026-05-18T15:59:37.217+0000] {logging_mixin.py:190} INFO - [2026-05-18T15:59:37.217+0000] {dag.py:4180} INFO - Setting next_dagrun for example_subdag_operator.section-2 to None, run_after=None
[2026-05-18T15:59:37.227+0000] {processor.py:208} INFO - Processing /usr/local/python/3.12.1/lib/python3.12/site-packages/airflow/example_dags/example_subdag_operator.py took 0.108 seconds
[2026-05-18T16:00:37.953+0000] {processor.py:186} INFO - Started process (PID=85694) to work on /usr/local/python/3.12.1/lib/python3.12/site-packages/airflow/example_dags/example_subdag_operator.py
[2026-05-18T16:00:37.955+0000] {processor.py:914} INFO - Processing file /usr/local/python/3.12.1/lib/python3.12/site-packages/airflow/example_dags/example_subdag_operator.py for tasks to queue
[2026-05-18T16:00:37.956+0000] {logging_mixin.py:190} INFO - [2026-05-18T16:00:37.955+0000] {dagbag.py:588} INFO - Filling up the DagBag from /usr/local/python/3.12.1/lib/python3.12/site-packages/airflow/example_dags/example_subdag_operator.py
[2026-05-18T16:00:37.989+0000] {processor.py:925} INFO - DAG(s) 'example_subdag_operator.section-1', 'example_subdag_operator.section-2', 'example_subdag_operator' retrieved from /usr/local/python/3.12.1/lib/python3.12/site-packages/airflow/example_dags/example_subdag_operator.py
[2026-05-18T16:00:38.019+0000] {logging_mixin.py:190} INFO - [2026-05-18T16:00:38.019+0000] {dag.py:3239} INFO - Sync 3 DAGs
[2026-05-18T16:00:38.040+0000] {logging_mixin.py:190} INFO - [2026-05-18T16:00:38.040+0000] {dag.py:4180} INFO - Setting next_dagrun for example_subdag_operator to 2022-01-01 00:00:00+00:00, run_after=2022-01-01 00:00:00+00:00
[2026-05-18T16:00:38.043+0000] {logging_mixin.py:190} INFO - [2026-05-18T16:00:38.043+0000] {dag.py:4180} INFO - Setting next_dagrun for example_subdag_operator.section-1 to None, run_after=None
[2026-05-18T16:00:38.044+0000] {logging_mixin.py:190} INFO - [2026-05-18T16:00:38.043+0000] {dag.py:4180} INFO - Setting next_dagrun for example_subdag_operator.section-2 to None, run_after=None
[2026-05-18T16:00:38.048+0000] {logging_mixin.py:190} INFO - [2026-05-18T16:00:38.048+0000] {dag.py:3239} INFO - Sync 2 DAGs
[2026-05-18T16:00:38.051+0000] {logging_mixin.py:190} INFO - [2026-05-18T16:00:38.051+0000] {dag.py:4180} INFO - Setting next_dagrun for example_subdag_operator.section-1 to None, run_after=None
[2026-05-18T16:00:38.051+0000] {logging_mixin.py:190} INFO - [2026-05-18T16:00:38.051+0000] {dag.py:4180} INFO - Setting next_dagrun for example_subdag_operator.section-2 to None, run_after=None
[2026-05-18T16:00:38.063+0000] {processor.py:208} INFO - Processing /usr/local/python/3.12.1/lib/python3.12/site-packages/airflow/example_dags/example_subdag_operator.py took 0.116 seconds
[2026-05-18T16:01:43.053+0000] {processor.py:186} INFO - Started process (PID=86318) to work on /usr/local/python/3.12.1/lib/python3.12/site-packages/airflow/example_dags/example_subdag_operator.py
[2026-05-18T16:01:43.054+0000] {processor.py:914} INFO - Processing file /usr/local/python/3.12.1/lib/python3.12/site-packages/airflow/example_dags/example_subdag_operator.py for tasks to queue
[2026-05-18T16:01:43.055+0000] {logging_mixin.py:190} INFO - [2026-05-18T16:01:43.055+0000] {dagbag.py:588} INFO - Filling up the DagBag from /usr/local/python/3.12.1/lib/python3.12/site-packages/airflow/example_dags/example_subdag_operator.py
[2026-05-18T16:01:43.075+0000] {processor.py:925} INFO - DAG(s) 'example_subdag_operator.section-1', 'example_subdag_operator.section-2', 'example_subdag_operator' retrieved from /usr/local/python/3.12.1/lib/python3.12/site-packages/airflow/example_dags/example_subdag_operator.py
[2026-05-18T16:01:43.089+0000] {logging_mixin.py:190} INFO - [2026-05-18T16:01:43.089+0000] {dag.py:3239} INFO - Sync 3 DAGs
[2026-05-18T16:01:43.107+0000] {logging_mixin.py:190} INFO - [2026-05-18T16:01:43.106+0000] {dag.py:4180} INFO - Setting next_dagrun for example_subdag_operator to 2022-01-01 00:00:00+00:00, run_after=2022-01-01 00:00:00+00:00
[2026-05-18T16:01:43.110+0000] {logging_mixin.py:190} INFO - [2026-05-18T16:01:43.109+0000] {dag.py:4180} INFO - Setting next_dagrun for example_subdag_operator.section-1 to None, run_after=None
[2026-05-18T16:01:43.110+0000] {logging_mixin.py:190} INFO - [2026-05-18T16:01:43.110+0000] {dag.py:4180} INFO - Setting next_dagrun for example_subdag_operator.section-2 to None, run_after=None
[2026-05-18T16:01:43.115+0000] {logging_mixin.py:190} INFO - [2026-05-18T16:01:43.115+0000] {dag.py:3239} INFO - Sync 2 DAGs
[2026-05-18T16:01:43.118+0000] {logging_mixin.py:190} INFO - [2026-05-18T16:01:43.118+0000] {dag.py:4180} INFO - Setting next_dagrun for example_subdag_operator.section-1 to None, run_after=None
[2026-05-18T16:01:43.118+0000] {logging_mixin.py:190} INFO - [2026-05-18T16:01:43.118+0000] {dag.py:4180} INFO - Setting next_dagrun for example_subdag_operator.section-2 to None, run_after=None
[2026-05-18T16:01:43.129+0000] {processor.py:208} INFO - Processing /usr/local/python/3.12.1/lib/python3.12/site-packages/airflow/example_dags/example_subdag_operator.py took 0.080 seconds
[2026-05-18T16:02:45.661+0000] {processor.py:186} INFO - Started process (PID=86850) to work on /usr/local/python/3.12.1/lib/python3.12/site-packages/airflow/example_dags/example_subdag_operator.py
[2026-05-18T16:02:45.662+0000] {processor.py:914} INFO - Processing file /usr/local/python/3.12.1/lib/python3.12/site-packages/airflow/example_dags/example_subdag_operator.py for tasks to queue
[2026-05-18T16:02:45.663+0000] {logging_mixin.py:190} INFO - [2026-05-18T16:02:45.663+0000] {dagbag.py:588} INFO - Filling up the DagBag from /usr/local/python/3.12.1/lib/python3.12/site-packages/airflow/example_dags/example_subdag_operator.py
[2026-05-18T16:02:45.686+0000] {processor.py:925} INFO - DAG(s) 'example_subdag_operator.section-1', 'example_subdag_operator.section-2', 'example_subdag_operator' retrieved from /usr/local/python/3.12.1/lib/python3.12/site-packages/airflow/example_dags/example_subdag_operator.py
[2026-05-18T16:02:45.698+0000] {logging_mixin.py:190} INFO - [2026-05-18T16:02:45.698+0000] {dag.py:3239} INFO - Sync 3 DAGs
[2026-05-18T16:02:45.713+0000] {logging_mixin.py:190} INFO - [2026-05-18T16:02:45.713+0000] {dag.py:4180} INFO - Setting next_dagrun for example_subdag_operator to 2022-01-01 00:00:00+00:00, run_after=2022-01-01 00:00:00+00:00
[2026-05-18T16:02:45.717+0000] {logging_mixin.py:190} INFO - [2026-05-18T16:02:45.717+0000] {dag.py:4180} INFO - Setting next_dagrun for example_subdag_operator.section-1 to None, run_after=None
[2026-05-18T16:02:45.718+0000] {logging_mixin.py:190} INFO - [2026-05-18T16:02:45.718+0000] {dag.py:4180} INFO - Setting next_dagrun for example_subdag_operator.section-2 to None, run_after=None
[2026-05-18T16:02:45.722+0000] {logging_mixin.py:190} INFO - [2026-05-18T16:02:45.722+0000] {dag.py:3239} INFO - Sync 2 DAGs
[2026-05-18T16:02:45.725+0000] {logging_mixin.py:190} INFO - [2026-05-18T16:02:45.725+0000] {dag.py:4180} INFO - Setting next_dagrun for example_subdag_operator.section-1 to None, run_after=None
[2026-05-18T16:02:45.726+0000] {logging_mixin.py:190} INFO - [2026-05-18T16:02:45.726+0000] {dag.py:4180} INFO - Setting next_dagrun for example_subdag_operator.section-2 to None, run_after=None
[2026-05-18T16:02:45.745+0000] {processor.py:208} INFO - Processing /usr/local/python/3.12.1/lib/python3.12/site-packages/airflow/example_dags/example_subdag_operator.py took 0.088 seconds
[2026-05-18T16:03:47.411+0000] {processor.py:186} INFO - Started process (PID=87387) to work on /usr/local/python/3.12.1/lib/python3.12/site-packages/airflow/example_dags/example_subdag_operator.py
[2026-05-18T16:03:47.411+0000] {processor.py:914} INFO - Processing file /usr/local/python/3.12.1/lib/python3.12/site-packages/airflow/example_dags/example_subdag_operator.py for tasks to queue
[2026-05-18T16:03:47.412+0000] {logging_mixin.py:190} INFO - [2026-05-18T16:03:47.412+0000] {dagbag.py:588} INFO - Filling up the DagBag from /usr/local/python/3.12.1/lib/python3.12/site-packages/airflow/example_dags/example_subdag_operator.py
[2026-05-18T16:03:47.430+0000] {processor.py:925} INFO - DAG(s) 'example_subdag_operator.section-1', 'example_subdag_operator.section-2', 'example_subdag_operator' retrieved from /usr/local/python/3.12.1/lib/python3.12/site-packages/airflow/example_dags/example_subdag_operator.py
[2026-05-18T16:03:47.441+0000] {logging_mixin.py:190} INFO - [2026-05-18T16:03:47.441+0000] {dag.py:3239} INFO - Sync 3 DAGs
[2026-05-18T16:03:47.457+0000] {logging_mixin.py:190} INFO - [2026-05-18T16:03:47.457+0000] {dag.py:4180} INFO - Setting next_dagrun for example_subdag_operator to 2022-01-01 00:00:00+00:00, run_after=2022-01-01 00:00:00+00:00
[2026-05-18T16:03:47.459+0000] {logging_mixin.py:190} INFO - [2026-05-18T16:03:47.459+0000] {dag.py:4180} INFO - Setting next_dagrun for example_subdag_operator.section-1 to None, run_after=None
[2026-05-18T16:03:47.460+0000] {logging_mixin.py:190} INFO - [2026-05-18T16:03:47.460+0000] {dag.py:4180} INFO - Setting next_dagrun for example_subdag_operator.section-2 to None, run_after=None
[2026-05-18T16:03:47.465+0000] {logging_mixin.py:190} INFO - [2026-05-18T16:03:47.465+0000] {dag.py:3239} INFO - Sync 2 DAGs
[2026-05-18T16:03:47.470+0000] {logging_mixin.py:190} INFO - [2026-05-18T16:03:47.470+0000] {dag.py:4180} INFO - Setting next_dagrun for example_subdag_operator.section-1 to None, run_after=None
[2026-05-18T16:03:47.470+0000] {logging_mixin.py:190} INFO - [2026-05-18T16:03:47.470+0000] {dag.py:4180} INFO - Setting next_dagrun for example_subdag_operator.section-2 to None, run_after=None
[2026-05-18T16:03:47.484+0000] {processor.py:208} INFO - Processing /usr/local/python/3.12.1/lib/python3.12/site-packages/airflow/example_dags/example_subdag_operator.py took 0.079 seconds
[2026-05-18T16:04:45.259+0000] {processor.py:186} INFO - Started process (PID=87903) to work on /usr/local/python/3.12.1/lib/python3.12/site-packages/airflow/example_dags/example_subdag_operator.py
[2026-05-18T16:04:45.260+0000] {processor.py:914} INFO - Processing file /usr/local/python/3.12.1/lib/python3.12/site-packages/airflow/example_dags/example_subdag_operator.py for tasks to queue
[2026-05-18T16:04:45.261+0000] {logging_mixin.py:190} INFO - [2026-05-18T16:04:45.261+0000] {dagbag.py:588} INFO - Filling up the DagBag from /usr/local/python/3.12.1/lib/python3.12/site-packages/airflow/example_dags/example_subdag_operator.py
[2026-05-18T16:04:45.284+0000] {processor.py:925} INFO - DAG(s) 'example_subdag_operator.section-1', 'example_subdag_operator.section-2', 'example_subdag_operator' retrieved from /usr/local/python/3.12.1/lib/python3.12/site-packages/airflow/example_dags/example_subdag_operator.py
[2026-05-18T16:04:45.296+0000] {logging_mixin.py:190} INFO - [2026-05-18T16:04:45.295+0000] {dag.py:3239} INFO - Sync 3 DAGs
[2026-05-18T16:04:45.313+0000] {logging_mixin.py:190} INFO - [2026-05-18T16:04:45.313+0000] {dag.py:4180} INFO - Setting next_dagrun for example_subdag_operator to 2022-01-01 00:00:00+00:00, run_after=2022-01-01 00:00:00+00:00
[2026-05-18T16:04:45.316+0000] {logging_mixin.py:190} INFO - [2026-05-18T16:04:45.315+0000] {dag.py:4180} INFO - Setting next_dagrun for example_subdag_operator.section-1 to None, run_after=None
[2026-05-18T16:04:45.316+0000] {logging_mixin.py:190} INFO - [2026-05-18T16:04:45.316+0000] {dag.py:4180} INFO - Setting next_dagrun for example_subdag_operator.section-2 to None, run_after=None
[2026-05-18T16:04:45.321+0000] {logging_mixin.py:190} INFO - [2026-05-18T16:04:45.320+0000] {dag.py:3239} INFO - Sync 2 DAGs
[2026-05-18T16:04:45.324+0000] {logging_mixin.py:190} INFO - [2026-05-18T16:04:45.324+0000] {dag.py:4180} INFO - Setting next_dagrun for example_subdag_operator.section-1 to None, run_after=None
[2026-05-18T16:04:45.325+0000] {logging_mixin.py:190} INFO - [2026-05-18T16:04:45.325+0000] {dag.py:4180} INFO - Setting next_dagrun for example_subdag_operator.section-2 to None, run_after=None
[2026-05-18T16:04:45.339+0000] {processor.py:208} INFO - Processing /usr/local/python/3.12.1/lib/python3.12/site-packages/airflow/example_dags/example_subdag_operator.py took 0.084 seconds
[2026-05-18T16:05:44.925+0000] {processor.py:186} INFO - Started process (PID=88422) to work on /usr/local/python/3.12.1/lib/python3.12/site-packages/airflow/example_dags/example_subdag_operator.py
[2026-05-18T16:05:44.925+0000] {processor.py:914} INFO - Processing file /usr/local/python/3.12.1/lib/python3.12/site-packages/airflow/example_dags/example_subdag_operator.py for tasks to queue
[2026-05-18T16:05:44.926+0000] {logging_mixin.py:190} INFO - [2026-05-18T16:05:44.926+0000] {dagbag.py:588} INFO - Filling up the DagBag from /usr/local/python/3.12.1/lib/python3.12/site-packages/airflow/example_dags/example_subdag_operator.py
[2026-05-18T16:05:44.944+0000] {processor.py:925} INFO - DAG(s) 'example_subdag_operator.section-1', 'example_subdag_operator.section-2', 'example_subdag_operator' retrieved from /usr/local/python/3.12.1/lib/python3.12/site-packages/airflow/example_dags/example_subdag_operator.py
[2026-05-18T16:05:44.956+0000] {logging_mixin.py:190} INFO - [2026-05-18T16:05:44.956+0000] {dag.py:3239} INFO - Sync 3 DAGs
[2026-05-18T16:05:44.976+0000] {logging_mixin.py:190} INFO - [2026-05-18T16:05:44.975+0000] {dag.py:4180} INFO - Setting next_dagrun for example_subdag_operator to 2022-01-01 00:00:00+00:00, run_after=2022-01-01 00:00:00+00:00
[2026-05-18T16:05:44.979+0000] {logging_mixin.py:190} INFO - [2026-05-18T16:05:44.979+0000] {dag.py:4180} INFO - Setting next_dagrun for example_subdag_operator.section-1 to None, run_after=None
[2026-05-18T16:05:44.980+0000] {logging_mixin.py:190} INFO - [2026-05-18T16:05:44.980+0000] {dag.py:4180} INFO - Setting next_dagrun for example_subdag_operator.section-2 to None, run_after=None
[2026-05-18T16:05:44.986+0000] {logging_mixin.py:190} INFO - [2026-05-18T16:05:44.986+0000] {dag.py:3239} INFO - Sync 2 DAGs
[2026-05-18T16:05:44.989+0000] {logging_mixin.py:190} INFO - [2026-05-18T16:05:44.989+0000] {dag.py:4180} INFO - Setting next_dagrun for example_subdag_operator.section-1 to None, run_after=None
[2026-05-18T16:05:44.990+0000] {logging_mixin.py:190} INFO - [2026-05-18T16:05:44.989+0000] {dag.py:4180} INFO - Setting next_dagrun for example_subdag_operator.section-2 to None, run_after=None
[2026-05-18T16:05:45.002+0000] {processor.py:208} INFO - Processing /usr/local/python/3.12.1/lib/python3.12/site-packages/airflow/example_dags/example_subdag_operator.py took 0.082 seconds
[2026-05-18T16:06:47.595+0000] {processor.py:186} INFO - Started process (PID=89017) to work on /usr/local/python/3.12.1/lib/python3.12/site-packages/airflow/example_dags/example_subdag_operator.py
[2026-05-18T16:06:47.596+0000] {processor.py:914} INFO - Processing file /usr/local/python/3.12.1/lib/python3.12/site-packages/airflow/example_dags/example_subdag_operator.py for tasks to queue
[2026-05-18T16:06:47.597+0000] {logging_mixin.py:190} INFO - [2026-05-18T16:06:47.597+0000] {dagbag.py:588} INFO - Filling up the DagBag from /usr/local/python/3.12.1/lib/python3.12/site-packages/airflow/example_dags/example_subdag_operator.py
[2026-05-18T16:06:47.615+0000] {processor.py:925} INFO - DAG(s) 'example_subdag_operator.section-1', 'example_subdag_operator.section-2', 'example_subdag_operator' retrieved from /usr/local/python/3.12.1/lib/python3.12/site-packages/airflow/example_dags/example_subdag_operator.py
[2026-05-18T16:06:47.626+0000] {logging_mixin.py:190} INFO - [2026-05-18T16:06:47.626+0000] {dag.py:3239} INFO - Sync 3 DAGs
[2026-05-18T16:06:47.641+0000] {logging_mixin.py:190} INFO - [2026-05-18T16:06:47.641+0000] {dag.py:4180} INFO - Setting next_dagrun for example_subdag_operator to 2022-01-01 00:00:00+00:00, run_after=2022-01-01 00:00:00+00:00
[2026-05-18T16:06:47.644+0000] {logging_mixin.py:190} INFO - [2026-05-18T16:06:47.644+0000] {dag.py:4180} INFO - Setting next_dagrun for example_subdag_operator.section-1 to None, run_after=None
[2026-05-18T16:06:47.645+0000] {logging_mixin.py:190} INFO - [2026-05-18T16:06:47.645+0000] {dag.py:4180} INFO - Setting next_dagrun for example_subdag_operator.section-2 to None, run_after=None
[2026-05-18T16:06:47.649+0000] {logging_mixin.py:190} INFO - [2026-05-18T16:06:47.649+0000] {dag.py:3239} INFO - Sync 2 DAGs
[2026-05-18T16:06:47.652+0000] {logging_mixin.py:190} INFO - [2026-05-18T16:06:47.652+0000] {dag.py:4180} INFO - Setting next_dagrun for example_subdag_operator.section-1 to None, run_after=None
[2026-05-18T16:06:47.652+0000] {logging_mixin.py:190} INFO - [2026-05-18T16:06:47.652+0000] {dag.py:4180} INFO - Setting next_dagrun for example_subdag_operator.section-2 to None, run_after=None
[2026-05-18T16:06:47.662+0000] {processor.py:208} INFO - Processing /usr/local/python/3.12.1/lib/python3.12/site-packages/airflow/example_dags/example_subdag_operator.py took 0.071 seconds
[2026-05-18T16:07:52.538+0000] {processor.py:186} INFO - Started process (PID=89632) to work on /usr/local/python/3.12.1/lib/python3.12/site-packages/airflow/example_dags/example_subdag_operator.py
[2026-05-18T16:07:52.539+0000] {processor.py:914} INFO - Processing file /usr/local/python/3.12.1/lib/python3.12/site-packages/airflow/example_dags/example_subdag_operator.py for tasks to queue
[2026-05-18T16:07:52.540+0000] {logging_mixin.py:190} INFO - [2026-05-18T16:07:52.540+0000] {dagbag.py:588} INFO - Filling up the DagBag from /usr/local/python/3.12.1/lib/python3.12/site-packages/airflow/example_dags/example_subdag_operator.py
[2026-05-18T16:07:52.558+0000] {processor.py:925} INFO - DAG(s) 'example_subdag_operator.section-1', 'example_subdag_operator.section-2', 'example_subdag_operator' retrieved from /usr/local/python/3.12.1/lib/python3.12/site-packages/airflow/example_dags/example_subdag_operator.py
[2026-05-18T16:07:52.573+0000] {logging_mixin.py:190} INFO - [2026-05-18T16:07:52.573+0000] {dag.py:3239} INFO - Sync 3 DAGs
[2026-05-18T16:07:52.595+0000] {logging_mixin.py:190} INFO - [2026-05-18T16:07:52.595+0000] {dag.py:4180} INFO - Setting next_dagrun for example_subdag_operator to 2022-01-01 00:00:00+00:00, run_after=2022-01-01 00:00:00+00:00
[2026-05-18T16:07:52.598+0000] {logging_mixin.py:190} INFO - [2026-05-18T16:07:52.598+0000] {dag.py:4180} INFO - Setting next_dagrun for example_subdag_operator.section-1 to None, run_after=None
[2026-05-18T16:07:52.599+0000] {logging_mixin.py:190} INFO - [2026-05-18T16:07:52.599+0000] {dag.py:4180} INFO - Setting next_dagrun for example_subdag_operator.section-2 to None, run_after=None
[2026-05-18T16:07:52.604+0000] {logging_mixin.py:190} INFO - [2026-05-18T16:07:52.604+0000] {dag.py:3239} INFO - Sync 2 DAGs
[2026-05-18T16:07:52.607+0000] {logging_mixin.py:190} INFO - [2026-05-18T16:07:52.607+0000] {dag.py:4180} INFO - Setting next_dagrun for example_subdag_operator.section-1 to None, run_after=None
[2026-05-18T16:07:52.607+0000] {logging_mixin.py:190} INFO - [2026-05-18T16:07:52.607+0000] {dag.py:4180} INFO - Setting next_dagrun for example_subdag_operator.section-2 to None, run_after=None
[2026-05-18T16:07:52.621+0000] {processor.py:208} INFO - Processing /usr/local/python/3.12.1/lib/python3.12/site-packages/airflow/example_dags/example_subdag_operator.py took 0.087 seconds
[2026-05-18T16:08:52.626+0000] {processor.py:186} INFO - Started process (PID=90153) to work on /usr/local/python/3.12.1/lib/python3.12/site-packages/airflow/example_dags/example_subdag_operator.py
[2026-05-18T16:08:52.626+0000] {processor.py:914} INFO - Processing file /usr/local/python/3.12.1/lib/python3.12/site-packages/airflow/example_dags/example_subdag_operator.py for tasks to queue
[2026-05-18T16:08:52.627+0000] {logging_mixin.py:190} INFO - [2026-05-18T16:08:52.627+0000] {dagbag.py:588} INFO - Filling up the DagBag from /usr/local/python/3.12.1/lib/python3.12/site-packages/airflow/example_dags/example_subdag_operator.py
[2026-05-18T16:08:52.644+0000] {processor.py:925} INFO - DAG(s) 'example_subdag_operator.section-1', 'example_subdag_operator.section-2', 'example_subdag_operator' retrieved from /usr/local/python/3.12.1/lib/python3.12/site-packages/airflow/example_dags/example_subdag_operator.py
[2026-05-18T16:08:52.655+0000] {logging_mixin.py:190} INFO - [2026-05-18T16:08:52.655+0000] {dag.py:3239} INFO - Sync 3 DAGs
[2026-05-18T16:08:52.673+0000] {logging_mixin.py:190} INFO - [2026-05-18T16:08:52.672+0000] {dag.py:4180} INFO - Setting next_dagrun for example_subdag_operator to 2022-01-01 00:00:00+00:00, run_after=2022-01-01 00:00:00+00:00
[2026-05-18T16:08:52.676+0000] {logging_mixin.py:190} INFO - [2026-05-18T16:08:52.676+0000] {dag.py:4180} INFO - Setting next_dagrun for example_subdag_operator.section-1 to None, run_after=None
[2026-05-18T16:08:52.677+0000] {logging_mixin.py:190} INFO - [2026-05-18T16:08:52.677+0000] {dag.py:4180} INFO - Setting next_dagrun for example_subdag_operator.section-2 to None, run_after=None
[2026-05-18T16:08:52.683+0000] {logging_mixin.py:190} INFO - [2026-05-18T16:08:52.683+0000] {dag.py:3239} INFO - Sync 2 DAGs
[2026-05-18T16:08:52.687+0000] {logging_mixin.py:190} INFO - [2026-05-18T16:08:52.687+0000] {dag.py:4180} INFO - Setting next_dagrun for example_subdag_operator.section-1 to None, run_after=None
[2026-05-18T16:08:52.687+0000] {logging_mixin.py:190} INFO - [2026-05-18T16:08:52.687+0000] {dag.py:4180} INFO - Setting next_dagrun for example_subdag_operator.section-2 to None, run_after=None
[2026-05-18T16:08:52.698+0000] {processor.py:208} INFO - Processing /usr/local/python/3.12.1/lib/python3.12/site-packages/airflow/example_dags/example_subdag_operator.py took 0.076 seconds
[2026-05-18T16:09:54.486+0000] {processor.py:186} INFO - Started process (PID=90688) to work on /usr/local/python/3.12.1/lib/python3.12/site-packages/airflow/example_dags/example_subdag_operator.py
[2026-05-18T16:09:54.487+0000] {processor.py:914} INFO - Processing file /usr/local/python/3.12.1/lib/python3.12/site-packages/airflow/example_dags/example_subdag_operator.py for tasks to queue
[2026-05-18T16:09:54.488+0000] {logging_mixin.py:190} INFO - [2026-05-18T16:09:54.487+0000] {dagbag.py:588} INFO - Filling up the DagBag from /usr/local/python/3.12.1/lib/python3.12/site-packages/airflow/example_dags/example_subdag_operator.py
[2026-05-18T16:09:54.505+0000] {processor.py:925} INFO - DAG(s) 'example_subdag_operator.section-1', 'example_subdag_operator.section-2', 'example_subdag_operator' retrieved from /usr/local/python/3.12.1/lib/python3.12/site-packages/airflow/example_dags/example_subdag_operator.py
[2026-05-18T16:09:54.518+0000] {logging_mixin.py:190} INFO - [2026-05-18T16:09:54.518+0000] {dag.py:3239} INFO - Sync 3 DAGs
[2026-05-18T16:09:54.536+0000] {logging_mixin.py:190} INFO - [2026-05-18T16:09:54.536+0000] {dag.py:4180} INFO - Setting next_dagrun for example_subdag_operator to 2022-01-01 00:00:00+00:00, run_after=2022-01-01 00:00:00+00:00
[2026-05-18T16:09:54.539+0000] {logging_mixin.py:190} INFO - [2026-05-18T16:09:54.539+0000] {dag.py:4180} INFO - Setting next_dagrun for example_subdag_operator.section-1 to None, run_after=None
[2026-05-18T16:09:54.540+0000] {logging_mixin.py:190} INFO - [2026-05-18T16:09:54.540+0000] {dag.py:4180} INFO - Setting next_dagrun for example_subdag_operator.section-2 to None, run_after=None
[2026-05-18T16:09:54.545+0000] {logging_mixin.py:190} INFO - [2026-05-18T16:09:54.544+0000] {dag.py:3239} INFO - Sync 2 DAGs
[2026-05-18T16:09:54.548+0000] {logging_mixin.py:190} INFO - [2026-05-18T16:09:54.548+0000] {dag.py:4180} INFO - Setting next_dagrun for example_subdag_operator.section-1 to None, run_after=None
[2026-05-18T16:09:54.548+0000] {logging_mixin.py:190} INFO - [2026-05-18T16:09:54.548+0000] {dag.py:4180} INFO - Setting next_dagrun for example_subdag_operator.section-2 to None, run_after=None
[2026-05-18T16:09:54.560+0000] {processor.py:208} INFO - Processing /usr/local/python/3.12.1/lib/python3.12/site-packages/airflow/example_dags/example_subdag_operator.py took 0.079 seconds
[2026-05-18T16:10:52.909+0000] {processor.py:186} INFO - Started process (PID=91206) to work on /usr/local/python/3.12.1/lib/python3.12/site-packages/airflow/example_dags/example_subdag_operator.py
[2026-05-18T16:10:52.910+0000] {processor.py:914} INFO - Processing file /usr/local/python/3.12.1/lib/python3.12/site-packages/airflow/example_dags/example_subdag_operator.py for tasks to queue
[2026-05-18T16:10:52.912+0000] {logging_mixin.py:190} INFO - [2026-05-18T16:10:52.911+0000] {dagbag.py:588} INFO - Filling up the DagBag from /usr/local/python/3.12.1/lib/python3.12/site-packages/airflow/example_dags/example_subdag_operator.py
[2026-05-18T16:10:52.933+0000] {processor.py:925} INFO - DAG(s) 'example_subdag_operator.section-1', 'example_subdag_operator.section-2', 'example_subdag_operator' retrieved from /usr/local/python/3.12.1/lib/python3.12/site-packages/airflow/example_dags/example_subdag_operator.py
[2026-05-18T16:10:52.945+0000] {logging_mixin.py:190} INFO - [2026-05-18T16:10:52.945+0000] {dag.py:3239} INFO - Sync 3 DAGs
[2026-05-18T16:10:52.960+0000] {logging_mixin.py:190} INFO - [2026-05-18T16:10:52.960+0000] {dag.py:4180} INFO - Setting next_dagrun for example_subdag_operator to 2022-01-01 00:00:00+00:00, run_after=2022-01-01 00:00:00+00:00
[2026-05-18T16:10:52.963+0000] {logging_mixin.py:190} INFO - [2026-05-18T16:10:52.963+0000] {dag.py:4180} INFO - Setting next_dagrun for example_subdag_operator.section-1 to None, run_after=None
[2026-05-18T16:10:52.964+0000] {logging_mixin.py:190} INFO - [2026-05-18T16:10:52.964+0000] {dag.py:4180} INFO - Setting next_dagrun for example_subdag_operator.section-2 to None, run_after=None
[2026-05-18T16:10:52.969+0000] {logging_mixin.py:190} INFO - [2026-05-18T16:10:52.969+0000] {dag.py:3239} INFO - Sync 2 DAGs
[2026-05-18T16:10:52.973+0000] {logging_mixin.py:190} INFO - [2026-05-18T16:10:52.973+0000] {dag.py:4180} INFO - Setting next_dagrun for example_subdag_operator.section-1 to None, run_after=None
[2026-05-18T16:10:52.973+0000] {logging_mixin.py:190} INFO - [2026-05-18T16:10:52.973+0000] {dag.py:4180} INFO - Setting next_dagrun for example_subdag_operator.section-2 to None, run_after=None
[2026-05-18T16:10:52.985+0000] {processor.py:208} INFO - Processing /usr/local/python/3.12.1/lib/python3.12/site-packages/airflow/example_dags/example_subdag_operator.py took 0.081 seconds
[2026-05-18T16:11:50.212+0000] {processor.py:186} INFO - Started process (PID=91694) to work on /usr/local/python/3.12.1/lib/python3.12/site-packages/airflow/example_dags/example_subdag_operator.py
[2026-05-18T16:11:50.213+0000] {processor.py:914} INFO - Processing file /usr/local/python/3.12.1/lib/python3.12/site-packages/airflow/example_dags/example_subdag_operator.py for tasks to queue
[2026-05-18T16:11:50.213+0000] {logging_mixin.py:190} INFO - [2026-05-18T16:11:50.213+0000] {dagbag.py:588} INFO - Filling up the DagBag from /usr/local/python/3.12.1/lib/python3.12/site-packages/airflow/example_dags/example_subdag_operator.py
[2026-05-18T16:11:50.232+0000] {processor.py:925} INFO - DAG(s) 'example_subdag_operator.section-1', 'example_subdag_operator.section-2', 'example_subdag_operator' retrieved from /usr/local/python/3.12.1/lib/python3.12/site-packages/airflow/example_dags/example_subdag_operator.py
[2026-05-18T16:11:50.250+0000] {logging_mixin.py:190} INFO - [2026-05-18T16:11:50.247+0000] {dag.py:3239} INFO - Sync 3 DAGs
[2026-05-18T16:11:50.274+0000] {logging_mixin.py:190} INFO - [2026-05-18T16:11:50.274+0000] {dag.py:4180} INFO - Setting next_dagrun for example_subdag_operator to 2022-01-01 00:00:00+00:00, run_after=2022-01-01 00:00:00+00:00
[2026-05-18T16:11:50.278+0000] {logging_mixin.py:190} INFO - [2026-05-18T16:11:50.277+0000] {dag.py:4180} INFO - Setting next_dagrun for example_subdag_operator.section-1 to None, run_after=None
[2026-05-18T16:11:50.279+0000] {logging_mixin.py:190} INFO - [2026-05-18T16:11:50.279+0000] {dag.py:4180} INFO - Setting next_dagrun for example_subdag_operator.section-2 to None, run_after=None
[2026-05-18T16:11:50.302+0000] {logging_mixin.py:190} INFO - [2026-05-18T16:11:50.302+0000] {dag.py:3239} INFO - Sync 2 DAGs
[2026-05-18T16:11:50.312+0000] {logging_mixin.py:190} INFO - [2026-05-18T16:11:50.311+0000] {dag.py:4180} INFO - Setting next_dagrun for example_subdag_operator.section-1 to None, run_after=None
[2026-05-18T16:11:50.313+0000] {logging_mixin.py:190} INFO - [2026-05-18T16:11:50.313+0000] {dag.py:4180} INFO - Setting next_dagrun for example_subdag_operator.section-2 to None, run_after=None
[2026-05-18T16:11:50.329+0000] {processor.py:208} INFO - Processing /usr/local/python/3.12.1/lib/python3.12/site-packages/airflow/example_dags/example_subdag_operator.py took 0.121 seconds
[2026-05-18T16:12:52.115+0000] {processor.py:186} INFO - Started process (PID=92291) to work on /usr/local/python/3.12.1/lib/python3.12/site-packages/airflow/example_dags/example_subdag_operator.py
[2026-05-18T16:12:52.116+0000] {processor.py:914} INFO - Processing file /usr/local/python/3.12.1/lib/python3.12/site-packages/airflow/example_dags/example_subdag_operator.py for tasks to queue
[2026-05-18T16:12:52.117+0000] {logging_mixin.py:190} INFO - [2026-05-18T16:12:52.117+0000] {dagbag.py:588} INFO - Filling up the DagBag from /usr/local/python/3.12.1/lib/python3.12/site-packages/airflow/example_dags/example_subdag_operator.py
[2026-05-18T16:12:52.136+0000] {processor.py:925} INFO - DAG(s) 'example_subdag_operator.section-1', 'example_subdag_operator.section-2', 'example_subdag_operator' retrieved from /usr/local/python/3.12.1/lib/python3.12/site-packages/airflow/example_dags/example_subdag_operator.py
[2026-05-18T16:12:52.154+0000] {logging_mixin.py:190} INFO - [2026-05-18T16:12:52.153+0000] {dag.py:3239} INFO - Sync 3 DAGs
[2026-05-18T16:12:52.188+0000] {logging_mixin.py:190} INFO - [2026-05-18T16:12:52.188+0000] {dag.py:4180} INFO - Setting next_dagrun for example_subdag_operator to 2022-01-01 00:00:00+00:00, run_after=2022-01-01 00:00:00+00:00
[2026-05-18T16:12:52.193+0000] {logging_mixin.py:190} INFO - [2026-05-18T16:12:52.192+0000] {dag.py:4180} INFO - Setting next_dagrun for example_subdag_operator.section-1 to None, run_after=None
[2026-05-18T16:12:52.198+0000] {logging_mixin.py:190} INFO - [2026-05-18T16:12:52.194+0000] {dag.py:4180} INFO - Setting next_dagrun for example_subdag_operator.section-2 to None, run_after=None
[2026-05-18T16:12:52.211+0000] {logging_mixin.py:190} INFO - [2026-05-18T16:12:52.210+0000] {dag.py:3239} INFO - Sync 2 DAGs
[2026-05-18T16:12:52.216+0000] {logging_mixin.py:190} INFO - [2026-05-18T16:12:52.216+0000] {dag.py:4180} INFO - Setting next_dagrun for example_subdag_operator.section-1 to None, run_after=None
[2026-05-18T16:12:52.216+0000] {logging_mixin.py:190} INFO - [2026-05-18T16:12:52.216+0000] {dag.py:4180} INFO - Setting next_dagrun for example_subdag_operator.section-2 to None, run_after=None
[2026-05-18T16:12:52.267+0000] {processor.py:208} INFO - Processing /usr/local/python/3.12.1/lib/python3.12/site-packages/airflow/example_dags/example_subdag_operator.py took 0.156 seconds
[2026-05-18T16:13:51.524+0000] {processor.py:186} INFO - Started process (PID=92783) to work on /usr/local/python/3.12.1/lib/python3.12/site-packages/airflow/example_dags/example_subdag_operator.py
[2026-05-18T16:13:51.524+0000] {processor.py:914} INFO - Processing file /usr/local/python/3.12.1/lib/python3.12/site-packages/airflow/example_dags/example_subdag_operator.py for tasks to queue
[2026-05-18T16:13:51.525+0000] {logging_mixin.py:190} INFO - [2026-05-18T16:13:51.525+0000] {dagbag.py:588} INFO - Filling up the DagBag from /usr/local/python/3.12.1/lib/python3.12/site-packages/airflow/example_dags/example_subdag_operator.py
[2026-05-18T16:13:51.543+0000] {processor.py:925} INFO - DAG(s) 'example_subdag_operator.section-1', 'example_subdag_operator.section-2', 'example_subdag_operator' retrieved from /usr/local/python/3.12.1/lib/python3.12/site-packages/airflow/example_dags/example_subdag_operator.py
[2026-05-18T16:13:51.555+0000] {logging_mixin.py:190} INFO - [2026-05-18T16:13:51.555+0000] {dag.py:3239} INFO - Sync 3 DAGs
[2026-05-18T16:13:51.577+0000] {logging_mixin.py:190} INFO - [2026-05-18T16:13:51.577+0000] {dag.py:4180} INFO - Setting next_dagrun for example_subdag_operator to 2022-01-01 00:00:00+00:00, run_after=2022-01-01 00:00:00+00:00
[2026-05-18T16:13:51.581+0000] {logging_mixin.py:190} INFO - [2026-05-18T16:13:51.581+0000] {dag.py:4180} INFO - Setting next_dagrun for example_subdag_operator.section-1 to None, run_after=None
[2026-05-18T16:13:51.582+0000] {logging_mixin.py:190} INFO - [2026-05-18T16:13:51.582+0000] {dag.py:4180} INFO - Setting next_dagrun for example_subdag_operator.section-2 to None, run_after=None
[2026-05-18T16:13:51.588+0000] {logging_mixin.py:190} INFO - [2026-05-18T16:13:51.587+0000] {dag.py:3239} INFO - Sync 2 DAGs
[2026-05-18T16:13:51.591+0000] {logging_mixin.py:190} INFO - [2026-05-18T16:13:51.591+0000] {dag.py:4180} INFO - Setting next_dagrun for example_subdag_operator.section-1 to None, run_after=None
[2026-05-18T16:13:51.591+0000] {logging_mixin.py:190} INFO - [2026-05-18T16:13:51.591+0000] {dag.py:4180} INFO - Setting next_dagrun for example_subdag_operator.section-2 to None, run_after=None
[2026-05-18T16:13:51.602+0000] {processor.py:208} INFO - Processing /usr/local/python/3.12.1/lib/python3.12/site-packages/airflow/example_dags/example_subdag_operator.py took 0.083 seconds
[2026-05-18T16:14:52.244+0000] {processor.py:186} INFO - Started process (PID=93347) to work on /usr/local/python/3.12.1/lib/python3.12/site-packages/airflow/example_dags/example_subdag_operator.py
[2026-05-18T16:14:52.245+0000] {processor.py:914} INFO - Processing file /usr/local/python/3.12.1/lib/python3.12/site-packages/airflow/example_dags/example_subdag_operator.py for tasks to queue
[2026-05-18T16:14:52.246+0000] {logging_mixin.py:190} INFO - [2026-05-18T16:14:52.245+0000] {dagbag.py:588} INFO - Filling up the DagBag from /usr/local/python/3.12.1/lib/python3.12/site-packages/airflow/example_dags/example_subdag_operator.py
[2026-05-18T16:14:52.264+0000] {processor.py:925} INFO - DAG(s) 'example_subdag_operator.section-1', 'example_subdag_operator.section-2', 'example_subdag_operator' retrieved from /usr/local/python/3.12.1/lib/python3.12/site-packages/airflow/example_dags/example_subdag_operator.py
[2026-05-18T16:14:52.281+0000] {logging_mixin.py:190} INFO - [2026-05-18T16:14:52.281+0000] {dag.py:3239} INFO - Sync 3 DAGs
[2026-05-18T16:14:52.299+0000] {logging_mixin.py:190} INFO - [2026-05-18T16:14:52.298+0000] {dag.py:4180} INFO - Setting next_dagrun for example_subdag_operator to 2022-01-01 00:00:00+00:00, run_after=2022-01-01 00:00:00+00:00
[2026-05-18T16:14:52.302+0000] {logging_mixin.py:190} INFO - [2026-05-18T16:14:52.302+0000] {dag.py:4180} INFO - Setting next_dagrun for example_subdag_operator.section-1 to None, run_after=None
[2026-05-18T16:14:52.303+0000] {logging_mixin.py:190} INFO - [2026-05-18T16:14:52.303+0000] {dag.py:4180} INFO - Setting next_dagrun for example_subdag_operator.section-2 to None, run_after=None
[2026-05-18T16:14:52.308+0000] {logging_mixin.py:190} INFO - [2026-05-18T16:14:52.308+0000] {dag.py:3239} INFO - Sync 2 DAGs
[2026-05-18T16:14:52.311+0000] {logging_mixin.py:190} INFO - [2026-05-18T16:14:52.311+0000] {dag.py:4180} INFO - Setting next_dagrun for example_subdag_operator.section-1 to None, run_after=None
[2026-05-18T16:14:52.311+0000] {logging_mixin.py:190} INFO - [2026-05-18T16:14:52.311+0000] {dag.py:4180} INFO - Setting next_dagrun for example_subdag_operator.section-2 to None, run_after=None
[2026-05-18T16:14:52.325+0000] {processor.py:208} INFO - Processing /usr/local/python/3.12.1/lib/python3.12/site-packages/airflow/example_dags/example_subdag_operator.py took 0.086 seconds
[2026-05-18T16:15:51.850+0000] {processor.py:186} INFO - Started process (PID=93835) to work on /usr/local/python/3.12.1/lib/python3.12/site-packages/airflow/example_dags/example_subdag_operator.py
[2026-05-18T16:15:51.850+0000] {processor.py:914} INFO - Processing file /usr/local/python/3.12.1/lib/python3.12/site-packages/airflow/example_dags/example_subdag_operator.py for tasks to queue
[2026-05-18T16:15:51.851+0000] {logging_mixin.py:190} INFO - [2026-05-18T16:15:51.851+0000] {dagbag.py:588} INFO - Filling up the DagBag from /usr/local/python/3.12.1/lib/python3.12/site-packages/airflow/example_dags/example_subdag_operator.py
[2026-05-18T16:15:51.871+0000] {processor.py:925} INFO - DAG(s) 'example_subdag_operator.section-1', 'example_subdag_operator.section-2', 'example_subdag_operator' retrieved from /usr/local/python/3.12.1/lib/python3.12/site-packages/airflow/example_dags/example_subdag_operator.py
[2026-05-18T16:15:51.890+0000] {logging_mixin.py:190} INFO - [2026-05-18T16:15:51.890+0000] {dag.py:3239} INFO - Sync 3 DAGs
[2026-05-18T16:15:51.906+0000] {logging_mixin.py:190} INFO - [2026-05-18T16:15:51.906+0000] {dag.py:4180} INFO - Setting next_dagrun for example_subdag_operator to 2022-01-01 00:00:00+00:00, run_after=2022-01-01 00:00:00+00:00
[2026-05-18T16:15:51.909+0000] {logging_mixin.py:190} INFO - [2026-05-18T16:15:51.909+0000] {dag.py:4180} INFO - Setting next_dagrun for example_subdag_operator.section-1 to None, run_after=None
[2026-05-18T16:15:51.909+0000] {logging_mixin.py:190} INFO - [2026-05-18T16:15:51.909+0000] {dag.py:4180} INFO - Setting next_dagrun for example_subdag_operator.section-2 to None, run_after=None
[2026-05-18T16:15:51.915+0000] {logging_mixin.py:190} INFO - [2026-05-18T16:15:51.915+0000] {dag.py:3239} INFO - Sync 2 DAGs
[2026-05-18T16:15:51.917+0000] {logging_mixin.py:190} INFO - [2026-05-18T16:15:51.917+0000] {dag.py:4180} INFO - Setting next_dagrun for example_subdag_operator.section-1 to None, run_after=None
[2026-05-18T16:15:51.918+0000] {logging_mixin.py:190} INFO - [2026-05-18T16:15:51.918+0000] {dag.py:4180} INFO - Setting next_dagrun for example_subdag_operator.section-2 to None, run_after=None
[2026-05-18T16:15:51.929+0000] {processor.py:208} INFO - Processing /usr/local/python/3.12.1/lib/python3.12/site-packages/airflow/example_dags/example_subdag_operator.py took 0.084 seconds
[2026-05-18T16:16:52.151+0000] {processor.py:186} INFO - Started process (PID=94421) to work on /usr/local/python/3.12.1/lib/python3.12/site-packages/airflow/example_dags/example_subdag_operator.py
[2026-05-18T16:16:52.152+0000] {processor.py:914} INFO - Processing file /usr/local/python/3.12.1/lib/python3.12/site-packages/airflow/example_dags/example_subdag_operator.py for tasks to queue
[2026-05-18T16:16:52.152+0000] {logging_mixin.py:190} INFO - [2026-05-18T16:16:52.152+0000] {dagbag.py:588} INFO - Filling up the DagBag from /usr/local/python/3.12.1/lib/python3.12/site-packages/airflow/example_dags/example_subdag_operator.py
[2026-05-18T16:16:52.173+0000] {processor.py:925} INFO - DAG(s) 'example_subdag_operator.section-1', 'example_subdag_operator.section-2', 'example_subdag_operator' retrieved from /usr/local/python/3.12.1/lib/python3.12/site-packages/airflow/example_dags/example_subdag_operator.py
[2026-05-18T16:16:52.189+0000] {logging_mixin.py:190} INFO - [2026-05-18T16:16:52.189+0000] {dag.py:3239} INFO - Sync 3 DAGs
[2026-05-18T16:16:52.207+0000] {logging_mixin.py:190} INFO - [2026-05-18T16:16:52.207+0000] {dag.py:4180} INFO - Setting next_dagrun for example_subdag_operator to 2022-01-01 00:00:00+00:00, run_after=2022-01-01 00:00:00+00:00
[2026-05-18T16:16:52.210+0000] {logging_mixin.py:190} INFO - [2026-05-18T16:16:52.210+0000] {dag.py:4180} INFO - Setting next_dagrun for example_subdag_operator.section-1 to None, run_after=None
[2026-05-18T16:16:52.211+0000] {logging_mixin.py:190} INFO - [2026-05-18T16:16:52.211+0000] {dag.py:4180} INFO - Setting next_dagrun for example_subdag_operator.section-2 to None, run_after=None
[2026-05-18T16:16:52.215+0000] {logging_mixin.py:190} INFO - [2026-05-18T16:16:52.215+0000] {dag.py:3239} INFO - Sync 2 DAGs
[2026-05-18T16:16:52.219+0000] {logging_mixin.py:190} INFO - [2026-05-18T16:16:52.218+0000] {dag.py:4180} INFO - Setting next_dagrun for example_subdag_operator.section-1 to None, run_after=None
[2026-05-18T16:16:52.219+0000] {logging_mixin.py:190} INFO - [2026-05-18T16:16:52.219+0000] {dag.py:4180} INFO - Setting next_dagrun for example_subdag_operator.section-2 to None, run_after=None
[2026-05-18T16:16:52.230+0000] {processor.py:208} INFO - Processing /usr/local/python/3.12.1/lib/python3.12/site-packages/airflow/example_dags/example_subdag_operator.py took 0.083 seconds
[2026-05-18T16:17:53.735+0000] {processor.py:186} INFO - Started process (PID=94984) to work on /usr/local/python/3.12.1/lib/python3.12/site-packages/airflow/example_dags/example_subdag_operator.py
[2026-05-18T16:17:53.736+0000] {processor.py:914} INFO - Processing file /usr/local/python/3.12.1/lib/python3.12/site-packages/airflow/example_dags/example_subdag_operator.py for tasks to queue
[2026-05-18T16:17:53.737+0000] {logging_mixin.py:190} INFO - [2026-05-18T16:17:53.736+0000] {dagbag.py:588} INFO - Filling up the DagBag from /usr/local/python/3.12.1/lib/python3.12/site-packages/airflow/example_dags/example_subdag_operator.py
[2026-05-18T16:17:53.754+0000] {processor.py:925} INFO - DAG(s) 'example_subdag_operator.section-1', 'example_subdag_operator.section-2', 'example_subdag_operator' retrieved from /usr/local/python/3.12.1/lib/python3.12/site-packages/airflow/example_dags/example_subdag_operator.py
[2026-05-18T16:17:53.767+0000] {logging_mixin.py:190} INFO - [2026-05-18T16:17:53.766+0000] {dag.py:3239} INFO - Sync 3 DAGs
[2026-05-18T16:17:53.787+0000] {logging_mixin.py:190} INFO - [2026-05-18T16:17:53.787+0000] {dag.py:4180} INFO - Setting next_dagrun for example_subdag_operator to 2022-01-01 00:00:00+00:00, run_after=2022-01-01 00:00:00+00:00
[2026-05-18T16:17:53.790+0000] {logging_mixin.py:190} INFO - [2026-05-18T16:17:53.790+0000] {dag.py:4180} INFO - Setting next_dagrun for example_subdag_operator.section-1 to None, run_after=None
[2026-05-18T16:17:53.791+0000] {logging_mixin.py:190} INFO - [2026-05-18T16:17:53.790+0000] {dag.py:4180} INFO - Setting next_dagrun for example_subdag_operator.section-2 to None, run_after=None
[2026-05-18T16:17:53.795+0000] {logging_mixin.py:190} INFO - [2026-05-18T16:17:53.795+0000] {dag.py:3239} INFO - Sync 2 DAGs
[2026-05-18T16:17:53.798+0000] {logging_mixin.py:190} INFO - [2026-05-18T16:17:53.798+0000] {dag.py:4180} INFO - Setting next_dagrun for example_subdag_operator.section-1 to None, run_after=None
[2026-05-18T16:17:53.799+0000] {logging_mixin.py:190} INFO - [2026-05-18T16:17:53.798+0000] {dag.py:4180} INFO - Setting next_dagrun for example_subdag_operator.section-2 to None, run_after=None
[2026-05-18T16:17:53.809+0000] {processor.py:208} INFO - Processing /usr/local/python/3.12.1/lib/python3.12/site-packages/airflow/example_dags/example_subdag_operator.py took 0.078 seconds
[2026-05-18T16:18:55.788+0000] {processor.py:186} INFO - Started process (PID=95525) to work on /usr/local/python/3.12.1/lib/python3.12/site-packages/airflow/example_dags/example_subdag_operator.py
[2026-05-18T16:18:55.789+0000] {processor.py:914} INFO - Processing file /usr/local/python/3.12.1/lib/python3.12/site-packages/airflow/example_dags/example_subdag_operator.py for tasks to queue
[2026-05-18T16:18:55.790+0000] {logging_mixin.py:190} INFO - [2026-05-18T16:18:55.789+0000] {dagbag.py:588} INFO - Filling up the DagBag from /usr/local/python/3.12.1/lib/python3.12/site-packages/airflow/example_dags/example_subdag_operator.py
[2026-05-18T16:18:55.808+0000] {processor.py:925} INFO - DAG(s) 'example_subdag_operator.section-1', 'example_subdag_operator.section-2', 'example_subdag_operator' retrieved from /usr/local/python/3.12.1/lib/python3.12/site-packages/airflow/example_dags/example_subdag_operator.py
[2026-05-18T16:18:55.821+0000] {logging_mixin.py:190} INFO - [2026-05-18T16:18:55.821+0000] {dag.py:3239} INFO - Sync 3 DAGs
[2026-05-18T16:18:55.837+0000] {logging_mixin.py:190} INFO - [2026-05-18T16:18:55.837+0000] {dag.py:4180} INFO - Setting next_dagrun for example_subdag_operator to 2022-01-01 00:00:00+00:00, run_after=2022-01-01 00:00:00+00:00
[2026-05-18T16:18:55.839+0000] {logging_mixin.py:190} INFO - [2026-05-18T16:18:55.839+0000] {dag.py:4180} INFO - Setting next_dagrun for example_subdag_operator.section-1 to None, run_after=None
[2026-05-18T16:18:55.840+0000] {logging_mixin.py:190} INFO - [2026-05-18T16:18:55.840+0000] {dag.py:4180} INFO - Setting next_dagrun for example_subdag_operator.section-2 to None, run_after=None
[2026-05-18T16:18:55.844+0000] {logging_mixin.py:190} INFO - [2026-05-18T16:18:55.844+0000] {dag.py:3239} INFO - Sync 2 DAGs
[2026-05-18T16:18:55.847+0000] {logging_mixin.py:190} INFO - [2026-05-18T16:18:55.847+0000] {dag.py:4180} INFO - Setting next_dagrun for example_subdag_operator.section-1 to None, run_after=None
[2026-05-18T16:18:55.848+0000] {logging_mixin.py:190} INFO - [2026-05-18T16:18:55.848+0000] {dag.py:4180} INFO - Setting next_dagrun for example_subdag_operator.section-2 to None, run_after=None
[2026-05-18T16:18:55.858+0000] {processor.py:208} INFO - Processing /usr/local/python/3.12.1/lib/python3.12/site-packages/airflow/example_dags/example_subdag_operator.py took 0.075 seconds
[2026-05-18T16:20:01.226+0000] {processor.py:186} INFO - Started process (PID=96079) to work on /usr/local/python/3.12.1/lib/python3.12/site-packages/airflow/example_dags/example_subdag_operator.py
[2026-05-18T16:20:01.226+0000] {processor.py:914} INFO - Processing file /usr/local/python/3.12.1/lib/python3.12/site-packages/airflow/example_dags/example_subdag_operator.py for tasks to queue
[2026-05-18T16:20:01.227+0000] {logging_mixin.py:190} INFO - [2026-05-18T16:20:01.227+0000] {dagbag.py:588} INFO - Filling up the DagBag from /usr/local/python/3.12.1/lib/python3.12/site-packages/airflow/example_dags/example_subdag_operator.py
[2026-05-18T16:20:01.245+0000] {processor.py:925} INFO - DAG(s) 'example_subdag_operator.section-1', 'example_subdag_operator.section-2', 'example_subdag_operator' retrieved from /usr/local/python/3.12.1/lib/python3.12/site-packages/airflow/example_dags/example_subdag_operator.py
[2026-05-18T16:20:01.263+0000] {logging_mixin.py:190} INFO - [2026-05-18T16:20:01.263+0000] {dag.py:3239} INFO - Sync 3 DAGs
[2026-05-18T16:20:01.298+0000] {logging_mixin.py:190} INFO - [2026-05-18T16:20:01.297+0000] {dag.py:4180} INFO - Setting next_dagrun for example_subdag_operator to 2022-01-01 00:00:00+00:00, run_after=2022-01-01 00:00:00+00:00
[2026-05-18T16:20:01.302+0000] {logging_mixin.py:190} INFO - [2026-05-18T16:20:01.302+0000] {dag.py:4180} INFO - Setting next_dagrun for example_subdag_operator.section-1 to None, run_after=None
[2026-05-18T16:20:01.303+0000] {logging_mixin.py:190} INFO - [2026-05-18T16:20:01.303+0000] {dag.py:4180} INFO - Setting next_dagrun for example_subdag_operator.section-2 to None, run_after=None
[2026-05-18T16:20:01.312+0000] {logging_mixin.py:190} INFO - [2026-05-18T16:20:01.312+0000] {dag.py:3239} INFO - Sync 2 DAGs
[2026-05-18T16:20:01.316+0000] {logging_mixin.py:190} INFO - [2026-05-18T16:20:01.316+0000] {dag.py:4180} INFO - Setting next_dagrun for example_subdag_operator.section-1 to None, run_after=None
[2026-05-18T16:20:01.317+0000] {logging_mixin.py:190} INFO - [2026-05-18T16:20:01.317+0000] {dag.py:4180} INFO - Setting next_dagrun for example_subdag_operator.section-2 to None, run_after=None
[2026-05-18T16:20:01.332+0000] {processor.py:208} INFO - Processing /usr/local/python/3.12.1/lib/python3.12/site-packages/airflow/example_dags/example_subdag_operator.py took 0.110 seconds
[2026-05-18T16:21:04.431+0000] {processor.py:186} INFO - Started process (PID=96641) to work on /usr/local/python/3.12.1/lib/python3.12/site-packages/airflow/example_dags/example_subdag_operator.py
[2026-05-18T16:21:04.432+0000] {processor.py:914} INFO - Processing file /usr/local/python/3.12.1/lib/python3.12/site-packages/airflow/example_dags/example_subdag_operator.py for tasks to queue
[2026-05-18T16:21:04.433+0000] {logging_mixin.py:190} INFO - [2026-05-18T16:21:04.433+0000] {dagbag.py:588} INFO - Filling up the DagBag from /usr/local/python/3.12.1/lib/python3.12/site-packages/airflow/example_dags/example_subdag_operator.py
[2026-05-18T16:21:04.451+0000] {processor.py:925} INFO - DAG(s) 'example_subdag_operator.section-1', 'example_subdag_operator.section-2', 'example_subdag_operator' retrieved from /usr/local/python/3.12.1/lib/python3.12/site-packages/airflow/example_dags/example_subdag_operator.py
[2026-05-18T16:21:04.463+0000] {logging_mixin.py:190} INFO - [2026-05-18T16:21:04.463+0000] {dag.py:3239} INFO - Sync 3 DAGs
[2026-05-18T16:21:04.485+0000] {logging_mixin.py:190} INFO - [2026-05-18T16:21:04.485+0000] {dag.py:4180} INFO - Setting next_dagrun for example_subdag_operator to 2022-01-01 00:00:00+00:00, run_after=2022-01-01 00:00:00+00:00
[2026-05-18T16:21:04.488+0000] {logging_mixin.py:190} INFO - [2026-05-18T16:21:04.488+0000] {dag.py:4180} INFO - Setting next_dagrun for example_subdag_operator.section-1 to None, run_after=None
[2026-05-18T16:21:04.489+0000] {logging_mixin.py:190} INFO - [2026-05-18T16:21:04.489+0000] {dag.py:4180} INFO - Setting next_dagrun for example_subdag_operator.section-2 to None, run_after=None
[2026-05-18T16:21:04.494+0000] {logging_mixin.py:190} INFO - [2026-05-18T16:21:04.494+0000] {dag.py:3239} INFO - Sync 2 DAGs
[2026-05-18T16:21:04.497+0000] {logging_mixin.py:190} INFO - [2026-05-18T16:21:04.497+0000] {dag.py:4180} INFO - Setting next_dagrun for example_subdag_operator.section-1 to None, run_after=None
[2026-05-18T16:21:04.498+0000] {logging_mixin.py:190} INFO - [2026-05-18T16:21:04.498+0000] {dag.py:4180} INFO - Setting next_dagrun for example_subdag_operator.section-2 to None, run_after=None
[2026-05-18T16:21:04.509+0000] {processor.py:208} INFO - Processing /usr/local/python/3.12.1/lib/python3.12/site-packages/airflow/example_dags/example_subdag_operator.py took 0.083 seconds
[2026-05-18T16:22:10.794+0000] {processor.py:186} INFO - Started process (PID=97194) to work on /usr/local/python/3.12.1/lib/python3.12/site-packages/airflow/example_dags/example_subdag_operator.py
[2026-05-18T16:22:10.795+0000] {processor.py:914} INFO - Processing file /usr/local/python/3.12.1/lib/python3.12/site-packages/airflow/example_dags/example_subdag_operator.py for tasks to queue
[2026-05-18T16:22:10.796+0000] {logging_mixin.py:190} INFO - [2026-05-18T16:22:10.795+0000] {dagbag.py:588} INFO - Filling up the DagBag from /usr/local/python/3.12.1/lib/python3.12/site-packages/airflow/example_dags/example_subdag_operator.py
[2026-05-18T16:22:10.830+0000] {processor.py:925} INFO - DAG(s) 'example_subdag_operator.section-1', 'example_subdag_operator.section-2', 'example_subdag_operator' retrieved from /usr/local/python/3.12.1/lib/python3.12/site-packages/airflow/example_dags/example_subdag_operator.py
[2026-05-18T16:22:10.854+0000] {logging_mixin.py:190} INFO - [2026-05-18T16:22:10.854+0000] {dag.py:3239} INFO - Sync 3 DAGs
[2026-05-18T16:22:10.890+0000] {logging_mixin.py:190} INFO - [2026-05-18T16:22:10.890+0000] {dag.py:4180} INFO - Setting next_dagrun for example_subdag_operator to 2022-01-01 00:00:00+00:00, run_after=2022-01-01 00:00:00+00:00
[2026-05-18T16:22:10.901+0000] {logging_mixin.py:190} INFO - [2026-05-18T16:22:10.901+0000] {dag.py:4180} INFO - Setting next_dagrun for example_subdag_operator.section-1 to None, run_after=None
[2026-05-18T16:22:10.902+0000] {logging_mixin.py:190} INFO - [2026-05-18T16:22:10.902+0000] {dag.py:4180} INFO - Setting next_dagrun for example_subdag_operator.section-2 to None, run_after=None
[2026-05-18T16:22:10.909+0000] {logging_mixin.py:190} INFO - [2026-05-18T16:22:10.908+0000] {dag.py:3239} INFO - Sync 2 DAGs
[2026-05-18T16:22:10.912+0000] {logging_mixin.py:190} INFO - [2026-05-18T16:22:10.912+0000] {dag.py:4180} INFO - Setting next_dagrun for example_subdag_operator.section-1 to None, run_after=None
[2026-05-18T16:22:10.912+0000] {logging_mixin.py:190} INFO - [2026-05-18T16:22:10.912+0000] {dag.py:4180} INFO - Setting next_dagrun for example_subdag_operator.section-2 to None, run_after=None
[2026-05-18T16:22:10.923+0000] {processor.py:208} INFO - Processing /usr/local/python/3.12.1/lib/python3.12/site-packages/airflow/example_dags/example_subdag_operator.py took 0.134 seconds
[2026-05-18T16:23:15.991+0000] {processor.py:186} INFO - Started process (PID=97769) to work on /usr/local/python/3.12.1/lib/python3.12/site-packages/airflow/example_dags/example_subdag_operator.py
[2026-05-18T16:23:15.992+0000] {processor.py:914} INFO - Processing file /usr/local/python/3.12.1/lib/python3.12/site-packages/airflow/example_dags/example_subdag_operator.py for tasks to queue
[2026-05-18T16:23:15.993+0000] {logging_mixin.py:190} INFO - [2026-05-18T16:23:15.992+0000] {dagbag.py:588} INFO - Filling up the DagBag from /usr/local/python/3.12.1/lib/python3.12/site-packages/airflow/example_dags/example_subdag_operator.py
[2026-05-18T16:23:16.011+0000] {processor.py:925} INFO - DAG(s) 'example_subdag_operator.section-1', 'example_subdag_operator.section-2', 'example_subdag_operator' retrieved from /usr/local/python/3.12.1/lib/python3.12/site-packages/airflow/example_dags/example_subdag_operator.py
[2026-05-18T16:23:16.023+0000] {logging_mixin.py:190} INFO - [2026-05-18T16:23:16.023+0000] {dag.py:3239} INFO - Sync 3 DAGs
[2026-05-18T16:23:16.156+0000] {logging_mixin.py:190} INFO - [2026-05-18T16:23:16.156+0000] {dag.py:4180} INFO - Setting next_dagrun for example_subdag_operator to 2022-01-01 00:00:00+00:00, run_after=2022-01-01 00:00:00+00:00
[2026-05-18T16:23:16.158+0000] {logging_mixin.py:190} INFO - [2026-05-18T16:23:16.158+0000] {dag.py:4180} INFO - Setting next_dagrun for example_subdag_operator.section-1 to None, run_after=None
[2026-05-18T16:23:16.159+0000] {logging_mixin.py:190} INFO - [2026-05-18T16:23:16.159+0000] {dag.py:4180} INFO - Setting next_dagrun for example_subdag_operator.section-2 to None, run_after=None
[2026-05-18T16:23:16.164+0000] {logging_mixin.py:190} INFO - [2026-05-18T16:23:16.163+0000] {dag.py:3239} INFO - Sync 2 DAGs
[2026-05-18T16:23:16.167+0000] {logging_mixin.py:190} INFO - [2026-05-18T16:23:16.167+0000] {dag.py:4180} INFO - Setting next_dagrun for example_subdag_operator.section-1 to None, run_after=None
[2026-05-18T16:23:16.168+0000] {logging_mixin.py:190} INFO - [2026-05-18T16:23:16.167+0000] {dag.py:4180} INFO - Setting next_dagrun for example_subdag_operator.section-2 to None, run_after=None
[2026-05-18T16:23:16.180+0000] {processor.py:208} INFO - Processing /usr/local/python/3.12.1/lib/python3.12/site-packages/airflow/example_dags/example_subdag_operator.py took 0.193 seconds
[2026-05-18T16:24:25.156+0000] {processor.py:186} INFO - Started process (PID=98349) to work on /usr/local/python/3.12.1/lib/python3.12/site-packages/airflow/example_dags/example_subdag_operator.py
[2026-05-18T16:24:25.157+0000] {processor.py:914} INFO - Processing file /usr/local/python/3.12.1/lib/python3.12/site-packages/airflow/example_dags/example_subdag_operator.py for tasks to queue
[2026-05-18T16:24:25.158+0000] {logging_mixin.py:190} INFO - [2026-05-18T16:24:25.158+0000] {dagbag.py:588} INFO - Filling up the DagBag from /usr/local/python/3.12.1/lib/python3.12/site-packages/airflow/example_dags/example_subdag_operator.py
[2026-05-18T16:24:25.180+0000] {processor.py:925} INFO - DAG(s) 'example_subdag_operator.section-1', 'example_subdag_operator.section-2', 'example_subdag_operator' retrieved from /usr/local/python/3.12.1/lib/python3.12/site-packages/airflow/example_dags/example_subdag_operator.py
[2026-05-18T16:24:25.194+0000] {logging_mixin.py:190} INFO - [2026-05-18T16:24:25.193+0000] {dag.py:3239} INFO - Sync 3 DAGs
[2026-05-18T16:24:25.331+0000] {logging_mixin.py:190} INFO - [2026-05-18T16:24:25.331+0000] {dag.py:4180} INFO - Setting next_dagrun for example_subdag_operator to 2022-01-01 00:00:00+00:00, run_after=2022-01-01 00:00:00+00:00
[2026-05-18T16:24:25.333+0000] {logging_mixin.py:190} INFO - [2026-05-18T16:24:25.333+0000] {dag.py:4180} INFO - Setting next_dagrun for example_subdag_operator.section-1 to None, run_after=None
[2026-05-18T16:24:25.334+0000] {logging_mixin.py:190} INFO - [2026-05-18T16:24:25.334+0000] {dag.py:4180} INFO - Setting next_dagrun for example_subdag_operator.section-2 to None, run_after=None
[2026-05-18T16:24:25.338+0000] {logging_mixin.py:190} INFO - [2026-05-18T16:24:25.338+0000] {dag.py:3239} INFO - Sync 2 DAGs
[2026-05-18T16:24:25.341+0000] {logging_mixin.py:190} INFO - [2026-05-18T16:24:25.341+0000] {dag.py:4180} INFO - Setting next_dagrun for example_subdag_operator.section-1 to None, run_after=None
[2026-05-18T16:24:25.342+0000] {logging_mixin.py:190} INFO - [2026-05-18T16:24:25.342+0000] {dag.py:4180} INFO - Setting next_dagrun for example_subdag_operator.section-2 to None, run_after=None
[2026-05-18T16:24:25.352+0000] {processor.py:208} INFO - Processing /usr/local/python/3.12.1/lib/python3.12/site-packages/airflow/example_dags/example_subdag_operator.py took 0.201 seconds
[2026-05-18T16:25:37.796+0000] {processor.py:186} INFO - Started process (PID=98960) to work on /usr/local/python/3.12.1/lib/python3.12/site-packages/airflow/example_dags/example_subdag_operator.py
[2026-05-18T16:25:37.797+0000] {processor.py:914} INFO - Processing file /usr/local/python/3.12.1/lib/python3.12/site-packages/airflow/example_dags/example_subdag_operator.py for tasks to queue
[2026-05-18T16:25:37.798+0000] {logging_mixin.py:190} INFO - [2026-05-18T16:25:37.797+0000] {dagbag.py:588} INFO - Filling up the DagBag from /usr/local/python/3.12.1/lib/python3.12/site-packages/airflow/example_dags/example_subdag_operator.py
[2026-05-18T16:25:37.815+0000] {processor.py:925} INFO - DAG(s) 'example_subdag_operator.section-1', 'example_subdag_operator.section-2', 'example_subdag_operator' retrieved from /usr/local/python/3.12.1/lib/python3.12/site-packages/airflow/example_dags/example_subdag_operator.py
[2026-05-18T16:25:37.827+0000] {logging_mixin.py:190} INFO - [2026-05-18T16:25:37.827+0000] {dag.py:3239} INFO - Sync 3 DAGs
[2026-05-18T16:25:37.843+0000] {logging_mixin.py:190} INFO - [2026-05-18T16:25:37.843+0000] {dag.py:4180} INFO - Setting next_dagrun for example_subdag_operator to 2022-01-01 00:00:00+00:00, run_after=2022-01-01 00:00:00+00:00
[2026-05-18T16:25:37.846+0000] {logging_mixin.py:190} INFO - [2026-05-18T16:25:37.846+0000] {dag.py:4180} INFO - Setting next_dagrun for example_subdag_operator.section-1 to None, run_after=None
[2026-05-18T16:25:37.847+0000] {logging_mixin.py:190} INFO - [2026-05-18T16:25:37.847+0000] {dag.py:4180} INFO - Setting next_dagrun for example_subdag_operator.section-2 to None, run_after=None
[2026-05-18T16:25:37.851+0000] {logging_mixin.py:190} INFO - [2026-05-18T16:25:37.851+0000] {dag.py:3239} INFO - Sync 2 DAGs
[2026-05-18T16:25:37.854+0000] {logging_mixin.py:190} INFO - [2026-05-18T16:25:37.854+0000] {dag.py:4180} INFO - Setting next_dagrun for example_subdag_operator.section-1 to None, run_after=None
[2026-05-18T16:25:37.854+0000] {logging_mixin.py:190} INFO - [2026-05-18T16:25:37.854+0000] {dag.py:4180} INFO - Setting next_dagrun for example_subdag_operator.section-2 to None, run_after=None
[2026-05-18T16:25:37.865+0000] {processor.py:208} INFO - Processing /usr/local/python/3.12.1/lib/python3.12/site-packages/airflow/example_dags/example_subdag_operator.py took 0.074 seconds
[2026-05-18T16:26:36.613+0000] {processor.py:186} INFO - Started process (PID=99540) to work on /usr/local/python/3.12.1/lib/python3.12/site-packages/airflow/example_dags/example_subdag_operator.py
[2026-05-18T16:26:36.614+0000] {processor.py:914} INFO - Processing file /usr/local/python/3.12.1/lib/python3.12/site-packages/airflow/example_dags/example_subdag_operator.py for tasks to queue
[2026-05-18T16:26:36.615+0000] {logging_mixin.py:190} INFO - [2026-05-18T16:26:36.615+0000] {dagbag.py:588} INFO - Filling up the DagBag from /usr/local/python/3.12.1/lib/python3.12/site-packages/airflow/example_dags/example_subdag_operator.py
[2026-05-18T16:26:36.634+0000] {processor.py:925} INFO - DAG(s) 'example_subdag_operator.section-1', 'example_subdag_operator.section-2', 'example_subdag_operator' retrieved from /usr/local/python/3.12.1/lib/python3.12/site-packages/airflow/example_dags/example_subdag_operator.py
[2026-05-18T16:26:36.646+0000] {logging_mixin.py:190} INFO - [2026-05-18T16:26:36.646+0000] {dag.py:3239} INFO - Sync 3 DAGs
[2026-05-18T16:26:36.666+0000] {logging_mixin.py:190} INFO - [2026-05-18T16:26:36.666+0000] {dag.py:4180} INFO - Setting next_dagrun for example_subdag_operator to 2022-01-01 00:00:00+00:00, run_after=2022-01-01 00:00:00+00:00
[2026-05-18T16:26:36.670+0000] {logging_mixin.py:190} INFO - [2026-05-18T16:26:36.670+0000] {dag.py:4180} INFO - Setting next_dagrun for example_subdag_operator.section-1 to None, run_after=None
[2026-05-18T16:26:36.671+0000] {logging_mixin.py:190} INFO - [2026-05-18T16:26:36.671+0000] {dag.py:4180} INFO - Setting next_dagrun for example_subdag_operator.section-2 to None, run_after=None
[2026-05-18T16:26:36.677+0000] {logging_mixin.py:190} INFO - [2026-05-18T16:26:36.677+0000] {dag.py:3239} INFO - Sync 2 DAGs
[2026-05-18T16:26:36.681+0000] {logging_mixin.py:190} INFO - [2026-05-18T16:26:36.681+0000] {dag.py:4180} INFO - Setting next_dagrun for example_subdag_operator.section-1 to None, run_after=None
[2026-05-18T16:26:36.682+0000] {logging_mixin.py:190} INFO - [2026-05-18T16:26:36.682+0000] {dag.py:4180} INFO - Setting next_dagrun for example_subdag_operator.section-2 to None, run_after=None
[2026-05-18T16:26:36.695+0000] {processor.py:208} INFO - Processing /usr/local/python/3.12.1/lib/python3.12/site-packages/airflow/example_dags/example_subdag_operator.py took 0.085 seconds
[2026-05-18T16:27:39.447+0000] {processor.py:186} INFO - Started process (PID=100076) to work on /usr/local/python/3.12.1/lib/python3.12/site-packages/airflow/example_dags/example_subdag_operator.py
[2026-05-18T16:27:39.448+0000] {processor.py:914} INFO - Processing file /usr/local/python/3.12.1/lib/python3.12/site-packages/airflow/example_dags/example_subdag_operator.py for tasks to queue
[2026-05-18T16:27:39.448+0000] {logging_mixin.py:190} INFO - [2026-05-18T16:27:39.448+0000] {dagbag.py:588} INFO - Filling up the DagBag from /usr/local/python/3.12.1/lib/python3.12/site-packages/airflow/example_dags/example_subdag_operator.py
[2026-05-18T16:27:39.468+0000] {processor.py:925} INFO - DAG(s) 'example_subdag_operator.section-1', 'example_subdag_operator.section-2', 'example_subdag_operator' retrieved from /usr/local/python/3.12.1/lib/python3.12/site-packages/airflow/example_dags/example_subdag_operator.py
[2026-05-18T16:27:39.486+0000] {logging_mixin.py:190} INFO - [2026-05-18T16:27:39.485+0000] {dag.py:3239} INFO - Sync 3 DAGs
[2026-05-18T16:27:39.502+0000] {logging_mixin.py:190} INFO - [2026-05-18T16:27:39.502+0000] {dag.py:4180} INFO - Setting next_dagrun for example_subdag_operator to 2022-01-01 00:00:00+00:00, run_after=2022-01-01 00:00:00+00:00
[2026-05-18T16:27:39.506+0000] {logging_mixin.py:190} INFO - [2026-05-18T16:27:39.506+0000] {dag.py:4180} INFO - Setting next_dagrun for example_subdag_operator.section-1 to None, run_after=None
[2026-05-18T16:27:39.507+0000] {logging_mixin.py:190} INFO - [2026-05-18T16:27:39.507+0000] {dag.py:4180} INFO - Setting next_dagrun for example_subdag_operator.section-2 to None, run_after=None
[2026-05-18T16:27:39.512+0000] {logging_mixin.py:190} INFO - [2026-05-18T16:27:39.512+0000] {dag.py:3239} INFO - Sync 2 DAGs
[2026-05-18T16:27:39.515+0000] {logging_mixin.py:190} INFO - [2026-05-18T16:27:39.515+0000] {dag.py:4180} INFO - Setting next_dagrun for example_subdag_operator.section-1 to None, run_after=None
[2026-05-18T16:27:39.515+0000] {logging_mixin.py:190} INFO - [2026-05-18T16:27:39.515+0000] {dag.py:4180} INFO - Setting next_dagrun for example_subdag_operator.section-2 to None, run_after=None
[2026-05-18T16:27:39.527+0000] {processor.py:208} INFO - Processing /usr/local/python/3.12.1/lib/python3.12/site-packages/airflow/example_dags/example_subdag_operator.py took 0.084 seconds
[2026-05-18T16:28:42.466+0000] {processor.py:186} INFO - Started process (PID=100637) to work on /usr/local/python/3.12.1/lib/python3.12/site-packages/airflow/example_dags/example_subdag_operator.py
[2026-05-18T16:28:42.467+0000] {processor.py:914} INFO - Processing file /usr/local/python/3.12.1/lib/python3.12/site-packages/airflow/example_dags/example_subdag_operator.py for tasks to queue
[2026-05-18T16:28:42.469+0000] {logging_mixin.py:190} INFO - [2026-05-18T16:28:42.468+0000] {dagbag.py:588} INFO - Filling up the DagBag from /usr/local/python/3.12.1/lib/python3.12/site-packages/airflow/example_dags/example_subdag_operator.py
[2026-05-18T16:28:42.491+0000] {processor.py:925} INFO - DAG(s) 'example_subdag_operator.section-1', 'example_subdag_operator.section-2', 'example_subdag_operator' retrieved from /usr/local/python/3.12.1/lib/python3.12/site-packages/airflow/example_dags/example_subdag_operator.py
[2026-05-18T16:28:42.504+0000] {logging_mixin.py:190} INFO - [2026-05-18T16:28:42.504+0000] {dag.py:3239} INFO - Sync 3 DAGs
[2026-05-18T16:28:42.520+0000] {logging_mixin.py:190} INFO - [2026-05-18T16:28:42.520+0000] {dag.py:4180} INFO - Setting next_dagrun for example_subdag_operator to 2022-01-01 00:00:00+00:00, run_after=2022-01-01 00:00:00+00:00
[2026-05-18T16:28:42.523+0000] {logging_mixin.py:190} INFO - [2026-05-18T16:28:42.523+0000] {dag.py:4180} INFO - Setting next_dagrun for example_subdag_operator.section-1 to None, run_after=None
[2026-05-18T16:28:42.524+0000] {logging_mixin.py:190} INFO - [2026-05-18T16:28:42.524+0000] {dag.py:4180} INFO - Setting next_dagrun for example_subdag_operator.section-2 to None, run_after=None
[2026-05-18T16:28:42.528+0000] {logging_mixin.py:190} INFO - [2026-05-18T16:28:42.528+0000] {dag.py:3239} INFO - Sync 2 DAGs
[2026-05-18T16:28:42.532+0000] {logging_mixin.py:190} INFO - [2026-05-18T16:28:42.532+0000] {dag.py:4180} INFO - Setting next_dagrun for example_subdag_operator.section-1 to None, run_after=None
[2026-05-18T16:28:42.532+0000] {logging_mixin.py:190} INFO - [2026-05-18T16:28:42.532+0000] {dag.py:4180} INFO - Setting next_dagrun for example_subdag_operator.section-2 to None, run_after=None
[2026-05-18T16:28:42.543+0000] {processor.py:208} INFO - Processing /usr/local/python/3.12.1/lib/python3.12/site-packages/airflow/example_dags/example_subdag_operator.py took 0.082 seconds
[2026-05-18T16:29:45.361+0000] {processor.py:186} INFO - Started process (PID=101173) to work on /usr/local/python/3.12.1/lib/python3.12/site-packages/airflow/example_dags/example_subdag_operator.py
[2026-05-18T16:29:45.362+0000] {processor.py:914} INFO - Processing file /usr/local/python/3.12.1/lib/python3.12/site-packages/airflow/example_dags/example_subdag_operator.py for tasks to queue
[2026-05-18T16:29:45.363+0000] {logging_mixin.py:190} INFO - [2026-05-18T16:29:45.362+0000] {dagbag.py:588} INFO - Filling up the DagBag from /usr/local/python/3.12.1/lib/python3.12/site-packages/airflow/example_dags/example_subdag_operator.py
[2026-05-18T16:29:45.386+0000] {processor.py:925} INFO - DAG(s) 'example_subdag_operator.section-1', 'example_subdag_operator.section-2', 'example_subdag_operator' retrieved from /usr/local/python/3.12.1/lib/python3.12/site-packages/airflow/example_dags/example_subdag_operator.py
[2026-05-18T16:29:45.399+0000] {logging_mixin.py:190} INFO - [2026-05-18T16:29:45.399+0000] {dag.py:3239} INFO - Sync 3 DAGs
[2026-05-18T16:29:45.415+0000] {logging_mixin.py:190} INFO - [2026-05-18T16:29:45.415+0000] {dag.py:4180} INFO - Setting next_dagrun for example_subdag_operator to 2022-01-01 00:00:00+00:00, run_after=2022-01-01 00:00:00+00:00
[2026-05-18T16:29:45.418+0000] {logging_mixin.py:190} INFO - [2026-05-18T16:29:45.418+0000] {dag.py:4180} INFO - Setting next_dagrun for example_subdag_operator.section-1 to None, run_after=None
[2026-05-18T16:29:45.419+0000] {logging_mixin.py:190} INFO - [2026-05-18T16:29:45.419+0000] {dag.py:4180} INFO - Setting next_dagrun for example_subdag_operator.section-2 to None, run_after=None
[2026-05-18T16:29:45.423+0000] {logging_mixin.py:190} INFO - [2026-05-18T16:29:45.423+0000] {dag.py:3239} INFO - Sync 2 DAGs
[2026-05-18T16:29:45.426+0000] {logging_mixin.py:190} INFO - [2026-05-18T16:29:45.426+0000] {dag.py:4180} INFO - Setting next_dagrun for example_subdag_operator.section-1 to None, run_after=None
[2026-05-18T16:29:45.426+0000] {logging_mixin.py:190} INFO - [2026-05-18T16:29:45.426+0000] {dag.py:4180} INFO - Setting next_dagrun for example_subdag_operator.section-2 to None, run_after=None
[2026-05-18T16:29:45.437+0000] {processor.py:208} INFO - Processing /usr/local/python/3.12.1/lib/python3.12/site-packages/airflow/example_dags/example_subdag_operator.py took 0.080 seconds
[2026-05-18T16:30:47.472+0000] {processor.py:186} INFO - Started process (PID=101709) to work on /usr/local/python/3.12.1/lib/python3.12/site-packages/airflow/example_dags/example_subdag_operator.py
[2026-05-18T16:30:47.473+0000] {processor.py:914} INFO - Processing file /usr/local/python/3.12.1/lib/python3.12/site-packages/airflow/example_dags/example_subdag_operator.py for tasks to queue
[2026-05-18T16:30:47.474+0000] {logging_mixin.py:190} INFO - [2026-05-18T16:30:47.474+0000] {dagbag.py:588} INFO - Filling up the DagBag from /usr/local/python/3.12.1/lib/python3.12/site-packages/airflow/example_dags/example_subdag_operator.py
[2026-05-18T16:30:47.498+0000] {processor.py:925} INFO - DAG(s) 'example_subdag_operator.section-1', 'example_subdag_operator.section-2', 'example_subdag_operator' retrieved from /usr/local/python/3.12.1/lib/python3.12/site-packages/airflow/example_dags/example_subdag_operator.py
[2026-05-18T16:30:47.516+0000] {logging_mixin.py:190} INFO - [2026-05-18T16:30:47.515+0000] {dag.py:3239} INFO - Sync 3 DAGs
[2026-05-18T16:30:47.533+0000] {logging_mixin.py:190} INFO - [2026-05-18T16:30:47.533+0000] {dag.py:4180} INFO - Setting next_dagrun for example_subdag_operator to 2022-01-01 00:00:00+00:00, run_after=2022-01-01 00:00:00+00:00
[2026-05-18T16:30:47.536+0000] {logging_mixin.py:190} INFO - [2026-05-18T16:30:47.536+0000] {dag.py:4180} INFO - Setting next_dagrun for example_subdag_operator.section-1 to None, run_after=None
[2026-05-18T16:30:47.537+0000] {logging_mixin.py:190} INFO - [2026-05-18T16:30:47.536+0000] {dag.py:4180} INFO - Setting next_dagrun for example_subdag_operator.section-2 to None, run_after=None
[2026-05-18T16:30:47.541+0000] {logging_mixin.py:190} INFO - [2026-05-18T16:30:47.541+0000] {dag.py:3239} INFO - Sync 2 DAGs
[2026-05-18T16:30:47.544+0000] {logging_mixin.py:190} INFO - [2026-05-18T16:30:47.544+0000] {dag.py:4180} INFO - Setting next_dagrun for example_subdag_operator.section-1 to None, run_after=None
[2026-05-18T16:30:47.545+0000] {logging_mixin.py:190} INFO - [2026-05-18T16:30:47.544+0000] {dag.py:4180} INFO - Setting next_dagrun for example_subdag_operator.section-2 to None, run_after=None
[2026-05-18T16:30:47.555+0000] {processor.py:208} INFO - Processing /usr/local/python/3.12.1/lib/python3.12/site-packages/airflow/example_dags/example_subdag_operator.py took 0.089 seconds
[2026-05-18T16:31:52.185+0000] {processor.py:186} INFO - Started process (PID=102348) to work on /usr/local/python/3.12.1/lib/python3.12/site-packages/airflow/example_dags/example_subdag_operator.py
[2026-05-18T16:31:52.186+0000] {processor.py:914} INFO - Processing file /usr/local/python/3.12.1/lib/python3.12/site-packages/airflow/example_dags/example_subdag_operator.py for tasks to queue
[2026-05-18T16:31:52.187+0000] {logging_mixin.py:190} INFO - [2026-05-18T16:31:52.187+0000] {dagbag.py:588} INFO - Filling up the DagBag from /usr/local/python/3.12.1/lib/python3.12/site-packages/airflow/example_dags/example_subdag_operator.py
[2026-05-18T16:31:52.206+0000] {processor.py:925} INFO - DAG(s) 'example_subdag_operator.section-1', 'example_subdag_operator.section-2', 'example_subdag_operator' retrieved from /usr/local/python/3.12.1/lib/python3.12/site-packages/airflow/example_dags/example_subdag_operator.py
[2026-05-18T16:31:52.218+0000] {logging_mixin.py:190} INFO - [2026-05-18T16:31:52.218+0000] {dag.py:3239} INFO - Sync 3 DAGs
[2026-05-18T16:31:52.234+0000] {logging_mixin.py:190} INFO - [2026-05-18T16:31:52.234+0000] {dag.py:4180} INFO - Setting next_dagrun for example_subdag_operator to 2022-01-01 00:00:00+00:00, run_after=2022-01-01 00:00:00+00:00
[2026-05-18T16:31:52.237+0000] {logging_mixin.py:190} INFO - [2026-05-18T16:31:52.237+0000] {dag.py:4180} INFO - Setting next_dagrun for example_subdag_operator.section-1 to None, run_after=None
[2026-05-18T16:31:52.238+0000] {logging_mixin.py:190} INFO - [2026-05-18T16:31:52.238+0000] {dag.py:4180} INFO - Setting next_dagrun for example_subdag_operator.section-2 to None, run_after=None
[2026-05-18T16:31:52.242+0000] {logging_mixin.py:190} INFO - [2026-05-18T16:31:52.242+0000] {dag.py:3239} INFO - Sync 2 DAGs
[2026-05-18T16:31:52.245+0000] {logging_mixin.py:190} INFO - [2026-05-18T16:31:52.245+0000] {dag.py:4180} INFO - Setting next_dagrun for example_subdag_operator.section-1 to None, run_after=None
[2026-05-18T16:31:52.246+0000] {logging_mixin.py:190} INFO - [2026-05-18T16:31:52.245+0000] {dag.py:4180} INFO - Setting next_dagrun for example_subdag_operator.section-2 to None, run_after=None
[2026-05-18T16:31:52.257+0000] {processor.py:208} INFO - Processing /usr/local/python/3.12.1/lib/python3.12/site-packages/airflow/example_dags/example_subdag_operator.py took 0.077 seconds
[2026-05-18T16:32:52.832+0000] {processor.py:186} INFO - Started process (PID=102878) to work on /usr/local/python/3.12.1/lib/python3.12/site-packages/airflow/example_dags/example_subdag_operator.py
[2026-05-18T16:32:52.833+0000] {processor.py:914} INFO - Processing file /usr/local/python/3.12.1/lib/python3.12/site-packages/airflow/example_dags/example_subdag_operator.py for tasks to queue
[2026-05-18T16:32:52.834+0000] {logging_mixin.py:190} INFO - [2026-05-18T16:32:52.834+0000] {dagbag.py:588} INFO - Filling up the DagBag from /usr/local/python/3.12.1/lib/python3.12/site-packages/airflow/example_dags/example_subdag_operator.py
[2026-05-18T16:32:52.852+0000] {processor.py:925} INFO - DAG(s) 'example_subdag_operator.section-1', 'example_subdag_operator.section-2', 'example_subdag_operator' retrieved from /usr/local/python/3.12.1/lib/python3.12/site-packages/airflow/example_dags/example_subdag_operator.py
[2026-05-18T16:32:52.864+0000] {logging_mixin.py:190} INFO - [2026-05-18T16:32:52.864+0000] {dag.py:3239} INFO - Sync 3 DAGs
[2026-05-18T16:32:52.885+0000] {logging_mixin.py:190} INFO - [2026-05-18T16:32:52.885+0000] {dag.py:4180} INFO - Setting next_dagrun for example_subdag_operator to 2022-01-01 00:00:00+00:00, run_after=2022-01-01 00:00:00+00:00
[2026-05-18T16:32:52.888+0000] {logging_mixin.py:190} INFO - [2026-05-18T16:32:52.888+0000] {dag.py:4180} INFO - Setting next_dagrun for example_subdag_operator.section-1 to None, run_after=None
[2026-05-18T16:32:52.889+0000] {logging_mixin.py:190} INFO - [2026-05-18T16:32:52.889+0000] {dag.py:4180} INFO - Setting next_dagrun for example_subdag_operator.section-2 to None, run_after=None
[2026-05-18T16:32:52.901+0000] {logging_mixin.py:190} INFO - [2026-05-18T16:32:52.900+0000] {dag.py:3239} INFO - Sync 2 DAGs
[2026-05-18T16:32:52.908+0000] {logging_mixin.py:190} INFO - [2026-05-18T16:32:52.908+0000] {dag.py:4180} INFO - Setting next_dagrun for example_subdag_operator.section-1 to None, run_after=None
[2026-05-18T16:32:52.910+0000] {logging_mixin.py:190} INFO - [2026-05-18T16:32:52.910+0000] {dag.py:4180} INFO - Setting next_dagrun for example_subdag_operator.section-2 to None, run_after=None
[2026-05-18T16:32:52.932+0000] {processor.py:208} INFO - Processing /usr/local/python/3.12.1/lib/python3.12/site-packages/airflow/example_dags/example_subdag_operator.py took 0.104 seconds
[2026-05-18T21:51:12.747+0000] {processor.py:186} INFO - Started process (PID=5185) to work on /usr/local/python/3.12.1/lib/python3.12/site-packages/airflow/example_dags/example_subdag_operator.py
[2026-05-18T21:51:12.787+0000] {processor.py:914} INFO - Processing file /usr/local/python/3.12.1/lib/python3.12/site-packages/airflow/example_dags/example_subdag_operator.py for tasks to queue
[2026-05-18T21:51:12.789+0000] {logging_mixin.py:190} INFO - [2026-05-18T21:51:12.789+0000] {dagbag.py:588} INFO - Filling up the DagBag from /usr/local/python/3.12.1/lib/python3.12/site-packages/airflow/example_dags/example_subdag_operator.py
[2026-05-18T21:51:12.807+0000] {processor.py:925} INFO - DAG(s) 'example_subdag_operator.section-1', 'example_subdag_operator.section-2', 'example_subdag_operator' retrieved from /usr/local/python/3.12.1/lib/python3.12/site-packages/airflow/example_dags/example_subdag_operator.py
[2026-05-18T21:51:12.890+0000] {logging_mixin.py:190} INFO - [2026-05-18T21:51:12.890+0000] {dag.py:3239} INFO - Sync 3 DAGs
[2026-05-18T21:51:12.904+0000] {logging_mixin.py:190} INFO - [2026-05-18T21:51:12.904+0000] {dag.py:4180} INFO - Setting next_dagrun for example_subdag_operator to 2022-01-01 00:00:00+00:00, run_after=2022-01-01 00:00:00+00:00
[2026-05-18T21:51:12.906+0000] {logging_mixin.py:190} INFO - [2026-05-18T21:51:12.906+0000] {dag.py:4180} INFO - Setting next_dagrun for example_subdag_operator.section-1 to None, run_after=None
[2026-05-18T21:51:12.907+0000] {logging_mixin.py:190} INFO - [2026-05-18T21:51:12.906+0000] {dag.py:4180} INFO - Setting next_dagrun for example_subdag_operator.section-2 to None, run_after=None
[2026-05-18T21:51:12.912+0000] {logging_mixin.py:190} INFO - [2026-05-18T21:51:12.912+0000] {dag.py:3239} INFO - Sync 2 DAGs
[2026-05-18T21:51:12.915+0000] {logging_mixin.py:190} INFO - [2026-05-18T21:51:12.915+0000] {dag.py:4180} INFO - Setting next_dagrun for example_subdag_operator.section-1 to None, run_after=None
[2026-05-18T21:51:12.915+0000] {logging_mixin.py:190} INFO - [2026-05-18T21:51:12.915+0000] {dag.py:4180} INFO - Setting next_dagrun for example_subdag_operator.section-2 to None, run_after=None
[2026-05-18T21:51:12.927+0000] {processor.py:208} INFO - Processing /usr/local/python/3.12.1/lib/python3.12/site-packages/airflow/example_dags/example_subdag_operator.py took 0.185 seconds
[2026-05-18T21:52:09.862+0000] {processor.py:186} INFO - Started process (PID=5673) to work on /usr/local/python/3.12.1/lib/python3.12/site-packages/airflow/example_dags/example_subdag_operator.py
[2026-05-18T21:52:09.863+0000] {processor.py:914} INFO - Processing file /usr/local/python/3.12.1/lib/python3.12/site-packages/airflow/example_dags/example_subdag_operator.py for tasks to queue
[2026-05-18T21:52:09.865+0000] {logging_mixin.py:190} INFO - [2026-05-18T21:52:09.865+0000] {dagbag.py:588} INFO - Filling up the DagBag from /usr/local/python/3.12.1/lib/python3.12/site-packages/airflow/example_dags/example_subdag_operator.py
[2026-05-18T21:52:09.890+0000] {processor.py:925} INFO - DAG(s) 'example_subdag_operator.section-1', 'example_subdag_operator.section-2', 'example_subdag_operator' retrieved from /usr/local/python/3.12.1/lib/python3.12/site-packages/airflow/example_dags/example_subdag_operator.py
[2026-05-18T21:52:09.916+0000] {logging_mixin.py:190} INFO - [2026-05-18T21:52:09.915+0000] {dag.py:3239} INFO - Sync 3 DAGs
[2026-05-18T21:52:09.931+0000] {logging_mixin.py:190} INFO - [2026-05-18T21:52:09.931+0000] {dag.py:4180} INFO - Setting next_dagrun for example_subdag_operator to 2022-01-01 00:00:00+00:00, run_after=2022-01-01 00:00:00+00:00
[2026-05-18T21:52:09.934+0000] {logging_mixin.py:190} INFO - [2026-05-18T21:52:09.934+0000] {dag.py:4180} INFO - Setting next_dagrun for example_subdag_operator.section-1 to None, run_after=None
[2026-05-18T21:52:09.935+0000] {logging_mixin.py:190} INFO - [2026-05-18T21:52:09.935+0000] {dag.py:4180} INFO - Setting next_dagrun for example_subdag_operator.section-2 to None, run_after=None
[2026-05-18T21:52:09.939+0000] {logging_mixin.py:190} INFO - [2026-05-18T21:52:09.939+0000] {dag.py:3239} INFO - Sync 2 DAGs
[2026-05-18T21:52:09.943+0000] {logging_mixin.py:190} INFO - [2026-05-18T21:52:09.943+0000] {dag.py:4180} INFO - Setting next_dagrun for example_subdag_operator.section-1 to None, run_after=None
[2026-05-18T21:52:09.944+0000] {logging_mixin.py:190} INFO - [2026-05-18T21:52:09.943+0000] {dag.py:4180} INFO - Setting next_dagrun for example_subdag_operator.section-2 to None, run_after=None
[2026-05-18T21:52:09.954+0000] {processor.py:208} INFO - Processing /usr/local/python/3.12.1/lib/python3.12/site-packages/airflow/example_dags/example_subdag_operator.py took 0.104 seconds
[2026-05-18T21:52:59.881+0000] {processor.py:186} INFO - Started process (PID=6199) to work on /usr/local/python/3.12.1/lib/python3.12/site-packages/airflow/example_dags/example_subdag_operator.py
[2026-05-18T21:52:59.882+0000] {processor.py:914} INFO - Processing file /usr/local/python/3.12.1/lib/python3.12/site-packages/airflow/example_dags/example_subdag_operator.py for tasks to queue
[2026-05-18T21:52:59.884+0000] {logging_mixin.py:190} INFO - [2026-05-18T21:52:59.884+0000] {dagbag.py:588} INFO - Filling up the DagBag from /usr/local/python/3.12.1/lib/python3.12/site-packages/airflow/example_dags/example_subdag_operator.py
[2026-05-18T21:52:59.902+0000] {processor.py:925} INFO - DAG(s) 'example_subdag_operator.section-1', 'example_subdag_operator.section-2', 'example_subdag_operator' retrieved from /usr/local/python/3.12.1/lib/python3.12/site-packages/airflow/example_dags/example_subdag_operator.py
[2026-05-18T21:52:59.913+0000] {logging_mixin.py:190} INFO - [2026-05-18T21:52:59.913+0000] {dag.py:3239} INFO - Sync 3 DAGs
[2026-05-18T21:52:59.928+0000] {logging_mixin.py:190} INFO - [2026-05-18T21:52:59.928+0000] {dag.py:4180} INFO - Setting next_dagrun for example_subdag_operator to 2022-01-01 00:00:00+00:00, run_after=2022-01-01 00:00:00+00:00
[2026-05-18T21:52:59.931+0000] {logging_mixin.py:190} INFO - [2026-05-18T21:52:59.931+0000] {dag.py:4180} INFO - Setting next_dagrun for example_subdag_operator.section-1 to None, run_after=None
[2026-05-18T21:52:59.932+0000] {logging_mixin.py:190} INFO - [2026-05-18T21:52:59.932+0000] {dag.py:4180} INFO - Setting next_dagrun for example_subdag_operator.section-2 to None, run_after=None
[2026-05-18T21:52:59.937+0000] {logging_mixin.py:190} INFO - [2026-05-18T21:52:59.937+0000] {dag.py:3239} INFO - Sync 2 DAGs
[2026-05-18T21:52:59.941+0000] {logging_mixin.py:190} INFO - [2026-05-18T21:52:59.941+0000] {dag.py:4180} INFO - Setting next_dagrun for example_subdag_operator.section-1 to None, run_after=None
[2026-05-18T21:52:59.942+0000] {logging_mixin.py:190} INFO - [2026-05-18T21:52:59.941+0000] {dag.py:4180} INFO - Setting next_dagrun for example_subdag_operator.section-2 to None, run_after=None
[2026-05-18T21:52:59.952+0000] {processor.py:208} INFO - Processing /usr/local/python/3.12.1/lib/python3.12/site-packages/airflow/example_dags/example_subdag_operator.py took 0.075 seconds
[2026-05-18T21:53:48.890+0000] {processor.py:186} INFO - Started process (PID=6638) to work on /usr/local/python/3.12.1/lib/python3.12/site-packages/airflow/example_dags/example_subdag_operator.py
[2026-05-18T21:53:48.890+0000] {processor.py:914} INFO - Processing file /usr/local/python/3.12.1/lib/python3.12/site-packages/airflow/example_dags/example_subdag_operator.py for tasks to queue
[2026-05-18T21:53:48.892+0000] {logging_mixin.py:190} INFO - [2026-05-18T21:53:48.892+0000] {dagbag.py:588} INFO - Filling up the DagBag from /usr/local/python/3.12.1/lib/python3.12/site-packages/airflow/example_dags/example_subdag_operator.py
[2026-05-18T21:53:48.909+0000] {processor.py:925} INFO - DAG(s) 'example_subdag_operator.section-1', 'example_subdag_operator.section-2', 'example_subdag_operator' retrieved from /usr/local/python/3.12.1/lib/python3.12/site-packages/airflow/example_dags/example_subdag_operator.py
[2026-05-18T21:53:48.920+0000] {logging_mixin.py:190} INFO - [2026-05-18T21:53:48.920+0000] {dag.py:3239} INFO - Sync 3 DAGs
[2026-05-18T21:53:48.936+0000] {logging_mixin.py:190} INFO - [2026-05-18T21:53:48.936+0000] {dag.py:4180} INFO - Setting next_dagrun for example_subdag_operator to 2022-01-01 00:00:00+00:00, run_after=2022-01-01 00:00:00+00:00
[2026-05-18T21:53:48.938+0000] {logging_mixin.py:190} INFO - [2026-05-18T21:53:48.938+0000] {dag.py:4180} INFO - Setting next_dagrun for example_subdag_operator.section-1 to None, run_after=None
[2026-05-18T21:53:48.939+0000] {logging_mixin.py:190} INFO - [2026-05-18T21:53:48.939+0000] {dag.py:4180} INFO - Setting next_dagrun for example_subdag_operator.section-2 to None, run_after=None
[2026-05-18T21:53:48.943+0000] {logging_mixin.py:190} INFO - [2026-05-18T21:53:48.943+0000] {dag.py:3239} INFO - Sync 2 DAGs
[2026-05-18T21:53:48.946+0000] {logging_mixin.py:190} INFO - [2026-05-18T21:53:48.946+0000] {dag.py:4180} INFO - Setting next_dagrun for example_subdag_operator.section-1 to None, run_after=None
[2026-05-18T21:53:48.946+0000] {logging_mixin.py:190} INFO - [2026-05-18T21:53:48.946+0000] {dag.py:4180} INFO - Setting next_dagrun for example_subdag_operator.section-2 to None, run_after=None
[2026-05-18T21:53:48.958+0000] {processor.py:208} INFO - Processing /usr/local/python/3.12.1/lib/python3.12/site-packages/airflow/example_dags/example_subdag_operator.py took 0.072 seconds
[2026-05-18T21:54:39.558+0000] {processor.py:186} INFO - Started process (PID=7693) to work on /usr/local/python/3.12.1/lib/python3.12/site-packages/airflow/example_dags/example_subdag_operator.py
[2026-05-18T21:54:39.560+0000] {processor.py:914} INFO - Processing file /usr/local/python/3.12.1/lib/python3.12/site-packages/airflow/example_dags/example_subdag_operator.py for tasks to queue
[2026-05-18T21:54:39.562+0000] {logging_mixin.py:190} INFO - [2026-05-18T21:54:39.562+0000] {dagbag.py:588} INFO - Filling up the DagBag from /usr/local/python/3.12.1/lib/python3.12/site-packages/airflow/example_dags/example_subdag_operator.py
[2026-05-18T21:54:39.599+0000] {processor.py:925} INFO - DAG(s) 'example_subdag_operator.section-1', 'example_subdag_operator.section-2', 'example_subdag_operator' retrieved from /usr/local/python/3.12.1/lib/python3.12/site-packages/airflow/example_dags/example_subdag_operator.py
[2026-05-18T21:54:39.614+0000] {logging_mixin.py:190} INFO - [2026-05-18T21:54:39.614+0000] {dag.py:3239} INFO - Sync 3 DAGs
[2026-05-18T21:54:39.630+0000] {logging_mixin.py:190} INFO - [2026-05-18T21:54:39.630+0000] {dag.py:4180} INFO - Setting next_dagrun for example_subdag_operator to 2022-01-01 00:00:00+00:00, run_after=2022-01-01 00:00:00+00:00
[2026-05-18T21:54:39.632+0000] {logging_mixin.py:190} INFO - [2026-05-18T21:54:39.632+0000] {dag.py:4180} INFO - Setting next_dagrun for example_subdag_operator.section-1 to None, run_after=None
[2026-05-18T21:54:39.633+0000] {logging_mixin.py:190} INFO - [2026-05-18T21:54:39.633+0000] {dag.py:4180} INFO - Setting next_dagrun for example_subdag_operator.section-2 to None, run_after=None
[2026-05-18T21:54:39.638+0000] {logging_mixin.py:190} INFO - [2026-05-18T21:54:39.638+0000] {dag.py:3239} INFO - Sync 2 DAGs
[2026-05-18T21:54:39.642+0000] {logging_mixin.py:190} INFO - [2026-05-18T21:54:39.642+0000] {dag.py:4180} INFO - Setting next_dagrun for example_subdag_operator.section-1 to None, run_after=None
[2026-05-18T21:54:39.642+0000] {logging_mixin.py:190} INFO - [2026-05-18T21:54:39.642+0000] {dag.py:4180} INFO - Setting next_dagrun for example_subdag_operator.section-2 to None, run_after=None
[2026-05-18T21:54:39.672+0000] {processor.py:208} INFO - Processing /usr/local/python/3.12.1/lib/python3.12/site-packages/airflow/example_dags/example_subdag_operator.py took 0.121 seconds
[2026-05-18T21:55:36.112+0000] {processor.py:186} INFO - Started process (PID=8545) to work on /usr/local/python/3.12.1/lib/python3.12/site-packages/airflow/example_dags/example_subdag_operator.py
[2026-05-18T21:55:36.113+0000] {processor.py:914} INFO - Processing file /usr/local/python/3.12.1/lib/python3.12/site-packages/airflow/example_dags/example_subdag_operator.py for tasks to queue
[2026-05-18T21:55:36.115+0000] {logging_mixin.py:190} INFO - [2026-05-18T21:55:36.114+0000] {dagbag.py:588} INFO - Filling up the DagBag from /usr/local/python/3.12.1/lib/python3.12/site-packages/airflow/example_dags/example_subdag_operator.py
[2026-05-18T21:55:36.131+0000] {processor.py:925} INFO - DAG(s) 'example_subdag_operator.section-1', 'example_subdag_operator.section-2', 'example_subdag_operator' retrieved from /usr/local/python/3.12.1/lib/python3.12/site-packages/airflow/example_dags/example_subdag_operator.py
[2026-05-18T21:55:36.143+0000] {logging_mixin.py:190} INFO - [2026-05-18T21:55:36.142+0000] {dag.py:3239} INFO - Sync 3 DAGs
[2026-05-18T21:55:36.158+0000] {logging_mixin.py:190} INFO - [2026-05-18T21:55:36.157+0000] {dag.py:4180} INFO - Setting next_dagrun for example_subdag_operator to 2022-01-01 00:00:00+00:00, run_after=2022-01-01 00:00:00+00:00
[2026-05-18T21:55:36.161+0000] {logging_mixin.py:190} INFO - [2026-05-18T21:55:36.161+0000] {dag.py:4180} INFO - Setting next_dagrun for example_subdag_operator.section-1 to None, run_after=None
[2026-05-18T21:55:36.162+0000] {logging_mixin.py:190} INFO - [2026-05-18T21:55:36.162+0000] {dag.py:4180} INFO - Setting next_dagrun for example_subdag_operator.section-2 to None, run_after=None
[2026-05-18T21:55:36.167+0000] {logging_mixin.py:190} INFO - [2026-05-18T21:55:36.167+0000] {dag.py:3239} INFO - Sync 2 DAGs
[2026-05-18T21:55:36.170+0000] {logging_mixin.py:190} INFO - [2026-05-18T21:55:36.170+0000] {dag.py:4180} INFO - Setting next_dagrun for example_subdag_operator.section-1 to None, run_after=None
[2026-05-18T21:55:36.170+0000] {logging_mixin.py:190} INFO - [2026-05-18T21:55:36.170+0000] {dag.py:4180} INFO - Setting next_dagrun for example_subdag_operator.section-2 to None, run_after=None
[2026-05-18T21:55:36.181+0000] {processor.py:208} INFO - Processing /usr/local/python/3.12.1/lib/python3.12/site-packages/airflow/example_dags/example_subdag_operator.py took 0.073 seconds
[2026-05-18T21:56:27.525+0000] {processor.py:186} INFO - Started process (PID=9069) to work on /usr/local/python/3.12.1/lib/python3.12/site-packages/airflow/example_dags/example_subdag_operator.py
[2026-05-18T21:56:27.525+0000] {processor.py:914} INFO - Processing file /usr/local/python/3.12.1/lib/python3.12/site-packages/airflow/example_dags/example_subdag_operator.py for tasks to queue
[2026-05-18T21:56:27.527+0000] {logging_mixin.py:190} INFO - [2026-05-18T21:56:27.527+0000] {dagbag.py:588} INFO - Filling up the DagBag from /usr/local/python/3.12.1/lib/python3.12/site-packages/airflow/example_dags/example_subdag_operator.py
[2026-05-18T21:56:27.544+0000] {processor.py:925} INFO - DAG(s) 'example_subdag_operator.section-1', 'example_subdag_operator.section-2', 'example_subdag_operator' retrieved from /usr/local/python/3.12.1/lib/python3.12/site-packages/airflow/example_dags/example_subdag_operator.py
[2026-05-18T21:56:27.556+0000] {logging_mixin.py:190} INFO - [2026-05-18T21:56:27.556+0000] {dag.py:3239} INFO - Sync 3 DAGs
[2026-05-18T21:56:27.571+0000] {logging_mixin.py:190} INFO - [2026-05-18T21:56:27.570+0000] {dag.py:4180} INFO - Setting next_dagrun for example_subdag_operator to 2022-01-01 00:00:00+00:00, run_after=2022-01-01 00:00:00+00:00
[2026-05-18T21:56:27.573+0000] {logging_mixin.py:190} INFO - [2026-05-18T21:56:27.573+0000] {dag.py:4180} INFO - Setting next_dagrun for example_subdag_operator.section-1 to None, run_after=None
[2026-05-18T21:56:27.574+0000] {logging_mixin.py:190} INFO - [2026-05-18T21:56:27.574+0000] {dag.py:4180} INFO - Setting next_dagrun for example_subdag_operator.section-2 to None, run_after=None
[2026-05-18T21:56:27.578+0000] {logging_mixin.py:190} INFO - [2026-05-18T21:56:27.578+0000] {dag.py:3239} INFO - Sync 2 DAGs
[2026-05-18T21:56:27.581+0000] {logging_mixin.py:190} INFO - [2026-05-18T21:56:27.581+0000] {dag.py:4180} INFO - Setting next_dagrun for example_subdag_operator.section-1 to None, run_after=None
[2026-05-18T21:56:27.581+0000] {logging_mixin.py:190} INFO - [2026-05-18T21:56:27.581+0000] {dag.py:4180} INFO - Setting next_dagrun for example_subdag_operator.section-2 to None, run_after=None
[2026-05-18T21:56:27.593+0000] {processor.py:208} INFO - Processing /usr/local/python/3.12.1/lib/python3.12/site-packages/airflow/example_dags/example_subdag_operator.py took 0.073 seconds
