[2026-05-18T00:49:10.657+0000] {processor.py:186} INFO - Started process (PID=3327) to work on /usr/local/python/3.12.1/lib/python3.12/site-packages/airflow/example_dags/example_display_name.py
[2026-05-18T00:49:10.658+0000] {processor.py:914} INFO - Processing file /usr/local/python/3.12.1/lib/python3.12/site-packages/airflow/example_dags/example_display_name.py for tasks to queue
[2026-05-18T00:49:10.660+0000] {logging_mixin.py:190} INFO - [2026-05-18T00:49:10.659+0000] {dagbag.py:588} INFO - Filling up the DagBag from /usr/local/python/3.12.1/lib/python3.12/site-packages/airflow/example_dags/example_display_name.py
[2026-05-18T00:49:10.666+0000] {processor.py:925} INFO - DAG(s) 'example_display_name' retrieved from /usr/local/python/3.12.1/lib/python3.12/site-packages/airflow/example_dags/example_display_name.py
[2026-05-18T00:49:10.680+0000] {logging_mixin.py:190} INFO - [2026-05-18T00:49:10.679+0000] {dag.py:3239} INFO - Sync 1 DAGs
[2026-05-18T00:49:10.690+0000] {logging_mixin.py:190} INFO - [2026-05-18T00:49:10.690+0000] {dag.py:4180} INFO - Setting next_dagrun for example_display_name to None, run_after=None
[2026-05-18T00:49:10.706+0000] {processor.py:208} INFO - Processing /usr/local/python/3.12.1/lib/python3.12/site-packages/airflow/example_dags/example_display_name.py took 0.053 seconds
[2026-05-18T00:50:05.672+0000] {processor.py:186} INFO - Started process (PID=3796) to work on /usr/local/python/3.12.1/lib/python3.12/site-packages/airflow/example_dags/example_display_name.py
[2026-05-18T00:50:05.673+0000] {processor.py:914} INFO - Processing file /usr/local/python/3.12.1/lib/python3.12/site-packages/airflow/example_dags/example_display_name.py for tasks to queue
[2026-05-18T00:50:05.675+0000] {logging_mixin.py:190} INFO - [2026-05-18T00:50:05.675+0000] {dagbag.py:588} INFO - Filling up the DagBag from /usr/local/python/3.12.1/lib/python3.12/site-packages/airflow/example_dags/example_display_name.py
[2026-05-18T00:50:05.681+0000] {processor.py:925} INFO - DAG(s) 'example_display_name' retrieved from /usr/local/python/3.12.1/lib/python3.12/site-packages/airflow/example_dags/example_display_name.py
[2026-05-18T00:50:05.694+0000] {logging_mixin.py:190} INFO - [2026-05-18T00:50:05.693+0000] {dag.py:3239} INFO - Sync 1 DAGs
[2026-05-18T00:50:05.703+0000] {logging_mixin.py:190} INFO - [2026-05-18T00:50:05.703+0000] {dag.py:4180} INFO - Setting next_dagrun for example_display_name to None, run_after=None
[2026-05-18T00:50:05.721+0000] {processor.py:208} INFO - Processing /usr/local/python/3.12.1/lib/python3.12/site-packages/airflow/example_dags/example_display_name.py took 0.053 seconds
[2026-05-18T00:50:58.967+0000] {processor.py:186} INFO - Started process (PID=4506) to work on /usr/local/python/3.12.1/lib/python3.12/site-packages/airflow/example_dags/example_display_name.py
[2026-05-18T00:50:58.968+0000] {processor.py:914} INFO - Processing file /usr/local/python/3.12.1/lib/python3.12/site-packages/airflow/example_dags/example_display_name.py for tasks to queue
[2026-05-18T00:50:58.970+0000] {logging_mixin.py:190} INFO - [2026-05-18T00:50:58.969+0000] {dagbag.py:588} INFO - Filling up the DagBag from /usr/local/python/3.12.1/lib/python3.12/site-packages/airflow/example_dags/example_display_name.py
[2026-05-18T00:50:58.977+0000] {processor.py:925} INFO - DAG(s) 'example_display_name' retrieved from /usr/local/python/3.12.1/lib/python3.12/site-packages/airflow/example_dags/example_display_name.py
[2026-05-18T00:50:58.989+0000] {logging_mixin.py:190} INFO - [2026-05-18T00:50:58.989+0000] {dag.py:3239} INFO - Sync 1 DAGs
[2026-05-18T00:50:58.999+0000] {logging_mixin.py:190} INFO - [2026-05-18T00:50:58.998+0000] {dag.py:4180} INFO - Setting next_dagrun for example_display_name to None, run_after=None
[2026-05-18T00:50:59.015+0000] {processor.py:208} INFO - Processing /usr/local/python/3.12.1/lib/python3.12/site-packages/airflow/example_dags/example_display_name.py took 0.053 seconds
[2026-05-18T00:52:15.084+0000] {processor.py:186} INFO - Started process (PID=5354) to work on /usr/local/python/3.12.1/lib/python3.12/site-packages/airflow/example_dags/example_display_name.py
[2026-05-18T00:52:15.086+0000] {processor.py:914} INFO - Processing file /usr/local/python/3.12.1/lib/python3.12/site-packages/airflow/example_dags/example_display_name.py for tasks to queue
[2026-05-18T00:52:15.088+0000] {logging_mixin.py:190} INFO - [2026-05-18T00:52:15.088+0000] {dagbag.py:588} INFO - Filling up the DagBag from /usr/local/python/3.12.1/lib/python3.12/site-packages/airflow/example_dags/example_display_name.py
[2026-05-18T00:52:15.098+0000] {processor.py:925} INFO - DAG(s) 'example_display_name' retrieved from /usr/local/python/3.12.1/lib/python3.12/site-packages/airflow/example_dags/example_display_name.py
[2026-05-18T00:52:15.117+0000] {logging_mixin.py:190} INFO - [2026-05-18T00:52:15.117+0000] {dag.py:3239} INFO - Sync 1 DAGs
[2026-05-18T00:52:15.132+0000] {logging_mixin.py:190} INFO - [2026-05-18T00:52:15.131+0000] {dag.py:4180} INFO - Setting next_dagrun for example_display_name to None, run_after=None
[2026-05-18T00:52:15.161+0000] {processor.py:208} INFO - Processing /usr/local/python/3.12.1/lib/python3.12/site-packages/airflow/example_dags/example_display_name.py took 0.085 seconds
[2026-05-18T00:53:06.602+0000] {processor.py:186} INFO - Started process (PID=5705) to work on /usr/local/python/3.12.1/lib/python3.12/site-packages/airflow/example_dags/example_display_name.py
[2026-05-18T00:53:06.603+0000] {processor.py:914} INFO - Processing file /usr/local/python/3.12.1/lib/python3.12/site-packages/airflow/example_dags/example_display_name.py for tasks to queue
[2026-05-18T00:53:06.605+0000] {logging_mixin.py:190} INFO - [2026-05-18T00:53:06.605+0000] {dagbag.py:588} INFO - Filling up the DagBag from /usr/local/python/3.12.1/lib/python3.12/site-packages/airflow/example_dags/example_display_name.py
[2026-05-18T00:53:06.614+0000] {processor.py:925} INFO - DAG(s) 'example_display_name' retrieved from /usr/local/python/3.12.1/lib/python3.12/site-packages/airflow/example_dags/example_display_name.py
[2026-05-18T00:53:06.631+0000] {logging_mixin.py:190} INFO - [2026-05-18T00:53:06.631+0000] {dag.py:3239} INFO - Sync 1 DAGs
[2026-05-18T00:53:06.645+0000] {logging_mixin.py:190} INFO - [2026-05-18T00:53:06.645+0000] {dag.py:4180} INFO - Setting next_dagrun for example_display_name to None, run_after=None
[2026-05-18T00:53:06.665+0000] {processor.py:208} INFO - Processing /usr/local/python/3.12.1/lib/python3.12/site-packages/airflow/example_dags/example_display_name.py took 0.070 seconds
[2026-05-18T00:53:57.668+0000] {processor.py:186} INFO - Started process (PID=6087) to work on /usr/local/python/3.12.1/lib/python3.12/site-packages/airflow/example_dags/example_display_name.py
[2026-05-18T00:53:57.669+0000] {processor.py:914} INFO - Processing file /usr/local/python/3.12.1/lib/python3.12/site-packages/airflow/example_dags/example_display_name.py for tasks to queue
[2026-05-18T00:53:57.670+0000] {logging_mixin.py:190} INFO - [2026-05-18T00:53:57.670+0000] {dagbag.py:588} INFO - Filling up the DagBag from /usr/local/python/3.12.1/lib/python3.12/site-packages/airflow/example_dags/example_display_name.py
[2026-05-18T00:53:57.677+0000] {processor.py:925} INFO - DAG(s) 'example_display_name' retrieved from /usr/local/python/3.12.1/lib/python3.12/site-packages/airflow/example_dags/example_display_name.py
[2026-05-18T00:53:57.688+0000] {logging_mixin.py:190} INFO - [2026-05-18T00:53:57.688+0000] {dag.py:3239} INFO - Sync 1 DAGs
[2026-05-18T00:53:57.698+0000] {logging_mixin.py:190} INFO - [2026-05-18T00:53:57.698+0000] {dag.py:4180} INFO - Setting next_dagrun for example_display_name to None, run_after=None
[2026-05-18T00:53:57.715+0000] {processor.py:208} INFO - Processing /usr/local/python/3.12.1/lib/python3.12/site-packages/airflow/example_dags/example_display_name.py took 0.051 seconds
[2026-05-18T00:54:48.299+0000] {processor.py:186} INFO - Started process (PID=6438) to work on /usr/local/python/3.12.1/lib/python3.12/site-packages/airflow/example_dags/example_display_name.py
[2026-05-18T00:54:48.301+0000] {processor.py:914} INFO - Processing file /usr/local/python/3.12.1/lib/python3.12/site-packages/airflow/example_dags/example_display_name.py for tasks to queue
[2026-05-18T00:54:48.305+0000] {logging_mixin.py:190} INFO - [2026-05-18T00:54:48.303+0000] {dagbag.py:588} INFO - Filling up the DagBag from /usr/local/python/3.12.1/lib/python3.12/site-packages/airflow/example_dags/example_display_name.py
[2026-05-18T00:54:48.341+0000] {processor.py:925} INFO - DAG(s) 'example_display_name' retrieved from /usr/local/python/3.12.1/lib/python3.12/site-packages/airflow/example_dags/example_display_name.py
[2026-05-18T00:54:48.362+0000] {logging_mixin.py:190} INFO - [2026-05-18T00:54:48.361+0000] {dag.py:3239} INFO - Sync 1 DAGs
[2026-05-18T00:54:48.384+0000] {logging_mixin.py:190} INFO - [2026-05-18T00:54:48.384+0000] {dag.py:4180} INFO - Setting next_dagrun for example_display_name to None, run_after=None
[2026-05-18T00:54:48.416+0000] {processor.py:208} INFO - Processing /usr/local/python/3.12.1/lib/python3.12/site-packages/airflow/example_dags/example_display_name.py took 0.123 seconds
[2026-05-18T00:56:08.257+0000] {processor.py:186} INFO - Started process (PID=6925) to work on /usr/local/python/3.12.1/lib/python3.12/site-packages/airflow/example_dags/example_display_name.py
[2026-05-18T00:56:08.269+0000] {processor.py:914} INFO - Processing file /usr/local/python/3.12.1/lib/python3.12/site-packages/airflow/example_dags/example_display_name.py for tasks to queue
[2026-05-18T00:56:08.283+0000] {logging_mixin.py:190} INFO - [2026-05-18T00:56:08.282+0000] {dagbag.py:588} INFO - Filling up the DagBag from /usr/local/python/3.12.1/lib/python3.12/site-packages/airflow/example_dags/example_display_name.py
[2026-05-18T00:56:08.345+0000] {processor.py:925} INFO - DAG(s) 'example_display_name' retrieved from /usr/local/python/3.12.1/lib/python3.12/site-packages/airflow/example_dags/example_display_name.py
[2026-05-18T00:56:08.415+0000] {logging_mixin.py:190} INFO - [2026-05-18T00:56:08.414+0000] {dag.py:3239} INFO - Sync 1 DAGs
[2026-05-18T00:56:08.458+0000] {logging_mixin.py:190} INFO - [2026-05-18T00:56:08.457+0000] {dag.py:4180} INFO - Setting next_dagrun for example_display_name to None, run_after=None
[2026-05-18T00:56:08.527+0000] {processor.py:208} INFO - Processing /usr/local/python/3.12.1/lib/python3.12/site-packages/airflow/example_dags/example_display_name.py took 0.326 seconds
[2026-05-18T00:57:06.252+0000] {processor.py:186} INFO - Started process (PID=7335) to work on /usr/local/python/3.12.1/lib/python3.12/site-packages/airflow/example_dags/example_display_name.py
[2026-05-18T00:57:06.253+0000] {processor.py:914} INFO - Processing file /usr/local/python/3.12.1/lib/python3.12/site-packages/airflow/example_dags/example_display_name.py for tasks to queue
[2026-05-18T00:57:06.255+0000] {logging_mixin.py:190} INFO - [2026-05-18T00:57:06.254+0000] {dagbag.py:588} INFO - Filling up the DagBag from /usr/local/python/3.12.1/lib/python3.12/site-packages/airflow/example_dags/example_display_name.py
[2026-05-18T00:57:06.261+0000] {processor.py:925} INFO - DAG(s) 'example_display_name' retrieved from /usr/local/python/3.12.1/lib/python3.12/site-packages/airflow/example_dags/example_display_name.py
[2026-05-18T00:57:06.272+0000] {logging_mixin.py:190} INFO - [2026-05-18T00:57:06.272+0000] {dag.py:3239} INFO - Sync 1 DAGs
[2026-05-18T00:57:06.282+0000] {logging_mixin.py:190} INFO - [2026-05-18T00:57:06.281+0000] {dag.py:4180} INFO - Setting next_dagrun for example_display_name to None, run_after=None
[2026-05-18T00:57:06.297+0000] {processor.py:208} INFO - Processing /usr/local/python/3.12.1/lib/python3.12/site-packages/airflow/example_dags/example_display_name.py took 0.049 seconds
[2026-05-18T00:58:00.019+0000] {processor.py:186} INFO - Started process (PID=7698) to work on /usr/local/python/3.12.1/lib/python3.12/site-packages/airflow/example_dags/example_display_name.py
[2026-05-18T00:58:00.020+0000] {processor.py:914} INFO - Processing file /usr/local/python/3.12.1/lib/python3.12/site-packages/airflow/example_dags/example_display_name.py for tasks to queue
[2026-05-18T00:58:00.022+0000] {logging_mixin.py:190} INFO - [2026-05-18T00:58:00.022+0000] {dagbag.py:588} INFO - Filling up the DagBag from /usr/local/python/3.12.1/lib/python3.12/site-packages/airflow/example_dags/example_display_name.py
[2026-05-18T00:58:00.029+0000] {processor.py:925} INFO - DAG(s) 'example_display_name' retrieved from /usr/local/python/3.12.1/lib/python3.12/site-packages/airflow/example_dags/example_display_name.py
[2026-05-18T00:58:00.041+0000] {logging_mixin.py:190} INFO - [2026-05-18T00:58:00.041+0000] {dag.py:3239} INFO - Sync 1 DAGs
[2026-05-18T00:58:00.051+0000] {logging_mixin.py:190} INFO - [2026-05-18T00:58:00.050+0000] {dag.py:4180} INFO - Setting next_dagrun for example_display_name to None, run_after=None
[2026-05-18T00:58:00.067+0000] {processor.py:208} INFO - Processing /usr/local/python/3.12.1/lib/python3.12/site-packages/airflow/example_dags/example_display_name.py took 0.053 seconds
[2026-05-18T00:59:14.017+0000] {processor.py:186} INFO - Started process (PID=8264) to work on /usr/local/python/3.12.1/lib/python3.12/site-packages/airflow/example_dags/example_display_name.py
[2026-05-18T00:59:14.020+0000] {processor.py:914} INFO - Processing file /usr/local/python/3.12.1/lib/python3.12/site-packages/airflow/example_dags/example_display_name.py for tasks to queue
[2026-05-18T00:59:14.022+0000] {logging_mixin.py:190} INFO - [2026-05-18T00:59:14.022+0000] {dagbag.py:588} INFO - Filling up the DagBag from /usr/local/python/3.12.1/lib/python3.12/site-packages/airflow/example_dags/example_display_name.py
[2026-05-18T00:59:14.034+0000] {processor.py:925} INFO - DAG(s) 'example_display_name' retrieved from /usr/local/python/3.12.1/lib/python3.12/site-packages/airflow/example_dags/example_display_name.py
[2026-05-18T00:59:14.051+0000] {logging_mixin.py:190} INFO - [2026-05-18T00:59:14.051+0000] {dag.py:3239} INFO - Sync 1 DAGs
[2026-05-18T00:59:14.061+0000] {logging_mixin.py:190} INFO - [2026-05-18T00:59:14.061+0000] {dag.py:4180} INFO - Setting next_dagrun for example_display_name to None, run_after=None
[2026-05-18T00:59:14.079+0000] {processor.py:208} INFO - Processing /usr/local/python/3.12.1/lib/python3.12/site-packages/airflow/example_dags/example_display_name.py took 0.069 seconds
[2026-05-18T01:00:05.817+0000] {processor.py:186} INFO - Started process (PID=8664) to work on /usr/local/python/3.12.1/lib/python3.12/site-packages/airflow/example_dags/example_display_name.py
[2026-05-18T01:00:05.817+0000] {processor.py:914} INFO - Processing file /usr/local/python/3.12.1/lib/python3.12/site-packages/airflow/example_dags/example_display_name.py for tasks to queue
[2026-05-18T01:00:05.819+0000] {logging_mixin.py:190} INFO - [2026-05-18T01:00:05.819+0000] {dagbag.py:588} INFO - Filling up the DagBag from /usr/local/python/3.12.1/lib/python3.12/site-packages/airflow/example_dags/example_display_name.py
[2026-05-18T01:00:05.825+0000] {processor.py:925} INFO - DAG(s) 'example_display_name' retrieved from /usr/local/python/3.12.1/lib/python3.12/site-packages/airflow/example_dags/example_display_name.py
[2026-05-18T01:00:05.837+0000] {logging_mixin.py:190} INFO - [2026-05-18T01:00:05.837+0000] {dag.py:3239} INFO - Sync 1 DAGs
[2026-05-18T01:00:05.847+0000] {logging_mixin.py:190} INFO - [2026-05-18T01:00:05.846+0000] {dag.py:4180} INFO - Setting next_dagrun for example_display_name to None, run_after=None
[2026-05-18T01:00:05.862+0000] {processor.py:208} INFO - Processing /usr/local/python/3.12.1/lib/python3.12/site-packages/airflow/example_dags/example_display_name.py took 0.051 seconds
[2026-05-18T01:00:59.501+0000] {processor.py:186} INFO - Started process (PID=9072) to work on /usr/local/python/3.12.1/lib/python3.12/site-packages/airflow/example_dags/example_display_name.py
[2026-05-18T01:00:59.502+0000] {processor.py:914} INFO - Processing file /usr/local/python/3.12.1/lib/python3.12/site-packages/airflow/example_dags/example_display_name.py for tasks to queue
[2026-05-18T01:00:59.504+0000] {logging_mixin.py:190} INFO - [2026-05-18T01:00:59.504+0000] {dagbag.py:588} INFO - Filling up the DagBag from /usr/local/python/3.12.1/lib/python3.12/site-packages/airflow/example_dags/example_display_name.py
[2026-05-18T01:00:59.511+0000] {processor.py:925} INFO - DAG(s) 'example_display_name' retrieved from /usr/local/python/3.12.1/lib/python3.12/site-packages/airflow/example_dags/example_display_name.py
[2026-05-18T01:00:59.523+0000] {logging_mixin.py:190} INFO - [2026-05-18T01:00:59.523+0000] {dag.py:3239} INFO - Sync 1 DAGs
[2026-05-18T01:00:59.533+0000] {logging_mixin.py:190} INFO - [2026-05-18T01:00:59.533+0000] {dag.py:4180} INFO - Setting next_dagrun for example_display_name to None, run_after=None
[2026-05-18T01:00:59.555+0000] {processor.py:208} INFO - Processing /usr/local/python/3.12.1/lib/python3.12/site-packages/airflow/example_dags/example_display_name.py took 0.059 seconds
[2026-05-18T01:02:21.326+0000] {processor.py:186} INFO - Started process (PID=9675) to work on /usr/local/python/3.12.1/lib/python3.12/site-packages/airflow/example_dags/example_display_name.py
[2026-05-18T01:02:21.327+0000] {processor.py:914} INFO - Processing file /usr/local/python/3.12.1/lib/python3.12/site-packages/airflow/example_dags/example_display_name.py for tasks to queue
[2026-05-18T01:02:21.329+0000] {logging_mixin.py:190} INFO - [2026-05-18T01:02:21.329+0000] {dagbag.py:588} INFO - Filling up the DagBag from /usr/local/python/3.12.1/lib/python3.12/site-packages/airflow/example_dags/example_display_name.py
[2026-05-18T01:02:21.338+0000] {processor.py:925} INFO - DAG(s) 'example_display_name' retrieved from /usr/local/python/3.12.1/lib/python3.12/site-packages/airflow/example_dags/example_display_name.py
[2026-05-18T01:02:21.355+0000] {logging_mixin.py:190} INFO - [2026-05-18T01:02:21.354+0000] {dag.py:3239} INFO - Sync 1 DAGs
[2026-05-18T01:02:21.369+0000] {logging_mixin.py:190} INFO - [2026-05-18T01:02:21.368+0000] {dag.py:4180} INFO - Setting next_dagrun for example_display_name to None, run_after=None
[2026-05-18T01:02:21.395+0000] {processor.py:208} INFO - Processing /usr/local/python/3.12.1/lib/python3.12/site-packages/airflow/example_dags/example_display_name.py took 0.075 seconds
[2026-05-18T01:03:18.356+0000] {processor.py:186} INFO - Started process (PID=10098) to work on /usr/local/python/3.12.1/lib/python3.12/site-packages/airflow/example_dags/example_display_name.py
[2026-05-18T01:03:18.359+0000] {processor.py:914} INFO - Processing file /usr/local/python/3.12.1/lib/python3.12/site-packages/airflow/example_dags/example_display_name.py for tasks to queue
[2026-05-18T01:03:18.362+0000] {logging_mixin.py:190} INFO - [2026-05-18T01:03:18.361+0000] {dagbag.py:588} INFO - Filling up the DagBag from /usr/local/python/3.12.1/lib/python3.12/site-packages/airflow/example_dags/example_display_name.py
[2026-05-18T01:03:18.376+0000] {processor.py:925} INFO - DAG(s) 'example_display_name' retrieved from /usr/local/python/3.12.1/lib/python3.12/site-packages/airflow/example_dags/example_display_name.py
[2026-05-18T01:03:18.411+0000] {logging_mixin.py:190} INFO - [2026-05-18T01:03:18.411+0000] {dag.py:3239} INFO - Sync 1 DAGs
[2026-05-18T01:03:18.427+0000] {logging_mixin.py:190} INFO - [2026-05-18T01:03:18.426+0000] {dag.py:4180} INFO - Setting next_dagrun for example_display_name to None, run_after=None
[2026-05-18T01:03:18.467+0000] {processor.py:208} INFO - Processing /usr/local/python/3.12.1/lib/python3.12/site-packages/airflow/example_dags/example_display_name.py took 0.126 seconds
[2026-05-18T01:04:14.005+0000] {processor.py:186} INFO - Started process (PID=10590) to work on /usr/local/python/3.12.1/lib/python3.12/site-packages/airflow/example_dags/example_display_name.py
[2026-05-18T01:04:14.006+0000] {processor.py:914} INFO - Processing file /usr/local/python/3.12.1/lib/python3.12/site-packages/airflow/example_dags/example_display_name.py for tasks to queue
[2026-05-18T01:04:14.007+0000] {logging_mixin.py:190} INFO - [2026-05-18T01:04:14.007+0000] {dagbag.py:588} INFO - Filling up the DagBag from /usr/local/python/3.12.1/lib/python3.12/site-packages/airflow/example_dags/example_display_name.py
[2026-05-18T01:04:14.014+0000] {processor.py:925} INFO - DAG(s) 'example_display_name' retrieved from /usr/local/python/3.12.1/lib/python3.12/site-packages/airflow/example_dags/example_display_name.py
[2026-05-18T01:04:14.027+0000] {logging_mixin.py:190} INFO - [2026-05-18T01:04:14.027+0000] {dag.py:3239} INFO - Sync 1 DAGs
[2026-05-18T01:04:14.036+0000] {logging_mixin.py:190} INFO - [2026-05-18T01:04:14.036+0000] {dag.py:4180} INFO - Setting next_dagrun for example_display_name to None, run_after=None
[2026-05-18T01:04:14.052+0000] {processor.py:208} INFO - Processing /usr/local/python/3.12.1/lib/python3.12/site-packages/airflow/example_dags/example_display_name.py took 0.052 seconds
[2026-05-18T01:05:12.047+0000] {processor.py:186} INFO - Started process (PID=11043) to work on /usr/local/python/3.12.1/lib/python3.12/site-packages/airflow/example_dags/example_display_name.py
[2026-05-18T01:05:12.047+0000] {processor.py:914} INFO - Processing file /usr/local/python/3.12.1/lib/python3.12/site-packages/airflow/example_dags/example_display_name.py for tasks to queue
[2026-05-18T01:05:12.049+0000] {logging_mixin.py:190} INFO - [2026-05-18T01:05:12.049+0000] {dagbag.py:588} INFO - Filling up the DagBag from /usr/local/python/3.12.1/lib/python3.12/site-packages/airflow/example_dags/example_display_name.py
[2026-05-18T01:05:12.055+0000] {processor.py:925} INFO - DAG(s) 'example_display_name' retrieved from /usr/local/python/3.12.1/lib/python3.12/site-packages/airflow/example_dags/example_display_name.py
[2026-05-18T01:05:12.068+0000] {logging_mixin.py:190} INFO - [2026-05-18T01:05:12.068+0000] {dag.py:3239} INFO - Sync 1 DAGs
[2026-05-18T01:05:12.077+0000] {logging_mixin.py:190} INFO - [2026-05-18T01:05:12.077+0000] {dag.py:4180} INFO - Setting next_dagrun for example_display_name to None, run_after=None
[2026-05-18T01:05:12.093+0000] {processor.py:208} INFO - Processing /usr/local/python/3.12.1/lib/python3.12/site-packages/airflow/example_dags/example_display_name.py took 0.051 seconds
[2026-05-18T01:06:24.743+0000] {processor.py:186} INFO - Started process (PID=11555) to work on /usr/local/python/3.12.1/lib/python3.12/site-packages/airflow/example_dags/example_display_name.py
[2026-05-18T01:06:24.744+0000] {processor.py:914} INFO - Processing file /usr/local/python/3.12.1/lib/python3.12/site-packages/airflow/example_dags/example_display_name.py for tasks to queue
[2026-05-18T01:06:24.746+0000] {logging_mixin.py:190} INFO - [2026-05-18T01:06:24.746+0000] {dagbag.py:588} INFO - Filling up the DagBag from /usr/local/python/3.12.1/lib/python3.12/site-packages/airflow/example_dags/example_display_name.py
[2026-05-18T01:06:24.752+0000] {processor.py:925} INFO - DAG(s) 'example_display_name' retrieved from /usr/local/python/3.12.1/lib/python3.12/site-packages/airflow/example_dags/example_display_name.py
[2026-05-18T01:06:24.766+0000] {logging_mixin.py:190} INFO - [2026-05-18T01:06:24.765+0000] {dag.py:3239} INFO - Sync 1 DAGs
[2026-05-18T01:06:24.775+0000] {logging_mixin.py:190} INFO - [2026-05-18T01:06:24.775+0000] {dag.py:4180} INFO - Setting next_dagrun for example_display_name to None, run_after=None
[2026-05-18T01:06:24.792+0000] {processor.py:208} INFO - Processing /usr/local/python/3.12.1/lib/python3.12/site-packages/airflow/example_dags/example_display_name.py took 0.053 seconds
[2026-05-18T01:07:16.575+0000] {processor.py:186} INFO - Started process (PID=11958) to work on /usr/local/python/3.12.1/lib/python3.12/site-packages/airflow/example_dags/example_display_name.py
[2026-05-18T01:07:16.576+0000] {processor.py:914} INFO - Processing file /usr/local/python/3.12.1/lib/python3.12/site-packages/airflow/example_dags/example_display_name.py for tasks to queue
[2026-05-18T01:07:16.577+0000] {logging_mixin.py:190} INFO - [2026-05-18T01:07:16.577+0000] {dagbag.py:588} INFO - Filling up the DagBag from /usr/local/python/3.12.1/lib/python3.12/site-packages/airflow/example_dags/example_display_name.py
[2026-05-18T01:07:16.584+0000] {processor.py:925} INFO - DAG(s) 'example_display_name' retrieved from /usr/local/python/3.12.1/lib/python3.12/site-packages/airflow/example_dags/example_display_name.py
[2026-05-18T01:07:16.596+0000] {logging_mixin.py:190} INFO - [2026-05-18T01:07:16.595+0000] {dag.py:3239} INFO - Sync 1 DAGs
[2026-05-18T01:07:16.605+0000] {logging_mixin.py:190} INFO - [2026-05-18T01:07:16.605+0000] {dag.py:4180} INFO - Setting next_dagrun for example_display_name to None, run_after=None
[2026-05-18T01:07:16.621+0000] {processor.py:208} INFO - Processing /usr/local/python/3.12.1/lib/python3.12/site-packages/airflow/example_dags/example_display_name.py took 0.051 seconds
[2026-05-18T01:08:31.058+0000] {processor.py:186} INFO - Started process (PID=12580) to work on /usr/local/python/3.12.1/lib/python3.12/site-packages/airflow/example_dags/example_display_name.py
[2026-05-18T01:08:31.059+0000] {processor.py:914} INFO - Processing file /usr/local/python/3.12.1/lib/python3.12/site-packages/airflow/example_dags/example_display_name.py for tasks to queue
[2026-05-18T01:08:31.061+0000] {logging_mixin.py:190} INFO - [2026-05-18T01:08:31.061+0000] {dagbag.py:588} INFO - Filling up the DagBag from /usr/local/python/3.12.1/lib/python3.12/site-packages/airflow/example_dags/example_display_name.py
[2026-05-18T01:08:31.067+0000] {processor.py:925} INFO - DAG(s) 'example_display_name' retrieved from /usr/local/python/3.12.1/lib/python3.12/site-packages/airflow/example_dags/example_display_name.py
[2026-05-18T01:08:31.079+0000] {logging_mixin.py:190} INFO - [2026-05-18T01:08:31.079+0000] {dag.py:3239} INFO - Sync 1 DAGs
[2026-05-18T01:08:31.088+0000] {logging_mixin.py:190} INFO - [2026-05-18T01:08:31.088+0000] {dag.py:4180} INFO - Setting next_dagrun for example_display_name to None, run_after=None
[2026-05-18T01:08:31.105+0000] {processor.py:208} INFO - Processing /usr/local/python/3.12.1/lib/python3.12/site-packages/airflow/example_dags/example_display_name.py took 0.052 seconds
[2026-05-18T01:09:48.689+0000] {processor.py:186} INFO - Started process (PID=13304) to work on /usr/local/python/3.12.1/lib/python3.12/site-packages/airflow/example_dags/example_display_name.py
[2026-05-18T01:09:48.690+0000] {processor.py:914} INFO - Processing file /usr/local/python/3.12.1/lib/python3.12/site-packages/airflow/example_dags/example_display_name.py for tasks to queue
[2026-05-18T01:09:48.692+0000] {logging_mixin.py:190} INFO - [2026-05-18T01:09:48.692+0000] {dagbag.py:588} INFO - Filling up the DagBag from /usr/local/python/3.12.1/lib/python3.12/site-packages/airflow/example_dags/example_display_name.py
[2026-05-18T01:09:48.699+0000] {processor.py:925} INFO - DAG(s) 'example_display_name' retrieved from /usr/local/python/3.12.1/lib/python3.12/site-packages/airflow/example_dags/example_display_name.py
[2026-05-18T01:09:48.711+0000] {logging_mixin.py:190} INFO - [2026-05-18T01:09:48.711+0000] {dag.py:3239} INFO - Sync 1 DAGs
[2026-05-18T01:09:48.725+0000] {logging_mixin.py:190} INFO - [2026-05-18T01:09:48.724+0000] {dag.py:4180} INFO - Setting next_dagrun for example_display_name to None, run_after=None
[2026-05-18T01:09:48.743+0000] {processor.py:208} INFO - Processing /usr/local/python/3.12.1/lib/python3.12/site-packages/airflow/example_dags/example_display_name.py took 0.059 seconds
[2026-05-18T01:10:41.612+0000] {processor.py:186} INFO - Started process (PID=13740) to work on /usr/local/python/3.12.1/lib/python3.12/site-packages/airflow/example_dags/example_display_name.py
[2026-05-18T01:10:41.613+0000] {processor.py:914} INFO - Processing file /usr/local/python/3.12.1/lib/python3.12/site-packages/airflow/example_dags/example_display_name.py for tasks to queue
[2026-05-18T01:10:41.614+0000] {logging_mixin.py:190} INFO - [2026-05-18T01:10:41.614+0000] {dagbag.py:588} INFO - Filling up the DagBag from /usr/local/python/3.12.1/lib/python3.12/site-packages/airflow/example_dags/example_display_name.py
[2026-05-18T01:10:41.622+0000] {processor.py:925} INFO - DAG(s) 'example_display_name' retrieved from /usr/local/python/3.12.1/lib/python3.12/site-packages/airflow/example_dags/example_display_name.py
[2026-05-18T01:10:41.634+0000] {logging_mixin.py:190} INFO - [2026-05-18T01:10:41.634+0000] {dag.py:3239} INFO - Sync 1 DAGs
[2026-05-18T01:10:41.644+0000] {logging_mixin.py:190} INFO - [2026-05-18T01:10:41.644+0000] {dag.py:4180} INFO - Setting next_dagrun for example_display_name to None, run_after=None
[2026-05-18T01:10:41.659+0000] {processor.py:208} INFO - Processing /usr/local/python/3.12.1/lib/python3.12/site-packages/airflow/example_dags/example_display_name.py took 0.052 seconds
[2026-05-18T01:11:56.899+0000] {processor.py:186} INFO - Started process (PID=14342) to work on /usr/local/python/3.12.1/lib/python3.12/site-packages/airflow/example_dags/example_display_name.py
[2026-05-18T01:11:56.899+0000] {processor.py:914} INFO - Processing file /usr/local/python/3.12.1/lib/python3.12/site-packages/airflow/example_dags/example_display_name.py for tasks to queue
[2026-05-18T01:11:56.901+0000] {logging_mixin.py:190} INFO - [2026-05-18T01:11:56.901+0000] {dagbag.py:588} INFO - Filling up the DagBag from /usr/local/python/3.12.1/lib/python3.12/site-packages/airflow/example_dags/example_display_name.py
[2026-05-18T01:11:56.908+0000] {processor.py:925} INFO - DAG(s) 'example_display_name' retrieved from /usr/local/python/3.12.1/lib/python3.12/site-packages/airflow/example_dags/example_display_name.py
[2026-05-18T01:11:56.921+0000] {logging_mixin.py:190} INFO - [2026-05-18T01:11:56.921+0000] {dag.py:3239} INFO - Sync 1 DAGs
[2026-05-18T01:11:56.932+0000] {logging_mixin.py:190} INFO - [2026-05-18T01:11:56.932+0000] {dag.py:4180} INFO - Setting next_dagrun for example_display_name to None, run_after=None
[2026-05-18T01:11:56.950+0000] {processor.py:208} INFO - Processing /usr/local/python/3.12.1/lib/python3.12/site-packages/airflow/example_dags/example_display_name.py took 0.055 seconds
[2026-05-18T01:12:48.978+0000] {processor.py:186} INFO - Started process (PID=14792) to work on /usr/local/python/3.12.1/lib/python3.12/site-packages/airflow/example_dags/example_display_name.py
[2026-05-18T01:12:48.979+0000] {processor.py:914} INFO - Processing file /usr/local/python/3.12.1/lib/python3.12/site-packages/airflow/example_dags/example_display_name.py for tasks to queue
[2026-05-18T01:12:48.980+0000] {logging_mixin.py:190} INFO - [2026-05-18T01:12:48.980+0000] {dagbag.py:588} INFO - Filling up the DagBag from /usr/local/python/3.12.1/lib/python3.12/site-packages/airflow/example_dags/example_display_name.py
[2026-05-18T01:12:48.987+0000] {processor.py:925} INFO - DAG(s) 'example_display_name' retrieved from /usr/local/python/3.12.1/lib/python3.12/site-packages/airflow/example_dags/example_display_name.py
[2026-05-18T01:12:49.000+0000] {logging_mixin.py:190} INFO - [2026-05-18T01:12:49.000+0000] {dag.py:3239} INFO - Sync 1 DAGs
[2026-05-18T01:12:49.010+0000] {logging_mixin.py:190} INFO - [2026-05-18T01:12:49.010+0000] {dag.py:4180} INFO - Setting next_dagrun for example_display_name to None, run_after=None
[2026-05-18T01:12:49.026+0000] {processor.py:208} INFO - Processing /usr/local/python/3.12.1/lib/python3.12/site-packages/airflow/example_dags/example_display_name.py took 0.053 seconds
[2026-05-18T01:13:43.110+0000] {processor.py:186} INFO - Started process (PID=15300) to work on /usr/local/python/3.12.1/lib/python3.12/site-packages/airflow/example_dags/example_display_name.py
[2026-05-18T01:13:43.111+0000] {processor.py:914} INFO - Processing file /usr/local/python/3.12.1/lib/python3.12/site-packages/airflow/example_dags/example_display_name.py for tasks to queue
[2026-05-18T01:13:43.113+0000] {logging_mixin.py:190} INFO - [2026-05-18T01:13:43.112+0000] {dagbag.py:588} INFO - Filling up the DagBag from /usr/local/python/3.12.1/lib/python3.12/site-packages/airflow/example_dags/example_display_name.py
[2026-05-18T01:13:43.120+0000] {processor.py:925} INFO - DAG(s) 'example_display_name' retrieved from /usr/local/python/3.12.1/lib/python3.12/site-packages/airflow/example_dags/example_display_name.py
[2026-05-18T01:13:43.133+0000] {logging_mixin.py:190} INFO - [2026-05-18T01:13:43.133+0000] {dag.py:3239} INFO - Sync 1 DAGs
[2026-05-18T01:13:43.142+0000] {logging_mixin.py:190} INFO - [2026-05-18T01:13:43.142+0000] {dag.py:4180} INFO - Setting next_dagrun for example_display_name to None, run_after=None
[2026-05-18T01:13:43.160+0000] {processor.py:208} INFO - Processing /usr/local/python/3.12.1/lib/python3.12/site-packages/airflow/example_dags/example_display_name.py took 0.055 seconds
[2026-05-18T01:14:35.961+0000] {processor.py:186} INFO - Started process (PID=15854) to work on /usr/local/python/3.12.1/lib/python3.12/site-packages/airflow/example_dags/example_display_name.py
[2026-05-18T01:14:35.962+0000] {processor.py:914} INFO - Processing file /usr/local/python/3.12.1/lib/python3.12/site-packages/airflow/example_dags/example_display_name.py for tasks to queue
[2026-05-18T01:14:35.963+0000] {logging_mixin.py:190} INFO - [2026-05-18T01:14:35.963+0000] {dagbag.py:588} INFO - Filling up the DagBag from /usr/local/python/3.12.1/lib/python3.12/site-packages/airflow/example_dags/example_display_name.py
[2026-05-18T01:14:35.970+0000] {processor.py:925} INFO - DAG(s) 'example_display_name' retrieved from /usr/local/python/3.12.1/lib/python3.12/site-packages/airflow/example_dags/example_display_name.py
[2026-05-18T01:14:35.981+0000] {logging_mixin.py:190} INFO - [2026-05-18T01:14:35.981+0000] {dag.py:3239} INFO - Sync 1 DAGs
[2026-05-18T01:14:35.991+0000] {logging_mixin.py:190} INFO - [2026-05-18T01:14:35.991+0000] {dag.py:4180} INFO - Setting next_dagrun for example_display_name to None, run_after=None
[2026-05-18T01:14:36.014+0000] {processor.py:208} INFO - Processing /usr/local/python/3.12.1/lib/python3.12/site-packages/airflow/example_dags/example_display_name.py took 0.057 seconds
[2026-05-18T01:15:58.425+0000] {processor.py:186} INFO - Started process (PID=16741) to work on /usr/local/python/3.12.1/lib/python3.12/site-packages/airflow/example_dags/example_display_name.py
[2026-05-18T01:15:58.426+0000] {processor.py:914} INFO - Processing file /usr/local/python/3.12.1/lib/python3.12/site-packages/airflow/example_dags/example_display_name.py for tasks to queue
[2026-05-18T01:15:58.428+0000] {logging_mixin.py:190} INFO - [2026-05-18T01:15:58.427+0000] {dagbag.py:588} INFO - Filling up the DagBag from /usr/local/python/3.12.1/lib/python3.12/site-packages/airflow/example_dags/example_display_name.py
[2026-05-18T01:15:58.434+0000] {processor.py:925} INFO - DAG(s) 'example_display_name' retrieved from /usr/local/python/3.12.1/lib/python3.12/site-packages/airflow/example_dags/example_display_name.py
[2026-05-18T01:15:58.446+0000] {logging_mixin.py:190} INFO - [2026-05-18T01:15:58.446+0000] {dag.py:3239} INFO - Sync 1 DAGs
[2026-05-18T01:15:58.457+0000] {logging_mixin.py:190} INFO - [2026-05-18T01:15:58.457+0000] {dag.py:4180} INFO - Setting next_dagrun for example_display_name to None, run_after=None
[2026-05-18T01:15:58.492+0000] {processor.py:208} INFO - Processing /usr/local/python/3.12.1/lib/python3.12/site-packages/airflow/example_dags/example_display_name.py took 0.071 seconds
[2026-05-18T01:16:52.366+0000] {processor.py:186} INFO - Started process (PID=17305) to work on /usr/local/python/3.12.1/lib/python3.12/site-packages/airflow/example_dags/example_display_name.py
[2026-05-18T01:16:52.367+0000] {processor.py:914} INFO - Processing file /usr/local/python/3.12.1/lib/python3.12/site-packages/airflow/example_dags/example_display_name.py for tasks to queue
[2026-05-18T01:16:52.369+0000] {logging_mixin.py:190} INFO - [2026-05-18T01:16:52.369+0000] {dagbag.py:588} INFO - Filling up the DagBag from /usr/local/python/3.12.1/lib/python3.12/site-packages/airflow/example_dags/example_display_name.py
[2026-05-18T01:16:52.375+0000] {processor.py:925} INFO - DAG(s) 'example_display_name' retrieved from /usr/local/python/3.12.1/lib/python3.12/site-packages/airflow/example_dags/example_display_name.py
[2026-05-18T01:16:52.387+0000] {logging_mixin.py:190} INFO - [2026-05-18T01:16:52.387+0000] {dag.py:3239} INFO - Sync 1 DAGs
[2026-05-18T01:16:52.396+0000] {logging_mixin.py:190} INFO - [2026-05-18T01:16:52.396+0000] {dag.py:4180} INFO - Setting next_dagrun for example_display_name to None, run_after=None
[2026-05-18T01:16:52.413+0000] {processor.py:208} INFO - Processing /usr/local/python/3.12.1/lib/python3.12/site-packages/airflow/example_dags/example_display_name.py took 0.052 seconds
[2026-05-18T01:17:46.782+0000] {processor.py:186} INFO - Started process (PID=17765) to work on /usr/local/python/3.12.1/lib/python3.12/site-packages/airflow/example_dags/example_display_name.py
[2026-05-18T01:17:46.782+0000] {processor.py:914} INFO - Processing file /usr/local/python/3.12.1/lib/python3.12/site-packages/airflow/example_dags/example_display_name.py for tasks to queue
[2026-05-18T01:17:46.784+0000] {logging_mixin.py:190} INFO - [2026-05-18T01:17:46.784+0000] {dagbag.py:588} INFO - Filling up the DagBag from /usr/local/python/3.12.1/lib/python3.12/site-packages/airflow/example_dags/example_display_name.py
[2026-05-18T01:17:46.790+0000] {processor.py:925} INFO - DAG(s) 'example_display_name' retrieved from /usr/local/python/3.12.1/lib/python3.12/site-packages/airflow/example_dags/example_display_name.py
[2026-05-18T01:17:46.802+0000] {logging_mixin.py:190} INFO - [2026-05-18T01:17:46.802+0000] {dag.py:3239} INFO - Sync 1 DAGs
[2026-05-18T01:17:46.811+0000] {logging_mixin.py:190} INFO - [2026-05-18T01:17:46.811+0000] {dag.py:4180} INFO - Setting next_dagrun for example_display_name to None, run_after=None
[2026-05-18T01:17:46.827+0000] {processor.py:208} INFO - Processing /usr/local/python/3.12.1/lib/python3.12/site-packages/airflow/example_dags/example_display_name.py took 0.050 seconds
[2026-05-18T01:19:00.510+0000] {processor.py:186} INFO - Started process (PID=18351) to work on /usr/local/python/3.12.1/lib/python3.12/site-packages/airflow/example_dags/example_display_name.py
[2026-05-18T01:19:00.511+0000] {processor.py:914} INFO - Processing file /usr/local/python/3.12.1/lib/python3.12/site-packages/airflow/example_dags/example_display_name.py for tasks to queue
[2026-05-18T01:19:00.513+0000] {logging_mixin.py:190} INFO - [2026-05-18T01:19:00.513+0000] {dagbag.py:588} INFO - Filling up the DagBag from /usr/local/python/3.12.1/lib/python3.12/site-packages/airflow/example_dags/example_display_name.py
[2026-05-18T01:19:00.520+0000] {processor.py:925} INFO - DAG(s) 'example_display_name' retrieved from /usr/local/python/3.12.1/lib/python3.12/site-packages/airflow/example_dags/example_display_name.py
[2026-05-18T01:19:00.532+0000] {logging_mixin.py:190} INFO - [2026-05-18T01:19:00.532+0000] {dag.py:3239} INFO - Sync 1 DAGs
[2026-05-18T01:19:00.542+0000] {logging_mixin.py:190} INFO - [2026-05-18T01:19:00.541+0000] {dag.py:4180} INFO - Setting next_dagrun for example_display_name to None, run_after=None
[2026-05-18T01:19:00.557+0000] {processor.py:208} INFO - Processing /usr/local/python/3.12.1/lib/python3.12/site-packages/airflow/example_dags/example_display_name.py took 0.052 seconds
[2026-05-18T01:19:51.101+0000] {processor.py:186} INFO - Started process (PID=18780) to work on /usr/local/python/3.12.1/lib/python3.12/site-packages/airflow/example_dags/example_display_name.py
[2026-05-18T01:19:51.101+0000] {processor.py:914} INFO - Processing file /usr/local/python/3.12.1/lib/python3.12/site-packages/airflow/example_dags/example_display_name.py for tasks to queue
[2026-05-18T01:19:51.103+0000] {logging_mixin.py:190} INFO - [2026-05-18T01:19:51.103+0000] {dagbag.py:588} INFO - Filling up the DagBag from /usr/local/python/3.12.1/lib/python3.12/site-packages/airflow/example_dags/example_display_name.py
[2026-05-18T01:19:51.109+0000] {processor.py:925} INFO - DAG(s) 'example_display_name' retrieved from /usr/local/python/3.12.1/lib/python3.12/site-packages/airflow/example_dags/example_display_name.py
[2026-05-18T01:19:51.122+0000] {logging_mixin.py:190} INFO - [2026-05-18T01:19:51.121+0000] {dag.py:3239} INFO - Sync 1 DAGs
[2026-05-18T01:19:51.131+0000] {logging_mixin.py:190} INFO - [2026-05-18T01:19:51.131+0000] {dag.py:4180} INFO - Setting next_dagrun for example_display_name to None, run_after=None
[2026-05-18T01:19:51.147+0000] {processor.py:208} INFO - Processing /usr/local/python/3.12.1/lib/python3.12/site-packages/airflow/example_dags/example_display_name.py took 0.051 seconds
[2026-05-18T01:21:04.235+0000] {processor.py:186} INFO - Started process (PID=19421) to work on /usr/local/python/3.12.1/lib/python3.12/site-packages/airflow/example_dags/example_display_name.py
[2026-05-18T01:21:04.236+0000] {processor.py:914} INFO - Processing file /usr/local/python/3.12.1/lib/python3.12/site-packages/airflow/example_dags/example_display_name.py for tasks to queue
[2026-05-18T01:21:04.238+0000] {logging_mixin.py:190} INFO - [2026-05-18T01:21:04.238+0000] {dagbag.py:588} INFO - Filling up the DagBag from /usr/local/python/3.12.1/lib/python3.12/site-packages/airflow/example_dags/example_display_name.py
[2026-05-18T01:21:04.246+0000] {processor.py:925} INFO - DAG(s) 'example_display_name' retrieved from /usr/local/python/3.12.1/lib/python3.12/site-packages/airflow/example_dags/example_display_name.py
[2026-05-18T01:21:04.286+0000] {logging_mixin.py:190} INFO - [2026-05-18T01:21:04.286+0000] {dag.py:3239} INFO - Sync 1 DAGs
[2026-05-18T01:21:04.297+0000] {logging_mixin.py:190} INFO - [2026-05-18T01:21:04.297+0000] {dag.py:4180} INFO - Setting next_dagrun for example_display_name to None, run_after=None
[2026-05-18T01:21:04.313+0000] {processor.py:208} INFO - Processing /usr/local/python/3.12.1/lib/python3.12/site-packages/airflow/example_dags/example_display_name.py took 0.084 seconds
[2026-05-18T01:22:20.440+0000] {processor.py:186} INFO - Started process (PID=20089) to work on /usr/local/python/3.12.1/lib/python3.12/site-packages/airflow/example_dags/example_display_name.py
[2026-05-18T01:22:20.441+0000] {processor.py:914} INFO - Processing file /usr/local/python/3.12.1/lib/python3.12/site-packages/airflow/example_dags/example_display_name.py for tasks to queue
[2026-05-18T01:22:20.443+0000] {logging_mixin.py:190} INFO - [2026-05-18T01:22:20.442+0000] {dagbag.py:588} INFO - Filling up the DagBag from /usr/local/python/3.12.1/lib/python3.12/site-packages/airflow/example_dags/example_display_name.py
[2026-05-18T01:22:20.452+0000] {processor.py:925} INFO - DAG(s) 'example_display_name' retrieved from /usr/local/python/3.12.1/lib/python3.12/site-packages/airflow/example_dags/example_display_name.py
[2026-05-18T01:22:20.464+0000] {logging_mixin.py:190} INFO - [2026-05-18T01:22:20.464+0000] {dag.py:3239} INFO - Sync 1 DAGs
[2026-05-18T01:22:20.474+0000] {logging_mixin.py:190} INFO - [2026-05-18T01:22:20.474+0000] {dag.py:4180} INFO - Setting next_dagrun for example_display_name to None, run_after=None
[2026-05-18T01:22:20.490+0000] {processor.py:208} INFO - Processing /usr/local/python/3.12.1/lib/python3.12/site-packages/airflow/example_dags/example_display_name.py took 0.056 seconds
[2026-05-18T01:23:34.083+0000] {processor.py:186} INFO - Started process (PID=20720) to work on /usr/local/python/3.12.1/lib/python3.12/site-packages/airflow/example_dags/example_display_name.py
[2026-05-18T01:23:34.083+0000] {processor.py:914} INFO - Processing file /usr/local/python/3.12.1/lib/python3.12/site-packages/airflow/example_dags/example_display_name.py for tasks to queue
[2026-05-18T01:23:34.085+0000] {logging_mixin.py:190} INFO - [2026-05-18T01:23:34.085+0000] {dagbag.py:588} INFO - Filling up the DagBag from /usr/local/python/3.12.1/lib/python3.12/site-packages/airflow/example_dags/example_display_name.py
[2026-05-18T01:23:34.091+0000] {processor.py:925} INFO - DAG(s) 'example_display_name' retrieved from /usr/local/python/3.12.1/lib/python3.12/site-packages/airflow/example_dags/example_display_name.py
[2026-05-18T01:23:34.104+0000] {logging_mixin.py:190} INFO - [2026-05-18T01:23:34.103+0000] {dag.py:3239} INFO - Sync 1 DAGs
[2026-05-18T01:23:34.114+0000] {logging_mixin.py:190} INFO - [2026-05-18T01:23:34.114+0000] {dag.py:4180} INFO - Setting next_dagrun for example_display_name to None, run_after=None
[2026-05-18T01:23:34.130+0000] {processor.py:208} INFO - Processing /usr/local/python/3.12.1/lib/python3.12/site-packages/airflow/example_dags/example_display_name.py took 0.052 seconds
[2026-05-18T01:24:27.045+0000] {processor.py:186} INFO - Started process (PID=21163) to work on /usr/local/python/3.12.1/lib/python3.12/site-packages/airflow/example_dags/example_display_name.py
[2026-05-18T01:24:27.046+0000] {processor.py:914} INFO - Processing file /usr/local/python/3.12.1/lib/python3.12/site-packages/airflow/example_dags/example_display_name.py for tasks to queue
[2026-05-18T01:24:27.048+0000] {logging_mixin.py:190} INFO - [2026-05-18T01:24:27.047+0000] {dagbag.py:588} INFO - Filling up the DagBag from /usr/local/python/3.12.1/lib/python3.12/site-packages/airflow/example_dags/example_display_name.py
[2026-05-18T01:24:27.054+0000] {processor.py:925} INFO - DAG(s) 'example_display_name' retrieved from /usr/local/python/3.12.1/lib/python3.12/site-packages/airflow/example_dags/example_display_name.py
[2026-05-18T01:24:27.066+0000] {logging_mixin.py:190} INFO - [2026-05-18T01:24:27.066+0000] {dag.py:3239} INFO - Sync 1 DAGs
[2026-05-18T01:24:27.078+0000] {logging_mixin.py:190} INFO - [2026-05-18T01:24:27.078+0000] {dag.py:4180} INFO - Setting next_dagrun for example_display_name to None, run_after=None
[2026-05-18T01:24:27.102+0000] {processor.py:208} INFO - Processing /usr/local/python/3.12.1/lib/python3.12/site-packages/airflow/example_dags/example_display_name.py took 0.062 seconds
[2026-05-18T01:25:19.720+0000] {processor.py:186} INFO - Started process (PID=21628) to work on /usr/local/python/3.12.1/lib/python3.12/site-packages/airflow/example_dags/example_display_name.py
[2026-05-18T01:25:19.721+0000] {processor.py:914} INFO - Processing file /usr/local/python/3.12.1/lib/python3.12/site-packages/airflow/example_dags/example_display_name.py for tasks to queue
[2026-05-18T01:25:19.722+0000] {logging_mixin.py:190} INFO - [2026-05-18T01:25:19.722+0000] {dagbag.py:588} INFO - Filling up the DagBag from /usr/local/python/3.12.1/lib/python3.12/site-packages/airflow/example_dags/example_display_name.py
[2026-05-18T01:25:19.729+0000] {processor.py:925} INFO - DAG(s) 'example_display_name' retrieved from /usr/local/python/3.12.1/lib/python3.12/site-packages/airflow/example_dags/example_display_name.py
[2026-05-18T01:25:19.743+0000] {logging_mixin.py:190} INFO - [2026-05-18T01:25:19.743+0000] {dag.py:3239} INFO - Sync 1 DAGs
[2026-05-18T01:25:19.759+0000] {logging_mixin.py:190} INFO - [2026-05-18T01:25:19.759+0000] {dag.py:4180} INFO - Setting next_dagrun for example_display_name to None, run_after=None
[2026-05-18T01:25:19.792+0000] {processor.py:208} INFO - Processing /usr/local/python/3.12.1/lib/python3.12/site-packages/airflow/example_dags/example_display_name.py took 0.076 seconds
[2026-05-18T01:26:09.328+0000] {processor.py:186} INFO - Started process (PID=22052) to work on /usr/local/python/3.12.1/lib/python3.12/site-packages/airflow/example_dags/example_display_name.py
[2026-05-18T01:26:09.329+0000] {processor.py:914} INFO - Processing file /usr/local/python/3.12.1/lib/python3.12/site-packages/airflow/example_dags/example_display_name.py for tasks to queue
[2026-05-18T01:26:09.331+0000] {logging_mixin.py:190} INFO - [2026-05-18T01:26:09.331+0000] {dagbag.py:588} INFO - Filling up the DagBag from /usr/local/python/3.12.1/lib/python3.12/site-packages/airflow/example_dags/example_display_name.py
[2026-05-18T01:26:09.340+0000] {processor.py:925} INFO - DAG(s) 'example_display_name' retrieved from /usr/local/python/3.12.1/lib/python3.12/site-packages/airflow/example_dags/example_display_name.py
[2026-05-18T01:26:09.358+0000] {logging_mixin.py:190} INFO - [2026-05-18T01:26:09.357+0000] {dag.py:3239} INFO - Sync 1 DAGs
[2026-05-18T01:26:09.375+0000] {logging_mixin.py:190} INFO - [2026-05-18T01:26:09.375+0000] {dag.py:4180} INFO - Setting next_dagrun for example_display_name to None, run_after=None
[2026-05-18T01:26:09.400+0000] {processor.py:208} INFO - Processing /usr/local/python/3.12.1/lib/python3.12/site-packages/airflow/example_dags/example_display_name.py took 0.079 seconds
[2026-05-18T01:27:03.061+0000] {processor.py:186} INFO - Started process (PID=22628) to work on /usr/local/python/3.12.1/lib/python3.12/site-packages/airflow/example_dags/example_display_name.py
[2026-05-18T01:27:03.062+0000] {processor.py:914} INFO - Processing file /usr/local/python/3.12.1/lib/python3.12/site-packages/airflow/example_dags/example_display_name.py for tasks to queue
[2026-05-18T01:27:03.064+0000] {logging_mixin.py:190} INFO - [2026-05-18T01:27:03.064+0000] {dagbag.py:588} INFO - Filling up the DagBag from /usr/local/python/3.12.1/lib/python3.12/site-packages/airflow/example_dags/example_display_name.py
[2026-05-18T01:27:03.070+0000] {processor.py:925} INFO - DAG(s) 'example_display_name' retrieved from /usr/local/python/3.12.1/lib/python3.12/site-packages/airflow/example_dags/example_display_name.py
[2026-05-18T01:27:03.083+0000] {logging_mixin.py:190} INFO - [2026-05-18T01:27:03.083+0000] {dag.py:3239} INFO - Sync 1 DAGs
[2026-05-18T01:27:03.092+0000] {logging_mixin.py:190} INFO - [2026-05-18T01:27:03.092+0000] {dag.py:4180} INFO - Setting next_dagrun for example_display_name to None, run_after=None
[2026-05-18T01:27:03.109+0000] {processor.py:208} INFO - Processing /usr/local/python/3.12.1/lib/python3.12/site-packages/airflow/example_dags/example_display_name.py took 0.052 seconds
[2026-05-18T01:28:23.245+0000] {processor.py:186} INFO - Started process (PID=23701) to work on /usr/local/python/3.12.1/lib/python3.12/site-packages/airflow/example_dags/example_display_name.py
[2026-05-18T01:28:23.246+0000] {processor.py:914} INFO - Processing file /usr/local/python/3.12.1/lib/python3.12/site-packages/airflow/example_dags/example_display_name.py for tasks to queue
[2026-05-18T01:28:23.248+0000] {logging_mixin.py:190} INFO - [2026-05-18T01:28:23.248+0000] {dagbag.py:588} INFO - Filling up the DagBag from /usr/local/python/3.12.1/lib/python3.12/site-packages/airflow/example_dags/example_display_name.py
[2026-05-18T01:28:23.254+0000] {processor.py:925} INFO - DAG(s) 'example_display_name' retrieved from /usr/local/python/3.12.1/lib/python3.12/site-packages/airflow/example_dags/example_display_name.py
[2026-05-18T01:28:23.267+0000] {logging_mixin.py:190} INFO - [2026-05-18T01:28:23.267+0000] {dag.py:3239} INFO - Sync 1 DAGs
[2026-05-18T01:28:23.278+0000] {logging_mixin.py:190} INFO - [2026-05-18T01:28:23.277+0000] {dag.py:4180} INFO - Setting next_dagrun for example_display_name to None, run_after=None
[2026-05-18T01:28:23.295+0000] {processor.py:208} INFO - Processing /usr/local/python/3.12.1/lib/python3.12/site-packages/airflow/example_dags/example_display_name.py took 0.054 seconds
[2026-05-18T01:29:16.497+0000] {processor.py:186} INFO - Started process (PID=24154) to work on /usr/local/python/3.12.1/lib/python3.12/site-packages/airflow/example_dags/example_display_name.py
[2026-05-18T01:29:16.497+0000] {processor.py:914} INFO - Processing file /usr/local/python/3.12.1/lib/python3.12/site-packages/airflow/example_dags/example_display_name.py for tasks to queue
[2026-05-18T01:29:16.499+0000] {logging_mixin.py:190} INFO - [2026-05-18T01:29:16.499+0000] {dagbag.py:588} INFO - Filling up the DagBag from /usr/local/python/3.12.1/lib/python3.12/site-packages/airflow/example_dags/example_display_name.py
[2026-05-18T01:29:16.505+0000] {processor.py:925} INFO - DAG(s) 'example_display_name' retrieved from /usr/local/python/3.12.1/lib/python3.12/site-packages/airflow/example_dags/example_display_name.py
[2026-05-18T01:29:16.517+0000] {logging_mixin.py:190} INFO - [2026-05-18T01:29:16.517+0000] {dag.py:3239} INFO - Sync 1 DAGs
[2026-05-18T01:29:16.526+0000] {logging_mixin.py:190} INFO - [2026-05-18T01:29:16.526+0000] {dag.py:4180} INFO - Setting next_dagrun for example_display_name to None, run_after=None
[2026-05-18T01:29:16.543+0000] {processor.py:208} INFO - Processing /usr/local/python/3.12.1/lib/python3.12/site-packages/airflow/example_dags/example_display_name.py took 0.050 seconds
[2026-05-18T01:30:12.015+0000] {processor.py:186} INFO - Started process (PID=25157) to work on /usr/local/python/3.12.1/lib/python3.12/site-packages/airflow/example_dags/example_display_name.py
[2026-05-18T01:30:12.015+0000] {processor.py:914} INFO - Processing file /usr/local/python/3.12.1/lib/python3.12/site-packages/airflow/example_dags/example_display_name.py for tasks to queue
[2026-05-18T01:30:12.017+0000] {logging_mixin.py:190} INFO - [2026-05-18T01:30:12.017+0000] {dagbag.py:588} INFO - Filling up the DagBag from /usr/local/python/3.12.1/lib/python3.12/site-packages/airflow/example_dags/example_display_name.py
[2026-05-18T01:30:12.023+0000] {processor.py:925} INFO - DAG(s) 'example_display_name' retrieved from /usr/local/python/3.12.1/lib/python3.12/site-packages/airflow/example_dags/example_display_name.py
[2026-05-18T01:30:12.035+0000] {logging_mixin.py:190} INFO - [2026-05-18T01:30:12.035+0000] {dag.py:3239} INFO - Sync 1 DAGs
[2026-05-18T01:30:12.046+0000] {logging_mixin.py:190} INFO - [2026-05-18T01:30:12.045+0000] {dag.py:4180} INFO - Setting next_dagrun for example_display_name to None, run_after=None
[2026-05-18T01:30:12.062+0000] {processor.py:208} INFO - Processing /usr/local/python/3.12.1/lib/python3.12/site-packages/airflow/example_dags/example_display_name.py took 0.052 seconds
[2026-05-18T01:31:26.130+0000] {processor.py:186} INFO - Started process (PID=25788) to work on /usr/local/python/3.12.1/lib/python3.12/site-packages/airflow/example_dags/example_display_name.py
[2026-05-18T01:31:26.131+0000] {processor.py:914} INFO - Processing file /usr/local/python/3.12.1/lib/python3.12/site-packages/airflow/example_dags/example_display_name.py for tasks to queue
[2026-05-18T01:31:26.133+0000] {logging_mixin.py:190} INFO - [2026-05-18T01:31:26.133+0000] {dagbag.py:588} INFO - Filling up the DagBag from /usr/local/python/3.12.1/lib/python3.12/site-packages/airflow/example_dags/example_display_name.py
[2026-05-18T01:31:26.139+0000] {processor.py:925} INFO - DAG(s) 'example_display_name' retrieved from /usr/local/python/3.12.1/lib/python3.12/site-packages/airflow/example_dags/example_display_name.py
[2026-05-18T01:31:26.151+0000] {logging_mixin.py:190} INFO - [2026-05-18T01:31:26.151+0000] {dag.py:3239} INFO - Sync 1 DAGs
[2026-05-18T01:31:26.161+0000] {logging_mixin.py:190} INFO - [2026-05-18T01:31:26.161+0000] {dag.py:4180} INFO - Setting next_dagrun for example_display_name to None, run_after=None
[2026-05-18T01:31:26.178+0000] {processor.py:208} INFO - Processing /usr/local/python/3.12.1/lib/python3.12/site-packages/airflow/example_dags/example_display_name.py took 0.052 seconds
[2026-05-18T01:32:38.962+0000] {processor.py:186} INFO - Started process (PID=26513) to work on /usr/local/python/3.12.1/lib/python3.12/site-packages/airflow/example_dags/example_display_name.py
[2026-05-18T01:32:38.963+0000] {processor.py:914} INFO - Processing file /usr/local/python/3.12.1/lib/python3.12/site-packages/airflow/example_dags/example_display_name.py for tasks to queue
[2026-05-18T01:32:38.965+0000] {logging_mixin.py:190} INFO - [2026-05-18T01:32:38.965+0000] {dagbag.py:588} INFO - Filling up the DagBag from /usr/local/python/3.12.1/lib/python3.12/site-packages/airflow/example_dags/example_display_name.py
[2026-05-18T01:32:38.971+0000] {processor.py:925} INFO - DAG(s) 'example_display_name' retrieved from /usr/local/python/3.12.1/lib/python3.12/site-packages/airflow/example_dags/example_display_name.py
[2026-05-18T01:32:38.987+0000] {logging_mixin.py:190} INFO - [2026-05-18T01:32:38.987+0000] {dag.py:3239} INFO - Sync 1 DAGs
[2026-05-18T01:32:39.000+0000] {logging_mixin.py:190} INFO - [2026-05-18T01:32:39.000+0000] {dag.py:4180} INFO - Setting next_dagrun for example_display_name to None, run_after=None
[2026-05-18T01:32:39.044+0000] {processor.py:208} INFO - Processing /usr/local/python/3.12.1/lib/python3.12/site-packages/airflow/example_dags/example_display_name.py took 0.086 seconds
[2026-05-18T01:33:54.061+0000] {processor.py:186} INFO - Started process (PID=27317) to work on /usr/local/python/3.12.1/lib/python3.12/site-packages/airflow/example_dags/example_display_name.py
[2026-05-18T01:33:54.062+0000] {processor.py:914} INFO - Processing file /usr/local/python/3.12.1/lib/python3.12/site-packages/airflow/example_dags/example_display_name.py for tasks to queue
[2026-05-18T01:33:54.064+0000] {logging_mixin.py:190} INFO - [2026-05-18T01:33:54.063+0000] {dagbag.py:588} INFO - Filling up the DagBag from /usr/local/python/3.12.1/lib/python3.12/site-packages/airflow/example_dags/example_display_name.py
[2026-05-18T01:33:54.070+0000] {processor.py:925} INFO - DAG(s) 'example_display_name' retrieved from /usr/local/python/3.12.1/lib/python3.12/site-packages/airflow/example_dags/example_display_name.py
[2026-05-18T01:33:54.083+0000] {logging_mixin.py:190} INFO - [2026-05-18T01:33:54.083+0000] {dag.py:3239} INFO - Sync 1 DAGs
[2026-05-18T01:33:54.093+0000] {logging_mixin.py:190} INFO - [2026-05-18T01:33:54.093+0000] {dag.py:4180} INFO - Setting next_dagrun for example_display_name to None, run_after=None
[2026-05-18T01:33:54.110+0000] {processor.py:208} INFO - Processing /usr/local/python/3.12.1/lib/python3.12/site-packages/airflow/example_dags/example_display_name.py took 0.054 seconds
[2026-05-18T01:34:46.241+0000] {processor.py:186} INFO - Started process (PID=27841) to work on /usr/local/python/3.12.1/lib/python3.12/site-packages/airflow/example_dags/example_display_name.py
[2026-05-18T01:34:46.242+0000] {processor.py:914} INFO - Processing file /usr/local/python/3.12.1/lib/python3.12/site-packages/airflow/example_dags/example_display_name.py for tasks to queue
[2026-05-18T01:34:46.244+0000] {logging_mixin.py:190} INFO - [2026-05-18T01:34:46.244+0000] {dagbag.py:588} INFO - Filling up the DagBag from /usr/local/python/3.12.1/lib/python3.12/site-packages/airflow/example_dags/example_display_name.py
[2026-05-18T01:34:46.250+0000] {processor.py:925} INFO - DAG(s) 'example_display_name' retrieved from /usr/local/python/3.12.1/lib/python3.12/site-packages/airflow/example_dags/example_display_name.py
[2026-05-18T01:34:46.262+0000] {logging_mixin.py:190} INFO - [2026-05-18T01:34:46.261+0000] {dag.py:3239} INFO - Sync 1 DAGs
[2026-05-18T01:34:46.271+0000] {logging_mixin.py:190} INFO - [2026-05-18T01:34:46.271+0000] {dag.py:4180} INFO - Setting next_dagrun for example_display_name to None, run_after=None
[2026-05-18T01:34:46.287+0000] {processor.py:208} INFO - Processing /usr/local/python/3.12.1/lib/python3.12/site-packages/airflow/example_dags/example_display_name.py took 0.051 seconds
[2026-05-18T01:36:04.804+0000] {processor.py:186} INFO - Started process (PID=28774) to work on /usr/local/python/3.12.1/lib/python3.12/site-packages/airflow/example_dags/example_display_name.py
[2026-05-18T01:36:04.805+0000] {processor.py:914} INFO - Processing file /usr/local/python/3.12.1/lib/python3.12/site-packages/airflow/example_dags/example_display_name.py for tasks to queue
[2026-05-18T01:36:04.806+0000] {logging_mixin.py:190} INFO - [2026-05-18T01:36:04.806+0000] {dagbag.py:588} INFO - Filling up the DagBag from /usr/local/python/3.12.1/lib/python3.12/site-packages/airflow/example_dags/example_display_name.py
[2026-05-18T01:36:04.812+0000] {processor.py:925} INFO - DAG(s) 'example_display_name' retrieved from /usr/local/python/3.12.1/lib/python3.12/site-packages/airflow/example_dags/example_display_name.py
[2026-05-18T01:36:04.824+0000] {logging_mixin.py:190} INFO - [2026-05-18T01:36:04.824+0000] {dag.py:3239} INFO - Sync 1 DAGs
[2026-05-18T01:36:04.834+0000] {logging_mixin.py:190} INFO - [2026-05-18T01:36:04.834+0000] {dag.py:4180} INFO - Setting next_dagrun for example_display_name to None, run_after=None
[2026-05-18T01:36:04.850+0000] {processor.py:208} INFO - Processing /usr/local/python/3.12.1/lib/python3.12/site-packages/airflow/example_dags/example_display_name.py took 0.051 seconds
[2026-05-18T01:36:59.238+0000] {processor.py:186} INFO - Started process (PID=29250) to work on /usr/local/python/3.12.1/lib/python3.12/site-packages/airflow/example_dags/example_display_name.py
[2026-05-18T01:36:59.239+0000] {processor.py:914} INFO - Processing file /usr/local/python/3.12.1/lib/python3.12/site-packages/airflow/example_dags/example_display_name.py for tasks to queue
[2026-05-18T01:36:59.240+0000] {logging_mixin.py:190} INFO - [2026-05-18T01:36:59.240+0000] {dagbag.py:588} INFO - Filling up the DagBag from /usr/local/python/3.12.1/lib/python3.12/site-packages/airflow/example_dags/example_display_name.py
[2026-05-18T01:36:59.247+0000] {processor.py:925} INFO - DAG(s) 'example_display_name' retrieved from /usr/local/python/3.12.1/lib/python3.12/site-packages/airflow/example_dags/example_display_name.py
[2026-05-18T01:36:59.261+0000] {logging_mixin.py:190} INFO - [2026-05-18T01:36:59.261+0000] {dag.py:3239} INFO - Sync 1 DAGs
[2026-05-18T01:36:59.271+0000] {logging_mixin.py:190} INFO - [2026-05-18T01:36:59.270+0000] {dag.py:4180} INFO - Setting next_dagrun for example_display_name to None, run_after=None
[2026-05-18T01:36:59.287+0000] {processor.py:208} INFO - Processing /usr/local/python/3.12.1/lib/python3.12/site-packages/airflow/example_dags/example_display_name.py took 0.054 seconds
[2026-05-18T01:37:53.553+0000] {processor.py:186} INFO - Started process (PID=29762) to work on /usr/local/python/3.12.1/lib/python3.12/site-packages/airflow/example_dags/example_display_name.py
[2026-05-18T01:37:53.554+0000] {processor.py:914} INFO - Processing file /usr/local/python/3.12.1/lib/python3.12/site-packages/airflow/example_dags/example_display_name.py for tasks to queue
[2026-05-18T01:37:53.555+0000] {logging_mixin.py:190} INFO - [2026-05-18T01:37:53.555+0000] {dagbag.py:588} INFO - Filling up the DagBag from /usr/local/python/3.12.1/lib/python3.12/site-packages/airflow/example_dags/example_display_name.py
[2026-05-18T01:37:53.562+0000] {processor.py:925} INFO - DAG(s) 'example_display_name' retrieved from /usr/local/python/3.12.1/lib/python3.12/site-packages/airflow/example_dags/example_display_name.py
[2026-05-18T01:37:53.573+0000] {logging_mixin.py:190} INFO - [2026-05-18T01:37:53.573+0000] {dag.py:3239} INFO - Sync 1 DAGs
[2026-05-18T01:37:53.582+0000] {logging_mixin.py:190} INFO - [2026-05-18T01:37:53.582+0000] {dag.py:4180} INFO - Setting next_dagrun for example_display_name to None, run_after=None
[2026-05-18T01:37:53.598+0000] {processor.py:208} INFO - Processing /usr/local/python/3.12.1/lib/python3.12/site-packages/airflow/example_dags/example_display_name.py took 0.049 seconds
[2026-05-18T01:39:05.280+0000] {processor.py:186} INFO - Started process (PID=30365) to work on /usr/local/python/3.12.1/lib/python3.12/site-packages/airflow/example_dags/example_display_name.py
[2026-05-18T01:39:05.280+0000] {processor.py:914} INFO - Processing file /usr/local/python/3.12.1/lib/python3.12/site-packages/airflow/example_dags/example_display_name.py for tasks to queue
[2026-05-18T01:39:05.282+0000] {logging_mixin.py:190} INFO - [2026-05-18T01:39:05.282+0000] {dagbag.py:588} INFO - Filling up the DagBag from /usr/local/python/3.12.1/lib/python3.12/site-packages/airflow/example_dags/example_display_name.py
[2026-05-18T01:39:05.288+0000] {processor.py:925} INFO - DAG(s) 'example_display_name' retrieved from /usr/local/python/3.12.1/lib/python3.12/site-packages/airflow/example_dags/example_display_name.py
[2026-05-18T01:39:05.300+0000] {logging_mixin.py:190} INFO - [2026-05-18T01:39:05.300+0000] {dag.py:3239} INFO - Sync 1 DAGs
[2026-05-18T01:39:05.310+0000] {logging_mixin.py:190} INFO - [2026-05-18T01:39:05.310+0000] {dag.py:4180} INFO - Setting next_dagrun for example_display_name to None, run_after=None
[2026-05-18T01:39:05.326+0000] {processor.py:208} INFO - Processing /usr/local/python/3.12.1/lib/python3.12/site-packages/airflow/example_dags/example_display_name.py took 0.052 seconds
[2026-05-18T01:40:15.056+0000] {processor.py:186} INFO - Started process (PID=30957) to work on /usr/local/python/3.12.1/lib/python3.12/site-packages/airflow/example_dags/example_display_name.py
[2026-05-18T01:40:15.057+0000] {processor.py:914} INFO - Processing file /usr/local/python/3.12.1/lib/python3.12/site-packages/airflow/example_dags/example_display_name.py for tasks to queue
[2026-05-18T01:40:15.058+0000] {logging_mixin.py:190} INFO - [2026-05-18T01:40:15.058+0000] {dagbag.py:588} INFO - Filling up the DagBag from /usr/local/python/3.12.1/lib/python3.12/site-packages/airflow/example_dags/example_display_name.py
[2026-05-18T01:40:15.065+0000] {processor.py:925} INFO - DAG(s) 'example_display_name' retrieved from /usr/local/python/3.12.1/lib/python3.12/site-packages/airflow/example_dags/example_display_name.py
[2026-05-18T01:40:15.077+0000] {logging_mixin.py:190} INFO - [2026-05-18T01:40:15.077+0000] {dag.py:3239} INFO - Sync 1 DAGs
[2026-05-18T01:40:15.091+0000] {logging_mixin.py:190} INFO - [2026-05-18T01:40:15.091+0000] {dag.py:4180} INFO - Setting next_dagrun for example_display_name to None, run_after=None
[2026-05-18T01:40:15.120+0000] {processor.py:208} INFO - Processing /usr/local/python/3.12.1/lib/python3.12/site-packages/airflow/example_dags/example_display_name.py took 0.069 seconds
[2026-05-18T01:41:30.411+0000] {processor.py:186} INFO - Started process (PID=31756) to work on /usr/local/python/3.12.1/lib/python3.12/site-packages/airflow/example_dags/example_display_name.py
[2026-05-18T01:41:30.412+0000] {processor.py:914} INFO - Processing file /usr/local/python/3.12.1/lib/python3.12/site-packages/airflow/example_dags/example_display_name.py for tasks to queue
[2026-05-18T01:41:30.414+0000] {logging_mixin.py:190} INFO - [2026-05-18T01:41:30.414+0000] {dagbag.py:588} INFO - Filling up the DagBag from /usr/local/python/3.12.1/lib/python3.12/site-packages/airflow/example_dags/example_display_name.py
[2026-05-18T01:41:30.420+0000] {processor.py:925} INFO - DAG(s) 'example_display_name' retrieved from /usr/local/python/3.12.1/lib/python3.12/site-packages/airflow/example_dags/example_display_name.py
[2026-05-18T01:41:30.432+0000] {logging_mixin.py:190} INFO - [2026-05-18T01:41:30.432+0000] {dag.py:3239} INFO - Sync 1 DAGs
[2026-05-18T01:41:30.443+0000] {logging_mixin.py:190} INFO - [2026-05-18T01:41:30.443+0000] {dag.py:4180} INFO - Setting next_dagrun for example_display_name to None, run_after=None
[2026-05-18T01:41:30.461+0000] {processor.py:208} INFO - Processing /usr/local/python/3.12.1/lib/python3.12/site-packages/airflow/example_dags/example_display_name.py took 0.054 seconds
[2026-05-18T01:42:23.018+0000] {processor.py:186} INFO - Started process (PID=32264) to work on /usr/local/python/3.12.1/lib/python3.12/site-packages/airflow/example_dags/example_display_name.py
[2026-05-18T01:42:23.019+0000] {processor.py:914} INFO - Processing file /usr/local/python/3.12.1/lib/python3.12/site-packages/airflow/example_dags/example_display_name.py for tasks to queue
[2026-05-18T01:42:23.021+0000] {logging_mixin.py:190} INFO - [2026-05-18T01:42:23.021+0000] {dagbag.py:588} INFO - Filling up the DagBag from /usr/local/python/3.12.1/lib/python3.12/site-packages/airflow/example_dags/example_display_name.py
[2026-05-18T01:42:23.031+0000] {processor.py:925} INFO - DAG(s) 'example_display_name' retrieved from /usr/local/python/3.12.1/lib/python3.12/site-packages/airflow/example_dags/example_display_name.py
[2026-05-18T01:42:23.052+0000] {logging_mixin.py:190} INFO - [2026-05-18T01:42:23.051+0000] {dag.py:3239} INFO - Sync 1 DAGs
[2026-05-18T01:42:23.066+0000] {logging_mixin.py:190} INFO - [2026-05-18T01:42:23.065+0000] {dag.py:4180} INFO - Setting next_dagrun for example_display_name to None, run_after=None
[2026-05-18T01:42:23.103+0000] {processor.py:208} INFO - Processing /usr/local/python/3.12.1/lib/python3.12/site-packages/airflow/example_dags/example_display_name.py took 0.092 seconds
[2026-05-18T01:43:38.573+0000] {processor.py:186} INFO - Started process (PID=33081) to work on /usr/local/python/3.12.1/lib/python3.12/site-packages/airflow/example_dags/example_display_name.py
[2026-05-18T01:43:38.575+0000] {processor.py:914} INFO - Processing file /usr/local/python/3.12.1/lib/python3.12/site-packages/airflow/example_dags/example_display_name.py for tasks to queue
[2026-05-18T01:43:38.578+0000] {logging_mixin.py:190} INFO - [2026-05-18T01:43:38.577+0000] {dagbag.py:588} INFO - Filling up the DagBag from /usr/local/python/3.12.1/lib/python3.12/site-packages/airflow/example_dags/example_display_name.py
[2026-05-18T01:43:38.589+0000] {processor.py:925} INFO - DAG(s) 'example_display_name' retrieved from /usr/local/python/3.12.1/lib/python3.12/site-packages/airflow/example_dags/example_display_name.py
[2026-05-18T01:43:38.602+0000] {logging_mixin.py:190} INFO - [2026-05-18T01:43:38.601+0000] {dag.py:3239} INFO - Sync 1 DAGs
[2026-05-18T01:43:38.612+0000] {logging_mixin.py:190} INFO - [2026-05-18T01:43:38.612+0000] {dag.py:4180} INFO - Setting next_dagrun for example_display_name to None, run_after=None
[2026-05-18T01:43:38.629+0000] {processor.py:208} INFO - Processing /usr/local/python/3.12.1/lib/python3.12/site-packages/airflow/example_dags/example_display_name.py took 0.061 seconds
[2026-05-18T01:44:50.176+0000] {processor.py:186} INFO - Started process (PID=34056) to work on /usr/local/python/3.12.1/lib/python3.12/site-packages/airflow/example_dags/example_display_name.py
[2026-05-18T01:44:50.177+0000] {processor.py:914} INFO - Processing file /usr/local/python/3.12.1/lib/python3.12/site-packages/airflow/example_dags/example_display_name.py for tasks to queue
[2026-05-18T01:44:50.178+0000] {logging_mixin.py:190} INFO - [2026-05-18T01:44:50.178+0000] {dagbag.py:588} INFO - Filling up the DagBag from /usr/local/python/3.12.1/lib/python3.12/site-packages/airflow/example_dags/example_display_name.py
[2026-05-18T01:44:50.185+0000] {processor.py:925} INFO - DAG(s) 'example_display_name' retrieved from /usr/local/python/3.12.1/lib/python3.12/site-packages/airflow/example_dags/example_display_name.py
[2026-05-18T01:44:50.198+0000] {logging_mixin.py:190} INFO - [2026-05-18T01:44:50.198+0000] {dag.py:3239} INFO - Sync 1 DAGs
[2026-05-18T01:44:50.208+0000] {logging_mixin.py:190} INFO - [2026-05-18T01:44:50.208+0000] {dag.py:4180} INFO - Setting next_dagrun for example_display_name to None, run_after=None
[2026-05-18T01:44:50.226+0000] {processor.py:208} INFO - Processing /usr/local/python/3.12.1/lib/python3.12/site-packages/airflow/example_dags/example_display_name.py took 0.055 seconds
[2026-05-18T01:45:44.664+0000] {processor.py:186} INFO - Started process (PID=34722) to work on /usr/local/python/3.12.1/lib/python3.12/site-packages/airflow/example_dags/example_display_name.py
[2026-05-18T01:45:44.665+0000] {processor.py:914} INFO - Processing file /usr/local/python/3.12.1/lib/python3.12/site-packages/airflow/example_dags/example_display_name.py for tasks to queue
[2026-05-18T01:45:44.667+0000] {logging_mixin.py:190} INFO - [2026-05-18T01:45:44.666+0000] {dagbag.py:588} INFO - Filling up the DagBag from /usr/local/python/3.12.1/lib/python3.12/site-packages/airflow/example_dags/example_display_name.py
[2026-05-18T01:45:44.675+0000] {processor.py:925} INFO - DAG(s) 'example_display_name' retrieved from /usr/local/python/3.12.1/lib/python3.12/site-packages/airflow/example_dags/example_display_name.py
[2026-05-18T01:45:44.691+0000] {logging_mixin.py:190} INFO - [2026-05-18T01:45:44.691+0000] {dag.py:3239} INFO - Sync 1 DAGs
[2026-05-18T01:45:44.704+0000] {logging_mixin.py:190} INFO - [2026-05-18T01:45:44.704+0000] {dag.py:4180} INFO - Setting next_dagrun for example_display_name to None, run_after=None
[2026-05-18T01:45:44.724+0000] {processor.py:208} INFO - Processing /usr/local/python/3.12.1/lib/python3.12/site-packages/airflow/example_dags/example_display_name.py took 0.066 seconds
[2026-05-18T01:46:40.172+0000] {processor.py:186} INFO - Started process (PID=35367) to work on /usr/local/python/3.12.1/lib/python3.12/site-packages/airflow/example_dags/example_display_name.py
[2026-05-18T01:46:40.173+0000] {processor.py:914} INFO - Processing file /usr/local/python/3.12.1/lib/python3.12/site-packages/airflow/example_dags/example_display_name.py for tasks to queue
[2026-05-18T01:46:40.175+0000] {logging_mixin.py:190} INFO - [2026-05-18T01:46:40.175+0000] {dagbag.py:588} INFO - Filling up the DagBag from /usr/local/python/3.12.1/lib/python3.12/site-packages/airflow/example_dags/example_display_name.py
[2026-05-18T01:46:40.183+0000] {processor.py:925} INFO - DAG(s) 'example_display_name' retrieved from /usr/local/python/3.12.1/lib/python3.12/site-packages/airflow/example_dags/example_display_name.py
[2026-05-18T01:46:40.196+0000] {logging_mixin.py:190} INFO - [2026-05-18T01:46:40.196+0000] {dag.py:3239} INFO - Sync 1 DAGs
[2026-05-18T01:46:40.206+0000] {logging_mixin.py:190} INFO - [2026-05-18T01:46:40.206+0000] {dag.py:4180} INFO - Setting next_dagrun for example_display_name to None, run_after=None
[2026-05-18T01:46:40.222+0000] {processor.py:208} INFO - Processing /usr/local/python/3.12.1/lib/python3.12/site-packages/airflow/example_dags/example_display_name.py took 0.056 seconds
[2026-05-18T01:47:58.630+0000] {processor.py:186} INFO - Started process (PID=36114) to work on /usr/local/python/3.12.1/lib/python3.12/site-packages/airflow/example_dags/example_display_name.py
[2026-05-18T01:47:58.633+0000] {processor.py:914} INFO - Processing file /usr/local/python/3.12.1/lib/python3.12/site-packages/airflow/example_dags/example_display_name.py for tasks to queue
[2026-05-18T01:47:58.635+0000] {logging_mixin.py:190} INFO - [2026-05-18T01:47:58.635+0000] {dagbag.py:588} INFO - Filling up the DagBag from /usr/local/python/3.12.1/lib/python3.12/site-packages/airflow/example_dags/example_display_name.py
[2026-05-18T01:47:58.642+0000] {processor.py:925} INFO - DAG(s) 'example_display_name' retrieved from /usr/local/python/3.12.1/lib/python3.12/site-packages/airflow/example_dags/example_display_name.py
[2026-05-18T01:47:58.654+0000] {logging_mixin.py:190} INFO - [2026-05-18T01:47:58.654+0000] {dag.py:3239} INFO - Sync 1 DAGs
[2026-05-18T01:47:58.669+0000] {logging_mixin.py:190} INFO - [2026-05-18T01:47:58.669+0000] {dag.py:4180} INFO - Setting next_dagrun for example_display_name to None, run_after=None
[2026-05-18T01:47:58.693+0000] {processor.py:208} INFO - Processing /usr/local/python/3.12.1/lib/python3.12/site-packages/airflow/example_dags/example_display_name.py took 0.069 seconds
[2026-05-18T01:48:53.595+0000] {processor.py:186} INFO - Started process (PID=37034) to work on /usr/local/python/3.12.1/lib/python3.12/site-packages/airflow/example_dags/example_display_name.py
[2026-05-18T01:48:53.596+0000] {processor.py:914} INFO - Processing file /usr/local/python/3.12.1/lib/python3.12/site-packages/airflow/example_dags/example_display_name.py for tasks to queue
[2026-05-18T01:48:53.598+0000] {logging_mixin.py:190} INFO - [2026-05-18T01:48:53.598+0000] {dagbag.py:588} INFO - Filling up the DagBag from /usr/local/python/3.12.1/lib/python3.12/site-packages/airflow/example_dags/example_display_name.py
[2026-05-18T01:48:53.605+0000] {processor.py:925} INFO - DAG(s) 'example_display_name' retrieved from /usr/local/python/3.12.1/lib/python3.12/site-packages/airflow/example_dags/example_display_name.py
[2026-05-18T01:48:53.617+0000] {logging_mixin.py:190} INFO - [2026-05-18T01:48:53.617+0000] {dag.py:3239} INFO - Sync 1 DAGs
[2026-05-18T01:48:53.627+0000] {logging_mixin.py:190} INFO - [2026-05-18T01:48:53.627+0000] {dag.py:4180} INFO - Setting next_dagrun for example_display_name to None, run_after=None
[2026-05-18T01:48:53.644+0000] {processor.py:208} INFO - Processing /usr/local/python/3.12.1/lib/python3.12/site-packages/airflow/example_dags/example_display_name.py took 0.053 seconds
[2026-05-18T01:49:44.175+0000] {processor.py:186} INFO - Started process (PID=37676) to work on /usr/local/python/3.12.1/lib/python3.12/site-packages/airflow/example_dags/example_display_name.py
[2026-05-18T01:49:44.176+0000] {processor.py:914} INFO - Processing file /usr/local/python/3.12.1/lib/python3.12/site-packages/airflow/example_dags/example_display_name.py for tasks to queue
[2026-05-18T01:49:44.178+0000] {logging_mixin.py:190} INFO - [2026-05-18T01:49:44.177+0000] {dagbag.py:588} INFO - Filling up the DagBag from /usr/local/python/3.12.1/lib/python3.12/site-packages/airflow/example_dags/example_display_name.py
[2026-05-18T01:49:44.184+0000] {processor.py:925} INFO - DAG(s) 'example_display_name' retrieved from /usr/local/python/3.12.1/lib/python3.12/site-packages/airflow/example_dags/example_display_name.py
[2026-05-18T01:49:44.196+0000] {logging_mixin.py:190} INFO - [2026-05-18T01:49:44.196+0000] {dag.py:3239} INFO - Sync 1 DAGs
[2026-05-18T01:49:44.208+0000] {logging_mixin.py:190} INFO - [2026-05-18T01:49:44.208+0000] {dag.py:4180} INFO - Setting next_dagrun for example_display_name to None, run_after=None
[2026-05-18T01:49:44.240+0000] {processor.py:208} INFO - Processing /usr/local/python/3.12.1/lib/python3.12/site-packages/airflow/example_dags/example_display_name.py took 0.069 seconds
[2026-05-18T01:50:35.848+0000] {processor.py:186} INFO - Started process (PID=38345) to work on /usr/local/python/3.12.1/lib/python3.12/site-packages/airflow/example_dags/example_display_name.py
[2026-05-18T01:50:35.848+0000] {processor.py:914} INFO - Processing file /usr/local/python/3.12.1/lib/python3.12/site-packages/airflow/example_dags/example_display_name.py for tasks to queue
[2026-05-18T01:50:35.851+0000] {logging_mixin.py:190} INFO - [2026-05-18T01:50:35.850+0000] {dagbag.py:588} INFO - Filling up the DagBag from /usr/local/python/3.12.1/lib/python3.12/site-packages/airflow/example_dags/example_display_name.py
[2026-05-18T01:50:35.857+0000] {processor.py:925} INFO - DAG(s) 'example_display_name' retrieved from /usr/local/python/3.12.1/lib/python3.12/site-packages/airflow/example_dags/example_display_name.py
[2026-05-18T01:50:35.869+0000] {logging_mixin.py:190} INFO - [2026-05-18T01:50:35.868+0000] {dag.py:3239} INFO - Sync 1 DAGs
[2026-05-18T01:50:35.878+0000] {logging_mixin.py:190} INFO - [2026-05-18T01:50:35.878+0000] {dag.py:4180} INFO - Setting next_dagrun for example_display_name to None, run_after=None
[2026-05-18T01:50:35.896+0000] {processor.py:208} INFO - Processing /usr/local/python/3.12.1/lib/python3.12/site-packages/airflow/example_dags/example_display_name.py took 0.053 seconds
[2026-05-18T01:51:29.036+0000] {processor.py:186} INFO - Started process (PID=38857) to work on /usr/local/python/3.12.1/lib/python3.12/site-packages/airflow/example_dags/example_display_name.py
[2026-05-18T01:51:29.037+0000] {processor.py:914} INFO - Processing file /usr/local/python/3.12.1/lib/python3.12/site-packages/airflow/example_dags/example_display_name.py for tasks to queue
[2026-05-18T01:51:29.039+0000] {logging_mixin.py:190} INFO - [2026-05-18T01:51:29.039+0000] {dagbag.py:588} INFO - Filling up the DagBag from /usr/local/python/3.12.1/lib/python3.12/site-packages/airflow/example_dags/example_display_name.py
[2026-05-18T01:51:29.045+0000] {processor.py:925} INFO - DAG(s) 'example_display_name' retrieved from /usr/local/python/3.12.1/lib/python3.12/site-packages/airflow/example_dags/example_display_name.py
[2026-05-18T01:51:29.057+0000] {logging_mixin.py:190} INFO - [2026-05-18T01:51:29.057+0000] {dag.py:3239} INFO - Sync 1 DAGs
[2026-05-18T01:51:29.069+0000] {logging_mixin.py:190} INFO - [2026-05-18T01:51:29.068+0000] {dag.py:4180} INFO - Setting next_dagrun for example_display_name to None, run_after=None
[2026-05-18T01:51:29.087+0000] {processor.py:208} INFO - Processing /usr/local/python/3.12.1/lib/python3.12/site-packages/airflow/example_dags/example_display_name.py took 0.055 seconds
[2026-05-18T01:52:21.082+0000] {processor.py:186} INFO - Started process (PID=39309) to work on /usr/local/python/3.12.1/lib/python3.12/site-packages/airflow/example_dags/example_display_name.py
[2026-05-18T01:52:21.083+0000] {processor.py:914} INFO - Processing file /usr/local/python/3.12.1/lib/python3.12/site-packages/airflow/example_dags/example_display_name.py for tasks to queue
[2026-05-18T01:52:21.085+0000] {logging_mixin.py:190} INFO - [2026-05-18T01:52:21.085+0000] {dagbag.py:588} INFO - Filling up the DagBag from /usr/local/python/3.12.1/lib/python3.12/site-packages/airflow/example_dags/example_display_name.py
[2026-05-18T01:52:21.091+0000] {processor.py:925} INFO - DAG(s) 'example_display_name' retrieved from /usr/local/python/3.12.1/lib/python3.12/site-packages/airflow/example_dags/example_display_name.py
[2026-05-18T01:52:21.103+0000] {logging_mixin.py:190} INFO - [2026-05-18T01:52:21.103+0000] {dag.py:3239} INFO - Sync 1 DAGs
[2026-05-18T01:52:21.112+0000] {logging_mixin.py:190} INFO - [2026-05-18T01:52:21.112+0000] {dag.py:4180} INFO - Setting next_dagrun for example_display_name to None, run_after=None
[2026-05-18T01:52:21.130+0000] {processor.py:208} INFO - Processing /usr/local/python/3.12.1/lib/python3.12/site-packages/airflow/example_dags/example_display_name.py took 0.053 seconds
[2026-05-18T01:53:11.946+0000] {processor.py:186} INFO - Started process (PID=39759) to work on /usr/local/python/3.12.1/lib/python3.12/site-packages/airflow/example_dags/example_display_name.py
[2026-05-18T01:53:11.947+0000] {processor.py:914} INFO - Processing file /usr/local/python/3.12.1/lib/python3.12/site-packages/airflow/example_dags/example_display_name.py for tasks to queue
[2026-05-18T01:53:11.949+0000] {logging_mixin.py:190} INFO - [2026-05-18T01:53:11.949+0000] {dagbag.py:588} INFO - Filling up the DagBag from /usr/local/python/3.12.1/lib/python3.12/site-packages/airflow/example_dags/example_display_name.py
[2026-05-18T01:53:11.955+0000] {processor.py:925} INFO - DAG(s) 'example_display_name' retrieved from /usr/local/python/3.12.1/lib/python3.12/site-packages/airflow/example_dags/example_display_name.py
[2026-05-18T01:53:11.969+0000] {logging_mixin.py:190} INFO - [2026-05-18T01:53:11.969+0000] {dag.py:3239} INFO - Sync 1 DAGs
[2026-05-18T01:53:11.980+0000] {logging_mixin.py:190} INFO - [2026-05-18T01:53:11.980+0000] {dag.py:4180} INFO - Setting next_dagrun for example_display_name to None, run_after=None
[2026-05-18T01:53:11.997+0000] {processor.py:208} INFO - Processing /usr/local/python/3.12.1/lib/python3.12/site-packages/airflow/example_dags/example_display_name.py took 0.055 seconds
[2026-05-18T01:54:02.950+0000] {processor.py:186} INFO - Started process (PID=40143) to work on /usr/local/python/3.12.1/lib/python3.12/site-packages/airflow/example_dags/example_display_name.py
[2026-05-18T01:54:02.950+0000] {processor.py:914} INFO - Processing file /usr/local/python/3.12.1/lib/python3.12/site-packages/airflow/example_dags/example_display_name.py for tasks to queue
[2026-05-18T01:54:02.952+0000] {logging_mixin.py:190} INFO - [2026-05-18T01:54:02.952+0000] {dagbag.py:588} INFO - Filling up the DagBag from /usr/local/python/3.12.1/lib/python3.12/site-packages/airflow/example_dags/example_display_name.py
[2026-05-18T01:54:02.959+0000] {processor.py:925} INFO - DAG(s) 'example_display_name' retrieved from /usr/local/python/3.12.1/lib/python3.12/site-packages/airflow/example_dags/example_display_name.py
[2026-05-18T01:54:02.971+0000] {logging_mixin.py:190} INFO - [2026-05-18T01:54:02.971+0000] {dag.py:3239} INFO - Sync 1 DAGs
[2026-05-18T01:54:02.981+0000] {logging_mixin.py:190} INFO - [2026-05-18T01:54:02.981+0000] {dag.py:4180} INFO - Setting next_dagrun for example_display_name to None, run_after=None
[2026-05-18T01:54:02.998+0000] {processor.py:208} INFO - Processing /usr/local/python/3.12.1/lib/python3.12/site-packages/airflow/example_dags/example_display_name.py took 0.053 seconds
[2026-05-18T13:41:28.883+0000] {processor.py:186} INFO - Started process (PID=5239) to work on /usr/local/python/3.12.1/lib/python3.12/site-packages/airflow/example_dags/example_display_name.py
[2026-05-18T13:41:28.886+0000] {processor.py:914} INFO - Processing file /usr/local/python/3.12.1/lib/python3.12/site-packages/airflow/example_dags/example_display_name.py for tasks to queue
[2026-05-18T13:41:28.888+0000] {logging_mixin.py:190} INFO - [2026-05-18T13:41:28.888+0000] {dagbag.py:588} INFO - Filling up the DagBag from /usr/local/python/3.12.1/lib/python3.12/site-packages/airflow/example_dags/example_display_name.py
[2026-05-18T13:41:28.894+0000] {processor.py:925} INFO - DAG(s) 'example_display_name' retrieved from /usr/local/python/3.12.1/lib/python3.12/site-packages/airflow/example_dags/example_display_name.py
[2026-05-18T13:41:28.909+0000] {logging_mixin.py:190} INFO - [2026-05-18T13:41:28.909+0000] {dag.py:3239} INFO - Sync 1 DAGs
[2026-05-18T13:41:28.928+0000] {logging_mixin.py:190} INFO - [2026-05-18T13:41:28.927+0000] {dag.py:4180} INFO - Setting next_dagrun for example_display_name to None, run_after=None
[2026-05-18T13:41:28.958+0000] {processor.py:208} INFO - Processing /usr/local/python/3.12.1/lib/python3.12/site-packages/airflow/example_dags/example_display_name.py took 0.081 seconds
[2026-05-18T13:42:22.697+0000] {processor.py:186} INFO - Started process (PID=5899) to work on /usr/local/python/3.12.1/lib/python3.12/site-packages/airflow/example_dags/example_display_name.py
[2026-05-18T13:42:22.698+0000] {processor.py:914} INFO - Processing file /usr/local/python/3.12.1/lib/python3.12/site-packages/airflow/example_dags/example_display_name.py for tasks to queue
[2026-05-18T13:42:22.700+0000] {logging_mixin.py:190} INFO - [2026-05-18T13:42:22.699+0000] {dagbag.py:588} INFO - Filling up the DagBag from /usr/local/python/3.12.1/lib/python3.12/site-packages/airflow/example_dags/example_display_name.py
[2026-05-18T13:42:22.708+0000] {processor.py:925} INFO - DAG(s) 'example_display_name' retrieved from /usr/local/python/3.12.1/lib/python3.12/site-packages/airflow/example_dags/example_display_name.py
[2026-05-18T13:42:22.721+0000] {logging_mixin.py:190} INFO - [2026-05-18T13:42:22.720+0000] {dag.py:3239} INFO - Sync 1 DAGs
[2026-05-18T13:42:22.730+0000] {logging_mixin.py:190} INFO - [2026-05-18T13:42:22.730+0000] {dag.py:4180} INFO - Setting next_dagrun for example_display_name to None, run_after=None
[2026-05-18T13:42:22.747+0000] {processor.py:208} INFO - Processing /usr/local/python/3.12.1/lib/python3.12/site-packages/airflow/example_dags/example_display_name.py took 0.054 seconds
[2026-05-18T13:43:17.362+0000] {processor.py:186} INFO - Started process (PID=6398) to work on /usr/local/python/3.12.1/lib/python3.12/site-packages/airflow/example_dags/example_display_name.py
[2026-05-18T13:43:17.363+0000] {processor.py:914} INFO - Processing file /usr/local/python/3.12.1/lib/python3.12/site-packages/airflow/example_dags/example_display_name.py for tasks to queue
[2026-05-18T13:43:17.364+0000] {logging_mixin.py:190} INFO - [2026-05-18T13:43:17.364+0000] {dagbag.py:588} INFO - Filling up the DagBag from /usr/local/python/3.12.1/lib/python3.12/site-packages/airflow/example_dags/example_display_name.py
[2026-05-18T13:43:17.371+0000] {processor.py:925} INFO - DAG(s) 'example_display_name' retrieved from /usr/local/python/3.12.1/lib/python3.12/site-packages/airflow/example_dags/example_display_name.py
[2026-05-18T13:43:17.382+0000] {logging_mixin.py:190} INFO - [2026-05-18T13:43:17.382+0000] {dag.py:3239} INFO - Sync 1 DAGs
[2026-05-18T13:43:17.392+0000] {logging_mixin.py:190} INFO - [2026-05-18T13:43:17.392+0000] {dag.py:4180} INFO - Setting next_dagrun for example_display_name to None, run_after=None
[2026-05-18T13:43:17.410+0000] {processor.py:208} INFO - Processing /usr/local/python/3.12.1/lib/python3.12/site-packages/airflow/example_dags/example_display_name.py took 0.052 seconds
[2026-05-18T13:44:31.777+0000] {processor.py:186} INFO - Started process (PID=7153) to work on /usr/local/python/3.12.1/lib/python3.12/site-packages/airflow/example_dags/example_display_name.py
[2026-05-18T13:44:31.777+0000] {processor.py:914} INFO - Processing file /usr/local/python/3.12.1/lib/python3.12/site-packages/airflow/example_dags/example_display_name.py for tasks to queue
[2026-05-18T13:44:31.779+0000] {logging_mixin.py:190} INFO - [2026-05-18T13:44:31.779+0000] {dagbag.py:588} INFO - Filling up the DagBag from /usr/local/python/3.12.1/lib/python3.12/site-packages/airflow/example_dags/example_display_name.py
[2026-05-18T13:44:31.786+0000] {processor.py:925} INFO - DAG(s) 'example_display_name' retrieved from /usr/local/python/3.12.1/lib/python3.12/site-packages/airflow/example_dags/example_display_name.py
[2026-05-18T13:44:31.800+0000] {logging_mixin.py:190} INFO - [2026-05-18T13:44:31.799+0000] {dag.py:3239} INFO - Sync 1 DAGs
[2026-05-18T13:44:31.810+0000] {logging_mixin.py:190} INFO - [2026-05-18T13:44:31.810+0000] {dag.py:4180} INFO - Setting next_dagrun for example_display_name to None, run_after=None
[2026-05-18T13:44:31.827+0000] {processor.py:208} INFO - Processing /usr/local/python/3.12.1/lib/python3.12/site-packages/airflow/example_dags/example_display_name.py took 0.055 seconds
[2026-05-18T13:45:46.473+0000] {processor.py:186} INFO - Started process (PID=7875) to work on /usr/local/python/3.12.1/lib/python3.12/site-packages/airflow/example_dags/example_display_name.py
[2026-05-18T13:45:46.475+0000] {processor.py:914} INFO - Processing file /usr/local/python/3.12.1/lib/python3.12/site-packages/airflow/example_dags/example_display_name.py for tasks to queue
[2026-05-18T13:45:46.477+0000] {logging_mixin.py:190} INFO - [2026-05-18T13:45:46.477+0000] {dagbag.py:588} INFO - Filling up the DagBag from /usr/local/python/3.12.1/lib/python3.12/site-packages/airflow/example_dags/example_display_name.py
[2026-05-18T13:45:46.486+0000] {processor.py:925} INFO - DAG(s) 'example_display_name' retrieved from /usr/local/python/3.12.1/lib/python3.12/site-packages/airflow/example_dags/example_display_name.py
[2026-05-18T13:45:46.506+0000] {logging_mixin.py:190} INFO - [2026-05-18T13:45:46.506+0000] {dag.py:3239} INFO - Sync 1 DAGs
[2026-05-18T13:45:46.522+0000] {logging_mixin.py:190} INFO - [2026-05-18T13:45:46.522+0000] {dag.py:4180} INFO - Setting next_dagrun for example_display_name to None, run_after=None
[2026-05-18T13:45:46.549+0000] {processor.py:208} INFO - Processing /usr/local/python/3.12.1/lib/python3.12/site-packages/airflow/example_dags/example_display_name.py took 0.082 seconds
[2026-05-18T13:46:39.277+0000] {processor.py:186} INFO - Started process (PID=8417) to work on /usr/local/python/3.12.1/lib/python3.12/site-packages/airflow/example_dags/example_display_name.py
[2026-05-18T13:46:39.278+0000] {processor.py:914} INFO - Processing file /usr/local/python/3.12.1/lib/python3.12/site-packages/airflow/example_dags/example_display_name.py for tasks to queue
[2026-05-18T13:46:39.279+0000] {logging_mixin.py:190} INFO - [2026-05-18T13:46:39.279+0000] {dagbag.py:588} INFO - Filling up the DagBag from /usr/local/python/3.12.1/lib/python3.12/site-packages/airflow/example_dags/example_display_name.py
[2026-05-18T13:46:39.285+0000] {processor.py:925} INFO - DAG(s) 'example_display_name' retrieved from /usr/local/python/3.12.1/lib/python3.12/site-packages/airflow/example_dags/example_display_name.py
[2026-05-18T13:46:39.297+0000] {logging_mixin.py:190} INFO - [2026-05-18T13:46:39.297+0000] {dag.py:3239} INFO - Sync 1 DAGs
[2026-05-18T13:46:39.306+0000] {logging_mixin.py:190} INFO - [2026-05-18T13:46:39.306+0000] {dag.py:4180} INFO - Setting next_dagrun for example_display_name to None, run_after=None
[2026-05-18T13:46:39.322+0000] {processor.py:208} INFO - Processing /usr/local/python/3.12.1/lib/python3.12/site-packages/airflow/example_dags/example_display_name.py took 0.051 seconds
[2026-05-18T13:47:51.100+0000] {processor.py:186} INFO - Started process (PID=9090) to work on /usr/local/python/3.12.1/lib/python3.12/site-packages/airflow/example_dags/example_display_name.py
[2026-05-18T13:47:51.100+0000] {processor.py:914} INFO - Processing file /usr/local/python/3.12.1/lib/python3.12/site-packages/airflow/example_dags/example_display_name.py for tasks to queue
[2026-05-18T13:47:51.102+0000] {logging_mixin.py:190} INFO - [2026-05-18T13:47:51.102+0000] {dagbag.py:588} INFO - Filling up the DagBag from /usr/local/python/3.12.1/lib/python3.12/site-packages/airflow/example_dags/example_display_name.py
[2026-05-18T13:47:51.108+0000] {processor.py:925} INFO - DAG(s) 'example_display_name' retrieved from /usr/local/python/3.12.1/lib/python3.12/site-packages/airflow/example_dags/example_display_name.py
[2026-05-18T13:47:51.120+0000] {logging_mixin.py:190} INFO - [2026-05-18T13:47:51.120+0000] {dag.py:3239} INFO - Sync 1 DAGs
[2026-05-18T13:47:51.131+0000] {logging_mixin.py:190} INFO - [2026-05-18T13:47:51.130+0000] {dag.py:4180} INFO - Setting next_dagrun for example_display_name to None, run_after=None
[2026-05-18T13:47:51.147+0000] {processor.py:208} INFO - Processing /usr/local/python/3.12.1/lib/python3.12/site-packages/airflow/example_dags/example_display_name.py took 0.051 seconds
[2026-05-18T13:49:05.360+0000] {processor.py:186} INFO - Started process (PID=9719) to work on /usr/local/python/3.12.1/lib/python3.12/site-packages/airflow/example_dags/example_display_name.py
[2026-05-18T13:49:05.360+0000] {processor.py:914} INFO - Processing file /usr/local/python/3.12.1/lib/python3.12/site-packages/airflow/example_dags/example_display_name.py for tasks to queue
[2026-05-18T13:49:05.362+0000] {logging_mixin.py:190} INFO - [2026-05-18T13:49:05.362+0000] {dagbag.py:588} INFO - Filling up the DagBag from /usr/local/python/3.12.1/lib/python3.12/site-packages/airflow/example_dags/example_display_name.py
[2026-05-18T13:49:05.368+0000] {processor.py:925} INFO - DAG(s) 'example_display_name' retrieved from /usr/local/python/3.12.1/lib/python3.12/site-packages/airflow/example_dags/example_display_name.py
[2026-05-18T13:49:05.379+0000] {logging_mixin.py:190} INFO - [2026-05-18T13:49:05.379+0000] {dag.py:3239} INFO - Sync 1 DAGs
[2026-05-18T13:49:05.388+0000] {logging_mixin.py:190} INFO - [2026-05-18T13:49:05.388+0000] {dag.py:4180} INFO - Setting next_dagrun for example_display_name to None, run_after=None
[2026-05-18T13:49:05.404+0000] {processor.py:208} INFO - Processing /usr/local/python/3.12.1/lib/python3.12/site-packages/airflow/example_dags/example_display_name.py took 0.049 seconds
[2026-05-18T13:49:56.102+0000] {processor.py:186} INFO - Started process (PID=10171) to work on /usr/local/python/3.12.1/lib/python3.12/site-packages/airflow/example_dags/example_display_name.py
[2026-05-18T13:49:56.103+0000] {processor.py:914} INFO - Processing file /usr/local/python/3.12.1/lib/python3.12/site-packages/airflow/example_dags/example_display_name.py for tasks to queue
[2026-05-18T13:49:56.104+0000] {logging_mixin.py:190} INFO - [2026-05-18T13:49:56.104+0000] {dagbag.py:588} INFO - Filling up the DagBag from /usr/local/python/3.12.1/lib/python3.12/site-packages/airflow/example_dags/example_display_name.py
[2026-05-18T13:49:56.110+0000] {processor.py:925} INFO - DAG(s) 'example_display_name' retrieved from /usr/local/python/3.12.1/lib/python3.12/site-packages/airflow/example_dags/example_display_name.py
[2026-05-18T13:49:56.122+0000] {logging_mixin.py:190} INFO - [2026-05-18T13:49:56.122+0000] {dag.py:3239} INFO - Sync 1 DAGs
[2026-05-18T13:49:56.131+0000] {logging_mixin.py:190} INFO - [2026-05-18T13:49:56.131+0000] {dag.py:4180} INFO - Setting next_dagrun for example_display_name to None, run_after=None
[2026-05-18T13:49:56.147+0000] {processor.py:208} INFO - Processing /usr/local/python/3.12.1/lib/python3.12/site-packages/airflow/example_dags/example_display_name.py took 0.049 seconds
[2026-05-18T13:51:06.584+0000] {processor.py:186} INFO - Started process (PID=10837) to work on /usr/local/python/3.12.1/lib/python3.12/site-packages/airflow/example_dags/example_display_name.py
[2026-05-18T13:51:06.585+0000] {processor.py:914} INFO - Processing file /usr/local/python/3.12.1/lib/python3.12/site-packages/airflow/example_dags/example_display_name.py for tasks to queue
[2026-05-18T13:51:06.586+0000] {logging_mixin.py:190} INFO - [2026-05-18T13:51:06.586+0000] {dagbag.py:588} INFO - Filling up the DagBag from /usr/local/python/3.12.1/lib/python3.12/site-packages/airflow/example_dags/example_display_name.py
[2026-05-18T13:51:06.592+0000] {processor.py:925} INFO - DAG(s) 'example_display_name' retrieved from /usr/local/python/3.12.1/lib/python3.12/site-packages/airflow/example_dags/example_display_name.py
[2026-05-18T13:51:06.604+0000] {logging_mixin.py:190} INFO - [2026-05-18T13:51:06.604+0000] {dag.py:3239} INFO - Sync 1 DAGs
[2026-05-18T13:51:06.613+0000] {logging_mixin.py:190} INFO - [2026-05-18T13:51:06.613+0000] {dag.py:4180} INFO - Setting next_dagrun for example_display_name to None, run_after=None
[2026-05-18T13:51:06.630+0000] {processor.py:208} INFO - Processing /usr/local/python/3.12.1/lib/python3.12/site-packages/airflow/example_dags/example_display_name.py took 0.050 seconds
[2026-05-18T13:52:22.151+0000] {processor.py:186} INFO - Started process (PID=11472) to work on /usr/local/python/3.12.1/lib/python3.12/site-packages/airflow/example_dags/example_display_name.py
[2026-05-18T13:52:22.152+0000] {processor.py:914} INFO - Processing file /usr/local/python/3.12.1/lib/python3.12/site-packages/airflow/example_dags/example_display_name.py for tasks to queue
[2026-05-18T13:52:22.153+0000] {logging_mixin.py:190} INFO - [2026-05-18T13:52:22.153+0000] {dagbag.py:588} INFO - Filling up the DagBag from /usr/local/python/3.12.1/lib/python3.12/site-packages/airflow/example_dags/example_display_name.py
[2026-05-18T13:52:22.159+0000] {processor.py:925} INFO - DAG(s) 'example_display_name' retrieved from /usr/local/python/3.12.1/lib/python3.12/site-packages/airflow/example_dags/example_display_name.py
[2026-05-18T13:52:22.171+0000] {logging_mixin.py:190} INFO - [2026-05-18T13:52:22.171+0000] {dag.py:3239} INFO - Sync 1 DAGs
[2026-05-18T13:52:22.181+0000] {logging_mixin.py:190} INFO - [2026-05-18T13:52:22.181+0000] {dag.py:4180} INFO - Setting next_dagrun for example_display_name to None, run_after=None
[2026-05-18T13:52:22.197+0000] {processor.py:208} INFO - Processing /usr/local/python/3.12.1/lib/python3.12/site-packages/airflow/example_dags/example_display_name.py took 0.051 seconds
[2026-05-18T13:53:37.816+0000] {processor.py:186} INFO - Started process (PID=12132) to work on /usr/local/python/3.12.1/lib/python3.12/site-packages/airflow/example_dags/example_display_name.py
[2026-05-18T13:53:37.816+0000] {processor.py:914} INFO - Processing file /usr/local/python/3.12.1/lib/python3.12/site-packages/airflow/example_dags/example_display_name.py for tasks to queue
[2026-05-18T13:53:37.818+0000] {logging_mixin.py:190} INFO - [2026-05-18T13:53:37.818+0000] {dagbag.py:588} INFO - Filling up the DagBag from /usr/local/python/3.12.1/lib/python3.12/site-packages/airflow/example_dags/example_display_name.py
[2026-05-18T13:53:37.825+0000] {processor.py:925} INFO - DAG(s) 'example_display_name' retrieved from /usr/local/python/3.12.1/lib/python3.12/site-packages/airflow/example_dags/example_display_name.py
[2026-05-18T13:53:37.837+0000] {logging_mixin.py:190} INFO - [2026-05-18T13:53:37.837+0000] {dag.py:3239} INFO - Sync 1 DAGs
[2026-05-18T13:53:37.850+0000] {logging_mixin.py:190} INFO - [2026-05-18T13:53:37.850+0000] {dag.py:4180} INFO - Setting next_dagrun for example_display_name to None, run_after=None
[2026-05-18T13:53:37.885+0000] {processor.py:208} INFO - Processing /usr/local/python/3.12.1/lib/python3.12/site-packages/airflow/example_dags/example_display_name.py took 0.073 seconds
[2026-05-18T13:54:52.073+0000] {processor.py:186} INFO - Started process (PID=12814) to work on /usr/local/python/3.12.1/lib/python3.12/site-packages/airflow/example_dags/example_display_name.py
[2026-05-18T13:54:52.074+0000] {processor.py:914} INFO - Processing file /usr/local/python/3.12.1/lib/python3.12/site-packages/airflow/example_dags/example_display_name.py for tasks to queue
[2026-05-18T13:54:52.075+0000] {logging_mixin.py:190} INFO - [2026-05-18T13:54:52.075+0000] {dagbag.py:588} INFO - Filling up the DagBag from /usr/local/python/3.12.1/lib/python3.12/site-packages/airflow/example_dags/example_display_name.py
[2026-05-18T13:54:52.081+0000] {processor.py:925} INFO - DAG(s) 'example_display_name' retrieved from /usr/local/python/3.12.1/lib/python3.12/site-packages/airflow/example_dags/example_display_name.py
[2026-05-18T13:54:52.093+0000] {logging_mixin.py:190} INFO - [2026-05-18T13:54:52.092+0000] {dag.py:3239} INFO - Sync 1 DAGs
[2026-05-18T13:54:52.102+0000] {logging_mixin.py:190} INFO - [2026-05-18T13:54:52.102+0000] {dag.py:4180} INFO - Setting next_dagrun for example_display_name to None, run_after=None
[2026-05-18T13:54:52.118+0000] {processor.py:208} INFO - Processing /usr/local/python/3.12.1/lib/python3.12/site-packages/airflow/example_dags/example_display_name.py took 0.049 seconds
[2026-05-18T13:56:05.179+0000] {processor.py:186} INFO - Started process (PID=13500) to work on /usr/local/python/3.12.1/lib/python3.12/site-packages/airflow/example_dags/example_display_name.py
[2026-05-18T13:56:05.180+0000] {processor.py:914} INFO - Processing file /usr/local/python/3.12.1/lib/python3.12/site-packages/airflow/example_dags/example_display_name.py for tasks to queue
[2026-05-18T13:56:05.181+0000] {logging_mixin.py:190} INFO - [2026-05-18T13:56:05.181+0000] {dagbag.py:588} INFO - Filling up the DagBag from /usr/local/python/3.12.1/lib/python3.12/site-packages/airflow/example_dags/example_display_name.py
[2026-05-18T13:56:05.187+0000] {processor.py:925} INFO - DAG(s) 'example_display_name' retrieved from /usr/local/python/3.12.1/lib/python3.12/site-packages/airflow/example_dags/example_display_name.py
[2026-05-18T13:56:05.200+0000] {logging_mixin.py:190} INFO - [2026-05-18T13:56:05.200+0000] {dag.py:3239} INFO - Sync 1 DAGs
[2026-05-18T13:56:05.213+0000] {logging_mixin.py:190} INFO - [2026-05-18T13:56:05.212+0000] {dag.py:4180} INFO - Setting next_dagrun for example_display_name to None, run_after=None
[2026-05-18T13:56:05.230+0000] {processor.py:208} INFO - Processing /usr/local/python/3.12.1/lib/python3.12/site-packages/airflow/example_dags/example_display_name.py took 0.055 seconds
[2026-05-18T13:57:15.113+0000] {processor.py:186} INFO - Started process (PID=14102) to work on /usr/local/python/3.12.1/lib/python3.12/site-packages/airflow/example_dags/example_display_name.py
[2026-05-18T13:57:15.113+0000] {processor.py:914} INFO - Processing file /usr/local/python/3.12.1/lib/python3.12/site-packages/airflow/example_dags/example_display_name.py for tasks to queue
[2026-05-18T13:57:15.115+0000] {logging_mixin.py:190} INFO - [2026-05-18T13:57:15.115+0000] {dagbag.py:588} INFO - Filling up the DagBag from /usr/local/python/3.12.1/lib/python3.12/site-packages/airflow/example_dags/example_display_name.py
[2026-05-18T13:57:15.121+0000] {processor.py:925} INFO - DAG(s) 'example_display_name' retrieved from /usr/local/python/3.12.1/lib/python3.12/site-packages/airflow/example_dags/example_display_name.py
[2026-05-18T13:57:15.133+0000] {logging_mixin.py:190} INFO - [2026-05-18T13:57:15.133+0000] {dag.py:3239} INFO - Sync 1 DAGs
[2026-05-18T13:57:15.143+0000] {logging_mixin.py:190} INFO - [2026-05-18T13:57:15.143+0000] {dag.py:4180} INFO - Setting next_dagrun for example_display_name to None, run_after=None
[2026-05-18T13:57:15.160+0000] {processor.py:208} INFO - Processing /usr/local/python/3.12.1/lib/python3.12/site-packages/airflow/example_dags/example_display_name.py took 0.052 seconds
[2026-05-18T13:58:05.827+0000] {processor.py:186} INFO - Started process (PID=14556) to work on /usr/local/python/3.12.1/lib/python3.12/site-packages/airflow/example_dags/example_display_name.py
[2026-05-18T13:58:05.827+0000] {processor.py:914} INFO - Processing file /usr/local/python/3.12.1/lib/python3.12/site-packages/airflow/example_dags/example_display_name.py for tasks to queue
[2026-05-18T13:58:05.829+0000] {logging_mixin.py:190} INFO - [2026-05-18T13:58:05.828+0000] {dagbag.py:588} INFO - Filling up the DagBag from /usr/local/python/3.12.1/lib/python3.12/site-packages/airflow/example_dags/example_display_name.py
[2026-05-18T13:58:05.835+0000] {processor.py:925} INFO - DAG(s) 'example_display_name' retrieved from /usr/local/python/3.12.1/lib/python3.12/site-packages/airflow/example_dags/example_display_name.py
[2026-05-18T13:58:05.846+0000] {logging_mixin.py:190} INFO - [2026-05-18T13:58:05.846+0000] {dag.py:3239} INFO - Sync 1 DAGs
[2026-05-18T13:58:05.856+0000] {logging_mixin.py:190} INFO - [2026-05-18T13:58:05.856+0000] {dag.py:4180} INFO - Setting next_dagrun for example_display_name to None, run_after=None
[2026-05-18T13:58:05.872+0000] {processor.py:208} INFO - Processing /usr/local/python/3.12.1/lib/python3.12/site-packages/airflow/example_dags/example_display_name.py took 0.049 seconds
[2026-05-18T13:59:20.715+0000] {processor.py:186} INFO - Started process (PID=15191) to work on /usr/local/python/3.12.1/lib/python3.12/site-packages/airflow/example_dags/example_display_name.py
[2026-05-18T13:59:20.715+0000] {processor.py:914} INFO - Processing file /usr/local/python/3.12.1/lib/python3.12/site-packages/airflow/example_dags/example_display_name.py for tasks to queue
[2026-05-18T13:59:20.717+0000] {logging_mixin.py:190} INFO - [2026-05-18T13:59:20.717+0000] {dagbag.py:588} INFO - Filling up the DagBag from /usr/local/python/3.12.1/lib/python3.12/site-packages/airflow/example_dags/example_display_name.py
[2026-05-18T13:59:20.723+0000] {processor.py:925} INFO - DAG(s) 'example_display_name' retrieved from /usr/local/python/3.12.1/lib/python3.12/site-packages/airflow/example_dags/example_display_name.py
[2026-05-18T13:59:20.734+0000] {logging_mixin.py:190} INFO - [2026-05-18T13:59:20.734+0000] {dag.py:3239} INFO - Sync 1 DAGs
[2026-05-18T13:59:20.744+0000] {logging_mixin.py:190} INFO - [2026-05-18T13:59:20.743+0000] {dag.py:4180} INFO - Setting next_dagrun for example_display_name to None, run_after=None
[2026-05-18T13:59:20.762+0000] {processor.py:208} INFO - Processing /usr/local/python/3.12.1/lib/python3.12/site-packages/airflow/example_dags/example_display_name.py took 0.051 seconds
[2026-05-18T14:00:11.108+0000] {processor.py:186} INFO - Started process (PID=15637) to work on /usr/local/python/3.12.1/lib/python3.12/site-packages/airflow/example_dags/example_display_name.py
[2026-05-18T14:00:11.109+0000] {processor.py:914} INFO - Processing file /usr/local/python/3.12.1/lib/python3.12/site-packages/airflow/example_dags/example_display_name.py for tasks to queue
[2026-05-18T14:00:11.110+0000] {logging_mixin.py:190} INFO - [2026-05-18T14:00:11.110+0000] {dagbag.py:588} INFO - Filling up the DagBag from /usr/local/python/3.12.1/lib/python3.12/site-packages/airflow/example_dags/example_display_name.py
[2026-05-18T14:00:11.116+0000] {processor.py:925} INFO - DAG(s) 'example_display_name' retrieved from /usr/local/python/3.12.1/lib/python3.12/site-packages/airflow/example_dags/example_display_name.py
[2026-05-18T14:00:11.127+0000] {logging_mixin.py:190} INFO - [2026-05-18T14:00:11.126+0000] {dag.py:3239} INFO - Sync 1 DAGs
[2026-05-18T14:00:11.136+0000] {logging_mixin.py:190} INFO - [2026-05-18T14:00:11.136+0000] {dag.py:4180} INFO - Setting next_dagrun for example_display_name to None, run_after=None
[2026-05-18T14:00:11.153+0000] {processor.py:208} INFO - Processing /usr/local/python/3.12.1/lib/python3.12/site-packages/airflow/example_dags/example_display_name.py took 0.049 seconds
[2026-05-18T14:01:24.524+0000] {processor.py:186} INFO - Started process (PID=16337) to work on /usr/local/python/3.12.1/lib/python3.12/site-packages/airflow/example_dags/example_display_name.py
[2026-05-18T14:01:24.525+0000] {processor.py:914} INFO - Processing file /usr/local/python/3.12.1/lib/python3.12/site-packages/airflow/example_dags/example_display_name.py for tasks to queue
[2026-05-18T14:01:24.527+0000] {logging_mixin.py:190} INFO - [2026-05-18T14:01:24.526+0000] {dagbag.py:588} INFO - Filling up the DagBag from /usr/local/python/3.12.1/lib/python3.12/site-packages/airflow/example_dags/example_display_name.py
[2026-05-18T14:01:24.533+0000] {processor.py:925} INFO - DAG(s) 'example_display_name' retrieved from /usr/local/python/3.12.1/lib/python3.12/site-packages/airflow/example_dags/example_display_name.py
[2026-05-18T14:01:24.544+0000] {logging_mixin.py:190} INFO - [2026-05-18T14:01:24.544+0000] {dag.py:3239} INFO - Sync 1 DAGs
[2026-05-18T14:01:24.554+0000] {logging_mixin.py:190} INFO - [2026-05-18T14:01:24.554+0000] {dag.py:4180} INFO - Setting next_dagrun for example_display_name to None, run_after=None
[2026-05-18T14:01:24.570+0000] {processor.py:208} INFO - Processing /usr/local/python/3.12.1/lib/python3.12/site-packages/airflow/example_dags/example_display_name.py took 0.051 seconds
[2026-05-18T14:02:31.117+0000] {processor.py:186} INFO - Started process (PID=16906) to work on /usr/local/python/3.12.1/lib/python3.12/site-packages/airflow/example_dags/example_display_name.py
[2026-05-18T14:02:31.118+0000] {processor.py:914} INFO - Processing file /usr/local/python/3.12.1/lib/python3.12/site-packages/airflow/example_dags/example_display_name.py for tasks to queue
[2026-05-18T14:02:31.120+0000] {logging_mixin.py:190} INFO - [2026-05-18T14:02:31.120+0000] {dagbag.py:588} INFO - Filling up the DagBag from /usr/local/python/3.12.1/lib/python3.12/site-packages/airflow/example_dags/example_display_name.py
[2026-05-18T14:02:31.125+0000] {processor.py:925} INFO - DAG(s) 'example_display_name' retrieved from /usr/local/python/3.12.1/lib/python3.12/site-packages/airflow/example_dags/example_display_name.py
[2026-05-18T14:02:31.141+0000] {logging_mixin.py:190} INFO - [2026-05-18T14:02:31.140+0000] {dag.py:3239} INFO - Sync 1 DAGs
[2026-05-18T14:02:31.154+0000] {logging_mixin.py:190} INFO - [2026-05-18T14:02:31.154+0000] {dag.py:4180} INFO - Setting next_dagrun for example_display_name to None, run_after=None
[2026-05-18T14:02:31.172+0000] {processor.py:208} INFO - Processing /usr/local/python/3.12.1/lib/python3.12/site-packages/airflow/example_dags/example_display_name.py took 0.059 seconds
[2026-05-18T14:03:43.076+0000] {processor.py:186} INFO - Started process (PID=17518) to work on /usr/local/python/3.12.1/lib/python3.12/site-packages/airflow/example_dags/example_display_name.py
[2026-05-18T14:03:43.077+0000] {processor.py:914} INFO - Processing file /usr/local/python/3.12.1/lib/python3.12/site-packages/airflow/example_dags/example_display_name.py for tasks to queue
[2026-05-18T14:03:43.079+0000] {logging_mixin.py:190} INFO - [2026-05-18T14:03:43.078+0000] {dagbag.py:588} INFO - Filling up the DagBag from /usr/local/python/3.12.1/lib/python3.12/site-packages/airflow/example_dags/example_display_name.py
[2026-05-18T14:03:43.085+0000] {processor.py:925} INFO - DAG(s) 'example_display_name' retrieved from /usr/local/python/3.12.1/lib/python3.12/site-packages/airflow/example_dags/example_display_name.py
[2026-05-18T14:03:43.096+0000] {logging_mixin.py:190} INFO - [2026-05-18T14:03:43.096+0000] {dag.py:3239} INFO - Sync 1 DAGs
[2026-05-18T14:03:43.106+0000] {logging_mixin.py:190} INFO - [2026-05-18T14:03:43.106+0000] {dag.py:4180} INFO - Setting next_dagrun for example_display_name to None, run_after=None
[2026-05-18T14:03:43.122+0000] {processor.py:208} INFO - Processing /usr/local/python/3.12.1/lib/python3.12/site-packages/airflow/example_dags/example_display_name.py took 0.050 seconds
[2026-05-18T14:04:34.651+0000] {processor.py:186} INFO - Started process (PID=17980) to work on /usr/local/python/3.12.1/lib/python3.12/site-packages/airflow/example_dags/example_display_name.py
[2026-05-18T14:04:34.652+0000] {processor.py:914} INFO - Processing file /usr/local/python/3.12.1/lib/python3.12/site-packages/airflow/example_dags/example_display_name.py for tasks to queue
[2026-05-18T14:04:34.655+0000] {logging_mixin.py:190} INFO - [2026-05-18T14:04:34.655+0000] {dagbag.py:588} INFO - Filling up the DagBag from /usr/local/python/3.12.1/lib/python3.12/site-packages/airflow/example_dags/example_display_name.py
[2026-05-18T14:04:34.663+0000] {processor.py:925} INFO - DAG(s) 'example_display_name' retrieved from /usr/local/python/3.12.1/lib/python3.12/site-packages/airflow/example_dags/example_display_name.py
[2026-05-18T14:04:34.677+0000] {logging_mixin.py:190} INFO - [2026-05-18T14:04:34.676+0000] {dag.py:3239} INFO - Sync 1 DAGs
[2026-05-18T14:04:34.688+0000] {logging_mixin.py:190} INFO - [2026-05-18T14:04:34.688+0000] {dag.py:4180} INFO - Setting next_dagrun for example_display_name to None, run_after=None
[2026-05-18T14:04:34.705+0000] {processor.py:208} INFO - Processing /usr/local/python/3.12.1/lib/python3.12/site-packages/airflow/example_dags/example_display_name.py took 0.061 seconds
[2026-05-18T14:05:45.592+0000] {processor.py:186} INFO - Started process (PID=18583) to work on /usr/local/python/3.12.1/lib/python3.12/site-packages/airflow/example_dags/example_display_name.py
[2026-05-18T14:05:45.593+0000] {processor.py:914} INFO - Processing file /usr/local/python/3.12.1/lib/python3.12/site-packages/airflow/example_dags/example_display_name.py for tasks to queue
[2026-05-18T14:05:45.595+0000] {logging_mixin.py:190} INFO - [2026-05-18T14:05:45.595+0000] {dagbag.py:588} INFO - Filling up the DagBag from /usr/local/python/3.12.1/lib/python3.12/site-packages/airflow/example_dags/example_display_name.py
[2026-05-18T14:05:45.601+0000] {processor.py:925} INFO - DAG(s) 'example_display_name' retrieved from /usr/local/python/3.12.1/lib/python3.12/site-packages/airflow/example_dags/example_display_name.py
[2026-05-18T14:05:45.616+0000] {logging_mixin.py:190} INFO - [2026-05-18T14:05:45.615+0000] {dag.py:3239} INFO - Sync 1 DAGs
[2026-05-18T14:05:45.636+0000] {logging_mixin.py:190} INFO - [2026-05-18T14:05:45.636+0000] {dag.py:4180} INFO - Setting next_dagrun for example_display_name to None, run_after=None
[2026-05-18T14:05:45.663+0000] {processor.py:208} INFO - Processing /usr/local/python/3.12.1/lib/python3.12/site-packages/airflow/example_dags/example_display_name.py took 0.075 seconds
[2026-05-18T14:06:37.842+0000] {processor.py:186} INFO - Started process (PID=19109) to work on /usr/local/python/3.12.1/lib/python3.12/site-packages/airflow/example_dags/example_display_name.py
[2026-05-18T14:06:37.843+0000] {processor.py:914} INFO - Processing file /usr/local/python/3.12.1/lib/python3.12/site-packages/airflow/example_dags/example_display_name.py for tasks to queue
[2026-05-18T14:06:37.845+0000] {logging_mixin.py:190} INFO - [2026-05-18T14:06:37.844+0000] {dagbag.py:588} INFO - Filling up the DagBag from /usr/local/python/3.12.1/lib/python3.12/site-packages/airflow/example_dags/example_display_name.py
[2026-05-18T14:06:37.851+0000] {processor.py:925} INFO - DAG(s) 'example_display_name' retrieved from /usr/local/python/3.12.1/lib/python3.12/site-packages/airflow/example_dags/example_display_name.py
[2026-05-18T14:06:37.862+0000] {logging_mixin.py:190} INFO - [2026-05-18T14:06:37.862+0000] {dag.py:3239} INFO - Sync 1 DAGs
[2026-05-18T14:06:37.871+0000] {logging_mixin.py:190} INFO - [2026-05-18T14:06:37.871+0000] {dag.py:4180} INFO - Setting next_dagrun for example_display_name to None, run_after=None
[2026-05-18T14:06:37.888+0000] {processor.py:208} INFO - Processing /usr/local/python/3.12.1/lib/python3.12/site-packages/airflow/example_dags/example_display_name.py took 0.050 seconds
[2026-05-18T14:07:28.656+0000] {processor.py:186} INFO - Started process (PID=19563) to work on /usr/local/python/3.12.1/lib/python3.12/site-packages/airflow/example_dags/example_display_name.py
[2026-05-18T14:07:28.657+0000] {processor.py:914} INFO - Processing file /usr/local/python/3.12.1/lib/python3.12/site-packages/airflow/example_dags/example_display_name.py for tasks to queue
[2026-05-18T14:07:28.658+0000] {logging_mixin.py:190} INFO - [2026-05-18T14:07:28.658+0000] {dagbag.py:588} INFO - Filling up the DagBag from /usr/local/python/3.12.1/lib/python3.12/site-packages/airflow/example_dags/example_display_name.py
[2026-05-18T14:07:28.664+0000] {processor.py:925} INFO - DAG(s) 'example_display_name' retrieved from /usr/local/python/3.12.1/lib/python3.12/site-packages/airflow/example_dags/example_display_name.py
[2026-05-18T14:07:28.676+0000] {logging_mixin.py:190} INFO - [2026-05-18T14:07:28.675+0000] {dag.py:3239} INFO - Sync 1 DAGs
[2026-05-18T14:07:28.685+0000] {logging_mixin.py:190} INFO - [2026-05-18T14:07:28.685+0000] {dag.py:4180} INFO - Setting next_dagrun for example_display_name to None, run_after=None
[2026-05-18T14:07:28.701+0000] {processor.py:208} INFO - Processing /usr/local/python/3.12.1/lib/python3.12/site-packages/airflow/example_dags/example_display_name.py took 0.049 seconds
[2026-05-18T14:08:43.806+0000] {processor.py:186} INFO - Started process (PID=20216) to work on /usr/local/python/3.12.1/lib/python3.12/site-packages/airflow/example_dags/example_display_name.py
[2026-05-18T14:08:43.806+0000] {processor.py:914} INFO - Processing file /usr/local/python/3.12.1/lib/python3.12/site-packages/airflow/example_dags/example_display_name.py for tasks to queue
[2026-05-18T14:08:43.808+0000] {logging_mixin.py:190} INFO - [2026-05-18T14:08:43.808+0000] {dagbag.py:588} INFO - Filling up the DagBag from /usr/local/python/3.12.1/lib/python3.12/site-packages/airflow/example_dags/example_display_name.py
[2026-05-18T14:08:43.815+0000] {processor.py:925} INFO - DAG(s) 'example_display_name' retrieved from /usr/local/python/3.12.1/lib/python3.12/site-packages/airflow/example_dags/example_display_name.py
[2026-05-18T14:08:43.827+0000] {logging_mixin.py:190} INFO - [2026-05-18T14:08:43.826+0000] {dag.py:3239} INFO - Sync 1 DAGs
[2026-05-18T14:08:43.836+0000] {logging_mixin.py:190} INFO - [2026-05-18T14:08:43.836+0000] {dag.py:4180} INFO - Setting next_dagrun for example_display_name to None, run_after=None
[2026-05-18T14:08:43.853+0000] {processor.py:208} INFO - Processing /usr/local/python/3.12.1/lib/python3.12/site-packages/airflow/example_dags/example_display_name.py took 0.051 seconds
[2026-05-18T14:09:53.603+0000] {processor.py:186} INFO - Started process (PID=20884) to work on /usr/local/python/3.12.1/lib/python3.12/site-packages/airflow/example_dags/example_display_name.py
[2026-05-18T14:09:53.604+0000] {processor.py:914} INFO - Processing file /usr/local/python/3.12.1/lib/python3.12/site-packages/airflow/example_dags/example_display_name.py for tasks to queue
[2026-05-18T14:09:53.605+0000] {logging_mixin.py:190} INFO - [2026-05-18T14:09:53.605+0000] {dagbag.py:588} INFO - Filling up the DagBag from /usr/local/python/3.12.1/lib/python3.12/site-packages/airflow/example_dags/example_display_name.py
[2026-05-18T14:09:53.611+0000] {processor.py:925} INFO - DAG(s) 'example_display_name' retrieved from /usr/local/python/3.12.1/lib/python3.12/site-packages/airflow/example_dags/example_display_name.py
[2026-05-18T14:09:53.623+0000] {logging_mixin.py:190} INFO - [2026-05-18T14:09:53.623+0000] {dag.py:3239} INFO - Sync 1 DAGs
[2026-05-18T14:09:53.636+0000] {logging_mixin.py:190} INFO - [2026-05-18T14:09:53.636+0000] {dag.py:4180} INFO - Setting next_dagrun for example_display_name to None, run_after=None
[2026-05-18T14:09:53.652+0000] {processor.py:208} INFO - Processing /usr/local/python/3.12.1/lib/python3.12/site-packages/airflow/example_dags/example_display_name.py took 0.053 seconds
[2026-05-18T14:11:08.624+0000] {processor.py:186} INFO - Started process (PID=21572) to work on /usr/local/python/3.12.1/lib/python3.12/site-packages/airflow/example_dags/example_display_name.py
[2026-05-18T14:11:08.625+0000] {processor.py:914} INFO - Processing file /usr/local/python/3.12.1/lib/python3.12/site-packages/airflow/example_dags/example_display_name.py for tasks to queue
[2026-05-18T14:11:08.627+0000] {logging_mixin.py:190} INFO - [2026-05-18T14:11:08.627+0000] {dagbag.py:588} INFO - Filling up the DagBag from /usr/local/python/3.12.1/lib/python3.12/site-packages/airflow/example_dags/example_display_name.py
[2026-05-18T14:11:08.637+0000] {processor.py:925} INFO - DAG(s) 'example_display_name' retrieved from /usr/local/python/3.12.1/lib/python3.12/site-packages/airflow/example_dags/example_display_name.py
[2026-05-18T14:11:08.649+0000] {logging_mixin.py:190} INFO - [2026-05-18T14:11:08.649+0000] {dag.py:3239} INFO - Sync 1 DAGs
[2026-05-18T14:11:08.659+0000] {logging_mixin.py:190} INFO - [2026-05-18T14:11:08.659+0000] {dag.py:4180} INFO - Setting next_dagrun for example_display_name to None, run_after=None
[2026-05-18T14:11:08.675+0000] {processor.py:208} INFO - Processing /usr/local/python/3.12.1/lib/python3.12/site-packages/airflow/example_dags/example_display_name.py took 0.056 seconds
[2026-05-18T14:12:20.401+0000] {processor.py:186} INFO - Started process (PID=22180) to work on /usr/local/python/3.12.1/lib/python3.12/site-packages/airflow/example_dags/example_display_name.py
[2026-05-18T14:12:20.401+0000] {processor.py:914} INFO - Processing file /usr/local/python/3.12.1/lib/python3.12/site-packages/airflow/example_dags/example_display_name.py for tasks to queue
[2026-05-18T14:12:20.403+0000] {logging_mixin.py:190} INFO - [2026-05-18T14:12:20.403+0000] {dagbag.py:588} INFO - Filling up the DagBag from /usr/local/python/3.12.1/lib/python3.12/site-packages/airflow/example_dags/example_display_name.py
[2026-05-18T14:12:20.409+0000] {processor.py:925} INFO - DAG(s) 'example_display_name' retrieved from /usr/local/python/3.12.1/lib/python3.12/site-packages/airflow/example_dags/example_display_name.py
[2026-05-18T14:12:20.420+0000] {logging_mixin.py:190} INFO - [2026-05-18T14:12:20.420+0000] {dag.py:3239} INFO - Sync 1 DAGs
[2026-05-18T14:12:20.430+0000] {logging_mixin.py:190} INFO - [2026-05-18T14:12:20.430+0000] {dag.py:4180} INFO - Setting next_dagrun for example_display_name to None, run_after=None
[2026-05-18T14:12:20.446+0000] {processor.py:208} INFO - Processing /usr/local/python/3.12.1/lib/python3.12/site-packages/airflow/example_dags/example_display_name.py took 0.049 seconds
[2026-05-18T14:13:33.690+0000] {processor.py:186} INFO - Started process (PID=22804) to work on /usr/local/python/3.12.1/lib/python3.12/site-packages/airflow/example_dags/example_display_name.py
[2026-05-18T14:13:33.691+0000] {processor.py:914} INFO - Processing file /usr/local/python/3.12.1/lib/python3.12/site-packages/airflow/example_dags/example_display_name.py for tasks to queue
[2026-05-18T14:13:33.692+0000] {logging_mixin.py:190} INFO - [2026-05-18T14:13:33.692+0000] {dagbag.py:588} INFO - Filling up the DagBag from /usr/local/python/3.12.1/lib/python3.12/site-packages/airflow/example_dags/example_display_name.py
[2026-05-18T14:13:33.698+0000] {processor.py:925} INFO - DAG(s) 'example_display_name' retrieved from /usr/local/python/3.12.1/lib/python3.12/site-packages/airflow/example_dags/example_display_name.py
[2026-05-18T14:13:33.709+0000] {logging_mixin.py:190} INFO - [2026-05-18T14:13:33.709+0000] {dag.py:3239} INFO - Sync 1 DAGs
[2026-05-18T14:13:33.718+0000] {logging_mixin.py:190} INFO - [2026-05-18T14:13:33.718+0000] {dag.py:4180} INFO - Setting next_dagrun for example_display_name to None, run_after=None
[2026-05-18T14:13:33.734+0000] {processor.py:208} INFO - Processing /usr/local/python/3.12.1/lib/python3.12/site-packages/airflow/example_dags/example_display_name.py took 0.048 seconds
[2026-05-18T14:14:44.674+0000] {processor.py:186} INFO - Started process (PID=23416) to work on /usr/local/python/3.12.1/lib/python3.12/site-packages/airflow/example_dags/example_display_name.py
[2026-05-18T14:14:44.675+0000] {processor.py:914} INFO - Processing file /usr/local/python/3.12.1/lib/python3.12/site-packages/airflow/example_dags/example_display_name.py for tasks to queue
[2026-05-18T14:14:44.676+0000] {logging_mixin.py:190} INFO - [2026-05-18T14:14:44.676+0000] {dagbag.py:588} INFO - Filling up the DagBag from /usr/local/python/3.12.1/lib/python3.12/site-packages/airflow/example_dags/example_display_name.py
[2026-05-18T14:14:44.682+0000] {processor.py:925} INFO - DAG(s) 'example_display_name' retrieved from /usr/local/python/3.12.1/lib/python3.12/site-packages/airflow/example_dags/example_display_name.py
[2026-05-18T14:14:44.693+0000] {logging_mixin.py:190} INFO - [2026-05-18T14:14:44.693+0000] {dag.py:3239} INFO - Sync 1 DAGs
[2026-05-18T14:14:44.703+0000] {logging_mixin.py:190} INFO - [2026-05-18T14:14:44.703+0000] {dag.py:4180} INFO - Setting next_dagrun for example_display_name to None, run_after=None
[2026-05-18T14:14:44.720+0000] {processor.py:208} INFO - Processing /usr/local/python/3.12.1/lib/python3.12/site-packages/airflow/example_dags/example_display_name.py took 0.050 seconds
[2026-05-18T14:15:57.780+0000] {processor.py:186} INFO - Started process (PID=24169) to work on /usr/local/python/3.12.1/lib/python3.12/site-packages/airflow/example_dags/example_display_name.py
[2026-05-18T14:15:57.781+0000] {processor.py:914} INFO - Processing file /usr/local/python/3.12.1/lib/python3.12/site-packages/airflow/example_dags/example_display_name.py for tasks to queue
[2026-05-18T14:15:57.783+0000] {logging_mixin.py:190} INFO - [2026-05-18T14:15:57.782+0000] {dagbag.py:588} INFO - Filling up the DagBag from /usr/local/python/3.12.1/lib/python3.12/site-packages/airflow/example_dags/example_display_name.py
[2026-05-18T14:15:57.789+0000] {processor.py:925} INFO - DAG(s) 'example_display_name' retrieved from /usr/local/python/3.12.1/lib/python3.12/site-packages/airflow/example_dags/example_display_name.py
[2026-05-18T14:15:57.801+0000] {logging_mixin.py:190} INFO - [2026-05-18T14:15:57.800+0000] {dag.py:3239} INFO - Sync 1 DAGs
[2026-05-18T14:15:57.810+0000] {logging_mixin.py:190} INFO - [2026-05-18T14:15:57.810+0000] {dag.py:4180} INFO - Setting next_dagrun for example_display_name to None, run_after=None
[2026-05-18T14:15:57.831+0000] {processor.py:208} INFO - Processing /usr/local/python/3.12.1/lib/python3.12/site-packages/airflow/example_dags/example_display_name.py took 0.055 seconds
[2026-05-18T14:16:49.483+0000] {processor.py:186} INFO - Started process (PID=24628) to work on /usr/local/python/3.12.1/lib/python3.12/site-packages/airflow/example_dags/example_display_name.py
[2026-05-18T14:16:49.483+0000] {processor.py:914} INFO - Processing file /usr/local/python/3.12.1/lib/python3.12/site-packages/airflow/example_dags/example_display_name.py for tasks to queue
[2026-05-18T14:16:49.485+0000] {logging_mixin.py:190} INFO - [2026-05-18T14:16:49.484+0000] {dagbag.py:588} INFO - Filling up the DagBag from /usr/local/python/3.12.1/lib/python3.12/site-packages/airflow/example_dags/example_display_name.py
[2026-05-18T14:16:49.492+0000] {processor.py:925} INFO - DAG(s) 'example_display_name' retrieved from /usr/local/python/3.12.1/lib/python3.12/site-packages/airflow/example_dags/example_display_name.py
[2026-05-18T14:16:49.509+0000] {logging_mixin.py:190} INFO - [2026-05-18T14:16:49.509+0000] {dag.py:3239} INFO - Sync 1 DAGs
[2026-05-18T14:16:49.518+0000] {logging_mixin.py:190} INFO - [2026-05-18T14:16:49.518+0000] {dag.py:4180} INFO - Setting next_dagrun for example_display_name to None, run_after=None
[2026-05-18T14:16:49.534+0000] {processor.py:208} INFO - Processing /usr/local/python/3.12.1/lib/python3.12/site-packages/airflow/example_dags/example_display_name.py took 0.056 seconds
[2026-05-18T14:18:02.843+0000] {processor.py:186} INFO - Started process (PID=25248) to work on /usr/local/python/3.12.1/lib/python3.12/site-packages/airflow/example_dags/example_display_name.py
[2026-05-18T14:18:02.844+0000] {processor.py:914} INFO - Processing file /usr/local/python/3.12.1/lib/python3.12/site-packages/airflow/example_dags/example_display_name.py for tasks to queue
[2026-05-18T14:18:02.845+0000] {logging_mixin.py:190} INFO - [2026-05-18T14:18:02.845+0000] {dagbag.py:588} INFO - Filling up the DagBag from /usr/local/python/3.12.1/lib/python3.12/site-packages/airflow/example_dags/example_display_name.py
[2026-05-18T14:18:02.853+0000] {processor.py:925} INFO - DAG(s) 'example_display_name' retrieved from /usr/local/python/3.12.1/lib/python3.12/site-packages/airflow/example_dags/example_display_name.py
[2026-05-18T14:18:02.886+0000] {logging_mixin.py:190} INFO - [2026-05-18T14:18:02.885+0000] {dag.py:3239} INFO - Sync 1 DAGs
[2026-05-18T14:18:02.903+0000] {logging_mixin.py:190} INFO - [2026-05-18T14:18:02.902+0000] {dag.py:4180} INFO - Setting next_dagrun for example_display_name to None, run_after=None
[2026-05-18T14:18:02.935+0000] {processor.py:208} INFO - Processing /usr/local/python/3.12.1/lib/python3.12/site-packages/airflow/example_dags/example_display_name.py took 0.098 seconds
[2026-05-18T14:18:51.864+0000] {processor.py:186} INFO - Started process (PID=25695) to work on /usr/local/python/3.12.1/lib/python3.12/site-packages/airflow/example_dags/example_display_name.py
[2026-05-18T14:18:51.865+0000] {processor.py:914} INFO - Processing file /usr/local/python/3.12.1/lib/python3.12/site-packages/airflow/example_dags/example_display_name.py for tasks to queue
[2026-05-18T14:18:51.867+0000] {logging_mixin.py:190} INFO - [2026-05-18T14:18:51.867+0000] {dagbag.py:588} INFO - Filling up the DagBag from /usr/local/python/3.12.1/lib/python3.12/site-packages/airflow/example_dags/example_display_name.py
[2026-05-18T14:18:51.874+0000] {processor.py:925} INFO - DAG(s) 'example_display_name' retrieved from /usr/local/python/3.12.1/lib/python3.12/site-packages/airflow/example_dags/example_display_name.py
[2026-05-18T14:18:51.887+0000] {logging_mixin.py:190} INFO - [2026-05-18T14:18:51.887+0000] {dag.py:3239} INFO - Sync 1 DAGs
[2026-05-18T14:18:51.899+0000] {logging_mixin.py:190} INFO - [2026-05-18T14:18:51.899+0000] {dag.py:4180} INFO - Setting next_dagrun for example_display_name to None, run_after=None
[2026-05-18T14:18:51.918+0000] {processor.py:208} INFO - Processing /usr/local/python/3.12.1/lib/python3.12/site-packages/airflow/example_dags/example_display_name.py took 0.059 seconds
[2026-05-18T14:20:06.743+0000] {processor.py:186} INFO - Started process (PID=26327) to work on /usr/local/python/3.12.1/lib/python3.12/site-packages/airflow/example_dags/example_display_name.py
[2026-05-18T14:20:06.743+0000] {processor.py:914} INFO - Processing file /usr/local/python/3.12.1/lib/python3.12/site-packages/airflow/example_dags/example_display_name.py for tasks to queue
[2026-05-18T14:20:06.745+0000] {logging_mixin.py:190} INFO - [2026-05-18T14:20:06.745+0000] {dagbag.py:588} INFO - Filling up the DagBag from /usr/local/python/3.12.1/lib/python3.12/site-packages/airflow/example_dags/example_display_name.py
[2026-05-18T14:20:06.751+0000] {processor.py:925} INFO - DAG(s) 'example_display_name' retrieved from /usr/local/python/3.12.1/lib/python3.12/site-packages/airflow/example_dags/example_display_name.py
[2026-05-18T14:20:06.775+0000] {logging_mixin.py:190} INFO - [2026-05-18T14:20:06.775+0000] {dag.py:3239} INFO - Sync 1 DAGs
[2026-05-18T14:20:06.792+0000] {logging_mixin.py:190} INFO - [2026-05-18T14:20:06.792+0000] {dag.py:4180} INFO - Setting next_dagrun for example_display_name to None, run_after=None
[2026-05-18T14:20:06.810+0000] {processor.py:208} INFO - Processing /usr/local/python/3.12.1/lib/python3.12/site-packages/airflow/example_dags/example_display_name.py took 0.072 seconds
[2026-05-18T14:20:59.393+0000] {processor.py:186} INFO - Started process (PID=26845) to work on /usr/local/python/3.12.1/lib/python3.12/site-packages/airflow/example_dags/example_display_name.py
[2026-05-18T14:20:59.393+0000] {processor.py:914} INFO - Processing file /usr/local/python/3.12.1/lib/python3.12/site-packages/airflow/example_dags/example_display_name.py for tasks to queue
[2026-05-18T14:20:59.395+0000] {logging_mixin.py:190} INFO - [2026-05-18T14:20:59.395+0000] {dagbag.py:588} INFO - Filling up the DagBag from /usr/local/python/3.12.1/lib/python3.12/site-packages/airflow/example_dags/example_display_name.py
[2026-05-18T14:20:59.406+0000] {processor.py:925} INFO - DAG(s) 'example_display_name' retrieved from /usr/local/python/3.12.1/lib/python3.12/site-packages/airflow/example_dags/example_display_name.py
[2026-05-18T14:20:59.419+0000] {logging_mixin.py:190} INFO - [2026-05-18T14:20:59.419+0000] {dag.py:3239} INFO - Sync 1 DAGs
[2026-05-18T14:20:59.429+0000] {logging_mixin.py:190} INFO - [2026-05-18T14:20:59.429+0000] {dag.py:4180} INFO - Setting next_dagrun for example_display_name to None, run_after=None
[2026-05-18T14:20:59.445+0000] {processor.py:208} INFO - Processing /usr/local/python/3.12.1/lib/python3.12/site-packages/airflow/example_dags/example_display_name.py took 0.057 seconds
[2026-05-18T14:21:52.493+0000] {processor.py:186} INFO - Started process (PID=27314) to work on /usr/local/python/3.12.1/lib/python3.12/site-packages/airflow/example_dags/example_display_name.py
[2026-05-18T14:21:52.494+0000] {processor.py:914} INFO - Processing file /usr/local/python/3.12.1/lib/python3.12/site-packages/airflow/example_dags/example_display_name.py for tasks to queue
[2026-05-18T14:21:52.495+0000] {logging_mixin.py:190} INFO - [2026-05-18T14:21:52.495+0000] {dagbag.py:588} INFO - Filling up the DagBag from /usr/local/python/3.12.1/lib/python3.12/site-packages/airflow/example_dags/example_display_name.py
[2026-05-18T14:21:52.501+0000] {processor.py:925} INFO - DAG(s) 'example_display_name' retrieved from /usr/local/python/3.12.1/lib/python3.12/site-packages/airflow/example_dags/example_display_name.py
[2026-05-18T14:21:52.513+0000] {logging_mixin.py:190} INFO - [2026-05-18T14:21:52.513+0000] {dag.py:3239} INFO - Sync 1 DAGs
[2026-05-18T14:21:52.523+0000] {logging_mixin.py:190} INFO - [2026-05-18T14:21:52.523+0000] {dag.py:4180} INFO - Setting next_dagrun for example_display_name to None, run_after=None
[2026-05-18T14:21:52.540+0000] {processor.py:208} INFO - Processing /usr/local/python/3.12.1/lib/python3.12/site-packages/airflow/example_dags/example_display_name.py took 0.051 seconds
[2026-05-18T14:22:48.291+0000] {processor.py:186} INFO - Started process (PID=27771) to work on /usr/local/python/3.12.1/lib/python3.12/site-packages/airflow/example_dags/example_display_name.py
[2026-05-18T14:22:48.292+0000] {processor.py:914} INFO - Processing file /usr/local/python/3.12.1/lib/python3.12/site-packages/airflow/example_dags/example_display_name.py for tasks to queue
[2026-05-18T14:22:48.294+0000] {logging_mixin.py:190} INFO - [2026-05-18T14:22:48.293+0000] {dagbag.py:588} INFO - Filling up the DagBag from /usr/local/python/3.12.1/lib/python3.12/site-packages/airflow/example_dags/example_display_name.py
[2026-05-18T14:22:48.300+0000] {processor.py:925} INFO - DAG(s) 'example_display_name' retrieved from /usr/local/python/3.12.1/lib/python3.12/site-packages/airflow/example_dags/example_display_name.py
[2026-05-18T14:22:48.312+0000] {logging_mixin.py:190} INFO - [2026-05-18T14:22:48.312+0000] {dag.py:3239} INFO - Sync 1 DAGs
[2026-05-18T14:22:48.462+0000] {logging_mixin.py:190} INFO - [2026-05-18T14:22:48.462+0000] {dag.py:4180} INFO - Setting next_dagrun for example_display_name to None, run_after=None
[2026-05-18T14:22:48.479+0000] {processor.py:208} INFO - Processing /usr/local/python/3.12.1/lib/python3.12/site-packages/airflow/example_dags/example_display_name.py took 0.192 seconds
[2026-05-18T14:23:44.975+0000] {processor.py:186} INFO - Started process (PID=28233) to work on /usr/local/python/3.12.1/lib/python3.12/site-packages/airflow/example_dags/example_display_name.py
[2026-05-18T14:23:44.976+0000] {processor.py:914} INFO - Processing file /usr/local/python/3.12.1/lib/python3.12/site-packages/airflow/example_dags/example_display_name.py for tasks to queue
[2026-05-18T14:23:44.978+0000] {logging_mixin.py:190} INFO - [2026-05-18T14:23:44.977+0000] {dagbag.py:588} INFO - Filling up the DagBag from /usr/local/python/3.12.1/lib/python3.12/site-packages/airflow/example_dags/example_display_name.py
[2026-05-18T14:23:44.984+0000] {processor.py:925} INFO - DAG(s) 'example_display_name' retrieved from /usr/local/python/3.12.1/lib/python3.12/site-packages/airflow/example_dags/example_display_name.py
[2026-05-18T14:23:44.995+0000] {logging_mixin.py:190} INFO - [2026-05-18T14:23:44.995+0000] {dag.py:3239} INFO - Sync 1 DAGs
[2026-05-18T14:23:45.005+0000] {logging_mixin.py:190} INFO - [2026-05-18T14:23:45.005+0000] {dag.py:4180} INFO - Setting next_dagrun for example_display_name to None, run_after=None
[2026-05-18T14:23:45.021+0000] {processor.py:208} INFO - Processing /usr/local/python/3.12.1/lib/python3.12/site-packages/airflow/example_dags/example_display_name.py took 0.050 seconds
[2026-05-18T14:24:46.733+0000] {processor.py:186} INFO - Started process (PID=28765) to work on /usr/local/python/3.12.1/lib/python3.12/site-packages/airflow/example_dags/example_display_name.py
[2026-05-18T14:24:46.734+0000] {processor.py:914} INFO - Processing file /usr/local/python/3.12.1/lib/python3.12/site-packages/airflow/example_dags/example_display_name.py for tasks to queue
[2026-05-18T14:24:46.736+0000] {logging_mixin.py:190} INFO - [2026-05-18T14:24:46.735+0000] {dagbag.py:588} INFO - Filling up the DagBag from /usr/local/python/3.12.1/lib/python3.12/site-packages/airflow/example_dags/example_display_name.py
[2026-05-18T14:24:46.742+0000] {processor.py:925} INFO - DAG(s) 'example_display_name' retrieved from /usr/local/python/3.12.1/lib/python3.12/site-packages/airflow/example_dags/example_display_name.py
[2026-05-18T14:24:46.754+0000] {logging_mixin.py:190} INFO - [2026-05-18T14:24:46.753+0000] {dag.py:3239} INFO - Sync 1 DAGs
[2026-05-18T14:24:46.763+0000] {logging_mixin.py:190} INFO - [2026-05-18T14:24:46.763+0000] {dag.py:4180} INFO - Setting next_dagrun for example_display_name to None, run_after=None
[2026-05-18T14:24:46.782+0000] {processor.py:208} INFO - Processing /usr/local/python/3.12.1/lib/python3.12/site-packages/airflow/example_dags/example_display_name.py took 0.052 seconds
[2026-05-18T14:25:39.789+0000] {processor.py:186} INFO - Started process (PID=29248) to work on /usr/local/python/3.12.1/lib/python3.12/site-packages/airflow/example_dags/example_display_name.py
[2026-05-18T14:25:39.790+0000] {processor.py:914} INFO - Processing file /usr/local/python/3.12.1/lib/python3.12/site-packages/airflow/example_dags/example_display_name.py for tasks to queue
[2026-05-18T14:25:39.793+0000] {logging_mixin.py:190} INFO - [2026-05-18T14:25:39.792+0000] {dagbag.py:588} INFO - Filling up the DagBag from /usr/local/python/3.12.1/lib/python3.12/site-packages/airflow/example_dags/example_display_name.py
[2026-05-18T14:25:39.802+0000] {processor.py:925} INFO - DAG(s) 'example_display_name' retrieved from /usr/local/python/3.12.1/lib/python3.12/site-packages/airflow/example_dags/example_display_name.py
[2026-05-18T14:25:39.814+0000] {logging_mixin.py:190} INFO - [2026-05-18T14:25:39.814+0000] {dag.py:3239} INFO - Sync 1 DAGs
[2026-05-18T14:25:39.824+0000] {logging_mixin.py:190} INFO - [2026-05-18T14:25:39.824+0000] {dag.py:4180} INFO - Setting next_dagrun for example_display_name to None, run_after=None
[2026-05-18T14:25:39.840+0000] {processor.py:208} INFO - Processing /usr/local/python/3.12.1/lib/python3.12/site-packages/airflow/example_dags/example_display_name.py took 0.058 seconds
[2026-05-18T14:26:53.618+0000] {processor.py:186} INFO - Started process (PID=29994) to work on /usr/local/python/3.12.1/lib/python3.12/site-packages/airflow/example_dags/example_display_name.py
[2026-05-18T14:26:53.619+0000] {processor.py:914} INFO - Processing file /usr/local/python/3.12.1/lib/python3.12/site-packages/airflow/example_dags/example_display_name.py for tasks to queue
[2026-05-18T14:26:53.621+0000] {logging_mixin.py:190} INFO - [2026-05-18T14:26:53.620+0000] {dagbag.py:588} INFO - Filling up the DagBag from /usr/local/python/3.12.1/lib/python3.12/site-packages/airflow/example_dags/example_display_name.py
[2026-05-18T14:26:53.627+0000] {processor.py:925} INFO - DAG(s) 'example_display_name' retrieved from /usr/local/python/3.12.1/lib/python3.12/site-packages/airflow/example_dags/example_display_name.py
[2026-05-18T14:26:53.638+0000] {logging_mixin.py:190} INFO - [2026-05-18T14:26:53.637+0000] {dag.py:3239} INFO - Sync 1 DAGs
[2026-05-18T14:26:53.647+0000] {logging_mixin.py:190} INFO - [2026-05-18T14:26:53.647+0000] {dag.py:4180} INFO - Setting next_dagrun for example_display_name to None, run_after=None
[2026-05-18T14:26:53.663+0000] {processor.py:208} INFO - Processing /usr/local/python/3.12.1/lib/python3.12/site-packages/airflow/example_dags/example_display_name.py took 0.048 seconds
[2026-05-18T14:28:05.878+0000] {processor.py:186} INFO - Started process (PID=30609) to work on /usr/local/python/3.12.1/lib/python3.12/site-packages/airflow/example_dags/example_display_name.py
[2026-05-18T14:28:05.879+0000] {processor.py:914} INFO - Processing file /usr/local/python/3.12.1/lib/python3.12/site-packages/airflow/example_dags/example_display_name.py for tasks to queue
[2026-05-18T14:28:05.881+0000] {logging_mixin.py:190} INFO - [2026-05-18T14:28:05.880+0000] {dagbag.py:588} INFO - Filling up the DagBag from /usr/local/python/3.12.1/lib/python3.12/site-packages/airflow/example_dags/example_display_name.py
[2026-05-18T14:28:05.887+0000] {processor.py:925} INFO - DAG(s) 'example_display_name' retrieved from /usr/local/python/3.12.1/lib/python3.12/site-packages/airflow/example_dags/example_display_name.py
[2026-05-18T14:28:05.898+0000] {logging_mixin.py:190} INFO - [2026-05-18T14:28:05.897+0000] {dag.py:3239} INFO - Sync 1 DAGs
[2026-05-18T14:28:05.907+0000] {logging_mixin.py:190} INFO - [2026-05-18T14:28:05.907+0000] {dag.py:4180} INFO - Setting next_dagrun for example_display_name to None, run_after=None
[2026-05-18T14:28:05.923+0000] {processor.py:208} INFO - Processing /usr/local/python/3.12.1/lib/python3.12/site-packages/airflow/example_dags/example_display_name.py took 0.049 seconds
[2026-05-18T14:29:17.785+0000] {processor.py:186} INFO - Started process (PID=31216) to work on /usr/local/python/3.12.1/lib/python3.12/site-packages/airflow/example_dags/example_display_name.py
[2026-05-18T14:29:17.786+0000] {processor.py:914} INFO - Processing file /usr/local/python/3.12.1/lib/python3.12/site-packages/airflow/example_dags/example_display_name.py for tasks to queue
[2026-05-18T14:29:17.788+0000] {logging_mixin.py:190} INFO - [2026-05-18T14:29:17.787+0000] {dagbag.py:588} INFO - Filling up the DagBag from /usr/local/python/3.12.1/lib/python3.12/site-packages/airflow/example_dags/example_display_name.py
[2026-05-18T14:29:17.794+0000] {processor.py:925} INFO - DAG(s) 'example_display_name' retrieved from /usr/local/python/3.12.1/lib/python3.12/site-packages/airflow/example_dags/example_display_name.py
[2026-05-18T14:29:17.805+0000] {logging_mixin.py:190} INFO - [2026-05-18T14:29:17.805+0000] {dag.py:3239} INFO - Sync 1 DAGs
[2026-05-18T14:29:17.814+0000] {logging_mixin.py:190} INFO - [2026-05-18T14:29:17.814+0000] {dag.py:4180} INFO - Setting next_dagrun for example_display_name to None, run_after=None
[2026-05-18T14:29:17.830+0000] {processor.py:208} INFO - Processing /usr/local/python/3.12.1/lib/python3.12/site-packages/airflow/example_dags/example_display_name.py took 0.049 seconds
[2026-05-18T14:30:31.969+0000] {processor.py:186} INFO - Started process (PID=31845) to work on /usr/local/python/3.12.1/lib/python3.12/site-packages/airflow/example_dags/example_display_name.py
[2026-05-18T14:30:31.970+0000] {processor.py:914} INFO - Processing file /usr/local/python/3.12.1/lib/python3.12/site-packages/airflow/example_dags/example_display_name.py for tasks to queue
[2026-05-18T14:30:31.973+0000] {logging_mixin.py:190} INFO - [2026-05-18T14:30:31.972+0000] {dagbag.py:588} INFO - Filling up the DagBag from /usr/local/python/3.12.1/lib/python3.12/site-packages/airflow/example_dags/example_display_name.py
[2026-05-18T14:30:31.981+0000] {processor.py:925} INFO - DAG(s) 'example_display_name' retrieved from /usr/local/python/3.12.1/lib/python3.12/site-packages/airflow/example_dags/example_display_name.py
[2026-05-18T14:30:32.000+0000] {logging_mixin.py:190} INFO - [2026-05-18T14:30:31.999+0000] {dag.py:3239} INFO - Sync 1 DAGs
[2026-05-18T14:30:32.015+0000] {logging_mixin.py:190} INFO - [2026-05-18T14:30:32.015+0000] {dag.py:4180} INFO - Setting next_dagrun for example_display_name to None, run_after=None
[2026-05-18T14:30:32.037+0000] {processor.py:208} INFO - Processing /usr/local/python/3.12.1/lib/python3.12/site-packages/airflow/example_dags/example_display_name.py took 0.073 seconds
[2026-05-18T14:31:43.920+0000] {processor.py:186} INFO - Started process (PID=32533) to work on /usr/local/python/3.12.1/lib/python3.12/site-packages/airflow/example_dags/example_display_name.py
[2026-05-18T14:31:43.921+0000] {processor.py:914} INFO - Processing file /usr/local/python/3.12.1/lib/python3.12/site-packages/airflow/example_dags/example_display_name.py for tasks to queue
[2026-05-18T14:31:43.923+0000] {logging_mixin.py:190} INFO - [2026-05-18T14:31:43.922+0000] {dagbag.py:588} INFO - Filling up the DagBag from /usr/local/python/3.12.1/lib/python3.12/site-packages/airflow/example_dags/example_display_name.py
[2026-05-18T14:31:43.929+0000] {processor.py:925} INFO - DAG(s) 'example_display_name' retrieved from /usr/local/python/3.12.1/lib/python3.12/site-packages/airflow/example_dags/example_display_name.py
[2026-05-18T14:31:43.940+0000] {logging_mixin.py:190} INFO - [2026-05-18T14:31:43.940+0000] {dag.py:3239} INFO - Sync 1 DAGs
[2026-05-18T14:31:43.950+0000] {logging_mixin.py:190} INFO - [2026-05-18T14:31:43.950+0000] {dag.py:4180} INFO - Setting next_dagrun for example_display_name to None, run_after=None
[2026-05-18T14:31:43.966+0000] {processor.py:208} INFO - Processing /usr/local/python/3.12.1/lib/python3.12/site-packages/airflow/example_dags/example_display_name.py took 0.050 seconds
[2026-05-18T14:32:58.918+0000] {processor.py:186} INFO - Started process (PID=33229) to work on /usr/local/python/3.12.1/lib/python3.12/site-packages/airflow/example_dags/example_display_name.py
[2026-05-18T14:32:58.919+0000] {processor.py:914} INFO - Processing file /usr/local/python/3.12.1/lib/python3.12/site-packages/airflow/example_dags/example_display_name.py for tasks to queue
[2026-05-18T14:32:58.920+0000] {logging_mixin.py:190} INFO - [2026-05-18T14:32:58.920+0000] {dagbag.py:588} INFO - Filling up the DagBag from /usr/local/python/3.12.1/lib/python3.12/site-packages/airflow/example_dags/example_display_name.py
[2026-05-18T14:32:58.926+0000] {processor.py:925} INFO - DAG(s) 'example_display_name' retrieved from /usr/local/python/3.12.1/lib/python3.12/site-packages/airflow/example_dags/example_display_name.py
[2026-05-18T14:32:58.938+0000] {logging_mixin.py:190} INFO - [2026-05-18T14:32:58.938+0000] {dag.py:3239} INFO - Sync 1 DAGs
[2026-05-18T14:32:58.948+0000] {logging_mixin.py:190} INFO - [2026-05-18T14:32:58.947+0000] {dag.py:4180} INFO - Setting next_dagrun for example_display_name to None, run_after=None
[2026-05-18T14:32:58.964+0000] {processor.py:208} INFO - Processing /usr/local/python/3.12.1/lib/python3.12/site-packages/airflow/example_dags/example_display_name.py took 0.050 seconds
[2026-05-18T14:33:50.818+0000] {processor.py:186} INFO - Started process (PID=33682) to work on /usr/local/python/3.12.1/lib/python3.12/site-packages/airflow/example_dags/example_display_name.py
[2026-05-18T14:33:50.818+0000] {processor.py:914} INFO - Processing file /usr/local/python/3.12.1/lib/python3.12/site-packages/airflow/example_dags/example_display_name.py for tasks to queue
[2026-05-18T14:33:50.820+0000] {logging_mixin.py:190} INFO - [2026-05-18T14:33:50.820+0000] {dagbag.py:588} INFO - Filling up the DagBag from /usr/local/python/3.12.1/lib/python3.12/site-packages/airflow/example_dags/example_display_name.py
[2026-05-18T14:33:50.826+0000] {processor.py:925} INFO - DAG(s) 'example_display_name' retrieved from /usr/local/python/3.12.1/lib/python3.12/site-packages/airflow/example_dags/example_display_name.py
[2026-05-18T14:33:50.837+0000] {logging_mixin.py:190} INFO - [2026-05-18T14:33:50.837+0000] {dag.py:3239} INFO - Sync 1 DAGs
[2026-05-18T14:33:50.846+0000] {logging_mixin.py:190} INFO - [2026-05-18T14:33:50.846+0000] {dag.py:4180} INFO - Setting next_dagrun for example_display_name to None, run_after=None
[2026-05-18T14:33:50.867+0000] {processor.py:208} INFO - Processing /usr/local/python/3.12.1/lib/python3.12/site-packages/airflow/example_dags/example_display_name.py took 0.053 seconds
[2026-05-18T14:34:59.662+0000] {processor.py:186} INFO - Started process (PID=34275) to work on /usr/local/python/3.12.1/lib/python3.12/site-packages/airflow/example_dags/example_display_name.py
[2026-05-18T14:34:59.663+0000] {processor.py:914} INFO - Processing file /usr/local/python/3.12.1/lib/python3.12/site-packages/airflow/example_dags/example_display_name.py for tasks to queue
[2026-05-18T14:34:59.666+0000] {logging_mixin.py:190} INFO - [2026-05-18T14:34:59.665+0000] {dagbag.py:588} INFO - Filling up the DagBag from /usr/local/python/3.12.1/lib/python3.12/site-packages/airflow/example_dags/example_display_name.py
[2026-05-18T14:34:59.673+0000] {processor.py:925} INFO - DAG(s) 'example_display_name' retrieved from /usr/local/python/3.12.1/lib/python3.12/site-packages/airflow/example_dags/example_display_name.py
[2026-05-18T14:34:59.688+0000] {logging_mixin.py:190} INFO - [2026-05-18T14:34:59.688+0000] {dag.py:3239} INFO - Sync 1 DAGs
[2026-05-18T14:34:59.697+0000] {logging_mixin.py:190} INFO - [2026-05-18T14:34:59.697+0000] {dag.py:4180} INFO - Setting next_dagrun for example_display_name to None, run_after=None
[2026-05-18T14:34:59.713+0000] {processor.py:208} INFO - Processing /usr/local/python/3.12.1/lib/python3.12/site-packages/airflow/example_dags/example_display_name.py took 0.056 seconds
[2026-05-18T14:36:11.596+0000] {processor.py:186} INFO - Started process (PID=34953) to work on /usr/local/python/3.12.1/lib/python3.12/site-packages/airflow/example_dags/example_display_name.py
[2026-05-18T14:36:11.597+0000] {processor.py:914} INFO - Processing file /usr/local/python/3.12.1/lib/python3.12/site-packages/airflow/example_dags/example_display_name.py for tasks to queue
[2026-05-18T14:36:11.600+0000] {logging_mixin.py:190} INFO - [2026-05-18T14:36:11.599+0000] {dagbag.py:588} INFO - Filling up the DagBag from /usr/local/python/3.12.1/lib/python3.12/site-packages/airflow/example_dags/example_display_name.py
[2026-05-18T14:36:11.608+0000] {processor.py:925} INFO - DAG(s) 'example_display_name' retrieved from /usr/local/python/3.12.1/lib/python3.12/site-packages/airflow/example_dags/example_display_name.py
[2026-05-18T14:36:11.621+0000] {logging_mixin.py:190} INFO - [2026-05-18T14:36:11.621+0000] {dag.py:3239} INFO - Sync 1 DAGs
[2026-05-18T14:36:11.632+0000] {logging_mixin.py:190} INFO - [2026-05-18T14:36:11.631+0000] {dag.py:4180} INFO - Setting next_dagrun for example_display_name to None, run_after=None
[2026-05-18T14:36:11.648+0000] {processor.py:208} INFO - Processing /usr/local/python/3.12.1/lib/python3.12/site-packages/airflow/example_dags/example_display_name.py took 0.059 seconds
[2026-05-18T14:37:02.562+0000] {processor.py:186} INFO - Started process (PID=35400) to work on /usr/local/python/3.12.1/lib/python3.12/site-packages/airflow/example_dags/example_display_name.py
[2026-05-18T14:37:02.563+0000] {processor.py:914} INFO - Processing file /usr/local/python/3.12.1/lib/python3.12/site-packages/airflow/example_dags/example_display_name.py for tasks to queue
[2026-05-18T14:37:02.565+0000] {logging_mixin.py:190} INFO - [2026-05-18T14:37:02.564+0000] {dagbag.py:588} INFO - Filling up the DagBag from /usr/local/python/3.12.1/lib/python3.12/site-packages/airflow/example_dags/example_display_name.py
[2026-05-18T14:37:02.570+0000] {processor.py:925} INFO - DAG(s) 'example_display_name' retrieved from /usr/local/python/3.12.1/lib/python3.12/site-packages/airflow/example_dags/example_display_name.py
[2026-05-18T14:37:02.582+0000] {logging_mixin.py:190} INFO - [2026-05-18T14:37:02.582+0000] {dag.py:3239} INFO - Sync 1 DAGs
[2026-05-18T14:37:02.592+0000] {logging_mixin.py:190} INFO - [2026-05-18T14:37:02.592+0000] {dag.py:4180} INFO - Setting next_dagrun for example_display_name to None, run_after=None
[2026-05-18T14:37:02.608+0000] {processor.py:208} INFO - Processing /usr/local/python/3.12.1/lib/python3.12/site-packages/airflow/example_dags/example_display_name.py took 0.050 seconds
[2026-05-18T14:37:54.338+0000] {processor.py:186} INFO - Started process (PID=35859) to work on /usr/local/python/3.12.1/lib/python3.12/site-packages/airflow/example_dags/example_display_name.py
[2026-05-18T14:37:54.339+0000] {processor.py:914} INFO - Processing file /usr/local/python/3.12.1/lib/python3.12/site-packages/airflow/example_dags/example_display_name.py for tasks to queue
[2026-05-18T14:37:54.340+0000] {logging_mixin.py:190} INFO - [2026-05-18T14:37:54.340+0000] {dagbag.py:588} INFO - Filling up the DagBag from /usr/local/python/3.12.1/lib/python3.12/site-packages/airflow/example_dags/example_display_name.py
[2026-05-18T14:37:54.347+0000] {processor.py:925} INFO - DAG(s) 'example_display_name' retrieved from /usr/local/python/3.12.1/lib/python3.12/site-packages/airflow/example_dags/example_display_name.py
[2026-05-18T14:37:54.359+0000] {logging_mixin.py:190} INFO - [2026-05-18T14:37:54.359+0000] {dag.py:3239} INFO - Sync 1 DAGs
[2026-05-18T14:37:54.374+0000] {logging_mixin.py:190} INFO - [2026-05-18T14:37:54.374+0000] {dag.py:4180} INFO - Setting next_dagrun for example_display_name to None, run_after=None
[2026-05-18T14:37:54.393+0000] {processor.py:208} INFO - Processing /usr/local/python/3.12.1/lib/python3.12/site-packages/airflow/example_dags/example_display_name.py took 0.059 seconds
[2026-05-18T14:38:47.548+0000] {processor.py:186} INFO - Started process (PID=36258) to work on /usr/local/python/3.12.1/lib/python3.12/site-packages/airflow/example_dags/example_display_name.py
[2026-05-18T14:38:47.548+0000] {processor.py:914} INFO - Processing file /usr/local/python/3.12.1/lib/python3.12/site-packages/airflow/example_dags/example_display_name.py for tasks to queue
[2026-05-18T14:38:47.550+0000] {logging_mixin.py:190} INFO - [2026-05-18T14:38:47.550+0000] {dagbag.py:588} INFO - Filling up the DagBag from /usr/local/python/3.12.1/lib/python3.12/site-packages/airflow/example_dags/example_display_name.py
[2026-05-18T14:38:47.559+0000] {processor.py:925} INFO - DAG(s) 'example_display_name' retrieved from /usr/local/python/3.12.1/lib/python3.12/site-packages/airflow/example_dags/example_display_name.py
[2026-05-18T14:38:47.579+0000] {logging_mixin.py:190} INFO - [2026-05-18T14:38:47.579+0000] {dag.py:3239} INFO - Sync 1 DAGs
[2026-05-18T14:38:47.592+0000] {logging_mixin.py:190} INFO - [2026-05-18T14:38:47.592+0000] {dag.py:4180} INFO - Setting next_dagrun for example_display_name to None, run_after=None
[2026-05-18T14:38:47.631+0000] {processor.py:208} INFO - Processing /usr/local/python/3.12.1/lib/python3.12/site-packages/airflow/example_dags/example_display_name.py took 0.084 seconds
[2026-05-18T14:39:38.294+0000] {processor.py:186} INFO - Started process (PID=36717) to work on /usr/local/python/3.12.1/lib/python3.12/site-packages/airflow/example_dags/example_display_name.py
[2026-05-18T14:39:38.294+0000] {processor.py:914} INFO - Processing file /usr/local/python/3.12.1/lib/python3.12/site-packages/airflow/example_dags/example_display_name.py for tasks to queue
[2026-05-18T14:39:38.296+0000] {logging_mixin.py:190} INFO - [2026-05-18T14:39:38.296+0000] {dagbag.py:588} INFO - Filling up the DagBag from /usr/local/python/3.12.1/lib/python3.12/site-packages/airflow/example_dags/example_display_name.py
[2026-05-18T14:39:38.302+0000] {processor.py:925} INFO - DAG(s) 'example_display_name' retrieved from /usr/local/python/3.12.1/lib/python3.12/site-packages/airflow/example_dags/example_display_name.py
[2026-05-18T14:39:38.314+0000] {logging_mixin.py:190} INFO - [2026-05-18T14:39:38.314+0000] {dag.py:3239} INFO - Sync 1 DAGs
[2026-05-18T14:39:38.324+0000] {logging_mixin.py:190} INFO - [2026-05-18T14:39:38.324+0000] {dag.py:4180} INFO - Setting next_dagrun for example_display_name to None, run_after=None
[2026-05-18T14:39:38.341+0000] {processor.py:208} INFO - Processing /usr/local/python/3.12.1/lib/python3.12/site-packages/airflow/example_dags/example_display_name.py took 0.051 seconds
[2026-05-18T14:40:30.105+0000] {processor.py:186} INFO - Started process (PID=37173) to work on /usr/local/python/3.12.1/lib/python3.12/site-packages/airflow/example_dags/example_display_name.py
[2026-05-18T14:40:30.106+0000] {processor.py:914} INFO - Processing file /usr/local/python/3.12.1/lib/python3.12/site-packages/airflow/example_dags/example_display_name.py for tasks to queue
[2026-05-18T14:40:30.108+0000] {logging_mixin.py:190} INFO - [2026-05-18T14:40:30.107+0000] {dagbag.py:588} INFO - Filling up the DagBag from /usr/local/python/3.12.1/lib/python3.12/site-packages/airflow/example_dags/example_display_name.py
[2026-05-18T14:40:30.114+0000] {processor.py:925} INFO - DAG(s) 'example_display_name' retrieved from /usr/local/python/3.12.1/lib/python3.12/site-packages/airflow/example_dags/example_display_name.py
[2026-05-18T14:40:30.126+0000] {logging_mixin.py:190} INFO - [2026-05-18T14:40:30.125+0000] {dag.py:3239} INFO - Sync 1 DAGs
[2026-05-18T14:40:30.135+0000] {logging_mixin.py:190} INFO - [2026-05-18T14:40:30.135+0000] {dag.py:4180} INFO - Setting next_dagrun for example_display_name to None, run_after=None
[2026-05-18T14:40:30.151+0000] {processor.py:208} INFO - Processing /usr/local/python/3.12.1/lib/python3.12/site-packages/airflow/example_dags/example_display_name.py took 0.051 seconds
[2026-05-18T14:41:42.600+0000] {processor.py:186} INFO - Started process (PID=37845) to work on /usr/local/python/3.12.1/lib/python3.12/site-packages/airflow/example_dags/example_display_name.py
[2026-05-18T14:41:42.601+0000] {processor.py:914} INFO - Processing file /usr/local/python/3.12.1/lib/python3.12/site-packages/airflow/example_dags/example_display_name.py for tasks to queue
[2026-05-18T14:41:42.605+0000] {logging_mixin.py:190} INFO - [2026-05-18T14:41:42.605+0000] {dagbag.py:588} INFO - Filling up the DagBag from /usr/local/python/3.12.1/lib/python3.12/site-packages/airflow/example_dags/example_display_name.py
[2026-05-18T14:41:42.613+0000] {processor.py:925} INFO - DAG(s) 'example_display_name' retrieved from /usr/local/python/3.12.1/lib/python3.12/site-packages/airflow/example_dags/example_display_name.py
[2026-05-18T14:41:42.656+0000] {logging_mixin.py:190} INFO - [2026-05-18T14:41:42.656+0000] {dag.py:3239} INFO - Sync 1 DAGs
[2026-05-18T14:41:42.681+0000] {logging_mixin.py:190} INFO - [2026-05-18T14:41:42.679+0000] {dag.py:4180} INFO - Setting next_dagrun for example_display_name to None, run_after=None
[2026-05-18T14:41:42.707+0000] {processor.py:208} INFO - Processing /usr/local/python/3.12.1/lib/python3.12/site-packages/airflow/example_dags/example_display_name.py took 0.115 seconds
[2026-05-18T14:42:33.531+0000] {processor.py:186} INFO - Started process (PID=38303) to work on /usr/local/python/3.12.1/lib/python3.12/site-packages/airflow/example_dags/example_display_name.py
[2026-05-18T14:42:33.532+0000] {processor.py:914} INFO - Processing file /usr/local/python/3.12.1/lib/python3.12/site-packages/airflow/example_dags/example_display_name.py for tasks to queue
[2026-05-18T14:42:33.534+0000] {logging_mixin.py:190} INFO - [2026-05-18T14:42:33.533+0000] {dagbag.py:588} INFO - Filling up the DagBag from /usr/local/python/3.12.1/lib/python3.12/site-packages/airflow/example_dags/example_display_name.py
[2026-05-18T14:42:33.540+0000] {processor.py:925} INFO - DAG(s) 'example_display_name' retrieved from /usr/local/python/3.12.1/lib/python3.12/site-packages/airflow/example_dags/example_display_name.py
[2026-05-18T14:42:33.551+0000] {logging_mixin.py:190} INFO - [2026-05-18T14:42:33.551+0000] {dag.py:3239} INFO - Sync 1 DAGs
[2026-05-18T14:42:33.560+0000] {logging_mixin.py:190} INFO - [2026-05-18T14:42:33.560+0000] {dag.py:4180} INFO - Setting next_dagrun for example_display_name to None, run_after=None
[2026-05-18T14:42:33.578+0000] {processor.py:208} INFO - Processing /usr/local/python/3.12.1/lib/python3.12/site-packages/airflow/example_dags/example_display_name.py took 0.051 seconds
[2026-05-18T14:43:24.036+0000] {processor.py:186} INFO - Started process (PID=38752) to work on /usr/local/python/3.12.1/lib/python3.12/site-packages/airflow/example_dags/example_display_name.py
[2026-05-18T14:43:24.037+0000] {processor.py:914} INFO - Processing file /usr/local/python/3.12.1/lib/python3.12/site-packages/airflow/example_dags/example_display_name.py for tasks to queue
[2026-05-18T14:43:24.039+0000] {logging_mixin.py:190} INFO - [2026-05-18T14:43:24.039+0000] {dagbag.py:588} INFO - Filling up the DagBag from /usr/local/python/3.12.1/lib/python3.12/site-packages/airflow/example_dags/example_display_name.py
[2026-05-18T14:43:24.048+0000] {processor.py:925} INFO - DAG(s) 'example_display_name' retrieved from /usr/local/python/3.12.1/lib/python3.12/site-packages/airflow/example_dags/example_display_name.py
[2026-05-18T14:43:24.063+0000] {logging_mixin.py:190} INFO - [2026-05-18T14:43:24.063+0000] {dag.py:3239} INFO - Sync 1 DAGs
[2026-05-18T14:43:24.078+0000] {logging_mixin.py:190} INFO - [2026-05-18T14:43:24.077+0000] {dag.py:4180} INFO - Setting next_dagrun for example_display_name to None, run_after=None
[2026-05-18T14:43:24.106+0000] {processor.py:208} INFO - Processing /usr/local/python/3.12.1/lib/python3.12/site-packages/airflow/example_dags/example_display_name.py took 0.080 seconds
[2026-05-18T14:44:15.493+0000] {processor.py:186} INFO - Started process (PID=39210) to work on /usr/local/python/3.12.1/lib/python3.12/site-packages/airflow/example_dags/example_display_name.py
[2026-05-18T14:44:15.493+0000] {processor.py:914} INFO - Processing file /usr/local/python/3.12.1/lib/python3.12/site-packages/airflow/example_dags/example_display_name.py for tasks to queue
[2026-05-18T14:44:15.495+0000] {logging_mixin.py:190} INFO - [2026-05-18T14:44:15.495+0000] {dagbag.py:588} INFO - Filling up the DagBag from /usr/local/python/3.12.1/lib/python3.12/site-packages/airflow/example_dags/example_display_name.py
[2026-05-18T14:44:15.501+0000] {processor.py:925} INFO - DAG(s) 'example_display_name' retrieved from /usr/local/python/3.12.1/lib/python3.12/site-packages/airflow/example_dags/example_display_name.py
[2026-05-18T14:44:15.512+0000] {logging_mixin.py:190} INFO - [2026-05-18T14:44:15.512+0000] {dag.py:3239} INFO - Sync 1 DAGs
[2026-05-18T14:44:15.522+0000] {logging_mixin.py:190} INFO - [2026-05-18T14:44:15.522+0000] {dag.py:4180} INFO - Setting next_dagrun for example_display_name to None, run_after=None
[2026-05-18T14:44:15.538+0000] {processor.py:208} INFO - Processing /usr/local/python/3.12.1/lib/python3.12/site-packages/airflow/example_dags/example_display_name.py took 0.050 seconds
[2026-05-18T14:45:30.484+0000] {processor.py:186} INFO - Started process (PID=39863) to work on /usr/local/python/3.12.1/lib/python3.12/site-packages/airflow/example_dags/example_display_name.py
[2026-05-18T14:45:30.484+0000] {processor.py:914} INFO - Processing file /usr/local/python/3.12.1/lib/python3.12/site-packages/airflow/example_dags/example_display_name.py for tasks to queue
[2026-05-18T14:45:30.486+0000] {logging_mixin.py:190} INFO - [2026-05-18T14:45:30.486+0000] {dagbag.py:588} INFO - Filling up the DagBag from /usr/local/python/3.12.1/lib/python3.12/site-packages/airflow/example_dags/example_display_name.py
[2026-05-18T14:45:30.492+0000] {processor.py:925} INFO - DAG(s) 'example_display_name' retrieved from /usr/local/python/3.12.1/lib/python3.12/site-packages/airflow/example_dags/example_display_name.py
[2026-05-18T14:45:30.506+0000] {logging_mixin.py:190} INFO - [2026-05-18T14:45:30.506+0000] {dag.py:3239} INFO - Sync 1 DAGs
[2026-05-18T14:45:30.516+0000] {logging_mixin.py:190} INFO - [2026-05-18T14:45:30.516+0000] {dag.py:4180} INFO - Setting next_dagrun for example_display_name to None, run_after=None
[2026-05-18T14:45:30.536+0000] {processor.py:208} INFO - Processing /usr/local/python/3.12.1/lib/python3.12/site-packages/airflow/example_dags/example_display_name.py took 0.058 seconds
[2026-05-18T14:46:46.647+0000] {processor.py:186} INFO - Started process (PID=40567) to work on /usr/local/python/3.12.1/lib/python3.12/site-packages/airflow/example_dags/example_display_name.py
[2026-05-18T14:46:46.648+0000] {processor.py:914} INFO - Processing file /usr/local/python/3.12.1/lib/python3.12/site-packages/airflow/example_dags/example_display_name.py for tasks to queue
[2026-05-18T14:46:46.649+0000] {logging_mixin.py:190} INFO - [2026-05-18T14:46:46.649+0000] {dagbag.py:588} INFO - Filling up the DagBag from /usr/local/python/3.12.1/lib/python3.12/site-packages/airflow/example_dags/example_display_name.py
[2026-05-18T14:46:46.656+0000] {processor.py:925} INFO - DAG(s) 'example_display_name' retrieved from /usr/local/python/3.12.1/lib/python3.12/site-packages/airflow/example_dags/example_display_name.py
[2026-05-18T14:46:46.669+0000] {logging_mixin.py:190} INFO - [2026-05-18T14:46:46.668+0000] {dag.py:3239} INFO - Sync 1 DAGs
[2026-05-18T14:46:46.682+0000] {logging_mixin.py:190} INFO - [2026-05-18T14:46:46.681+0000] {dag.py:4180} INFO - Setting next_dagrun for example_display_name to None, run_after=None
[2026-05-18T14:46:46.700+0000] {processor.py:208} INFO - Processing /usr/local/python/3.12.1/lib/python3.12/site-packages/airflow/example_dags/example_display_name.py took 0.057 seconds
[2026-05-18T14:47:38.099+0000] {processor.py:186} INFO - Started process (PID=41018) to work on /usr/local/python/3.12.1/lib/python3.12/site-packages/airflow/example_dags/example_display_name.py
[2026-05-18T14:47:38.100+0000] {processor.py:914} INFO - Processing file /usr/local/python/3.12.1/lib/python3.12/site-packages/airflow/example_dags/example_display_name.py for tasks to queue
[2026-05-18T14:47:38.102+0000] {logging_mixin.py:190} INFO - [2026-05-18T14:47:38.101+0000] {dagbag.py:588} INFO - Filling up the DagBag from /usr/local/python/3.12.1/lib/python3.12/site-packages/airflow/example_dags/example_display_name.py
[2026-05-18T14:47:38.108+0000] {processor.py:925} INFO - DAG(s) 'example_display_name' retrieved from /usr/local/python/3.12.1/lib/python3.12/site-packages/airflow/example_dags/example_display_name.py
[2026-05-18T14:47:38.121+0000] {logging_mixin.py:190} INFO - [2026-05-18T14:47:38.121+0000] {dag.py:3239} INFO - Sync 1 DAGs
[2026-05-18T14:47:38.132+0000] {logging_mixin.py:190} INFO - [2026-05-18T14:47:38.131+0000] {dag.py:4180} INFO - Setting next_dagrun for example_display_name to None, run_after=None
[2026-05-18T14:47:38.149+0000] {processor.py:208} INFO - Processing /usr/local/python/3.12.1/lib/python3.12/site-packages/airflow/example_dags/example_display_name.py took 0.055 seconds
[2026-05-18T14:48:30.957+0000] {processor.py:186} INFO - Started process (PID=41486) to work on /usr/local/python/3.12.1/lib/python3.12/site-packages/airflow/example_dags/example_display_name.py
[2026-05-18T14:48:30.958+0000] {processor.py:914} INFO - Processing file /usr/local/python/3.12.1/lib/python3.12/site-packages/airflow/example_dags/example_display_name.py for tasks to queue
[2026-05-18T14:48:30.960+0000] {logging_mixin.py:190} INFO - [2026-05-18T14:48:30.959+0000] {dagbag.py:588} INFO - Filling up the DagBag from /usr/local/python/3.12.1/lib/python3.12/site-packages/airflow/example_dags/example_display_name.py
[2026-05-18T14:48:30.966+0000] {processor.py:925} INFO - DAG(s) 'example_display_name' retrieved from /usr/local/python/3.12.1/lib/python3.12/site-packages/airflow/example_dags/example_display_name.py
[2026-05-18T14:48:30.981+0000] {logging_mixin.py:190} INFO - [2026-05-18T14:48:30.980+0000] {dag.py:3239} INFO - Sync 1 DAGs
[2026-05-18T14:48:30.992+0000] {logging_mixin.py:190} INFO - [2026-05-18T14:48:30.991+0000] {dag.py:4180} INFO - Setting next_dagrun for example_display_name to None, run_after=None
[2026-05-18T14:48:31.008+0000] {processor.py:208} INFO - Processing /usr/local/python/3.12.1/lib/python3.12/site-packages/airflow/example_dags/example_display_name.py took 0.055 seconds
[2026-05-18T14:49:23.794+0000] {processor.py:186} INFO - Started process (PID=41959) to work on /usr/local/python/3.12.1/lib/python3.12/site-packages/airflow/example_dags/example_display_name.py
[2026-05-18T14:49:23.794+0000] {processor.py:914} INFO - Processing file /usr/local/python/3.12.1/lib/python3.12/site-packages/airflow/example_dags/example_display_name.py for tasks to queue
[2026-05-18T14:49:23.796+0000] {logging_mixin.py:190} INFO - [2026-05-18T14:49:23.796+0000] {dagbag.py:588} INFO - Filling up the DagBag from /usr/local/python/3.12.1/lib/python3.12/site-packages/airflow/example_dags/example_display_name.py
[2026-05-18T14:49:23.802+0000] {processor.py:925} INFO - DAG(s) 'example_display_name' retrieved from /usr/local/python/3.12.1/lib/python3.12/site-packages/airflow/example_dags/example_display_name.py
[2026-05-18T14:49:23.814+0000] {logging_mixin.py:190} INFO - [2026-05-18T14:49:23.813+0000] {dag.py:3239} INFO - Sync 1 DAGs
[2026-05-18T14:49:23.823+0000] {logging_mixin.py:190} INFO - [2026-05-18T14:49:23.823+0000] {dag.py:4180} INFO - Setting next_dagrun for example_display_name to None, run_after=None
[2026-05-18T14:49:23.840+0000] {processor.py:208} INFO - Processing /usr/local/python/3.12.1/lib/python3.12/site-packages/airflow/example_dags/example_display_name.py took 0.051 seconds
[2026-05-18T14:50:17.699+0000] {processor.py:186} INFO - Started process (PID=42433) to work on /usr/local/python/3.12.1/lib/python3.12/site-packages/airflow/example_dags/example_display_name.py
[2026-05-18T14:50:17.699+0000] {processor.py:914} INFO - Processing file /usr/local/python/3.12.1/lib/python3.12/site-packages/airflow/example_dags/example_display_name.py for tasks to queue
[2026-05-18T14:50:17.701+0000] {logging_mixin.py:190} INFO - [2026-05-18T14:50:17.701+0000] {dagbag.py:588} INFO - Filling up the DagBag from /usr/local/python/3.12.1/lib/python3.12/site-packages/airflow/example_dags/example_display_name.py
[2026-05-18T14:50:17.707+0000] {processor.py:925} INFO - DAG(s) 'example_display_name' retrieved from /usr/local/python/3.12.1/lib/python3.12/site-packages/airflow/example_dags/example_display_name.py
[2026-05-18T14:50:17.718+0000] {logging_mixin.py:190} INFO - [2026-05-18T14:50:17.718+0000] {dag.py:3239} INFO - Sync 1 DAGs
[2026-05-18T14:50:17.728+0000] {logging_mixin.py:190} INFO - [2026-05-18T14:50:17.728+0000] {dag.py:4180} INFO - Setting next_dagrun for example_display_name to None, run_after=None
[2026-05-18T14:50:17.745+0000] {processor.py:208} INFO - Processing /usr/local/python/3.12.1/lib/python3.12/site-packages/airflow/example_dags/example_display_name.py took 0.052 seconds
[2026-05-18T14:51:31.208+0000] {processor.py:186} INFO - Started process (PID=43117) to work on /usr/local/python/3.12.1/lib/python3.12/site-packages/airflow/example_dags/example_display_name.py
[2026-05-18T14:51:31.209+0000] {processor.py:914} INFO - Processing file /usr/local/python/3.12.1/lib/python3.12/site-packages/airflow/example_dags/example_display_name.py for tasks to queue
[2026-05-18T14:51:31.210+0000] {logging_mixin.py:190} INFO - [2026-05-18T14:51:31.210+0000] {dagbag.py:588} INFO - Filling up the DagBag from /usr/local/python/3.12.1/lib/python3.12/site-packages/airflow/example_dags/example_display_name.py
[2026-05-18T14:51:31.216+0000] {processor.py:925} INFO - DAG(s) 'example_display_name' retrieved from /usr/local/python/3.12.1/lib/python3.12/site-packages/airflow/example_dags/example_display_name.py
[2026-05-18T14:51:31.227+0000] {logging_mixin.py:190} INFO - [2026-05-18T14:51:31.227+0000] {dag.py:3239} INFO - Sync 1 DAGs
[2026-05-18T14:51:31.236+0000] {logging_mixin.py:190} INFO - [2026-05-18T14:51:31.236+0000] {dag.py:4180} INFO - Setting next_dagrun for example_display_name to None, run_after=None
[2026-05-18T14:51:31.252+0000] {processor.py:208} INFO - Processing /usr/local/python/3.12.1/lib/python3.12/site-packages/airflow/example_dags/example_display_name.py took 0.048 seconds
[2026-05-18T14:52:45.015+0000] {processor.py:186} INFO - Started process (PID=43747) to work on /usr/local/python/3.12.1/lib/python3.12/site-packages/airflow/example_dags/example_display_name.py
[2026-05-18T14:52:45.016+0000] {processor.py:914} INFO - Processing file /usr/local/python/3.12.1/lib/python3.12/site-packages/airflow/example_dags/example_display_name.py for tasks to queue
[2026-05-18T14:52:45.018+0000] {logging_mixin.py:190} INFO - [2026-05-18T14:52:45.018+0000] {dagbag.py:588} INFO - Filling up the DagBag from /usr/local/python/3.12.1/lib/python3.12/site-packages/airflow/example_dags/example_display_name.py
[2026-05-18T14:52:45.024+0000] {processor.py:925} INFO - DAG(s) 'example_display_name' retrieved from /usr/local/python/3.12.1/lib/python3.12/site-packages/airflow/example_dags/example_display_name.py
[2026-05-18T14:52:45.035+0000] {logging_mixin.py:190} INFO - [2026-05-18T14:52:45.035+0000] {dag.py:3239} INFO - Sync 1 DAGs
[2026-05-18T14:52:45.045+0000] {logging_mixin.py:190} INFO - [2026-05-18T14:52:45.045+0000] {dag.py:4180} INFO - Setting next_dagrun for example_display_name to None, run_after=None
[2026-05-18T14:52:45.061+0000] {processor.py:208} INFO - Processing /usr/local/python/3.12.1/lib/python3.12/site-packages/airflow/example_dags/example_display_name.py took 0.050 seconds
[2026-05-18T14:53:56.771+0000] {processor.py:186} INFO - Started process (PID=44420) to work on /usr/local/python/3.12.1/lib/python3.12/site-packages/airflow/example_dags/example_display_name.py
[2026-05-18T14:53:56.772+0000] {processor.py:914} INFO - Processing file /usr/local/python/3.12.1/lib/python3.12/site-packages/airflow/example_dags/example_display_name.py for tasks to queue
[2026-05-18T14:53:56.774+0000] {logging_mixin.py:190} INFO - [2026-05-18T14:53:56.773+0000] {dagbag.py:588} INFO - Filling up the DagBag from /usr/local/python/3.12.1/lib/python3.12/site-packages/airflow/example_dags/example_display_name.py
[2026-05-18T14:53:56.781+0000] {processor.py:925} INFO - DAG(s) 'example_display_name' retrieved from /usr/local/python/3.12.1/lib/python3.12/site-packages/airflow/example_dags/example_display_name.py
[2026-05-18T14:53:56.794+0000] {logging_mixin.py:190} INFO - [2026-05-18T14:53:56.794+0000] {dag.py:3239} INFO - Sync 1 DAGs
[2026-05-18T14:53:56.803+0000] {logging_mixin.py:190} INFO - [2026-05-18T14:53:56.803+0000] {dag.py:4180} INFO - Setting next_dagrun for example_display_name to None, run_after=None
[2026-05-18T14:53:56.819+0000] {processor.py:208} INFO - Processing /usr/local/python/3.12.1/lib/python3.12/site-packages/airflow/example_dags/example_display_name.py took 0.053 seconds
[2026-05-18T14:55:12.008+0000] {processor.py:186} INFO - Started process (PID=45073) to work on /usr/local/python/3.12.1/lib/python3.12/site-packages/airflow/example_dags/example_display_name.py
[2026-05-18T14:55:12.009+0000] {processor.py:914} INFO - Processing file /usr/local/python/3.12.1/lib/python3.12/site-packages/airflow/example_dags/example_display_name.py for tasks to queue
[2026-05-18T14:55:12.011+0000] {logging_mixin.py:190} INFO - [2026-05-18T14:55:12.010+0000] {dagbag.py:588} INFO - Filling up the DagBag from /usr/local/python/3.12.1/lib/python3.12/site-packages/airflow/example_dags/example_display_name.py
[2026-05-18T14:55:12.016+0000] {processor.py:925} INFO - DAG(s) 'example_display_name' retrieved from /usr/local/python/3.12.1/lib/python3.12/site-packages/airflow/example_dags/example_display_name.py
[2026-05-18T14:55:12.027+0000] {logging_mixin.py:190} INFO - [2026-05-18T14:55:12.027+0000] {dag.py:3239} INFO - Sync 1 DAGs
[2026-05-18T14:55:12.037+0000] {logging_mixin.py:190} INFO - [2026-05-18T14:55:12.037+0000] {dag.py:4180} INFO - Setting next_dagrun for example_display_name to None, run_after=None
[2026-05-18T14:55:12.056+0000] {processor.py:208} INFO - Processing /usr/local/python/3.12.1/lib/python3.12/site-packages/airflow/example_dags/example_display_name.py took 0.052 seconds
[2026-05-18T14:56:01.999+0000] {processor.py:186} INFO - Started process (PID=45576) to work on /usr/local/python/3.12.1/lib/python3.12/site-packages/airflow/example_dags/example_display_name.py
[2026-05-18T14:56:02.000+0000] {processor.py:914} INFO - Processing file /usr/local/python/3.12.1/lib/python3.12/site-packages/airflow/example_dags/example_display_name.py for tasks to queue
[2026-05-18T14:56:02.002+0000] {logging_mixin.py:190} INFO - [2026-05-18T14:56:02.001+0000] {dagbag.py:588} INFO - Filling up the DagBag from /usr/local/python/3.12.1/lib/python3.12/site-packages/airflow/example_dags/example_display_name.py
[2026-05-18T14:56:02.008+0000] {processor.py:925} INFO - DAG(s) 'example_display_name' retrieved from /usr/local/python/3.12.1/lib/python3.12/site-packages/airflow/example_dags/example_display_name.py
[2026-05-18T14:56:02.020+0000] {logging_mixin.py:190} INFO - [2026-05-18T14:56:02.019+0000] {dag.py:3239} INFO - Sync 1 DAGs
[2026-05-18T14:56:02.030+0000] {logging_mixin.py:190} INFO - [2026-05-18T14:56:02.030+0000] {dag.py:4180} INFO - Setting next_dagrun for example_display_name to None, run_after=None
[2026-05-18T14:56:02.047+0000] {processor.py:208} INFO - Processing /usr/local/python/3.12.1/lib/python3.12/site-packages/airflow/example_dags/example_display_name.py took 0.052 seconds
[2026-05-18T14:57:13.767+0000] {processor.py:186} INFO - Started process (PID=46193) to work on /usr/local/python/3.12.1/lib/python3.12/site-packages/airflow/example_dags/example_display_name.py
[2026-05-18T14:57:13.768+0000] {processor.py:914} INFO - Processing file /usr/local/python/3.12.1/lib/python3.12/site-packages/airflow/example_dags/example_display_name.py for tasks to queue
[2026-05-18T14:57:13.770+0000] {logging_mixin.py:190} INFO - [2026-05-18T14:57:13.770+0000] {dagbag.py:588} INFO - Filling up the DagBag from /usr/local/python/3.12.1/lib/python3.12/site-packages/airflow/example_dags/example_display_name.py
[2026-05-18T14:57:13.778+0000] {processor.py:925} INFO - DAG(s) 'example_display_name' retrieved from /usr/local/python/3.12.1/lib/python3.12/site-packages/airflow/example_dags/example_display_name.py
[2026-05-18T14:57:13.798+0000] {logging_mixin.py:190} INFO - [2026-05-18T14:57:13.798+0000] {dag.py:3239} INFO - Sync 1 DAGs
[2026-05-18T14:57:13.819+0000] {logging_mixin.py:190} INFO - [2026-05-18T14:57:13.818+0000] {dag.py:4180} INFO - Setting next_dagrun for example_display_name to None, run_after=None
[2026-05-18T14:57:13.842+0000] {processor.py:208} INFO - Processing /usr/local/python/3.12.1/lib/python3.12/site-packages/airflow/example_dags/example_display_name.py took 0.080 seconds
[2026-05-18T14:58:03.248+0000] {processor.py:186} INFO - Started process (PID=46632) to work on /usr/local/python/3.12.1/lib/python3.12/site-packages/airflow/example_dags/example_display_name.py
[2026-05-18T14:58:03.249+0000] {processor.py:914} INFO - Processing file /usr/local/python/3.12.1/lib/python3.12/site-packages/airflow/example_dags/example_display_name.py for tasks to queue
[2026-05-18T14:58:03.251+0000] {logging_mixin.py:190} INFO - [2026-05-18T14:58:03.250+0000] {dagbag.py:588} INFO - Filling up the DagBag from /usr/local/python/3.12.1/lib/python3.12/site-packages/airflow/example_dags/example_display_name.py
[2026-05-18T14:58:03.257+0000] {processor.py:925} INFO - DAG(s) 'example_display_name' retrieved from /usr/local/python/3.12.1/lib/python3.12/site-packages/airflow/example_dags/example_display_name.py
[2026-05-18T14:58:03.275+0000] {logging_mixin.py:190} INFO - [2026-05-18T14:58:03.275+0000] {dag.py:3239} INFO - Sync 1 DAGs
[2026-05-18T14:58:03.288+0000] {logging_mixin.py:190} INFO - [2026-05-18T14:58:03.288+0000] {dag.py:4180} INFO - Setting next_dagrun for example_display_name to None, run_after=None
[2026-05-18T14:58:03.307+0000] {processor.py:208} INFO - Processing /usr/local/python/3.12.1/lib/python3.12/site-packages/airflow/example_dags/example_display_name.py took 0.063 seconds
[2026-05-18T14:58:54.549+0000] {processor.py:186} INFO - Started process (PID=47088) to work on /usr/local/python/3.12.1/lib/python3.12/site-packages/airflow/example_dags/example_display_name.py
[2026-05-18T14:58:54.550+0000] {processor.py:914} INFO - Processing file /usr/local/python/3.12.1/lib/python3.12/site-packages/airflow/example_dags/example_display_name.py for tasks to queue
[2026-05-18T14:58:54.552+0000] {logging_mixin.py:190} INFO - [2026-05-18T14:58:54.551+0000] {dagbag.py:588} INFO - Filling up the DagBag from /usr/local/python/3.12.1/lib/python3.12/site-packages/airflow/example_dags/example_display_name.py
[2026-05-18T14:58:54.561+0000] {processor.py:925} INFO - DAG(s) 'example_display_name' retrieved from /usr/local/python/3.12.1/lib/python3.12/site-packages/airflow/example_dags/example_display_name.py
[2026-05-18T14:58:54.579+0000] {logging_mixin.py:190} INFO - [2026-05-18T14:58:54.579+0000] {dag.py:3239} INFO - Sync 1 DAGs
[2026-05-18T14:58:54.607+0000] {logging_mixin.py:190} INFO - [2026-05-18T14:58:54.607+0000] {dag.py:4180} INFO - Setting next_dagrun for example_display_name to None, run_after=None
[2026-05-18T14:58:54.643+0000] {processor.py:208} INFO - Processing /usr/local/python/3.12.1/lib/python3.12/site-packages/airflow/example_dags/example_display_name.py took 0.098 seconds
[2026-05-18T14:59:47.493+0000] {processor.py:186} INFO - Started process (PID=47490) to work on /usr/local/python/3.12.1/lib/python3.12/site-packages/airflow/example_dags/example_display_name.py
[2026-05-18T14:59:47.494+0000] {processor.py:914} INFO - Processing file /usr/local/python/3.12.1/lib/python3.12/site-packages/airflow/example_dags/example_display_name.py for tasks to queue
[2026-05-18T14:59:47.496+0000] {logging_mixin.py:190} INFO - [2026-05-18T14:59:47.495+0000] {dagbag.py:588} INFO - Filling up the DagBag from /usr/local/python/3.12.1/lib/python3.12/site-packages/airflow/example_dags/example_display_name.py
[2026-05-18T14:59:47.501+0000] {processor.py:925} INFO - DAG(s) 'example_display_name' retrieved from /usr/local/python/3.12.1/lib/python3.12/site-packages/airflow/example_dags/example_display_name.py
[2026-05-18T14:59:47.512+0000] {logging_mixin.py:190} INFO - [2026-05-18T14:59:47.512+0000] {dag.py:3239} INFO - Sync 1 DAGs
[2026-05-18T14:59:47.521+0000] {logging_mixin.py:190} INFO - [2026-05-18T14:59:47.521+0000] {dag.py:4180} INFO - Setting next_dagrun for example_display_name to None, run_after=None
[2026-05-18T14:59:47.537+0000] {processor.py:208} INFO - Processing /usr/local/python/3.12.1/lib/python3.12/site-packages/airflow/example_dags/example_display_name.py took 0.047 seconds
[2026-05-18T15:00:39.627+0000] {processor.py:186} INFO - Started process (PID=47954) to work on /usr/local/python/3.12.1/lib/python3.12/site-packages/airflow/example_dags/example_display_name.py
[2026-05-18T15:00:39.628+0000] {processor.py:914} INFO - Processing file /usr/local/python/3.12.1/lib/python3.12/site-packages/airflow/example_dags/example_display_name.py for tasks to queue
[2026-05-18T15:00:39.629+0000] {logging_mixin.py:190} INFO - [2026-05-18T15:00:39.629+0000] {dagbag.py:588} INFO - Filling up the DagBag from /usr/local/python/3.12.1/lib/python3.12/site-packages/airflow/example_dags/example_display_name.py
[2026-05-18T15:00:39.635+0000] {processor.py:925} INFO - DAG(s) 'example_display_name' retrieved from /usr/local/python/3.12.1/lib/python3.12/site-packages/airflow/example_dags/example_display_name.py
[2026-05-18T15:00:39.647+0000] {logging_mixin.py:190} INFO - [2026-05-18T15:00:39.646+0000] {dag.py:3239} INFO - Sync 1 DAGs
[2026-05-18T15:00:39.657+0000] {logging_mixin.py:190} INFO - [2026-05-18T15:00:39.657+0000] {dag.py:4180} INFO - Setting next_dagrun for example_display_name to None, run_after=None
[2026-05-18T15:00:39.674+0000] {processor.py:208} INFO - Processing /usr/local/python/3.12.1/lib/python3.12/site-packages/airflow/example_dags/example_display_name.py took 0.052 seconds
[2026-05-18T15:01:54.765+0000] {processor.py:186} INFO - Started process (PID=48705) to work on /usr/local/python/3.12.1/lib/python3.12/site-packages/airflow/example_dags/example_display_name.py
[2026-05-18T15:01:54.766+0000] {processor.py:914} INFO - Processing file /usr/local/python/3.12.1/lib/python3.12/site-packages/airflow/example_dags/example_display_name.py for tasks to queue
[2026-05-18T15:01:54.768+0000] {logging_mixin.py:190} INFO - [2026-05-18T15:01:54.768+0000] {dagbag.py:588} INFO - Filling up the DagBag from /usr/local/python/3.12.1/lib/python3.12/site-packages/airflow/example_dags/example_display_name.py
[2026-05-18T15:01:54.776+0000] {processor.py:925} INFO - DAG(s) 'example_display_name' retrieved from /usr/local/python/3.12.1/lib/python3.12/site-packages/airflow/example_dags/example_display_name.py
[2026-05-18T15:01:54.790+0000] {logging_mixin.py:190} INFO - [2026-05-18T15:01:54.790+0000] {dag.py:3239} INFO - Sync 1 DAGs
[2026-05-18T15:01:54.800+0000] {logging_mixin.py:190} INFO - [2026-05-18T15:01:54.800+0000] {dag.py:4180} INFO - Setting next_dagrun for example_display_name to None, run_after=None
[2026-05-18T15:01:54.817+0000] {processor.py:208} INFO - Processing /usr/local/python/3.12.1/lib/python3.12/site-packages/airflow/example_dags/example_display_name.py took 0.056 seconds
[2026-05-18T15:03:10.507+0000] {processor.py:186} INFO - Started process (PID=49407) to work on /usr/local/python/3.12.1/lib/python3.12/site-packages/airflow/example_dags/example_display_name.py
[2026-05-18T15:03:10.508+0000] {processor.py:914} INFO - Processing file /usr/local/python/3.12.1/lib/python3.12/site-packages/airflow/example_dags/example_display_name.py for tasks to queue
[2026-05-18T15:03:10.509+0000] {logging_mixin.py:190} INFO - [2026-05-18T15:03:10.509+0000] {dagbag.py:588} INFO - Filling up the DagBag from /usr/local/python/3.12.1/lib/python3.12/site-packages/airflow/example_dags/example_display_name.py
[2026-05-18T15:03:10.515+0000] {processor.py:925} INFO - DAG(s) 'example_display_name' retrieved from /usr/local/python/3.12.1/lib/python3.12/site-packages/airflow/example_dags/example_display_name.py
[2026-05-18T15:03:10.526+0000] {logging_mixin.py:190} INFO - [2026-05-18T15:03:10.526+0000] {dag.py:3239} INFO - Sync 1 DAGs
[2026-05-18T15:03:10.536+0000] {logging_mixin.py:190} INFO - [2026-05-18T15:03:10.536+0000] {dag.py:4180} INFO - Setting next_dagrun for example_display_name to None, run_after=None
[2026-05-18T15:03:10.553+0000] {processor.py:208} INFO - Processing /usr/local/python/3.12.1/lib/python3.12/site-packages/airflow/example_dags/example_display_name.py took 0.051 seconds
[2026-05-18T15:05:13.233+0000] {processor.py:186} INFO - Started process (PID=50824) to work on /usr/local/python/3.12.1/lib/python3.12/site-packages/airflow/example_dags/example_display_name.py
[2026-05-18T15:05:13.235+0000] {processor.py:914} INFO - Processing file /usr/local/python/3.12.1/lib/python3.12/site-packages/airflow/example_dags/example_display_name.py for tasks to queue
[2026-05-18T15:05:13.236+0000] {logging_mixin.py:190} INFO - [2026-05-18T15:05:13.236+0000] {dagbag.py:588} INFO - Filling up the DagBag from /usr/local/python/3.12.1/lib/python3.12/site-packages/airflow/example_dags/example_display_name.py
[2026-05-18T15:05:13.242+0000] {processor.py:925} INFO - DAG(s) 'example_display_name' retrieved from /usr/local/python/3.12.1/lib/python3.12/site-packages/airflow/example_dags/example_display_name.py
[2026-05-18T15:05:13.253+0000] {logging_mixin.py:190} INFO - [2026-05-18T15:05:13.253+0000] {dag.py:3239} INFO - Sync 1 DAGs
[2026-05-18T15:05:13.263+0000] {logging_mixin.py:190} INFO - [2026-05-18T15:05:13.263+0000] {dag.py:4180} INFO - Setting next_dagrun for example_display_name to None, run_after=None
[2026-05-18T15:05:13.283+0000] {processor.py:208} INFO - Processing /usr/local/python/3.12.1/lib/python3.12/site-packages/airflow/example_dags/example_display_name.py took 0.055 seconds
[2026-05-18T15:06:08.758+0000] {processor.py:186} INFO - Started process (PID=51566) to work on /usr/local/python/3.12.1/lib/python3.12/site-packages/airflow/example_dags/example_display_name.py
[2026-05-18T15:06:08.759+0000] {processor.py:914} INFO - Processing file /usr/local/python/3.12.1/lib/python3.12/site-packages/airflow/example_dags/example_display_name.py for tasks to queue
[2026-05-18T15:06:08.761+0000] {logging_mixin.py:190} INFO - [2026-05-18T15:06:08.761+0000] {dagbag.py:588} INFO - Filling up the DagBag from /usr/local/python/3.12.1/lib/python3.12/site-packages/airflow/example_dags/example_display_name.py
[2026-05-18T15:06:08.769+0000] {processor.py:925} INFO - DAG(s) 'example_display_name' retrieved from /usr/local/python/3.12.1/lib/python3.12/site-packages/airflow/example_dags/example_display_name.py
[2026-05-18T15:06:08.785+0000] {logging_mixin.py:190} INFO - [2026-05-18T15:06:08.784+0000] {dag.py:3239} INFO - Sync 1 DAGs
[2026-05-18T15:06:08.796+0000] {logging_mixin.py:190} INFO - [2026-05-18T15:06:08.796+0000] {dag.py:4180} INFO - Setting next_dagrun for example_display_name to None, run_after=None
[2026-05-18T15:06:08.813+0000] {processor.py:208} INFO - Processing /usr/local/python/3.12.1/lib/python3.12/site-packages/airflow/example_dags/example_display_name.py took 0.059 seconds
[2026-05-18T15:07:03.696+0000] {processor.py:186} INFO - Started process (PID=52083) to work on /usr/local/python/3.12.1/lib/python3.12/site-packages/airflow/example_dags/example_display_name.py
[2026-05-18T15:07:03.697+0000] {processor.py:914} INFO - Processing file /usr/local/python/3.12.1/lib/python3.12/site-packages/airflow/example_dags/example_display_name.py for tasks to queue
[2026-05-18T15:07:03.699+0000] {logging_mixin.py:190} INFO - [2026-05-18T15:07:03.699+0000] {dagbag.py:588} INFO - Filling up the DagBag from /usr/local/python/3.12.1/lib/python3.12/site-packages/airflow/example_dags/example_display_name.py
[2026-05-18T15:07:03.705+0000] {processor.py:925} INFO - DAG(s) 'example_display_name' retrieved from /usr/local/python/3.12.1/lib/python3.12/site-packages/airflow/example_dags/example_display_name.py
[2026-05-18T15:07:03.717+0000] {logging_mixin.py:190} INFO - [2026-05-18T15:07:03.717+0000] {dag.py:3239} INFO - Sync 1 DAGs
[2026-05-18T15:07:03.732+0000] {logging_mixin.py:190} INFO - [2026-05-18T15:07:03.732+0000] {dag.py:4180} INFO - Setting next_dagrun for example_display_name to None, run_after=None
[2026-05-18T15:07:03.767+0000] {processor.py:208} INFO - Processing /usr/local/python/3.12.1/lib/python3.12/site-packages/airflow/example_dags/example_display_name.py took 0.075 seconds
[2026-05-18T15:07:56.643+0000] {processor.py:186} INFO - Started process (PID=52605) to work on /usr/local/python/3.12.1/lib/python3.12/site-packages/airflow/example_dags/example_display_name.py
[2026-05-18T15:07:56.644+0000] {processor.py:914} INFO - Processing file /usr/local/python/3.12.1/lib/python3.12/site-packages/airflow/example_dags/example_display_name.py for tasks to queue
[2026-05-18T15:07:56.645+0000] {logging_mixin.py:190} INFO - [2026-05-18T15:07:56.645+0000] {dagbag.py:588} INFO - Filling up the DagBag from /usr/local/python/3.12.1/lib/python3.12/site-packages/airflow/example_dags/example_display_name.py
[2026-05-18T15:07:56.651+0000] {processor.py:925} INFO - DAG(s) 'example_display_name' retrieved from /usr/local/python/3.12.1/lib/python3.12/site-packages/airflow/example_dags/example_display_name.py
[2026-05-18T15:07:56.663+0000] {logging_mixin.py:190} INFO - [2026-05-18T15:07:56.662+0000] {dag.py:3239} INFO - Sync 1 DAGs
[2026-05-18T15:07:56.676+0000] {logging_mixin.py:190} INFO - [2026-05-18T15:07:56.676+0000] {dag.py:4180} INFO - Setting next_dagrun for example_display_name to None, run_after=None
[2026-05-18T15:07:56.695+0000] {processor.py:208} INFO - Processing /usr/local/python/3.12.1/lib/python3.12/site-packages/airflow/example_dags/example_display_name.py took 0.057 seconds
[2026-05-18T15:09:11.026+0000] {processor.py:186} INFO - Started process (PID=53279) to work on /usr/local/python/3.12.1/lib/python3.12/site-packages/airflow/example_dags/example_display_name.py
[2026-05-18T15:09:11.027+0000] {processor.py:914} INFO - Processing file /usr/local/python/3.12.1/lib/python3.12/site-packages/airflow/example_dags/example_display_name.py for tasks to queue
[2026-05-18T15:09:11.028+0000] {logging_mixin.py:190} INFO - [2026-05-18T15:09:11.028+0000] {dagbag.py:588} INFO - Filling up the DagBag from /usr/local/python/3.12.1/lib/python3.12/site-packages/airflow/example_dags/example_display_name.py
[2026-05-18T15:09:11.034+0000] {processor.py:925} INFO - DAG(s) 'example_display_name' retrieved from /usr/local/python/3.12.1/lib/python3.12/site-packages/airflow/example_dags/example_display_name.py
[2026-05-18T15:09:11.046+0000] {logging_mixin.py:190} INFO - [2026-05-18T15:09:11.046+0000] {dag.py:3239} INFO - Sync 1 DAGs
[2026-05-18T15:09:11.057+0000] {logging_mixin.py:190} INFO - [2026-05-18T15:09:11.057+0000] {dag.py:4180} INFO - Setting next_dagrun for example_display_name to None, run_after=None
[2026-05-18T15:09:11.076+0000] {processor.py:208} INFO - Processing /usr/local/python/3.12.1/lib/python3.12/site-packages/airflow/example_dags/example_display_name.py took 0.055 seconds
[2026-05-18T15:10:03.198+0000] {processor.py:186} INFO - Started process (PID=53795) to work on /usr/local/python/3.12.1/lib/python3.12/site-packages/airflow/example_dags/example_display_name.py
[2026-05-18T15:10:03.199+0000] {processor.py:914} INFO - Processing file /usr/local/python/3.12.1/lib/python3.12/site-packages/airflow/example_dags/example_display_name.py for tasks to queue
[2026-05-18T15:10:03.201+0000] {logging_mixin.py:190} INFO - [2026-05-18T15:10:03.201+0000] {dagbag.py:588} INFO - Filling up the DagBag from /usr/local/python/3.12.1/lib/python3.12/site-packages/airflow/example_dags/example_display_name.py
[2026-05-18T15:10:03.207+0000] {processor.py:925} INFO - DAG(s) 'example_display_name' retrieved from /usr/local/python/3.12.1/lib/python3.12/site-packages/airflow/example_dags/example_display_name.py
[2026-05-18T15:10:03.219+0000] {logging_mixin.py:190} INFO - [2026-05-18T15:10:03.219+0000] {dag.py:3239} INFO - Sync 1 DAGs
[2026-05-18T15:10:03.228+0000] {logging_mixin.py:190} INFO - [2026-05-18T15:10:03.228+0000] {dag.py:4180} INFO - Setting next_dagrun for example_display_name to None, run_after=None
[2026-05-18T15:10:03.244+0000] {processor.py:208} INFO - Processing /usr/local/python/3.12.1/lib/python3.12/site-packages/airflow/example_dags/example_display_name.py took 0.052 seconds
[2026-05-18T15:11:18.893+0000] {processor.py:186} INFO - Started process (PID=54432) to work on /usr/local/python/3.12.1/lib/python3.12/site-packages/airflow/example_dags/example_display_name.py
[2026-05-18T15:11:18.894+0000] {processor.py:914} INFO - Processing file /usr/local/python/3.12.1/lib/python3.12/site-packages/airflow/example_dags/example_display_name.py for tasks to queue
[2026-05-18T15:11:18.896+0000] {logging_mixin.py:190} INFO - [2026-05-18T15:11:18.895+0000] {dagbag.py:588} INFO - Filling up the DagBag from /usr/local/python/3.12.1/lib/python3.12/site-packages/airflow/example_dags/example_display_name.py
[2026-05-18T15:11:18.902+0000] {processor.py:925} INFO - DAG(s) 'example_display_name' retrieved from /usr/local/python/3.12.1/lib/python3.12/site-packages/airflow/example_dags/example_display_name.py
[2026-05-18T15:11:18.913+0000] {logging_mixin.py:190} INFO - [2026-05-18T15:11:18.913+0000] {dag.py:3239} INFO - Sync 1 DAGs
[2026-05-18T15:11:18.923+0000] {logging_mixin.py:190} INFO - [2026-05-18T15:11:18.922+0000] {dag.py:4180} INFO - Setting next_dagrun for example_display_name to None, run_after=None
[2026-05-18T15:11:18.939+0000] {processor.py:208} INFO - Processing /usr/local/python/3.12.1/lib/python3.12/site-packages/airflow/example_dags/example_display_name.py took 0.050 seconds
[2026-05-18T15:20:54.640+0000] {processor.py:186} INFO - Started process (PID=61588) to work on /usr/local/python/3.12.1/lib/python3.12/site-packages/airflow/example_dags/example_display_name.py
[2026-05-18T15:20:54.646+0000] {processor.py:914} INFO - Processing file /usr/local/python/3.12.1/lib/python3.12/site-packages/airflow/example_dags/example_display_name.py for tasks to queue
[2026-05-18T15:20:54.649+0000] {logging_mixin.py:190} INFO - [2026-05-18T15:20:54.648+0000] {dagbag.py:588} INFO - Filling up the DagBag from /usr/local/python/3.12.1/lib/python3.12/site-packages/airflow/example_dags/example_display_name.py
[2026-05-18T15:20:54.655+0000] {processor.py:925} INFO - DAG(s) 'example_display_name' retrieved from /usr/local/python/3.12.1/lib/python3.12/site-packages/airflow/example_dags/example_display_name.py
[2026-05-18T15:20:54.748+0000] {logging_mixin.py:190} INFO - [2026-05-18T15:20:54.748+0000] {dag.py:3239} INFO - Sync 1 DAGs
[2026-05-18T15:20:54.758+0000] {logging_mixin.py:190} INFO - [2026-05-18T15:20:54.758+0000] {dag.py:4180} INFO - Setting next_dagrun for example_display_name to None, run_after=None
[2026-05-18T15:20:54.777+0000] {processor.py:208} INFO - Processing /usr/local/python/3.12.1/lib/python3.12/site-packages/airflow/example_dags/example_display_name.py took 0.143 seconds
[2026-05-18T15:22:03.699+0000] {processor.py:186} INFO - Started process (PID=62360) to work on /usr/local/python/3.12.1/lib/python3.12/site-packages/airflow/example_dags/example_display_name.py
[2026-05-18T15:22:03.700+0000] {processor.py:914} INFO - Processing file /usr/local/python/3.12.1/lib/python3.12/site-packages/airflow/example_dags/example_display_name.py for tasks to queue
[2026-05-18T15:22:03.701+0000] {logging_mixin.py:190} INFO - [2026-05-18T15:22:03.701+0000] {dagbag.py:588} INFO - Filling up the DagBag from /usr/local/python/3.12.1/lib/python3.12/site-packages/airflow/example_dags/example_display_name.py
[2026-05-18T15:22:03.708+0000] {processor.py:925} INFO - DAG(s) 'example_display_name' retrieved from /usr/local/python/3.12.1/lib/python3.12/site-packages/airflow/example_dags/example_display_name.py
[2026-05-18T15:22:03.719+0000] {logging_mixin.py:190} INFO - [2026-05-18T15:22:03.719+0000] {dag.py:3239} INFO - Sync 1 DAGs
[2026-05-18T15:22:03.729+0000] {logging_mixin.py:190} INFO - [2026-05-18T15:22:03.729+0000] {dag.py:4180} INFO - Setting next_dagrun for example_display_name to None, run_after=None
[2026-05-18T15:22:03.745+0000] {processor.py:208} INFO - Processing /usr/local/python/3.12.1/lib/python3.12/site-packages/airflow/example_dags/example_display_name.py took 0.050 seconds
[2026-05-18T15:23:09.493+0000] {processor.py:186} INFO - Started process (PID=62983) to work on /usr/local/python/3.12.1/lib/python3.12/site-packages/airflow/example_dags/example_display_name.py
[2026-05-18T15:23:09.494+0000] {processor.py:914} INFO - Processing file /usr/local/python/3.12.1/lib/python3.12/site-packages/airflow/example_dags/example_display_name.py for tasks to queue
[2026-05-18T15:23:09.496+0000] {logging_mixin.py:190} INFO - [2026-05-18T15:23:09.495+0000] {dagbag.py:588} INFO - Filling up the DagBag from /usr/local/python/3.12.1/lib/python3.12/site-packages/airflow/example_dags/example_display_name.py
[2026-05-18T15:23:09.501+0000] {processor.py:925} INFO - DAG(s) 'example_display_name' retrieved from /usr/local/python/3.12.1/lib/python3.12/site-packages/airflow/example_dags/example_display_name.py
[2026-05-18T15:23:09.513+0000] {logging_mixin.py:190} INFO - [2026-05-18T15:23:09.513+0000] {dag.py:3239} INFO - Sync 1 DAGs
[2026-05-18T15:23:09.522+0000] {logging_mixin.py:190} INFO - [2026-05-18T15:23:09.522+0000] {dag.py:4180} INFO - Setting next_dagrun for example_display_name to None, run_after=None
[2026-05-18T15:23:09.538+0000] {processor.py:208} INFO - Processing /usr/local/python/3.12.1/lib/python3.12/site-packages/airflow/example_dags/example_display_name.py took 0.050 seconds
[2026-05-18T15:24:13.730+0000] {processor.py:186} INFO - Started process (PID=63650) to work on /usr/local/python/3.12.1/lib/python3.12/site-packages/airflow/example_dags/example_display_name.py
[2026-05-18T15:24:13.732+0000] {processor.py:914} INFO - Processing file /usr/local/python/3.12.1/lib/python3.12/site-packages/airflow/example_dags/example_display_name.py for tasks to queue
[2026-05-18T15:24:13.735+0000] {logging_mixin.py:190} INFO - [2026-05-18T15:24:13.735+0000] {dagbag.py:588} INFO - Filling up the DagBag from /usr/local/python/3.12.1/lib/python3.12/site-packages/airflow/example_dags/example_display_name.py
[2026-05-18T15:24:13.761+0000] {processor.py:925} INFO - DAG(s) 'example_display_name' retrieved from /usr/local/python/3.12.1/lib/python3.12/site-packages/airflow/example_dags/example_display_name.py
[2026-05-18T15:24:13.779+0000] {logging_mixin.py:190} INFO - [2026-05-18T15:24:13.779+0000] {dag.py:3239} INFO - Sync 1 DAGs
[2026-05-18T15:24:13.807+0000] {logging_mixin.py:190} INFO - [2026-05-18T15:24:13.807+0000] {dag.py:4180} INFO - Setting next_dagrun for example_display_name to None, run_after=None
[2026-05-18T15:24:13.826+0000] {processor.py:208} INFO - Processing /usr/local/python/3.12.1/lib/python3.12/site-packages/airflow/example_dags/example_display_name.py took 0.106 seconds
[2026-05-18T15:25:21.963+0000] {processor.py:186} INFO - Started process (PID=64413) to work on /usr/local/python/3.12.1/lib/python3.12/site-packages/airflow/example_dags/example_display_name.py
[2026-05-18T15:25:21.964+0000] {processor.py:914} INFO - Processing file /usr/local/python/3.12.1/lib/python3.12/site-packages/airflow/example_dags/example_display_name.py for tasks to queue
[2026-05-18T15:25:21.965+0000] {logging_mixin.py:190} INFO - [2026-05-18T15:25:21.965+0000] {dagbag.py:588} INFO - Filling up the DagBag from /usr/local/python/3.12.1/lib/python3.12/site-packages/airflow/example_dags/example_display_name.py
[2026-05-18T15:25:21.973+0000] {processor.py:925} INFO - DAG(s) 'example_display_name' retrieved from /usr/local/python/3.12.1/lib/python3.12/site-packages/airflow/example_dags/example_display_name.py
[2026-05-18T15:25:21.988+0000] {logging_mixin.py:190} INFO - [2026-05-18T15:25:21.988+0000] {dag.py:3239} INFO - Sync 1 DAGs
[2026-05-18T15:25:21.998+0000] {logging_mixin.py:190} INFO - [2026-05-18T15:25:21.998+0000] {dag.py:4180} INFO - Setting next_dagrun for example_display_name to None, run_after=None
[2026-05-18T15:25:22.016+0000] {processor.py:208} INFO - Processing /usr/local/python/3.12.1/lib/python3.12/site-packages/airflow/example_dags/example_display_name.py took 0.058 seconds
[2026-05-18T15:26:24.457+0000] {processor.py:186} INFO - Started process (PID=65074) to work on /usr/local/python/3.12.1/lib/python3.12/site-packages/airflow/example_dags/example_display_name.py
[2026-05-18T15:26:24.457+0000] {processor.py:914} INFO - Processing file /usr/local/python/3.12.1/lib/python3.12/site-packages/airflow/example_dags/example_display_name.py for tasks to queue
[2026-05-18T15:26:24.459+0000] {logging_mixin.py:190} INFO - [2026-05-18T15:26:24.459+0000] {dagbag.py:588} INFO - Filling up the DagBag from /usr/local/python/3.12.1/lib/python3.12/site-packages/airflow/example_dags/example_display_name.py
[2026-05-18T15:26:24.465+0000] {processor.py:925} INFO - DAG(s) 'example_display_name' retrieved from /usr/local/python/3.12.1/lib/python3.12/site-packages/airflow/example_dags/example_display_name.py
[2026-05-18T15:26:24.481+0000] {logging_mixin.py:190} INFO - [2026-05-18T15:26:24.481+0000] {dag.py:3239} INFO - Sync 1 DAGs
[2026-05-18T15:26:24.492+0000] {logging_mixin.py:190} INFO - [2026-05-18T15:26:24.492+0000] {dag.py:4180} INFO - Setting next_dagrun for example_display_name to None, run_after=None
[2026-05-18T15:26:24.509+0000] {processor.py:208} INFO - Processing /usr/local/python/3.12.1/lib/python3.12/site-packages/airflow/example_dags/example_display_name.py took 0.056 seconds
[2026-05-18T15:27:33.000+0000] {processor.py:186} INFO - Started process (PID=65779) to work on /usr/local/python/3.12.1/lib/python3.12/site-packages/airflow/example_dags/example_display_name.py
[2026-05-18T15:27:33.000+0000] {processor.py:914} INFO - Processing file /usr/local/python/3.12.1/lib/python3.12/site-packages/airflow/example_dags/example_display_name.py for tasks to queue
[2026-05-18T15:27:33.002+0000] {logging_mixin.py:190} INFO - [2026-05-18T15:27:33.002+0000] {dagbag.py:588} INFO - Filling up the DagBag from /usr/local/python/3.12.1/lib/python3.12/site-packages/airflow/example_dags/example_display_name.py
[2026-05-18T15:27:33.008+0000] {processor.py:925} INFO - DAG(s) 'example_display_name' retrieved from /usr/local/python/3.12.1/lib/python3.12/site-packages/airflow/example_dags/example_display_name.py
[2026-05-18T15:27:33.019+0000] {logging_mixin.py:190} INFO - [2026-05-18T15:27:33.019+0000] {dag.py:3239} INFO - Sync 1 DAGs
[2026-05-18T15:27:33.029+0000] {logging_mixin.py:190} INFO - [2026-05-18T15:27:33.029+0000] {dag.py:4180} INFO - Setting next_dagrun for example_display_name to None, run_after=None
[2026-05-18T15:27:33.045+0000] {processor.py:208} INFO - Processing /usr/local/python/3.12.1/lib/python3.12/site-packages/airflow/example_dags/example_display_name.py took 0.050 seconds
[2026-05-18T15:28:36.387+0000] {processor.py:186} INFO - Started process (PID=66447) to work on /usr/local/python/3.12.1/lib/python3.12/site-packages/airflow/example_dags/example_display_name.py
[2026-05-18T15:28:36.388+0000] {processor.py:914} INFO - Processing file /usr/local/python/3.12.1/lib/python3.12/site-packages/airflow/example_dags/example_display_name.py for tasks to queue
[2026-05-18T15:28:36.390+0000] {logging_mixin.py:190} INFO - [2026-05-18T15:28:36.390+0000] {dagbag.py:588} INFO - Filling up the DagBag from /usr/local/python/3.12.1/lib/python3.12/site-packages/airflow/example_dags/example_display_name.py
[2026-05-18T15:28:36.396+0000] {processor.py:925} INFO - DAG(s) 'example_display_name' retrieved from /usr/local/python/3.12.1/lib/python3.12/site-packages/airflow/example_dags/example_display_name.py
[2026-05-18T15:28:36.408+0000] {logging_mixin.py:190} INFO - [2026-05-18T15:28:36.408+0000] {dag.py:3239} INFO - Sync 1 DAGs
[2026-05-18T15:28:36.418+0000] {logging_mixin.py:190} INFO - [2026-05-18T15:28:36.418+0000] {dag.py:4180} INFO - Setting next_dagrun for example_display_name to None, run_after=None
[2026-05-18T15:28:36.440+0000] {processor.py:208} INFO - Processing /usr/local/python/3.12.1/lib/python3.12/site-packages/airflow/example_dags/example_display_name.py took 0.058 seconds
[2026-05-18T15:29:39.343+0000] {processor.py:186} INFO - Started process (PID=67049) to work on /usr/local/python/3.12.1/lib/python3.12/site-packages/airflow/example_dags/example_display_name.py
[2026-05-18T15:29:39.344+0000] {processor.py:914} INFO - Processing file /usr/local/python/3.12.1/lib/python3.12/site-packages/airflow/example_dags/example_display_name.py for tasks to queue
[2026-05-18T15:29:39.346+0000] {logging_mixin.py:190} INFO - [2026-05-18T15:29:39.345+0000] {dagbag.py:588} INFO - Filling up the DagBag from /usr/local/python/3.12.1/lib/python3.12/site-packages/airflow/example_dags/example_display_name.py
[2026-05-18T15:29:39.352+0000] {processor.py:925} INFO - DAG(s) 'example_display_name' retrieved from /usr/local/python/3.12.1/lib/python3.12/site-packages/airflow/example_dags/example_display_name.py
[2026-05-18T15:29:39.363+0000] {logging_mixin.py:190} INFO - [2026-05-18T15:29:39.363+0000] {dag.py:3239} INFO - Sync 1 DAGs
[2026-05-18T15:29:39.376+0000] {logging_mixin.py:190} INFO - [2026-05-18T15:29:39.376+0000] {dag.py:4180} INFO - Setting next_dagrun for example_display_name to None, run_after=None
[2026-05-18T15:29:39.407+0000] {processor.py:208} INFO - Processing /usr/local/python/3.12.1/lib/python3.12/site-packages/airflow/example_dags/example_display_name.py took 0.067 seconds
[2026-05-18T15:30:43.461+0000] {processor.py:186} INFO - Started process (PID=67738) to work on /usr/local/python/3.12.1/lib/python3.12/site-packages/airflow/example_dags/example_display_name.py
[2026-05-18T15:30:43.462+0000] {processor.py:914} INFO - Processing file /usr/local/python/3.12.1/lib/python3.12/site-packages/airflow/example_dags/example_display_name.py for tasks to queue
[2026-05-18T15:30:43.464+0000] {logging_mixin.py:190} INFO - [2026-05-18T15:30:43.463+0000] {dagbag.py:588} INFO - Filling up the DagBag from /usr/local/python/3.12.1/lib/python3.12/site-packages/airflow/example_dags/example_display_name.py
[2026-05-18T15:30:43.471+0000] {processor.py:925} INFO - DAG(s) 'example_display_name' retrieved from /usr/local/python/3.12.1/lib/python3.12/site-packages/airflow/example_dags/example_display_name.py
[2026-05-18T15:30:43.486+0000] {logging_mixin.py:190} INFO - [2026-05-18T15:30:43.485+0000] {dag.py:3239} INFO - Sync 1 DAGs
[2026-05-18T15:30:43.497+0000] {logging_mixin.py:190} INFO - [2026-05-18T15:30:43.497+0000] {dag.py:4180} INFO - Setting next_dagrun for example_display_name to None, run_after=None
[2026-05-18T15:30:43.514+0000] {processor.py:208} INFO - Processing /usr/local/python/3.12.1/lib/python3.12/site-packages/airflow/example_dags/example_display_name.py took 0.057 seconds
[2026-05-18T15:31:45.588+0000] {processor.py:186} INFO - Started process (PID=68338) to work on /usr/local/python/3.12.1/lib/python3.12/site-packages/airflow/example_dags/example_display_name.py
[2026-05-18T15:31:45.589+0000] {processor.py:914} INFO - Processing file /usr/local/python/3.12.1/lib/python3.12/site-packages/airflow/example_dags/example_display_name.py for tasks to queue
[2026-05-18T15:31:45.591+0000] {logging_mixin.py:190} INFO - [2026-05-18T15:31:45.590+0000] {dagbag.py:588} INFO - Filling up the DagBag from /usr/local/python/3.12.1/lib/python3.12/site-packages/airflow/example_dags/example_display_name.py
[2026-05-18T15:31:45.598+0000] {processor.py:925} INFO - DAG(s) 'example_display_name' retrieved from /usr/local/python/3.12.1/lib/python3.12/site-packages/airflow/example_dags/example_display_name.py
[2026-05-18T15:31:45.610+0000] {logging_mixin.py:190} INFO - [2026-05-18T15:31:45.610+0000] {dag.py:3239} INFO - Sync 1 DAGs
[2026-05-18T15:31:45.622+0000] {logging_mixin.py:190} INFO - [2026-05-18T15:31:45.621+0000] {dag.py:4180} INFO - Setting next_dagrun for example_display_name to None, run_after=None
[2026-05-18T15:31:45.642+0000] {processor.py:208} INFO - Processing /usr/local/python/3.12.1/lib/python3.12/site-packages/airflow/example_dags/example_display_name.py took 0.059 seconds
[2026-05-18T15:32:49.784+0000] {processor.py:186} INFO - Started process (PID=69009) to work on /usr/local/python/3.12.1/lib/python3.12/site-packages/airflow/example_dags/example_display_name.py
[2026-05-18T15:32:49.785+0000] {processor.py:914} INFO - Processing file /usr/local/python/3.12.1/lib/python3.12/site-packages/airflow/example_dags/example_display_name.py for tasks to queue
[2026-05-18T15:32:49.787+0000] {logging_mixin.py:190} INFO - [2026-05-18T15:32:49.787+0000] {dagbag.py:588} INFO - Filling up the DagBag from /usr/local/python/3.12.1/lib/python3.12/site-packages/airflow/example_dags/example_display_name.py
[2026-05-18T15:32:49.793+0000] {processor.py:925} INFO - DAG(s) 'example_display_name' retrieved from /usr/local/python/3.12.1/lib/python3.12/site-packages/airflow/example_dags/example_display_name.py
[2026-05-18T15:32:49.805+0000] {logging_mixin.py:190} INFO - [2026-05-18T15:32:49.805+0000] {dag.py:3239} INFO - Sync 1 DAGs
[2026-05-18T15:32:49.818+0000] {logging_mixin.py:190} INFO - [2026-05-18T15:32:49.818+0000] {dag.py:4180} INFO - Setting next_dagrun for example_display_name to None, run_after=None
[2026-05-18T15:32:49.834+0000] {processor.py:208} INFO - Processing /usr/local/python/3.12.1/lib/python3.12/site-packages/airflow/example_dags/example_display_name.py took 0.056 seconds
[2026-05-18T15:33:50.501+0000] {processor.py:186} INFO - Started process (PID=69602) to work on /usr/local/python/3.12.1/lib/python3.12/site-packages/airflow/example_dags/example_display_name.py
[2026-05-18T15:33:50.501+0000] {processor.py:914} INFO - Processing file /usr/local/python/3.12.1/lib/python3.12/site-packages/airflow/example_dags/example_display_name.py for tasks to queue
[2026-05-18T15:33:50.503+0000] {logging_mixin.py:190} INFO - [2026-05-18T15:33:50.503+0000] {dagbag.py:588} INFO - Filling up the DagBag from /usr/local/python/3.12.1/lib/python3.12/site-packages/airflow/example_dags/example_display_name.py
[2026-05-18T15:33:50.509+0000] {processor.py:925} INFO - DAG(s) 'example_display_name' retrieved from /usr/local/python/3.12.1/lib/python3.12/site-packages/airflow/example_dags/example_display_name.py
[2026-05-18T15:33:50.520+0000] {logging_mixin.py:190} INFO - [2026-05-18T15:33:50.520+0000] {dag.py:3239} INFO - Sync 1 DAGs
[2026-05-18T15:33:50.530+0000] {logging_mixin.py:190} INFO - [2026-05-18T15:33:50.530+0000] {dag.py:4180} INFO - Setting next_dagrun for example_display_name to None, run_after=None
[2026-05-18T15:33:50.547+0000] {processor.py:208} INFO - Processing /usr/local/python/3.12.1/lib/python3.12/site-packages/airflow/example_dags/example_display_name.py took 0.051 seconds
[2026-05-18T15:34:55.102+0000] {processor.py:186} INFO - Started process (PID=70271) to work on /usr/local/python/3.12.1/lib/python3.12/site-packages/airflow/example_dags/example_display_name.py
[2026-05-18T15:34:55.103+0000] {processor.py:914} INFO - Processing file /usr/local/python/3.12.1/lib/python3.12/site-packages/airflow/example_dags/example_display_name.py for tasks to queue
[2026-05-18T15:34:55.105+0000] {logging_mixin.py:190} INFO - [2026-05-18T15:34:55.104+0000] {dagbag.py:588} INFO - Filling up the DagBag from /usr/local/python/3.12.1/lib/python3.12/site-packages/airflow/example_dags/example_display_name.py
[2026-05-18T15:34:55.110+0000] {processor.py:925} INFO - DAG(s) 'example_display_name' retrieved from /usr/local/python/3.12.1/lib/python3.12/site-packages/airflow/example_dags/example_display_name.py
[2026-05-18T15:34:55.121+0000] {logging_mixin.py:190} INFO - [2026-05-18T15:34:55.121+0000] {dag.py:3239} INFO - Sync 1 DAGs
[2026-05-18T15:34:55.131+0000] {logging_mixin.py:190} INFO - [2026-05-18T15:34:55.131+0000] {dag.py:4180} INFO - Setting next_dagrun for example_display_name to None, run_after=None
[2026-05-18T15:34:55.150+0000] {processor.py:208} INFO - Processing /usr/local/python/3.12.1/lib/python3.12/site-packages/airflow/example_dags/example_display_name.py took 0.052 seconds
[2026-05-18T15:35:58.690+0000] {processor.py:186} INFO - Started process (PID=71049) to work on /usr/local/python/3.12.1/lib/python3.12/site-packages/airflow/example_dags/example_display_name.py
[2026-05-18T15:35:58.691+0000] {processor.py:914} INFO - Processing file /usr/local/python/3.12.1/lib/python3.12/site-packages/airflow/example_dags/example_display_name.py for tasks to queue
[2026-05-18T15:35:58.693+0000] {logging_mixin.py:190} INFO - [2026-05-18T15:35:58.693+0000] {dagbag.py:588} INFO - Filling up the DagBag from /usr/local/python/3.12.1/lib/python3.12/site-packages/airflow/example_dags/example_display_name.py
[2026-05-18T15:35:58.699+0000] {processor.py:925} INFO - DAG(s) 'example_display_name' retrieved from /usr/local/python/3.12.1/lib/python3.12/site-packages/airflow/example_dags/example_display_name.py
[2026-05-18T15:35:58.710+0000] {logging_mixin.py:190} INFO - [2026-05-18T15:35:58.710+0000] {dag.py:3239} INFO - Sync 1 DAGs
[2026-05-18T15:35:58.720+0000] {logging_mixin.py:190} INFO - [2026-05-18T15:35:58.720+0000] {dag.py:4180} INFO - Setting next_dagrun for example_display_name to None, run_after=None
[2026-05-18T15:35:58.736+0000] {processor.py:208} INFO - Processing /usr/local/python/3.12.1/lib/python3.12/site-packages/airflow/example_dags/example_display_name.py took 0.049 seconds
[2026-05-18T15:36:59.627+0000] {processor.py:186} INFO - Started process (PID=71638) to work on /usr/local/python/3.12.1/lib/python3.12/site-packages/airflow/example_dags/example_display_name.py
[2026-05-18T15:36:59.628+0000] {processor.py:914} INFO - Processing file /usr/local/python/3.12.1/lib/python3.12/site-packages/airflow/example_dags/example_display_name.py for tasks to queue
[2026-05-18T15:36:59.630+0000] {logging_mixin.py:190} INFO - [2026-05-18T15:36:59.629+0000] {dagbag.py:588} INFO - Filling up the DagBag from /usr/local/python/3.12.1/lib/python3.12/site-packages/airflow/example_dags/example_display_name.py
[2026-05-18T15:36:59.636+0000] {processor.py:925} INFO - DAG(s) 'example_display_name' retrieved from /usr/local/python/3.12.1/lib/python3.12/site-packages/airflow/example_dags/example_display_name.py
[2026-05-18T15:36:59.648+0000] {logging_mixin.py:190} INFO - [2026-05-18T15:36:59.648+0000] {dag.py:3239} INFO - Sync 1 DAGs
[2026-05-18T15:36:59.659+0000] {logging_mixin.py:190} INFO - [2026-05-18T15:36:59.658+0000] {dag.py:4180} INFO - Setting next_dagrun for example_display_name to None, run_after=None
[2026-05-18T15:36:59.682+0000] {processor.py:208} INFO - Processing /usr/local/python/3.12.1/lib/python3.12/site-packages/airflow/example_dags/example_display_name.py took 0.058 seconds
[2026-05-18T15:38:00.366+0000] {processor.py:186} INFO - Started process (PID=72235) to work on /usr/local/python/3.12.1/lib/python3.12/site-packages/airflow/example_dags/example_display_name.py
[2026-05-18T15:38:00.367+0000] {processor.py:914} INFO - Processing file /usr/local/python/3.12.1/lib/python3.12/site-packages/airflow/example_dags/example_display_name.py for tasks to queue
[2026-05-18T15:38:00.369+0000] {logging_mixin.py:190} INFO - [2026-05-18T15:38:00.368+0000] {dagbag.py:588} INFO - Filling up the DagBag from /usr/local/python/3.12.1/lib/python3.12/site-packages/airflow/example_dags/example_display_name.py
[2026-05-18T15:38:00.377+0000] {processor.py:925} INFO - DAG(s) 'example_display_name' retrieved from /usr/local/python/3.12.1/lib/python3.12/site-packages/airflow/example_dags/example_display_name.py
[2026-05-18T15:38:00.395+0000] {logging_mixin.py:190} INFO - [2026-05-18T15:38:00.394+0000] {dag.py:3239} INFO - Sync 1 DAGs
[2026-05-18T15:38:00.411+0000] {logging_mixin.py:190} INFO - [2026-05-18T15:38:00.411+0000] {dag.py:4180} INFO - Setting next_dagrun for example_display_name to None, run_after=None
[2026-05-18T15:38:00.437+0000] {processor.py:208} INFO - Processing /usr/local/python/3.12.1/lib/python3.12/site-packages/airflow/example_dags/example_display_name.py took 0.076 seconds
[2026-05-18T15:39:05.341+0000] {processor.py:186} INFO - Started process (PID=72867) to work on /usr/local/python/3.12.1/lib/python3.12/site-packages/airflow/example_dags/example_display_name.py
[2026-05-18T15:39:05.342+0000] {processor.py:914} INFO - Processing file /usr/local/python/3.12.1/lib/python3.12/site-packages/airflow/example_dags/example_display_name.py for tasks to queue
[2026-05-18T15:39:05.343+0000] {logging_mixin.py:190} INFO - [2026-05-18T15:39:05.343+0000] {dagbag.py:588} INFO - Filling up the DagBag from /usr/local/python/3.12.1/lib/python3.12/site-packages/airflow/example_dags/example_display_name.py
[2026-05-18T15:39:05.349+0000] {processor.py:925} INFO - DAG(s) 'example_display_name' retrieved from /usr/local/python/3.12.1/lib/python3.12/site-packages/airflow/example_dags/example_display_name.py
[2026-05-18T15:39:05.361+0000] {logging_mixin.py:190} INFO - [2026-05-18T15:39:05.361+0000] {dag.py:3239} INFO - Sync 1 DAGs
[2026-05-18T15:39:05.375+0000] {logging_mixin.py:190} INFO - [2026-05-18T15:39:05.375+0000] {dag.py:4180} INFO - Setting next_dagrun for example_display_name to None, run_after=None
[2026-05-18T15:39:05.394+0000] {processor.py:208} INFO - Processing /usr/local/python/3.12.1/lib/python3.12/site-packages/airflow/example_dags/example_display_name.py took 0.058 seconds
[2026-05-18T15:40:09.209+0000] {processor.py:186} INFO - Started process (PID=73593) to work on /usr/local/python/3.12.1/lib/python3.12/site-packages/airflow/example_dags/example_display_name.py
[2026-05-18T15:40:09.210+0000] {processor.py:914} INFO - Processing file /usr/local/python/3.12.1/lib/python3.12/site-packages/airflow/example_dags/example_display_name.py for tasks to queue
[2026-05-18T15:40:09.212+0000] {logging_mixin.py:190} INFO - [2026-05-18T15:40:09.211+0000] {dagbag.py:588} INFO - Filling up the DagBag from /usr/local/python/3.12.1/lib/python3.12/site-packages/airflow/example_dags/example_display_name.py
[2026-05-18T15:40:09.218+0000] {processor.py:925} INFO - DAG(s) 'example_display_name' retrieved from /usr/local/python/3.12.1/lib/python3.12/site-packages/airflow/example_dags/example_display_name.py
[2026-05-18T15:40:09.230+0000] {logging_mixin.py:190} INFO - [2026-05-18T15:40:09.230+0000] {dag.py:3239} INFO - Sync 1 DAGs
[2026-05-18T15:40:09.239+0000] {logging_mixin.py:190} INFO - [2026-05-18T15:40:09.239+0000] {dag.py:4180} INFO - Setting next_dagrun for example_display_name to None, run_after=None
[2026-05-18T15:40:09.255+0000] {processor.py:208} INFO - Processing /usr/local/python/3.12.1/lib/python3.12/site-packages/airflow/example_dags/example_display_name.py took 0.054 seconds
[2026-05-18T15:41:11.399+0000] {processor.py:186} INFO - Started process (PID=74190) to work on /usr/local/python/3.12.1/lib/python3.12/site-packages/airflow/example_dags/example_display_name.py
[2026-05-18T15:41:11.399+0000] {processor.py:914} INFO - Processing file /usr/local/python/3.12.1/lib/python3.12/site-packages/airflow/example_dags/example_display_name.py for tasks to queue
[2026-05-18T15:41:11.401+0000] {logging_mixin.py:190} INFO - [2026-05-18T15:41:11.401+0000] {dagbag.py:588} INFO - Filling up the DagBag from /usr/local/python/3.12.1/lib/python3.12/site-packages/airflow/example_dags/example_display_name.py
[2026-05-18T15:41:11.407+0000] {processor.py:925} INFO - DAG(s) 'example_display_name' retrieved from /usr/local/python/3.12.1/lib/python3.12/site-packages/airflow/example_dags/example_display_name.py
[2026-05-18T15:41:11.419+0000] {logging_mixin.py:190} INFO - [2026-05-18T15:41:11.418+0000] {dag.py:3239} INFO - Sync 1 DAGs
[2026-05-18T15:41:11.428+0000] {logging_mixin.py:190} INFO - [2026-05-18T15:41:11.428+0000] {dag.py:4180} INFO - Setting next_dagrun for example_display_name to None, run_after=None
[2026-05-18T15:41:11.445+0000] {processor.py:208} INFO - Processing /usr/local/python/3.12.1/lib/python3.12/site-packages/airflow/example_dags/example_display_name.py took 0.050 seconds
[2026-05-18T15:42:18.169+0000] {processor.py:186} INFO - Started process (PID=74897) to work on /usr/local/python/3.12.1/lib/python3.12/site-packages/airflow/example_dags/example_display_name.py
[2026-05-18T15:42:18.170+0000] {processor.py:914} INFO - Processing file /usr/local/python/3.12.1/lib/python3.12/site-packages/airflow/example_dags/example_display_name.py for tasks to queue
[2026-05-18T15:42:18.172+0000] {logging_mixin.py:190} INFO - [2026-05-18T15:42:18.172+0000] {dagbag.py:588} INFO - Filling up the DagBag from /usr/local/python/3.12.1/lib/python3.12/site-packages/airflow/example_dags/example_display_name.py
[2026-05-18T15:42:18.180+0000] {processor.py:925} INFO - DAG(s) 'example_display_name' retrieved from /usr/local/python/3.12.1/lib/python3.12/site-packages/airflow/example_dags/example_display_name.py
[2026-05-18T15:42:18.192+0000] {logging_mixin.py:190} INFO - [2026-05-18T15:42:18.192+0000] {dag.py:3239} INFO - Sync 1 DAGs
[2026-05-18T15:42:18.203+0000] {logging_mixin.py:190} INFO - [2026-05-18T15:42:18.203+0000] {dag.py:4180} INFO - Setting next_dagrun for example_display_name to None, run_after=None
[2026-05-18T15:42:18.220+0000] {processor.py:208} INFO - Processing /usr/local/python/3.12.1/lib/python3.12/site-packages/airflow/example_dags/example_display_name.py took 0.056 seconds
[2026-05-18T15:46:39.775+0000] {processor.py:186} INFO - Started process (PID=77621) to work on /usr/local/python/3.12.1/lib/python3.12/site-packages/airflow/example_dags/example_display_name.py
[2026-05-18T15:46:39.776+0000] {processor.py:914} INFO - Processing file /usr/local/python/3.12.1/lib/python3.12/site-packages/airflow/example_dags/example_display_name.py for tasks to queue
[2026-05-18T15:46:39.777+0000] {logging_mixin.py:190} INFO - [2026-05-18T15:46:39.777+0000] {dagbag.py:588} INFO - Filling up the DagBag from /usr/local/python/3.12.1/lib/python3.12/site-packages/airflow/example_dags/example_display_name.py
[2026-05-18T15:46:39.783+0000] {processor.py:925} INFO - DAG(s) 'example_display_name' retrieved from /usr/local/python/3.12.1/lib/python3.12/site-packages/airflow/example_dags/example_display_name.py
[2026-05-18T15:46:39.796+0000] {logging_mixin.py:190} INFO - [2026-05-18T15:46:39.795+0000] {dag.py:3239} INFO - Sync 1 DAGs
[2026-05-18T15:46:39.807+0000] {logging_mixin.py:190} INFO - [2026-05-18T15:46:39.806+0000] {dag.py:4180} INFO - Setting next_dagrun for example_display_name to None, run_after=None
[2026-05-18T15:46:39.824+0000] {processor.py:208} INFO - Processing /usr/local/python/3.12.1/lib/python3.12/site-packages/airflow/example_dags/example_display_name.py took 0.053 seconds
[2026-05-18T15:47:41.843+0000] {processor.py:186} INFO - Started process (PID=78218) to work on /usr/local/python/3.12.1/lib/python3.12/site-packages/airflow/example_dags/example_display_name.py
[2026-05-18T15:47:41.844+0000] {processor.py:914} INFO - Processing file /usr/local/python/3.12.1/lib/python3.12/site-packages/airflow/example_dags/example_display_name.py for tasks to queue
[2026-05-18T15:47:41.846+0000] {logging_mixin.py:190} INFO - [2026-05-18T15:47:41.845+0000] {dagbag.py:588} INFO - Filling up the DagBag from /usr/local/python/3.12.1/lib/python3.12/site-packages/airflow/example_dags/example_display_name.py
[2026-05-18T15:47:41.852+0000] {processor.py:925} INFO - DAG(s) 'example_display_name' retrieved from /usr/local/python/3.12.1/lib/python3.12/site-packages/airflow/example_dags/example_display_name.py
[2026-05-18T15:47:41.863+0000] {logging_mixin.py:190} INFO - [2026-05-18T15:47:41.863+0000] {dag.py:3239} INFO - Sync 1 DAGs
[2026-05-18T15:47:41.876+0000] {logging_mixin.py:190} INFO - [2026-05-18T15:47:41.876+0000] {dag.py:4180} INFO - Setting next_dagrun for example_display_name to None, run_after=None
[2026-05-18T15:47:41.894+0000] {processor.py:208} INFO - Processing /usr/local/python/3.12.1/lib/python3.12/site-packages/airflow/example_dags/example_display_name.py took 0.055 seconds
[2026-05-18T15:48:49.470+0000] {processor.py:186} INFO - Started process (PID=78949) to work on /usr/local/python/3.12.1/lib/python3.12/site-packages/airflow/example_dags/example_display_name.py
[2026-05-18T15:48:49.471+0000] {processor.py:914} INFO - Processing file /usr/local/python/3.12.1/lib/python3.12/site-packages/airflow/example_dags/example_display_name.py for tasks to queue
[2026-05-18T15:48:49.473+0000] {logging_mixin.py:190} INFO - [2026-05-18T15:48:49.472+0000] {dagbag.py:588} INFO - Filling up the DagBag from /usr/local/python/3.12.1/lib/python3.12/site-packages/airflow/example_dags/example_display_name.py
[2026-05-18T15:48:49.480+0000] {processor.py:925} INFO - DAG(s) 'example_display_name' retrieved from /usr/local/python/3.12.1/lib/python3.12/site-packages/airflow/example_dags/example_display_name.py
[2026-05-18T15:48:49.494+0000] {logging_mixin.py:190} INFO - [2026-05-18T15:48:49.493+0000] {dag.py:3239} INFO - Sync 1 DAGs
[2026-05-18T15:48:49.504+0000] {logging_mixin.py:190} INFO - [2026-05-18T15:48:49.503+0000] {dag.py:4180} INFO - Setting next_dagrun for example_display_name to None, run_after=None
[2026-05-18T15:48:49.520+0000] {processor.py:208} INFO - Processing /usr/local/python/3.12.1/lib/python3.12/site-packages/airflow/example_dags/example_display_name.py took 0.056 seconds
[2026-05-18T15:49:53.399+0000] {processor.py:186} INFO - Started process (PID=79695) to work on /usr/local/python/3.12.1/lib/python3.12/site-packages/airflow/example_dags/example_display_name.py
[2026-05-18T15:49:53.400+0000] {processor.py:914} INFO - Processing file /usr/local/python/3.12.1/lib/python3.12/site-packages/airflow/example_dags/example_display_name.py for tasks to queue
[2026-05-18T15:49:53.402+0000] {logging_mixin.py:190} INFO - [2026-05-18T15:49:53.401+0000] {dagbag.py:588} INFO - Filling up the DagBag from /usr/local/python/3.12.1/lib/python3.12/site-packages/airflow/example_dags/example_display_name.py
[2026-05-18T15:49:53.407+0000] {processor.py:925} INFO - DAG(s) 'example_display_name' retrieved from /usr/local/python/3.12.1/lib/python3.12/site-packages/airflow/example_dags/example_display_name.py
[2026-05-18T15:49:53.418+0000] {logging_mixin.py:190} INFO - [2026-05-18T15:49:53.418+0000] {dag.py:3239} INFO - Sync 1 DAGs
[2026-05-18T15:49:53.428+0000] {logging_mixin.py:190} INFO - [2026-05-18T15:49:53.428+0000] {dag.py:4180} INFO - Setting next_dagrun for example_display_name to None, run_after=None
[2026-05-18T15:49:53.443+0000] {processor.py:208} INFO - Processing /usr/local/python/3.12.1/lib/python3.12/site-packages/airflow/example_dags/example_display_name.py took 0.048 seconds
[2026-05-18T15:51:02.894+0000] {processor.py:186} INFO - Started process (PID=80579) to work on /usr/local/python/3.12.1/lib/python3.12/site-packages/airflow/example_dags/example_display_name.py
[2026-05-18T15:51:02.895+0000] {processor.py:914} INFO - Processing file /usr/local/python/3.12.1/lib/python3.12/site-packages/airflow/example_dags/example_display_name.py for tasks to queue
[2026-05-18T15:51:02.896+0000] {logging_mixin.py:190} INFO - [2026-05-18T15:51:02.896+0000] {dagbag.py:588} INFO - Filling up the DagBag from /usr/local/python/3.12.1/lib/python3.12/site-packages/airflow/example_dags/example_display_name.py
[2026-05-18T15:51:02.902+0000] {processor.py:925} INFO - DAG(s) 'example_display_name' retrieved from /usr/local/python/3.12.1/lib/python3.12/site-packages/airflow/example_dags/example_display_name.py
[2026-05-18T15:51:02.915+0000] {logging_mixin.py:190} INFO - [2026-05-18T15:51:02.915+0000] {dag.py:3239} INFO - Sync 1 DAGs
[2026-05-18T15:51:02.926+0000] {logging_mixin.py:190} INFO - [2026-05-18T15:51:02.925+0000] {dag.py:4180} INFO - Setting next_dagrun for example_display_name to None, run_after=None
[2026-05-18T15:51:02.945+0000] {processor.py:208} INFO - Processing /usr/local/python/3.12.1/lib/python3.12/site-packages/airflow/example_dags/example_display_name.py took 0.055 seconds
[2026-05-18T15:52:04.000+0000] {processor.py:186} INFO - Started process (PID=81115) to work on /usr/local/python/3.12.1/lib/python3.12/site-packages/airflow/example_dags/example_display_name.py
[2026-05-18T15:52:04.001+0000] {processor.py:914} INFO - Processing file /usr/local/python/3.12.1/lib/python3.12/site-packages/airflow/example_dags/example_display_name.py for tasks to queue
[2026-05-18T15:52:04.002+0000] {logging_mixin.py:190} INFO - [2026-05-18T15:52:04.002+0000] {dagbag.py:588} INFO - Filling up the DagBag from /usr/local/python/3.12.1/lib/python3.12/site-packages/airflow/example_dags/example_display_name.py
[2026-05-18T15:52:04.008+0000] {processor.py:925} INFO - DAG(s) 'example_display_name' retrieved from /usr/local/python/3.12.1/lib/python3.12/site-packages/airflow/example_dags/example_display_name.py
[2026-05-18T15:52:04.020+0000] {logging_mixin.py:190} INFO - [2026-05-18T15:52:04.020+0000] {dag.py:3239} INFO - Sync 1 DAGs
[2026-05-18T15:52:04.030+0000] {logging_mixin.py:190} INFO - [2026-05-18T15:52:04.030+0000] {dag.py:4180} INFO - Setting next_dagrun for example_display_name to None, run_after=None
[2026-05-18T15:52:04.047+0000] {processor.py:208} INFO - Processing /usr/local/python/3.12.1/lib/python3.12/site-packages/airflow/example_dags/example_display_name.py took 0.051 seconds
[2026-05-18T15:53:03.889+0000] {processor.py:186} INFO - Started process (PID=81643) to work on /usr/local/python/3.12.1/lib/python3.12/site-packages/airflow/example_dags/example_display_name.py
[2026-05-18T15:53:03.890+0000] {processor.py:914} INFO - Processing file /usr/local/python/3.12.1/lib/python3.12/site-packages/airflow/example_dags/example_display_name.py for tasks to queue
[2026-05-18T15:53:03.891+0000] {logging_mixin.py:190} INFO - [2026-05-18T15:53:03.891+0000] {dagbag.py:588} INFO - Filling up the DagBag from /usr/local/python/3.12.1/lib/python3.12/site-packages/airflow/example_dags/example_display_name.py
[2026-05-18T15:53:03.900+0000] {processor.py:925} INFO - DAG(s) 'example_display_name' retrieved from /usr/local/python/3.12.1/lib/python3.12/site-packages/airflow/example_dags/example_display_name.py
[2026-05-18T15:53:03.915+0000] {logging_mixin.py:190} INFO - [2026-05-18T15:53:03.915+0000] {dag.py:3239} INFO - Sync 1 DAGs
[2026-05-18T15:53:03.926+0000] {logging_mixin.py:190} INFO - [2026-05-18T15:53:03.926+0000] {dag.py:4180} INFO - Setting next_dagrun for example_display_name to None, run_after=None
[2026-05-18T15:53:03.944+0000] {processor.py:208} INFO - Processing /usr/local/python/3.12.1/lib/python3.12/site-packages/airflow/example_dags/example_display_name.py took 0.060 seconds
[2026-05-18T15:54:05.134+0000] {processor.py:186} INFO - Started process (PID=82170) to work on /usr/local/python/3.12.1/lib/python3.12/site-packages/airflow/example_dags/example_display_name.py
[2026-05-18T15:54:05.135+0000] {processor.py:914} INFO - Processing file /usr/local/python/3.12.1/lib/python3.12/site-packages/airflow/example_dags/example_display_name.py for tasks to queue
[2026-05-18T15:54:05.135+0000] {logging_mixin.py:190} INFO - [2026-05-18T15:54:05.135+0000] {dagbag.py:588} INFO - Filling up the DagBag from /usr/local/python/3.12.1/lib/python3.12/site-packages/airflow/example_dags/example_display_name.py
[2026-05-18T15:54:05.141+0000] {processor.py:925} INFO - DAG(s) 'example_display_name' retrieved from /usr/local/python/3.12.1/lib/python3.12/site-packages/airflow/example_dags/example_display_name.py
[2026-05-18T15:54:05.152+0000] {logging_mixin.py:190} INFO - [2026-05-18T15:54:05.152+0000] {dag.py:3239} INFO - Sync 1 DAGs
[2026-05-18T15:54:05.163+0000] {logging_mixin.py:190} INFO - [2026-05-18T15:54:05.163+0000] {dag.py:4180} INFO - Setting next_dagrun for example_display_name to None, run_after=None
[2026-05-18T15:54:05.182+0000] {processor.py:208} INFO - Processing /usr/local/python/3.12.1/lib/python3.12/site-packages/airflow/example_dags/example_display_name.py took 0.052 seconds
[2026-05-18T15:55:08.575+0000] {processor.py:186} INFO - Started process (PID=82711) to work on /usr/local/python/3.12.1/lib/python3.12/site-packages/airflow/example_dags/example_display_name.py
[2026-05-18T15:55:08.576+0000] {processor.py:914} INFO - Processing file /usr/local/python/3.12.1/lib/python3.12/site-packages/airflow/example_dags/example_display_name.py for tasks to queue
[2026-05-18T15:55:08.577+0000] {logging_mixin.py:190} INFO - [2026-05-18T15:55:08.577+0000] {dagbag.py:588} INFO - Filling up the DagBag from /usr/local/python/3.12.1/lib/python3.12/site-packages/airflow/example_dags/example_display_name.py
[2026-05-18T15:55:08.585+0000] {processor.py:925} INFO - DAG(s) 'example_display_name' retrieved from /usr/local/python/3.12.1/lib/python3.12/site-packages/airflow/example_dags/example_display_name.py
[2026-05-18T15:55:08.599+0000] {logging_mixin.py:190} INFO - [2026-05-18T15:55:08.599+0000] {dag.py:3239} INFO - Sync 1 DAGs
[2026-05-18T15:55:08.609+0000] {logging_mixin.py:190} INFO - [2026-05-18T15:55:08.609+0000] {dag.py:4180} INFO - Setting next_dagrun for example_display_name to None, run_after=None
[2026-05-18T15:55:08.627+0000] {processor.py:208} INFO - Processing /usr/local/python/3.12.1/lib/python3.12/site-packages/airflow/example_dags/example_display_name.py took 0.057 seconds
[2026-05-18T15:56:09.265+0000] {processor.py:186} INFO - Started process (PID=83307) to work on /usr/local/python/3.12.1/lib/python3.12/site-packages/airflow/example_dags/example_display_name.py
[2026-05-18T15:56:09.266+0000] {processor.py:914} INFO - Processing file /usr/local/python/3.12.1/lib/python3.12/site-packages/airflow/example_dags/example_display_name.py for tasks to queue
[2026-05-18T15:56:09.267+0000] {logging_mixin.py:190} INFO - [2026-05-18T15:56:09.266+0000] {dagbag.py:588} INFO - Filling up the DagBag from /usr/local/python/3.12.1/lib/python3.12/site-packages/airflow/example_dags/example_display_name.py
[2026-05-18T15:56:09.275+0000] {processor.py:925} INFO - DAG(s) 'example_display_name' retrieved from /usr/local/python/3.12.1/lib/python3.12/site-packages/airflow/example_dags/example_display_name.py
[2026-05-18T15:56:09.288+0000] {logging_mixin.py:190} INFO - [2026-05-18T15:56:09.288+0000] {dag.py:3239} INFO - Sync 1 DAGs
[2026-05-18T15:56:09.298+0000] {logging_mixin.py:190} INFO - [2026-05-18T15:56:09.298+0000] {dag.py:4180} INFO - Setting next_dagrun for example_display_name to None, run_after=None
[2026-05-18T15:56:09.315+0000] {processor.py:208} INFO - Processing /usr/local/python/3.12.1/lib/python3.12/site-packages/airflow/example_dags/example_display_name.py took 0.055 seconds
[2026-05-18T15:57:08.258+0000] {processor.py:186} INFO - Started process (PID=83816) to work on /usr/local/python/3.12.1/lib/python3.12/site-packages/airflow/example_dags/example_display_name.py
[2026-05-18T15:57:08.258+0000] {processor.py:914} INFO - Processing file /usr/local/python/3.12.1/lib/python3.12/site-packages/airflow/example_dags/example_display_name.py for tasks to queue
[2026-05-18T15:57:08.259+0000] {logging_mixin.py:190} INFO - [2026-05-18T15:57:08.259+0000] {dagbag.py:588} INFO - Filling up the DagBag from /usr/local/python/3.12.1/lib/python3.12/site-packages/airflow/example_dags/example_display_name.py
[2026-05-18T15:57:08.269+0000] {processor.py:925} INFO - DAG(s) 'example_display_name' retrieved from /usr/local/python/3.12.1/lib/python3.12/site-packages/airflow/example_dags/example_display_name.py
[2026-05-18T15:57:08.296+0000] {logging_mixin.py:190} INFO - [2026-05-18T15:57:08.295+0000] {dag.py:3239} INFO - Sync 1 DAGs
[2026-05-18T15:57:08.316+0000] {logging_mixin.py:190} INFO - [2026-05-18T15:57:08.316+0000] {dag.py:4180} INFO - Setting next_dagrun for example_display_name to None, run_after=None
[2026-05-18T15:57:08.348+0000] {processor.py:208} INFO - Processing /usr/local/python/3.12.1/lib/python3.12/site-packages/airflow/example_dags/example_display_name.py took 0.095 seconds
[2026-05-18T15:58:04.761+0000] {processor.py:186} INFO - Started process (PID=84310) to work on /usr/local/python/3.12.1/lib/python3.12/site-packages/airflow/example_dags/example_display_name.py
[2026-05-18T15:58:04.762+0000] {processor.py:914} INFO - Processing file /usr/local/python/3.12.1/lib/python3.12/site-packages/airflow/example_dags/example_display_name.py for tasks to queue
[2026-05-18T15:58:04.763+0000] {logging_mixin.py:190} INFO - [2026-05-18T15:58:04.763+0000] {dagbag.py:588} INFO - Filling up the DagBag from /usr/local/python/3.12.1/lib/python3.12/site-packages/airflow/example_dags/example_display_name.py
[2026-05-18T15:58:04.771+0000] {processor.py:925} INFO - DAG(s) 'example_display_name' retrieved from /usr/local/python/3.12.1/lib/python3.12/site-packages/airflow/example_dags/example_display_name.py
[2026-05-18T15:58:04.787+0000] {logging_mixin.py:190} INFO - [2026-05-18T15:58:04.786+0000] {dag.py:3239} INFO - Sync 1 DAGs
[2026-05-18T15:58:04.799+0000] {logging_mixin.py:190} INFO - [2026-05-18T15:58:04.798+0000] {dag.py:4180} INFO - Setting next_dagrun for example_display_name to None, run_after=None
[2026-05-18T15:58:04.817+0000] {processor.py:208} INFO - Processing /usr/local/python/3.12.1/lib/python3.12/site-packages/airflow/example_dags/example_display_name.py took 0.060 seconds
[2026-05-18T15:59:04.421+0000] {processor.py:186} INFO - Started process (PID=84838) to work on /usr/local/python/3.12.1/lib/python3.12/site-packages/airflow/example_dags/example_display_name.py
[2026-05-18T15:59:04.422+0000] {processor.py:914} INFO - Processing file /usr/local/python/3.12.1/lib/python3.12/site-packages/airflow/example_dags/example_display_name.py for tasks to queue
[2026-05-18T15:59:04.423+0000] {logging_mixin.py:190} INFO - [2026-05-18T15:59:04.422+0000] {dagbag.py:588} INFO - Filling up the DagBag from /usr/local/python/3.12.1/lib/python3.12/site-packages/airflow/example_dags/example_display_name.py
[2026-05-18T15:59:04.429+0000] {processor.py:925} INFO - DAG(s) 'example_display_name' retrieved from /usr/local/python/3.12.1/lib/python3.12/site-packages/airflow/example_dags/example_display_name.py
[2026-05-18T15:59:04.440+0000] {logging_mixin.py:190} INFO - [2026-05-18T15:59:04.440+0000] {dag.py:3239} INFO - Sync 1 DAGs
[2026-05-18T15:59:04.450+0000] {logging_mixin.py:190} INFO - [2026-05-18T15:59:04.449+0000] {dag.py:4180} INFO - Setting next_dagrun for example_display_name to None, run_after=None
[2026-05-18T15:59:04.466+0000] {processor.py:208} INFO - Processing /usr/local/python/3.12.1/lib/python3.12/site-packages/airflow/example_dags/example_display_name.py took 0.049 seconds
[2026-05-18T16:00:07.625+0000] {processor.py:186} INFO - Started process (PID=85456) to work on /usr/local/python/3.12.1/lib/python3.12/site-packages/airflow/example_dags/example_display_name.py
[2026-05-18T16:00:07.625+0000] {processor.py:914} INFO - Processing file /usr/local/python/3.12.1/lib/python3.12/site-packages/airflow/example_dags/example_display_name.py for tasks to queue
[2026-05-18T16:00:07.626+0000] {logging_mixin.py:190} INFO - [2026-05-18T16:00:07.626+0000] {dagbag.py:588} INFO - Filling up the DagBag from /usr/local/python/3.12.1/lib/python3.12/site-packages/airflow/example_dags/example_display_name.py
[2026-05-18T16:00:07.632+0000] {processor.py:925} INFO - DAG(s) 'example_display_name' retrieved from /usr/local/python/3.12.1/lib/python3.12/site-packages/airflow/example_dags/example_display_name.py
[2026-05-18T16:00:07.644+0000] {logging_mixin.py:190} INFO - [2026-05-18T16:00:07.643+0000] {dag.py:3239} INFO - Sync 1 DAGs
[2026-05-18T16:00:07.654+0000] {logging_mixin.py:190} INFO - [2026-05-18T16:00:07.654+0000] {dag.py:4180} INFO - Setting next_dagrun for example_display_name to None, run_after=None
[2026-05-18T16:00:07.672+0000] {processor.py:208} INFO - Processing /usr/local/python/3.12.1/lib/python3.12/site-packages/airflow/example_dags/example_display_name.py took 0.051 seconds
[2026-05-18T16:01:11.709+0000] {processor.py:186} INFO - Started process (PID=86074) to work on /usr/local/python/3.12.1/lib/python3.12/site-packages/airflow/example_dags/example_display_name.py
[2026-05-18T16:01:11.710+0000] {processor.py:914} INFO - Processing file /usr/local/python/3.12.1/lib/python3.12/site-packages/airflow/example_dags/example_display_name.py for tasks to queue
[2026-05-18T16:01:11.711+0000] {logging_mixin.py:190} INFO - [2026-05-18T16:01:11.710+0000] {dagbag.py:588} INFO - Filling up the DagBag from /usr/local/python/3.12.1/lib/python3.12/site-packages/airflow/example_dags/example_display_name.py
[2026-05-18T16:01:11.717+0000] {processor.py:925} INFO - DAG(s) 'example_display_name' retrieved from /usr/local/python/3.12.1/lib/python3.12/site-packages/airflow/example_dags/example_display_name.py
[2026-05-18T16:01:11.728+0000] {logging_mixin.py:190} INFO - [2026-05-18T16:01:11.728+0000] {dag.py:3239} INFO - Sync 1 DAGs
[2026-05-18T16:01:11.738+0000] {logging_mixin.py:190} INFO - [2026-05-18T16:01:11.738+0000] {dag.py:4180} INFO - Setting next_dagrun for example_display_name to None, run_after=None
[2026-05-18T16:01:11.755+0000] {processor.py:208} INFO - Processing /usr/local/python/3.12.1/lib/python3.12/site-packages/airflow/example_dags/example_display_name.py took 0.051 seconds
[2026-05-18T16:02:11.299+0000] {processor.py:186} INFO - Started process (PID=86596) to work on /usr/local/python/3.12.1/lib/python3.12/site-packages/airflow/example_dags/example_display_name.py
[2026-05-18T16:02:11.300+0000] {processor.py:914} INFO - Processing file /usr/local/python/3.12.1/lib/python3.12/site-packages/airflow/example_dags/example_display_name.py for tasks to queue
[2026-05-18T16:02:11.301+0000] {logging_mixin.py:190} INFO - [2026-05-18T16:02:11.301+0000] {dagbag.py:588} INFO - Filling up the DagBag from /usr/local/python/3.12.1/lib/python3.12/site-packages/airflow/example_dags/example_display_name.py
[2026-05-18T16:02:11.307+0000] {processor.py:925} INFO - DAG(s) 'example_display_name' retrieved from /usr/local/python/3.12.1/lib/python3.12/site-packages/airflow/example_dags/example_display_name.py
[2026-05-18T16:02:11.320+0000] {logging_mixin.py:190} INFO - [2026-05-18T16:02:11.320+0000] {dag.py:3239} INFO - Sync 1 DAGs
[2026-05-18T16:02:11.331+0000] {logging_mixin.py:190} INFO - [2026-05-18T16:02:11.331+0000] {dag.py:4180} INFO - Setting next_dagrun for example_display_name to None, run_after=None
[2026-05-18T16:02:11.348+0000] {processor.py:208} INFO - Processing /usr/local/python/3.12.1/lib/python3.12/site-packages/airflow/example_dags/example_display_name.py took 0.054 seconds
[2026-05-18T16:03:16.061+0000] {processor.py:186} INFO - Started process (PID=87152) to work on /usr/local/python/3.12.1/lib/python3.12/site-packages/airflow/example_dags/example_display_name.py
[2026-05-18T16:03:16.062+0000] {processor.py:914} INFO - Processing file /usr/local/python/3.12.1/lib/python3.12/site-packages/airflow/example_dags/example_display_name.py for tasks to queue
[2026-05-18T16:03:16.063+0000] {logging_mixin.py:190} INFO - [2026-05-18T16:03:16.063+0000] {dagbag.py:588} INFO - Filling up the DagBag from /usr/local/python/3.12.1/lib/python3.12/site-packages/airflow/example_dags/example_display_name.py
[2026-05-18T16:03:16.070+0000] {processor.py:925} INFO - DAG(s) 'example_display_name' retrieved from /usr/local/python/3.12.1/lib/python3.12/site-packages/airflow/example_dags/example_display_name.py
[2026-05-18T16:03:16.086+0000] {logging_mixin.py:190} INFO - [2026-05-18T16:03:16.086+0000] {dag.py:3239} INFO - Sync 1 DAGs
[2026-05-18T16:03:16.097+0000] {logging_mixin.py:190} INFO - [2026-05-18T16:03:16.096+0000] {dag.py:4180} INFO - Setting next_dagrun for example_display_name to None, run_after=None
[2026-05-18T16:03:16.115+0000] {processor.py:208} INFO - Processing /usr/local/python/3.12.1/lib/python3.12/site-packages/airflow/example_dags/example_display_name.py took 0.058 seconds
[2026-05-18T16:04:14.281+0000] {processor.py:186} INFO - Started process (PID=87663) to work on /usr/local/python/3.12.1/lib/python3.12/site-packages/airflow/example_dags/example_display_name.py
[2026-05-18T16:04:14.281+0000] {processor.py:914} INFO - Processing file /usr/local/python/3.12.1/lib/python3.12/site-packages/airflow/example_dags/example_display_name.py for tasks to queue
[2026-05-18T16:04:14.283+0000] {logging_mixin.py:190} INFO - [2026-05-18T16:04:14.282+0000] {dagbag.py:588} INFO - Filling up the DagBag from /usr/local/python/3.12.1/lib/python3.12/site-packages/airflow/example_dags/example_display_name.py
[2026-05-18T16:04:14.289+0000] {processor.py:925} INFO - DAG(s) 'example_display_name' retrieved from /usr/local/python/3.12.1/lib/python3.12/site-packages/airflow/example_dags/example_display_name.py
[2026-05-18T16:04:14.302+0000] {logging_mixin.py:190} INFO - [2026-05-18T16:04:14.302+0000] {dag.py:3239} INFO - Sync 1 DAGs
[2026-05-18T16:04:14.313+0000] {logging_mixin.py:190} INFO - [2026-05-18T16:04:14.313+0000] {dag.py:4180} INFO - Setting next_dagrun for example_display_name to None, run_after=None
[2026-05-18T16:04:14.330+0000] {processor.py:208} INFO - Processing /usr/local/python/3.12.1/lib/python3.12/site-packages/airflow/example_dags/example_display_name.py took 0.055 seconds
[2026-05-18T16:05:16.139+0000] {processor.py:186} INFO - Started process (PID=88190) to work on /usr/local/python/3.12.1/lib/python3.12/site-packages/airflow/example_dags/example_display_name.py
[2026-05-18T16:05:16.140+0000] {processor.py:914} INFO - Processing file /usr/local/python/3.12.1/lib/python3.12/site-packages/airflow/example_dags/example_display_name.py for tasks to queue
[2026-05-18T16:05:16.141+0000] {logging_mixin.py:190} INFO - [2026-05-18T16:05:16.141+0000] {dagbag.py:588} INFO - Filling up the DagBag from /usr/local/python/3.12.1/lib/python3.12/site-packages/airflow/example_dags/example_display_name.py
[2026-05-18T16:05:16.147+0000] {processor.py:925} INFO - DAG(s) 'example_display_name' retrieved from /usr/local/python/3.12.1/lib/python3.12/site-packages/airflow/example_dags/example_display_name.py
[2026-05-18T16:05:16.159+0000] {logging_mixin.py:190} INFO - [2026-05-18T16:05:16.159+0000] {dag.py:3239} INFO - Sync 1 DAGs
[2026-05-18T16:05:16.171+0000] {logging_mixin.py:190} INFO - [2026-05-18T16:05:16.170+0000] {dag.py:4180} INFO - Setting next_dagrun for example_display_name to None, run_after=None
[2026-05-18T16:05:16.191+0000] {processor.py:208} INFO - Processing /usr/local/python/3.12.1/lib/python3.12/site-packages/airflow/example_dags/example_display_name.py took 0.055 seconds
[2026-05-18T16:06:16.239+0000] {processor.py:186} INFO - Started process (PID=88777) to work on /usr/local/python/3.12.1/lib/python3.12/site-packages/airflow/example_dags/example_display_name.py
[2026-05-18T16:06:16.239+0000] {processor.py:914} INFO - Processing file /usr/local/python/3.12.1/lib/python3.12/site-packages/airflow/example_dags/example_display_name.py for tasks to queue
[2026-05-18T16:06:16.240+0000] {logging_mixin.py:190} INFO - [2026-05-18T16:06:16.240+0000] {dagbag.py:588} INFO - Filling up the DagBag from /usr/local/python/3.12.1/lib/python3.12/site-packages/airflow/example_dags/example_display_name.py
[2026-05-18T16:06:16.246+0000] {processor.py:925} INFO - DAG(s) 'example_display_name' retrieved from /usr/local/python/3.12.1/lib/python3.12/site-packages/airflow/example_dags/example_display_name.py
[2026-05-18T16:06:16.257+0000] {logging_mixin.py:190} INFO - [2026-05-18T16:06:16.257+0000] {dag.py:3239} INFO - Sync 1 DAGs
[2026-05-18T16:06:16.268+0000] {logging_mixin.py:190} INFO - [2026-05-18T16:06:16.268+0000] {dag.py:4180} INFO - Setting next_dagrun for example_display_name to None, run_after=None
[2026-05-18T16:06:16.288+0000] {processor.py:208} INFO - Processing /usr/local/python/3.12.1/lib/python3.12/site-packages/airflow/example_dags/example_display_name.py took 0.053 seconds
[2026-05-18T16:07:22.241+0000] {processor.py:186} INFO - Started process (PID=89334) to work on /usr/local/python/3.12.1/lib/python3.12/site-packages/airflow/example_dags/example_display_name.py
[2026-05-18T16:07:22.242+0000] {processor.py:914} INFO - Processing file /usr/local/python/3.12.1/lib/python3.12/site-packages/airflow/example_dags/example_display_name.py for tasks to queue
[2026-05-18T16:07:22.243+0000] {logging_mixin.py:190} INFO - [2026-05-18T16:07:22.242+0000] {dagbag.py:588} INFO - Filling up the DagBag from /usr/local/python/3.12.1/lib/python3.12/site-packages/airflow/example_dags/example_display_name.py
[2026-05-18T16:07:22.249+0000] {processor.py:925} INFO - DAG(s) 'example_display_name' retrieved from /usr/local/python/3.12.1/lib/python3.12/site-packages/airflow/example_dags/example_display_name.py
[2026-05-18T16:07:22.261+0000] {logging_mixin.py:190} INFO - [2026-05-18T16:07:22.261+0000] {dag.py:3239} INFO - Sync 1 DAGs
[2026-05-18T16:07:22.275+0000] {logging_mixin.py:190} INFO - [2026-05-18T16:07:22.275+0000] {dag.py:4180} INFO - Setting next_dagrun for example_display_name to None, run_after=None
[2026-05-18T16:07:22.296+0000] {processor.py:208} INFO - Processing /usr/local/python/3.12.1/lib/python3.12/site-packages/airflow/example_dags/example_display_name.py took 0.059 seconds
[2026-05-18T16:08:24.109+0000] {processor.py:186} INFO - Started process (PID=89875) to work on /usr/local/python/3.12.1/lib/python3.12/site-packages/airflow/example_dags/example_display_name.py
[2026-05-18T16:08:24.110+0000] {processor.py:914} INFO - Processing file /usr/local/python/3.12.1/lib/python3.12/site-packages/airflow/example_dags/example_display_name.py for tasks to queue
[2026-05-18T16:08:24.112+0000] {logging_mixin.py:190} INFO - [2026-05-18T16:08:24.111+0000] {dagbag.py:588} INFO - Filling up the DagBag from /usr/local/python/3.12.1/lib/python3.12/site-packages/airflow/example_dags/example_display_name.py
[2026-05-18T16:08:24.119+0000] {processor.py:925} INFO - DAG(s) 'example_display_name' retrieved from /usr/local/python/3.12.1/lib/python3.12/site-packages/airflow/example_dags/example_display_name.py
[2026-05-18T16:08:24.131+0000] {logging_mixin.py:190} INFO - [2026-05-18T16:08:24.131+0000] {dag.py:3239} INFO - Sync 1 DAGs
[2026-05-18T16:08:24.142+0000] {logging_mixin.py:190} INFO - [2026-05-18T16:08:24.141+0000] {dag.py:4180} INFO - Setting next_dagrun for example_display_name to None, run_after=None
[2026-05-18T16:08:24.159+0000] {processor.py:208} INFO - Processing /usr/local/python/3.12.1/lib/python3.12/site-packages/airflow/example_dags/example_display_name.py took 0.055 seconds
[2026-05-18T16:09:25.893+0000] {processor.py:186} INFO - Started process (PID=90402) to work on /usr/local/python/3.12.1/lib/python3.12/site-packages/airflow/example_dags/example_display_name.py
[2026-05-18T16:09:25.894+0000] {processor.py:914} INFO - Processing file /usr/local/python/3.12.1/lib/python3.12/site-packages/airflow/example_dags/example_display_name.py for tasks to queue
[2026-05-18T16:09:25.895+0000] {logging_mixin.py:190} INFO - [2026-05-18T16:09:25.895+0000] {dagbag.py:588} INFO - Filling up the DagBag from /usr/local/python/3.12.1/lib/python3.12/site-packages/airflow/example_dags/example_display_name.py
[2026-05-18T16:09:25.901+0000] {processor.py:925} INFO - DAG(s) 'example_display_name' retrieved from /usr/local/python/3.12.1/lib/python3.12/site-packages/airflow/example_dags/example_display_name.py
[2026-05-18T16:09:25.913+0000] {logging_mixin.py:190} INFO - [2026-05-18T16:09:25.913+0000] {dag.py:3239} INFO - Sync 1 DAGs
[2026-05-18T16:09:25.923+0000] {logging_mixin.py:190} INFO - [2026-05-18T16:09:25.923+0000] {dag.py:4180} INFO - Setting next_dagrun for example_display_name to None, run_after=None
[2026-05-18T16:09:25.941+0000] {processor.py:208} INFO - Processing /usr/local/python/3.12.1/lib/python3.12/site-packages/airflow/example_dags/example_display_name.py took 0.052 seconds
[2026-05-18T16:10:25.333+0000] {processor.py:186} INFO - Started process (PID=90929) to work on /usr/local/python/3.12.1/lib/python3.12/site-packages/airflow/example_dags/example_display_name.py
[2026-05-18T16:10:25.334+0000] {processor.py:914} INFO - Processing file /usr/local/python/3.12.1/lib/python3.12/site-packages/airflow/example_dags/example_display_name.py for tasks to queue
[2026-05-18T16:10:25.335+0000] {logging_mixin.py:190} INFO - [2026-05-18T16:10:25.334+0000] {dagbag.py:588} INFO - Filling up the DagBag from /usr/local/python/3.12.1/lib/python3.12/site-packages/airflow/example_dags/example_display_name.py
[2026-05-18T16:10:25.341+0000] {processor.py:925} INFO - DAG(s) 'example_display_name' retrieved from /usr/local/python/3.12.1/lib/python3.12/site-packages/airflow/example_dags/example_display_name.py
[2026-05-18T16:10:25.352+0000] {logging_mixin.py:190} INFO - [2026-05-18T16:10:25.352+0000] {dag.py:3239} INFO - Sync 1 DAGs
[2026-05-18T16:10:25.362+0000] {logging_mixin.py:190} INFO - [2026-05-18T16:10:25.362+0000] {dag.py:4180} INFO - Setting next_dagrun for example_display_name to None, run_after=None
[2026-05-18T16:10:25.381+0000] {processor.py:208} INFO - Processing /usr/local/python/3.12.1/lib/python3.12/site-packages/airflow/example_dags/example_display_name.py took 0.052 seconds
[2026-05-18T16:11:21.687+0000] {processor.py:186} INFO - Started process (PID=91492) to work on /usr/local/python/3.12.1/lib/python3.12/site-packages/airflow/example_dags/example_display_name.py
[2026-05-18T16:11:21.687+0000] {processor.py:914} INFO - Processing file /usr/local/python/3.12.1/lib/python3.12/site-packages/airflow/example_dags/example_display_name.py for tasks to queue
[2026-05-18T16:11:21.688+0000] {logging_mixin.py:190} INFO - [2026-05-18T16:11:21.688+0000] {dagbag.py:588} INFO - Filling up the DagBag from /usr/local/python/3.12.1/lib/python3.12/site-packages/airflow/example_dags/example_display_name.py
[2026-05-18T16:11:21.695+0000] {processor.py:925} INFO - DAG(s) 'example_display_name' retrieved from /usr/local/python/3.12.1/lib/python3.12/site-packages/airflow/example_dags/example_display_name.py
[2026-05-18T16:11:21.706+0000] {logging_mixin.py:190} INFO - [2026-05-18T16:11:21.706+0000] {dag.py:3239} INFO - Sync 1 DAGs
[2026-05-18T16:11:21.716+0000] {logging_mixin.py:190} INFO - [2026-05-18T16:11:21.716+0000] {dag.py:4180} INFO - Setting next_dagrun for example_display_name to None, run_after=None
[2026-05-18T16:11:21.732+0000] {processor.py:208} INFO - Processing /usr/local/python/3.12.1/lib/python3.12/site-packages/airflow/example_dags/example_display_name.py took 0.050 seconds
[2026-05-18T16:12:22.997+0000] {processor.py:186} INFO - Started process (PID=92023) to work on /usr/local/python/3.12.1/lib/python3.12/site-packages/airflow/example_dags/example_display_name.py
[2026-05-18T16:12:22.997+0000] {processor.py:914} INFO - Processing file /usr/local/python/3.12.1/lib/python3.12/site-packages/airflow/example_dags/example_display_name.py for tasks to queue
[2026-05-18T16:12:22.999+0000] {logging_mixin.py:190} INFO - [2026-05-18T16:12:22.998+0000] {dagbag.py:588} INFO - Filling up the DagBag from /usr/local/python/3.12.1/lib/python3.12/site-packages/airflow/example_dags/example_display_name.py
[2026-05-18T16:12:23.007+0000] {processor.py:925} INFO - DAG(s) 'example_display_name' retrieved from /usr/local/python/3.12.1/lib/python3.12/site-packages/airflow/example_dags/example_display_name.py
[2026-05-18T16:12:23.020+0000] {logging_mixin.py:190} INFO - [2026-05-18T16:12:23.020+0000] {dag.py:3239} INFO - Sync 1 DAGs
[2026-05-18T16:12:23.030+0000] {logging_mixin.py:190} INFO - [2026-05-18T16:12:23.029+0000] {dag.py:4180} INFO - Setting next_dagrun for example_display_name to None, run_after=None
[2026-05-18T16:12:23.045+0000] {processor.py:208} INFO - Processing /usr/local/python/3.12.1/lib/python3.12/site-packages/airflow/example_dags/example_display_name.py took 0.055 seconds
[2026-05-18T16:13:23.033+0000] {processor.py:186} INFO - Started process (PID=92552) to work on /usr/local/python/3.12.1/lib/python3.12/site-packages/airflow/example_dags/example_display_name.py
[2026-05-18T16:13:23.034+0000] {processor.py:914} INFO - Processing file /usr/local/python/3.12.1/lib/python3.12/site-packages/airflow/example_dags/example_display_name.py for tasks to queue
[2026-05-18T16:13:23.035+0000] {logging_mixin.py:190} INFO - [2026-05-18T16:13:23.035+0000] {dagbag.py:588} INFO - Filling up the DagBag from /usr/local/python/3.12.1/lib/python3.12/site-packages/airflow/example_dags/example_display_name.py
[2026-05-18T16:13:23.042+0000] {processor.py:925} INFO - DAG(s) 'example_display_name' retrieved from /usr/local/python/3.12.1/lib/python3.12/site-packages/airflow/example_dags/example_display_name.py
[2026-05-18T16:13:23.054+0000] {logging_mixin.py:190} INFO - [2026-05-18T16:13:23.054+0000] {dag.py:3239} INFO - Sync 1 DAGs
[2026-05-18T16:13:23.065+0000] {logging_mixin.py:190} INFO - [2026-05-18T16:13:23.065+0000] {dag.py:4180} INFO - Setting next_dagrun for example_display_name to None, run_after=None
[2026-05-18T16:13:23.086+0000] {processor.py:208} INFO - Processing /usr/local/python/3.12.1/lib/python3.12/site-packages/airflow/example_dags/example_display_name.py took 0.057 seconds
[2026-05-18T16:14:23.030+0000] {processor.py:186} INFO - Started process (PID=93062) to work on /usr/local/python/3.12.1/lib/python3.12/site-packages/airflow/example_dags/example_display_name.py
[2026-05-18T16:14:23.031+0000] {processor.py:914} INFO - Processing file /usr/local/python/3.12.1/lib/python3.12/site-packages/airflow/example_dags/example_display_name.py for tasks to queue
[2026-05-18T16:14:23.032+0000] {logging_mixin.py:190} INFO - [2026-05-18T16:14:23.032+0000] {dagbag.py:588} INFO - Filling up the DagBag from /usr/local/python/3.12.1/lib/python3.12/site-packages/airflow/example_dags/example_display_name.py
[2026-05-18T16:14:23.038+0000] {processor.py:925} INFO - DAG(s) 'example_display_name' retrieved from /usr/local/python/3.12.1/lib/python3.12/site-packages/airflow/example_dags/example_display_name.py
[2026-05-18T16:14:23.050+0000] {logging_mixin.py:190} INFO - [2026-05-18T16:14:23.050+0000] {dag.py:3239} INFO - Sync 1 DAGs
[2026-05-18T16:14:23.060+0000] {logging_mixin.py:190} INFO - [2026-05-18T16:14:23.060+0000] {dag.py:4180} INFO - Setting next_dagrun for example_display_name to None, run_after=None
[2026-05-18T16:14:23.079+0000] {processor.py:208} INFO - Processing /usr/local/python/3.12.1/lib/python3.12/site-packages/airflow/example_dags/example_display_name.py took 0.053 seconds
[2026-05-18T16:15:25.639+0000] {processor.py:186} INFO - Started process (PID=93617) to work on /usr/local/python/3.12.1/lib/python3.12/site-packages/airflow/example_dags/example_display_name.py
[2026-05-18T16:15:25.639+0000] {processor.py:914} INFO - Processing file /usr/local/python/3.12.1/lib/python3.12/site-packages/airflow/example_dags/example_display_name.py for tasks to queue
[2026-05-18T16:15:25.640+0000] {logging_mixin.py:190} INFO - [2026-05-18T16:15:25.640+0000] {dagbag.py:588} INFO - Filling up the DagBag from /usr/local/python/3.12.1/lib/python3.12/site-packages/airflow/example_dags/example_display_name.py
[2026-05-18T16:15:25.649+0000] {processor.py:925} INFO - DAG(s) 'example_display_name' retrieved from /usr/local/python/3.12.1/lib/python3.12/site-packages/airflow/example_dags/example_display_name.py
[2026-05-18T16:15:25.666+0000] {logging_mixin.py:190} INFO - [2026-05-18T16:15:25.666+0000] {dag.py:3239} INFO - Sync 1 DAGs
[2026-05-18T16:15:25.687+0000] {logging_mixin.py:190} INFO - [2026-05-18T16:15:25.687+0000] {dag.py:4180} INFO - Setting next_dagrun for example_display_name to None, run_after=None
[2026-05-18T16:15:25.733+0000] {processor.py:208} INFO - Processing /usr/local/python/3.12.1/lib/python3.12/site-packages/airflow/example_dags/example_display_name.py took 0.099 seconds
[2026-05-18T16:16:24.720+0000] {processor.py:186} INFO - Started process (PID=94180) to work on /usr/local/python/3.12.1/lib/python3.12/site-packages/airflow/example_dags/example_display_name.py
[2026-05-18T16:16:24.721+0000] {processor.py:914} INFO - Processing file /usr/local/python/3.12.1/lib/python3.12/site-packages/airflow/example_dags/example_display_name.py for tasks to queue
[2026-05-18T16:16:24.722+0000] {logging_mixin.py:190} INFO - [2026-05-18T16:16:24.722+0000] {dagbag.py:588} INFO - Filling up the DagBag from /usr/local/python/3.12.1/lib/python3.12/site-packages/airflow/example_dags/example_display_name.py
[2026-05-18T16:16:24.728+0000] {processor.py:925} INFO - DAG(s) 'example_display_name' retrieved from /usr/local/python/3.12.1/lib/python3.12/site-packages/airflow/example_dags/example_display_name.py
[2026-05-18T16:16:24.740+0000] {logging_mixin.py:190} INFO - [2026-05-18T16:16:24.740+0000] {dag.py:3239} INFO - Sync 1 DAGs
[2026-05-18T16:16:24.750+0000] {logging_mixin.py:190} INFO - [2026-05-18T16:16:24.750+0000] {dag.py:4180} INFO - Setting next_dagrun for example_display_name to None, run_after=None
[2026-05-18T16:16:24.770+0000] {processor.py:208} INFO - Processing /usr/local/python/3.12.1/lib/python3.12/site-packages/airflow/example_dags/example_display_name.py took 0.053 seconds
[2026-05-18T16:17:26.174+0000] {processor.py:186} INFO - Started process (PID=94710) to work on /usr/local/python/3.12.1/lib/python3.12/site-packages/airflow/example_dags/example_display_name.py
[2026-05-18T16:17:26.175+0000] {processor.py:914} INFO - Processing file /usr/local/python/3.12.1/lib/python3.12/site-packages/airflow/example_dags/example_display_name.py for tasks to queue
[2026-05-18T16:17:26.177+0000] {logging_mixin.py:190} INFO - [2026-05-18T16:17:26.176+0000] {dagbag.py:588} INFO - Filling up the DagBag from /usr/local/python/3.12.1/lib/python3.12/site-packages/airflow/example_dags/example_display_name.py
[2026-05-18T16:17:26.185+0000] {processor.py:925} INFO - DAG(s) 'example_display_name' retrieved from /usr/local/python/3.12.1/lib/python3.12/site-packages/airflow/example_dags/example_display_name.py
[2026-05-18T16:17:26.197+0000] {logging_mixin.py:190} INFO - [2026-05-18T16:17:26.197+0000] {dag.py:3239} INFO - Sync 1 DAGs
[2026-05-18T16:17:26.209+0000] {logging_mixin.py:190} INFO - [2026-05-18T16:17:26.208+0000] {dag.py:4180} INFO - Setting next_dagrun for example_display_name to None, run_after=None
[2026-05-18T16:17:26.226+0000] {processor.py:208} INFO - Processing /usr/local/python/3.12.1/lib/python3.12/site-packages/airflow/example_dags/example_display_name.py took 0.057 seconds
[2026-05-18T16:18:28.995+0000] {processor.py:186} INFO - Started process (PID=95250) to work on /usr/local/python/3.12.1/lib/python3.12/site-packages/airflow/example_dags/example_display_name.py
[2026-05-18T16:18:28.996+0000] {processor.py:914} INFO - Processing file /usr/local/python/3.12.1/lib/python3.12/site-packages/airflow/example_dags/example_display_name.py for tasks to queue
[2026-05-18T16:18:28.997+0000] {logging_mixin.py:190} INFO - [2026-05-18T16:18:28.997+0000] {dagbag.py:588} INFO - Filling up the DagBag from /usr/local/python/3.12.1/lib/python3.12/site-packages/airflow/example_dags/example_display_name.py
[2026-05-18T16:18:29.003+0000] {processor.py:925} INFO - DAG(s) 'example_display_name' retrieved from /usr/local/python/3.12.1/lib/python3.12/site-packages/airflow/example_dags/example_display_name.py
[2026-05-18T16:18:29.015+0000] {logging_mixin.py:190} INFO - [2026-05-18T16:18:29.015+0000] {dag.py:3239} INFO - Sync 1 DAGs
[2026-05-18T16:18:29.026+0000] {logging_mixin.py:190} INFO - [2026-05-18T16:18:29.026+0000] {dag.py:4180} INFO - Setting next_dagrun for example_display_name to None, run_after=None
[2026-05-18T16:18:29.043+0000] {processor.py:208} INFO - Processing /usr/local/python/3.12.1/lib/python3.12/site-packages/airflow/example_dags/example_display_name.py took 0.052 seconds
[2026-05-18T16:19:31.129+0000] {processor.py:186} INFO - Started process (PID=95805) to work on /usr/local/python/3.12.1/lib/python3.12/site-packages/airflow/example_dags/example_display_name.py
[2026-05-18T16:19:31.129+0000] {processor.py:914} INFO - Processing file /usr/local/python/3.12.1/lib/python3.12/site-packages/airflow/example_dags/example_display_name.py for tasks to queue
[2026-05-18T16:19:31.130+0000] {logging_mixin.py:190} INFO - [2026-05-18T16:19:31.130+0000] {dagbag.py:588} INFO - Filling up the DagBag from /usr/local/python/3.12.1/lib/python3.12/site-packages/airflow/example_dags/example_display_name.py
[2026-05-18T16:19:31.136+0000] {processor.py:925} INFO - DAG(s) 'example_display_name' retrieved from /usr/local/python/3.12.1/lib/python3.12/site-packages/airflow/example_dags/example_display_name.py
[2026-05-18T16:19:31.148+0000] {logging_mixin.py:190} INFO - [2026-05-18T16:19:31.148+0000] {dag.py:3239} INFO - Sync 1 DAGs
[2026-05-18T16:19:31.159+0000] {logging_mixin.py:190} INFO - [2026-05-18T16:19:31.159+0000] {dag.py:4180} INFO - Setting next_dagrun for example_display_name to None, run_after=None
[2026-05-18T16:19:31.177+0000] {processor.py:208} INFO - Processing /usr/local/python/3.12.1/lib/python3.12/site-packages/airflow/example_dags/example_display_name.py took 0.052 seconds
[2026-05-18T16:20:34.539+0000] {processor.py:186} INFO - Started process (PID=96348) to work on /usr/local/python/3.12.1/lib/python3.12/site-packages/airflow/example_dags/example_display_name.py
[2026-05-18T16:20:34.540+0000] {processor.py:914} INFO - Processing file /usr/local/python/3.12.1/lib/python3.12/site-packages/airflow/example_dags/example_display_name.py for tasks to queue
[2026-05-18T16:20:34.541+0000] {logging_mixin.py:190} INFO - [2026-05-18T16:20:34.540+0000] {dagbag.py:588} INFO - Filling up the DagBag from /usr/local/python/3.12.1/lib/python3.12/site-packages/airflow/example_dags/example_display_name.py
[2026-05-18T16:20:34.546+0000] {processor.py:925} INFO - DAG(s) 'example_display_name' retrieved from /usr/local/python/3.12.1/lib/python3.12/site-packages/airflow/example_dags/example_display_name.py
[2026-05-18T16:20:34.557+0000] {logging_mixin.py:190} INFO - [2026-05-18T16:20:34.557+0000] {dag.py:3239} INFO - Sync 1 DAGs
[2026-05-18T16:20:34.567+0000] {logging_mixin.py:190} INFO - [2026-05-18T16:20:34.567+0000] {dag.py:4180} INFO - Setting next_dagrun for example_display_name to None, run_after=None
[2026-05-18T16:20:34.699+0000] {processor.py:208} INFO - Processing /usr/local/python/3.12.1/lib/python3.12/site-packages/airflow/example_dags/example_display_name.py took 0.164 seconds
[2026-05-18T16:21:38.799+0000] {processor.py:186} INFO - Started process (PID=96894) to work on /usr/local/python/3.12.1/lib/python3.12/site-packages/airflow/example_dags/example_display_name.py
[2026-05-18T16:21:38.800+0000] {processor.py:914} INFO - Processing file /usr/local/python/3.12.1/lib/python3.12/site-packages/airflow/example_dags/example_display_name.py for tasks to queue
[2026-05-18T16:21:38.801+0000] {logging_mixin.py:190} INFO - [2026-05-18T16:21:38.801+0000] {dagbag.py:588} INFO - Filling up the DagBag from /usr/local/python/3.12.1/lib/python3.12/site-packages/airflow/example_dags/example_display_name.py
[2026-05-18T16:21:38.807+0000] {processor.py:925} INFO - DAG(s) 'example_display_name' retrieved from /usr/local/python/3.12.1/lib/python3.12/site-packages/airflow/example_dags/example_display_name.py
[2026-05-18T16:21:38.819+0000] {logging_mixin.py:190} INFO - [2026-05-18T16:21:38.819+0000] {dag.py:3239} INFO - Sync 1 DAGs
[2026-05-18T16:21:38.830+0000] {logging_mixin.py:190} INFO - [2026-05-18T16:21:38.829+0000] {dag.py:4180} INFO - Setting next_dagrun for example_display_name to None, run_after=None
[2026-05-18T16:21:38.850+0000] {processor.py:208} INFO - Processing /usr/local/python/3.12.1/lib/python3.12/site-packages/airflow/example_dags/example_display_name.py took 0.058 seconds
[2026-05-18T16:22:44.235+0000] {processor.py:186} INFO - Started process (PID=97448) to work on /usr/local/python/3.12.1/lib/python3.12/site-packages/airflow/example_dags/example_display_name.py
[2026-05-18T16:22:44.237+0000] {processor.py:914} INFO - Processing file /usr/local/python/3.12.1/lib/python3.12/site-packages/airflow/example_dags/example_display_name.py for tasks to queue
[2026-05-18T16:22:44.242+0000] {logging_mixin.py:190} INFO - [2026-05-18T16:22:44.242+0000] {dagbag.py:588} INFO - Filling up the DagBag from /usr/local/python/3.12.1/lib/python3.12/site-packages/airflow/example_dags/example_display_name.py
[2026-05-18T16:22:44.257+0000] {processor.py:925} INFO - DAG(s) 'example_display_name' retrieved from /usr/local/python/3.12.1/lib/python3.12/site-packages/airflow/example_dags/example_display_name.py
[2026-05-18T16:22:44.279+0000] {logging_mixin.py:190} INFO - [2026-05-18T16:22:44.279+0000] {dag.py:3239} INFO - Sync 1 DAGs
[2026-05-18T16:22:44.299+0000] {logging_mixin.py:190} INFO - [2026-05-18T16:22:44.299+0000] {dag.py:4180} INFO - Setting next_dagrun for example_display_name to None, run_after=None
[2026-05-18T16:22:44.336+0000] {processor.py:208} INFO - Processing /usr/local/python/3.12.1/lib/python3.12/site-packages/airflow/example_dags/example_display_name.py took 0.106 seconds
[2026-05-18T16:23:55.299+0000] {processor.py:186} INFO - Started process (PID=98111) to work on /usr/local/python/3.12.1/lib/python3.12/site-packages/airflow/example_dags/example_display_name.py
[2026-05-18T16:23:55.300+0000] {processor.py:914} INFO - Processing file /usr/local/python/3.12.1/lib/python3.12/site-packages/airflow/example_dags/example_display_name.py for tasks to queue
[2026-05-18T16:23:55.301+0000] {logging_mixin.py:190} INFO - [2026-05-18T16:23:55.301+0000] {dagbag.py:588} INFO - Filling up the DagBag from /usr/local/python/3.12.1/lib/python3.12/site-packages/airflow/example_dags/example_display_name.py
[2026-05-18T16:23:55.307+0000] {processor.py:925} INFO - DAG(s) 'example_display_name' retrieved from /usr/local/python/3.12.1/lib/python3.12/site-packages/airflow/example_dags/example_display_name.py
[2026-05-18T16:23:55.318+0000] {logging_mixin.py:190} INFO - [2026-05-18T16:23:55.318+0000] {dag.py:3239} INFO - Sync 1 DAGs
[2026-05-18T16:23:55.328+0000] {logging_mixin.py:190} INFO - [2026-05-18T16:23:55.328+0000] {dag.py:4180} INFO - Setting next_dagrun for example_display_name to None, run_after=None
[2026-05-18T16:23:55.344+0000] {processor.py:208} INFO - Processing /usr/local/python/3.12.1/lib/python3.12/site-packages/airflow/example_dags/example_display_name.py took 0.049 seconds
[2026-05-18T16:25:08.373+0000] {processor.py:186} INFO - Started process (PID=98745) to work on /usr/local/python/3.12.1/lib/python3.12/site-packages/airflow/example_dags/example_display_name.py
[2026-05-18T16:25:08.374+0000] {processor.py:914} INFO - Processing file /usr/local/python/3.12.1/lib/python3.12/site-packages/airflow/example_dags/example_display_name.py for tasks to queue
[2026-05-18T16:25:08.375+0000] {logging_mixin.py:190} INFO - [2026-05-18T16:25:08.375+0000] {dagbag.py:588} INFO - Filling up the DagBag from /usr/local/python/3.12.1/lib/python3.12/site-packages/airflow/example_dags/example_display_name.py
[2026-05-18T16:25:08.387+0000] {processor.py:925} INFO - DAG(s) 'example_display_name' retrieved from /usr/local/python/3.12.1/lib/python3.12/site-packages/airflow/example_dags/example_display_name.py
[2026-05-18T16:25:08.409+0000] {logging_mixin.py:190} INFO - [2026-05-18T16:25:08.409+0000] {dag.py:3239} INFO - Sync 1 DAGs
[2026-05-18T16:25:08.428+0000] {logging_mixin.py:190} INFO - [2026-05-18T16:25:08.427+0000] {dag.py:4180} INFO - Setting next_dagrun for example_display_name to None, run_after=None
[2026-05-18T16:25:08.479+0000] {processor.py:208} INFO - Processing /usr/local/python/3.12.1/lib/python3.12/site-packages/airflow/example_dags/example_display_name.py took 0.113 seconds
[2026-05-18T16:26:10.279+0000] {processor.py:186} INFO - Started process (PID=99345) to work on /usr/local/python/3.12.1/lib/python3.12/site-packages/airflow/example_dags/example_display_name.py
[2026-05-18T16:26:10.280+0000] {processor.py:914} INFO - Processing file /usr/local/python/3.12.1/lib/python3.12/site-packages/airflow/example_dags/example_display_name.py for tasks to queue
[2026-05-18T16:26:10.282+0000] {logging_mixin.py:190} INFO - [2026-05-18T16:26:10.281+0000] {dagbag.py:588} INFO - Filling up the DagBag from /usr/local/python/3.12.1/lib/python3.12/site-packages/airflow/example_dags/example_display_name.py
[2026-05-18T16:26:10.288+0000] {processor.py:925} INFO - DAG(s) 'example_display_name' retrieved from /usr/local/python/3.12.1/lib/python3.12/site-packages/airflow/example_dags/example_display_name.py
[2026-05-18T16:26:10.301+0000] {logging_mixin.py:190} INFO - [2026-05-18T16:26:10.300+0000] {dag.py:3239} INFO - Sync 1 DAGs
[2026-05-18T16:26:10.311+0000] {logging_mixin.py:190} INFO - [2026-05-18T16:26:10.311+0000] {dag.py:4180} INFO - Setting next_dagrun for example_display_name to None, run_after=None
[2026-05-18T16:26:10.327+0000] {processor.py:208} INFO - Processing /usr/local/python/3.12.1/lib/python3.12/site-packages/airflow/example_dags/example_display_name.py took 0.054 seconds
[2026-05-18T16:27:09.627+0000] {processor.py:186} INFO - Started process (PID=99845) to work on /usr/local/python/3.12.1/lib/python3.12/site-packages/airflow/example_dags/example_display_name.py
[2026-05-18T16:27:09.628+0000] {processor.py:914} INFO - Processing file /usr/local/python/3.12.1/lib/python3.12/site-packages/airflow/example_dags/example_display_name.py for tasks to queue
[2026-05-18T16:27:09.629+0000] {logging_mixin.py:190} INFO - [2026-05-18T16:27:09.629+0000] {dagbag.py:588} INFO - Filling up the DagBag from /usr/local/python/3.12.1/lib/python3.12/site-packages/airflow/example_dags/example_display_name.py
[2026-05-18T16:27:09.638+0000] {processor.py:925} INFO - DAG(s) 'example_display_name' retrieved from /usr/local/python/3.12.1/lib/python3.12/site-packages/airflow/example_dags/example_display_name.py
[2026-05-18T16:27:09.678+0000] {logging_mixin.py:190} INFO - [2026-05-18T16:27:09.678+0000] {dag.py:3239} INFO - Sync 1 DAGs
[2026-05-18T16:27:09.699+0000] {logging_mixin.py:190} INFO - [2026-05-18T16:27:09.699+0000] {dag.py:4180} INFO - Setting next_dagrun for example_display_name to None, run_after=None
[2026-05-18T16:27:09.735+0000] {processor.py:208} INFO - Processing /usr/local/python/3.12.1/lib/python3.12/site-packages/airflow/example_dags/example_display_name.py took 0.113 seconds
[2026-05-18T16:28:13.579+0000] {processor.py:186} INFO - Started process (PID=100408) to work on /usr/local/python/3.12.1/lib/python3.12/site-packages/airflow/example_dags/example_display_name.py
[2026-05-18T16:28:13.580+0000] {processor.py:914} INFO - Processing file /usr/local/python/3.12.1/lib/python3.12/site-packages/airflow/example_dags/example_display_name.py for tasks to queue
[2026-05-18T16:28:13.581+0000] {logging_mixin.py:190} INFO - [2026-05-18T16:28:13.581+0000] {dagbag.py:588} INFO - Filling up the DagBag from /usr/local/python/3.12.1/lib/python3.12/site-packages/airflow/example_dags/example_display_name.py
[2026-05-18T16:28:13.589+0000] {processor.py:925} INFO - DAG(s) 'example_display_name' retrieved from /usr/local/python/3.12.1/lib/python3.12/site-packages/airflow/example_dags/example_display_name.py
[2026-05-18T16:28:13.605+0000] {logging_mixin.py:190} INFO - [2026-05-18T16:28:13.605+0000] {dag.py:3239} INFO - Sync 1 DAGs
[2026-05-18T16:28:13.616+0000] {logging_mixin.py:190} INFO - [2026-05-18T16:28:13.616+0000] {dag.py:4180} INFO - Setting next_dagrun for example_display_name to None, run_after=None
[2026-05-18T16:28:13.632+0000] {processor.py:208} INFO - Processing /usr/local/python/3.12.1/lib/python3.12/site-packages/airflow/example_dags/example_display_name.py took 0.059 seconds
[2026-05-18T16:29:16.089+0000] {processor.py:186} INFO - Started process (PID=100950) to work on /usr/local/python/3.12.1/lib/python3.12/site-packages/airflow/example_dags/example_display_name.py
[2026-05-18T16:29:16.090+0000] {processor.py:914} INFO - Processing file /usr/local/python/3.12.1/lib/python3.12/site-packages/airflow/example_dags/example_display_name.py for tasks to queue
[2026-05-18T16:29:16.091+0000] {logging_mixin.py:190} INFO - [2026-05-18T16:29:16.091+0000] {dagbag.py:588} INFO - Filling up the DagBag from /usr/local/python/3.12.1/lib/python3.12/site-packages/airflow/example_dags/example_display_name.py
[2026-05-18T16:29:16.098+0000] {processor.py:925} INFO - DAG(s) 'example_display_name' retrieved from /usr/local/python/3.12.1/lib/python3.12/site-packages/airflow/example_dags/example_display_name.py
[2026-05-18T16:29:16.110+0000] {logging_mixin.py:190} INFO - [2026-05-18T16:29:16.110+0000] {dag.py:3239} INFO - Sync 1 DAGs
[2026-05-18T16:29:16.120+0000] {logging_mixin.py:190} INFO - [2026-05-18T16:29:16.120+0000] {dag.py:4180} INFO - Setting next_dagrun for example_display_name to None, run_after=None
[2026-05-18T16:29:16.136+0000] {processor.py:208} INFO - Processing /usr/local/python/3.12.1/lib/python3.12/site-packages/airflow/example_dags/example_display_name.py took 0.051 seconds
[2026-05-18T16:30:18.110+0000] {processor.py:186} INFO - Started process (PID=101483) to work on /usr/local/python/3.12.1/lib/python3.12/site-packages/airflow/example_dags/example_display_name.py
[2026-05-18T16:30:18.110+0000] {processor.py:914} INFO - Processing file /usr/local/python/3.12.1/lib/python3.12/site-packages/airflow/example_dags/example_display_name.py for tasks to queue
[2026-05-18T16:30:18.112+0000] {logging_mixin.py:190} INFO - [2026-05-18T16:30:18.111+0000] {dagbag.py:588} INFO - Filling up the DagBag from /usr/local/python/3.12.1/lib/python3.12/site-packages/airflow/example_dags/example_display_name.py
[2026-05-18T16:30:18.121+0000] {processor.py:925} INFO - DAG(s) 'example_display_name' retrieved from /usr/local/python/3.12.1/lib/python3.12/site-packages/airflow/example_dags/example_display_name.py
[2026-05-18T16:30:18.135+0000] {logging_mixin.py:190} INFO - [2026-05-18T16:30:18.135+0000] {dag.py:3239} INFO - Sync 1 DAGs
[2026-05-18T16:30:18.146+0000] {logging_mixin.py:190} INFO - [2026-05-18T16:30:18.146+0000] {dag.py:4180} INFO - Setting next_dagrun for example_display_name to None, run_after=None
[2026-05-18T16:30:18.163+0000] {processor.py:208} INFO - Processing /usr/local/python/3.12.1/lib/python3.12/site-packages/airflow/example_dags/example_display_name.py took 0.059 seconds
[2026-05-18T16:31:21.259+0000] {processor.py:186} INFO - Started process (PID=102088) to work on /usr/local/python/3.12.1/lib/python3.12/site-packages/airflow/example_dags/example_display_name.py
[2026-05-18T16:31:21.260+0000] {processor.py:914} INFO - Processing file /usr/local/python/3.12.1/lib/python3.12/site-packages/airflow/example_dags/example_display_name.py for tasks to queue
[2026-05-18T16:31:21.261+0000] {logging_mixin.py:190} INFO - [2026-05-18T16:31:21.261+0000] {dagbag.py:588} INFO - Filling up the DagBag from /usr/local/python/3.12.1/lib/python3.12/site-packages/airflow/example_dags/example_display_name.py
[2026-05-18T16:31:21.269+0000] {processor.py:925} INFO - DAG(s) 'example_display_name' retrieved from /usr/local/python/3.12.1/lib/python3.12/site-packages/airflow/example_dags/example_display_name.py
[2026-05-18T16:31:21.286+0000] {logging_mixin.py:190} INFO - [2026-05-18T16:31:21.286+0000] {dag.py:3239} INFO - Sync 1 DAGs
[2026-05-18T16:31:21.298+0000] {logging_mixin.py:190} INFO - [2026-05-18T16:31:21.298+0000] {dag.py:4180} INFO - Setting next_dagrun for example_display_name to None, run_after=None
[2026-05-18T16:31:21.315+0000] {processor.py:208} INFO - Processing /usr/local/python/3.12.1/lib/python3.12/site-packages/airflow/example_dags/example_display_name.py took 0.067 seconds
[2026-05-18T16:32:22.566+0000] {processor.py:186} INFO - Started process (PID=102619) to work on /usr/local/python/3.12.1/lib/python3.12/site-packages/airflow/example_dags/example_display_name.py
[2026-05-18T16:32:22.567+0000] {processor.py:914} INFO - Processing file /usr/local/python/3.12.1/lib/python3.12/site-packages/airflow/example_dags/example_display_name.py for tasks to queue
[2026-05-18T16:32:22.568+0000] {logging_mixin.py:190} INFO - [2026-05-18T16:32:22.568+0000] {dagbag.py:588} INFO - Filling up the DagBag from /usr/local/python/3.12.1/lib/python3.12/site-packages/airflow/example_dags/example_display_name.py
[2026-05-18T16:32:22.576+0000] {processor.py:925} INFO - DAG(s) 'example_display_name' retrieved from /usr/local/python/3.12.1/lib/python3.12/site-packages/airflow/example_dags/example_display_name.py
[2026-05-18T16:32:22.590+0000] {logging_mixin.py:190} INFO - [2026-05-18T16:32:22.590+0000] {dag.py:3239} INFO - Sync 1 DAGs
[2026-05-18T16:32:22.601+0000] {logging_mixin.py:190} INFO - [2026-05-18T16:32:22.600+0000] {dag.py:4180} INFO - Setting next_dagrun for example_display_name to None, run_after=None
[2026-05-18T16:32:22.618+0000] {processor.py:208} INFO - Processing /usr/local/python/3.12.1/lib/python3.12/site-packages/airflow/example_dags/example_display_name.py took 0.058 seconds
[2026-05-18T16:33:27.306+0000] {processor.py:186} INFO - Started process (PID=103164) to work on /usr/local/python/3.12.1/lib/python3.12/site-packages/airflow/example_dags/example_display_name.py
[2026-05-18T16:33:27.307+0000] {processor.py:914} INFO - Processing file /usr/local/python/3.12.1/lib/python3.12/site-packages/airflow/example_dags/example_display_name.py for tasks to queue
[2026-05-18T16:33:27.308+0000] {logging_mixin.py:190} INFO - [2026-05-18T16:33:27.308+0000] {dagbag.py:588} INFO - Filling up the DagBag from /usr/local/python/3.12.1/lib/python3.12/site-packages/airflow/example_dags/example_display_name.py
[2026-05-18T16:33:27.314+0000] {processor.py:925} INFO - DAG(s) 'example_display_name' retrieved from /usr/local/python/3.12.1/lib/python3.12/site-packages/airflow/example_dags/example_display_name.py
[2026-05-18T16:33:27.326+0000] {logging_mixin.py:190} INFO - [2026-05-18T16:33:27.326+0000] {dag.py:3239} INFO - Sync 1 DAGs
[2026-05-18T16:33:27.336+0000] {logging_mixin.py:190} INFO - [2026-05-18T16:33:27.336+0000] {dag.py:4180} INFO - Setting next_dagrun for example_display_name to None, run_after=None
[2026-05-18T16:33:27.352+0000] {processor.py:208} INFO - Processing /usr/local/python/3.12.1/lib/python3.12/site-packages/airflow/example_dags/example_display_name.py took 0.050 seconds
[2026-05-18T21:51:41.531+0000] {processor.py:186} INFO - Started process (PID=5393) to work on /usr/local/python/3.12.1/lib/python3.12/site-packages/airflow/example_dags/example_display_name.py
[2026-05-18T21:51:41.533+0000] {processor.py:914} INFO - Processing file /usr/local/python/3.12.1/lib/python3.12/site-packages/airflow/example_dags/example_display_name.py for tasks to queue
[2026-05-18T21:51:41.535+0000] {logging_mixin.py:190} INFO - [2026-05-18T21:51:41.535+0000] {dagbag.py:588} INFO - Filling up the DagBag from /usr/local/python/3.12.1/lib/python3.12/site-packages/airflow/example_dags/example_display_name.py
[2026-05-18T21:51:41.541+0000] {processor.py:925} INFO - DAG(s) 'example_display_name' retrieved from /usr/local/python/3.12.1/lib/python3.12/site-packages/airflow/example_dags/example_display_name.py
[2026-05-18T21:51:41.648+0000] {logging_mixin.py:190} INFO - [2026-05-18T21:51:41.647+0000] {dag.py:3239} INFO - Sync 1 DAGs
[2026-05-18T21:51:41.657+0000] {logging_mixin.py:190} INFO - [2026-05-18T21:51:41.657+0000] {dag.py:4180} INFO - Setting next_dagrun for example_display_name to None, run_after=None
[2026-05-18T21:51:41.674+0000] {processor.py:208} INFO - Processing /usr/local/python/3.12.1/lib/python3.12/site-packages/airflow/example_dags/example_display_name.py took 0.146 seconds
[2026-05-18T21:52:35.244+0000] {processor.py:186} INFO - Started process (PID=5877) to work on /usr/local/python/3.12.1/lib/python3.12/site-packages/airflow/example_dags/example_display_name.py
[2026-05-18T21:52:35.245+0000] {processor.py:914} INFO - Processing file /usr/local/python/3.12.1/lib/python3.12/site-packages/airflow/example_dags/example_display_name.py for tasks to queue
[2026-05-18T21:52:35.246+0000] {logging_mixin.py:190} INFO - [2026-05-18T21:52:35.246+0000] {dagbag.py:588} INFO - Filling up the DagBag from /usr/local/python/3.12.1/lib/python3.12/site-packages/airflow/example_dags/example_display_name.py
[2026-05-18T21:52:35.254+0000] {processor.py:925} INFO - DAG(s) 'example_display_name' retrieved from /usr/local/python/3.12.1/lib/python3.12/site-packages/airflow/example_dags/example_display_name.py
[2026-05-18T21:52:35.270+0000] {logging_mixin.py:190} INFO - [2026-05-18T21:52:35.270+0000] {dag.py:3239} INFO - Sync 1 DAGs
[2026-05-18T21:52:35.279+0000] {logging_mixin.py:190} INFO - [2026-05-18T21:52:35.279+0000] {dag.py:4180} INFO - Setting next_dagrun for example_display_name to None, run_after=None
[2026-05-18T21:52:35.296+0000] {processor.py:208} INFO - Processing /usr/local/python/3.12.1/lib/python3.12/site-packages/airflow/example_dags/example_display_name.py took 0.056 seconds
[2026-05-18T21:53:29.449+0000] {processor.py:186} INFO - Started process (PID=6489) to work on /usr/local/python/3.12.1/lib/python3.12/site-packages/airflow/example_dags/example_display_name.py
[2026-05-18T21:53:29.450+0000] {processor.py:914} INFO - Processing file /usr/local/python/3.12.1/lib/python3.12/site-packages/airflow/example_dags/example_display_name.py for tasks to queue
[2026-05-18T21:53:29.451+0000] {logging_mixin.py:190} INFO - [2026-05-18T21:53:29.451+0000] {dagbag.py:588} INFO - Filling up the DagBag from /usr/local/python/3.12.1/lib/python3.12/site-packages/airflow/example_dags/example_display_name.py
[2026-05-18T21:53:29.457+0000] {processor.py:925} INFO - DAG(s) 'example_display_name' retrieved from /usr/local/python/3.12.1/lib/python3.12/site-packages/airflow/example_dags/example_display_name.py
[2026-05-18T21:53:29.469+0000] {logging_mixin.py:190} INFO - [2026-05-18T21:53:29.468+0000] {dag.py:3239} INFO - Sync 1 DAGs
[2026-05-18T21:53:29.478+0000] {logging_mixin.py:190} INFO - [2026-05-18T21:53:29.478+0000] {dag.py:4180} INFO - Setting next_dagrun for example_display_name to None, run_after=None
[2026-05-18T21:53:29.494+0000] {processor.py:208} INFO - Processing /usr/local/python/3.12.1/lib/python3.12/site-packages/airflow/example_dags/example_display_name.py took 0.049 seconds
[2026-05-18T21:54:43.814+0000] {processor.py:186} INFO - Started process (PID=7746) to work on /usr/local/python/3.12.1/lib/python3.12/site-packages/airflow/example_dags/example_display_name.py
[2026-05-18T21:54:43.815+0000] {processor.py:914} INFO - Processing file /usr/local/python/3.12.1/lib/python3.12/site-packages/airflow/example_dags/example_display_name.py for tasks to queue
[2026-05-18T21:54:43.817+0000] {logging_mixin.py:190} INFO - [2026-05-18T21:54:43.816+0000] {dagbag.py:588} INFO - Filling up the DagBag from /usr/local/python/3.12.1/lib/python3.12/site-packages/airflow/example_dags/example_display_name.py
[2026-05-18T21:54:43.823+0000] {processor.py:925} INFO - DAG(s) 'example_display_name' retrieved from /usr/local/python/3.12.1/lib/python3.12/site-packages/airflow/example_dags/example_display_name.py
[2026-05-18T21:54:43.834+0000] {logging_mixin.py:190} INFO - [2026-05-18T21:54:43.833+0000] {dag.py:3239} INFO - Sync 1 DAGs
[2026-05-18T21:54:43.843+0000] {logging_mixin.py:190} INFO - [2026-05-18T21:54:43.843+0000] {dag.py:4180} INFO - Setting next_dagrun for example_display_name to None, run_after=None
[2026-05-18T21:54:43.859+0000] {processor.py:208} INFO - Processing /usr/local/python/3.12.1/lib/python3.12/site-packages/airflow/example_dags/example_display_name.py took 0.049 seconds
[2026-05-18T21:55:40.011+0000] {processor.py:186} INFO - Started process (PID=8589) to work on /usr/local/python/3.12.1/lib/python3.12/site-packages/airflow/example_dags/example_display_name.py
[2026-05-18T21:55:40.012+0000] {processor.py:914} INFO - Processing file /usr/local/python/3.12.1/lib/python3.12/site-packages/airflow/example_dags/example_display_name.py for tasks to queue
[2026-05-18T21:55:40.013+0000] {logging_mixin.py:190} INFO - [2026-05-18T21:55:40.013+0000] {dagbag.py:588} INFO - Filling up the DagBag from /usr/local/python/3.12.1/lib/python3.12/site-packages/airflow/example_dags/example_display_name.py
[2026-05-18T21:55:40.020+0000] {processor.py:925} INFO - DAG(s) 'example_display_name' retrieved from /usr/local/python/3.12.1/lib/python3.12/site-packages/airflow/example_dags/example_display_name.py
[2026-05-18T21:55:40.031+0000] {logging_mixin.py:190} INFO - [2026-05-18T21:55:40.031+0000] {dag.py:3239} INFO - Sync 1 DAGs
[2026-05-18T21:55:40.040+0000] {logging_mixin.py:190} INFO - [2026-05-18T21:55:40.040+0000] {dag.py:4180} INFO - Setting next_dagrun for example_display_name to None, run_after=None
[2026-05-18T21:55:40.056+0000] {processor.py:208} INFO - Processing /usr/local/python/3.12.1/lib/python3.12/site-packages/airflow/example_dags/example_display_name.py took 0.049 seconds
[2026-05-18T21:56:31.818+0000] {processor.py:186} INFO - Started process (PID=9106) to work on /usr/local/python/3.12.1/lib/python3.12/site-packages/airflow/example_dags/example_display_name.py
[2026-05-18T21:56:31.818+0000] {processor.py:914} INFO - Processing file /usr/local/python/3.12.1/lib/python3.12/site-packages/airflow/example_dags/example_display_name.py for tasks to queue
[2026-05-18T21:56:31.820+0000] {logging_mixin.py:190} INFO - [2026-05-18T21:56:31.820+0000] {dagbag.py:588} INFO - Filling up the DagBag from /usr/local/python/3.12.1/lib/python3.12/site-packages/airflow/example_dags/example_display_name.py
[2026-05-18T21:56:31.827+0000] {processor.py:925} INFO - DAG(s) 'example_display_name' retrieved from /usr/local/python/3.12.1/lib/python3.12/site-packages/airflow/example_dags/example_display_name.py
[2026-05-18T21:56:31.841+0000] {logging_mixin.py:190} INFO - [2026-05-18T21:56:31.840+0000] {dag.py:3239} INFO - Sync 1 DAGs
[2026-05-18T21:56:31.856+0000] {logging_mixin.py:190} INFO - [2026-05-18T21:56:31.855+0000] {dag.py:4180} INFO - Setting next_dagrun for example_display_name to None, run_after=None
[2026-05-18T21:56:31.888+0000] {processor.py:208} INFO - Processing /usr/local/python/3.12.1/lib/python3.12/site-packages/airflow/example_dags/example_display_name.py took 0.074 seconds
