[2026-05-18T00:48:43.658+0000] {processor.py:186} INFO - Started process (PID=3207) to work on /usr/local/python/3.12.1/lib/python3.12/site-packages/airflow/example_dags/tutorial_dag.py
[2026-05-18T00:48:43.658+0000] {processor.py:914} INFO - Processing file /usr/local/python/3.12.1/lib/python3.12/site-packages/airflow/example_dags/tutorial_dag.py for tasks to queue
[2026-05-18T00:48:43.661+0000] {logging_mixin.py:190} INFO - [2026-05-18T00:48:43.661+0000] {dagbag.py:588} INFO - Filling up the DagBag from /usr/local/python/3.12.1/lib/python3.12/site-packages/airflow/example_dags/tutorial_dag.py
[2026-05-18T00:48:43.668+0000] {processor.py:925} INFO - DAG(s) 'tutorial_dag' retrieved from /usr/local/python/3.12.1/lib/python3.12/site-packages/airflow/example_dags/tutorial_dag.py
[2026-05-18T00:48:43.683+0000] {logging_mixin.py:190} INFO - [2026-05-18T00:48:43.682+0000] {dag.py:3239} INFO - Sync 1 DAGs
[2026-05-18T00:48:43.694+0000] {logging_mixin.py:190} INFO - [2026-05-18T00:48:43.694+0000] {dag.py:4180} INFO - Setting next_dagrun for tutorial_dag to None, run_after=None
[2026-05-18T00:48:43.713+0000] {processor.py:208} INFO - Processing /usr/local/python/3.12.1/lib/python3.12/site-packages/airflow/example_dags/tutorial_dag.py took 0.062 seconds
[2026-05-18T00:49:36.468+0000] {processor.py:186} INFO - Started process (PID=3521) to work on /usr/local/python/3.12.1/lib/python3.12/site-packages/airflow/example_dags/tutorial_dag.py
[2026-05-18T00:49:36.469+0000] {processor.py:914} INFO - Processing file /usr/local/python/3.12.1/lib/python3.12/site-packages/airflow/example_dags/tutorial_dag.py for tasks to queue
[2026-05-18T00:49:36.471+0000] {logging_mixin.py:190} INFO - [2026-05-18T00:49:36.470+0000] {dagbag.py:588} INFO - Filling up the DagBag from /usr/local/python/3.12.1/lib/python3.12/site-packages/airflow/example_dags/tutorial_dag.py
[2026-05-18T00:49:36.477+0000] {processor.py:925} INFO - DAG(s) 'tutorial_dag' retrieved from /usr/local/python/3.12.1/lib/python3.12/site-packages/airflow/example_dags/tutorial_dag.py
[2026-05-18T00:49:36.489+0000] {logging_mixin.py:190} INFO - [2026-05-18T00:49:36.489+0000] {dag.py:3239} INFO - Sync 1 DAGs
[2026-05-18T00:49:36.498+0000] {logging_mixin.py:190} INFO - [2026-05-18T00:49:36.498+0000] {dag.py:4180} INFO - Setting next_dagrun for tutorial_dag to None, run_after=None
[2026-05-18T00:49:36.514+0000] {processor.py:208} INFO - Processing /usr/local/python/3.12.1/lib/python3.12/site-packages/airflow/example_dags/tutorial_dag.py took 0.050 seconds
[2026-05-18T00:50:26.510+0000] {processor.py:186} INFO - Started process (PID=4032) to work on /usr/local/python/3.12.1/lib/python3.12/site-packages/airflow/example_dags/tutorial_dag.py
[2026-05-18T00:50:26.511+0000] {processor.py:914} INFO - Processing file /usr/local/python/3.12.1/lib/python3.12/site-packages/airflow/example_dags/tutorial_dag.py for tasks to queue
[2026-05-18T00:50:26.513+0000] {logging_mixin.py:190} INFO - [2026-05-18T00:50:26.513+0000] {dagbag.py:588} INFO - Filling up the DagBag from /usr/local/python/3.12.1/lib/python3.12/site-packages/airflow/example_dags/tutorial_dag.py
[2026-05-18T00:50:26.519+0000] {processor.py:925} INFO - DAG(s) 'tutorial_dag' retrieved from /usr/local/python/3.12.1/lib/python3.12/site-packages/airflow/example_dags/tutorial_dag.py
[2026-05-18T00:50:26.534+0000] {logging_mixin.py:190} INFO - [2026-05-18T00:50:26.534+0000] {dag.py:3239} INFO - Sync 1 DAGs
[2026-05-18T00:50:26.544+0000] {logging_mixin.py:190} INFO - [2026-05-18T00:50:26.544+0000] {dag.py:4180} INFO - Setting next_dagrun for tutorial_dag to None, run_after=None
[2026-05-18T00:50:26.561+0000] {processor.py:208} INFO - Processing /usr/local/python/3.12.1/lib/python3.12/site-packages/airflow/example_dags/tutorial_dag.py took 0.056 seconds
[2026-05-18T00:51:15.197+0000] {processor.py:186} INFO - Started process (PID=4661) to work on /usr/local/python/3.12.1/lib/python3.12/site-packages/airflow/example_dags/tutorial_dag.py
[2026-05-18T00:51:15.198+0000] {processor.py:914} INFO - Processing file /usr/local/python/3.12.1/lib/python3.12/site-packages/airflow/example_dags/tutorial_dag.py for tasks to queue
[2026-05-18T00:51:15.200+0000] {logging_mixin.py:190} INFO - [2026-05-18T00:51:15.199+0000] {dagbag.py:588} INFO - Filling up the DagBag from /usr/local/python/3.12.1/lib/python3.12/site-packages/airflow/example_dags/tutorial_dag.py
[2026-05-18T00:51:15.206+0000] {processor.py:925} INFO - DAG(s) 'tutorial_dag' retrieved from /usr/local/python/3.12.1/lib/python3.12/site-packages/airflow/example_dags/tutorial_dag.py
[2026-05-18T00:51:15.218+0000] {logging_mixin.py:190} INFO - [2026-05-18T00:51:15.218+0000] {dag.py:3239} INFO - Sync 1 DAGs
[2026-05-18T00:51:15.228+0000] {logging_mixin.py:190} INFO - [2026-05-18T00:51:15.228+0000] {dag.py:4180} INFO - Setting next_dagrun for tutorial_dag to None, run_after=None
[2026-05-18T00:51:15.244+0000] {processor.py:208} INFO - Processing /usr/local/python/3.12.1/lib/python3.12/site-packages/airflow/example_dags/tutorial_dag.py took 0.052 seconds
[2026-05-18T00:52:09.334+0000] {processor.py:186} INFO - Started process (PID=5318) to work on /usr/local/python/3.12.1/lib/python3.12/site-packages/airflow/example_dags/tutorial_dag.py
[2026-05-18T00:52:09.334+0000] {processor.py:914} INFO - Processing file /usr/local/python/3.12.1/lib/python3.12/site-packages/airflow/example_dags/tutorial_dag.py for tasks to queue
[2026-05-18T00:52:09.336+0000] {logging_mixin.py:190} INFO - [2026-05-18T00:52:09.336+0000] {dagbag.py:588} INFO - Filling up the DagBag from /usr/local/python/3.12.1/lib/python3.12/site-packages/airflow/example_dags/tutorial_dag.py
[2026-05-18T00:52:09.342+0000] {processor.py:925} INFO - DAG(s) 'tutorial_dag' retrieved from /usr/local/python/3.12.1/lib/python3.12/site-packages/airflow/example_dags/tutorial_dag.py
[2026-05-18T00:52:09.354+0000] {logging_mixin.py:190} INFO - [2026-05-18T00:52:09.354+0000] {dag.py:3239} INFO - Sync 1 DAGs
[2026-05-18T00:52:09.364+0000] {logging_mixin.py:190} INFO - [2026-05-18T00:52:09.363+0000] {dag.py:4180} INFO - Setting next_dagrun for tutorial_dag to None, run_after=None
[2026-05-18T00:52:09.380+0000] {processor.py:208} INFO - Processing /usr/local/python/3.12.1/lib/python3.12/site-packages/airflow/example_dags/tutorial_dag.py took 0.051 seconds
[2026-05-18T00:53:01.142+0000] {processor.py:186} INFO - Started process (PID=5671) to work on /usr/local/python/3.12.1/lib/python3.12/site-packages/airflow/example_dags/tutorial_dag.py
[2026-05-18T00:53:01.143+0000] {processor.py:914} INFO - Processing file /usr/local/python/3.12.1/lib/python3.12/site-packages/airflow/example_dags/tutorial_dag.py for tasks to queue
[2026-05-18T00:53:01.145+0000] {logging_mixin.py:190} INFO - [2026-05-18T00:53:01.145+0000] {dagbag.py:588} INFO - Filling up the DagBag from /usr/local/python/3.12.1/lib/python3.12/site-packages/airflow/example_dags/tutorial_dag.py
[2026-05-18T00:53:01.151+0000] {processor.py:925} INFO - DAG(s) 'tutorial_dag' retrieved from /usr/local/python/3.12.1/lib/python3.12/site-packages/airflow/example_dags/tutorial_dag.py
[2026-05-18T00:53:01.163+0000] {logging_mixin.py:190} INFO - [2026-05-18T00:53:01.163+0000] {dag.py:3239} INFO - Sync 1 DAGs
[2026-05-18T00:53:01.172+0000] {logging_mixin.py:190} INFO - [2026-05-18T00:53:01.172+0000] {dag.py:4180} INFO - Setting next_dagrun for tutorial_dag to None, run_after=None
[2026-05-18T00:53:01.198+0000] {processor.py:208} INFO - Processing /usr/local/python/3.12.1/lib/python3.12/site-packages/airflow/example_dags/tutorial_dag.py took 0.060 seconds
[2026-05-18T00:53:52.255+0000] {processor.py:186} INFO - Started process (PID=6047) to work on /usr/local/python/3.12.1/lib/python3.12/site-packages/airflow/example_dags/tutorial_dag.py
[2026-05-18T00:53:52.255+0000] {processor.py:914} INFO - Processing file /usr/local/python/3.12.1/lib/python3.12/site-packages/airflow/example_dags/tutorial_dag.py for tasks to queue
[2026-05-18T00:53:52.257+0000] {logging_mixin.py:190} INFO - [2026-05-18T00:53:52.257+0000] {dagbag.py:588} INFO - Filling up the DagBag from /usr/local/python/3.12.1/lib/python3.12/site-packages/airflow/example_dags/tutorial_dag.py
[2026-05-18T00:53:52.264+0000] {processor.py:925} INFO - DAG(s) 'tutorial_dag' retrieved from /usr/local/python/3.12.1/lib/python3.12/site-packages/airflow/example_dags/tutorial_dag.py
[2026-05-18T00:53:52.276+0000] {logging_mixin.py:190} INFO - [2026-05-18T00:53:52.276+0000] {dag.py:3239} INFO - Sync 1 DAGs
[2026-05-18T00:53:52.286+0000] {logging_mixin.py:190} INFO - [2026-05-18T00:53:52.286+0000] {dag.py:4180} INFO - Setting next_dagrun for tutorial_dag to None, run_after=None
[2026-05-18T00:53:52.303+0000] {processor.py:208} INFO - Processing /usr/local/python/3.12.1/lib/python3.12/site-packages/airflow/example_dags/tutorial_dag.py took 0.053 seconds
[2026-05-18T00:54:41.273+0000] {processor.py:186} INFO - Started process (PID=6387) to work on /usr/local/python/3.12.1/lib/python3.12/site-packages/airflow/example_dags/tutorial_dag.py
[2026-05-18T00:54:41.274+0000] {processor.py:914} INFO - Processing file /usr/local/python/3.12.1/lib/python3.12/site-packages/airflow/example_dags/tutorial_dag.py for tasks to queue
[2026-05-18T00:54:41.276+0000] {logging_mixin.py:190} INFO - [2026-05-18T00:54:41.275+0000] {dagbag.py:588} INFO - Filling up the DagBag from /usr/local/python/3.12.1/lib/python3.12/site-packages/airflow/example_dags/tutorial_dag.py
[2026-05-18T00:54:41.282+0000] {processor.py:925} INFO - DAG(s) 'tutorial_dag' retrieved from /usr/local/python/3.12.1/lib/python3.12/site-packages/airflow/example_dags/tutorial_dag.py
[2026-05-18T00:54:41.294+0000] {logging_mixin.py:190} INFO - [2026-05-18T00:54:41.294+0000] {dag.py:3239} INFO - Sync 1 DAGs
[2026-05-18T00:54:41.304+0000] {logging_mixin.py:190} INFO - [2026-05-18T00:54:41.304+0000] {dag.py:4180} INFO - Setting next_dagrun for tutorial_dag to None, run_after=None
[2026-05-18T00:54:41.321+0000] {processor.py:208} INFO - Processing /usr/local/python/3.12.1/lib/python3.12/site-packages/airflow/example_dags/tutorial_dag.py took 0.052 seconds
[2026-05-18T00:55:32.464+0000] {processor.py:186} INFO - Started process (PID=6735) to work on /usr/local/python/3.12.1/lib/python3.12/site-packages/airflow/example_dags/tutorial_dag.py
[2026-05-18T00:55:32.466+0000] {processor.py:914} INFO - Processing file /usr/local/python/3.12.1/lib/python3.12/site-packages/airflow/example_dags/tutorial_dag.py for tasks to queue
[2026-05-18T00:55:32.469+0000] {logging_mixin.py:190} INFO - [2026-05-18T00:55:32.468+0000] {dagbag.py:588} INFO - Filling up the DagBag from /usr/local/python/3.12.1/lib/python3.12/site-packages/airflow/example_dags/tutorial_dag.py
[2026-05-18T00:55:32.486+0000] {processor.py:925} INFO - DAG(s) 'tutorial_dag' retrieved from /usr/local/python/3.12.1/lib/python3.12/site-packages/airflow/example_dags/tutorial_dag.py
[2026-05-18T00:55:32.505+0000] {logging_mixin.py:190} INFO - [2026-05-18T00:55:32.505+0000] {dag.py:3239} INFO - Sync 1 DAGs
[2026-05-18T00:55:32.520+0000] {logging_mixin.py:190} INFO - [2026-05-18T00:55:32.520+0000] {dag.py:4180} INFO - Setting next_dagrun for tutorial_dag to None, run_after=None
[2026-05-18T00:55:32.545+0000] {processor.py:208} INFO - Processing /usr/local/python/3.12.1/lib/python3.12/site-packages/airflow/example_dags/tutorial_dag.py took 0.092 seconds
[2026-05-18T00:56:29.612+0000] {processor.py:186} INFO - Started process (PID=7054) to work on /usr/local/python/3.12.1/lib/python3.12/site-packages/airflow/example_dags/tutorial_dag.py
[2026-05-18T00:56:29.613+0000] {processor.py:914} INFO - Processing file /usr/local/python/3.12.1/lib/python3.12/site-packages/airflow/example_dags/tutorial_dag.py for tasks to queue
[2026-05-18T00:56:29.615+0000] {logging_mixin.py:190} INFO - [2026-05-18T00:56:29.614+0000] {dagbag.py:588} INFO - Filling up the DagBag from /usr/local/python/3.12.1/lib/python3.12/site-packages/airflow/example_dags/tutorial_dag.py
[2026-05-18T00:56:29.620+0000] {processor.py:925} INFO - DAG(s) 'tutorial_dag' retrieved from /usr/local/python/3.12.1/lib/python3.12/site-packages/airflow/example_dags/tutorial_dag.py
[2026-05-18T00:56:29.633+0000] {logging_mixin.py:190} INFO - [2026-05-18T00:56:29.632+0000] {dag.py:3239} INFO - Sync 1 DAGs
[2026-05-18T00:56:29.642+0000] {logging_mixin.py:190} INFO - [2026-05-18T00:56:29.642+0000] {dag.py:4180} INFO - Setting next_dagrun for tutorial_dag to None, run_after=None
[2026-05-18T00:56:29.658+0000] {processor.py:208} INFO - Processing /usr/local/python/3.12.1/lib/python3.12/site-packages/airflow/example_dags/tutorial_dag.py took 0.051 seconds
[2026-05-18T00:57:28.477+0000] {processor.py:186} INFO - Started process (PID=7466) to work on /usr/local/python/3.12.1/lib/python3.12/site-packages/airflow/example_dags/tutorial_dag.py
[2026-05-18T00:57:28.477+0000] {processor.py:914} INFO - Processing file /usr/local/python/3.12.1/lib/python3.12/site-packages/airflow/example_dags/tutorial_dag.py for tasks to queue
[2026-05-18T00:57:28.479+0000] {logging_mixin.py:190} INFO - [2026-05-18T00:57:28.479+0000] {dagbag.py:588} INFO - Filling up the DagBag from /usr/local/python/3.12.1/lib/python3.12/site-packages/airflow/example_dags/tutorial_dag.py
[2026-05-18T00:57:28.485+0000] {processor.py:925} INFO - DAG(s) 'tutorial_dag' retrieved from /usr/local/python/3.12.1/lib/python3.12/site-packages/airflow/example_dags/tutorial_dag.py
[2026-05-18T00:57:28.499+0000] {logging_mixin.py:190} INFO - [2026-05-18T00:57:28.498+0000] {dag.py:3239} INFO - Sync 1 DAGs
[2026-05-18T00:57:28.509+0000] {logging_mixin.py:190} INFO - [2026-05-18T00:57:28.509+0000] {dag.py:4180} INFO - Setting next_dagrun for tutorial_dag to None, run_after=None
[2026-05-18T00:57:28.527+0000] {processor.py:208} INFO - Processing /usr/local/python/3.12.1/lib/python3.12/site-packages/airflow/example_dags/tutorial_dag.py took 0.054 seconds
[2026-05-18T00:58:19.873+0000] {processor.py:186} INFO - Started process (PID=7811) to work on /usr/local/python/3.12.1/lib/python3.12/site-packages/airflow/example_dags/tutorial_dag.py
[2026-05-18T00:58:19.877+0000] {processor.py:914} INFO - Processing file /usr/local/python/3.12.1/lib/python3.12/site-packages/airflow/example_dags/tutorial_dag.py for tasks to queue
[2026-05-18T00:58:19.891+0000] {logging_mixin.py:190} INFO - [2026-05-18T00:58:19.883+0000] {dagbag.py:588} INFO - Filling up the DagBag from /usr/local/python/3.12.1/lib/python3.12/site-packages/airflow/example_dags/tutorial_dag.py
[2026-05-18T00:58:19.941+0000] {processor.py:925} INFO - DAG(s) 'tutorial_dag' retrieved from /usr/local/python/3.12.1/lib/python3.12/site-packages/airflow/example_dags/tutorial_dag.py
[2026-05-18T00:58:19.977+0000] {logging_mixin.py:190} INFO - [2026-05-18T00:58:19.976+0000] {dag.py:3239} INFO - Sync 1 DAGs
[2026-05-18T00:58:20.016+0000] {logging_mixin.py:190} INFO - [2026-05-18T00:58:20.016+0000] {dag.py:4180} INFO - Setting next_dagrun for tutorial_dag to None, run_after=None
[2026-05-18T00:58:20.109+0000] {processor.py:208} INFO - Processing /usr/local/python/3.12.1/lib/python3.12/site-packages/airflow/example_dags/tutorial_dag.py took 0.263 seconds
[2026-05-18T00:59:07.722+0000] {processor.py:186} INFO - Started process (PID=8234) to work on /usr/local/python/3.12.1/lib/python3.12/site-packages/airflow/example_dags/tutorial_dag.py
[2026-05-18T00:59:07.723+0000] {processor.py:914} INFO - Processing file /usr/local/python/3.12.1/lib/python3.12/site-packages/airflow/example_dags/tutorial_dag.py for tasks to queue
[2026-05-18T00:59:07.725+0000] {logging_mixin.py:190} INFO - [2026-05-18T00:59:07.724+0000] {dagbag.py:588} INFO - Filling up the DagBag from /usr/local/python/3.12.1/lib/python3.12/site-packages/airflow/example_dags/tutorial_dag.py
[2026-05-18T00:59:07.731+0000] {processor.py:925} INFO - DAG(s) 'tutorial_dag' retrieved from /usr/local/python/3.12.1/lib/python3.12/site-packages/airflow/example_dags/tutorial_dag.py
[2026-05-18T00:59:07.744+0000] {logging_mixin.py:190} INFO - [2026-05-18T00:59:07.744+0000] {dag.py:3239} INFO - Sync 1 DAGs
[2026-05-18T00:59:07.754+0000] {logging_mixin.py:190} INFO - [2026-05-18T00:59:07.754+0000] {dag.py:4180} INFO - Setting next_dagrun for tutorial_dag to None, run_after=None
[2026-05-18T00:59:07.770+0000] {processor.py:208} INFO - Processing /usr/local/python/3.12.1/lib/python3.12/site-packages/airflow/example_dags/tutorial_dag.py took 0.053 seconds
[2026-05-18T00:59:59.383+0000] {processor.py:186} INFO - Started process (PID=8618) to work on /usr/local/python/3.12.1/lib/python3.12/site-packages/airflow/example_dags/tutorial_dag.py
[2026-05-18T00:59:59.384+0000] {processor.py:914} INFO - Processing file /usr/local/python/3.12.1/lib/python3.12/site-packages/airflow/example_dags/tutorial_dag.py for tasks to queue
[2026-05-18T00:59:59.386+0000] {logging_mixin.py:190} INFO - [2026-05-18T00:59:59.385+0000] {dagbag.py:588} INFO - Filling up the DagBag from /usr/local/python/3.12.1/lib/python3.12/site-packages/airflow/example_dags/tutorial_dag.py
[2026-05-18T00:59:59.393+0000] {processor.py:925} INFO - DAG(s) 'tutorial_dag' retrieved from /usr/local/python/3.12.1/lib/python3.12/site-packages/airflow/example_dags/tutorial_dag.py
[2026-05-18T00:59:59.408+0000] {logging_mixin.py:190} INFO - [2026-05-18T00:59:59.407+0000] {dag.py:3239} INFO - Sync 1 DAGs
[2026-05-18T00:59:59.421+0000] {logging_mixin.py:190} INFO - [2026-05-18T00:59:59.421+0000] {dag.py:4180} INFO - Setting next_dagrun for tutorial_dag to None, run_after=None
[2026-05-18T00:59:59.443+0000] {processor.py:208} INFO - Processing /usr/local/python/3.12.1/lib/python3.12/site-packages/airflow/example_dags/tutorial_dag.py took 0.064 seconds
[2026-05-18T01:00:51.269+0000] {processor.py:186} INFO - Started process (PID=9022) to work on /usr/local/python/3.12.1/lib/python3.12/site-packages/airflow/example_dags/tutorial_dag.py
[2026-05-18T01:00:51.269+0000] {processor.py:914} INFO - Processing file /usr/local/python/3.12.1/lib/python3.12/site-packages/airflow/example_dags/tutorial_dag.py for tasks to queue
[2026-05-18T01:00:51.271+0000] {logging_mixin.py:190} INFO - [2026-05-18T01:00:51.271+0000] {dagbag.py:588} INFO - Filling up the DagBag from /usr/local/python/3.12.1/lib/python3.12/site-packages/airflow/example_dags/tutorial_dag.py
[2026-05-18T01:00:51.277+0000] {processor.py:925} INFO - DAG(s) 'tutorial_dag' retrieved from /usr/local/python/3.12.1/lib/python3.12/site-packages/airflow/example_dags/tutorial_dag.py
[2026-05-18T01:00:51.290+0000] {logging_mixin.py:190} INFO - [2026-05-18T01:00:51.290+0000] {dag.py:3239} INFO - Sync 1 DAGs
[2026-05-18T01:00:51.300+0000] {logging_mixin.py:190} INFO - [2026-05-18T01:00:51.300+0000] {dag.py:4180} INFO - Setting next_dagrun for tutorial_dag to None, run_after=None
[2026-05-18T01:00:51.318+0000] {processor.py:208} INFO - Processing /usr/local/python/3.12.1/lib/python3.12/site-packages/airflow/example_dags/tutorial_dag.py took 0.054 seconds
[2026-05-18T01:01:42.787+0000] {processor.py:186} INFO - Started process (PID=9409) to work on /usr/local/python/3.12.1/lib/python3.12/site-packages/airflow/example_dags/tutorial_dag.py
[2026-05-18T01:01:42.788+0000] {processor.py:914} INFO - Processing file /usr/local/python/3.12.1/lib/python3.12/site-packages/airflow/example_dags/tutorial_dag.py for tasks to queue
[2026-05-18T01:01:42.793+0000] {logging_mixin.py:190} INFO - [2026-05-18T01:01:42.793+0000] {dagbag.py:588} INFO - Filling up the DagBag from /usr/local/python/3.12.1/lib/python3.12/site-packages/airflow/example_dags/tutorial_dag.py
[2026-05-18T01:01:42.809+0000] {processor.py:925} INFO - DAG(s) 'tutorial_dag' retrieved from /usr/local/python/3.12.1/lib/python3.12/site-packages/airflow/example_dags/tutorial_dag.py
[2026-05-18T01:01:42.839+0000] {logging_mixin.py:190} INFO - [2026-05-18T01:01:42.839+0000] {dag.py:3239} INFO - Sync 1 DAGs
[2026-05-18T01:01:42.866+0000] {logging_mixin.py:190} INFO - [2026-05-18T01:01:42.865+0000] {dag.py:4180} INFO - Setting next_dagrun for tutorial_dag to None, run_after=None
[2026-05-18T01:01:42.914+0000] {processor.py:208} INFO - Processing /usr/local/python/3.12.1/lib/python3.12/site-packages/airflow/example_dags/tutorial_dag.py took 0.150 seconds
[2026-05-18T01:02:39.917+0000] {processor.py:186} INFO - Started process (PID=9854) to work on /usr/local/python/3.12.1/lib/python3.12/site-packages/airflow/example_dags/tutorial_dag.py
[2026-05-18T01:02:39.918+0000] {processor.py:914} INFO - Processing file /usr/local/python/3.12.1/lib/python3.12/site-packages/airflow/example_dags/tutorial_dag.py for tasks to queue
[2026-05-18T01:02:39.920+0000] {logging_mixin.py:190} INFO - [2026-05-18T01:02:39.920+0000] {dagbag.py:588} INFO - Filling up the DagBag from /usr/local/python/3.12.1/lib/python3.12/site-packages/airflow/example_dags/tutorial_dag.py
[2026-05-18T01:02:39.927+0000] {processor.py:925} INFO - DAG(s) 'tutorial_dag' retrieved from /usr/local/python/3.12.1/lib/python3.12/site-packages/airflow/example_dags/tutorial_dag.py
[2026-05-18T01:02:39.940+0000] {logging_mixin.py:190} INFO - [2026-05-18T01:02:39.940+0000] {dag.py:3239} INFO - Sync 1 DAGs
[2026-05-18T01:02:39.949+0000] {logging_mixin.py:190} INFO - [2026-05-18T01:02:39.949+0000] {dag.py:4180} INFO - Setting next_dagrun for tutorial_dag to None, run_after=None
[2026-05-18T01:02:39.966+0000] {processor.py:208} INFO - Processing /usr/local/python/3.12.1/lib/python3.12/site-packages/airflow/example_dags/tutorial_dag.py took 0.054 seconds
[2026-05-18T01:03:35.969+0000] {processor.py:186} INFO - Started process (PID=10299) to work on /usr/local/python/3.12.1/lib/python3.12/site-packages/airflow/example_dags/tutorial_dag.py
[2026-05-18T01:03:35.970+0000] {processor.py:914} INFO - Processing file /usr/local/python/3.12.1/lib/python3.12/site-packages/airflow/example_dags/tutorial_dag.py for tasks to queue
[2026-05-18T01:03:35.973+0000] {logging_mixin.py:190} INFO - [2026-05-18T01:03:35.972+0000] {dagbag.py:588} INFO - Filling up the DagBag from /usr/local/python/3.12.1/lib/python3.12/site-packages/airflow/example_dags/tutorial_dag.py
[2026-05-18T01:03:35.979+0000] {processor.py:925} INFO - DAG(s) 'tutorial_dag' retrieved from /usr/local/python/3.12.1/lib/python3.12/site-packages/airflow/example_dags/tutorial_dag.py
[2026-05-18T01:03:35.992+0000] {logging_mixin.py:190} INFO - [2026-05-18T01:03:35.992+0000] {dag.py:3239} INFO - Sync 1 DAGs
[2026-05-18T01:03:36.001+0000] {logging_mixin.py:190} INFO - [2026-05-18T01:03:36.001+0000] {dag.py:4180} INFO - Setting next_dagrun for tutorial_dag to None, run_after=None
[2026-05-18T01:03:36.018+0000] {processor.py:208} INFO - Processing /usr/local/python/3.12.1/lib/python3.12/site-packages/airflow/example_dags/tutorial_dag.py took 0.054 seconds
[2026-05-18T01:04:34.781+0000] {processor.py:186} INFO - Started process (PID=10784) to work on /usr/local/python/3.12.1/lib/python3.12/site-packages/airflow/example_dags/tutorial_dag.py
[2026-05-18T01:04:34.784+0000] {processor.py:914} INFO - Processing file /usr/local/python/3.12.1/lib/python3.12/site-packages/airflow/example_dags/tutorial_dag.py for tasks to queue
[2026-05-18T01:04:34.791+0000] {logging_mixin.py:190} INFO - [2026-05-18T01:04:34.790+0000] {dagbag.py:588} INFO - Filling up the DagBag from /usr/local/python/3.12.1/lib/python3.12/site-packages/airflow/example_dags/tutorial_dag.py
[2026-05-18T01:04:34.807+0000] {processor.py:925} INFO - DAG(s) 'tutorial_dag' retrieved from /usr/local/python/3.12.1/lib/python3.12/site-packages/airflow/example_dags/tutorial_dag.py
[2026-05-18T01:04:34.828+0000] {logging_mixin.py:190} INFO - [2026-05-18T01:04:34.828+0000] {dag.py:3239} INFO - Sync 1 DAGs
[2026-05-18T01:04:34.849+0000] {logging_mixin.py:190} INFO - [2026-05-18T01:04:34.849+0000] {dag.py:4180} INFO - Setting next_dagrun for tutorial_dag to None, run_after=None
[2026-05-18T01:04:34.885+0000] {processor.py:208} INFO - Processing /usr/local/python/3.12.1/lib/python3.12/site-packages/airflow/example_dags/tutorial_dag.py took 0.114 seconds
[2026-05-18T01:05:30.903+0000] {processor.py:186} INFO - Started process (PID=11170) to work on /usr/local/python/3.12.1/lib/python3.12/site-packages/airflow/example_dags/tutorial_dag.py
[2026-05-18T01:05:30.904+0000] {processor.py:914} INFO - Processing file /usr/local/python/3.12.1/lib/python3.12/site-packages/airflow/example_dags/tutorial_dag.py for tasks to queue
[2026-05-18T01:05:30.906+0000] {logging_mixin.py:190} INFO - [2026-05-18T01:05:30.905+0000] {dagbag.py:588} INFO - Filling up the DagBag from /usr/local/python/3.12.1/lib/python3.12/site-packages/airflow/example_dags/tutorial_dag.py
[2026-05-18T01:05:30.912+0000] {processor.py:925} INFO - DAG(s) 'tutorial_dag' retrieved from /usr/local/python/3.12.1/lib/python3.12/site-packages/airflow/example_dags/tutorial_dag.py
[2026-05-18T01:05:30.925+0000] {logging_mixin.py:190} INFO - [2026-05-18T01:05:30.925+0000] {dag.py:3239} INFO - Sync 1 DAGs
[2026-05-18T01:05:30.934+0000] {logging_mixin.py:190} INFO - [2026-05-18T01:05:30.934+0000] {dag.py:4180} INFO - Setting next_dagrun for tutorial_dag to None, run_after=None
[2026-05-18T01:05:30.951+0000] {processor.py:208} INFO - Processing /usr/local/python/3.12.1/lib/python3.12/site-packages/airflow/example_dags/tutorial_dag.py took 0.053 seconds
[2026-05-18T01:06:18.842+0000] {processor.py:186} INFO - Started process (PID=11502) to work on /usr/local/python/3.12.1/lib/python3.12/site-packages/airflow/example_dags/tutorial_dag.py
[2026-05-18T01:06:18.843+0000] {processor.py:914} INFO - Processing file /usr/local/python/3.12.1/lib/python3.12/site-packages/airflow/example_dags/tutorial_dag.py for tasks to queue
[2026-05-18T01:06:18.845+0000] {logging_mixin.py:190} INFO - [2026-05-18T01:06:18.845+0000] {dagbag.py:588} INFO - Filling up the DagBag from /usr/local/python/3.12.1/lib/python3.12/site-packages/airflow/example_dags/tutorial_dag.py
[2026-05-18T01:06:18.851+0000] {processor.py:925} INFO - DAG(s) 'tutorial_dag' retrieved from /usr/local/python/3.12.1/lib/python3.12/site-packages/airflow/example_dags/tutorial_dag.py
[2026-05-18T01:06:18.864+0000] {logging_mixin.py:190} INFO - [2026-05-18T01:06:18.864+0000] {dag.py:3239} INFO - Sync 1 DAGs
[2026-05-18T01:06:18.873+0000] {logging_mixin.py:190} INFO - [2026-05-18T01:06:18.873+0000] {dag.py:4180} INFO - Setting next_dagrun for tutorial_dag to None, run_after=None
[2026-05-18T01:06:18.889+0000] {processor.py:208} INFO - Processing /usr/local/python/3.12.1/lib/python3.12/site-packages/airflow/example_dags/tutorial_dag.py took 0.051 seconds
[2026-05-18T01:07:07.249+0000] {processor.py:186} INFO - Started process (PID=11890) to work on /usr/local/python/3.12.1/lib/python3.12/site-packages/airflow/example_dags/tutorial_dag.py
[2026-05-18T01:07:07.249+0000] {processor.py:914} INFO - Processing file /usr/local/python/3.12.1/lib/python3.12/site-packages/airflow/example_dags/tutorial_dag.py for tasks to queue
[2026-05-18T01:07:07.251+0000] {logging_mixin.py:190} INFO - [2026-05-18T01:07:07.251+0000] {dagbag.py:588} INFO - Filling up the DagBag from /usr/local/python/3.12.1/lib/python3.12/site-packages/airflow/example_dags/tutorial_dag.py
[2026-05-18T01:07:07.258+0000] {processor.py:925} INFO - DAG(s) 'tutorial_dag' retrieved from /usr/local/python/3.12.1/lib/python3.12/site-packages/airflow/example_dags/tutorial_dag.py
[2026-05-18T01:07:07.270+0000] {logging_mixin.py:190} INFO - [2026-05-18T01:07:07.269+0000] {dag.py:3239} INFO - Sync 1 DAGs
[2026-05-18T01:07:07.279+0000] {logging_mixin.py:190} INFO - [2026-05-18T01:07:07.279+0000] {dag.py:4180} INFO - Setting next_dagrun for tutorial_dag to None, run_after=None
[2026-05-18T01:07:07.296+0000] {processor.py:208} INFO - Processing /usr/local/python/3.12.1/lib/python3.12/site-packages/airflow/example_dags/tutorial_dag.py took 0.052 seconds
[2026-05-18T01:07:56.728+0000] {processor.py:186} INFO - Started process (PID=12307) to work on /usr/local/python/3.12.1/lib/python3.12/site-packages/airflow/example_dags/tutorial_dag.py
[2026-05-18T01:07:56.729+0000] {processor.py:914} INFO - Processing file /usr/local/python/3.12.1/lib/python3.12/site-packages/airflow/example_dags/tutorial_dag.py for tasks to queue
[2026-05-18T01:07:56.732+0000] {logging_mixin.py:190} INFO - [2026-05-18T01:07:56.731+0000] {dagbag.py:588} INFO - Filling up the DagBag from /usr/local/python/3.12.1/lib/python3.12/site-packages/airflow/example_dags/tutorial_dag.py
[2026-05-18T01:07:56.741+0000] {processor.py:925} INFO - DAG(s) 'tutorial_dag' retrieved from /usr/local/python/3.12.1/lib/python3.12/site-packages/airflow/example_dags/tutorial_dag.py
[2026-05-18T01:07:56.759+0000] {logging_mixin.py:190} INFO - [2026-05-18T01:07:56.759+0000] {dag.py:3239} INFO - Sync 1 DAGs
[2026-05-18T01:07:56.773+0000] {logging_mixin.py:190} INFO - [2026-05-18T01:07:56.773+0000] {dag.py:4180} INFO - Setting next_dagrun for tutorial_dag to None, run_after=None
[2026-05-18T01:07:56.814+0000] {processor.py:208} INFO - Processing /usr/local/python/3.12.1/lib/python3.12/site-packages/airflow/example_dags/tutorial_dag.py took 0.092 seconds
[2026-05-18T01:08:48.582+0000] {processor.py:186} INFO - Started process (PID=12807) to work on /usr/local/python/3.12.1/lib/python3.12/site-packages/airflow/example_dags/tutorial_dag.py
[2026-05-18T01:08:48.583+0000] {processor.py:914} INFO - Processing file /usr/local/python/3.12.1/lib/python3.12/site-packages/airflow/example_dags/tutorial_dag.py for tasks to queue
[2026-05-18T01:08:48.585+0000] {logging_mixin.py:190} INFO - [2026-05-18T01:08:48.584+0000] {dagbag.py:588} INFO - Filling up the DagBag from /usr/local/python/3.12.1/lib/python3.12/site-packages/airflow/example_dags/tutorial_dag.py
[2026-05-18T01:08:48.592+0000] {processor.py:925} INFO - DAG(s) 'tutorial_dag' retrieved from /usr/local/python/3.12.1/lib/python3.12/site-packages/airflow/example_dags/tutorial_dag.py
[2026-05-18T01:08:48.604+0000] {logging_mixin.py:190} INFO - [2026-05-18T01:08:48.604+0000] {dag.py:3239} INFO - Sync 1 DAGs
[2026-05-18T01:08:48.614+0000] {logging_mixin.py:190} INFO - [2026-05-18T01:08:48.614+0000] {dag.py:4180} INFO - Setting next_dagrun for tutorial_dag to None, run_after=None
[2026-05-18T01:08:48.630+0000] {processor.py:208} INFO - Processing /usr/local/python/3.12.1/lib/python3.12/site-packages/airflow/example_dags/tutorial_dag.py took 0.053 seconds
[2026-05-18T01:09:40.366+0000] {processor.py:186} INFO - Started process (PID=13241) to work on /usr/local/python/3.12.1/lib/python3.12/site-packages/airflow/example_dags/tutorial_dag.py
[2026-05-18T01:09:40.367+0000] {processor.py:914} INFO - Processing file /usr/local/python/3.12.1/lib/python3.12/site-packages/airflow/example_dags/tutorial_dag.py for tasks to queue
[2026-05-18T01:09:40.369+0000] {logging_mixin.py:190} INFO - [2026-05-18T01:09:40.369+0000] {dagbag.py:588} INFO - Filling up the DagBag from /usr/local/python/3.12.1/lib/python3.12/site-packages/airflow/example_dags/tutorial_dag.py
[2026-05-18T01:09:40.376+0000] {processor.py:925} INFO - DAG(s) 'tutorial_dag' retrieved from /usr/local/python/3.12.1/lib/python3.12/site-packages/airflow/example_dags/tutorial_dag.py
[2026-05-18T01:09:40.390+0000] {logging_mixin.py:190} INFO - [2026-05-18T01:09:40.389+0000] {dag.py:3239} INFO - Sync 1 DAGs
[2026-05-18T01:09:40.400+0000] {logging_mixin.py:190} INFO - [2026-05-18T01:09:40.400+0000] {dag.py:4180} INFO - Setting next_dagrun for tutorial_dag to None, run_after=None
[2026-05-18T01:09:40.434+0000] {processor.py:208} INFO - Processing /usr/local/python/3.12.1/lib/python3.12/site-packages/airflow/example_dags/tutorial_dag.py took 0.075 seconds
[2026-05-18T01:10:33.222+0000] {processor.py:186} INFO - Started process (PID=13684) to work on /usr/local/python/3.12.1/lib/python3.12/site-packages/airflow/example_dags/tutorial_dag.py
[2026-05-18T01:10:33.223+0000] {processor.py:914} INFO - Processing file /usr/local/python/3.12.1/lib/python3.12/site-packages/airflow/example_dags/tutorial_dag.py for tasks to queue
[2026-05-18T01:10:33.225+0000] {logging_mixin.py:190} INFO - [2026-05-18T01:10:33.225+0000] {dagbag.py:588} INFO - Filling up the DagBag from /usr/local/python/3.12.1/lib/python3.12/site-packages/airflow/example_dags/tutorial_dag.py
[2026-05-18T01:10:33.233+0000] {processor.py:925} INFO - DAG(s) 'tutorial_dag' retrieved from /usr/local/python/3.12.1/lib/python3.12/site-packages/airflow/example_dags/tutorial_dag.py
[2026-05-18T01:10:33.258+0000] {logging_mixin.py:190} INFO - [2026-05-18T01:10:33.256+0000] {dag.py:3239} INFO - Sync 1 DAGs
[2026-05-18T01:10:33.277+0000] {logging_mixin.py:190} INFO - [2026-05-18T01:10:33.277+0000] {dag.py:4180} INFO - Setting next_dagrun for tutorial_dag to None, run_after=None
[2026-05-18T01:10:33.304+0000] {processor.py:208} INFO - Processing /usr/local/python/3.12.1/lib/python3.12/site-packages/airflow/example_dags/tutorial_dag.py took 0.086 seconds
[2026-05-18T01:11:22.664+0000] {processor.py:186} INFO - Started process (PID=14047) to work on /usr/local/python/3.12.1/lib/python3.12/site-packages/airflow/example_dags/tutorial_dag.py
[2026-05-18T01:11:22.664+0000] {processor.py:914} INFO - Processing file /usr/local/python/3.12.1/lib/python3.12/site-packages/airflow/example_dags/tutorial_dag.py for tasks to queue
[2026-05-18T01:11:22.666+0000] {logging_mixin.py:190} INFO - [2026-05-18T01:11:22.666+0000] {dagbag.py:588} INFO - Filling up the DagBag from /usr/local/python/3.12.1/lib/python3.12/site-packages/airflow/example_dags/tutorial_dag.py
[2026-05-18T01:11:22.673+0000] {processor.py:925} INFO - DAG(s) 'tutorial_dag' retrieved from /usr/local/python/3.12.1/lib/python3.12/site-packages/airflow/example_dags/tutorial_dag.py
[2026-05-18T01:11:22.704+0000] {logging_mixin.py:190} INFO - [2026-05-18T01:11:22.704+0000] {dag.py:3239} INFO - Sync 1 DAGs
[2026-05-18T01:11:22.729+0000] {logging_mixin.py:190} INFO - [2026-05-18T01:11:22.729+0000] {dag.py:4180} INFO - Setting next_dagrun for tutorial_dag to None, run_after=None
[2026-05-18T01:11:22.783+0000] {processor.py:208} INFO - Processing /usr/local/python/3.12.1/lib/python3.12/site-packages/airflow/example_dags/tutorial_dag.py took 0.124 seconds
[2026-05-18T01:12:14.563+0000] {processor.py:186} INFO - Started process (PID=14476) to work on /usr/local/python/3.12.1/lib/python3.12/site-packages/airflow/example_dags/tutorial_dag.py
[2026-05-18T01:12:14.563+0000] {processor.py:914} INFO - Processing file /usr/local/python/3.12.1/lib/python3.12/site-packages/airflow/example_dags/tutorial_dag.py for tasks to queue
[2026-05-18T01:12:14.565+0000] {logging_mixin.py:190} INFO - [2026-05-18T01:12:14.565+0000] {dagbag.py:588} INFO - Filling up the DagBag from /usr/local/python/3.12.1/lib/python3.12/site-packages/airflow/example_dags/tutorial_dag.py
[2026-05-18T01:12:14.571+0000] {processor.py:925} INFO - DAG(s) 'tutorial_dag' retrieved from /usr/local/python/3.12.1/lib/python3.12/site-packages/airflow/example_dags/tutorial_dag.py
[2026-05-18T01:12:14.584+0000] {logging_mixin.py:190} INFO - [2026-05-18T01:12:14.583+0000] {dag.py:3239} INFO - Sync 1 DAGs
[2026-05-18T01:12:14.593+0000] {logging_mixin.py:190} INFO - [2026-05-18T01:12:14.593+0000] {dag.py:4180} INFO - Setting next_dagrun for tutorial_dag to None, run_after=None
[2026-05-18T01:12:14.609+0000] {processor.py:208} INFO - Processing /usr/local/python/3.12.1/lib/python3.12/site-packages/airflow/example_dags/tutorial_dag.py took 0.051 seconds
[2026-05-18T01:13:10.729+0000] {processor.py:186} INFO - Started process (PID=14944) to work on /usr/local/python/3.12.1/lib/python3.12/site-packages/airflow/example_dags/tutorial_dag.py
[2026-05-18T01:13:10.729+0000] {processor.py:914} INFO - Processing file /usr/local/python/3.12.1/lib/python3.12/site-packages/airflow/example_dags/tutorial_dag.py for tasks to queue
[2026-05-18T01:13:10.731+0000] {logging_mixin.py:190} INFO - [2026-05-18T01:13:10.731+0000] {dagbag.py:588} INFO - Filling up the DagBag from /usr/local/python/3.12.1/lib/python3.12/site-packages/airflow/example_dags/tutorial_dag.py
[2026-05-18T01:13:10.739+0000] {processor.py:925} INFO - DAG(s) 'tutorial_dag' retrieved from /usr/local/python/3.12.1/lib/python3.12/site-packages/airflow/example_dags/tutorial_dag.py
[2026-05-18T01:13:10.760+0000] {logging_mixin.py:190} INFO - [2026-05-18T01:13:10.760+0000] {dag.py:3239} INFO - Sync 1 DAGs
[2026-05-18T01:13:10.772+0000] {logging_mixin.py:190} INFO - [2026-05-18T01:13:10.772+0000] {dag.py:4180} INFO - Setting next_dagrun for tutorial_dag to None, run_after=None
[2026-05-18T01:13:10.791+0000] {processor.py:208} INFO - Processing /usr/local/python/3.12.1/lib/python3.12/site-packages/airflow/example_dags/tutorial_dag.py took 0.066 seconds
[2026-05-18T01:14:03.273+0000] {processor.py:186} INFO - Started process (PID=15559) to work on /usr/local/python/3.12.1/lib/python3.12/site-packages/airflow/example_dags/tutorial_dag.py
[2026-05-18T01:14:03.274+0000] {processor.py:914} INFO - Processing file /usr/local/python/3.12.1/lib/python3.12/site-packages/airflow/example_dags/tutorial_dag.py for tasks to queue
[2026-05-18T01:14:03.276+0000] {logging_mixin.py:190} INFO - [2026-05-18T01:14:03.275+0000] {dagbag.py:588} INFO - Filling up the DagBag from /usr/local/python/3.12.1/lib/python3.12/site-packages/airflow/example_dags/tutorial_dag.py
[2026-05-18T01:14:03.282+0000] {processor.py:925} INFO - DAG(s) 'tutorial_dag' retrieved from /usr/local/python/3.12.1/lib/python3.12/site-packages/airflow/example_dags/tutorial_dag.py
[2026-05-18T01:14:03.295+0000] {logging_mixin.py:190} INFO - [2026-05-18T01:14:03.295+0000] {dag.py:3239} INFO - Sync 1 DAGs
[2026-05-18T01:14:03.305+0000] {logging_mixin.py:190} INFO - [2026-05-18T01:14:03.305+0000] {dag.py:4180} INFO - Setting next_dagrun for tutorial_dag to None, run_after=None
[2026-05-18T01:14:03.324+0000] {processor.py:208} INFO - Processing /usr/local/python/3.12.1/lib/python3.12/site-packages/airflow/example_dags/tutorial_dag.py took 0.055 seconds
[2026-05-18T01:14:53.965+0000] {processor.py:186} INFO - Started process (PID=15982) to work on /usr/local/python/3.12.1/lib/python3.12/site-packages/airflow/example_dags/tutorial_dag.py
[2026-05-18T01:14:53.965+0000] {processor.py:914} INFO - Processing file /usr/local/python/3.12.1/lib/python3.12/site-packages/airflow/example_dags/tutorial_dag.py for tasks to queue
[2026-05-18T01:14:53.967+0000] {logging_mixin.py:190} INFO - [2026-05-18T01:14:53.967+0000] {dagbag.py:588} INFO - Filling up the DagBag from /usr/local/python/3.12.1/lib/python3.12/site-packages/airflow/example_dags/tutorial_dag.py
[2026-05-18T01:14:53.974+0000] {processor.py:925} INFO - DAG(s) 'tutorial_dag' retrieved from /usr/local/python/3.12.1/lib/python3.12/site-packages/airflow/example_dags/tutorial_dag.py
[2026-05-18T01:14:53.986+0000] {logging_mixin.py:190} INFO - [2026-05-18T01:14:53.986+0000] {dag.py:3239} INFO - Sync 1 DAGs
[2026-05-18T01:14:53.995+0000] {logging_mixin.py:190} INFO - [2026-05-18T01:14:53.995+0000] {dag.py:4180} INFO - Setting next_dagrun for tutorial_dag to None, run_after=None
[2026-05-18T01:14:54.012+0000] {processor.py:208} INFO - Processing /usr/local/python/3.12.1/lib/python3.12/site-packages/airflow/example_dags/tutorial_dag.py took 0.052 seconds
[2026-05-18T01:15:31.004+0000] {processor.py:186} INFO - Started process (PID=16526) to work on /usr/local/python/3.12.1/lib/python3.12/site-packages/airflow/example_dags/tutorial_dag.py
[2026-05-18T01:15:31.005+0000] {processor.py:914} INFO - Processing file /usr/local/python/3.12.1/lib/python3.12/site-packages/airflow/example_dags/tutorial_dag.py for tasks to queue
[2026-05-18T01:15:31.007+0000] {logging_mixin.py:190} INFO - [2026-05-18T01:15:31.007+0000] {dagbag.py:588} INFO - Filling up the DagBag from /usr/local/python/3.12.1/lib/python3.12/site-packages/airflow/example_dags/tutorial_dag.py
[2026-05-18T01:15:31.013+0000] {processor.py:925} INFO - DAG(s) 'tutorial_dag' retrieved from /usr/local/python/3.12.1/lib/python3.12/site-packages/airflow/example_dags/tutorial_dag.py
[2026-05-18T01:15:31.027+0000] {logging_mixin.py:190} INFO - [2026-05-18T01:15:31.026+0000] {dag.py:3239} INFO - Sync 1 DAGs
[2026-05-18T01:15:31.036+0000] {logging_mixin.py:190} INFO - [2026-05-18T01:15:31.036+0000] {dag.py:4180} INFO - Setting next_dagrun for tutorial_dag to None, run_after=None
[2026-05-18T01:15:31.052+0000] {processor.py:208} INFO - Processing /usr/local/python/3.12.1/lib/python3.12/site-packages/airflow/example_dags/tutorial_dag.py took 0.052 seconds
[2026-05-18T01:16:26.556+0000] {processor.py:186} INFO - Started process (PID=17120) to work on /usr/local/python/3.12.1/lib/python3.12/site-packages/airflow/example_dags/tutorial_dag.py
[2026-05-18T01:16:26.558+0000] {processor.py:914} INFO - Processing file /usr/local/python/3.12.1/lib/python3.12/site-packages/airflow/example_dags/tutorial_dag.py for tasks to queue
[2026-05-18T01:16:26.561+0000] {logging_mixin.py:190} INFO - [2026-05-18T01:16:26.561+0000] {dagbag.py:588} INFO - Filling up the DagBag from /usr/local/python/3.12.1/lib/python3.12/site-packages/airflow/example_dags/tutorial_dag.py
[2026-05-18T01:16:26.570+0000] {processor.py:925} INFO - DAG(s) 'tutorial_dag' retrieved from /usr/local/python/3.12.1/lib/python3.12/site-packages/airflow/example_dags/tutorial_dag.py
[2026-05-18T01:16:26.585+0000] {logging_mixin.py:190} INFO - [2026-05-18T01:16:26.584+0000] {dag.py:3239} INFO - Sync 1 DAGs
[2026-05-18T01:16:26.594+0000] {logging_mixin.py:190} INFO - [2026-05-18T01:16:26.594+0000] {dag.py:4180} INFO - Setting next_dagrun for tutorial_dag to None, run_after=None
[2026-05-18T01:16:26.612+0000] {processor.py:208} INFO - Processing /usr/local/python/3.12.1/lib/python3.12/site-packages/airflow/example_dags/tutorial_dag.py took 0.066 seconds
[2026-05-18T01:17:15.803+0000] {processor.py:186} INFO - Started process (PID=17458) to work on /usr/local/python/3.12.1/lib/python3.12/site-packages/airflow/example_dags/tutorial_dag.py
[2026-05-18T01:17:15.804+0000] {processor.py:914} INFO - Processing file /usr/local/python/3.12.1/lib/python3.12/site-packages/airflow/example_dags/tutorial_dag.py for tasks to queue
[2026-05-18T01:17:15.806+0000] {logging_mixin.py:190} INFO - [2026-05-18T01:17:15.806+0000] {dagbag.py:588} INFO - Filling up the DagBag from /usr/local/python/3.12.1/lib/python3.12/site-packages/airflow/example_dags/tutorial_dag.py
[2026-05-18T01:17:15.812+0000] {processor.py:925} INFO - DAG(s) 'tutorial_dag' retrieved from /usr/local/python/3.12.1/lib/python3.12/site-packages/airflow/example_dags/tutorial_dag.py
[2026-05-18T01:17:15.824+0000] {logging_mixin.py:190} INFO - [2026-05-18T01:17:15.824+0000] {dag.py:3239} INFO - Sync 1 DAGs
[2026-05-18T01:17:15.833+0000] {logging_mixin.py:190} INFO - [2026-05-18T01:17:15.833+0000] {dag.py:4180} INFO - Setting next_dagrun for tutorial_dag to None, run_after=None
[2026-05-18T01:17:15.849+0000] {processor.py:208} INFO - Processing /usr/local/python/3.12.1/lib/python3.12/site-packages/airflow/example_dags/tutorial_dag.py took 0.051 seconds
[2026-05-18T01:18:03.354+0000] {processor.py:186} INFO - Started process (PID=17874) to work on /usr/local/python/3.12.1/lib/python3.12/site-packages/airflow/example_dags/tutorial_dag.py
[2026-05-18T01:18:03.354+0000] {processor.py:914} INFO - Processing file /usr/local/python/3.12.1/lib/python3.12/site-packages/airflow/example_dags/tutorial_dag.py for tasks to queue
[2026-05-18T01:18:03.356+0000] {logging_mixin.py:190} INFO - [2026-05-18T01:18:03.356+0000] {dagbag.py:588} INFO - Filling up the DagBag from /usr/local/python/3.12.1/lib/python3.12/site-packages/airflow/example_dags/tutorial_dag.py
[2026-05-18T01:18:03.362+0000] {processor.py:925} INFO - DAG(s) 'tutorial_dag' retrieved from /usr/local/python/3.12.1/lib/python3.12/site-packages/airflow/example_dags/tutorial_dag.py
[2026-05-18T01:18:03.375+0000] {logging_mixin.py:190} INFO - [2026-05-18T01:18:03.375+0000] {dag.py:3239} INFO - Sync 1 DAGs
[2026-05-18T01:18:03.385+0000] {logging_mixin.py:190} INFO - [2026-05-18T01:18:03.385+0000] {dag.py:4180} INFO - Setting next_dagrun for tutorial_dag to None, run_after=None
[2026-05-18T01:18:03.401+0000] {processor.py:208} INFO - Processing /usr/local/python/3.12.1/lib/python3.12/site-packages/airflow/example_dags/tutorial_dag.py took 0.052 seconds
[2026-05-18T01:18:52.648+0000] {processor.py:186} INFO - Started process (PID=18299) to work on /usr/local/python/3.12.1/lib/python3.12/site-packages/airflow/example_dags/tutorial_dag.py
[2026-05-18T01:18:52.649+0000] {processor.py:914} INFO - Processing file /usr/local/python/3.12.1/lib/python3.12/site-packages/airflow/example_dags/tutorial_dag.py for tasks to queue
[2026-05-18T01:18:52.651+0000] {logging_mixin.py:190} INFO - [2026-05-18T01:18:52.651+0000] {dagbag.py:588} INFO - Filling up the DagBag from /usr/local/python/3.12.1/lib/python3.12/site-packages/airflow/example_dags/tutorial_dag.py
[2026-05-18T01:18:52.657+0000] {processor.py:925} INFO - DAG(s) 'tutorial_dag' retrieved from /usr/local/python/3.12.1/lib/python3.12/site-packages/airflow/example_dags/tutorial_dag.py
[2026-05-18T01:18:52.669+0000] {logging_mixin.py:190} INFO - [2026-05-18T01:18:52.669+0000] {dag.py:3239} INFO - Sync 1 DAGs
[2026-05-18T01:18:52.679+0000] {logging_mixin.py:190} INFO - [2026-05-18T01:18:52.678+0000] {dag.py:4180} INFO - Setting next_dagrun for tutorial_dag to None, run_after=None
[2026-05-18T01:18:52.694+0000] {processor.py:208} INFO - Processing /usr/local/python/3.12.1/lib/python3.12/site-packages/airflow/example_dags/tutorial_dag.py took 0.051 seconds
[2026-05-18T01:19:44.384+0000] {processor.py:186} INFO - Started process (PID=18725) to work on /usr/local/python/3.12.1/lib/python3.12/site-packages/airflow/example_dags/tutorial_dag.py
[2026-05-18T01:19:44.385+0000] {processor.py:914} INFO - Processing file /usr/local/python/3.12.1/lib/python3.12/site-packages/airflow/example_dags/tutorial_dag.py for tasks to queue
[2026-05-18T01:19:44.387+0000] {logging_mixin.py:190} INFO - [2026-05-18T01:19:44.386+0000] {dagbag.py:588} INFO - Filling up the DagBag from /usr/local/python/3.12.1/lib/python3.12/site-packages/airflow/example_dags/tutorial_dag.py
[2026-05-18T01:19:44.395+0000] {processor.py:925} INFO - DAG(s) 'tutorial_dag' retrieved from /usr/local/python/3.12.1/lib/python3.12/site-packages/airflow/example_dags/tutorial_dag.py
[2026-05-18T01:19:44.407+0000] {logging_mixin.py:190} INFO - [2026-05-18T01:19:44.407+0000] {dag.py:3239} INFO - Sync 1 DAGs
[2026-05-18T01:19:44.416+0000] {logging_mixin.py:190} INFO - [2026-05-18T01:19:44.416+0000] {dag.py:4180} INFO - Setting next_dagrun for tutorial_dag to None, run_after=None
[2026-05-18T01:19:44.432+0000] {processor.py:208} INFO - Processing /usr/local/python/3.12.1/lib/python3.12/site-packages/airflow/example_dags/tutorial_dag.py took 0.053 seconds
[2026-05-18T01:20:32.786+0000] {processor.py:186} INFO - Started process (PID=19198) to work on /usr/local/python/3.12.1/lib/python3.12/site-packages/airflow/example_dags/tutorial_dag.py
[2026-05-18T01:20:32.786+0000] {processor.py:914} INFO - Processing file /usr/local/python/3.12.1/lib/python3.12/site-packages/airflow/example_dags/tutorial_dag.py for tasks to queue
[2026-05-18T01:20:32.788+0000] {logging_mixin.py:190} INFO - [2026-05-18T01:20:32.788+0000] {dagbag.py:588} INFO - Filling up the DagBag from /usr/local/python/3.12.1/lib/python3.12/site-packages/airflow/example_dags/tutorial_dag.py
[2026-05-18T01:20:32.794+0000] {processor.py:925} INFO - DAG(s) 'tutorial_dag' retrieved from /usr/local/python/3.12.1/lib/python3.12/site-packages/airflow/example_dags/tutorial_dag.py
[2026-05-18T01:20:32.807+0000] {logging_mixin.py:190} INFO - [2026-05-18T01:20:32.807+0000] {dag.py:3239} INFO - Sync 1 DAGs
[2026-05-18T01:20:32.817+0000] {logging_mixin.py:190} INFO - [2026-05-18T01:20:32.816+0000] {dag.py:4180} INFO - Setting next_dagrun for tutorial_dag to None, run_after=None
[2026-05-18T01:20:32.833+0000] {processor.py:208} INFO - Processing /usr/local/python/3.12.1/lib/python3.12/site-packages/airflow/example_dags/tutorial_dag.py took 0.052 seconds
[2026-05-18T01:21:20.303+0000] {processor.py:186} INFO - Started process (PID=19602) to work on /usr/local/python/3.12.1/lib/python3.12/site-packages/airflow/example_dags/tutorial_dag.py
[2026-05-18T01:21:20.305+0000] {processor.py:914} INFO - Processing file /usr/local/python/3.12.1/lib/python3.12/site-packages/airflow/example_dags/tutorial_dag.py for tasks to queue
[2026-05-18T01:21:20.309+0000] {logging_mixin.py:190} INFO - [2026-05-18T01:21:20.309+0000] {dagbag.py:588} INFO - Filling up the DagBag from /usr/local/python/3.12.1/lib/python3.12/site-packages/airflow/example_dags/tutorial_dag.py
[2026-05-18T01:21:20.323+0000] {processor.py:925} INFO - DAG(s) 'tutorial_dag' retrieved from /usr/local/python/3.12.1/lib/python3.12/site-packages/airflow/example_dags/tutorial_dag.py
[2026-05-18T01:21:20.345+0000] {logging_mixin.py:190} INFO - [2026-05-18T01:21:20.345+0000] {dag.py:3239} INFO - Sync 1 DAGs
[2026-05-18T01:21:20.362+0000] {logging_mixin.py:190} INFO - [2026-05-18T01:21:20.362+0000] {dag.py:4180} INFO - Setting next_dagrun for tutorial_dag to None, run_after=None
[2026-05-18T01:21:20.384+0000] {processor.py:208} INFO - Processing /usr/local/python/3.12.1/lib/python3.12/site-packages/airflow/example_dags/tutorial_dag.py took 0.088 seconds
[2026-05-18T01:22:12.568+0000] {processor.py:186} INFO - Started process (PID=19983) to work on /usr/local/python/3.12.1/lib/python3.12/site-packages/airflow/example_dags/tutorial_dag.py
[2026-05-18T01:22:12.568+0000] {processor.py:914} INFO - Processing file /usr/local/python/3.12.1/lib/python3.12/site-packages/airflow/example_dags/tutorial_dag.py for tasks to queue
[2026-05-18T01:22:12.570+0000] {logging_mixin.py:190} INFO - [2026-05-18T01:22:12.570+0000] {dagbag.py:588} INFO - Filling up the DagBag from /usr/local/python/3.12.1/lib/python3.12/site-packages/airflow/example_dags/tutorial_dag.py
[2026-05-18T01:22:12.578+0000] {processor.py:925} INFO - DAG(s) 'tutorial_dag' retrieved from /usr/local/python/3.12.1/lib/python3.12/site-packages/airflow/example_dags/tutorial_dag.py
[2026-05-18T01:22:12.596+0000] {logging_mixin.py:190} INFO - [2026-05-18T01:22:12.596+0000] {dag.py:3239} INFO - Sync 1 DAGs
[2026-05-18T01:22:12.613+0000] {logging_mixin.py:190} INFO - [2026-05-18T01:22:12.613+0000] {dag.py:4180} INFO - Setting next_dagrun for tutorial_dag to None, run_after=None
[2026-05-18T01:22:12.638+0000] {processor.py:208} INFO - Processing /usr/local/python/3.12.1/lib/python3.12/site-packages/airflow/example_dags/tutorial_dag.py took 0.075 seconds
[2026-05-18T01:23:02.716+0000] {processor.py:186} INFO - Started process (PID=20422) to work on /usr/local/python/3.12.1/lib/python3.12/site-packages/airflow/example_dags/tutorial_dag.py
[2026-05-18T01:23:02.716+0000] {processor.py:914} INFO - Processing file /usr/local/python/3.12.1/lib/python3.12/site-packages/airflow/example_dags/tutorial_dag.py for tasks to queue
[2026-05-18T01:23:02.718+0000] {logging_mixin.py:190} INFO - [2026-05-18T01:23:02.718+0000] {dagbag.py:588} INFO - Filling up the DagBag from /usr/local/python/3.12.1/lib/python3.12/site-packages/airflow/example_dags/tutorial_dag.py
[2026-05-18T01:23:02.725+0000] {processor.py:925} INFO - DAG(s) 'tutorial_dag' retrieved from /usr/local/python/3.12.1/lib/python3.12/site-packages/airflow/example_dags/tutorial_dag.py
[2026-05-18T01:23:02.737+0000] {logging_mixin.py:190} INFO - [2026-05-18T01:23:02.737+0000] {dag.py:3239} INFO - Sync 1 DAGs
[2026-05-18T01:23:02.747+0000] {logging_mixin.py:190} INFO - [2026-05-18T01:23:02.747+0000] {dag.py:4180} INFO - Setting next_dagrun for tutorial_dag to None, run_after=None
[2026-05-18T01:23:02.762+0000] {processor.py:208} INFO - Processing /usr/local/python/3.12.1/lib/python3.12/site-packages/airflow/example_dags/tutorial_dag.py took 0.051 seconds
[2026-05-18T01:23:54.356+0000] {processor.py:186} INFO - Started process (PID=20866) to work on /usr/local/python/3.12.1/lib/python3.12/site-packages/airflow/example_dags/tutorial_dag.py
[2026-05-18T01:23:54.357+0000] {processor.py:914} INFO - Processing file /usr/local/python/3.12.1/lib/python3.12/site-packages/airflow/example_dags/tutorial_dag.py for tasks to queue
[2026-05-18T01:23:54.359+0000] {logging_mixin.py:190} INFO - [2026-05-18T01:23:54.358+0000] {dagbag.py:588} INFO - Filling up the DagBag from /usr/local/python/3.12.1/lib/python3.12/site-packages/airflow/example_dags/tutorial_dag.py
[2026-05-18T01:23:54.365+0000] {processor.py:925} INFO - DAG(s) 'tutorial_dag' retrieved from /usr/local/python/3.12.1/lib/python3.12/site-packages/airflow/example_dags/tutorial_dag.py
[2026-05-18T01:23:54.377+0000] {logging_mixin.py:190} INFO - [2026-05-18T01:23:54.377+0000] {dag.py:3239} INFO - Sync 1 DAGs
[2026-05-18T01:23:54.387+0000] {logging_mixin.py:190} INFO - [2026-05-18T01:23:54.387+0000] {dag.py:4180} INFO - Setting next_dagrun for tutorial_dag to None, run_after=None
[2026-05-18T01:23:54.404+0000] {processor.py:208} INFO - Processing /usr/local/python/3.12.1/lib/python3.12/site-packages/airflow/example_dags/tutorial_dag.py took 0.052 seconds
[2026-05-18T01:24:47.604+0000] {processor.py:186} INFO - Started process (PID=21331) to work on /usr/local/python/3.12.1/lib/python3.12/site-packages/airflow/example_dags/tutorial_dag.py
[2026-05-18T01:24:47.605+0000] {processor.py:914} INFO - Processing file /usr/local/python/3.12.1/lib/python3.12/site-packages/airflow/example_dags/tutorial_dag.py for tasks to queue
[2026-05-18T01:24:47.607+0000] {logging_mixin.py:190} INFO - [2026-05-18T01:24:47.607+0000] {dagbag.py:588} INFO - Filling up the DagBag from /usr/local/python/3.12.1/lib/python3.12/site-packages/airflow/example_dags/tutorial_dag.py
[2026-05-18T01:24:47.613+0000] {processor.py:925} INFO - DAG(s) 'tutorial_dag' retrieved from /usr/local/python/3.12.1/lib/python3.12/site-packages/airflow/example_dags/tutorial_dag.py
[2026-05-18T01:24:47.625+0000] {logging_mixin.py:190} INFO - [2026-05-18T01:24:47.625+0000] {dag.py:3239} INFO - Sync 1 DAGs
[2026-05-18T01:24:47.634+0000] {logging_mixin.py:190} INFO - [2026-05-18T01:24:47.634+0000] {dag.py:4180} INFO - Setting next_dagrun for tutorial_dag to None, run_after=None
[2026-05-18T01:24:47.651+0000] {processor.py:208} INFO - Processing /usr/local/python/3.12.1/lib/python3.12/site-packages/airflow/example_dags/tutorial_dag.py took 0.051 seconds
[2026-05-18T01:25:40.181+0000] {processor.py:186} INFO - Started process (PID=21835) to work on /usr/local/python/3.12.1/lib/python3.12/site-packages/airflow/example_dags/tutorial_dag.py
[2026-05-18T01:25:40.182+0000] {processor.py:914} INFO - Processing file /usr/local/python/3.12.1/lib/python3.12/site-packages/airflow/example_dags/tutorial_dag.py for tasks to queue
[2026-05-18T01:25:40.184+0000] {logging_mixin.py:190} INFO - [2026-05-18T01:25:40.183+0000] {dagbag.py:588} INFO - Filling up the DagBag from /usr/local/python/3.12.1/lib/python3.12/site-packages/airflow/example_dags/tutorial_dag.py
[2026-05-18T01:25:40.190+0000] {processor.py:925} INFO - DAG(s) 'tutorial_dag' retrieved from /usr/local/python/3.12.1/lib/python3.12/site-packages/airflow/example_dags/tutorial_dag.py
[2026-05-18T01:25:40.203+0000] {logging_mixin.py:190} INFO - [2026-05-18T01:25:40.203+0000] {dag.py:3239} INFO - Sync 1 DAGs
[2026-05-18T01:25:40.213+0000] {logging_mixin.py:190} INFO - [2026-05-18T01:25:40.213+0000] {dag.py:4180} INFO - Setting next_dagrun for tutorial_dag to None, run_after=None
[2026-05-18T01:25:40.229+0000] {processor.py:208} INFO - Processing /usr/local/python/3.12.1/lib/python3.12/site-packages/airflow/example_dags/tutorial_dag.py took 0.052 seconds
[2026-05-18T01:26:28.207+0000] {processor.py:186} INFO - Started process (PID=22261) to work on /usr/local/python/3.12.1/lib/python3.12/site-packages/airflow/example_dags/tutorial_dag.py
[2026-05-18T01:26:28.207+0000] {processor.py:914} INFO - Processing file /usr/local/python/3.12.1/lib/python3.12/site-packages/airflow/example_dags/tutorial_dag.py for tasks to queue
[2026-05-18T01:26:28.209+0000] {logging_mixin.py:190} INFO - [2026-05-18T01:26:28.209+0000] {dagbag.py:588} INFO - Filling up the DagBag from /usr/local/python/3.12.1/lib/python3.12/site-packages/airflow/example_dags/tutorial_dag.py
[2026-05-18T01:26:28.215+0000] {processor.py:925} INFO - DAG(s) 'tutorial_dag' retrieved from /usr/local/python/3.12.1/lib/python3.12/site-packages/airflow/example_dags/tutorial_dag.py
[2026-05-18T01:26:28.228+0000] {logging_mixin.py:190} INFO - [2026-05-18T01:26:28.228+0000] {dag.py:3239} INFO - Sync 1 DAGs
[2026-05-18T01:26:28.238+0000] {logging_mixin.py:190} INFO - [2026-05-18T01:26:28.238+0000] {dag.py:4180} INFO - Setting next_dagrun for tutorial_dag to None, run_after=None
[2026-05-18T01:26:28.272+0000] {processor.py:208} INFO - Processing /usr/local/python/3.12.1/lib/python3.12/site-packages/airflow/example_dags/tutorial_dag.py took 0.070 seconds
[2026-05-18T01:27:20.007+0000] {processor.py:186} INFO - Started process (PID=22821) to work on /usr/local/python/3.12.1/lib/python3.12/site-packages/airflow/example_dags/tutorial_dag.py
[2026-05-18T01:27:20.008+0000] {processor.py:914} INFO - Processing file /usr/local/python/3.12.1/lib/python3.12/site-packages/airflow/example_dags/tutorial_dag.py for tasks to queue
[2026-05-18T01:27:20.009+0000] {logging_mixin.py:190} INFO - [2026-05-18T01:27:20.009+0000] {dagbag.py:588} INFO - Filling up the DagBag from /usr/local/python/3.12.1/lib/python3.12/site-packages/airflow/example_dags/tutorial_dag.py
[2026-05-18T01:27:20.015+0000] {processor.py:925} INFO - DAG(s) 'tutorial_dag' retrieved from /usr/local/python/3.12.1/lib/python3.12/site-packages/airflow/example_dags/tutorial_dag.py
[2026-05-18T01:27:20.030+0000] {logging_mixin.py:190} INFO - [2026-05-18T01:27:20.030+0000] {dag.py:3239} INFO - Sync 1 DAGs
[2026-05-18T01:27:20.040+0000] {logging_mixin.py:190} INFO - [2026-05-18T01:27:20.040+0000] {dag.py:4180} INFO - Setting next_dagrun for tutorial_dag to None, run_after=None
[2026-05-18T01:27:20.058+0000] {processor.py:208} INFO - Processing /usr/local/python/3.12.1/lib/python3.12/site-packages/airflow/example_dags/tutorial_dag.py took 0.056 seconds
[2026-05-18T01:27:53.962+0000] {processor.py:186} INFO - Started process (PID=23366) to work on /usr/local/python/3.12.1/lib/python3.12/site-packages/airflow/example_dags/tutorial_dag.py
[2026-05-18T01:27:53.963+0000] {processor.py:914} INFO - Processing file /usr/local/python/3.12.1/lib/python3.12/site-packages/airflow/example_dags/tutorial_dag.py for tasks to queue
[2026-05-18T01:27:53.965+0000] {logging_mixin.py:190} INFO - [2026-05-18T01:27:53.965+0000] {dagbag.py:588} INFO - Filling up the DagBag from /usr/local/python/3.12.1/lib/python3.12/site-packages/airflow/example_dags/tutorial_dag.py
[2026-05-18T01:27:53.971+0000] {processor.py:925} INFO - DAG(s) 'tutorial_dag' retrieved from /usr/local/python/3.12.1/lib/python3.12/site-packages/airflow/example_dags/tutorial_dag.py
[2026-05-18T01:27:53.985+0000] {logging_mixin.py:190} INFO - [2026-05-18T01:27:53.984+0000] {dag.py:3239} INFO - Sync 1 DAGs
[2026-05-18T01:27:53.994+0000] {logging_mixin.py:190} INFO - [2026-05-18T01:27:53.994+0000] {dag.py:4180} INFO - Setting next_dagrun for tutorial_dag to None, run_after=None
[2026-05-18T01:27:54.010+0000] {processor.py:208} INFO - Processing /usr/local/python/3.12.1/lib/python3.12/site-packages/airflow/example_dags/tutorial_dag.py took 0.052 seconds
[2026-05-18T01:28:49.648+0000] {processor.py:186} INFO - Started process (PID=23967) to work on /usr/local/python/3.12.1/lib/python3.12/site-packages/airflow/example_dags/tutorial_dag.py
[2026-05-18T01:28:49.649+0000] {processor.py:914} INFO - Processing file /usr/local/python/3.12.1/lib/python3.12/site-packages/airflow/example_dags/tutorial_dag.py for tasks to queue
[2026-05-18T01:28:49.652+0000] {logging_mixin.py:190} INFO - [2026-05-18T01:28:49.652+0000] {dagbag.py:588} INFO - Filling up the DagBag from /usr/local/python/3.12.1/lib/python3.12/site-packages/airflow/example_dags/tutorial_dag.py
[2026-05-18T01:28:49.661+0000] {processor.py:925} INFO - DAG(s) 'tutorial_dag' retrieved from /usr/local/python/3.12.1/lib/python3.12/site-packages/airflow/example_dags/tutorial_dag.py
[2026-05-18T01:28:49.674+0000] {logging_mixin.py:190} INFO - [2026-05-18T01:28:49.674+0000] {dag.py:3239} INFO - Sync 1 DAGs
[2026-05-18T01:28:49.684+0000] {logging_mixin.py:190} INFO - [2026-05-18T01:28:49.684+0000] {dag.py:4180} INFO - Setting next_dagrun for tutorial_dag to None, run_after=None
[2026-05-18T01:28:49.700+0000] {processor.py:208} INFO - Processing /usr/local/python/3.12.1/lib/python3.12/site-packages/airflow/example_dags/tutorial_dag.py took 0.059 seconds
[2026-05-18T01:29:38.961+0000] {processor.py:186} INFO - Started process (PID=24311) to work on /usr/local/python/3.12.1/lib/python3.12/site-packages/airflow/example_dags/tutorial_dag.py
[2026-05-18T01:29:38.962+0000] {processor.py:914} INFO - Processing file /usr/local/python/3.12.1/lib/python3.12/site-packages/airflow/example_dags/tutorial_dag.py for tasks to queue
[2026-05-18T01:29:38.964+0000] {logging_mixin.py:190} INFO - [2026-05-18T01:29:38.963+0000] {dagbag.py:588} INFO - Filling up the DagBag from /usr/local/python/3.12.1/lib/python3.12/site-packages/airflow/example_dags/tutorial_dag.py
[2026-05-18T01:29:38.969+0000] {processor.py:925} INFO - DAG(s) 'tutorial_dag' retrieved from /usr/local/python/3.12.1/lib/python3.12/site-packages/airflow/example_dags/tutorial_dag.py
[2026-05-18T01:29:38.981+0000] {logging_mixin.py:190} INFO - [2026-05-18T01:29:38.981+0000] {dag.py:3239} INFO - Sync 1 DAGs
[2026-05-18T01:29:38.993+0000] {logging_mixin.py:190} INFO - [2026-05-18T01:29:38.992+0000] {dag.py:4180} INFO - Setting next_dagrun for tutorial_dag to None, run_after=None
[2026-05-18T01:29:39.016+0000] {processor.py:208} INFO - Processing /usr/local/python/3.12.1/lib/python3.12/site-packages/airflow/example_dags/tutorial_dag.py took 0.059 seconds
[2026-05-18T01:30:27.881+0000] {processor.py:186} INFO - Started process (PID=25286) to work on /usr/local/python/3.12.1/lib/python3.12/site-packages/airflow/example_dags/tutorial_dag.py
[2026-05-18T01:30:27.882+0000] {processor.py:914} INFO - Processing file /usr/local/python/3.12.1/lib/python3.12/site-packages/airflow/example_dags/tutorial_dag.py for tasks to queue
[2026-05-18T01:30:27.884+0000] {logging_mixin.py:190} INFO - [2026-05-18T01:30:27.884+0000] {dagbag.py:588} INFO - Filling up the DagBag from /usr/local/python/3.12.1/lib/python3.12/site-packages/airflow/example_dags/tutorial_dag.py
[2026-05-18T01:30:27.890+0000] {processor.py:925} INFO - DAG(s) 'tutorial_dag' retrieved from /usr/local/python/3.12.1/lib/python3.12/site-packages/airflow/example_dags/tutorial_dag.py
[2026-05-18T01:30:27.903+0000] {logging_mixin.py:190} INFO - [2026-05-18T01:30:27.903+0000] {dag.py:3239} INFO - Sync 1 DAGs
[2026-05-18T01:30:27.913+0000] {logging_mixin.py:190} INFO - [2026-05-18T01:30:27.913+0000] {dag.py:4180} INFO - Setting next_dagrun for tutorial_dag to None, run_after=None
[2026-05-18T01:30:27.930+0000] {processor.py:208} INFO - Processing /usr/local/python/3.12.1/lib/python3.12/site-packages/airflow/example_dags/tutorial_dag.py took 0.053 seconds
[2026-05-18T01:31:18.408+0000] {processor.py:186} INFO - Started process (PID=25725) to work on /usr/local/python/3.12.1/lib/python3.12/site-packages/airflow/example_dags/tutorial_dag.py
[2026-05-18T01:31:18.408+0000] {processor.py:914} INFO - Processing file /usr/local/python/3.12.1/lib/python3.12/site-packages/airflow/example_dags/tutorial_dag.py for tasks to queue
[2026-05-18T01:31:18.410+0000] {logging_mixin.py:190} INFO - [2026-05-18T01:31:18.410+0000] {dagbag.py:588} INFO - Filling up the DagBag from /usr/local/python/3.12.1/lib/python3.12/site-packages/airflow/example_dags/tutorial_dag.py
[2026-05-18T01:31:18.416+0000] {processor.py:925} INFO - DAG(s) 'tutorial_dag' retrieved from /usr/local/python/3.12.1/lib/python3.12/site-packages/airflow/example_dags/tutorial_dag.py
[2026-05-18T01:31:18.429+0000] {logging_mixin.py:190} INFO - [2026-05-18T01:31:18.429+0000] {dag.py:3239} INFO - Sync 1 DAGs
[2026-05-18T01:31:18.438+0000] {logging_mixin.py:190} INFO - [2026-05-18T01:31:18.438+0000] {dag.py:4180} INFO - Setting next_dagrun for tutorial_dag to None, run_after=None
[2026-05-18T01:31:18.455+0000] {processor.py:208} INFO - Processing /usr/local/python/3.12.1/lib/python3.12/site-packages/airflow/example_dags/tutorial_dag.py took 0.051 seconds
[2026-05-18T01:32:07.709+0000] {processor.py:186} INFO - Started process (PID=26154) to work on /usr/local/python/3.12.1/lib/python3.12/site-packages/airflow/example_dags/tutorial_dag.py
[2026-05-18T01:32:07.709+0000] {processor.py:914} INFO - Processing file /usr/local/python/3.12.1/lib/python3.12/site-packages/airflow/example_dags/tutorial_dag.py for tasks to queue
[2026-05-18T01:32:07.712+0000] {logging_mixin.py:190} INFO - [2026-05-18T01:32:07.711+0000] {dagbag.py:588} INFO - Filling up the DagBag from /usr/local/python/3.12.1/lib/python3.12/site-packages/airflow/example_dags/tutorial_dag.py
[2026-05-18T01:32:07.717+0000] {processor.py:925} INFO - DAG(s) 'tutorial_dag' retrieved from /usr/local/python/3.12.1/lib/python3.12/site-packages/airflow/example_dags/tutorial_dag.py
[2026-05-18T01:32:07.730+0000] {logging_mixin.py:190} INFO - [2026-05-18T01:32:07.730+0000] {dag.py:3239} INFO - Sync 1 DAGs
[2026-05-18T01:32:07.739+0000] {logging_mixin.py:190} INFO - [2026-05-18T01:32:07.739+0000] {dag.py:4180} INFO - Setting next_dagrun for tutorial_dag to None, run_after=None
[2026-05-18T01:32:07.756+0000] {processor.py:208} INFO - Processing /usr/local/python/3.12.1/lib/python3.12/site-packages/airflow/example_dags/tutorial_dag.py took 0.052 seconds
[2026-05-18T01:32:56.835+0000] {processor.py:186} INFO - Started process (PID=26775) to work on /usr/local/python/3.12.1/lib/python3.12/site-packages/airflow/example_dags/tutorial_dag.py
[2026-05-18T01:32:56.835+0000] {processor.py:914} INFO - Processing file /usr/local/python/3.12.1/lib/python3.12/site-packages/airflow/example_dags/tutorial_dag.py for tasks to queue
[2026-05-18T01:32:56.837+0000] {logging_mixin.py:190} INFO - [2026-05-18T01:32:56.837+0000] {dagbag.py:588} INFO - Filling up the DagBag from /usr/local/python/3.12.1/lib/python3.12/site-packages/airflow/example_dags/tutorial_dag.py
[2026-05-18T01:32:56.845+0000] {processor.py:925} INFO - DAG(s) 'tutorial_dag' retrieved from /usr/local/python/3.12.1/lib/python3.12/site-packages/airflow/example_dags/tutorial_dag.py
[2026-05-18T01:32:56.859+0000] {logging_mixin.py:190} INFO - [2026-05-18T01:32:56.858+0000] {dag.py:3239} INFO - Sync 1 DAGs
[2026-05-18T01:32:56.869+0000] {logging_mixin.py:190} INFO - [2026-05-18T01:32:56.868+0000] {dag.py:4180} INFO - Setting next_dagrun for tutorial_dag to None, run_after=None
[2026-05-18T01:32:56.885+0000] {processor.py:208} INFO - Processing /usr/local/python/3.12.1/lib/python3.12/site-packages/airflow/example_dags/tutorial_dag.py took 0.055 seconds
[2026-05-18T01:33:47.101+0000] {processor.py:186} INFO - Started process (PID=27274) to work on /usr/local/python/3.12.1/lib/python3.12/site-packages/airflow/example_dags/tutorial_dag.py
[2026-05-18T01:33:47.102+0000] {processor.py:914} INFO - Processing file /usr/local/python/3.12.1/lib/python3.12/site-packages/airflow/example_dags/tutorial_dag.py for tasks to queue
[2026-05-18T01:33:47.104+0000] {logging_mixin.py:190} INFO - [2026-05-18T01:33:47.103+0000] {dagbag.py:588} INFO - Filling up the DagBag from /usr/local/python/3.12.1/lib/python3.12/site-packages/airflow/example_dags/tutorial_dag.py
[2026-05-18T01:33:47.110+0000] {processor.py:925} INFO - DAG(s) 'tutorial_dag' retrieved from /usr/local/python/3.12.1/lib/python3.12/site-packages/airflow/example_dags/tutorial_dag.py
[2026-05-18T01:33:47.123+0000] {logging_mixin.py:190} INFO - [2026-05-18T01:33:47.123+0000] {dag.py:3239} INFO - Sync 1 DAGs
[2026-05-18T01:33:47.133+0000] {logging_mixin.py:190} INFO - [2026-05-18T01:33:47.133+0000] {dag.py:4180} INFO - Setting next_dagrun for tutorial_dag to None, run_after=None
[2026-05-18T01:33:47.150+0000] {processor.py:208} INFO - Processing /usr/local/python/3.12.1/lib/python3.12/site-packages/airflow/example_dags/tutorial_dag.py took 0.054 seconds
[2026-05-18T01:34:39.817+0000] {processor.py:186} INFO - Started process (PID=27730) to work on /usr/local/python/3.12.1/lib/python3.12/site-packages/airflow/example_dags/tutorial_dag.py
[2026-05-18T01:34:39.818+0000] {processor.py:914} INFO - Processing file /usr/local/python/3.12.1/lib/python3.12/site-packages/airflow/example_dags/tutorial_dag.py for tasks to queue
[2026-05-18T01:34:39.820+0000] {logging_mixin.py:190} INFO - [2026-05-18T01:34:39.819+0000] {dagbag.py:588} INFO - Filling up the DagBag from /usr/local/python/3.12.1/lib/python3.12/site-packages/airflow/example_dags/tutorial_dag.py
[2026-05-18T01:34:39.826+0000] {processor.py:925} INFO - DAG(s) 'tutorial_dag' retrieved from /usr/local/python/3.12.1/lib/python3.12/site-packages/airflow/example_dags/tutorial_dag.py
[2026-05-18T01:34:39.839+0000] {logging_mixin.py:190} INFO - [2026-05-18T01:34:39.839+0000] {dag.py:3239} INFO - Sync 1 DAGs
[2026-05-18T01:34:39.848+0000] {logging_mixin.py:190} INFO - [2026-05-18T01:34:39.848+0000] {dag.py:4180} INFO - Setting next_dagrun for tutorial_dag to None, run_after=None
[2026-05-18T01:34:39.865+0000] {processor.py:208} INFO - Processing /usr/local/python/3.12.1/lib/python3.12/site-packages/airflow/example_dags/tutorial_dag.py took 0.052 seconds
[2026-05-18T01:35:37.965+0000] {processor.py:186} INFO - Started process (PID=28525) to work on /usr/local/python/3.12.1/lib/python3.12/site-packages/airflow/example_dags/tutorial_dag.py
[2026-05-18T01:35:37.966+0000] {processor.py:914} INFO - Processing file /usr/local/python/3.12.1/lib/python3.12/site-packages/airflow/example_dags/tutorial_dag.py for tasks to queue
[2026-05-18T01:35:37.969+0000] {logging_mixin.py:190} INFO - [2026-05-18T01:35:37.968+0000] {dagbag.py:588} INFO - Filling up the DagBag from /usr/local/python/3.12.1/lib/python3.12/site-packages/airflow/example_dags/tutorial_dag.py
[2026-05-18T01:35:37.977+0000] {processor.py:925} INFO - DAG(s) 'tutorial_dag' retrieved from /usr/local/python/3.12.1/lib/python3.12/site-packages/airflow/example_dags/tutorial_dag.py
[2026-05-18T01:35:37.993+0000] {logging_mixin.py:190} INFO - [2026-05-18T01:35:37.993+0000] {dag.py:3239} INFO - Sync 1 DAGs
[2026-05-18T01:35:38.002+0000] {logging_mixin.py:190} INFO - [2026-05-18T01:35:38.002+0000] {dag.py:4180} INFO - Setting next_dagrun for tutorial_dag to None, run_after=None
[2026-05-18T01:35:38.019+0000] {processor.py:208} INFO - Processing /usr/local/python/3.12.1/lib/python3.12/site-packages/airflow/example_dags/tutorial_dag.py took 0.063 seconds
[2026-05-18T01:36:31.250+0000] {processor.py:186} INFO - Started process (PID=29042) to work on /usr/local/python/3.12.1/lib/python3.12/site-packages/airflow/example_dags/tutorial_dag.py
[2026-05-18T01:36:31.251+0000] {processor.py:914} INFO - Processing file /usr/local/python/3.12.1/lib/python3.12/site-packages/airflow/example_dags/tutorial_dag.py for tasks to queue
[2026-05-18T01:36:31.252+0000] {logging_mixin.py:190} INFO - [2026-05-18T01:36:31.252+0000] {dagbag.py:588} INFO - Filling up the DagBag from /usr/local/python/3.12.1/lib/python3.12/site-packages/airflow/example_dags/tutorial_dag.py
[2026-05-18T01:36:31.259+0000] {processor.py:925} INFO - DAG(s) 'tutorial_dag' retrieved from /usr/local/python/3.12.1/lib/python3.12/site-packages/airflow/example_dags/tutorial_dag.py
[2026-05-18T01:36:31.271+0000] {logging_mixin.py:190} INFO - [2026-05-18T01:36:31.271+0000] {dag.py:3239} INFO - Sync 1 DAGs
[2026-05-18T01:36:31.281+0000] {logging_mixin.py:190} INFO - [2026-05-18T01:36:31.281+0000] {dag.py:4180} INFO - Setting next_dagrun for tutorial_dag to None, run_after=None
[2026-05-18T01:36:31.297+0000] {processor.py:208} INFO - Processing /usr/local/python/3.12.1/lib/python3.12/site-packages/airflow/example_dags/tutorial_dag.py took 0.051 seconds
[2026-05-18T01:37:21.062+0000] {processor.py:186} INFO - Started process (PID=29407) to work on /usr/local/python/3.12.1/lib/python3.12/site-packages/airflow/example_dags/tutorial_dag.py
[2026-05-18T01:37:21.063+0000] {processor.py:914} INFO - Processing file /usr/local/python/3.12.1/lib/python3.12/site-packages/airflow/example_dags/tutorial_dag.py for tasks to queue
[2026-05-18T01:37:21.065+0000] {logging_mixin.py:190} INFO - [2026-05-18T01:37:21.064+0000] {dagbag.py:588} INFO - Filling up the DagBag from /usr/local/python/3.12.1/lib/python3.12/site-packages/airflow/example_dags/tutorial_dag.py
[2026-05-18T01:37:21.071+0000] {processor.py:925} INFO - DAG(s) 'tutorial_dag' retrieved from /usr/local/python/3.12.1/lib/python3.12/site-packages/airflow/example_dags/tutorial_dag.py
[2026-05-18T01:37:21.083+0000] {logging_mixin.py:190} INFO - [2026-05-18T01:37:21.083+0000] {dag.py:3239} INFO - Sync 1 DAGs
[2026-05-18T01:37:21.093+0000] {logging_mixin.py:190} INFO - [2026-05-18T01:37:21.092+0000] {dag.py:4180} INFO - Setting next_dagrun for tutorial_dag to None, run_after=None
[2026-05-18T01:37:21.108+0000] {processor.py:208} INFO - Processing /usr/local/python/3.12.1/lib/python3.12/site-packages/airflow/example_dags/tutorial_dag.py took 0.051 seconds
[2026-05-18T01:38:07.670+0000] {processor.py:186} INFO - Started process (PID=29861) to work on /usr/local/python/3.12.1/lib/python3.12/site-packages/airflow/example_dags/tutorial_dag.py
[2026-05-18T01:38:07.671+0000] {processor.py:914} INFO - Processing file /usr/local/python/3.12.1/lib/python3.12/site-packages/airflow/example_dags/tutorial_dag.py for tasks to queue
[2026-05-18T01:38:07.673+0000] {logging_mixin.py:190} INFO - [2026-05-18T01:38:07.672+0000] {dagbag.py:588} INFO - Filling up the DagBag from /usr/local/python/3.12.1/lib/python3.12/site-packages/airflow/example_dags/tutorial_dag.py
[2026-05-18T01:38:07.678+0000] {processor.py:925} INFO - DAG(s) 'tutorial_dag' retrieved from /usr/local/python/3.12.1/lib/python3.12/site-packages/airflow/example_dags/tutorial_dag.py
[2026-05-18T01:38:07.690+0000] {logging_mixin.py:190} INFO - [2026-05-18T01:38:07.690+0000] {dag.py:3239} INFO - Sync 1 DAGs
[2026-05-18T01:38:07.700+0000] {logging_mixin.py:190} INFO - [2026-05-18T01:38:07.700+0000] {dag.py:4180} INFO - Setting next_dagrun for tutorial_dag to None, run_after=None
[2026-05-18T01:38:07.717+0000] {processor.py:208} INFO - Processing /usr/local/python/3.12.1/lib/python3.12/site-packages/airflow/example_dags/tutorial_dag.py took 0.052 seconds
[2026-05-18T01:38:55.505+0000] {processor.py:186} INFO - Started process (PID=30292) to work on /usr/local/python/3.12.1/lib/python3.12/site-packages/airflow/example_dags/tutorial_dag.py
[2026-05-18T01:38:55.506+0000] {processor.py:914} INFO - Processing file /usr/local/python/3.12.1/lib/python3.12/site-packages/airflow/example_dags/tutorial_dag.py for tasks to queue
[2026-05-18T01:38:55.508+0000] {logging_mixin.py:190} INFO - [2026-05-18T01:38:55.508+0000] {dagbag.py:588} INFO - Filling up the DagBag from /usr/local/python/3.12.1/lib/python3.12/site-packages/airflow/example_dags/tutorial_dag.py
[2026-05-18T01:38:55.514+0000] {processor.py:925} INFO - DAG(s) 'tutorial_dag' retrieved from /usr/local/python/3.12.1/lib/python3.12/site-packages/airflow/example_dags/tutorial_dag.py
[2026-05-18T01:38:55.527+0000] {logging_mixin.py:190} INFO - [2026-05-18T01:38:55.527+0000] {dag.py:3239} INFO - Sync 1 DAGs
[2026-05-18T01:38:55.536+0000] {logging_mixin.py:190} INFO - [2026-05-18T01:38:55.536+0000] {dag.py:4180} INFO - Setting next_dagrun for tutorial_dag to None, run_after=None
[2026-05-18T01:38:55.554+0000] {processor.py:208} INFO - Processing /usr/local/python/3.12.1/lib/python3.12/site-packages/airflow/example_dags/tutorial_dag.py took 0.053 seconds
[2026-05-18T01:39:42.085+0000] {processor.py:186} INFO - Started process (PID=30705) to work on /usr/local/python/3.12.1/lib/python3.12/site-packages/airflow/example_dags/tutorial_dag.py
[2026-05-18T01:39:42.086+0000] {processor.py:914} INFO - Processing file /usr/local/python/3.12.1/lib/python3.12/site-packages/airflow/example_dags/tutorial_dag.py for tasks to queue
[2026-05-18T01:39:42.088+0000] {logging_mixin.py:190} INFO - [2026-05-18T01:39:42.087+0000] {dagbag.py:588} INFO - Filling up the DagBag from /usr/local/python/3.12.1/lib/python3.12/site-packages/airflow/example_dags/tutorial_dag.py
[2026-05-18T01:39:42.094+0000] {processor.py:925} INFO - DAG(s) 'tutorial_dag' retrieved from /usr/local/python/3.12.1/lib/python3.12/site-packages/airflow/example_dags/tutorial_dag.py
[2026-05-18T01:39:42.106+0000] {logging_mixin.py:190} INFO - [2026-05-18T01:39:42.106+0000] {dag.py:3239} INFO - Sync 1 DAGs
[2026-05-18T01:39:42.117+0000] {logging_mixin.py:190} INFO - [2026-05-18T01:39:42.117+0000] {dag.py:4180} INFO - Setting next_dagrun for tutorial_dag to None, run_after=None
[2026-05-18T01:39:42.133+0000] {processor.py:208} INFO - Processing /usr/local/python/3.12.1/lib/python3.12/site-packages/airflow/example_dags/tutorial_dag.py took 0.052 seconds
[2026-05-18T01:40:28.551+0000] {processor.py:186} INFO - Started process (PID=31129) to work on /usr/local/python/3.12.1/lib/python3.12/site-packages/airflow/example_dags/tutorial_dag.py
[2026-05-18T01:40:28.552+0000] {processor.py:914} INFO - Processing file /usr/local/python/3.12.1/lib/python3.12/site-packages/airflow/example_dags/tutorial_dag.py for tasks to queue
[2026-05-18T01:40:28.553+0000] {logging_mixin.py:190} INFO - [2026-05-18T01:40:28.553+0000] {dagbag.py:588} INFO - Filling up the DagBag from /usr/local/python/3.12.1/lib/python3.12/site-packages/airflow/example_dags/tutorial_dag.py
[2026-05-18T01:40:28.560+0000] {processor.py:925} INFO - DAG(s) 'tutorial_dag' retrieved from /usr/local/python/3.12.1/lib/python3.12/site-packages/airflow/example_dags/tutorial_dag.py
[2026-05-18T01:40:28.573+0000] {logging_mixin.py:190} INFO - [2026-05-18T01:40:28.573+0000] {dag.py:3239} INFO - Sync 1 DAGs
[2026-05-18T01:40:28.583+0000] {logging_mixin.py:190} INFO - [2026-05-18T01:40:28.583+0000] {dag.py:4180} INFO - Setting next_dagrun for tutorial_dag to None, run_after=None
[2026-05-18T01:40:28.599+0000] {processor.py:208} INFO - Processing /usr/local/python/3.12.1/lib/python3.12/site-packages/airflow/example_dags/tutorial_dag.py took 0.053 seconds
[2026-05-18T01:41:24.664+0000] {processor.py:186} INFO - Started process (PID=31654) to work on /usr/local/python/3.12.1/lib/python3.12/site-packages/airflow/example_dags/tutorial_dag.py
[2026-05-18T01:41:24.664+0000] {processor.py:914} INFO - Processing file /usr/local/python/3.12.1/lib/python3.12/site-packages/airflow/example_dags/tutorial_dag.py for tasks to queue
[2026-05-18T01:41:24.666+0000] {logging_mixin.py:190} INFO - [2026-05-18T01:41:24.666+0000] {dagbag.py:588} INFO - Filling up the DagBag from /usr/local/python/3.12.1/lib/python3.12/site-packages/airflow/example_dags/tutorial_dag.py
[2026-05-18T01:41:24.673+0000] {processor.py:925} INFO - DAG(s) 'tutorial_dag' retrieved from /usr/local/python/3.12.1/lib/python3.12/site-packages/airflow/example_dags/tutorial_dag.py
[2026-05-18T01:41:24.685+0000] {logging_mixin.py:190} INFO - [2026-05-18T01:41:24.685+0000] {dag.py:3239} INFO - Sync 1 DAGs
[2026-05-18T01:41:24.695+0000] {logging_mixin.py:190} INFO - [2026-05-18T01:41:24.694+0000] {dag.py:4180} INFO - Setting next_dagrun for tutorial_dag to None, run_after=None
[2026-05-18T01:41:24.712+0000] {processor.py:208} INFO - Processing /usr/local/python/3.12.1/lib/python3.12/site-packages/airflow/example_dags/tutorial_dag.py took 0.053 seconds
[2026-05-18T01:42:15.659+0000] {processor.py:186} INFO - Started process (PID=32220) to work on /usr/local/python/3.12.1/lib/python3.12/site-packages/airflow/example_dags/tutorial_dag.py
[2026-05-18T01:42:15.660+0000] {processor.py:914} INFO - Processing file /usr/local/python/3.12.1/lib/python3.12/site-packages/airflow/example_dags/tutorial_dag.py for tasks to queue
[2026-05-18T01:42:15.662+0000] {logging_mixin.py:190} INFO - [2026-05-18T01:42:15.662+0000] {dagbag.py:588} INFO - Filling up the DagBag from /usr/local/python/3.12.1/lib/python3.12/site-packages/airflow/example_dags/tutorial_dag.py
[2026-05-18T01:42:15.669+0000] {processor.py:925} INFO - DAG(s) 'tutorial_dag' retrieved from /usr/local/python/3.12.1/lib/python3.12/site-packages/airflow/example_dags/tutorial_dag.py
[2026-05-18T01:42:15.682+0000] {logging_mixin.py:190} INFO - [2026-05-18T01:42:15.681+0000] {dag.py:3239} INFO - Sync 1 DAGs
[2026-05-18T01:42:15.691+0000] {logging_mixin.py:190} INFO - [2026-05-18T01:42:15.691+0000] {dag.py:4180} INFO - Setting next_dagrun for tutorial_dag to None, run_after=None
[2026-05-18T01:42:15.708+0000] {processor.py:208} INFO - Processing /usr/local/python/3.12.1/lib/python3.12/site-packages/airflow/example_dags/tutorial_dag.py took 0.053 seconds
[2026-05-18T01:43:05.342+0000] {processor.py:186} INFO - Started process (PID=32653) to work on /usr/local/python/3.12.1/lib/python3.12/site-packages/airflow/example_dags/tutorial_dag.py
[2026-05-18T01:43:05.343+0000] {processor.py:914} INFO - Processing file /usr/local/python/3.12.1/lib/python3.12/site-packages/airflow/example_dags/tutorial_dag.py for tasks to queue
[2026-05-18T01:43:05.345+0000] {logging_mixin.py:190} INFO - [2026-05-18T01:43:05.345+0000] {dagbag.py:588} INFO - Filling up the DagBag from /usr/local/python/3.12.1/lib/python3.12/site-packages/airflow/example_dags/tutorial_dag.py
[2026-05-18T01:43:05.351+0000] {processor.py:925} INFO - DAG(s) 'tutorial_dag' retrieved from /usr/local/python/3.12.1/lib/python3.12/site-packages/airflow/example_dags/tutorial_dag.py
[2026-05-18T01:43:05.364+0000] {logging_mixin.py:190} INFO - [2026-05-18T01:43:05.364+0000] {dag.py:3239} INFO - Sync 1 DAGs
[2026-05-18T01:43:05.374+0000] {logging_mixin.py:190} INFO - [2026-05-18T01:43:05.374+0000] {dag.py:4180} INFO - Setting next_dagrun for tutorial_dag to None, run_after=None
[2026-05-18T01:43:05.391+0000] {processor.py:208} INFO - Processing /usr/local/python/3.12.1/lib/python3.12/site-packages/airflow/example_dags/tutorial_dag.py took 0.053 seconds
[2026-05-18T01:44:23.336+0000] {processor.py:186} INFO - Started process (PID=33720) to work on /usr/local/python/3.12.1/lib/python3.12/site-packages/airflow/example_dags/tutorial_dag.py
[2026-05-18T01:44:23.336+0000] {processor.py:914} INFO - Processing file /usr/local/python/3.12.1/lib/python3.12/site-packages/airflow/example_dags/tutorial_dag.py for tasks to queue
[2026-05-18T01:44:23.338+0000] {logging_mixin.py:190} INFO - [2026-05-18T01:44:23.338+0000] {dagbag.py:588} INFO - Filling up the DagBag from /usr/local/python/3.12.1/lib/python3.12/site-packages/airflow/example_dags/tutorial_dag.py
[2026-05-18T01:44:23.344+0000] {processor.py:925} INFO - DAG(s) 'tutorial_dag' retrieved from /usr/local/python/3.12.1/lib/python3.12/site-packages/airflow/example_dags/tutorial_dag.py
[2026-05-18T01:44:23.358+0000] {logging_mixin.py:190} INFO - [2026-05-18T01:44:23.358+0000] {dag.py:3239} INFO - Sync 1 DAGs
[2026-05-18T01:44:23.368+0000] {logging_mixin.py:190} INFO - [2026-05-18T01:44:23.368+0000] {dag.py:4180} INFO - Setting next_dagrun for tutorial_dag to None, run_after=None
[2026-05-18T01:44:23.391+0000] {processor.py:208} INFO - Processing /usr/local/python/3.12.1/lib/python3.12/site-packages/airflow/example_dags/tutorial_dag.py took 0.060 seconds
[2026-05-18T01:45:16.632+0000] {processor.py:186} INFO - Started process (PID=34325) to work on /usr/local/python/3.12.1/lib/python3.12/site-packages/airflow/example_dags/tutorial_dag.py
[2026-05-18T01:45:16.633+0000] {processor.py:914} INFO - Processing file /usr/local/python/3.12.1/lib/python3.12/site-packages/airflow/example_dags/tutorial_dag.py for tasks to queue
[2026-05-18T01:45:16.634+0000] {logging_mixin.py:190} INFO - [2026-05-18T01:45:16.634+0000] {dagbag.py:588} INFO - Filling up the DagBag from /usr/local/python/3.12.1/lib/python3.12/site-packages/airflow/example_dags/tutorial_dag.py
[2026-05-18T01:45:16.641+0000] {processor.py:925} INFO - DAG(s) 'tutorial_dag' retrieved from /usr/local/python/3.12.1/lib/python3.12/site-packages/airflow/example_dags/tutorial_dag.py
[2026-05-18T01:45:16.654+0000] {logging_mixin.py:190} INFO - [2026-05-18T01:45:16.654+0000] {dag.py:3239} INFO - Sync 1 DAGs
[2026-05-18T01:45:16.664+0000] {logging_mixin.py:190} INFO - [2026-05-18T01:45:16.664+0000] {dag.py:4180} INFO - Setting next_dagrun for tutorial_dag to None, run_after=None
[2026-05-18T01:45:16.681+0000] {processor.py:208} INFO - Processing /usr/local/python/3.12.1/lib/python3.12/site-packages/airflow/example_dags/tutorial_dag.py took 0.054 seconds
[2026-05-18T01:46:07.445+0000] {processor.py:186} INFO - Started process (PID=35059) to work on /usr/local/python/3.12.1/lib/python3.12/site-packages/airflow/example_dags/tutorial_dag.py
[2026-05-18T01:46:07.446+0000] {processor.py:914} INFO - Processing file /usr/local/python/3.12.1/lib/python3.12/site-packages/airflow/example_dags/tutorial_dag.py for tasks to queue
[2026-05-18T01:46:07.448+0000] {logging_mixin.py:190} INFO - [2026-05-18T01:46:07.448+0000] {dagbag.py:588} INFO - Filling up the DagBag from /usr/local/python/3.12.1/lib/python3.12/site-packages/airflow/example_dags/tutorial_dag.py
[2026-05-18T01:46:07.460+0000] {processor.py:925} INFO - DAG(s) 'tutorial_dag' retrieved from /usr/local/python/3.12.1/lib/python3.12/site-packages/airflow/example_dags/tutorial_dag.py
[2026-05-18T01:46:07.486+0000] {logging_mixin.py:190} INFO - [2026-05-18T01:46:07.486+0000] {dag.py:3239} INFO - Sync 1 DAGs
[2026-05-18T01:46:07.507+0000] {logging_mixin.py:190} INFO - [2026-05-18T01:46:07.506+0000] {dag.py:4180} INFO - Setting next_dagrun for tutorial_dag to None, run_after=None
[2026-05-18T01:46:07.536+0000] {processor.py:208} INFO - Processing /usr/local/python/3.12.1/lib/python3.12/site-packages/airflow/example_dags/tutorial_dag.py took 0.101 seconds
[2026-05-18T01:46:56.377+0000] {processor.py:186} INFO - Started process (PID=35475) to work on /usr/local/python/3.12.1/lib/python3.12/site-packages/airflow/example_dags/tutorial_dag.py
[2026-05-18T01:46:56.378+0000] {processor.py:914} INFO - Processing file /usr/local/python/3.12.1/lib/python3.12/site-packages/airflow/example_dags/tutorial_dag.py for tasks to queue
[2026-05-18T01:46:56.384+0000] {logging_mixin.py:190} INFO - [2026-05-18T01:46:56.383+0000] {dagbag.py:588} INFO - Filling up the DagBag from /usr/local/python/3.12.1/lib/python3.12/site-packages/airflow/example_dags/tutorial_dag.py
[2026-05-18T01:46:56.395+0000] {processor.py:925} INFO - DAG(s) 'tutorial_dag' retrieved from /usr/local/python/3.12.1/lib/python3.12/site-packages/airflow/example_dags/tutorial_dag.py
[2026-05-18T01:46:56.410+0000] {logging_mixin.py:190} INFO - [2026-05-18T01:46:56.410+0000] {dag.py:3239} INFO - Sync 1 DAGs
[2026-05-18T01:46:56.421+0000] {logging_mixin.py:190} INFO - [2026-05-18T01:46:56.421+0000] {dag.py:4180} INFO - Setting next_dagrun for tutorial_dag to None, run_after=None
[2026-05-18T01:46:56.442+0000] {processor.py:208} INFO - Processing /usr/local/python/3.12.1/lib/python3.12/site-packages/airflow/example_dags/tutorial_dag.py took 0.078 seconds
[2026-05-18T01:47:52.023+0000] {processor.py:186} INFO - Started process (PID=36046) to work on /usr/local/python/3.12.1/lib/python3.12/site-packages/airflow/example_dags/tutorial_dag.py
[2026-05-18T01:47:52.055+0000] {processor.py:914} INFO - Processing file /usr/local/python/3.12.1/lib/python3.12/site-packages/airflow/example_dags/tutorial_dag.py for tasks to queue
[2026-05-18T01:47:52.058+0000] {logging_mixin.py:190} INFO - [2026-05-18T01:47:52.057+0000] {dagbag.py:588} INFO - Filling up the DagBag from /usr/local/python/3.12.1/lib/python3.12/site-packages/airflow/example_dags/tutorial_dag.py
[2026-05-18T01:47:52.068+0000] {processor.py:925} INFO - DAG(s) 'tutorial_dag' retrieved from /usr/local/python/3.12.1/lib/python3.12/site-packages/airflow/example_dags/tutorial_dag.py
[2026-05-18T01:47:52.090+0000] {logging_mixin.py:190} INFO - [2026-05-18T01:47:52.090+0000] {dag.py:3239} INFO - Sync 1 DAGs
[2026-05-18T01:47:52.114+0000] {logging_mixin.py:190} INFO - [2026-05-18T01:47:52.113+0000] {dag.py:4180} INFO - Setting next_dagrun for tutorial_dag to None, run_after=None
[2026-05-18T01:47:52.227+0000] {processor.py:208} INFO - Processing /usr/local/python/3.12.1/lib/python3.12/site-packages/airflow/example_dags/tutorial_dag.py took 0.210 seconds
[2026-05-18T01:48:46.895+0000] {processor.py:186} INFO - Started process (PID=36979) to work on /usr/local/python/3.12.1/lib/python3.12/site-packages/airflow/example_dags/tutorial_dag.py
[2026-05-18T01:48:46.896+0000] {processor.py:914} INFO - Processing file /usr/local/python/3.12.1/lib/python3.12/site-packages/airflow/example_dags/tutorial_dag.py for tasks to queue
[2026-05-18T01:48:46.898+0000] {logging_mixin.py:190} INFO - [2026-05-18T01:48:46.898+0000] {dagbag.py:588} INFO - Filling up the DagBag from /usr/local/python/3.12.1/lib/python3.12/site-packages/airflow/example_dags/tutorial_dag.py
[2026-05-18T01:48:46.905+0000] {processor.py:925} INFO - DAG(s) 'tutorial_dag' retrieved from /usr/local/python/3.12.1/lib/python3.12/site-packages/airflow/example_dags/tutorial_dag.py
[2026-05-18T01:48:46.918+0000] {logging_mixin.py:190} INFO - [2026-05-18T01:48:46.918+0000] {dag.py:3239} INFO - Sync 1 DAGs
[2026-05-18T01:48:46.928+0000] {logging_mixin.py:190} INFO - [2026-05-18T01:48:46.928+0000] {dag.py:4180} INFO - Setting next_dagrun for tutorial_dag to None, run_after=None
[2026-05-18T01:48:46.946+0000] {processor.py:208} INFO - Processing /usr/local/python/3.12.1/lib/python3.12/site-packages/airflow/example_dags/tutorial_dag.py took 0.056 seconds
[2026-05-18T01:49:38.630+0000] {processor.py:186} INFO - Started process (PID=37570) to work on /usr/local/python/3.12.1/lib/python3.12/site-packages/airflow/example_dags/tutorial_dag.py
[2026-05-18T01:49:38.630+0000] {processor.py:914} INFO - Processing file /usr/local/python/3.12.1/lib/python3.12/site-packages/airflow/example_dags/tutorial_dag.py for tasks to queue
[2026-05-18T01:49:38.633+0000] {logging_mixin.py:190} INFO - [2026-05-18T01:49:38.632+0000] {dagbag.py:588} INFO - Filling up the DagBag from /usr/local/python/3.12.1/lib/python3.12/site-packages/airflow/example_dags/tutorial_dag.py
[2026-05-18T01:49:38.638+0000] {processor.py:925} INFO - DAG(s) 'tutorial_dag' retrieved from /usr/local/python/3.12.1/lib/python3.12/site-packages/airflow/example_dags/tutorial_dag.py
[2026-05-18T01:49:38.651+0000] {logging_mixin.py:190} INFO - [2026-05-18T01:49:38.651+0000] {dag.py:3239} INFO - Sync 1 DAGs
[2026-05-18T01:49:38.660+0000] {logging_mixin.py:190} INFO - [2026-05-18T01:49:38.660+0000] {dag.py:4180} INFO - Setting next_dagrun for tutorial_dag to None, run_after=None
[2026-05-18T01:49:38.677+0000] {processor.py:208} INFO - Processing /usr/local/python/3.12.1/lib/python3.12/site-packages/airflow/example_dags/tutorial_dag.py took 0.051 seconds
[2026-05-18T01:50:29.576+0000] {processor.py:186} INFO - Started process (PID=38285) to work on /usr/local/python/3.12.1/lib/python3.12/site-packages/airflow/example_dags/tutorial_dag.py
[2026-05-18T01:50:29.577+0000] {processor.py:914} INFO - Processing file /usr/local/python/3.12.1/lib/python3.12/site-packages/airflow/example_dags/tutorial_dag.py for tasks to queue
[2026-05-18T01:50:29.579+0000] {logging_mixin.py:190} INFO - [2026-05-18T01:50:29.579+0000] {dagbag.py:588} INFO - Filling up the DagBag from /usr/local/python/3.12.1/lib/python3.12/site-packages/airflow/example_dags/tutorial_dag.py
[2026-05-18T01:50:29.585+0000] {processor.py:925} INFO - DAG(s) 'tutorial_dag' retrieved from /usr/local/python/3.12.1/lib/python3.12/site-packages/airflow/example_dags/tutorial_dag.py
[2026-05-18T01:50:29.599+0000] {logging_mixin.py:190} INFO - [2026-05-18T01:50:29.599+0000] {dag.py:3239} INFO - Sync 1 DAGs
[2026-05-18T01:50:29.609+0000] {logging_mixin.py:190} INFO - [2026-05-18T01:50:29.609+0000] {dag.py:4180} INFO - Setting next_dagrun for tutorial_dag to None, run_after=None
[2026-05-18T01:50:29.628+0000] {processor.py:208} INFO - Processing /usr/local/python/3.12.1/lib/python3.12/site-packages/airflow/example_dags/tutorial_dag.py took 0.057 seconds
[2026-05-18T01:51:23.454+0000] {processor.py:186} INFO - Started process (PID=38821) to work on /usr/local/python/3.12.1/lib/python3.12/site-packages/airflow/example_dags/tutorial_dag.py
[2026-05-18T01:51:23.454+0000] {processor.py:914} INFO - Processing file /usr/local/python/3.12.1/lib/python3.12/site-packages/airflow/example_dags/tutorial_dag.py for tasks to queue
[2026-05-18T01:51:23.456+0000] {logging_mixin.py:190} INFO - [2026-05-18T01:51:23.456+0000] {dagbag.py:588} INFO - Filling up the DagBag from /usr/local/python/3.12.1/lib/python3.12/site-packages/airflow/example_dags/tutorial_dag.py
[2026-05-18T01:51:23.463+0000] {processor.py:925} INFO - DAG(s) 'tutorial_dag' retrieved from /usr/local/python/3.12.1/lib/python3.12/site-packages/airflow/example_dags/tutorial_dag.py
[2026-05-18T01:51:23.479+0000] {logging_mixin.py:190} INFO - [2026-05-18T01:51:23.479+0000] {dag.py:3239} INFO - Sync 1 DAGs
[2026-05-18T01:51:23.490+0000] {logging_mixin.py:190} INFO - [2026-05-18T01:51:23.489+0000] {dag.py:4180} INFO - Setting next_dagrun for tutorial_dag to None, run_after=None
[2026-05-18T01:51:23.507+0000] {processor.py:208} INFO - Processing /usr/local/python/3.12.1/lib/python3.12/site-packages/airflow/example_dags/tutorial_dag.py took 0.058 seconds
[2026-05-18T01:52:14.792+0000] {processor.py:186} INFO - Started process (PID=39273) to work on /usr/local/python/3.12.1/lib/python3.12/site-packages/airflow/example_dags/tutorial_dag.py
[2026-05-18T01:52:14.793+0000] {processor.py:914} INFO - Processing file /usr/local/python/3.12.1/lib/python3.12/site-packages/airflow/example_dags/tutorial_dag.py for tasks to queue
[2026-05-18T01:52:14.796+0000] {logging_mixin.py:190} INFO - [2026-05-18T01:52:14.795+0000] {dagbag.py:588} INFO - Filling up the DagBag from /usr/local/python/3.12.1/lib/python3.12/site-packages/airflow/example_dags/tutorial_dag.py
[2026-05-18T01:52:14.803+0000] {processor.py:925} INFO - DAG(s) 'tutorial_dag' retrieved from /usr/local/python/3.12.1/lib/python3.12/site-packages/airflow/example_dags/tutorial_dag.py
[2026-05-18T01:52:14.815+0000] {logging_mixin.py:190} INFO - [2026-05-18T01:52:14.815+0000] {dag.py:3239} INFO - Sync 1 DAGs
[2026-05-18T01:52:14.826+0000] {logging_mixin.py:190} INFO - [2026-05-18T01:52:14.825+0000] {dag.py:4180} INFO - Setting next_dagrun for tutorial_dag to None, run_after=None
[2026-05-18T01:52:14.844+0000] {processor.py:208} INFO - Processing /usr/local/python/3.12.1/lib/python3.12/site-packages/airflow/example_dags/tutorial_dag.py took 0.058 seconds
[2026-05-18T01:53:06.804+0000] {processor.py:186} INFO - Started process (PID=39666) to work on /usr/local/python/3.12.1/lib/python3.12/site-packages/airflow/example_dags/tutorial_dag.py
[2026-05-18T01:53:06.805+0000] {processor.py:914} INFO - Processing file /usr/local/python/3.12.1/lib/python3.12/site-packages/airflow/example_dags/tutorial_dag.py for tasks to queue
[2026-05-18T01:53:06.807+0000] {logging_mixin.py:190} INFO - [2026-05-18T01:53:06.806+0000] {dagbag.py:588} INFO - Filling up the DagBag from /usr/local/python/3.12.1/lib/python3.12/site-packages/airflow/example_dags/tutorial_dag.py
[2026-05-18T01:53:06.813+0000] {processor.py:925} INFO - DAG(s) 'tutorial_dag' retrieved from /usr/local/python/3.12.1/lib/python3.12/site-packages/airflow/example_dags/tutorial_dag.py
[2026-05-18T01:53:06.826+0000] {logging_mixin.py:190} INFO - [2026-05-18T01:53:06.826+0000] {dag.py:3239} INFO - Sync 1 DAGs
[2026-05-18T01:53:06.835+0000] {logging_mixin.py:190} INFO - [2026-05-18T01:53:06.835+0000] {dag.py:4180} INFO - Setting next_dagrun for tutorial_dag to None, run_after=None
[2026-05-18T01:53:06.852+0000] {processor.py:208} INFO - Processing /usr/local/python/3.12.1/lib/python3.12/site-packages/airflow/example_dags/tutorial_dag.py took 0.052 seconds
[2026-05-18T01:53:56.409+0000] {processor.py:186} INFO - Started process (PID=40106) to work on /usr/local/python/3.12.1/lib/python3.12/site-packages/airflow/example_dags/tutorial_dag.py
[2026-05-18T01:53:56.410+0000] {processor.py:914} INFO - Processing file /usr/local/python/3.12.1/lib/python3.12/site-packages/airflow/example_dags/tutorial_dag.py for tasks to queue
[2026-05-18T01:53:56.412+0000] {logging_mixin.py:190} INFO - [2026-05-18T01:53:56.411+0000] {dagbag.py:588} INFO - Filling up the DagBag from /usr/local/python/3.12.1/lib/python3.12/site-packages/airflow/example_dags/tutorial_dag.py
[2026-05-18T01:53:56.418+0000] {processor.py:925} INFO - DAG(s) 'tutorial_dag' retrieved from /usr/local/python/3.12.1/lib/python3.12/site-packages/airflow/example_dags/tutorial_dag.py
[2026-05-18T01:53:56.430+0000] {logging_mixin.py:190} INFO - [2026-05-18T01:53:56.430+0000] {dag.py:3239} INFO - Sync 1 DAGs
[2026-05-18T01:53:56.440+0000] {logging_mixin.py:190} INFO - [2026-05-18T01:53:56.439+0000] {dag.py:4180} INFO - Setting next_dagrun for tutorial_dag to None, run_after=None
[2026-05-18T01:53:56.457+0000] {processor.py:208} INFO - Processing /usr/local/python/3.12.1/lib/python3.12/site-packages/airflow/example_dags/tutorial_dag.py took 0.052 seconds
[2026-05-18T01:54:43.936+0000] {processor.py:186} INFO - Started process (PID=40576) to work on /usr/local/python/3.12.1/lib/python3.12/site-packages/airflow/example_dags/tutorial_dag.py
[2026-05-18T01:54:43.937+0000] {processor.py:914} INFO - Processing file /usr/local/python/3.12.1/lib/python3.12/site-packages/airflow/example_dags/tutorial_dag.py for tasks to queue
[2026-05-18T01:54:43.939+0000] {logging_mixin.py:190} INFO - [2026-05-18T01:54:43.939+0000] {dagbag.py:588} INFO - Filling up the DagBag from /usr/local/python/3.12.1/lib/python3.12/site-packages/airflow/example_dags/tutorial_dag.py
[2026-05-18T01:54:43.945+0000] {processor.py:925} INFO - DAG(s) 'tutorial_dag' retrieved from /usr/local/python/3.12.1/lib/python3.12/site-packages/airflow/example_dags/tutorial_dag.py
[2026-05-18T01:54:43.957+0000] {logging_mixin.py:190} INFO - [2026-05-18T01:54:43.957+0000] {dag.py:3239} INFO - Sync 1 DAGs
[2026-05-18T01:54:43.968+0000] {logging_mixin.py:190} INFO - [2026-05-18T01:54:43.968+0000] {dag.py:4180} INFO - Setting next_dagrun for tutorial_dag to None, run_after=None
[2026-05-18T01:54:43.985+0000] {processor.py:208} INFO - Processing /usr/local/python/3.12.1/lib/python3.12/site-packages/airflow/example_dags/tutorial_dag.py took 0.053 seconds
[2026-05-18T13:41:00.550+0000] {processor.py:186} INFO - Started process (PID=4996) to work on /usr/local/python/3.12.1/lib/python3.12/site-packages/airflow/example_dags/tutorial_dag.py
[2026-05-18T13:41:00.551+0000] {processor.py:914} INFO - Processing file /usr/local/python/3.12.1/lib/python3.12/site-packages/airflow/example_dags/tutorial_dag.py for tasks to queue
[2026-05-18T13:41:00.554+0000] {logging_mixin.py:190} INFO - [2026-05-18T13:41:00.554+0000] {dagbag.py:588} INFO - Filling up the DagBag from /usr/local/python/3.12.1/lib/python3.12/site-packages/airflow/example_dags/tutorial_dag.py
[2026-05-18T13:41:00.561+0000] {processor.py:925} INFO - DAG(s) 'tutorial_dag' retrieved from /usr/local/python/3.12.1/lib/python3.12/site-packages/airflow/example_dags/tutorial_dag.py
[2026-05-18T13:41:00.575+0000] {logging_mixin.py:190} INFO - [2026-05-18T13:41:00.575+0000] {dag.py:3239} INFO - Sync 1 DAGs
[2026-05-18T13:41:00.586+0000] {logging_mixin.py:190} INFO - [2026-05-18T13:41:00.585+0000] {dag.py:4180} INFO - Setting next_dagrun for tutorial_dag to None, run_after=None
[2026-05-18T13:41:00.605+0000] {processor.py:208} INFO - Processing /usr/local/python/3.12.1/lib/python3.12/site-packages/airflow/example_dags/tutorial_dag.py took 0.061 seconds
[2026-05-18T13:41:56.117+0000] {processor.py:186} INFO - Started process (PID=5581) to work on /usr/local/python/3.12.1/lib/python3.12/site-packages/airflow/example_dags/tutorial_dag.py
[2026-05-18T13:41:56.118+0000] {processor.py:914} INFO - Processing file /usr/local/python/3.12.1/lib/python3.12/site-packages/airflow/example_dags/tutorial_dag.py for tasks to queue
[2026-05-18T13:41:56.121+0000] {logging_mixin.py:190} INFO - [2026-05-18T13:41:56.121+0000] {dagbag.py:588} INFO - Filling up the DagBag from /usr/local/python/3.12.1/lib/python3.12/site-packages/airflow/example_dags/tutorial_dag.py
[2026-05-18T13:41:56.130+0000] {processor.py:925} INFO - DAG(s) 'tutorial_dag' retrieved from /usr/local/python/3.12.1/lib/python3.12/site-packages/airflow/example_dags/tutorial_dag.py
[2026-05-18T13:41:56.150+0000] {logging_mixin.py:190} INFO - [2026-05-18T13:41:56.150+0000] {dag.py:3239} INFO - Sync 1 DAGs
[2026-05-18T13:41:56.160+0000] {logging_mixin.py:190} INFO - [2026-05-18T13:41:56.160+0000] {dag.py:4180} INFO - Setting next_dagrun for tutorial_dag to None, run_after=None
[2026-05-18T13:41:56.176+0000] {processor.py:208} INFO - Processing /usr/local/python/3.12.1/lib/python3.12/site-packages/airflow/example_dags/tutorial_dag.py took 0.065 seconds
[2026-05-18T13:42:45.544+0000] {processor.py:186} INFO - Started process (PID=6094) to work on /usr/local/python/3.12.1/lib/python3.12/site-packages/airflow/example_dags/tutorial_dag.py
[2026-05-18T13:42:45.545+0000] {processor.py:914} INFO - Processing file /usr/local/python/3.12.1/lib/python3.12/site-packages/airflow/example_dags/tutorial_dag.py for tasks to queue
[2026-05-18T13:42:45.547+0000] {logging_mixin.py:190} INFO - [2026-05-18T13:42:45.546+0000] {dagbag.py:588} INFO - Filling up the DagBag from /usr/local/python/3.12.1/lib/python3.12/site-packages/airflow/example_dags/tutorial_dag.py
[2026-05-18T13:42:45.553+0000] {processor.py:925} INFO - DAG(s) 'tutorial_dag' retrieved from /usr/local/python/3.12.1/lib/python3.12/site-packages/airflow/example_dags/tutorial_dag.py
[2026-05-18T13:42:45.566+0000] {logging_mixin.py:190} INFO - [2026-05-18T13:42:45.565+0000] {dag.py:3239} INFO - Sync 1 DAGs
[2026-05-18T13:42:45.575+0000] {logging_mixin.py:190} INFO - [2026-05-18T13:42:45.575+0000] {dag.py:4180} INFO - Setting next_dagrun for tutorial_dag to None, run_after=None
[2026-05-18T13:42:45.592+0000] {processor.py:208} INFO - Processing /usr/local/python/3.12.1/lib/python3.12/site-packages/airflow/example_dags/tutorial_dag.py took 0.052 seconds
[2026-05-18T13:43:35.264+0000] {processor.py:186} INFO - Started process (PID=6544) to work on /usr/local/python/3.12.1/lib/python3.12/site-packages/airflow/example_dags/tutorial_dag.py
[2026-05-18T13:43:35.264+0000] {processor.py:914} INFO - Processing file /usr/local/python/3.12.1/lib/python3.12/site-packages/airflow/example_dags/tutorial_dag.py for tasks to queue
[2026-05-18T13:43:35.266+0000] {logging_mixin.py:190} INFO - [2026-05-18T13:43:35.266+0000] {dagbag.py:588} INFO - Filling up the DagBag from /usr/local/python/3.12.1/lib/python3.12/site-packages/airflow/example_dags/tutorial_dag.py
[2026-05-18T13:43:35.272+0000] {processor.py:925} INFO - DAG(s) 'tutorial_dag' retrieved from /usr/local/python/3.12.1/lib/python3.12/site-packages/airflow/example_dags/tutorial_dag.py
[2026-05-18T13:43:35.283+0000] {logging_mixin.py:190} INFO - [2026-05-18T13:43:35.283+0000] {dag.py:3239} INFO - Sync 1 DAGs
[2026-05-18T13:43:35.294+0000] {logging_mixin.py:190} INFO - [2026-05-18T13:43:35.294+0000] {dag.py:4180} INFO - Setting next_dagrun for tutorial_dag to None, run_after=None
[2026-05-18T13:43:35.312+0000] {processor.py:208} INFO - Processing /usr/local/python/3.12.1/lib/python3.12/site-packages/airflow/example_dags/tutorial_dag.py took 0.053 seconds
[2026-05-18T13:44:23.122+0000] {processor.py:186} INFO - Started process (PID=7074) to work on /usr/local/python/3.12.1/lib/python3.12/site-packages/airflow/example_dags/tutorial_dag.py
[2026-05-18T13:44:23.123+0000] {processor.py:914} INFO - Processing file /usr/local/python/3.12.1/lib/python3.12/site-packages/airflow/example_dags/tutorial_dag.py for tasks to queue
[2026-05-18T13:44:23.125+0000] {logging_mixin.py:190} INFO - [2026-05-18T13:44:23.124+0000] {dagbag.py:588} INFO - Filling up the DagBag from /usr/local/python/3.12.1/lib/python3.12/site-packages/airflow/example_dags/tutorial_dag.py
[2026-05-18T13:44:23.130+0000] {processor.py:925} INFO - DAG(s) 'tutorial_dag' retrieved from /usr/local/python/3.12.1/lib/python3.12/site-packages/airflow/example_dags/tutorial_dag.py
[2026-05-18T13:44:23.143+0000] {logging_mixin.py:190} INFO - [2026-05-18T13:44:23.143+0000] {dag.py:3239} INFO - Sync 1 DAGs
[2026-05-18T13:44:23.156+0000] {logging_mixin.py:190} INFO - [2026-05-18T13:44:23.156+0000] {dag.py:4180} INFO - Setting next_dagrun for tutorial_dag to None, run_after=None
[2026-05-18T13:44:23.173+0000] {processor.py:208} INFO - Processing /usr/local/python/3.12.1/lib/python3.12/site-packages/airflow/example_dags/tutorial_dag.py took 0.056 seconds
[2026-05-18T13:45:14.413+0000] {processor.py:186} INFO - Started process (PID=7577) to work on /usr/local/python/3.12.1/lib/python3.12/site-packages/airflow/example_dags/tutorial_dag.py
[2026-05-18T13:45:14.414+0000] {processor.py:914} INFO - Processing file /usr/local/python/3.12.1/lib/python3.12/site-packages/airflow/example_dags/tutorial_dag.py for tasks to queue
[2026-05-18T13:45:14.416+0000] {logging_mixin.py:190} INFO - [2026-05-18T13:45:14.415+0000] {dagbag.py:588} INFO - Filling up the DagBag from /usr/local/python/3.12.1/lib/python3.12/site-packages/airflow/example_dags/tutorial_dag.py
[2026-05-18T13:45:14.421+0000] {processor.py:925} INFO - DAG(s) 'tutorial_dag' retrieved from /usr/local/python/3.12.1/lib/python3.12/site-packages/airflow/example_dags/tutorial_dag.py
[2026-05-18T13:45:14.432+0000] {logging_mixin.py:190} INFO - [2026-05-18T13:45:14.432+0000] {dag.py:3239} INFO - Sync 1 DAGs
[2026-05-18T13:45:14.442+0000] {logging_mixin.py:190} INFO - [2026-05-18T13:45:14.442+0000] {dag.py:4180} INFO - Setting next_dagrun for tutorial_dag to None, run_after=None
[2026-05-18T13:45:14.459+0000] {processor.py:208} INFO - Processing /usr/local/python/3.12.1/lib/python3.12/site-packages/airflow/example_dags/tutorial_dag.py took 0.049 seconds
[2026-05-18T13:46:04.887+0000] {processor.py:186} INFO - Started process (PID=8141) to work on /usr/local/python/3.12.1/lib/python3.12/site-packages/airflow/example_dags/tutorial_dag.py
[2026-05-18T13:46:04.887+0000] {processor.py:914} INFO - Processing file /usr/local/python/3.12.1/lib/python3.12/site-packages/airflow/example_dags/tutorial_dag.py for tasks to queue
[2026-05-18T13:46:04.889+0000] {logging_mixin.py:190} INFO - [2026-05-18T13:46:04.889+0000] {dagbag.py:588} INFO - Filling up the DagBag from /usr/local/python/3.12.1/lib/python3.12/site-packages/airflow/example_dags/tutorial_dag.py
[2026-05-18T13:46:04.895+0000] {processor.py:925} INFO - DAG(s) 'tutorial_dag' retrieved from /usr/local/python/3.12.1/lib/python3.12/site-packages/airflow/example_dags/tutorial_dag.py
[2026-05-18T13:46:04.908+0000] {logging_mixin.py:190} INFO - [2026-05-18T13:46:04.907+0000] {dag.py:3239} INFO - Sync 1 DAGs
[2026-05-18T13:46:04.918+0000] {logging_mixin.py:190} INFO - [2026-05-18T13:46:04.918+0000] {dag.py:4180} INFO - Setting next_dagrun for tutorial_dag to None, run_after=None
[2026-05-18T13:46:04.935+0000] {processor.py:208} INFO - Processing /usr/local/python/3.12.1/lib/python3.12/site-packages/airflow/example_dags/tutorial_dag.py took 0.053 seconds
[2026-05-18T13:46:57.069+0000] {processor.py:186} INFO - Started process (PID=8601) to work on /usr/local/python/3.12.1/lib/python3.12/site-packages/airflow/example_dags/tutorial_dag.py
[2026-05-18T13:46:57.070+0000] {processor.py:914} INFO - Processing file /usr/local/python/3.12.1/lib/python3.12/site-packages/airflow/example_dags/tutorial_dag.py for tasks to queue
[2026-05-18T13:46:57.072+0000] {logging_mixin.py:190} INFO - [2026-05-18T13:46:57.071+0000] {dagbag.py:588} INFO - Filling up the DagBag from /usr/local/python/3.12.1/lib/python3.12/site-packages/airflow/example_dags/tutorial_dag.py
[2026-05-18T13:46:57.077+0000] {processor.py:925} INFO - DAG(s) 'tutorial_dag' retrieved from /usr/local/python/3.12.1/lib/python3.12/site-packages/airflow/example_dags/tutorial_dag.py
[2026-05-18T13:46:57.088+0000] {logging_mixin.py:190} INFO - [2026-05-18T13:46:57.088+0000] {dag.py:3239} INFO - Sync 1 DAGs
[2026-05-18T13:46:57.097+0000] {logging_mixin.py:190} INFO - [2026-05-18T13:46:57.097+0000] {dag.py:4180} INFO - Setting next_dagrun for tutorial_dag to None, run_after=None
[2026-05-18T13:46:57.113+0000] {processor.py:208} INFO - Processing /usr/local/python/3.12.1/lib/python3.12/site-packages/airflow/example_dags/tutorial_dag.py took 0.048 seconds
[2026-05-18T13:47:46.377+0000] {processor.py:186} INFO - Started process (PID=8976) to work on /usr/local/python/3.12.1/lib/python3.12/site-packages/airflow/example_dags/tutorial_dag.py
[2026-05-18T13:47:46.378+0000] {processor.py:914} INFO - Processing file /usr/local/python/3.12.1/lib/python3.12/site-packages/airflow/example_dags/tutorial_dag.py for tasks to queue
[2026-05-18T13:47:46.380+0000] {logging_mixin.py:190} INFO - [2026-05-18T13:47:46.380+0000] {dagbag.py:588} INFO - Filling up the DagBag from /usr/local/python/3.12.1/lib/python3.12/site-packages/airflow/example_dags/tutorial_dag.py
[2026-05-18T13:47:46.386+0000] {processor.py:925} INFO - DAG(s) 'tutorial_dag' retrieved from /usr/local/python/3.12.1/lib/python3.12/site-packages/airflow/example_dags/tutorial_dag.py
[2026-05-18T13:47:46.397+0000] {logging_mixin.py:190} INFO - [2026-05-18T13:47:46.397+0000] {dag.py:3239} INFO - Sync 1 DAGs
[2026-05-18T13:47:46.407+0000] {logging_mixin.py:190} INFO - [2026-05-18T13:47:46.407+0000] {dag.py:4180} INFO - Setting next_dagrun for tutorial_dag to None, run_after=None
[2026-05-18T13:47:46.425+0000] {processor.py:208} INFO - Processing /usr/local/python/3.12.1/lib/python3.12/site-packages/airflow/example_dags/tutorial_dag.py took 0.052 seconds
[2026-05-18T13:48:32.809+0000] {processor.py:186} INFO - Started process (PID=9412) to work on /usr/local/python/3.12.1/lib/python3.12/site-packages/airflow/example_dags/tutorial_dag.py
[2026-05-18T13:48:32.809+0000] {processor.py:914} INFO - Processing file /usr/local/python/3.12.1/lib/python3.12/site-packages/airflow/example_dags/tutorial_dag.py for tasks to queue
[2026-05-18T13:48:32.811+0000] {logging_mixin.py:190} INFO - [2026-05-18T13:48:32.811+0000] {dagbag.py:588} INFO - Filling up the DagBag from /usr/local/python/3.12.1/lib/python3.12/site-packages/airflow/example_dags/tutorial_dag.py
[2026-05-18T13:48:32.817+0000] {processor.py:925} INFO - DAG(s) 'tutorial_dag' retrieved from /usr/local/python/3.12.1/lib/python3.12/site-packages/airflow/example_dags/tutorial_dag.py
[2026-05-18T13:48:32.830+0000] {logging_mixin.py:190} INFO - [2026-05-18T13:48:32.829+0000] {dag.py:3239} INFO - Sync 1 DAGs
[2026-05-18T13:48:32.840+0000] {logging_mixin.py:190} INFO - [2026-05-18T13:48:32.840+0000] {dag.py:4180} INFO - Setting next_dagrun for tutorial_dag to None, run_after=None
[2026-05-18T13:48:32.858+0000] {processor.py:208} INFO - Processing /usr/local/python/3.12.1/lib/python3.12/site-packages/airflow/example_dags/tutorial_dag.py took 0.054 seconds
[2026-05-18T13:49:23.391+0000] {processor.py:186} INFO - Started process (PID=9862) to work on /usr/local/python/3.12.1/lib/python3.12/site-packages/airflow/example_dags/tutorial_dag.py
[2026-05-18T13:49:23.391+0000] {processor.py:914} INFO - Processing file /usr/local/python/3.12.1/lib/python3.12/site-packages/airflow/example_dags/tutorial_dag.py for tasks to queue
[2026-05-18T13:49:23.393+0000] {logging_mixin.py:190} INFO - [2026-05-18T13:49:23.392+0000] {dagbag.py:588} INFO - Filling up the DagBag from /usr/local/python/3.12.1/lib/python3.12/site-packages/airflow/example_dags/tutorial_dag.py
[2026-05-18T13:49:23.399+0000] {processor.py:925} INFO - DAG(s) 'tutorial_dag' retrieved from /usr/local/python/3.12.1/lib/python3.12/site-packages/airflow/example_dags/tutorial_dag.py
[2026-05-18T13:49:23.411+0000] {logging_mixin.py:190} INFO - [2026-05-18T13:49:23.411+0000] {dag.py:3239} INFO - Sync 1 DAGs
[2026-05-18T13:49:23.420+0000] {logging_mixin.py:190} INFO - [2026-05-18T13:49:23.420+0000] {dag.py:4180} INFO - Setting next_dagrun for tutorial_dag to None, run_after=None
[2026-05-18T13:49:23.438+0000] {processor.py:208} INFO - Processing /usr/local/python/3.12.1/lib/python3.12/site-packages/airflow/example_dags/tutorial_dag.py took 0.051 seconds
[2026-05-18T13:50:12.973+0000] {processor.py:186} INFO - Started process (PID=10306) to work on /usr/local/python/3.12.1/lib/python3.12/site-packages/airflow/example_dags/tutorial_dag.py
[2026-05-18T13:50:12.974+0000] {processor.py:914} INFO - Processing file /usr/local/python/3.12.1/lib/python3.12/site-packages/airflow/example_dags/tutorial_dag.py for tasks to queue
[2026-05-18T13:50:12.976+0000] {logging_mixin.py:190} INFO - [2026-05-18T13:50:12.976+0000] {dagbag.py:588} INFO - Filling up the DagBag from /usr/local/python/3.12.1/lib/python3.12/site-packages/airflow/example_dags/tutorial_dag.py
[2026-05-18T13:50:12.982+0000] {processor.py:925} INFO - DAG(s) 'tutorial_dag' retrieved from /usr/local/python/3.12.1/lib/python3.12/site-packages/airflow/example_dags/tutorial_dag.py
[2026-05-18T13:50:12.995+0000] {logging_mixin.py:190} INFO - [2026-05-18T13:50:12.994+0000] {dag.py:3239} INFO - Sync 1 DAGs
[2026-05-18T13:50:13.005+0000] {logging_mixin.py:190} INFO - [2026-05-18T13:50:13.005+0000] {dag.py:4180} INFO - Setting next_dagrun for tutorial_dag to None, run_after=None
[2026-05-18T13:50:13.026+0000] {processor.py:208} INFO - Processing /usr/local/python/3.12.1/lib/python3.12/site-packages/airflow/example_dags/tutorial_dag.py took 0.057 seconds
[2026-05-18T13:51:00.837+0000] {processor.py:186} INFO - Started process (PID=10784) to work on /usr/local/python/3.12.1/lib/python3.12/site-packages/airflow/example_dags/tutorial_dag.py
[2026-05-18T13:51:00.837+0000] {processor.py:914} INFO - Processing file /usr/local/python/3.12.1/lib/python3.12/site-packages/airflow/example_dags/tutorial_dag.py for tasks to queue
[2026-05-18T13:51:00.839+0000] {logging_mixin.py:190} INFO - [2026-05-18T13:51:00.839+0000] {dagbag.py:588} INFO - Filling up the DagBag from /usr/local/python/3.12.1/lib/python3.12/site-packages/airflow/example_dags/tutorial_dag.py
[2026-05-18T13:51:00.845+0000] {processor.py:925} INFO - DAG(s) 'tutorial_dag' retrieved from /usr/local/python/3.12.1/lib/python3.12/site-packages/airflow/example_dags/tutorial_dag.py
[2026-05-18T13:51:00.857+0000] {logging_mixin.py:190} INFO - [2026-05-18T13:51:00.857+0000] {dag.py:3239} INFO - Sync 1 DAGs
[2026-05-18T13:51:00.867+0000] {logging_mixin.py:190} INFO - [2026-05-18T13:51:00.867+0000] {dag.py:4180} INFO - Setting next_dagrun for tutorial_dag to None, run_after=None
[2026-05-18T13:51:00.884+0000] {processor.py:208} INFO - Processing /usr/local/python/3.12.1/lib/python3.12/site-packages/airflow/example_dags/tutorial_dag.py took 0.052 seconds
[2026-05-18T13:51:49.814+0000] {processor.py:186} INFO - Started process (PID=11227) to work on /usr/local/python/3.12.1/lib/python3.12/site-packages/airflow/example_dags/tutorial_dag.py
[2026-05-18T13:51:49.815+0000] {processor.py:914} INFO - Processing file /usr/local/python/3.12.1/lib/python3.12/site-packages/airflow/example_dags/tutorial_dag.py for tasks to queue
[2026-05-18T13:51:49.817+0000] {logging_mixin.py:190} INFO - [2026-05-18T13:51:49.817+0000] {dagbag.py:588} INFO - Filling up the DagBag from /usr/local/python/3.12.1/lib/python3.12/site-packages/airflow/example_dags/tutorial_dag.py
[2026-05-18T13:51:49.823+0000] {processor.py:925} INFO - DAG(s) 'tutorial_dag' retrieved from /usr/local/python/3.12.1/lib/python3.12/site-packages/airflow/example_dags/tutorial_dag.py
[2026-05-18T13:51:49.835+0000] {logging_mixin.py:190} INFO - [2026-05-18T13:51:49.835+0000] {dag.py:3239} INFO - Sync 1 DAGs
[2026-05-18T13:51:49.845+0000] {logging_mixin.py:190} INFO - [2026-05-18T13:51:49.845+0000] {dag.py:4180} INFO - Setting next_dagrun for tutorial_dag to None, run_after=None
[2026-05-18T13:51:49.862+0000] {processor.py:208} INFO - Processing /usr/local/python/3.12.1/lib/python3.12/site-packages/airflow/example_dags/tutorial_dag.py took 0.052 seconds
[2026-05-18T13:52:40.676+0000] {processor.py:186} INFO - Started process (PID=11616) to work on /usr/local/python/3.12.1/lib/python3.12/site-packages/airflow/example_dags/tutorial_dag.py
[2026-05-18T13:52:40.677+0000] {processor.py:914} INFO - Processing file /usr/local/python/3.12.1/lib/python3.12/site-packages/airflow/example_dags/tutorial_dag.py for tasks to queue
[2026-05-18T13:52:40.679+0000] {logging_mixin.py:190} INFO - [2026-05-18T13:52:40.678+0000] {dagbag.py:588} INFO - Filling up the DagBag from /usr/local/python/3.12.1/lib/python3.12/site-packages/airflow/example_dags/tutorial_dag.py
[2026-05-18T13:52:40.684+0000] {processor.py:925} INFO - DAG(s) 'tutorial_dag' retrieved from /usr/local/python/3.12.1/lib/python3.12/site-packages/airflow/example_dags/tutorial_dag.py
[2026-05-18T13:52:40.696+0000] {logging_mixin.py:190} INFO - [2026-05-18T13:52:40.695+0000] {dag.py:3239} INFO - Sync 1 DAGs
[2026-05-18T13:52:40.705+0000] {logging_mixin.py:190} INFO - [2026-05-18T13:52:40.705+0000] {dag.py:4180} INFO - Setting next_dagrun for tutorial_dag to None, run_after=None
[2026-05-18T13:52:40.723+0000] {processor.py:208} INFO - Processing /usr/local/python/3.12.1/lib/python3.12/site-packages/airflow/example_dags/tutorial_dag.py took 0.051 seconds
[2026-05-18T13:53:31.067+0000] {processor.py:186} INFO - Started process (PID=12067) to work on /usr/local/python/3.12.1/lib/python3.12/site-packages/airflow/example_dags/tutorial_dag.py
[2026-05-18T13:53:31.068+0000] {processor.py:914} INFO - Processing file /usr/local/python/3.12.1/lib/python3.12/site-packages/airflow/example_dags/tutorial_dag.py for tasks to queue
[2026-05-18T13:53:31.070+0000] {logging_mixin.py:190} INFO - [2026-05-18T13:53:31.069+0000] {dagbag.py:588} INFO - Filling up the DagBag from /usr/local/python/3.12.1/lib/python3.12/site-packages/airflow/example_dags/tutorial_dag.py
[2026-05-18T13:53:31.075+0000] {processor.py:925} INFO - DAG(s) 'tutorial_dag' retrieved from /usr/local/python/3.12.1/lib/python3.12/site-packages/airflow/example_dags/tutorial_dag.py
[2026-05-18T13:53:31.088+0000] {logging_mixin.py:190} INFO - [2026-05-18T13:53:31.087+0000] {dag.py:3239} INFO - Sync 1 DAGs
[2026-05-18T13:53:31.097+0000] {logging_mixin.py:190} INFO - [2026-05-18T13:53:31.097+0000] {dag.py:4180} INFO - Setting next_dagrun for tutorial_dag to None, run_after=None
[2026-05-18T13:53:31.114+0000] {processor.py:208} INFO - Processing /usr/local/python/3.12.1/lib/python3.12/site-packages/airflow/example_dags/tutorial_dag.py took 0.051 seconds
[2026-05-18T13:54:20.108+0000] {processor.py:186} INFO - Started process (PID=12511) to work on /usr/local/python/3.12.1/lib/python3.12/site-packages/airflow/example_dags/tutorial_dag.py
[2026-05-18T13:54:20.109+0000] {processor.py:914} INFO - Processing file /usr/local/python/3.12.1/lib/python3.12/site-packages/airflow/example_dags/tutorial_dag.py for tasks to queue
[2026-05-18T13:54:20.111+0000] {logging_mixin.py:190} INFO - [2026-05-18T13:54:20.110+0000] {dagbag.py:588} INFO - Filling up the DagBag from /usr/local/python/3.12.1/lib/python3.12/site-packages/airflow/example_dags/tutorial_dag.py
[2026-05-18T13:54:20.117+0000] {processor.py:925} INFO - DAG(s) 'tutorial_dag' retrieved from /usr/local/python/3.12.1/lib/python3.12/site-packages/airflow/example_dags/tutorial_dag.py
[2026-05-18T13:54:20.130+0000] {logging_mixin.py:190} INFO - [2026-05-18T13:54:20.130+0000] {dag.py:3239} INFO - Sync 1 DAGs
[2026-05-18T13:54:20.141+0000] {logging_mixin.py:190} INFO - [2026-05-18T13:54:20.140+0000] {dag.py:4180} INFO - Setting next_dagrun for tutorial_dag to None, run_after=None
[2026-05-18T13:54:20.157+0000] {processor.py:208} INFO - Processing /usr/local/python/3.12.1/lib/python3.12/site-packages/airflow/example_dags/tutorial_dag.py took 0.054 seconds
[2026-05-18T13:55:08.644+0000] {processor.py:186} INFO - Started process (PID=12950) to work on /usr/local/python/3.12.1/lib/python3.12/site-packages/airflow/example_dags/tutorial_dag.py
[2026-05-18T13:55:08.645+0000] {processor.py:914} INFO - Processing file /usr/local/python/3.12.1/lib/python3.12/site-packages/airflow/example_dags/tutorial_dag.py for tasks to queue
[2026-05-18T13:55:08.647+0000] {logging_mixin.py:190} INFO - [2026-05-18T13:55:08.646+0000] {dagbag.py:588} INFO - Filling up the DagBag from /usr/local/python/3.12.1/lib/python3.12/site-packages/airflow/example_dags/tutorial_dag.py
[2026-05-18T13:55:08.652+0000] {processor.py:925} INFO - DAG(s) 'tutorial_dag' retrieved from /usr/local/python/3.12.1/lib/python3.12/site-packages/airflow/example_dags/tutorial_dag.py
[2026-05-18T13:55:08.664+0000] {logging_mixin.py:190} INFO - [2026-05-18T13:55:08.664+0000] {dag.py:3239} INFO - Sync 1 DAGs
[2026-05-18T13:55:08.674+0000] {logging_mixin.py:190} INFO - [2026-05-18T13:55:08.674+0000] {dag.py:4180} INFO - Setting next_dagrun for tutorial_dag to None, run_after=None
[2026-05-18T13:55:08.690+0000] {processor.py:208} INFO - Processing /usr/local/python/3.12.1/lib/python3.12/site-packages/airflow/example_dags/tutorial_dag.py took 0.050 seconds
[2026-05-18T13:55:57.741+0000] {processor.py:186} INFO - Started process (PID=13456) to work on /usr/local/python/3.12.1/lib/python3.12/site-packages/airflow/example_dags/tutorial_dag.py
[2026-05-18T13:55:57.742+0000] {processor.py:914} INFO - Processing file /usr/local/python/3.12.1/lib/python3.12/site-packages/airflow/example_dags/tutorial_dag.py for tasks to queue
[2026-05-18T13:55:57.743+0000] {logging_mixin.py:190} INFO - [2026-05-18T13:55:57.743+0000] {dagbag.py:588} INFO - Filling up the DagBag from /usr/local/python/3.12.1/lib/python3.12/site-packages/airflow/example_dags/tutorial_dag.py
[2026-05-18T13:55:57.749+0000] {processor.py:925} INFO - DAG(s) 'tutorial_dag' retrieved from /usr/local/python/3.12.1/lib/python3.12/site-packages/airflow/example_dags/tutorial_dag.py
[2026-05-18T13:55:57.760+0000] {logging_mixin.py:190} INFO - [2026-05-18T13:55:57.760+0000] {dag.py:3239} INFO - Sync 1 DAGs
[2026-05-18T13:55:57.770+0000] {logging_mixin.py:190} INFO - [2026-05-18T13:55:57.770+0000] {dag.py:4180} INFO - Setting next_dagrun for tutorial_dag to None, run_after=None
[2026-05-18T13:55:57.786+0000] {processor.py:208} INFO - Processing /usr/local/python/3.12.1/lib/python3.12/site-packages/airflow/example_dags/tutorial_dag.py took 0.050 seconds
[2026-05-18T13:56:45.399+0000] {processor.py:186} INFO - Started process (PID=13815) to work on /usr/local/python/3.12.1/lib/python3.12/site-packages/airflow/example_dags/tutorial_dag.py
[2026-05-18T13:56:45.400+0000] {processor.py:914} INFO - Processing file /usr/local/python/3.12.1/lib/python3.12/site-packages/airflow/example_dags/tutorial_dag.py for tasks to queue
[2026-05-18T13:56:45.402+0000] {logging_mixin.py:190} INFO - [2026-05-18T13:56:45.402+0000] {dagbag.py:588} INFO - Filling up the DagBag from /usr/local/python/3.12.1/lib/python3.12/site-packages/airflow/example_dags/tutorial_dag.py
[2026-05-18T13:56:45.412+0000] {processor.py:925} INFO - DAG(s) 'tutorial_dag' retrieved from /usr/local/python/3.12.1/lib/python3.12/site-packages/airflow/example_dags/tutorial_dag.py
[2026-05-18T13:56:45.434+0000] {logging_mixin.py:190} INFO - [2026-05-18T13:56:45.434+0000] {dag.py:3239} INFO - Sync 1 DAGs
[2026-05-18T13:56:45.448+0000] {logging_mixin.py:190} INFO - [2026-05-18T13:56:45.448+0000] {dag.py:4180} INFO - Setting next_dagrun for tutorial_dag to None, run_after=None
[2026-05-18T13:56:45.465+0000] {processor.py:208} INFO - Processing /usr/local/python/3.12.1/lib/python3.12/site-packages/airflow/example_dags/tutorial_dag.py took 0.074 seconds
[2026-05-18T13:57:33.814+0000] {processor.py:186} INFO - Started process (PID=14251) to work on /usr/local/python/3.12.1/lib/python3.12/site-packages/airflow/example_dags/tutorial_dag.py
[2026-05-18T13:57:33.815+0000] {processor.py:914} INFO - Processing file /usr/local/python/3.12.1/lib/python3.12/site-packages/airflow/example_dags/tutorial_dag.py for tasks to queue
[2026-05-18T13:57:33.816+0000] {logging_mixin.py:190} INFO - [2026-05-18T13:57:33.816+0000] {dagbag.py:588} INFO - Filling up the DagBag from /usr/local/python/3.12.1/lib/python3.12/site-packages/airflow/example_dags/tutorial_dag.py
[2026-05-18T13:57:33.822+0000] {processor.py:925} INFO - DAG(s) 'tutorial_dag' retrieved from /usr/local/python/3.12.1/lib/python3.12/site-packages/airflow/example_dags/tutorial_dag.py
[2026-05-18T13:57:33.834+0000] {logging_mixin.py:190} INFO - [2026-05-18T13:57:33.834+0000] {dag.py:3239} INFO - Sync 1 DAGs
[2026-05-18T13:57:33.843+0000] {logging_mixin.py:190} INFO - [2026-05-18T13:57:33.843+0000] {dag.py:4180} INFO - Setting next_dagrun for tutorial_dag to None, run_after=None
[2026-05-18T13:57:33.861+0000] {processor.py:208} INFO - Processing /usr/local/python/3.12.1/lib/python3.12/site-packages/airflow/example_dags/tutorial_dag.py took 0.050 seconds
[2026-05-18T13:58:24.132+0000] {processor.py:186} INFO - Started process (PID=14706) to work on /usr/local/python/3.12.1/lib/python3.12/site-packages/airflow/example_dags/tutorial_dag.py
[2026-05-18T13:58:24.132+0000] {processor.py:914} INFO - Processing file /usr/local/python/3.12.1/lib/python3.12/site-packages/airflow/example_dags/tutorial_dag.py for tasks to queue
[2026-05-18T13:58:24.134+0000] {logging_mixin.py:190} INFO - [2026-05-18T13:58:24.134+0000] {dagbag.py:588} INFO - Filling up the DagBag from /usr/local/python/3.12.1/lib/python3.12/site-packages/airflow/example_dags/tutorial_dag.py
[2026-05-18T13:58:24.140+0000] {processor.py:925} INFO - DAG(s) 'tutorial_dag' retrieved from /usr/local/python/3.12.1/lib/python3.12/site-packages/airflow/example_dags/tutorial_dag.py
[2026-05-18T13:58:24.152+0000] {logging_mixin.py:190} INFO - [2026-05-18T13:58:24.152+0000] {dag.py:3239} INFO - Sync 1 DAGs
[2026-05-18T13:58:24.162+0000] {logging_mixin.py:190} INFO - [2026-05-18T13:58:24.162+0000] {dag.py:4180} INFO - Setting next_dagrun for tutorial_dag to None, run_after=None
[2026-05-18T13:58:24.179+0000] {processor.py:208} INFO - Processing /usr/local/python/3.12.1/lib/python3.12/site-packages/airflow/example_dags/tutorial_dag.py took 0.051 seconds
[2026-05-18T13:59:13.492+0000] {processor.py:186} INFO - Started process (PID=15146) to work on /usr/local/python/3.12.1/lib/python3.12/site-packages/airflow/example_dags/tutorial_dag.py
[2026-05-18T13:59:13.493+0000] {processor.py:914} INFO - Processing file /usr/local/python/3.12.1/lib/python3.12/site-packages/airflow/example_dags/tutorial_dag.py for tasks to queue
[2026-05-18T13:59:13.495+0000] {logging_mixin.py:190} INFO - [2026-05-18T13:59:13.494+0000] {dagbag.py:588} INFO - Filling up the DagBag from /usr/local/python/3.12.1/lib/python3.12/site-packages/airflow/example_dags/tutorial_dag.py
[2026-05-18T13:59:13.501+0000] {processor.py:925} INFO - DAG(s) 'tutorial_dag' retrieved from /usr/local/python/3.12.1/lib/python3.12/site-packages/airflow/example_dags/tutorial_dag.py
[2026-05-18T13:59:13.512+0000] {logging_mixin.py:190} INFO - [2026-05-18T13:59:13.511+0000] {dag.py:3239} INFO - Sync 1 DAGs
[2026-05-18T13:59:13.521+0000] {logging_mixin.py:190} INFO - [2026-05-18T13:59:13.521+0000] {dag.py:4180} INFO - Setting next_dagrun for tutorial_dag to None, run_after=None
[2026-05-18T13:59:13.537+0000] {processor.py:208} INFO - Processing /usr/local/python/3.12.1/lib/python3.12/site-packages/airflow/example_dags/tutorial_dag.py took 0.048 seconds
[2026-05-18T14:00:04.537+0000] {processor.py:186} INFO - Started process (PID=15599) to work on /usr/local/python/3.12.1/lib/python3.12/site-packages/airflow/example_dags/tutorial_dag.py
[2026-05-18T14:00:04.537+0000] {processor.py:914} INFO - Processing file /usr/local/python/3.12.1/lib/python3.12/site-packages/airflow/example_dags/tutorial_dag.py for tasks to queue
[2026-05-18T14:00:04.539+0000] {logging_mixin.py:190} INFO - [2026-05-18T14:00:04.539+0000] {dagbag.py:588} INFO - Filling up the DagBag from /usr/local/python/3.12.1/lib/python3.12/site-packages/airflow/example_dags/tutorial_dag.py
[2026-05-18T14:00:04.544+0000] {processor.py:925} INFO - DAG(s) 'tutorial_dag' retrieved from /usr/local/python/3.12.1/lib/python3.12/site-packages/airflow/example_dags/tutorial_dag.py
[2026-05-18T14:00:04.560+0000] {logging_mixin.py:190} INFO - [2026-05-18T14:00:04.559+0000] {dag.py:3239} INFO - Sync 1 DAGs
[2026-05-18T14:00:04.571+0000] {logging_mixin.py:190} INFO - [2026-05-18T14:00:04.571+0000] {dag.py:4180} INFO - Setting next_dagrun for tutorial_dag to None, run_after=None
[2026-05-18T14:00:04.587+0000] {processor.py:208} INFO - Processing /usr/local/python/3.12.1/lib/python3.12/site-packages/airflow/example_dags/tutorial_dag.py took 0.054 seconds
[2026-05-18T14:00:52.952+0000] {processor.py:186} INFO - Started process (PID=16058) to work on /usr/local/python/3.12.1/lib/python3.12/site-packages/airflow/example_dags/tutorial_dag.py
[2026-05-18T14:00:52.953+0000] {processor.py:914} INFO - Processing file /usr/local/python/3.12.1/lib/python3.12/site-packages/airflow/example_dags/tutorial_dag.py for tasks to queue
[2026-05-18T14:00:52.955+0000] {logging_mixin.py:190} INFO - [2026-05-18T14:00:52.954+0000] {dagbag.py:588} INFO - Filling up the DagBag from /usr/local/python/3.12.1/lib/python3.12/site-packages/airflow/example_dags/tutorial_dag.py
[2026-05-18T14:00:52.960+0000] {processor.py:925} INFO - DAG(s) 'tutorial_dag' retrieved from /usr/local/python/3.12.1/lib/python3.12/site-packages/airflow/example_dags/tutorial_dag.py
[2026-05-18T14:00:52.972+0000] {logging_mixin.py:190} INFO - [2026-05-18T14:00:52.971+0000] {dag.py:3239} INFO - Sync 1 DAGs
[2026-05-18T14:00:52.981+0000] {logging_mixin.py:190} INFO - [2026-05-18T14:00:52.981+0000] {dag.py:4180} INFO - Setting next_dagrun for tutorial_dag to None, run_after=None
[2026-05-18T14:00:52.998+0000] {processor.py:208} INFO - Processing /usr/local/python/3.12.1/lib/python3.12/site-packages/airflow/example_dags/tutorial_dag.py took 0.050 seconds
[2026-05-18T14:01:42.341+0000] {processor.py:186} INFO - Started process (PID=16458) to work on /usr/local/python/3.12.1/lib/python3.12/site-packages/airflow/example_dags/tutorial_dag.py
[2026-05-18T14:01:42.341+0000] {processor.py:914} INFO - Processing file /usr/local/python/3.12.1/lib/python3.12/site-packages/airflow/example_dags/tutorial_dag.py for tasks to queue
[2026-05-18T14:01:42.343+0000] {logging_mixin.py:190} INFO - [2026-05-18T14:01:42.343+0000] {dagbag.py:588} INFO - Filling up the DagBag from /usr/local/python/3.12.1/lib/python3.12/site-packages/airflow/example_dags/tutorial_dag.py
[2026-05-18T14:01:42.349+0000] {processor.py:925} INFO - DAG(s) 'tutorial_dag' retrieved from /usr/local/python/3.12.1/lib/python3.12/site-packages/airflow/example_dags/tutorial_dag.py
[2026-05-18T14:01:42.362+0000] {logging_mixin.py:190} INFO - [2026-05-18T14:01:42.362+0000] {dag.py:3239} INFO - Sync 1 DAGs
[2026-05-18T14:01:42.372+0000] {logging_mixin.py:190} INFO - [2026-05-18T14:01:42.372+0000] {dag.py:4180} INFO - Setting next_dagrun for tutorial_dag to None, run_after=None
[2026-05-18T14:01:42.389+0000] {processor.py:208} INFO - Processing /usr/local/python/3.12.1/lib/python3.12/site-packages/airflow/example_dags/tutorial_dag.py took 0.053 seconds
[2026-05-18T14:02:27.359+0000] {processor.py:186} INFO - Started process (PID=16881) to work on /usr/local/python/3.12.1/lib/python3.12/site-packages/airflow/example_dags/tutorial_dag.py
[2026-05-18T14:02:27.360+0000] {processor.py:914} INFO - Processing file /usr/local/python/3.12.1/lib/python3.12/site-packages/airflow/example_dags/tutorial_dag.py for tasks to queue
[2026-05-18T14:02:27.361+0000] {logging_mixin.py:190} INFO - [2026-05-18T14:02:27.361+0000] {dagbag.py:588} INFO - Filling up the DagBag from /usr/local/python/3.12.1/lib/python3.12/site-packages/airflow/example_dags/tutorial_dag.py
[2026-05-18T14:02:27.367+0000] {processor.py:925} INFO - DAG(s) 'tutorial_dag' retrieved from /usr/local/python/3.12.1/lib/python3.12/site-packages/airflow/example_dags/tutorial_dag.py
[2026-05-18T14:02:27.380+0000] {logging_mixin.py:190} INFO - [2026-05-18T14:02:27.380+0000] {dag.py:3239} INFO - Sync 1 DAGs
[2026-05-18T14:02:27.390+0000] {logging_mixin.py:190} INFO - [2026-05-18T14:02:27.390+0000] {dag.py:4180} INFO - Setting next_dagrun for tutorial_dag to None, run_after=None
[2026-05-18T14:02:27.406+0000] {processor.py:208} INFO - Processing /usr/local/python/3.12.1/lib/python3.12/site-packages/airflow/example_dags/tutorial_dag.py took 0.052 seconds
[2026-05-18T14:03:12.770+0000] {processor.py:186} INFO - Started process (PID=17291) to work on /usr/local/python/3.12.1/lib/python3.12/site-packages/airflow/example_dags/tutorial_dag.py
[2026-05-18T14:03:12.771+0000] {processor.py:914} INFO - Processing file /usr/local/python/3.12.1/lib/python3.12/site-packages/airflow/example_dags/tutorial_dag.py for tasks to queue
[2026-05-18T14:03:12.773+0000] {logging_mixin.py:190} INFO - [2026-05-18T14:03:12.772+0000] {dagbag.py:588} INFO - Filling up the DagBag from /usr/local/python/3.12.1/lib/python3.12/site-packages/airflow/example_dags/tutorial_dag.py
[2026-05-18T14:03:12.779+0000] {processor.py:925} INFO - DAG(s) 'tutorial_dag' retrieved from /usr/local/python/3.12.1/lib/python3.12/site-packages/airflow/example_dags/tutorial_dag.py
[2026-05-18T14:03:12.791+0000] {logging_mixin.py:190} INFO - [2026-05-18T14:03:12.791+0000] {dag.py:3239} INFO - Sync 1 DAGs
[2026-05-18T14:03:12.801+0000] {logging_mixin.py:190} INFO - [2026-05-18T14:03:12.801+0000] {dag.py:4180} INFO - Setting next_dagrun for tutorial_dag to None, run_after=None
[2026-05-18T14:03:12.819+0000] {processor.py:208} INFO - Processing /usr/local/python/3.12.1/lib/python3.12/site-packages/airflow/example_dags/tutorial_dag.py took 0.053 seconds
[2026-05-18T14:04:04.012+0000] {processor.py:186} INFO - Started process (PID=17738) to work on /usr/local/python/3.12.1/lib/python3.12/site-packages/airflow/example_dags/tutorial_dag.py
[2026-05-18T14:04:04.013+0000] {processor.py:914} INFO - Processing file /usr/local/python/3.12.1/lib/python3.12/site-packages/airflow/example_dags/tutorial_dag.py for tasks to queue
[2026-05-18T14:04:04.015+0000] {logging_mixin.py:190} INFO - [2026-05-18T14:04:04.014+0000] {dagbag.py:588} INFO - Filling up the DagBag from /usr/local/python/3.12.1/lib/python3.12/site-packages/airflow/example_dags/tutorial_dag.py
[2026-05-18T14:04:04.020+0000] {processor.py:925} INFO - DAG(s) 'tutorial_dag' retrieved from /usr/local/python/3.12.1/lib/python3.12/site-packages/airflow/example_dags/tutorial_dag.py
[2026-05-18T14:04:04.032+0000] {logging_mixin.py:190} INFO - [2026-05-18T14:04:04.032+0000] {dag.py:3239} INFO - Sync 1 DAGs
[2026-05-18T14:04:04.042+0000] {logging_mixin.py:190} INFO - [2026-05-18T14:04:04.042+0000] {dag.py:4180} INFO - Setting next_dagrun for tutorial_dag to None, run_after=None
[2026-05-18T14:04:04.058+0000] {processor.py:208} INFO - Processing /usr/local/python/3.12.1/lib/python3.12/site-packages/airflow/example_dags/tutorial_dag.py took 0.050 seconds
[2026-05-18T14:04:53.131+0000] {processor.py:186} INFO - Started process (PID=18187) to work on /usr/local/python/3.12.1/lib/python3.12/site-packages/airflow/example_dags/tutorial_dag.py
[2026-05-18T14:04:53.131+0000] {processor.py:914} INFO - Processing file /usr/local/python/3.12.1/lib/python3.12/site-packages/airflow/example_dags/tutorial_dag.py for tasks to queue
[2026-05-18T14:04:53.133+0000] {logging_mixin.py:190} INFO - [2026-05-18T14:04:53.133+0000] {dagbag.py:588} INFO - Filling up the DagBag from /usr/local/python/3.12.1/lib/python3.12/site-packages/airflow/example_dags/tutorial_dag.py
[2026-05-18T14:04:53.139+0000] {processor.py:925} INFO - DAG(s) 'tutorial_dag' retrieved from /usr/local/python/3.12.1/lib/python3.12/site-packages/airflow/example_dags/tutorial_dag.py
[2026-05-18T14:04:53.150+0000] {logging_mixin.py:190} INFO - [2026-05-18T14:04:53.150+0000] {dag.py:3239} INFO - Sync 1 DAGs
[2026-05-18T14:04:53.160+0000] {logging_mixin.py:190} INFO - [2026-05-18T14:04:53.160+0000] {dag.py:4180} INFO - Setting next_dagrun for tutorial_dag to None, run_after=None
[2026-05-18T14:04:53.176+0000] {processor.py:208} INFO - Processing /usr/local/python/3.12.1/lib/python3.12/site-packages/airflow/example_dags/tutorial_dag.py took 0.049 seconds
[2026-05-18T14:05:41.588+0000] {processor.py:186} INFO - Started process (PID=18562) to work on /usr/local/python/3.12.1/lib/python3.12/site-packages/airflow/example_dags/tutorial_dag.py
[2026-05-18T14:05:41.589+0000] {processor.py:914} INFO - Processing file /usr/local/python/3.12.1/lib/python3.12/site-packages/airflow/example_dags/tutorial_dag.py for tasks to queue
[2026-05-18T14:05:41.591+0000] {logging_mixin.py:190} INFO - [2026-05-18T14:05:41.590+0000] {dagbag.py:588} INFO - Filling up the DagBag from /usr/local/python/3.12.1/lib/python3.12/site-packages/airflow/example_dags/tutorial_dag.py
[2026-05-18T14:05:41.597+0000] {processor.py:925} INFO - DAG(s) 'tutorial_dag' retrieved from /usr/local/python/3.12.1/lib/python3.12/site-packages/airflow/example_dags/tutorial_dag.py
[2026-05-18T14:05:41.610+0000] {logging_mixin.py:190} INFO - [2026-05-18T14:05:41.610+0000] {dag.py:3239} INFO - Sync 1 DAGs
[2026-05-18T14:05:41.620+0000] {logging_mixin.py:190} INFO - [2026-05-18T14:05:41.620+0000] {dag.py:4180} INFO - Setting next_dagrun for tutorial_dag to None, run_after=None
[2026-05-18T14:05:41.637+0000] {processor.py:208} INFO - Processing /usr/local/python/3.12.1/lib/python3.12/site-packages/airflow/example_dags/tutorial_dag.py took 0.054 seconds
[2026-05-18T14:06:31.892+0000] {processor.py:186} INFO - Started process (PID=19077) to work on /usr/local/python/3.12.1/lib/python3.12/site-packages/airflow/example_dags/tutorial_dag.py
[2026-05-18T14:06:31.893+0000] {processor.py:914} INFO - Processing file /usr/local/python/3.12.1/lib/python3.12/site-packages/airflow/example_dags/tutorial_dag.py for tasks to queue
[2026-05-18T14:06:31.896+0000] {logging_mixin.py:190} INFO - [2026-05-18T14:06:31.895+0000] {dagbag.py:588} INFO - Filling up the DagBag from /usr/local/python/3.12.1/lib/python3.12/site-packages/airflow/example_dags/tutorial_dag.py
[2026-05-18T14:06:31.904+0000] {processor.py:925} INFO - DAG(s) 'tutorial_dag' retrieved from /usr/local/python/3.12.1/lib/python3.12/site-packages/airflow/example_dags/tutorial_dag.py
[2026-05-18T14:06:31.916+0000] {logging_mixin.py:190} INFO - [2026-05-18T14:06:31.916+0000] {dag.py:3239} INFO - Sync 1 DAGs
[2026-05-18T14:06:31.927+0000] {logging_mixin.py:190} INFO - [2026-05-18T14:06:31.926+0000] {dag.py:4180} INFO - Setting next_dagrun for tutorial_dag to None, run_after=None
[2026-05-18T14:06:31.944+0000] {processor.py:208} INFO - Processing /usr/local/python/3.12.1/lib/python3.12/site-packages/airflow/example_dags/tutorial_dag.py took 0.060 seconds
[2026-05-18T14:07:23.186+0000] {processor.py:186} INFO - Started process (PID=19528) to work on /usr/local/python/3.12.1/lib/python3.12/site-packages/airflow/example_dags/tutorial_dag.py
[2026-05-18T14:07:23.187+0000] {processor.py:914} INFO - Processing file /usr/local/python/3.12.1/lib/python3.12/site-packages/airflow/example_dags/tutorial_dag.py for tasks to queue
[2026-05-18T14:07:23.189+0000] {logging_mixin.py:190} INFO - [2026-05-18T14:07:23.188+0000] {dagbag.py:588} INFO - Filling up the DagBag from /usr/local/python/3.12.1/lib/python3.12/site-packages/airflow/example_dags/tutorial_dag.py
[2026-05-18T14:07:23.195+0000] {processor.py:925} INFO - DAG(s) 'tutorial_dag' retrieved from /usr/local/python/3.12.1/lib/python3.12/site-packages/airflow/example_dags/tutorial_dag.py
[2026-05-18T14:07:23.207+0000] {logging_mixin.py:190} INFO - [2026-05-18T14:07:23.207+0000] {dag.py:3239} INFO - Sync 1 DAGs
[2026-05-18T14:07:23.216+0000] {logging_mixin.py:190} INFO - [2026-05-18T14:07:23.216+0000] {dag.py:4180} INFO - Setting next_dagrun for tutorial_dag to None, run_after=None
[2026-05-18T14:07:23.232+0000] {processor.py:208} INFO - Processing /usr/local/python/3.12.1/lib/python3.12/site-packages/airflow/example_dags/tutorial_dag.py took 0.050 seconds
[2026-05-18T14:08:09.525+0000] {processor.py:186} INFO - Started process (PID=19944) to work on /usr/local/python/3.12.1/lib/python3.12/site-packages/airflow/example_dags/tutorial_dag.py
[2026-05-18T14:08:09.525+0000] {processor.py:914} INFO - Processing file /usr/local/python/3.12.1/lib/python3.12/site-packages/airflow/example_dags/tutorial_dag.py for tasks to queue
[2026-05-18T14:08:09.527+0000] {logging_mixin.py:190} INFO - [2026-05-18T14:08:09.527+0000] {dagbag.py:588} INFO - Filling up the DagBag from /usr/local/python/3.12.1/lib/python3.12/site-packages/airflow/example_dags/tutorial_dag.py
[2026-05-18T14:08:09.533+0000] {processor.py:925} INFO - DAG(s) 'tutorial_dag' retrieved from /usr/local/python/3.12.1/lib/python3.12/site-packages/airflow/example_dags/tutorial_dag.py
[2026-05-18T14:08:09.544+0000] {logging_mixin.py:190} INFO - [2026-05-18T14:08:09.544+0000] {dag.py:3239} INFO - Sync 1 DAGs
[2026-05-18T14:08:09.559+0000] {logging_mixin.py:190} INFO - [2026-05-18T14:08:09.559+0000] {dag.py:4180} INFO - Setting next_dagrun for tutorial_dag to None, run_after=None
[2026-05-18T14:08:09.575+0000] {processor.py:208} INFO - Processing /usr/local/python/3.12.1/lib/python3.12/site-packages/airflow/example_dags/tutorial_dag.py took 0.056 seconds
[2026-05-18T14:08:59.801+0000] {processor.py:186} INFO - Started process (PID=20392) to work on /usr/local/python/3.12.1/lib/python3.12/site-packages/airflow/example_dags/tutorial_dag.py
[2026-05-18T14:08:59.801+0000] {processor.py:914} INFO - Processing file /usr/local/python/3.12.1/lib/python3.12/site-packages/airflow/example_dags/tutorial_dag.py for tasks to queue
[2026-05-18T14:08:59.803+0000] {logging_mixin.py:190} INFO - [2026-05-18T14:08:59.803+0000] {dagbag.py:588} INFO - Filling up the DagBag from /usr/local/python/3.12.1/lib/python3.12/site-packages/airflow/example_dags/tutorial_dag.py
[2026-05-18T14:08:59.809+0000] {processor.py:925} INFO - DAG(s) 'tutorial_dag' retrieved from /usr/local/python/3.12.1/lib/python3.12/site-packages/airflow/example_dags/tutorial_dag.py
[2026-05-18T14:08:59.821+0000] {logging_mixin.py:190} INFO - [2026-05-18T14:08:59.821+0000] {dag.py:3239} INFO - Sync 1 DAGs
[2026-05-18T14:08:59.830+0000] {logging_mixin.py:190} INFO - [2026-05-18T14:08:59.830+0000] {dag.py:4180} INFO - Setting next_dagrun for tutorial_dag to None, run_after=None
[2026-05-18T14:08:59.847+0000] {processor.py:208} INFO - Processing /usr/local/python/3.12.1/lib/python3.12/site-packages/airflow/example_dags/tutorial_dag.py took 0.051 seconds
[2026-05-18T14:09:47.811+0000] {processor.py:186} INFO - Started process (PID=20794) to work on /usr/local/python/3.12.1/lib/python3.12/site-packages/airflow/example_dags/tutorial_dag.py
[2026-05-18T14:09:47.812+0000] {processor.py:914} INFO - Processing file /usr/local/python/3.12.1/lib/python3.12/site-packages/airflow/example_dags/tutorial_dag.py for tasks to queue
[2026-05-18T14:09:47.814+0000] {logging_mixin.py:190} INFO - [2026-05-18T14:09:47.813+0000] {dagbag.py:588} INFO - Filling up the DagBag from /usr/local/python/3.12.1/lib/python3.12/site-packages/airflow/example_dags/tutorial_dag.py
[2026-05-18T14:09:47.822+0000] {processor.py:925} INFO - DAG(s) 'tutorial_dag' retrieved from /usr/local/python/3.12.1/lib/python3.12/site-packages/airflow/example_dags/tutorial_dag.py
[2026-05-18T14:09:47.835+0000] {logging_mixin.py:190} INFO - [2026-05-18T14:09:47.835+0000] {dag.py:3239} INFO - Sync 1 DAGs
[2026-05-18T14:09:47.844+0000] {logging_mixin.py:190} INFO - [2026-05-18T14:09:47.844+0000] {dag.py:4180} INFO - Setting next_dagrun for tutorial_dag to None, run_after=None
[2026-05-18T14:09:47.860+0000] {processor.py:208} INFO - Processing /usr/local/python/3.12.1/lib/python3.12/site-packages/airflow/example_dags/tutorial_dag.py took 0.056 seconds
[2026-05-18T14:10:37.220+0000] {processor.py:186} INFO - Started process (PID=21209) to work on /usr/local/python/3.12.1/lib/python3.12/site-packages/airflow/example_dags/tutorial_dag.py
[2026-05-18T14:10:37.221+0000] {processor.py:914} INFO - Processing file /usr/local/python/3.12.1/lib/python3.12/site-packages/airflow/example_dags/tutorial_dag.py for tasks to queue
[2026-05-18T14:10:37.222+0000] {logging_mixin.py:190} INFO - [2026-05-18T14:10:37.222+0000] {dagbag.py:588} INFO - Filling up the DagBag from /usr/local/python/3.12.1/lib/python3.12/site-packages/airflow/example_dags/tutorial_dag.py
[2026-05-18T14:10:37.228+0000] {processor.py:925} INFO - DAG(s) 'tutorial_dag' retrieved from /usr/local/python/3.12.1/lib/python3.12/site-packages/airflow/example_dags/tutorial_dag.py
[2026-05-18T14:10:37.239+0000] {logging_mixin.py:190} INFO - [2026-05-18T14:10:37.239+0000] {dag.py:3239} INFO - Sync 1 DAGs
[2026-05-18T14:10:37.249+0000] {logging_mixin.py:190} INFO - [2026-05-18T14:10:37.248+0000] {dag.py:4180} INFO - Setting next_dagrun for tutorial_dag to None, run_after=None
[2026-05-18T14:10:37.266+0000] {processor.py:208} INFO - Processing /usr/local/python/3.12.1/lib/python3.12/site-packages/airflow/example_dags/tutorial_dag.py took 0.050 seconds
[2026-05-18T14:11:26.306+0000] {processor.py:186} INFO - Started process (PID=21709) to work on /usr/local/python/3.12.1/lib/python3.12/site-packages/airflow/example_dags/tutorial_dag.py
[2026-05-18T14:11:26.307+0000] {processor.py:914} INFO - Processing file /usr/local/python/3.12.1/lib/python3.12/site-packages/airflow/example_dags/tutorial_dag.py for tasks to queue
[2026-05-18T14:11:26.308+0000] {logging_mixin.py:190} INFO - [2026-05-18T14:11:26.308+0000] {dagbag.py:588} INFO - Filling up the DagBag from /usr/local/python/3.12.1/lib/python3.12/site-packages/airflow/example_dags/tutorial_dag.py
[2026-05-18T14:11:26.314+0000] {processor.py:925} INFO - DAG(s) 'tutorial_dag' retrieved from /usr/local/python/3.12.1/lib/python3.12/site-packages/airflow/example_dags/tutorial_dag.py
[2026-05-18T14:11:26.326+0000] {logging_mixin.py:190} INFO - [2026-05-18T14:11:26.326+0000] {dag.py:3239} INFO - Sync 1 DAGs
[2026-05-18T14:11:26.336+0000] {logging_mixin.py:190} INFO - [2026-05-18T14:11:26.335+0000] {dag.py:4180} INFO - Setting next_dagrun for tutorial_dag to None, run_after=None
[2026-05-18T14:11:26.352+0000] {processor.py:208} INFO - Processing /usr/local/python/3.12.1/lib/python3.12/site-packages/airflow/example_dags/tutorial_dag.py took 0.050 seconds
[2026-05-18T14:12:14.516+0000] {processor.py:186} INFO - Started process (PID=22150) to work on /usr/local/python/3.12.1/lib/python3.12/site-packages/airflow/example_dags/tutorial_dag.py
[2026-05-18T14:12:14.516+0000] {processor.py:914} INFO - Processing file /usr/local/python/3.12.1/lib/python3.12/site-packages/airflow/example_dags/tutorial_dag.py for tasks to queue
[2026-05-18T14:12:14.519+0000] {logging_mixin.py:190} INFO - [2026-05-18T14:12:14.518+0000] {dagbag.py:588} INFO - Filling up the DagBag from /usr/local/python/3.12.1/lib/python3.12/site-packages/airflow/example_dags/tutorial_dag.py
[2026-05-18T14:12:14.524+0000] {processor.py:925} INFO - DAG(s) 'tutorial_dag' retrieved from /usr/local/python/3.12.1/lib/python3.12/site-packages/airflow/example_dags/tutorial_dag.py
[2026-05-18T14:12:14.536+0000] {logging_mixin.py:190} INFO - [2026-05-18T14:12:14.536+0000] {dag.py:3239} INFO - Sync 1 DAGs
[2026-05-18T14:12:14.545+0000] {logging_mixin.py:190} INFO - [2026-05-18T14:12:14.545+0000] {dag.py:4180} INFO - Setting next_dagrun for tutorial_dag to None, run_after=None
[2026-05-18T14:12:14.563+0000] {processor.py:208} INFO - Processing /usr/local/python/3.12.1/lib/python3.12/site-packages/airflow/example_dags/tutorial_dag.py took 0.052 seconds
[2026-05-18T14:13:03.544+0000] {processor.py:186} INFO - Started process (PID=22565) to work on /usr/local/python/3.12.1/lib/python3.12/site-packages/airflow/example_dags/tutorial_dag.py
[2026-05-18T14:13:03.545+0000] {processor.py:914} INFO - Processing file /usr/local/python/3.12.1/lib/python3.12/site-packages/airflow/example_dags/tutorial_dag.py for tasks to queue
[2026-05-18T14:13:03.546+0000] {logging_mixin.py:190} INFO - [2026-05-18T14:13:03.546+0000] {dagbag.py:588} INFO - Filling up the DagBag from /usr/local/python/3.12.1/lib/python3.12/site-packages/airflow/example_dags/tutorial_dag.py
[2026-05-18T14:13:03.552+0000] {processor.py:925} INFO - DAG(s) 'tutorial_dag' retrieved from /usr/local/python/3.12.1/lib/python3.12/site-packages/airflow/example_dags/tutorial_dag.py
[2026-05-18T14:13:03.564+0000] {logging_mixin.py:190} INFO - [2026-05-18T14:13:03.564+0000] {dag.py:3239} INFO - Sync 1 DAGs
[2026-05-18T14:13:03.574+0000] {logging_mixin.py:190} INFO - [2026-05-18T14:13:03.574+0000] {dag.py:4180} INFO - Setting next_dagrun for tutorial_dag to None, run_after=None
[2026-05-18T14:13:03.591+0000] {processor.py:208} INFO - Processing /usr/local/python/3.12.1/lib/python3.12/site-packages/airflow/example_dags/tutorial_dag.py took 0.051 seconds
[2026-05-18T14:13:51.691+0000] {processor.py:186} INFO - Started process (PID=23002) to work on /usr/local/python/3.12.1/lib/python3.12/site-packages/airflow/example_dags/tutorial_dag.py
[2026-05-18T14:13:51.692+0000] {processor.py:914} INFO - Processing file /usr/local/python/3.12.1/lib/python3.12/site-packages/airflow/example_dags/tutorial_dag.py for tasks to queue
[2026-05-18T14:13:51.694+0000] {logging_mixin.py:190} INFO - [2026-05-18T14:13:51.693+0000] {dagbag.py:588} INFO - Filling up the DagBag from /usr/local/python/3.12.1/lib/python3.12/site-packages/airflow/example_dags/tutorial_dag.py
[2026-05-18T14:13:51.699+0000] {processor.py:925} INFO - DAG(s) 'tutorial_dag' retrieved from /usr/local/python/3.12.1/lib/python3.12/site-packages/airflow/example_dags/tutorial_dag.py
[2026-05-18T14:13:51.712+0000] {logging_mixin.py:190} INFO - [2026-05-18T14:13:51.712+0000] {dag.py:3239} INFO - Sync 1 DAGs
[2026-05-18T14:13:51.722+0000] {logging_mixin.py:190} INFO - [2026-05-18T14:13:51.722+0000] {dag.py:4180} INFO - Setting next_dagrun for tutorial_dag to None, run_after=None
[2026-05-18T14:13:51.740+0000] {processor.py:208} INFO - Processing /usr/local/python/3.12.1/lib/python3.12/site-packages/airflow/example_dags/tutorial_dag.py took 0.053 seconds
[2026-05-18T14:14:37.801+0000] {processor.py:186} INFO - Started process (PID=23378) to work on /usr/local/python/3.12.1/lib/python3.12/site-packages/airflow/example_dags/tutorial_dag.py
[2026-05-18T14:14:37.802+0000] {processor.py:914} INFO - Processing file /usr/local/python/3.12.1/lib/python3.12/site-packages/airflow/example_dags/tutorial_dag.py for tasks to queue
[2026-05-18T14:14:37.804+0000] {logging_mixin.py:190} INFO - [2026-05-18T14:14:37.803+0000] {dagbag.py:588} INFO - Filling up the DagBag from /usr/local/python/3.12.1/lib/python3.12/site-packages/airflow/example_dags/tutorial_dag.py
[2026-05-18T14:14:37.809+0000] {processor.py:925} INFO - DAG(s) 'tutorial_dag' retrieved from /usr/local/python/3.12.1/lib/python3.12/site-packages/airflow/example_dags/tutorial_dag.py
[2026-05-18T14:14:37.821+0000] {logging_mixin.py:190} INFO - [2026-05-18T14:14:37.821+0000] {dag.py:3239} INFO - Sync 1 DAGs
[2026-05-18T14:14:37.831+0000] {logging_mixin.py:190} INFO - [2026-05-18T14:14:37.831+0000] {dag.py:4180} INFO - Setting next_dagrun for tutorial_dag to None, run_after=None
[2026-05-18T14:14:37.852+0000] {processor.py:208} INFO - Processing /usr/local/python/3.12.1/lib/python3.12/site-packages/airflow/example_dags/tutorial_dag.py took 0.056 seconds
[2026-05-18T14:15:28.077+0000] {processor.py:186} INFO - Started process (PID=23823) to work on /usr/local/python/3.12.1/lib/python3.12/site-packages/airflow/example_dags/tutorial_dag.py
[2026-05-18T14:15:28.079+0000] {processor.py:914} INFO - Processing file /usr/local/python/3.12.1/lib/python3.12/site-packages/airflow/example_dags/tutorial_dag.py for tasks to queue
[2026-05-18T14:15:28.081+0000] {logging_mixin.py:190} INFO - [2026-05-18T14:15:28.080+0000] {dagbag.py:588} INFO - Filling up the DagBag from /usr/local/python/3.12.1/lib/python3.12/site-packages/airflow/example_dags/tutorial_dag.py
[2026-05-18T14:15:28.087+0000] {processor.py:925} INFO - DAG(s) 'tutorial_dag' retrieved from /usr/local/python/3.12.1/lib/python3.12/site-packages/airflow/example_dags/tutorial_dag.py
[2026-05-18T14:15:28.108+0000] {logging_mixin.py:190} INFO - [2026-05-18T14:15:28.108+0000] {dag.py:3239} INFO - Sync 1 DAGs
[2026-05-18T14:15:28.119+0000] {logging_mixin.py:190} INFO - [2026-05-18T14:15:28.118+0000] {dag.py:4180} INFO - Setting next_dagrun for tutorial_dag to None, run_after=None
[2026-05-18T14:15:28.135+0000] {processor.py:208} INFO - Processing /usr/local/python/3.12.1/lib/python3.12/site-packages/airflow/example_dags/tutorial_dag.py took 0.063 seconds
[2026-05-18T14:16:17.230+0000] {processor.py:186} INFO - Started process (PID=24310) to work on /usr/local/python/3.12.1/lib/python3.12/site-packages/airflow/example_dags/tutorial_dag.py
[2026-05-18T14:16:17.231+0000] {processor.py:914} INFO - Processing file /usr/local/python/3.12.1/lib/python3.12/site-packages/airflow/example_dags/tutorial_dag.py for tasks to queue
[2026-05-18T14:16:17.233+0000] {logging_mixin.py:190} INFO - [2026-05-18T14:16:17.232+0000] {dagbag.py:588} INFO - Filling up the DagBag from /usr/local/python/3.12.1/lib/python3.12/site-packages/airflow/example_dags/tutorial_dag.py
[2026-05-18T14:16:17.239+0000] {processor.py:925} INFO - DAG(s) 'tutorial_dag' retrieved from /usr/local/python/3.12.1/lib/python3.12/site-packages/airflow/example_dags/tutorial_dag.py
[2026-05-18T14:16:17.251+0000] {logging_mixin.py:190} INFO - [2026-05-18T14:16:17.251+0000] {dag.py:3239} INFO - Sync 1 DAGs
[2026-05-18T14:16:17.261+0000] {logging_mixin.py:190} INFO - [2026-05-18T14:16:17.261+0000] {dag.py:4180} INFO - Setting next_dagrun for tutorial_dag to None, run_after=None
[2026-05-18T14:16:17.277+0000] {processor.py:208} INFO - Processing /usr/local/python/3.12.1/lib/python3.12/site-packages/airflow/example_dags/tutorial_dag.py took 0.052 seconds
[2026-05-18T14:17:08.051+0000] {processor.py:186} INFO - Started process (PID=24755) to work on /usr/local/python/3.12.1/lib/python3.12/site-packages/airflow/example_dags/tutorial_dag.py
[2026-05-18T14:17:08.052+0000] {processor.py:914} INFO - Processing file /usr/local/python/3.12.1/lib/python3.12/site-packages/airflow/example_dags/tutorial_dag.py for tasks to queue
[2026-05-18T14:17:08.054+0000] {logging_mixin.py:190} INFO - [2026-05-18T14:17:08.053+0000] {dagbag.py:588} INFO - Filling up the DagBag from /usr/local/python/3.12.1/lib/python3.12/site-packages/airflow/example_dags/tutorial_dag.py
[2026-05-18T14:17:08.059+0000] {processor.py:925} INFO - DAG(s) 'tutorial_dag' retrieved from /usr/local/python/3.12.1/lib/python3.12/site-packages/airflow/example_dags/tutorial_dag.py
[2026-05-18T14:17:08.071+0000] {logging_mixin.py:190} INFO - [2026-05-18T14:17:08.071+0000] {dag.py:3239} INFO - Sync 1 DAGs
[2026-05-18T14:17:08.081+0000] {logging_mixin.py:190} INFO - [2026-05-18T14:17:08.080+0000] {dag.py:4180} INFO - Setting next_dagrun for tutorial_dag to None, run_after=None
[2026-05-18T14:17:08.098+0000] {processor.py:208} INFO - Processing /usr/local/python/3.12.1/lib/python3.12/site-packages/airflow/example_dags/tutorial_dag.py took 0.051 seconds
[2026-05-18T14:17:56.607+0000] {processor.py:186} INFO - Started process (PID=25194) to work on /usr/local/python/3.12.1/lib/python3.12/site-packages/airflow/example_dags/tutorial_dag.py
[2026-05-18T14:17:56.608+0000] {processor.py:914} INFO - Processing file /usr/local/python/3.12.1/lib/python3.12/site-packages/airflow/example_dags/tutorial_dag.py for tasks to queue
[2026-05-18T14:17:56.610+0000] {logging_mixin.py:190} INFO - [2026-05-18T14:17:56.609+0000] {dagbag.py:588} INFO - Filling up the DagBag from /usr/local/python/3.12.1/lib/python3.12/site-packages/airflow/example_dags/tutorial_dag.py
[2026-05-18T14:17:56.617+0000] {processor.py:925} INFO - DAG(s) 'tutorial_dag' retrieved from /usr/local/python/3.12.1/lib/python3.12/site-packages/airflow/example_dags/tutorial_dag.py
[2026-05-18T14:17:56.649+0000] {logging_mixin.py:190} INFO - [2026-05-18T14:17:56.649+0000] {dag.py:3239} INFO - Sync 1 DAGs
[2026-05-18T14:17:56.667+0000] {logging_mixin.py:190} INFO - [2026-05-18T14:17:56.667+0000] {dag.py:4180} INFO - Setting next_dagrun for tutorial_dag to None, run_after=None
[2026-05-18T14:17:56.703+0000] {processor.py:208} INFO - Processing /usr/local/python/3.12.1/lib/python3.12/site-packages/airflow/example_dags/tutorial_dag.py took 0.101 seconds
[2026-05-18T14:18:46.222+0000] {processor.py:186} INFO - Started process (PID=25578) to work on /usr/local/python/3.12.1/lib/python3.12/site-packages/airflow/example_dags/tutorial_dag.py
[2026-05-18T14:18:46.222+0000] {processor.py:914} INFO - Processing file /usr/local/python/3.12.1/lib/python3.12/site-packages/airflow/example_dags/tutorial_dag.py for tasks to queue
[2026-05-18T14:18:46.224+0000] {logging_mixin.py:190} INFO - [2026-05-18T14:18:46.224+0000] {dagbag.py:588} INFO - Filling up the DagBag from /usr/local/python/3.12.1/lib/python3.12/site-packages/airflow/example_dags/tutorial_dag.py
[2026-05-18T14:18:46.230+0000] {processor.py:925} INFO - DAG(s) 'tutorial_dag' retrieved from /usr/local/python/3.12.1/lib/python3.12/site-packages/airflow/example_dags/tutorial_dag.py
[2026-05-18T14:18:46.252+0000] {logging_mixin.py:190} INFO - [2026-05-18T14:18:46.252+0000] {dag.py:3239} INFO - Sync 1 DAGs
[2026-05-18T14:18:46.270+0000] {logging_mixin.py:190} INFO - [2026-05-18T14:18:46.269+0000] {dag.py:4180} INFO - Setting next_dagrun for tutorial_dag to None, run_after=None
[2026-05-18T14:18:46.296+0000] {processor.py:208} INFO - Processing /usr/local/python/3.12.1/lib/python3.12/site-packages/airflow/example_dags/tutorial_dag.py took 0.079 seconds
[2026-05-18T14:19:35.361+0000] {processor.py:186} INFO - Started process (PID=26026) to work on /usr/local/python/3.12.1/lib/python3.12/site-packages/airflow/example_dags/tutorial_dag.py
[2026-05-18T14:19:35.361+0000] {processor.py:914} INFO - Processing file /usr/local/python/3.12.1/lib/python3.12/site-packages/airflow/example_dags/tutorial_dag.py for tasks to queue
[2026-05-18T14:19:35.363+0000] {logging_mixin.py:190} INFO - [2026-05-18T14:19:35.363+0000] {dagbag.py:588} INFO - Filling up the DagBag from /usr/local/python/3.12.1/lib/python3.12/site-packages/airflow/example_dags/tutorial_dag.py
[2026-05-18T14:19:35.369+0000] {processor.py:925} INFO - DAG(s) 'tutorial_dag' retrieved from /usr/local/python/3.12.1/lib/python3.12/site-packages/airflow/example_dags/tutorial_dag.py
[2026-05-18T14:19:35.382+0000] {logging_mixin.py:190} INFO - [2026-05-18T14:19:35.382+0000] {dag.py:3239} INFO - Sync 1 DAGs
[2026-05-18T14:19:35.393+0000] {logging_mixin.py:190} INFO - [2026-05-18T14:19:35.392+0000] {dag.py:4180} INFO - Setting next_dagrun for tutorial_dag to None, run_after=None
[2026-05-18T14:19:35.423+0000] {processor.py:208} INFO - Processing /usr/local/python/3.12.1/lib/python3.12/site-packages/airflow/example_dags/tutorial_dag.py took 0.067 seconds
[2026-05-18T14:20:25.952+0000] {processor.py:186} INFO - Started process (PID=26472) to work on /usr/local/python/3.12.1/lib/python3.12/site-packages/airflow/example_dags/tutorial_dag.py
[2026-05-18T14:20:25.952+0000] {processor.py:914} INFO - Processing file /usr/local/python/3.12.1/lib/python3.12/site-packages/airflow/example_dags/tutorial_dag.py for tasks to queue
[2026-05-18T14:20:25.954+0000] {logging_mixin.py:190} INFO - [2026-05-18T14:20:25.954+0000] {dagbag.py:588} INFO - Filling up the DagBag from /usr/local/python/3.12.1/lib/python3.12/site-packages/airflow/example_dags/tutorial_dag.py
[2026-05-18T14:20:25.960+0000] {processor.py:925} INFO - DAG(s) 'tutorial_dag' retrieved from /usr/local/python/3.12.1/lib/python3.12/site-packages/airflow/example_dags/tutorial_dag.py
[2026-05-18T14:20:25.974+0000] {logging_mixin.py:190} INFO - [2026-05-18T14:20:25.974+0000] {dag.py:3239} INFO - Sync 1 DAGs
[2026-05-18T14:20:25.990+0000] {logging_mixin.py:190} INFO - [2026-05-18T14:20:25.990+0000] {dag.py:4180} INFO - Setting next_dagrun for tutorial_dag to None, run_after=None
[2026-05-18T14:20:26.011+0000] {processor.py:208} INFO - Processing /usr/local/python/3.12.1/lib/python3.12/site-packages/airflow/example_dags/tutorial_dag.py took 0.063 seconds
[2026-05-18T14:21:18.531+0000] {processor.py:186} INFO - Started process (PID=27003) to work on /usr/local/python/3.12.1/lib/python3.12/site-packages/airflow/example_dags/tutorial_dag.py
[2026-05-18T14:21:18.532+0000] {processor.py:914} INFO - Processing file /usr/local/python/3.12.1/lib/python3.12/site-packages/airflow/example_dags/tutorial_dag.py for tasks to queue
[2026-05-18T14:21:18.533+0000] {logging_mixin.py:190} INFO - [2026-05-18T14:21:18.533+0000] {dagbag.py:588} INFO - Filling up the DagBag from /usr/local/python/3.12.1/lib/python3.12/site-packages/airflow/example_dags/tutorial_dag.py
[2026-05-18T14:21:18.539+0000] {processor.py:925} INFO - DAG(s) 'tutorial_dag' retrieved from /usr/local/python/3.12.1/lib/python3.12/site-packages/airflow/example_dags/tutorial_dag.py
[2026-05-18T14:21:18.556+0000] {logging_mixin.py:190} INFO - [2026-05-18T14:21:18.556+0000] {dag.py:3239} INFO - Sync 1 DAGs
[2026-05-18T14:21:18.567+0000] {logging_mixin.py:190} INFO - [2026-05-18T14:21:18.567+0000] {dag.py:4180} INFO - Setting next_dagrun for tutorial_dag to None, run_after=None
[2026-05-18T14:21:18.584+0000] {processor.py:208} INFO - Processing /usr/local/python/3.12.1/lib/python3.12/site-packages/airflow/example_dags/tutorial_dag.py took 0.058 seconds
[2026-05-18T14:22:13.070+0000] {processor.py:186} INFO - Started process (PID=27470) to work on /usr/local/python/3.12.1/lib/python3.12/site-packages/airflow/example_dags/tutorial_dag.py
[2026-05-18T14:22:13.071+0000] {processor.py:914} INFO - Processing file /usr/local/python/3.12.1/lib/python3.12/site-packages/airflow/example_dags/tutorial_dag.py for tasks to queue
[2026-05-18T14:22:13.073+0000] {logging_mixin.py:190} INFO - [2026-05-18T14:22:13.073+0000] {dagbag.py:588} INFO - Filling up the DagBag from /usr/local/python/3.12.1/lib/python3.12/site-packages/airflow/example_dags/tutorial_dag.py
[2026-05-18T14:22:13.083+0000] {processor.py:925} INFO - DAG(s) 'tutorial_dag' retrieved from /usr/local/python/3.12.1/lib/python3.12/site-packages/airflow/example_dags/tutorial_dag.py
[2026-05-18T14:22:13.108+0000] {logging_mixin.py:190} INFO - [2026-05-18T14:22:13.108+0000] {dag.py:3239} INFO - Sync 1 DAGs
[2026-05-18T14:22:13.126+0000] {logging_mixin.py:190} INFO - [2026-05-18T14:22:13.126+0000] {dag.py:4180} INFO - Setting next_dagrun for tutorial_dag to None, run_after=None
[2026-05-18T14:22:13.144+0000] {processor.py:208} INFO - Processing /usr/local/python/3.12.1/lib/python3.12/site-packages/airflow/example_dags/tutorial_dag.py took 0.079 seconds
[2026-05-18T14:23:09.508+0000] {processor.py:186} INFO - Started process (PID=27966) to work on /usr/local/python/3.12.1/lib/python3.12/site-packages/airflow/example_dags/tutorial_dag.py
[2026-05-18T14:23:09.509+0000] {processor.py:914} INFO - Processing file /usr/local/python/3.12.1/lib/python3.12/site-packages/airflow/example_dags/tutorial_dag.py for tasks to queue
[2026-05-18T14:23:09.511+0000] {logging_mixin.py:190} INFO - [2026-05-18T14:23:09.510+0000] {dagbag.py:588} INFO - Filling up the DagBag from /usr/local/python/3.12.1/lib/python3.12/site-packages/airflow/example_dags/tutorial_dag.py
[2026-05-18T14:23:09.516+0000] {processor.py:925} INFO - DAG(s) 'tutorial_dag' retrieved from /usr/local/python/3.12.1/lib/python3.12/site-packages/airflow/example_dags/tutorial_dag.py
[2026-05-18T14:23:09.528+0000] {logging_mixin.py:190} INFO - [2026-05-18T14:23:09.528+0000] {dag.py:3239} INFO - Sync 1 DAGs
[2026-05-18T14:23:09.538+0000] {logging_mixin.py:190} INFO - [2026-05-18T14:23:09.537+0000] {dag.py:4180} INFO - Setting next_dagrun for tutorial_dag to None, run_after=None
[2026-05-18T14:23:09.554+0000] {processor.py:208} INFO - Processing /usr/local/python/3.12.1/lib/python3.12/site-packages/airflow/example_dags/tutorial_dag.py took 0.050 seconds
[2026-05-18T14:24:04.236+0000] {processor.py:186} INFO - Started process (PID=28439) to work on /usr/local/python/3.12.1/lib/python3.12/site-packages/airflow/example_dags/tutorial_dag.py
[2026-05-18T14:24:04.236+0000] {processor.py:914} INFO - Processing file /usr/local/python/3.12.1/lib/python3.12/site-packages/airflow/example_dags/tutorial_dag.py for tasks to queue
[2026-05-18T14:24:04.238+0000] {logging_mixin.py:190} INFO - [2026-05-18T14:24:04.237+0000] {dagbag.py:588} INFO - Filling up the DagBag from /usr/local/python/3.12.1/lib/python3.12/site-packages/airflow/example_dags/tutorial_dag.py
[2026-05-18T14:24:04.243+0000] {processor.py:925} INFO - DAG(s) 'tutorial_dag' retrieved from /usr/local/python/3.12.1/lib/python3.12/site-packages/airflow/example_dags/tutorial_dag.py
[2026-05-18T14:24:04.255+0000] {logging_mixin.py:190} INFO - [2026-05-18T14:24:04.255+0000] {dag.py:3239} INFO - Sync 1 DAGs
[2026-05-18T14:24:04.434+0000] {logging_mixin.py:190} INFO - [2026-05-18T14:24:04.434+0000] {dag.py:4180} INFO - Setting next_dagrun for tutorial_dag to None, run_after=None
[2026-05-18T14:24:04.450+0000] {processor.py:208} INFO - Processing /usr/local/python/3.12.1/lib/python3.12/site-packages/airflow/example_dags/tutorial_dag.py took 0.219 seconds
[2026-05-18T14:25:03.414+0000] {processor.py:186} INFO - Started process (PID=28962) to work on /usr/local/python/3.12.1/lib/python3.12/site-packages/airflow/example_dags/tutorial_dag.py
[2026-05-18T14:25:03.414+0000] {processor.py:914} INFO - Processing file /usr/local/python/3.12.1/lib/python3.12/site-packages/airflow/example_dags/tutorial_dag.py for tasks to queue
[2026-05-18T14:25:03.416+0000] {logging_mixin.py:190} INFO - [2026-05-18T14:25:03.416+0000] {dagbag.py:588} INFO - Filling up the DagBag from /usr/local/python/3.12.1/lib/python3.12/site-packages/airflow/example_dags/tutorial_dag.py
[2026-05-18T14:25:03.422+0000] {processor.py:925} INFO - DAG(s) 'tutorial_dag' retrieved from /usr/local/python/3.12.1/lib/python3.12/site-packages/airflow/example_dags/tutorial_dag.py
[2026-05-18T14:25:03.433+0000] {logging_mixin.py:190} INFO - [2026-05-18T14:25:03.433+0000] {dag.py:3239} INFO - Sync 1 DAGs
[2026-05-18T14:25:03.442+0000] {logging_mixin.py:190} INFO - [2026-05-18T14:25:03.442+0000] {dag.py:4180} INFO - Setting next_dagrun for tutorial_dag to None, run_after=None
[2026-05-18T14:25:03.459+0000] {processor.py:208} INFO - Processing /usr/local/python/3.12.1/lib/python3.12/site-packages/airflow/example_dags/tutorial_dag.py took 0.049 seconds
[2026-05-18T14:25:54.093+0000] {processor.py:186} INFO - Started process (PID=29468) to work on /usr/local/python/3.12.1/lib/python3.12/site-packages/airflow/example_dags/tutorial_dag.py
[2026-05-18T14:25:54.094+0000] {processor.py:914} INFO - Processing file /usr/local/python/3.12.1/lib/python3.12/site-packages/airflow/example_dags/tutorial_dag.py for tasks to queue
[2026-05-18T14:25:54.096+0000] {logging_mixin.py:190} INFO - [2026-05-18T14:25:54.095+0000] {dagbag.py:588} INFO - Filling up the DagBag from /usr/local/python/3.12.1/lib/python3.12/site-packages/airflow/example_dags/tutorial_dag.py
[2026-05-18T14:25:54.103+0000] {processor.py:925} INFO - DAG(s) 'tutorial_dag' retrieved from /usr/local/python/3.12.1/lib/python3.12/site-packages/airflow/example_dags/tutorial_dag.py
[2026-05-18T14:25:54.119+0000] {logging_mixin.py:190} INFO - [2026-05-18T14:25:54.119+0000] {dag.py:3239} INFO - Sync 1 DAGs
[2026-05-18T14:25:54.129+0000] {logging_mixin.py:190} INFO - [2026-05-18T14:25:54.129+0000] {dag.py:4180} INFO - Setting next_dagrun for tutorial_dag to None, run_after=None
[2026-05-18T14:25:54.146+0000] {processor.py:208} INFO - Processing /usr/local/python/3.12.1/lib/python3.12/site-packages/airflow/example_dags/tutorial_dag.py took 0.058 seconds
[2026-05-18T14:26:44.885+0000] {processor.py:186} INFO - Started process (PID=29864) to work on /usr/local/python/3.12.1/lib/python3.12/site-packages/airflow/example_dags/tutorial_dag.py
[2026-05-18T14:26:44.886+0000] {processor.py:914} INFO - Processing file /usr/local/python/3.12.1/lib/python3.12/site-packages/airflow/example_dags/tutorial_dag.py for tasks to queue
[2026-05-18T14:26:44.889+0000] {logging_mixin.py:190} INFO - [2026-05-18T14:26:44.889+0000] {dagbag.py:588} INFO - Filling up the DagBag from /usr/local/python/3.12.1/lib/python3.12/site-packages/airflow/example_dags/tutorial_dag.py
[2026-05-18T14:26:44.900+0000] {processor.py:925} INFO - DAG(s) 'tutorial_dag' retrieved from /usr/local/python/3.12.1/lib/python3.12/site-packages/airflow/example_dags/tutorial_dag.py
[2026-05-18T14:26:44.927+0000] {logging_mixin.py:190} INFO - [2026-05-18T14:26:44.927+0000] {dag.py:3239} INFO - Sync 1 DAGs
[2026-05-18T14:26:44.937+0000] {logging_mixin.py:190} INFO - [2026-05-18T14:26:44.937+0000] {dag.py:4180} INFO - Setting next_dagrun for tutorial_dag to None, run_after=None
[2026-05-18T14:26:44.954+0000] {processor.py:208} INFO - Processing /usr/local/python/3.12.1/lib/python3.12/site-packages/airflow/example_dags/tutorial_dag.py took 0.078 seconds
[2026-05-18T14:27:31.443+0000] {processor.py:186} INFO - Started process (PID=30290) to work on /usr/local/python/3.12.1/lib/python3.12/site-packages/airflow/example_dags/tutorial_dag.py
[2026-05-18T14:27:31.443+0000] {processor.py:914} INFO - Processing file /usr/local/python/3.12.1/lib/python3.12/site-packages/airflow/example_dags/tutorial_dag.py for tasks to queue
[2026-05-18T14:27:31.445+0000] {logging_mixin.py:190} INFO - [2026-05-18T14:27:31.445+0000] {dagbag.py:588} INFO - Filling up the DagBag from /usr/local/python/3.12.1/lib/python3.12/site-packages/airflow/example_dags/tutorial_dag.py
[2026-05-18T14:27:31.451+0000] {processor.py:925} INFO - DAG(s) 'tutorial_dag' retrieved from /usr/local/python/3.12.1/lib/python3.12/site-packages/airflow/example_dags/tutorial_dag.py
[2026-05-18T14:27:31.463+0000] {logging_mixin.py:190} INFO - [2026-05-18T14:27:31.462+0000] {dag.py:3239} INFO - Sync 1 DAGs
[2026-05-18T14:27:31.472+0000] {logging_mixin.py:190} INFO - [2026-05-18T14:27:31.472+0000] {dag.py:4180} INFO - Setting next_dagrun for tutorial_dag to None, run_after=None
[2026-05-18T14:27:31.488+0000] {processor.py:208} INFO - Processing /usr/local/python/3.12.1/lib/python3.12/site-packages/airflow/example_dags/tutorial_dag.py took 0.049 seconds
[2026-05-18T14:28:20.808+0000] {processor.py:186} INFO - Started process (PID=30733) to work on /usr/local/python/3.12.1/lib/python3.12/site-packages/airflow/example_dags/tutorial_dag.py
[2026-05-18T14:28:20.808+0000] {processor.py:914} INFO - Processing file /usr/local/python/3.12.1/lib/python3.12/site-packages/airflow/example_dags/tutorial_dag.py for tasks to queue
[2026-05-18T14:28:20.810+0000] {logging_mixin.py:190} INFO - [2026-05-18T14:28:20.810+0000] {dagbag.py:588} INFO - Filling up the DagBag from /usr/local/python/3.12.1/lib/python3.12/site-packages/airflow/example_dags/tutorial_dag.py
[2026-05-18T14:28:20.816+0000] {processor.py:925} INFO - DAG(s) 'tutorial_dag' retrieved from /usr/local/python/3.12.1/lib/python3.12/site-packages/airflow/example_dags/tutorial_dag.py
[2026-05-18T14:28:20.829+0000] {logging_mixin.py:190} INFO - [2026-05-18T14:28:20.829+0000] {dag.py:3239} INFO - Sync 1 DAGs
[2026-05-18T14:28:20.838+0000] {logging_mixin.py:190} INFO - [2026-05-18T14:28:20.838+0000] {dag.py:4180} INFO - Setting next_dagrun for tutorial_dag to None, run_after=None
[2026-05-18T14:28:20.855+0000] {processor.py:208} INFO - Processing /usr/local/python/3.12.1/lib/python3.12/site-packages/airflow/example_dags/tutorial_dag.py took 0.051 seconds
[2026-05-18T14:29:07.516+0000] {processor.py:186} INFO - Started process (PID=31145) to work on /usr/local/python/3.12.1/lib/python3.12/site-packages/airflow/example_dags/tutorial_dag.py
[2026-05-18T14:29:07.517+0000] {processor.py:914} INFO - Processing file /usr/local/python/3.12.1/lib/python3.12/site-packages/airflow/example_dags/tutorial_dag.py for tasks to queue
[2026-05-18T14:29:07.519+0000] {logging_mixin.py:190} INFO - [2026-05-18T14:29:07.518+0000] {dagbag.py:588} INFO - Filling up the DagBag from /usr/local/python/3.12.1/lib/python3.12/site-packages/airflow/example_dags/tutorial_dag.py
[2026-05-18T14:29:07.526+0000] {processor.py:925} INFO - DAG(s) 'tutorial_dag' retrieved from /usr/local/python/3.12.1/lib/python3.12/site-packages/airflow/example_dags/tutorial_dag.py
[2026-05-18T14:29:07.550+0000] {logging_mixin.py:190} INFO - [2026-05-18T14:29:07.550+0000] {dag.py:3239} INFO - Sync 1 DAGs
[2026-05-18T14:29:07.560+0000] {logging_mixin.py:190} INFO - [2026-05-18T14:29:07.560+0000] {dag.py:4180} INFO - Setting next_dagrun for tutorial_dag to None, run_after=None
[2026-05-18T14:29:07.577+0000] {processor.py:208} INFO - Processing /usr/local/python/3.12.1/lib/python3.12/site-packages/airflow/example_dags/tutorial_dag.py took 0.067 seconds
[2026-05-18T14:29:58.273+0000] {processor.py:186} INFO - Started process (PID=31593) to work on /usr/local/python/3.12.1/lib/python3.12/site-packages/airflow/example_dags/tutorial_dag.py
[2026-05-18T14:29:58.273+0000] {processor.py:914} INFO - Processing file /usr/local/python/3.12.1/lib/python3.12/site-packages/airflow/example_dags/tutorial_dag.py for tasks to queue
[2026-05-18T14:29:58.275+0000] {logging_mixin.py:190} INFO - [2026-05-18T14:29:58.275+0000] {dagbag.py:588} INFO - Filling up the DagBag from /usr/local/python/3.12.1/lib/python3.12/site-packages/airflow/example_dags/tutorial_dag.py
[2026-05-18T14:29:58.281+0000] {processor.py:925} INFO - DAG(s) 'tutorial_dag' retrieved from /usr/local/python/3.12.1/lib/python3.12/site-packages/airflow/example_dags/tutorial_dag.py
[2026-05-18T14:29:58.293+0000] {logging_mixin.py:190} INFO - [2026-05-18T14:29:58.292+0000] {dag.py:3239} INFO - Sync 1 DAGs
[2026-05-18T14:29:58.303+0000] {logging_mixin.py:190} INFO - [2026-05-18T14:29:58.302+0000] {dag.py:4180} INFO - Setting next_dagrun for tutorial_dag to None, run_after=None
[2026-05-18T14:29:58.319+0000] {processor.py:208} INFO - Processing /usr/local/python/3.12.1/lib/python3.12/site-packages/airflow/example_dags/tutorial_dag.py took 0.050 seconds
[2026-05-18T14:30:48.280+0000] {processor.py:186} INFO - Started process (PID=32004) to work on /usr/local/python/3.12.1/lib/python3.12/site-packages/airflow/example_dags/tutorial_dag.py
[2026-05-18T14:30:48.281+0000] {processor.py:914} INFO - Processing file /usr/local/python/3.12.1/lib/python3.12/site-packages/airflow/example_dags/tutorial_dag.py for tasks to queue
[2026-05-18T14:30:48.283+0000] {logging_mixin.py:190} INFO - [2026-05-18T14:30:48.282+0000] {dagbag.py:588} INFO - Filling up the DagBag from /usr/local/python/3.12.1/lib/python3.12/site-packages/airflow/example_dags/tutorial_dag.py
[2026-05-18T14:30:48.289+0000] {processor.py:925} INFO - DAG(s) 'tutorial_dag' retrieved from /usr/local/python/3.12.1/lib/python3.12/site-packages/airflow/example_dags/tutorial_dag.py
[2026-05-18T14:30:48.304+0000] {logging_mixin.py:190} INFO - [2026-05-18T14:30:48.304+0000] {dag.py:3239} INFO - Sync 1 DAGs
[2026-05-18T14:30:48.314+0000] {logging_mixin.py:190} INFO - [2026-05-18T14:30:48.314+0000] {dag.py:4180} INFO - Setting next_dagrun for tutorial_dag to None, run_after=None
[2026-05-18T14:30:48.330+0000] {processor.py:208} INFO - Processing /usr/local/python/3.12.1/lib/python3.12/site-packages/airflow/example_dags/tutorial_dag.py took 0.054 seconds
[2026-05-18T14:31:36.408+0000] {processor.py:186} INFO - Started process (PID=32470) to work on /usr/local/python/3.12.1/lib/python3.12/site-packages/airflow/example_dags/tutorial_dag.py
[2026-05-18T14:31:36.409+0000] {processor.py:914} INFO - Processing file /usr/local/python/3.12.1/lib/python3.12/site-packages/airflow/example_dags/tutorial_dag.py for tasks to queue
[2026-05-18T14:31:36.411+0000] {logging_mixin.py:190} INFO - [2026-05-18T14:31:36.410+0000] {dagbag.py:588} INFO - Filling up the DagBag from /usr/local/python/3.12.1/lib/python3.12/site-packages/airflow/example_dags/tutorial_dag.py
[2026-05-18T14:31:36.417+0000] {processor.py:925} INFO - DAG(s) 'tutorial_dag' retrieved from /usr/local/python/3.12.1/lib/python3.12/site-packages/airflow/example_dags/tutorial_dag.py
[2026-05-18T14:31:36.430+0000] {logging_mixin.py:190} INFO - [2026-05-18T14:31:36.430+0000] {dag.py:3239} INFO - Sync 1 DAGs
[2026-05-18T14:31:36.441+0000] {logging_mixin.py:190} INFO - [2026-05-18T14:31:36.440+0000] {dag.py:4180} INFO - Setting next_dagrun for tutorial_dag to None, run_after=None
[2026-05-18T14:31:36.457+0000] {processor.py:208} INFO - Processing /usr/local/python/3.12.1/lib/python3.12/site-packages/airflow/example_dags/tutorial_dag.py took 0.053 seconds
[2026-05-18T14:32:26.333+0000] {processor.py:186} INFO - Started process (PID=32919) to work on /usr/local/python/3.12.1/lib/python3.12/site-packages/airflow/example_dags/tutorial_dag.py
[2026-05-18T14:32:26.334+0000] {processor.py:914} INFO - Processing file /usr/local/python/3.12.1/lib/python3.12/site-packages/airflow/example_dags/tutorial_dag.py for tasks to queue
[2026-05-18T14:32:26.335+0000] {logging_mixin.py:190} INFO - [2026-05-18T14:32:26.335+0000] {dagbag.py:588} INFO - Filling up the DagBag from /usr/local/python/3.12.1/lib/python3.12/site-packages/airflow/example_dags/tutorial_dag.py
[2026-05-18T14:32:26.341+0000] {processor.py:925} INFO - DAG(s) 'tutorial_dag' retrieved from /usr/local/python/3.12.1/lib/python3.12/site-packages/airflow/example_dags/tutorial_dag.py
[2026-05-18T14:32:26.354+0000] {logging_mixin.py:190} INFO - [2026-05-18T14:32:26.354+0000] {dag.py:3239} INFO - Sync 1 DAGs
[2026-05-18T14:32:26.364+0000] {logging_mixin.py:190} INFO - [2026-05-18T14:32:26.364+0000] {dag.py:4180} INFO - Setting next_dagrun for tutorial_dag to None, run_after=None
[2026-05-18T14:32:26.381+0000] {processor.py:208} INFO - Processing /usr/local/python/3.12.1/lib/python3.12/site-packages/airflow/example_dags/tutorial_dag.py took 0.052 seconds
[2026-05-18T14:33:17.173+0000] {processor.py:186} INFO - Started process (PID=33370) to work on /usr/local/python/3.12.1/lib/python3.12/site-packages/airflow/example_dags/tutorial_dag.py
[2026-05-18T14:33:17.174+0000] {processor.py:914} INFO - Processing file /usr/local/python/3.12.1/lib/python3.12/site-packages/airflow/example_dags/tutorial_dag.py for tasks to queue
[2026-05-18T14:33:17.176+0000] {logging_mixin.py:190} INFO - [2026-05-18T14:33:17.175+0000] {dagbag.py:588} INFO - Filling up the DagBag from /usr/local/python/3.12.1/lib/python3.12/site-packages/airflow/example_dags/tutorial_dag.py
[2026-05-18T14:33:17.182+0000] {processor.py:925} INFO - DAG(s) 'tutorial_dag' retrieved from /usr/local/python/3.12.1/lib/python3.12/site-packages/airflow/example_dags/tutorial_dag.py
[2026-05-18T14:33:17.193+0000] {logging_mixin.py:190} INFO - [2026-05-18T14:33:17.193+0000] {dag.py:3239} INFO - Sync 1 DAGs
[2026-05-18T14:33:17.204+0000] {logging_mixin.py:190} INFO - [2026-05-18T14:33:17.204+0000] {dag.py:4180} INFO - Setting next_dagrun for tutorial_dag to None, run_after=None
[2026-05-18T14:33:17.220+0000] {processor.py:208} INFO - Processing /usr/local/python/3.12.1/lib/python3.12/site-packages/airflow/example_dags/tutorial_dag.py took 0.051 seconds
[2026-05-18T14:34:08.002+0000] {processor.py:186} INFO - Started process (PID=33812) to work on /usr/local/python/3.12.1/lib/python3.12/site-packages/airflow/example_dags/tutorial_dag.py
[2026-05-18T14:34:08.003+0000] {processor.py:914} INFO - Processing file /usr/local/python/3.12.1/lib/python3.12/site-packages/airflow/example_dags/tutorial_dag.py for tasks to queue
[2026-05-18T14:34:08.004+0000] {logging_mixin.py:190} INFO - [2026-05-18T14:34:08.004+0000] {dagbag.py:588} INFO - Filling up the DagBag from /usr/local/python/3.12.1/lib/python3.12/site-packages/airflow/example_dags/tutorial_dag.py
[2026-05-18T14:34:08.010+0000] {processor.py:925} INFO - DAG(s) 'tutorial_dag' retrieved from /usr/local/python/3.12.1/lib/python3.12/site-packages/airflow/example_dags/tutorial_dag.py
[2026-05-18T14:34:08.023+0000] {logging_mixin.py:190} INFO - [2026-05-18T14:34:08.023+0000] {dag.py:3239} INFO - Sync 1 DAGs
[2026-05-18T14:34:08.032+0000] {logging_mixin.py:190} INFO - [2026-05-18T14:34:08.032+0000] {dag.py:4180} INFO - Setting next_dagrun for tutorial_dag to None, run_after=None
[2026-05-18T14:34:08.053+0000] {processor.py:208} INFO - Processing /usr/local/python/3.12.1/lib/python3.12/site-packages/airflow/example_dags/tutorial_dag.py took 0.056 seconds
[2026-05-18T14:34:53.280+0000] {processor.py:186} INFO - Started process (PID=34220) to work on /usr/local/python/3.12.1/lib/python3.12/site-packages/airflow/example_dags/tutorial_dag.py
[2026-05-18T14:34:53.281+0000] {processor.py:914} INFO - Processing file /usr/local/python/3.12.1/lib/python3.12/site-packages/airflow/example_dags/tutorial_dag.py for tasks to queue
[2026-05-18T14:34:53.282+0000] {logging_mixin.py:190} INFO - [2026-05-18T14:34:53.282+0000] {dagbag.py:588} INFO - Filling up the DagBag from /usr/local/python/3.12.1/lib/python3.12/site-packages/airflow/example_dags/tutorial_dag.py
[2026-05-18T14:34:53.289+0000] {processor.py:925} INFO - DAG(s) 'tutorial_dag' retrieved from /usr/local/python/3.12.1/lib/python3.12/site-packages/airflow/example_dags/tutorial_dag.py
[2026-05-18T14:34:53.300+0000] {logging_mixin.py:190} INFO - [2026-05-18T14:34:53.300+0000] {dag.py:3239} INFO - Sync 1 DAGs
[2026-05-18T14:34:53.310+0000] {logging_mixin.py:190} INFO - [2026-05-18T14:34:53.310+0000] {dag.py:4180} INFO - Setting next_dagrun for tutorial_dag to None, run_after=None
[2026-05-18T14:34:53.327+0000] {processor.py:208} INFO - Processing /usr/local/python/3.12.1/lib/python3.12/site-packages/airflow/example_dags/tutorial_dag.py took 0.052 seconds
[2026-05-18T14:35:38.998+0000] {processor.py:186} INFO - Started process (PID=34582) to work on /usr/local/python/3.12.1/lib/python3.12/site-packages/airflow/example_dags/tutorial_dag.py
[2026-05-18T14:35:38.999+0000] {processor.py:914} INFO - Processing file /usr/local/python/3.12.1/lib/python3.12/site-packages/airflow/example_dags/tutorial_dag.py for tasks to queue
[2026-05-18T14:35:39.001+0000] {logging_mixin.py:190} INFO - [2026-05-18T14:35:39.000+0000] {dagbag.py:588} INFO - Filling up the DagBag from /usr/local/python/3.12.1/lib/python3.12/site-packages/airflow/example_dags/tutorial_dag.py
[2026-05-18T14:35:39.007+0000] {processor.py:925} INFO - DAG(s) 'tutorial_dag' retrieved from /usr/local/python/3.12.1/lib/python3.12/site-packages/airflow/example_dags/tutorial_dag.py
[2026-05-18T14:35:39.018+0000] {logging_mixin.py:190} INFO - [2026-05-18T14:35:39.018+0000] {dag.py:3239} INFO - Sync 1 DAGs
[2026-05-18T14:35:39.028+0000] {logging_mixin.py:190} INFO - [2026-05-18T14:35:39.028+0000] {dag.py:4180} INFO - Setting next_dagrun for tutorial_dag to None, run_after=None
[2026-05-18T14:35:39.045+0000] {processor.py:208} INFO - Processing /usr/local/python/3.12.1/lib/python3.12/site-packages/airflow/example_dags/tutorial_dag.py took 0.052 seconds
[2026-05-18T14:36:29.265+0000] {processor.py:186} INFO - Started process (PID=35089) to work on /usr/local/python/3.12.1/lib/python3.12/site-packages/airflow/example_dags/tutorial_dag.py
[2026-05-18T14:36:29.266+0000] {processor.py:914} INFO - Processing file /usr/local/python/3.12.1/lib/python3.12/site-packages/airflow/example_dags/tutorial_dag.py for tasks to queue
[2026-05-18T14:36:29.268+0000] {logging_mixin.py:190} INFO - [2026-05-18T14:36:29.267+0000] {dagbag.py:588} INFO - Filling up the DagBag from /usr/local/python/3.12.1/lib/python3.12/site-packages/airflow/example_dags/tutorial_dag.py
[2026-05-18T14:36:29.274+0000] {processor.py:925} INFO - DAG(s) 'tutorial_dag' retrieved from /usr/local/python/3.12.1/lib/python3.12/site-packages/airflow/example_dags/tutorial_dag.py
[2026-05-18T14:36:29.285+0000] {logging_mixin.py:190} INFO - [2026-05-18T14:36:29.285+0000] {dag.py:3239} INFO - Sync 1 DAGs
[2026-05-18T14:36:29.295+0000] {logging_mixin.py:190} INFO - [2026-05-18T14:36:29.295+0000] {dag.py:4180} INFO - Setting next_dagrun for tutorial_dag to None, run_after=None
[2026-05-18T14:36:29.311+0000] {processor.py:208} INFO - Processing /usr/local/python/3.12.1/lib/python3.12/site-packages/airflow/example_dags/tutorial_dag.py took 0.050 seconds
[2026-05-18T14:37:21.527+0000] {processor.py:186} INFO - Started process (PID=35549) to work on /usr/local/python/3.12.1/lib/python3.12/site-packages/airflow/example_dags/tutorial_dag.py
[2026-05-18T14:37:21.528+0000] {processor.py:914} INFO - Processing file /usr/local/python/3.12.1/lib/python3.12/site-packages/airflow/example_dags/tutorial_dag.py for tasks to queue
[2026-05-18T14:37:21.530+0000] {logging_mixin.py:190} INFO - [2026-05-18T14:37:21.529+0000] {dagbag.py:588} INFO - Filling up the DagBag from /usr/local/python/3.12.1/lib/python3.12/site-packages/airflow/example_dags/tutorial_dag.py
[2026-05-18T14:37:21.535+0000] {processor.py:925} INFO - DAG(s) 'tutorial_dag' retrieved from /usr/local/python/3.12.1/lib/python3.12/site-packages/airflow/example_dags/tutorial_dag.py
[2026-05-18T14:37:21.547+0000] {logging_mixin.py:190} INFO - [2026-05-18T14:37:21.546+0000] {dag.py:3239} INFO - Sync 1 DAGs
[2026-05-18T14:37:21.556+0000] {logging_mixin.py:190} INFO - [2026-05-18T14:37:21.556+0000] {dag.py:4180} INFO - Setting next_dagrun for tutorial_dag to None, run_after=None
[2026-05-18T14:37:21.576+0000] {processor.py:208} INFO - Processing /usr/local/python/3.12.1/lib/python3.12/site-packages/airflow/example_dags/tutorial_dag.py took 0.053 seconds
[2026-05-18T14:38:13.050+0000] {processor.py:186} INFO - Started process (PID=36004) to work on /usr/local/python/3.12.1/lib/python3.12/site-packages/airflow/example_dags/tutorial_dag.py
[2026-05-18T14:38:13.051+0000] {processor.py:914} INFO - Processing file /usr/local/python/3.12.1/lib/python3.12/site-packages/airflow/example_dags/tutorial_dag.py for tasks to queue
[2026-05-18T14:38:13.053+0000] {logging_mixin.py:190} INFO - [2026-05-18T14:38:13.052+0000] {dagbag.py:588} INFO - Filling up the DagBag from /usr/local/python/3.12.1/lib/python3.12/site-packages/airflow/example_dags/tutorial_dag.py
[2026-05-18T14:38:13.060+0000] {processor.py:925} INFO - DAG(s) 'tutorial_dag' retrieved from /usr/local/python/3.12.1/lib/python3.12/site-packages/airflow/example_dags/tutorial_dag.py
[2026-05-18T14:38:13.071+0000] {logging_mixin.py:190} INFO - [2026-05-18T14:38:13.071+0000] {dag.py:3239} INFO - Sync 1 DAGs
[2026-05-18T14:38:13.081+0000] {logging_mixin.py:190} INFO - [2026-05-18T14:38:13.081+0000] {dag.py:4180} INFO - Setting next_dagrun for tutorial_dag to None, run_after=None
[2026-05-18T14:38:13.097+0000] {processor.py:208} INFO - Processing /usr/local/python/3.12.1/lib/python3.12/site-packages/airflow/example_dags/tutorial_dag.py took 0.052 seconds
[2026-05-18T14:39:04.240+0000] {processor.py:186} INFO - Started process (PID=36455) to work on /usr/local/python/3.12.1/lib/python3.12/site-packages/airflow/example_dags/tutorial_dag.py
[2026-05-18T14:39:04.240+0000] {processor.py:914} INFO - Processing file /usr/local/python/3.12.1/lib/python3.12/site-packages/airflow/example_dags/tutorial_dag.py for tasks to queue
[2026-05-18T14:39:04.242+0000] {logging_mixin.py:190} INFO - [2026-05-18T14:39:04.242+0000] {dagbag.py:588} INFO - Filling up the DagBag from /usr/local/python/3.12.1/lib/python3.12/site-packages/airflow/example_dags/tutorial_dag.py
[2026-05-18T14:39:04.248+0000] {processor.py:925} INFO - DAG(s) 'tutorial_dag' retrieved from /usr/local/python/3.12.1/lib/python3.12/site-packages/airflow/example_dags/tutorial_dag.py
[2026-05-18T14:39:04.260+0000] {logging_mixin.py:190} INFO - [2026-05-18T14:39:04.260+0000] {dag.py:3239} INFO - Sync 1 DAGs
[2026-05-18T14:39:04.273+0000] {logging_mixin.py:190} INFO - [2026-05-18T14:39:04.272+0000] {dag.py:4180} INFO - Setting next_dagrun for tutorial_dag to None, run_after=None
[2026-05-18T14:39:04.319+0000] {processor.py:208} INFO - Processing /usr/local/python/3.12.1/lib/python3.12/site-packages/airflow/example_dags/tutorial_dag.py took 0.084 seconds
[2026-05-18T14:39:55.034+0000] {processor.py:186} INFO - Started process (PID=36912) to work on /usr/local/python/3.12.1/lib/python3.12/site-packages/airflow/example_dags/tutorial_dag.py
[2026-05-18T14:39:55.034+0000] {processor.py:914} INFO - Processing file /usr/local/python/3.12.1/lib/python3.12/site-packages/airflow/example_dags/tutorial_dag.py for tasks to queue
[2026-05-18T14:39:55.036+0000] {logging_mixin.py:190} INFO - [2026-05-18T14:39:55.036+0000] {dagbag.py:588} INFO - Filling up the DagBag from /usr/local/python/3.12.1/lib/python3.12/site-packages/airflow/example_dags/tutorial_dag.py
[2026-05-18T14:39:55.045+0000] {processor.py:925} INFO - DAG(s) 'tutorial_dag' retrieved from /usr/local/python/3.12.1/lib/python3.12/site-packages/airflow/example_dags/tutorial_dag.py
[2026-05-18T14:39:55.060+0000] {logging_mixin.py:190} INFO - [2026-05-18T14:39:55.060+0000] {dag.py:3239} INFO - Sync 1 DAGs
[2026-05-18T14:39:55.073+0000] {logging_mixin.py:190} INFO - [2026-05-18T14:39:55.073+0000] {dag.py:4180} INFO - Setting next_dagrun for tutorial_dag to None, run_after=None
[2026-05-18T14:39:55.091+0000] {processor.py:208} INFO - Processing /usr/local/python/3.12.1/lib/python3.12/site-packages/airflow/example_dags/tutorial_dag.py took 0.061 seconds
[2026-05-18T14:40:47.027+0000] {processor.py:186} INFO - Started process (PID=37307) to work on /usr/local/python/3.12.1/lib/python3.12/site-packages/airflow/example_dags/tutorial_dag.py
[2026-05-18T14:40:47.028+0000] {processor.py:914} INFO - Processing file /usr/local/python/3.12.1/lib/python3.12/site-packages/airflow/example_dags/tutorial_dag.py for tasks to queue
[2026-05-18T14:40:47.030+0000] {logging_mixin.py:190} INFO - [2026-05-18T14:40:47.029+0000] {dagbag.py:588} INFO - Filling up the DagBag from /usr/local/python/3.12.1/lib/python3.12/site-packages/airflow/example_dags/tutorial_dag.py
[2026-05-18T14:40:47.036+0000] {processor.py:925} INFO - DAG(s) 'tutorial_dag' retrieved from /usr/local/python/3.12.1/lib/python3.12/site-packages/airflow/example_dags/tutorial_dag.py
[2026-05-18T14:40:47.047+0000] {logging_mixin.py:190} INFO - [2026-05-18T14:40:47.047+0000] {dag.py:3239} INFO - Sync 1 DAGs
[2026-05-18T14:40:47.057+0000] {logging_mixin.py:190} INFO - [2026-05-18T14:40:47.057+0000] {dag.py:4180} INFO - Setting next_dagrun for tutorial_dag to None, run_after=None
[2026-05-18T14:40:47.075+0000] {processor.py:208} INFO - Processing /usr/local/python/3.12.1/lib/python3.12/site-packages/airflow/example_dags/tutorial_dag.py took 0.051 seconds
[2026-05-18T14:41:36.433+0000] {processor.py:186} INFO - Started process (PID=37812) to work on /usr/local/python/3.12.1/lib/python3.12/site-packages/airflow/example_dags/tutorial_dag.py
[2026-05-18T14:41:36.434+0000] {processor.py:914} INFO - Processing file /usr/local/python/3.12.1/lib/python3.12/site-packages/airflow/example_dags/tutorial_dag.py for tasks to queue
[2026-05-18T14:41:36.435+0000] {logging_mixin.py:190} INFO - [2026-05-18T14:41:36.435+0000] {dagbag.py:588} INFO - Filling up the DagBag from /usr/local/python/3.12.1/lib/python3.12/site-packages/airflow/example_dags/tutorial_dag.py
[2026-05-18T14:41:36.442+0000] {processor.py:925} INFO - DAG(s) 'tutorial_dag' retrieved from /usr/local/python/3.12.1/lib/python3.12/site-packages/airflow/example_dags/tutorial_dag.py
[2026-05-18T14:41:36.454+0000] {logging_mixin.py:190} INFO - [2026-05-18T14:41:36.454+0000] {dag.py:3239} INFO - Sync 1 DAGs
[2026-05-18T14:41:36.465+0000] {logging_mixin.py:190} INFO - [2026-05-18T14:41:36.465+0000] {dag.py:4180} INFO - Setting next_dagrun for tutorial_dag to None, run_after=None
[2026-05-18T14:41:36.485+0000] {processor.py:208} INFO - Processing /usr/local/python/3.12.1/lib/python3.12/site-packages/airflow/example_dags/tutorial_dag.py took 0.058 seconds
[2026-05-18T14:42:24.866+0000] {processor.py:186} INFO - Started process (PID=38233) to work on /usr/local/python/3.12.1/lib/python3.12/site-packages/airflow/example_dags/tutorial_dag.py
[2026-05-18T14:42:24.867+0000] {processor.py:914} INFO - Processing file /usr/local/python/3.12.1/lib/python3.12/site-packages/airflow/example_dags/tutorial_dag.py for tasks to queue
[2026-05-18T14:42:24.869+0000] {logging_mixin.py:190} INFO - [2026-05-18T14:42:24.868+0000] {dagbag.py:588} INFO - Filling up the DagBag from /usr/local/python/3.12.1/lib/python3.12/site-packages/airflow/example_dags/tutorial_dag.py
[2026-05-18T14:42:24.876+0000] {processor.py:925} INFO - DAG(s) 'tutorial_dag' retrieved from /usr/local/python/3.12.1/lib/python3.12/site-packages/airflow/example_dags/tutorial_dag.py
[2026-05-18T14:42:24.890+0000] {logging_mixin.py:190} INFO - [2026-05-18T14:42:24.889+0000] {dag.py:3239} INFO - Sync 1 DAGs
[2026-05-18T14:42:24.900+0000] {logging_mixin.py:190} INFO - [2026-05-18T14:42:24.899+0000] {dag.py:4180} INFO - Setting next_dagrun for tutorial_dag to None, run_after=None
[2026-05-18T14:42:24.916+0000] {processor.py:208} INFO - Processing /usr/local/python/3.12.1/lib/python3.12/site-packages/airflow/example_dags/tutorial_dag.py took 0.055 seconds
[2026-05-18T14:43:16.392+0000] {processor.py:186} INFO - Started process (PID=38708) to work on /usr/local/python/3.12.1/lib/python3.12/site-packages/airflow/example_dags/tutorial_dag.py
[2026-05-18T14:43:16.392+0000] {processor.py:914} INFO - Processing file /usr/local/python/3.12.1/lib/python3.12/site-packages/airflow/example_dags/tutorial_dag.py for tasks to queue
[2026-05-18T14:43:16.394+0000] {logging_mixin.py:190} INFO - [2026-05-18T14:43:16.394+0000] {dagbag.py:588} INFO - Filling up the DagBag from /usr/local/python/3.12.1/lib/python3.12/site-packages/airflow/example_dags/tutorial_dag.py
[2026-05-18T14:43:16.400+0000] {processor.py:925} INFO - DAG(s) 'tutorial_dag' retrieved from /usr/local/python/3.12.1/lib/python3.12/site-packages/airflow/example_dags/tutorial_dag.py
[2026-05-18T14:43:16.413+0000] {logging_mixin.py:190} INFO - [2026-05-18T14:43:16.413+0000] {dag.py:3239} INFO - Sync 1 DAGs
[2026-05-18T14:43:16.424+0000] {logging_mixin.py:190} INFO - [2026-05-18T14:43:16.424+0000] {dag.py:4180} INFO - Setting next_dagrun for tutorial_dag to None, run_after=None
[2026-05-18T14:43:16.445+0000] {processor.py:208} INFO - Processing /usr/local/python/3.12.1/lib/python3.12/site-packages/airflow/example_dags/tutorial_dag.py took 0.057 seconds
[2026-05-18T14:44:07.974+0000] {processor.py:186} INFO - Started process (PID=39164) to work on /usr/local/python/3.12.1/lib/python3.12/site-packages/airflow/example_dags/tutorial_dag.py
[2026-05-18T14:44:07.975+0000] {processor.py:914} INFO - Processing file /usr/local/python/3.12.1/lib/python3.12/site-packages/airflow/example_dags/tutorial_dag.py for tasks to queue
[2026-05-18T14:44:07.977+0000] {logging_mixin.py:190} INFO - [2026-05-18T14:44:07.977+0000] {dagbag.py:588} INFO - Filling up the DagBag from /usr/local/python/3.12.1/lib/python3.12/site-packages/airflow/example_dags/tutorial_dag.py
[2026-05-18T14:44:07.985+0000] {processor.py:925} INFO - DAG(s) 'tutorial_dag' retrieved from /usr/local/python/3.12.1/lib/python3.12/site-packages/airflow/example_dags/tutorial_dag.py
[2026-05-18T14:44:07.997+0000] {logging_mixin.py:190} INFO - [2026-05-18T14:44:07.997+0000] {dag.py:3239} INFO - Sync 1 DAGs
[2026-05-18T14:44:08.007+0000] {logging_mixin.py:190} INFO - [2026-05-18T14:44:08.006+0000] {dag.py:4180} INFO - Setting next_dagrun for tutorial_dag to None, run_after=None
[2026-05-18T14:44:08.024+0000] {processor.py:208} INFO - Processing /usr/local/python/3.12.1/lib/python3.12/site-packages/airflow/example_dags/tutorial_dag.py took 0.055 seconds
[2026-05-18T14:44:57.894+0000] {processor.py:186} INFO - Started process (PID=39595) to work on /usr/local/python/3.12.1/lib/python3.12/site-packages/airflow/example_dags/tutorial_dag.py
[2026-05-18T14:44:57.894+0000] {processor.py:914} INFO - Processing file /usr/local/python/3.12.1/lib/python3.12/site-packages/airflow/example_dags/tutorial_dag.py for tasks to queue
[2026-05-18T14:44:57.896+0000] {logging_mixin.py:190} INFO - [2026-05-18T14:44:57.896+0000] {dagbag.py:588} INFO - Filling up the DagBag from /usr/local/python/3.12.1/lib/python3.12/site-packages/airflow/example_dags/tutorial_dag.py
[2026-05-18T14:44:57.902+0000] {processor.py:925} INFO - DAG(s) 'tutorial_dag' retrieved from /usr/local/python/3.12.1/lib/python3.12/site-packages/airflow/example_dags/tutorial_dag.py
[2026-05-18T14:44:57.913+0000] {logging_mixin.py:190} INFO - [2026-05-18T14:44:57.913+0000] {dag.py:3239} INFO - Sync 1 DAGs
[2026-05-18T14:44:57.923+0000] {logging_mixin.py:190} INFO - [2026-05-18T14:44:57.923+0000] {dag.py:4180} INFO - Setting next_dagrun for tutorial_dag to None, run_after=None
[2026-05-18T14:44:57.939+0000] {processor.py:208} INFO - Processing /usr/local/python/3.12.1/lib/python3.12/site-packages/airflow/example_dags/tutorial_dag.py took 0.050 seconds
[2026-05-18T14:45:48.336+0000] {processor.py:186} INFO - Started process (PID=39986) to work on /usr/local/python/3.12.1/lib/python3.12/site-packages/airflow/example_dags/tutorial_dag.py
[2026-05-18T14:45:48.337+0000] {processor.py:914} INFO - Processing file /usr/local/python/3.12.1/lib/python3.12/site-packages/airflow/example_dags/tutorial_dag.py for tasks to queue
[2026-05-18T14:45:48.340+0000] {logging_mixin.py:190} INFO - [2026-05-18T14:45:48.340+0000] {dagbag.py:588} INFO - Filling up the DagBag from /usr/local/python/3.12.1/lib/python3.12/site-packages/airflow/example_dags/tutorial_dag.py
[2026-05-18T14:45:48.354+0000] {processor.py:925} INFO - DAG(s) 'tutorial_dag' retrieved from /usr/local/python/3.12.1/lib/python3.12/site-packages/airflow/example_dags/tutorial_dag.py
[2026-05-18T14:45:48.383+0000] {logging_mixin.py:190} INFO - [2026-05-18T14:45:48.383+0000] {dag.py:3239} INFO - Sync 1 DAGs
[2026-05-18T14:45:48.413+0000] {logging_mixin.py:190} INFO - [2026-05-18T14:45:48.413+0000] {dag.py:4180} INFO - Setting next_dagrun for tutorial_dag to None, run_after=None
[2026-05-18T14:45:48.470+0000] {processor.py:208} INFO - Processing /usr/local/python/3.12.1/lib/python3.12/site-packages/airflow/example_dags/tutorial_dag.py took 0.143 seconds
[2026-05-18T14:46:38.414+0000] {processor.py:186} INFO - Started process (PID=40497) to work on /usr/local/python/3.12.1/lib/python3.12/site-packages/airflow/example_dags/tutorial_dag.py
[2026-05-18T14:46:38.414+0000] {processor.py:914} INFO - Processing file /usr/local/python/3.12.1/lib/python3.12/site-packages/airflow/example_dags/tutorial_dag.py for tasks to queue
[2026-05-18T14:46:38.416+0000] {logging_mixin.py:190} INFO - [2026-05-18T14:46:38.416+0000] {dagbag.py:588} INFO - Filling up the DagBag from /usr/local/python/3.12.1/lib/python3.12/site-packages/airflow/example_dags/tutorial_dag.py
[2026-05-18T14:46:38.422+0000] {processor.py:925} INFO - DAG(s) 'tutorial_dag' retrieved from /usr/local/python/3.12.1/lib/python3.12/site-packages/airflow/example_dags/tutorial_dag.py
[2026-05-18T14:46:38.434+0000] {logging_mixin.py:190} INFO - [2026-05-18T14:46:38.433+0000] {dag.py:3239} INFO - Sync 1 DAGs
[2026-05-18T14:46:38.443+0000] {logging_mixin.py:190} INFO - [2026-05-18T14:46:38.443+0000] {dag.py:4180} INFO - Setting next_dagrun for tutorial_dag to None, run_after=None
[2026-05-18T14:46:38.459+0000] {processor.py:208} INFO - Processing /usr/local/python/3.12.1/lib/python3.12/site-packages/airflow/example_dags/tutorial_dag.py took 0.050 seconds
[2026-05-18T14:47:31.168+0000] {processor.py:186} INFO - Started process (PID=40968) to work on /usr/local/python/3.12.1/lib/python3.12/site-packages/airflow/example_dags/tutorial_dag.py
[2026-05-18T14:47:31.171+0000] {processor.py:914} INFO - Processing file /usr/local/python/3.12.1/lib/python3.12/site-packages/airflow/example_dags/tutorial_dag.py for tasks to queue
[2026-05-18T14:47:31.175+0000] {logging_mixin.py:190} INFO - [2026-05-18T14:47:31.175+0000] {dagbag.py:588} INFO - Filling up the DagBag from /usr/local/python/3.12.1/lib/python3.12/site-packages/airflow/example_dags/tutorial_dag.py
[2026-05-18T14:47:31.195+0000] {processor.py:925} INFO - DAG(s) 'tutorial_dag' retrieved from /usr/local/python/3.12.1/lib/python3.12/site-packages/airflow/example_dags/tutorial_dag.py
[2026-05-18T14:47:31.231+0000] {logging_mixin.py:190} INFO - [2026-05-18T14:47:31.230+0000] {dag.py:3239} INFO - Sync 1 DAGs
[2026-05-18T14:47:31.249+0000] {logging_mixin.py:190} INFO - [2026-05-18T14:47:31.249+0000] {dag.py:4180} INFO - Setting next_dagrun for tutorial_dag to None, run_after=None
[2026-05-18T14:47:31.278+0000] {processor.py:208} INFO - Processing /usr/local/python/3.12.1/lib/python3.12/site-packages/airflow/example_dags/tutorial_dag.py took 0.116 seconds
[2026-05-18T14:48:22.368+0000] {processor.py:186} INFO - Started process (PID=41422) to work on /usr/local/python/3.12.1/lib/python3.12/site-packages/airflow/example_dags/tutorial_dag.py
[2026-05-18T14:48:22.369+0000] {processor.py:914} INFO - Processing file /usr/local/python/3.12.1/lib/python3.12/site-packages/airflow/example_dags/tutorial_dag.py for tasks to queue
[2026-05-18T14:48:22.374+0000] {logging_mixin.py:190} INFO - [2026-05-18T14:48:22.373+0000] {dagbag.py:588} INFO - Filling up the DagBag from /usr/local/python/3.12.1/lib/python3.12/site-packages/airflow/example_dags/tutorial_dag.py
[2026-05-18T14:48:22.387+0000] {processor.py:925} INFO - DAG(s) 'tutorial_dag' retrieved from /usr/local/python/3.12.1/lib/python3.12/site-packages/airflow/example_dags/tutorial_dag.py
[2026-05-18T14:48:22.408+0000] {logging_mixin.py:190} INFO - [2026-05-18T14:48:22.408+0000] {dag.py:3239} INFO - Sync 1 DAGs
[2026-05-18T14:48:22.428+0000] {logging_mixin.py:190} INFO - [2026-05-18T14:48:22.427+0000] {dag.py:4180} INFO - Setting next_dagrun for tutorial_dag to None, run_after=None
[2026-05-18T14:48:22.463+0000] {processor.py:208} INFO - Processing /usr/local/python/3.12.1/lib/python3.12/site-packages/airflow/example_dags/tutorial_dag.py took 0.103 seconds
[2026-05-18T14:49:16.042+0000] {processor.py:186} INFO - Started process (PID=41896) to work on /usr/local/python/3.12.1/lib/python3.12/site-packages/airflow/example_dags/tutorial_dag.py
[2026-05-18T14:49:16.042+0000] {processor.py:914} INFO - Processing file /usr/local/python/3.12.1/lib/python3.12/site-packages/airflow/example_dags/tutorial_dag.py for tasks to queue
[2026-05-18T14:49:16.044+0000] {logging_mixin.py:190} INFO - [2026-05-18T14:49:16.044+0000] {dagbag.py:588} INFO - Filling up the DagBag from /usr/local/python/3.12.1/lib/python3.12/site-packages/airflow/example_dags/tutorial_dag.py
[2026-05-18T14:49:16.050+0000] {processor.py:925} INFO - DAG(s) 'tutorial_dag' retrieved from /usr/local/python/3.12.1/lib/python3.12/site-packages/airflow/example_dags/tutorial_dag.py
[2026-05-18T14:49:16.061+0000] {logging_mixin.py:190} INFO - [2026-05-18T14:49:16.061+0000] {dag.py:3239} INFO - Sync 1 DAGs
[2026-05-18T14:49:16.074+0000] {logging_mixin.py:190} INFO - [2026-05-18T14:49:16.074+0000] {dag.py:4180} INFO - Setting next_dagrun for tutorial_dag to None, run_after=None
[2026-05-18T14:49:16.092+0000] {processor.py:208} INFO - Processing /usr/local/python/3.12.1/lib/python3.12/site-packages/airflow/example_dags/tutorial_dag.py took 0.054 seconds
[2026-05-18T14:50:09.329+0000] {processor.py:186} INFO - Started process (PID=42369) to work on /usr/local/python/3.12.1/lib/python3.12/site-packages/airflow/example_dags/tutorial_dag.py
[2026-05-18T14:50:09.329+0000] {processor.py:914} INFO - Processing file /usr/local/python/3.12.1/lib/python3.12/site-packages/airflow/example_dags/tutorial_dag.py for tasks to queue
[2026-05-18T14:50:09.331+0000] {logging_mixin.py:190} INFO - [2026-05-18T14:50:09.331+0000] {dagbag.py:588} INFO - Filling up the DagBag from /usr/local/python/3.12.1/lib/python3.12/site-packages/airflow/example_dags/tutorial_dag.py
[2026-05-18T14:50:09.337+0000] {processor.py:925} INFO - DAG(s) 'tutorial_dag' retrieved from /usr/local/python/3.12.1/lib/python3.12/site-packages/airflow/example_dags/tutorial_dag.py
[2026-05-18T14:50:09.349+0000] {logging_mixin.py:190} INFO - [2026-05-18T14:50:09.348+0000] {dag.py:3239} INFO - Sync 1 DAGs
[2026-05-18T14:50:09.358+0000] {logging_mixin.py:190} INFO - [2026-05-18T14:50:09.358+0000] {dag.py:4180} INFO - Setting next_dagrun for tutorial_dag to None, run_after=None
[2026-05-18T14:50:09.376+0000] {processor.py:208} INFO - Processing /usr/local/python/3.12.1/lib/python3.12/site-packages/airflow/example_dags/tutorial_dag.py took 0.052 seconds
[2026-05-18T14:50:57.494+0000] {processor.py:186} INFO - Started process (PID=42861) to work on /usr/local/python/3.12.1/lib/python3.12/site-packages/airflow/example_dags/tutorial_dag.py
[2026-05-18T14:50:57.495+0000] {processor.py:914} INFO - Processing file /usr/local/python/3.12.1/lib/python3.12/site-packages/airflow/example_dags/tutorial_dag.py for tasks to queue
[2026-05-18T14:50:57.497+0000] {logging_mixin.py:190} INFO - [2026-05-18T14:50:57.497+0000] {dagbag.py:588} INFO - Filling up the DagBag from /usr/local/python/3.12.1/lib/python3.12/site-packages/airflow/example_dags/tutorial_dag.py
[2026-05-18T14:50:57.503+0000] {processor.py:925} INFO - DAG(s) 'tutorial_dag' retrieved from /usr/local/python/3.12.1/lib/python3.12/site-packages/airflow/example_dags/tutorial_dag.py
[2026-05-18T14:50:57.515+0000] {logging_mixin.py:190} INFO - [2026-05-18T14:50:57.515+0000] {dag.py:3239} INFO - Sync 1 DAGs
[2026-05-18T14:50:57.524+0000] {logging_mixin.py:190} INFO - [2026-05-18T14:50:57.524+0000] {dag.py:4180} INFO - Setting next_dagrun for tutorial_dag to None, run_after=None
[2026-05-18T14:50:57.541+0000] {processor.py:208} INFO - Processing /usr/local/python/3.12.1/lib/python3.12/site-packages/airflow/example_dags/tutorial_dag.py took 0.051 seconds
[2026-05-18T14:51:46.709+0000] {processor.py:186} INFO - Started process (PID=43245) to work on /usr/local/python/3.12.1/lib/python3.12/site-packages/airflow/example_dags/tutorial_dag.py
[2026-05-18T14:51:46.710+0000] {processor.py:914} INFO - Processing file /usr/local/python/3.12.1/lib/python3.12/site-packages/airflow/example_dags/tutorial_dag.py for tasks to queue
[2026-05-18T14:51:46.712+0000] {logging_mixin.py:190} INFO - [2026-05-18T14:51:46.711+0000] {dagbag.py:588} INFO - Filling up the DagBag from /usr/local/python/3.12.1/lib/python3.12/site-packages/airflow/example_dags/tutorial_dag.py
[2026-05-18T14:51:46.722+0000] {processor.py:925} INFO - DAG(s) 'tutorial_dag' retrieved from /usr/local/python/3.12.1/lib/python3.12/site-packages/airflow/example_dags/tutorial_dag.py
[2026-05-18T14:51:46.736+0000] {logging_mixin.py:190} INFO - [2026-05-18T14:51:46.736+0000] {dag.py:3239} INFO - Sync 1 DAGs
[2026-05-18T14:51:46.746+0000] {logging_mixin.py:190} INFO - [2026-05-18T14:51:46.746+0000] {dag.py:4180} INFO - Setting next_dagrun for tutorial_dag to None, run_after=None
[2026-05-18T14:51:46.764+0000] {processor.py:208} INFO - Processing /usr/local/python/3.12.1/lib/python3.12/site-packages/airflow/example_dags/tutorial_dag.py took 0.059 seconds
[2026-05-18T14:52:37.009+0000] {processor.py:186} INFO - Started process (PID=43689) to work on /usr/local/python/3.12.1/lib/python3.12/site-packages/airflow/example_dags/tutorial_dag.py
[2026-05-18T14:52:37.010+0000] {processor.py:914} INFO - Processing file /usr/local/python/3.12.1/lib/python3.12/site-packages/airflow/example_dags/tutorial_dag.py for tasks to queue
[2026-05-18T14:52:37.012+0000] {logging_mixin.py:190} INFO - [2026-05-18T14:52:37.011+0000] {dagbag.py:588} INFO - Filling up the DagBag from /usr/local/python/3.12.1/lib/python3.12/site-packages/airflow/example_dags/tutorial_dag.py
[2026-05-18T14:52:37.023+0000] {processor.py:925} INFO - DAG(s) 'tutorial_dag' retrieved from /usr/local/python/3.12.1/lib/python3.12/site-packages/airflow/example_dags/tutorial_dag.py
[2026-05-18T14:52:37.044+0000] {logging_mixin.py:190} INFO - [2026-05-18T14:52:37.044+0000] {dag.py:3239} INFO - Sync 1 DAGs
[2026-05-18T14:52:37.059+0000] {logging_mixin.py:190} INFO - [2026-05-18T14:52:37.058+0000] {dag.py:4180} INFO - Setting next_dagrun for tutorial_dag to None, run_after=None
[2026-05-18T14:52:37.096+0000] {processor.py:208} INFO - Processing /usr/local/python/3.12.1/lib/python3.12/site-packages/airflow/example_dags/tutorial_dag.py took 0.096 seconds
[2026-05-18T14:53:26.015+0000] {processor.py:186} INFO - Started process (PID=44123) to work on /usr/local/python/3.12.1/lib/python3.12/site-packages/airflow/example_dags/tutorial_dag.py
[2026-05-18T14:53:26.015+0000] {processor.py:914} INFO - Processing file /usr/local/python/3.12.1/lib/python3.12/site-packages/airflow/example_dags/tutorial_dag.py for tasks to queue
[2026-05-18T14:53:26.017+0000] {logging_mixin.py:190} INFO - [2026-05-18T14:53:26.017+0000] {dagbag.py:588} INFO - Filling up the DagBag from /usr/local/python/3.12.1/lib/python3.12/site-packages/airflow/example_dags/tutorial_dag.py
[2026-05-18T14:53:26.023+0000] {processor.py:925} INFO - DAG(s) 'tutorial_dag' retrieved from /usr/local/python/3.12.1/lib/python3.12/site-packages/airflow/example_dags/tutorial_dag.py
[2026-05-18T14:53:26.034+0000] {logging_mixin.py:190} INFO - [2026-05-18T14:53:26.034+0000] {dag.py:3239} INFO - Sync 1 DAGs
[2026-05-18T14:53:26.047+0000] {logging_mixin.py:190} INFO - [2026-05-18T14:53:26.047+0000] {dag.py:4180} INFO - Setting next_dagrun for tutorial_dag to None, run_after=None
[2026-05-18T14:53:26.081+0000] {processor.py:208} INFO - Processing /usr/local/python/3.12.1/lib/python3.12/site-packages/airflow/example_dags/tutorial_dag.py took 0.071 seconds
[2026-05-18T14:54:14.981+0000] {processor.py:186} INFO - Started process (PID=44569) to work on /usr/local/python/3.12.1/lib/python3.12/site-packages/airflow/example_dags/tutorial_dag.py
[2026-05-18T14:54:14.982+0000] {processor.py:914} INFO - Processing file /usr/local/python/3.12.1/lib/python3.12/site-packages/airflow/example_dags/tutorial_dag.py for tasks to queue
[2026-05-18T14:54:14.986+0000] {logging_mixin.py:190} INFO - [2026-05-18T14:54:14.985+0000] {dagbag.py:588} INFO - Filling up the DagBag from /usr/local/python/3.12.1/lib/python3.12/site-packages/airflow/example_dags/tutorial_dag.py
[2026-05-18T14:54:15.004+0000] {processor.py:925} INFO - DAG(s) 'tutorial_dag' retrieved from /usr/local/python/3.12.1/lib/python3.12/site-packages/airflow/example_dags/tutorial_dag.py
[2026-05-18T14:54:15.020+0000] {logging_mixin.py:190} INFO - [2026-05-18T14:54:15.020+0000] {dag.py:3239} INFO - Sync 1 DAGs
[2026-05-18T14:54:15.030+0000] {logging_mixin.py:190} INFO - [2026-05-18T14:54:15.030+0000] {dag.py:4180} INFO - Setting next_dagrun for tutorial_dag to None, run_after=None
[2026-05-18T14:54:15.047+0000] {processor.py:208} INFO - Processing /usr/local/python/3.12.1/lib/python3.12/site-packages/airflow/example_dags/tutorial_dag.py took 0.072 seconds
[2026-05-18T14:55:05.185+0000] {processor.py:186} INFO - Started process (PID=45018) to work on /usr/local/python/3.12.1/lib/python3.12/site-packages/airflow/example_dags/tutorial_dag.py
[2026-05-18T14:55:05.185+0000] {processor.py:914} INFO - Processing file /usr/local/python/3.12.1/lib/python3.12/site-packages/airflow/example_dags/tutorial_dag.py for tasks to queue
[2026-05-18T14:55:05.187+0000] {logging_mixin.py:190} INFO - [2026-05-18T14:55:05.187+0000] {dagbag.py:588} INFO - Filling up the DagBag from /usr/local/python/3.12.1/lib/python3.12/site-packages/airflow/example_dags/tutorial_dag.py
[2026-05-18T14:55:05.193+0000] {processor.py:925} INFO - DAG(s) 'tutorial_dag' retrieved from /usr/local/python/3.12.1/lib/python3.12/site-packages/airflow/example_dags/tutorial_dag.py
[2026-05-18T14:55:05.206+0000] {logging_mixin.py:190} INFO - [2026-05-18T14:55:05.206+0000] {dag.py:3239} INFO - Sync 1 DAGs
[2026-05-18T14:55:05.215+0000] {logging_mixin.py:190} INFO - [2026-05-18T14:55:05.215+0000] {dag.py:4180} INFO - Setting next_dagrun for tutorial_dag to None, run_after=None
[2026-05-18T14:55:05.231+0000] {processor.py:208} INFO - Processing /usr/local/python/3.12.1/lib/python3.12/site-packages/airflow/example_dags/tutorial_dag.py took 0.052 seconds
[2026-05-18T14:55:54.379+0000] {processor.py:186} INFO - Started process (PID=45487) to work on /usr/local/python/3.12.1/lib/python3.12/site-packages/airflow/example_dags/tutorial_dag.py
[2026-05-18T14:55:54.380+0000] {processor.py:914} INFO - Processing file /usr/local/python/3.12.1/lib/python3.12/site-packages/airflow/example_dags/tutorial_dag.py for tasks to queue
[2026-05-18T14:55:54.382+0000] {logging_mixin.py:190} INFO - [2026-05-18T14:55:54.381+0000] {dagbag.py:588} INFO - Filling up the DagBag from /usr/local/python/3.12.1/lib/python3.12/site-packages/airflow/example_dags/tutorial_dag.py
[2026-05-18T14:55:54.388+0000] {processor.py:925} INFO - DAG(s) 'tutorial_dag' retrieved from /usr/local/python/3.12.1/lib/python3.12/site-packages/airflow/example_dags/tutorial_dag.py
[2026-05-18T14:55:54.400+0000] {logging_mixin.py:190} INFO - [2026-05-18T14:55:54.399+0000] {dag.py:3239} INFO - Sync 1 DAGs
[2026-05-18T14:55:54.411+0000] {logging_mixin.py:190} INFO - [2026-05-18T14:55:54.411+0000] {dag.py:4180} INFO - Setting next_dagrun for tutorial_dag to None, run_after=None
[2026-05-18T14:55:54.429+0000] {processor.py:208} INFO - Processing /usr/local/python/3.12.1/lib/python3.12/site-packages/airflow/example_dags/tutorial_dag.py took 0.054 seconds
[2026-05-18T14:56:43.090+0000] {processor.py:186} INFO - Started process (PID=45895) to work on /usr/local/python/3.12.1/lib/python3.12/site-packages/airflow/example_dags/tutorial_dag.py
[2026-05-18T14:56:43.090+0000] {processor.py:914} INFO - Processing file /usr/local/python/3.12.1/lib/python3.12/site-packages/airflow/example_dags/tutorial_dag.py for tasks to queue
[2026-05-18T14:56:43.092+0000] {logging_mixin.py:190} INFO - [2026-05-18T14:56:43.092+0000] {dagbag.py:588} INFO - Filling up the DagBag from /usr/local/python/3.12.1/lib/python3.12/site-packages/airflow/example_dags/tutorial_dag.py
[2026-05-18T14:56:43.098+0000] {processor.py:925} INFO - DAG(s) 'tutorial_dag' retrieved from /usr/local/python/3.12.1/lib/python3.12/site-packages/airflow/example_dags/tutorial_dag.py
[2026-05-18T14:56:43.110+0000] {logging_mixin.py:190} INFO - [2026-05-18T14:56:43.110+0000] {dag.py:3239} INFO - Sync 1 DAGs
[2026-05-18T14:56:43.120+0000] {logging_mixin.py:190} INFO - [2026-05-18T14:56:43.119+0000] {dag.py:4180} INFO - Setting next_dagrun for tutorial_dag to None, run_after=None
[2026-05-18T14:56:43.136+0000] {processor.py:208} INFO - Processing /usr/local/python/3.12.1/lib/python3.12/site-packages/airflow/example_dags/tutorial_dag.py took 0.051 seconds
[2026-05-18T14:57:30.771+0000] {processor.py:186} INFO - Started process (PID=46311) to work on /usr/local/python/3.12.1/lib/python3.12/site-packages/airflow/example_dags/tutorial_dag.py
[2026-05-18T14:57:30.772+0000] {processor.py:914} INFO - Processing file /usr/local/python/3.12.1/lib/python3.12/site-packages/airflow/example_dags/tutorial_dag.py for tasks to queue
[2026-05-18T14:57:30.774+0000] {logging_mixin.py:190} INFO - [2026-05-18T14:57:30.773+0000] {dagbag.py:588} INFO - Filling up the DagBag from /usr/local/python/3.12.1/lib/python3.12/site-packages/airflow/example_dags/tutorial_dag.py
[2026-05-18T14:57:30.782+0000] {processor.py:925} INFO - DAG(s) 'tutorial_dag' retrieved from /usr/local/python/3.12.1/lib/python3.12/site-packages/airflow/example_dags/tutorial_dag.py
[2026-05-18T14:57:30.804+0000] {logging_mixin.py:190} INFO - [2026-05-18T14:57:30.804+0000] {dag.py:3239} INFO - Sync 1 DAGs
[2026-05-18T14:57:30.824+0000] {logging_mixin.py:190} INFO - [2026-05-18T14:57:30.824+0000] {dag.py:4180} INFO - Setting next_dagrun for tutorial_dag to None, run_after=None
[2026-05-18T14:57:30.848+0000] {processor.py:208} INFO - Processing /usr/local/python/3.12.1/lib/python3.12/site-packages/airflow/example_dags/tutorial_dag.py took 0.084 seconds
[2026-05-18T14:58:21.480+0000] {processor.py:186} INFO - Started process (PID=46757) to work on /usr/local/python/3.12.1/lib/python3.12/site-packages/airflow/example_dags/tutorial_dag.py
[2026-05-18T14:58:21.481+0000] {processor.py:914} INFO - Processing file /usr/local/python/3.12.1/lib/python3.12/site-packages/airflow/example_dags/tutorial_dag.py for tasks to queue
[2026-05-18T14:58:21.483+0000] {logging_mixin.py:190} INFO - [2026-05-18T14:58:21.483+0000] {dagbag.py:588} INFO - Filling up the DagBag from /usr/local/python/3.12.1/lib/python3.12/site-packages/airflow/example_dags/tutorial_dag.py
[2026-05-18T14:58:21.491+0000] {processor.py:925} INFO - DAG(s) 'tutorial_dag' retrieved from /usr/local/python/3.12.1/lib/python3.12/site-packages/airflow/example_dags/tutorial_dag.py
[2026-05-18T14:58:21.504+0000] {logging_mixin.py:190} INFO - [2026-05-18T14:58:21.504+0000] {dag.py:3239} INFO - Sync 1 DAGs
[2026-05-18T14:58:21.514+0000] {logging_mixin.py:190} INFO - [2026-05-18T14:58:21.514+0000] {dag.py:4180} INFO - Setting next_dagrun for tutorial_dag to None, run_after=None
[2026-05-18T14:58:21.531+0000] {processor.py:208} INFO - Processing /usr/local/python/3.12.1/lib/python3.12/site-packages/airflow/example_dags/tutorial_dag.py took 0.057 seconds
[2026-05-18T14:59:13.188+0000] {processor.py:186} INFO - Started process (PID=47219) to work on /usr/local/python/3.12.1/lib/python3.12/site-packages/airflow/example_dags/tutorial_dag.py
[2026-05-18T14:59:13.188+0000] {processor.py:914} INFO - Processing file /usr/local/python/3.12.1/lib/python3.12/site-packages/airflow/example_dags/tutorial_dag.py for tasks to queue
[2026-05-18T14:59:13.190+0000] {logging_mixin.py:190} INFO - [2026-05-18T14:59:13.190+0000] {dagbag.py:588} INFO - Filling up the DagBag from /usr/local/python/3.12.1/lib/python3.12/site-packages/airflow/example_dags/tutorial_dag.py
[2026-05-18T14:59:13.196+0000] {processor.py:925} INFO - DAG(s) 'tutorial_dag' retrieved from /usr/local/python/3.12.1/lib/python3.12/site-packages/airflow/example_dags/tutorial_dag.py
[2026-05-18T14:59:13.208+0000] {logging_mixin.py:190} INFO - [2026-05-18T14:59:13.208+0000] {dag.py:3239} INFO - Sync 1 DAGs
[2026-05-18T14:59:13.218+0000] {logging_mixin.py:190} INFO - [2026-05-18T14:59:13.218+0000] {dag.py:4180} INFO - Setting next_dagrun for tutorial_dag to None, run_after=None
[2026-05-18T14:59:13.235+0000] {processor.py:208} INFO - Processing /usr/local/python/3.12.1/lib/python3.12/site-packages/airflow/example_dags/tutorial_dag.py took 0.051 seconds
[2026-05-18T15:00:04.954+0000] {processor.py:186} INFO - Started process (PID=47696) to work on /usr/local/python/3.12.1/lib/python3.12/site-packages/airflow/example_dags/tutorial_dag.py
[2026-05-18T15:00:04.955+0000] {processor.py:914} INFO - Processing file /usr/local/python/3.12.1/lib/python3.12/site-packages/airflow/example_dags/tutorial_dag.py for tasks to queue
[2026-05-18T15:00:04.956+0000] {logging_mixin.py:190} INFO - [2026-05-18T15:00:04.956+0000] {dagbag.py:588} INFO - Filling up the DagBag from /usr/local/python/3.12.1/lib/python3.12/site-packages/airflow/example_dags/tutorial_dag.py
[2026-05-18T15:00:04.962+0000] {processor.py:925} INFO - DAG(s) 'tutorial_dag' retrieved from /usr/local/python/3.12.1/lib/python3.12/site-packages/airflow/example_dags/tutorial_dag.py
[2026-05-18T15:00:04.978+0000] {logging_mixin.py:190} INFO - [2026-05-18T15:00:04.978+0000] {dag.py:3239} INFO - Sync 1 DAGs
[2026-05-18T15:00:04.989+0000] {logging_mixin.py:190} INFO - [2026-05-18T15:00:04.989+0000] {dag.py:4180} INFO - Setting next_dagrun for tutorial_dag to None, run_after=None
[2026-05-18T15:00:05.006+0000] {processor.py:208} INFO - Processing /usr/local/python/3.12.1/lib/python3.12/site-packages/airflow/example_dags/tutorial_dag.py took 0.057 seconds
[2026-05-18T15:00:55.720+0000] {processor.py:186} INFO - Started process (PID=48199) to work on /usr/local/python/3.12.1/lib/python3.12/site-packages/airflow/example_dags/tutorial_dag.py
[2026-05-18T15:00:55.721+0000] {processor.py:914} INFO - Processing file /usr/local/python/3.12.1/lib/python3.12/site-packages/airflow/example_dags/tutorial_dag.py for tasks to queue
[2026-05-18T15:00:55.728+0000] {logging_mixin.py:190} INFO - [2026-05-18T15:00:55.725+0000] {dagbag.py:588} INFO - Filling up the DagBag from /usr/local/python/3.12.1/lib/python3.12/site-packages/airflow/example_dags/tutorial_dag.py
[2026-05-18T15:00:55.742+0000] {processor.py:925} INFO - DAG(s) 'tutorial_dag' retrieved from /usr/local/python/3.12.1/lib/python3.12/site-packages/airflow/example_dags/tutorial_dag.py
[2026-05-18T15:00:55.761+0000] {logging_mixin.py:190} INFO - [2026-05-18T15:00:55.760+0000] {dag.py:3239} INFO - Sync 1 DAGs
[2026-05-18T15:00:55.779+0000] {logging_mixin.py:190} INFO - [2026-05-18T15:00:55.779+0000] {dag.py:4180} INFO - Setting next_dagrun for tutorial_dag to None, run_after=None
[2026-05-18T15:00:55.810+0000] {processor.py:208} INFO - Processing /usr/local/python/3.12.1/lib/python3.12/site-packages/airflow/example_dags/tutorial_dag.py took 0.094 seconds
[2026-05-18T15:01:45.628+0000] {processor.py:186} INFO - Started process (PID=48580) to work on /usr/local/python/3.12.1/lib/python3.12/site-packages/airflow/example_dags/tutorial_dag.py
[2026-05-18T15:01:45.629+0000] {processor.py:914} INFO - Processing file /usr/local/python/3.12.1/lib/python3.12/site-packages/airflow/example_dags/tutorial_dag.py for tasks to queue
[2026-05-18T15:01:45.630+0000] {logging_mixin.py:190} INFO - [2026-05-18T15:01:45.630+0000] {dagbag.py:588} INFO - Filling up the DagBag from /usr/local/python/3.12.1/lib/python3.12/site-packages/airflow/example_dags/tutorial_dag.py
[2026-05-18T15:01:45.637+0000] {processor.py:925} INFO - DAG(s) 'tutorial_dag' retrieved from /usr/local/python/3.12.1/lib/python3.12/site-packages/airflow/example_dags/tutorial_dag.py
[2026-05-18T15:01:45.648+0000] {logging_mixin.py:190} INFO - [2026-05-18T15:01:45.648+0000] {dag.py:3239} INFO - Sync 1 DAGs
[2026-05-18T15:01:45.658+0000] {logging_mixin.py:190} INFO - [2026-05-18T15:01:45.658+0000] {dag.py:4180} INFO - Setting next_dagrun for tutorial_dag to None, run_after=None
[2026-05-18T15:01:45.676+0000] {processor.py:208} INFO - Processing /usr/local/python/3.12.1/lib/python3.12/site-packages/airflow/example_dags/tutorial_dag.py took 0.053 seconds
[2026-05-18T15:02:37.079+0000] {processor.py:186} INFO - Started process (PID=49048) to work on /usr/local/python/3.12.1/lib/python3.12/site-packages/airflow/example_dags/tutorial_dag.py
[2026-05-18T15:02:37.080+0000] {processor.py:914} INFO - Processing file /usr/local/python/3.12.1/lib/python3.12/site-packages/airflow/example_dags/tutorial_dag.py for tasks to queue
[2026-05-18T15:02:37.082+0000] {logging_mixin.py:190} INFO - [2026-05-18T15:02:37.082+0000] {dagbag.py:588} INFO - Filling up the DagBag from /usr/local/python/3.12.1/lib/python3.12/site-packages/airflow/example_dags/tutorial_dag.py
[2026-05-18T15:02:37.090+0000] {processor.py:925} INFO - DAG(s) 'tutorial_dag' retrieved from /usr/local/python/3.12.1/lib/python3.12/site-packages/airflow/example_dags/tutorial_dag.py
[2026-05-18T15:02:37.103+0000] {logging_mixin.py:190} INFO - [2026-05-18T15:02:37.103+0000] {dag.py:3239} INFO - Sync 1 DAGs
[2026-05-18T15:02:37.112+0000] {logging_mixin.py:190} INFO - [2026-05-18T15:02:37.112+0000] {dag.py:4180} INFO - Setting next_dagrun for tutorial_dag to None, run_after=None
[2026-05-18T15:02:37.132+0000] {processor.py:208} INFO - Processing /usr/local/python/3.12.1/lib/python3.12/site-packages/airflow/example_dags/tutorial_dag.py took 0.059 seconds
[2026-05-18T15:03:29.556+0000] {processor.py:186} INFO - Started process (PID=49567) to work on /usr/local/python/3.12.1/lib/python3.12/site-packages/airflow/example_dags/tutorial_dag.py
[2026-05-18T15:03:29.557+0000] {processor.py:914} INFO - Processing file /usr/local/python/3.12.1/lib/python3.12/site-packages/airflow/example_dags/tutorial_dag.py for tasks to queue
[2026-05-18T15:03:29.558+0000] {logging_mixin.py:190} INFO - [2026-05-18T15:03:29.558+0000] {dagbag.py:588} INFO - Filling up the DagBag from /usr/local/python/3.12.1/lib/python3.12/site-packages/airflow/example_dags/tutorial_dag.py
[2026-05-18T15:03:29.568+0000] {processor.py:925} INFO - DAG(s) 'tutorial_dag' retrieved from /usr/local/python/3.12.1/lib/python3.12/site-packages/airflow/example_dags/tutorial_dag.py
[2026-05-18T15:03:29.590+0000] {logging_mixin.py:190} INFO - [2026-05-18T15:03:29.590+0000] {dag.py:3239} INFO - Sync 1 DAGs
[2026-05-18T15:03:29.608+0000] {logging_mixin.py:190} INFO - [2026-05-18T15:03:29.608+0000] {dag.py:4180} INFO - Setting next_dagrun for tutorial_dag to None, run_after=None
[2026-05-18T15:03:29.668+0000] {processor.py:208} INFO - Processing /usr/local/python/3.12.1/lib/python3.12/site-packages/airflow/example_dags/tutorial_dag.py took 0.116 seconds
[2026-05-18T15:04:44.148+0000] {processor.py:186} INFO - Started process (PID=50571) to work on /usr/local/python/3.12.1/lib/python3.12/site-packages/airflow/example_dags/tutorial_dag.py
[2026-05-18T15:04:44.149+0000] {processor.py:914} INFO - Processing file /usr/local/python/3.12.1/lib/python3.12/site-packages/airflow/example_dags/tutorial_dag.py for tasks to queue
[2026-05-18T15:04:44.151+0000] {logging_mixin.py:190} INFO - [2026-05-18T15:04:44.151+0000] {dagbag.py:588} INFO - Filling up the DagBag from /usr/local/python/3.12.1/lib/python3.12/site-packages/airflow/example_dags/tutorial_dag.py
[2026-05-18T15:04:44.157+0000] {processor.py:925} INFO - DAG(s) 'tutorial_dag' retrieved from /usr/local/python/3.12.1/lib/python3.12/site-packages/airflow/example_dags/tutorial_dag.py
[2026-05-18T15:04:44.173+0000] {logging_mixin.py:190} INFO - [2026-05-18T15:04:44.173+0000] {dag.py:3239} INFO - Sync 1 DAGs
[2026-05-18T15:04:44.187+0000] {logging_mixin.py:190} INFO - [2026-05-18T15:04:44.186+0000] {dag.py:4180} INFO - Setting next_dagrun for tutorial_dag to None, run_after=None
[2026-05-18T15:04:44.208+0000] {processor.py:208} INFO - Processing /usr/local/python/3.12.1/lib/python3.12/site-packages/airflow/example_dags/tutorial_dag.py took 0.064 seconds
[2026-05-18T15:05:40.165+0000] {processor.py:186} INFO - Started process (PID=51305) to work on /usr/local/python/3.12.1/lib/python3.12/site-packages/airflow/example_dags/tutorial_dag.py
[2026-05-18T15:05:40.166+0000] {processor.py:914} INFO - Processing file /usr/local/python/3.12.1/lib/python3.12/site-packages/airflow/example_dags/tutorial_dag.py for tasks to queue
[2026-05-18T15:05:40.168+0000] {logging_mixin.py:190} INFO - [2026-05-18T15:05:40.168+0000] {dagbag.py:588} INFO - Filling up the DagBag from /usr/local/python/3.12.1/lib/python3.12/site-packages/airflow/example_dags/tutorial_dag.py
[2026-05-18T15:05:40.176+0000] {processor.py:925} INFO - DAG(s) 'tutorial_dag' retrieved from /usr/local/python/3.12.1/lib/python3.12/site-packages/airflow/example_dags/tutorial_dag.py
[2026-05-18T15:05:40.191+0000] {logging_mixin.py:190} INFO - [2026-05-18T15:05:40.191+0000] {dag.py:3239} INFO - Sync 1 DAGs
[2026-05-18T15:05:40.203+0000] {logging_mixin.py:190} INFO - [2026-05-18T15:05:40.203+0000] {dag.py:4180} INFO - Setting next_dagrun for tutorial_dag to None, run_after=None
[2026-05-18T15:05:40.220+0000] {processor.py:208} INFO - Processing /usr/local/python/3.12.1/lib/python3.12/site-packages/airflow/example_dags/tutorial_dag.py took 0.060 seconds
[2026-05-18T15:06:32.035+0000] {processor.py:186} INFO - Started process (PID=51820) to work on /usr/local/python/3.12.1/lib/python3.12/site-packages/airflow/example_dags/tutorial_dag.py
[2026-05-18T15:06:32.036+0000] {processor.py:914} INFO - Processing file /usr/local/python/3.12.1/lib/python3.12/site-packages/airflow/example_dags/tutorial_dag.py for tasks to queue
[2026-05-18T15:06:32.038+0000] {logging_mixin.py:190} INFO - [2026-05-18T15:06:32.038+0000] {dagbag.py:588} INFO - Filling up the DagBag from /usr/local/python/3.12.1/lib/python3.12/site-packages/airflow/example_dags/tutorial_dag.py
[2026-05-18T15:06:32.044+0000] {processor.py:925} INFO - DAG(s) 'tutorial_dag' retrieved from /usr/local/python/3.12.1/lib/python3.12/site-packages/airflow/example_dags/tutorial_dag.py
[2026-05-18T15:06:32.056+0000] {logging_mixin.py:190} INFO - [2026-05-18T15:06:32.056+0000] {dag.py:3239} INFO - Sync 1 DAGs
[2026-05-18T15:06:32.066+0000] {logging_mixin.py:190} INFO - [2026-05-18T15:06:32.066+0000] {dag.py:4180} INFO - Setting next_dagrun for tutorial_dag to None, run_after=None
[2026-05-18T15:06:32.086+0000] {processor.py:208} INFO - Processing /usr/local/python/3.12.1/lib/python3.12/site-packages/airflow/example_dags/tutorial_dag.py took 0.055 seconds
[2026-05-18T15:07:23.954+0000] {processor.py:186} INFO - Started process (PID=52258) to work on /usr/local/python/3.12.1/lib/python3.12/site-packages/airflow/example_dags/tutorial_dag.py
[2026-05-18T15:07:23.955+0000] {processor.py:914} INFO - Processing file /usr/local/python/3.12.1/lib/python3.12/site-packages/airflow/example_dags/tutorial_dag.py for tasks to queue
[2026-05-18T15:07:23.958+0000] {logging_mixin.py:190} INFO - [2026-05-18T15:07:23.957+0000] {dagbag.py:588} INFO - Filling up the DagBag from /usr/local/python/3.12.1/lib/python3.12/site-packages/airflow/example_dags/tutorial_dag.py
[2026-05-18T15:07:23.965+0000] {processor.py:925} INFO - DAG(s) 'tutorial_dag' retrieved from /usr/local/python/3.12.1/lib/python3.12/site-packages/airflow/example_dags/tutorial_dag.py
[2026-05-18T15:07:23.982+0000] {logging_mixin.py:190} INFO - [2026-05-18T15:07:23.981+0000] {dag.py:3239} INFO - Sync 1 DAGs
[2026-05-18T15:07:23.994+0000] {logging_mixin.py:190} INFO - [2026-05-18T15:07:23.994+0000] {dag.py:4180} INFO - Setting next_dagrun for tutorial_dag to None, run_after=None
[2026-05-18T15:07:24.014+0000] {processor.py:208} INFO - Processing /usr/local/python/3.12.1/lib/python3.12/site-packages/airflow/example_dags/tutorial_dag.py took 0.068 seconds
[2026-05-18T15:08:12.352+0000] {processor.py:186} INFO - Started process (PID=52744) to work on /usr/local/python/3.12.1/lib/python3.12/site-packages/airflow/example_dags/tutorial_dag.py
[2026-05-18T15:08:12.353+0000] {processor.py:914} INFO - Processing file /usr/local/python/3.12.1/lib/python3.12/site-packages/airflow/example_dags/tutorial_dag.py for tasks to queue
[2026-05-18T15:08:12.355+0000] {logging_mixin.py:190} INFO - [2026-05-18T15:08:12.354+0000] {dagbag.py:588} INFO - Filling up the DagBag from /usr/local/python/3.12.1/lib/python3.12/site-packages/airflow/example_dags/tutorial_dag.py
[2026-05-18T15:08:12.360+0000] {processor.py:925} INFO - DAG(s) 'tutorial_dag' retrieved from /usr/local/python/3.12.1/lib/python3.12/site-packages/airflow/example_dags/tutorial_dag.py
[2026-05-18T15:08:12.375+0000] {logging_mixin.py:190} INFO - [2026-05-18T15:08:12.375+0000] {dag.py:3239} INFO - Sync 1 DAGs
[2026-05-18T15:08:12.389+0000] {logging_mixin.py:190} INFO - [2026-05-18T15:08:12.389+0000] {dag.py:4180} INFO - Setting next_dagrun for tutorial_dag to None, run_after=None
[2026-05-18T15:08:12.405+0000] {processor.py:208} INFO - Processing /usr/local/python/3.12.1/lib/python3.12/site-packages/airflow/example_dags/tutorial_dag.py took 0.057 seconds
[2026-05-18T15:09:03.049+0000] {processor.py:186} INFO - Started process (PID=53211) to work on /usr/local/python/3.12.1/lib/python3.12/site-packages/airflow/example_dags/tutorial_dag.py
[2026-05-18T15:09:03.050+0000] {processor.py:914} INFO - Processing file /usr/local/python/3.12.1/lib/python3.12/site-packages/airflow/example_dags/tutorial_dag.py for tasks to queue
[2026-05-18T15:09:03.052+0000] {logging_mixin.py:190} INFO - [2026-05-18T15:09:03.052+0000] {dagbag.py:588} INFO - Filling up the DagBag from /usr/local/python/3.12.1/lib/python3.12/site-packages/airflow/example_dags/tutorial_dag.py
[2026-05-18T15:09:03.058+0000] {processor.py:925} INFO - DAG(s) 'tutorial_dag' retrieved from /usr/local/python/3.12.1/lib/python3.12/site-packages/airflow/example_dags/tutorial_dag.py
[2026-05-18T15:09:03.071+0000] {logging_mixin.py:190} INFO - [2026-05-18T15:09:03.071+0000] {dag.py:3239} INFO - Sync 1 DAGs
[2026-05-18T15:09:03.084+0000] {logging_mixin.py:190} INFO - [2026-05-18T15:09:03.084+0000] {dag.py:4180} INFO - Setting next_dagrun for tutorial_dag to None, run_after=None
[2026-05-18T15:09:03.100+0000] {processor.py:208} INFO - Processing /usr/local/python/3.12.1/lib/python3.12/site-packages/airflow/example_dags/tutorial_dag.py took 0.055 seconds
[2026-05-18T15:09:54.901+0000] {processor.py:186} INFO - Started process (PID=53733) to work on /usr/local/python/3.12.1/lib/python3.12/site-packages/airflow/example_dags/tutorial_dag.py
[2026-05-18T15:09:54.902+0000] {processor.py:914} INFO - Processing file /usr/local/python/3.12.1/lib/python3.12/site-packages/airflow/example_dags/tutorial_dag.py for tasks to queue
[2026-05-18T15:09:54.904+0000] {logging_mixin.py:190} INFO - [2026-05-18T15:09:54.904+0000] {dagbag.py:588} INFO - Filling up the DagBag from /usr/local/python/3.12.1/lib/python3.12/site-packages/airflow/example_dags/tutorial_dag.py
[2026-05-18T15:09:54.909+0000] {processor.py:925} INFO - DAG(s) 'tutorial_dag' retrieved from /usr/local/python/3.12.1/lib/python3.12/site-packages/airflow/example_dags/tutorial_dag.py
[2026-05-18T15:09:54.925+0000] {logging_mixin.py:190} INFO - [2026-05-18T15:09:54.925+0000] {dag.py:3239} INFO - Sync 1 DAGs
[2026-05-18T15:09:54.937+0000] {logging_mixin.py:190} INFO - [2026-05-18T15:09:54.937+0000] {dag.py:4180} INFO - Setting next_dagrun for tutorial_dag to None, run_after=None
[2026-05-18T15:09:54.954+0000] {processor.py:208} INFO - Processing /usr/local/python/3.12.1/lib/python3.12/site-packages/airflow/example_dags/tutorial_dag.py took 0.057 seconds
[2026-05-18T15:10:45.449+0000] {processor.py:186} INFO - Started process (PID=54181) to work on /usr/local/python/3.12.1/lib/python3.12/site-packages/airflow/example_dags/tutorial_dag.py
[2026-05-18T15:10:45.450+0000] {processor.py:914} INFO - Processing file /usr/local/python/3.12.1/lib/python3.12/site-packages/airflow/example_dags/tutorial_dag.py for tasks to queue
[2026-05-18T15:10:45.453+0000] {logging_mixin.py:190} INFO - [2026-05-18T15:10:45.453+0000] {dagbag.py:588} INFO - Filling up the DagBag from /usr/local/python/3.12.1/lib/python3.12/site-packages/airflow/example_dags/tutorial_dag.py
[2026-05-18T15:10:45.461+0000] {processor.py:925} INFO - DAG(s) 'tutorial_dag' retrieved from /usr/local/python/3.12.1/lib/python3.12/site-packages/airflow/example_dags/tutorial_dag.py
[2026-05-18T15:10:45.482+0000] {logging_mixin.py:190} INFO - [2026-05-18T15:10:45.481+0000] {dag.py:3239} INFO - Sync 1 DAGs
[2026-05-18T15:10:45.496+0000] {logging_mixin.py:190} INFO - [2026-05-18T15:10:45.496+0000] {dag.py:4180} INFO - Setting next_dagrun for tutorial_dag to None, run_after=None
[2026-05-18T15:10:45.513+0000] {processor.py:208} INFO - Processing /usr/local/python/3.12.1/lib/python3.12/site-packages/airflow/example_dags/tutorial_dag.py took 0.070 seconds
[2026-05-18T15:11:35.175+0000] {processor.py:186} INFO - Started process (PID=54629) to work on /usr/local/python/3.12.1/lib/python3.12/site-packages/airflow/example_dags/tutorial_dag.py
[2026-05-18T15:11:35.176+0000] {processor.py:914} INFO - Processing file /usr/local/python/3.12.1/lib/python3.12/site-packages/airflow/example_dags/tutorial_dag.py for tasks to queue
[2026-05-18T15:11:35.178+0000] {logging_mixin.py:190} INFO - [2026-05-18T15:11:35.177+0000] {dagbag.py:588} INFO - Filling up the DagBag from /usr/local/python/3.12.1/lib/python3.12/site-packages/airflow/example_dags/tutorial_dag.py
[2026-05-18T15:11:35.183+0000] {processor.py:925} INFO - DAG(s) 'tutorial_dag' retrieved from /usr/local/python/3.12.1/lib/python3.12/site-packages/airflow/example_dags/tutorial_dag.py
[2026-05-18T15:11:35.195+0000] {logging_mixin.py:190} INFO - [2026-05-18T15:11:35.195+0000] {dag.py:3239} INFO - Sync 1 DAGs
[2026-05-18T15:11:35.208+0000] {logging_mixin.py:190} INFO - [2026-05-18T15:11:35.208+0000] {dag.py:4180} INFO - Setting next_dagrun for tutorial_dag to None, run_after=None
[2026-05-18T15:11:35.226+0000] {processor.py:208} INFO - Processing /usr/local/python/3.12.1/lib/python3.12/site-packages/airflow/example_dags/tutorial_dag.py took 0.056 seconds
[2026-05-18T15:20:21.852+0000] {processor.py:186} INFO - Started process (PID=61219) to work on /usr/local/python/3.12.1/lib/python3.12/site-packages/airflow/example_dags/tutorial_dag.py
[2026-05-18T15:20:21.853+0000] {processor.py:914} INFO - Processing file /usr/local/python/3.12.1/lib/python3.12/site-packages/airflow/example_dags/tutorial_dag.py for tasks to queue
[2026-05-18T15:20:21.857+0000] {logging_mixin.py:190} INFO - [2026-05-18T15:20:21.857+0000] {dagbag.py:588} INFO - Filling up the DagBag from /usr/local/python/3.12.1/lib/python3.12/site-packages/airflow/example_dags/tutorial_dag.py
[2026-05-18T15:20:21.865+0000] {processor.py:925} INFO - DAG(s) 'tutorial_dag' retrieved from /usr/local/python/3.12.1/lib/python3.12/site-packages/airflow/example_dags/tutorial_dag.py
[2026-05-18T15:20:22.056+0000] {logging_mixin.py:190} INFO - [2026-05-18T15:20:22.056+0000] {dag.py:3239} INFO - Sync 1 DAGs
[2026-05-18T15:20:22.067+0000] {logging_mixin.py:190} INFO - [2026-05-18T15:20:22.067+0000] {dag.py:4180} INFO - Setting next_dagrun for tutorial_dag to None, run_after=None
[2026-05-18T15:20:22.088+0000] {processor.py:208} INFO - Processing /usr/local/python/3.12.1/lib/python3.12/site-packages/airflow/example_dags/tutorial_dag.py took 0.241 seconds
[2026-05-18T15:21:30.440+0000] {processor.py:186} INFO - Started process (PID=61967) to work on /usr/local/python/3.12.1/lib/python3.12/site-packages/airflow/example_dags/tutorial_dag.py
[2026-05-18T15:21:30.441+0000] {processor.py:914} INFO - Processing file /usr/local/python/3.12.1/lib/python3.12/site-packages/airflow/example_dags/tutorial_dag.py for tasks to queue
[2026-05-18T15:21:30.443+0000] {logging_mixin.py:190} INFO - [2026-05-18T15:21:30.442+0000] {dagbag.py:588} INFO - Filling up the DagBag from /usr/local/python/3.12.1/lib/python3.12/site-packages/airflow/example_dags/tutorial_dag.py
[2026-05-18T15:21:30.448+0000] {processor.py:925} INFO - DAG(s) 'tutorial_dag' retrieved from /usr/local/python/3.12.1/lib/python3.12/site-packages/airflow/example_dags/tutorial_dag.py
[2026-05-18T15:21:30.460+0000] {logging_mixin.py:190} INFO - [2026-05-18T15:21:30.460+0000] {dag.py:3239} INFO - Sync 1 DAGs
[2026-05-18T15:21:30.470+0000] {logging_mixin.py:190} INFO - [2026-05-18T15:21:30.470+0000] {dag.py:4180} INFO - Setting next_dagrun for tutorial_dag to None, run_after=None
[2026-05-18T15:21:30.486+0000] {processor.py:208} INFO - Processing /usr/local/python/3.12.1/lib/python3.12/site-packages/airflow/example_dags/tutorial_dag.py took 0.050 seconds
[2026-05-18T15:22:32.449+0000] {processor.py:186} INFO - Started process (PID=62568) to work on /usr/local/python/3.12.1/lib/python3.12/site-packages/airflow/example_dags/tutorial_dag.py
[2026-05-18T15:22:32.450+0000] {processor.py:914} INFO - Processing file /usr/local/python/3.12.1/lib/python3.12/site-packages/airflow/example_dags/tutorial_dag.py for tasks to queue
[2026-05-18T15:22:32.452+0000] {logging_mixin.py:190} INFO - [2026-05-18T15:22:32.451+0000] {dagbag.py:588} INFO - Filling up the DagBag from /usr/local/python/3.12.1/lib/python3.12/site-packages/airflow/example_dags/tutorial_dag.py
[2026-05-18T15:22:32.457+0000] {processor.py:925} INFO - DAG(s) 'tutorial_dag' retrieved from /usr/local/python/3.12.1/lib/python3.12/site-packages/airflow/example_dags/tutorial_dag.py
[2026-05-18T15:22:32.471+0000] {logging_mixin.py:190} INFO - [2026-05-18T15:22:32.471+0000] {dag.py:3239} INFO - Sync 1 DAGs
[2026-05-18T15:22:32.484+0000] {logging_mixin.py:190} INFO - [2026-05-18T15:22:32.484+0000] {dag.py:4180} INFO - Setting next_dagrun for tutorial_dag to None, run_after=None
[2026-05-18T15:22:32.501+0000] {processor.py:208} INFO - Processing /usr/local/python/3.12.1/lib/python3.12/site-packages/airflow/example_dags/tutorial_dag.py took 0.056 seconds
[2026-05-18T15:23:40.542+0000] {processor.py:186} INFO - Started process (PID=63286) to work on /usr/local/python/3.12.1/lib/python3.12/site-packages/airflow/example_dags/tutorial_dag.py
[2026-05-18T15:23:40.545+0000] {processor.py:914} INFO - Processing file /usr/local/python/3.12.1/lib/python3.12/site-packages/airflow/example_dags/tutorial_dag.py for tasks to queue
[2026-05-18T15:23:40.548+0000] {logging_mixin.py:190} INFO - [2026-05-18T15:23:40.548+0000] {dagbag.py:588} INFO - Filling up the DagBag from /usr/local/python/3.12.1/lib/python3.12/site-packages/airflow/example_dags/tutorial_dag.py
[2026-05-18T15:23:40.557+0000] {processor.py:925} INFO - DAG(s) 'tutorial_dag' retrieved from /usr/local/python/3.12.1/lib/python3.12/site-packages/airflow/example_dags/tutorial_dag.py
[2026-05-18T15:23:40.576+0000] {logging_mixin.py:190} INFO - [2026-05-18T15:23:40.576+0000] {dag.py:3239} INFO - Sync 1 DAGs
[2026-05-18T15:23:40.589+0000] {logging_mixin.py:190} INFO - [2026-05-18T15:23:40.589+0000] {dag.py:4180} INFO - Setting next_dagrun for tutorial_dag to None, run_after=None
[2026-05-18T15:23:40.607+0000] {processor.py:208} INFO - Processing /usr/local/python/3.12.1/lib/python3.12/site-packages/airflow/example_dags/tutorial_dag.py took 0.072 seconds
[2026-05-18T15:24:48.128+0000] {processor.py:186} INFO - Started process (PID=63982) to work on /usr/local/python/3.12.1/lib/python3.12/site-packages/airflow/example_dags/tutorial_dag.py
[2026-05-18T15:24:48.129+0000] {processor.py:914} INFO - Processing file /usr/local/python/3.12.1/lib/python3.12/site-packages/airflow/example_dags/tutorial_dag.py for tasks to queue
[2026-05-18T15:24:48.131+0000] {logging_mixin.py:190} INFO - [2026-05-18T15:24:48.130+0000] {dagbag.py:588} INFO - Filling up the DagBag from /usr/local/python/3.12.1/lib/python3.12/site-packages/airflow/example_dags/tutorial_dag.py
[2026-05-18T15:24:48.136+0000] {processor.py:925} INFO - DAG(s) 'tutorial_dag' retrieved from /usr/local/python/3.12.1/lib/python3.12/site-packages/airflow/example_dags/tutorial_dag.py
[2026-05-18T15:24:48.153+0000] {logging_mixin.py:190} INFO - [2026-05-18T15:24:48.153+0000] {dag.py:3239} INFO - Sync 1 DAGs
[2026-05-18T15:24:48.163+0000] {logging_mixin.py:190} INFO - [2026-05-18T15:24:48.163+0000] {dag.py:4180} INFO - Setting next_dagrun for tutorial_dag to None, run_after=None
[2026-05-18T15:24:48.182+0000] {processor.py:208} INFO - Processing /usr/local/python/3.12.1/lib/python3.12/site-packages/airflow/example_dags/tutorial_dag.py took 0.058 seconds
[2026-05-18T15:25:52.037+0000] {processor.py:186} INFO - Started process (PID=64704) to work on /usr/local/python/3.12.1/lib/python3.12/site-packages/airflow/example_dags/tutorial_dag.py
[2026-05-18T15:25:52.037+0000] {processor.py:914} INFO - Processing file /usr/local/python/3.12.1/lib/python3.12/site-packages/airflow/example_dags/tutorial_dag.py for tasks to queue
[2026-05-18T15:25:52.039+0000] {logging_mixin.py:190} INFO - [2026-05-18T15:25:52.039+0000] {dagbag.py:588} INFO - Filling up the DagBag from /usr/local/python/3.12.1/lib/python3.12/site-packages/airflow/example_dags/tutorial_dag.py
[2026-05-18T15:25:52.045+0000] {processor.py:925} INFO - DAG(s) 'tutorial_dag' retrieved from /usr/local/python/3.12.1/lib/python3.12/site-packages/airflow/example_dags/tutorial_dag.py
[2026-05-18T15:25:52.057+0000] {logging_mixin.py:190} INFO - [2026-05-18T15:25:52.057+0000] {dag.py:3239} INFO - Sync 1 DAGs
[2026-05-18T15:25:52.068+0000] {logging_mixin.py:190} INFO - [2026-05-18T15:25:52.068+0000] {dag.py:4180} INFO - Setting next_dagrun for tutorial_dag to None, run_after=None
[2026-05-18T15:25:52.089+0000] {processor.py:208} INFO - Processing /usr/local/python/3.12.1/lib/python3.12/site-packages/airflow/example_dags/tutorial_dag.py took 0.056 seconds
[2026-05-18T15:26:56.674+0000] {processor.py:186} INFO - Started process (PID=65390) to work on /usr/local/python/3.12.1/lib/python3.12/site-packages/airflow/example_dags/tutorial_dag.py
[2026-05-18T15:26:56.675+0000] {processor.py:914} INFO - Processing file /usr/local/python/3.12.1/lib/python3.12/site-packages/airflow/example_dags/tutorial_dag.py for tasks to queue
[2026-05-18T15:26:56.679+0000] {logging_mixin.py:190} INFO - [2026-05-18T15:26:56.679+0000] {dagbag.py:588} INFO - Filling up the DagBag from /usr/local/python/3.12.1/lib/python3.12/site-packages/airflow/example_dags/tutorial_dag.py
[2026-05-18T15:26:56.697+0000] {processor.py:925} INFO - DAG(s) 'tutorial_dag' retrieved from /usr/local/python/3.12.1/lib/python3.12/site-packages/airflow/example_dags/tutorial_dag.py
[2026-05-18T15:26:56.718+0000] {logging_mixin.py:190} INFO - [2026-05-18T15:26:56.718+0000] {dag.py:3239} INFO - Sync 1 DAGs
[2026-05-18T15:26:56.738+0000] {logging_mixin.py:190} INFO - [2026-05-18T15:26:56.737+0000] {dag.py:4180} INFO - Setting next_dagrun for tutorial_dag to None, run_after=None
[2026-05-18T15:26:56.761+0000] {processor.py:208} INFO - Processing /usr/local/python/3.12.1/lib/python3.12/site-packages/airflow/example_dags/tutorial_dag.py took 0.103 seconds
[2026-05-18T15:28:04.367+0000] {processor.py:186} INFO - Started process (PID=66140) to work on /usr/local/python/3.12.1/lib/python3.12/site-packages/airflow/example_dags/tutorial_dag.py
[2026-05-18T15:28:04.368+0000] {processor.py:914} INFO - Processing file /usr/local/python/3.12.1/lib/python3.12/site-packages/airflow/example_dags/tutorial_dag.py for tasks to queue
[2026-05-18T15:28:04.370+0000] {logging_mixin.py:190} INFO - [2026-05-18T15:28:04.369+0000] {dagbag.py:588} INFO - Filling up the DagBag from /usr/local/python/3.12.1/lib/python3.12/site-packages/airflow/example_dags/tutorial_dag.py
[2026-05-18T15:28:04.376+0000] {processor.py:925} INFO - DAG(s) 'tutorial_dag' retrieved from /usr/local/python/3.12.1/lib/python3.12/site-packages/airflow/example_dags/tutorial_dag.py
[2026-05-18T15:28:04.388+0000] {logging_mixin.py:190} INFO - [2026-05-18T15:28:04.388+0000] {dag.py:3239} INFO - Sync 1 DAGs
[2026-05-18T15:28:04.398+0000] {logging_mixin.py:190} INFO - [2026-05-18T15:28:04.398+0000] {dag.py:4180} INFO - Setting next_dagrun for tutorial_dag to None, run_after=None
[2026-05-18T15:28:04.416+0000] {processor.py:208} INFO - Processing /usr/local/python/3.12.1/lib/python3.12/site-packages/airflow/example_dags/tutorial_dag.py took 0.054 seconds
[2026-05-18T15:29:06.513+0000] {processor.py:186} INFO - Started process (PID=66741) to work on /usr/local/python/3.12.1/lib/python3.12/site-packages/airflow/example_dags/tutorial_dag.py
[2026-05-18T15:29:06.514+0000] {processor.py:914} INFO - Processing file /usr/local/python/3.12.1/lib/python3.12/site-packages/airflow/example_dags/tutorial_dag.py for tasks to queue
[2026-05-18T15:29:06.515+0000] {logging_mixin.py:190} INFO - [2026-05-18T15:29:06.515+0000] {dagbag.py:588} INFO - Filling up the DagBag from /usr/local/python/3.12.1/lib/python3.12/site-packages/airflow/example_dags/tutorial_dag.py
[2026-05-18T15:29:06.521+0000] {processor.py:925} INFO - DAG(s) 'tutorial_dag' retrieved from /usr/local/python/3.12.1/lib/python3.12/site-packages/airflow/example_dags/tutorial_dag.py
[2026-05-18T15:29:06.535+0000] {logging_mixin.py:190} INFO - [2026-05-18T15:29:06.535+0000] {dag.py:3239} INFO - Sync 1 DAGs
[2026-05-18T15:29:06.545+0000] {logging_mixin.py:190} INFO - [2026-05-18T15:29:06.545+0000] {dag.py:4180} INFO - Setting next_dagrun for tutorial_dag to None, run_after=None
[2026-05-18T15:29:06.561+0000] {processor.py:208} INFO - Processing /usr/local/python/3.12.1/lib/python3.12/site-packages/airflow/example_dags/tutorial_dag.py took 0.052 seconds
[2026-05-18T15:30:09.962+0000] {processor.py:186} INFO - Started process (PID=67408) to work on /usr/local/python/3.12.1/lib/python3.12/site-packages/airflow/example_dags/tutorial_dag.py
[2026-05-18T15:30:09.966+0000] {processor.py:914} INFO - Processing file /usr/local/python/3.12.1/lib/python3.12/site-packages/airflow/example_dags/tutorial_dag.py for tasks to queue
[2026-05-18T15:30:09.969+0000] {logging_mixin.py:190} INFO - [2026-05-18T15:30:09.968+0000] {dagbag.py:588} INFO - Filling up the DagBag from /usr/local/python/3.12.1/lib/python3.12/site-packages/airflow/example_dags/tutorial_dag.py
[2026-05-18T15:30:09.976+0000] {processor.py:925} INFO - DAG(s) 'tutorial_dag' retrieved from /usr/local/python/3.12.1/lib/python3.12/site-packages/airflow/example_dags/tutorial_dag.py
[2026-05-18T15:30:09.990+0000] {logging_mixin.py:190} INFO - [2026-05-18T15:30:09.990+0000] {dag.py:3239} INFO - Sync 1 DAGs
[2026-05-18T15:30:10.000+0000] {logging_mixin.py:190} INFO - [2026-05-18T15:30:10.000+0000] {dag.py:4180} INFO - Setting next_dagrun for tutorial_dag to None, run_after=None
[2026-05-18T15:30:10.016+0000] {processor.py:208} INFO - Processing /usr/local/python/3.12.1/lib/python3.12/site-packages/airflow/example_dags/tutorial_dag.py took 0.060 seconds
[2026-05-18T15:31:14.648+0000] {processor.py:186} INFO - Started process (PID=68101) to work on /usr/local/python/3.12.1/lib/python3.12/site-packages/airflow/example_dags/tutorial_dag.py
[2026-05-18T15:31:14.649+0000] {processor.py:914} INFO - Processing file /usr/local/python/3.12.1/lib/python3.12/site-packages/airflow/example_dags/tutorial_dag.py for tasks to queue
[2026-05-18T15:31:14.651+0000] {logging_mixin.py:190} INFO - [2026-05-18T15:31:14.651+0000] {dagbag.py:588} INFO - Filling up the DagBag from /usr/local/python/3.12.1/lib/python3.12/site-packages/airflow/example_dags/tutorial_dag.py
[2026-05-18T15:31:14.660+0000] {processor.py:925} INFO - DAG(s) 'tutorial_dag' retrieved from /usr/local/python/3.12.1/lib/python3.12/site-packages/airflow/example_dags/tutorial_dag.py
[2026-05-18T15:31:14.677+0000] {logging_mixin.py:190} INFO - [2026-05-18T15:31:14.677+0000] {dag.py:3239} INFO - Sync 1 DAGs
[2026-05-18T15:31:14.690+0000] {logging_mixin.py:190} INFO - [2026-05-18T15:31:14.690+0000] {dag.py:4180} INFO - Setting next_dagrun for tutorial_dag to None, run_after=None
[2026-05-18T15:31:14.707+0000] {processor.py:208} INFO - Processing /usr/local/python/3.12.1/lib/python3.12/site-packages/airflow/example_dags/tutorial_dag.py took 0.065 seconds
[2026-05-18T15:32:15.295+0000] {processor.py:186} INFO - Started process (PID=68690) to work on /usr/local/python/3.12.1/lib/python3.12/site-packages/airflow/example_dags/tutorial_dag.py
[2026-05-18T15:32:15.296+0000] {processor.py:914} INFO - Processing file /usr/local/python/3.12.1/lib/python3.12/site-packages/airflow/example_dags/tutorial_dag.py for tasks to queue
[2026-05-18T15:32:15.297+0000] {logging_mixin.py:190} INFO - [2026-05-18T15:32:15.297+0000] {dagbag.py:588} INFO - Filling up the DagBag from /usr/local/python/3.12.1/lib/python3.12/site-packages/airflow/example_dags/tutorial_dag.py
[2026-05-18T15:32:15.303+0000] {processor.py:925} INFO - DAG(s) 'tutorial_dag' retrieved from /usr/local/python/3.12.1/lib/python3.12/site-packages/airflow/example_dags/tutorial_dag.py
[2026-05-18T15:32:15.315+0000] {logging_mixin.py:190} INFO - [2026-05-18T15:32:15.315+0000] {dag.py:3239} INFO - Sync 1 DAGs
[2026-05-18T15:32:15.325+0000] {logging_mixin.py:190} INFO - [2026-05-18T15:32:15.325+0000] {dag.py:4180} INFO - Setting next_dagrun for tutorial_dag to None, run_after=None
[2026-05-18T15:32:15.341+0000] {processor.py:208} INFO - Processing /usr/local/python/3.12.1/lib/python3.12/site-packages/airflow/example_dags/tutorial_dag.py took 0.050 seconds
[2026-05-18T15:33:16.896+0000] {processor.py:186} INFO - Started process (PID=69350) to work on /usr/local/python/3.12.1/lib/python3.12/site-packages/airflow/example_dags/tutorial_dag.py
[2026-05-18T15:33:16.897+0000] {processor.py:914} INFO - Processing file /usr/local/python/3.12.1/lib/python3.12/site-packages/airflow/example_dags/tutorial_dag.py for tasks to queue
[2026-05-18T15:33:16.898+0000] {logging_mixin.py:190} INFO - [2026-05-18T15:33:16.898+0000] {dagbag.py:588} INFO - Filling up the DagBag from /usr/local/python/3.12.1/lib/python3.12/site-packages/airflow/example_dags/tutorial_dag.py
[2026-05-18T15:33:16.904+0000] {processor.py:925} INFO - DAG(s) 'tutorial_dag' retrieved from /usr/local/python/3.12.1/lib/python3.12/site-packages/airflow/example_dags/tutorial_dag.py
[2026-05-18T15:33:16.916+0000] {logging_mixin.py:190} INFO - [2026-05-18T15:33:16.916+0000] {dag.py:3239} INFO - Sync 1 DAGs
[2026-05-18T15:33:16.926+0000] {logging_mixin.py:190} INFO - [2026-05-18T15:33:16.926+0000] {dag.py:4180} INFO - Setting next_dagrun for tutorial_dag to None, run_after=None
[2026-05-18T15:33:16.942+0000] {processor.py:208} INFO - Processing /usr/local/python/3.12.1/lib/python3.12/site-packages/airflow/example_dags/tutorial_dag.py took 0.050 seconds
[2026-05-18T15:34:22.637+0000] {processor.py:186} INFO - Started process (PID=69964) to work on /usr/local/python/3.12.1/lib/python3.12/site-packages/airflow/example_dags/tutorial_dag.py
[2026-05-18T15:34:22.638+0000] {processor.py:914} INFO - Processing file /usr/local/python/3.12.1/lib/python3.12/site-packages/airflow/example_dags/tutorial_dag.py for tasks to queue
[2026-05-18T15:34:22.639+0000] {logging_mixin.py:190} INFO - [2026-05-18T15:34:22.639+0000] {dagbag.py:588} INFO - Filling up the DagBag from /usr/local/python/3.12.1/lib/python3.12/site-packages/airflow/example_dags/tutorial_dag.py
[2026-05-18T15:34:22.646+0000] {processor.py:925} INFO - DAG(s) 'tutorial_dag' retrieved from /usr/local/python/3.12.1/lib/python3.12/site-packages/airflow/example_dags/tutorial_dag.py
[2026-05-18T15:34:22.658+0000] {logging_mixin.py:190} INFO - [2026-05-18T15:34:22.658+0000] {dag.py:3239} INFO - Sync 1 DAGs
[2026-05-18T15:34:22.672+0000] {logging_mixin.py:190} INFO - [2026-05-18T15:34:22.671+0000] {dag.py:4180} INFO - Setting next_dagrun for tutorial_dag to None, run_after=None
[2026-05-18T15:34:22.694+0000] {processor.py:208} INFO - Processing /usr/local/python/3.12.1/lib/python3.12/site-packages/airflow/example_dags/tutorial_dag.py took 0.062 seconds
[2026-05-18T15:35:25.253+0000] {processor.py:186} INFO - Started process (PID=70677) to work on /usr/local/python/3.12.1/lib/python3.12/site-packages/airflow/example_dags/tutorial_dag.py
[2026-05-18T15:35:25.254+0000] {processor.py:914} INFO - Processing file /usr/local/python/3.12.1/lib/python3.12/site-packages/airflow/example_dags/tutorial_dag.py for tasks to queue
[2026-05-18T15:35:25.255+0000] {logging_mixin.py:190} INFO - [2026-05-18T15:35:25.255+0000] {dagbag.py:588} INFO - Filling up the DagBag from /usr/local/python/3.12.1/lib/python3.12/site-packages/airflow/example_dags/tutorial_dag.py
[2026-05-18T15:35:25.261+0000] {processor.py:925} INFO - DAG(s) 'tutorial_dag' retrieved from /usr/local/python/3.12.1/lib/python3.12/site-packages/airflow/example_dags/tutorial_dag.py
[2026-05-18T15:35:25.276+0000] {logging_mixin.py:190} INFO - [2026-05-18T15:35:25.276+0000] {dag.py:3239} INFO - Sync 1 DAGs
[2026-05-18T15:35:25.289+0000] {logging_mixin.py:190} INFO - [2026-05-18T15:35:25.289+0000] {dag.py:4180} INFO - Setting next_dagrun for tutorial_dag to None, run_after=None
[2026-05-18T15:35:25.308+0000] {processor.py:208} INFO - Processing /usr/local/python/3.12.1/lib/python3.12/site-packages/airflow/example_dags/tutorial_dag.py took 0.059 seconds
[2026-05-18T15:36:27.095+0000] {processor.py:186} INFO - Started process (PID=71272) to work on /usr/local/python/3.12.1/lib/python3.12/site-packages/airflow/example_dags/tutorial_dag.py
[2026-05-18T15:36:27.096+0000] {processor.py:914} INFO - Processing file /usr/local/python/3.12.1/lib/python3.12/site-packages/airflow/example_dags/tutorial_dag.py for tasks to queue
[2026-05-18T15:36:27.098+0000] {logging_mixin.py:190} INFO - [2026-05-18T15:36:27.097+0000] {dagbag.py:588} INFO - Filling up the DagBag from /usr/local/python/3.12.1/lib/python3.12/site-packages/airflow/example_dags/tutorial_dag.py
[2026-05-18T15:36:27.103+0000] {processor.py:925} INFO - DAG(s) 'tutorial_dag' retrieved from /usr/local/python/3.12.1/lib/python3.12/site-packages/airflow/example_dags/tutorial_dag.py
[2026-05-18T15:36:27.115+0000] {logging_mixin.py:190} INFO - [2026-05-18T15:36:27.115+0000] {dag.py:3239} INFO - Sync 1 DAGs
[2026-05-18T15:36:27.126+0000] {logging_mixin.py:190} INFO - [2026-05-18T15:36:27.126+0000] {dag.py:4180} INFO - Setting next_dagrun for tutorial_dag to None, run_after=None
[2026-05-18T15:36:27.142+0000] {processor.py:208} INFO - Processing /usr/local/python/3.12.1/lib/python3.12/site-packages/airflow/example_dags/tutorial_dag.py took 0.050 seconds
[2026-05-18T15:37:27.509+0000] {processor.py:186} INFO - Started process (PID=71865) to work on /usr/local/python/3.12.1/lib/python3.12/site-packages/airflow/example_dags/tutorial_dag.py
[2026-05-18T15:37:27.510+0000] {processor.py:914} INFO - Processing file /usr/local/python/3.12.1/lib/python3.12/site-packages/airflow/example_dags/tutorial_dag.py for tasks to queue
[2026-05-18T15:37:27.511+0000] {logging_mixin.py:190} INFO - [2026-05-18T15:37:27.511+0000] {dagbag.py:588} INFO - Filling up the DagBag from /usr/local/python/3.12.1/lib/python3.12/site-packages/airflow/example_dags/tutorial_dag.py
[2026-05-18T15:37:27.517+0000] {processor.py:925} INFO - DAG(s) 'tutorial_dag' retrieved from /usr/local/python/3.12.1/lib/python3.12/site-packages/airflow/example_dags/tutorial_dag.py
[2026-05-18T15:37:27.532+0000] {logging_mixin.py:190} INFO - [2026-05-18T15:37:27.532+0000] {dag.py:3239} INFO - Sync 1 DAGs
[2026-05-18T15:37:27.548+0000] {logging_mixin.py:190} INFO - [2026-05-18T15:37:27.548+0000] {dag.py:4180} INFO - Setting next_dagrun for tutorial_dag to None, run_after=None
[2026-05-18T15:37:27.577+0000] {processor.py:208} INFO - Processing /usr/local/python/3.12.1/lib/python3.12/site-packages/airflow/example_dags/tutorial_dag.py took 0.072 seconds
[2026-05-18T15:38:28.821+0000] {processor.py:186} INFO - Started process (PID=72460) to work on /usr/local/python/3.12.1/lib/python3.12/site-packages/airflow/example_dags/tutorial_dag.py
[2026-05-18T15:38:28.821+0000] {processor.py:914} INFO - Processing file /usr/local/python/3.12.1/lib/python3.12/site-packages/airflow/example_dags/tutorial_dag.py for tasks to queue
[2026-05-18T15:38:28.823+0000] {logging_mixin.py:190} INFO - [2026-05-18T15:38:28.822+0000] {dagbag.py:588} INFO - Filling up the DagBag from /usr/local/python/3.12.1/lib/python3.12/site-packages/airflow/example_dags/tutorial_dag.py
[2026-05-18T15:38:28.828+0000] {processor.py:925} INFO - DAG(s) 'tutorial_dag' retrieved from /usr/local/python/3.12.1/lib/python3.12/site-packages/airflow/example_dags/tutorial_dag.py
[2026-05-18T15:38:28.840+0000] {logging_mixin.py:190} INFO - [2026-05-18T15:38:28.840+0000] {dag.py:3239} INFO - Sync 1 DAGs
[2026-05-18T15:38:28.850+0000] {logging_mixin.py:190} INFO - [2026-05-18T15:38:28.849+0000] {dag.py:4180} INFO - Setting next_dagrun for tutorial_dag to None, run_after=None
[2026-05-18T15:38:28.868+0000] {processor.py:208} INFO - Processing /usr/local/python/3.12.1/lib/python3.12/site-packages/airflow/example_dags/tutorial_dag.py took 0.052 seconds
[2026-05-18T15:39:36.838+0000] {processor.py:186} INFO - Started process (PID=73165) to work on /usr/local/python/3.12.1/lib/python3.12/site-packages/airflow/example_dags/tutorial_dag.py
[2026-05-18T15:39:36.839+0000] {processor.py:914} INFO - Processing file /usr/local/python/3.12.1/lib/python3.12/site-packages/airflow/example_dags/tutorial_dag.py for tasks to queue
[2026-05-18T15:39:36.841+0000] {logging_mixin.py:190} INFO - [2026-05-18T15:39:36.840+0000] {dagbag.py:588} INFO - Filling up the DagBag from /usr/local/python/3.12.1/lib/python3.12/site-packages/airflow/example_dags/tutorial_dag.py
[2026-05-18T15:39:36.846+0000] {processor.py:925} INFO - DAG(s) 'tutorial_dag' retrieved from /usr/local/python/3.12.1/lib/python3.12/site-packages/airflow/example_dags/tutorial_dag.py
[2026-05-18T15:39:36.858+0000] {logging_mixin.py:190} INFO - [2026-05-18T15:39:36.858+0000] {dag.py:3239} INFO - Sync 1 DAGs
[2026-05-18T15:39:36.870+0000] {logging_mixin.py:190} INFO - [2026-05-18T15:39:36.869+0000] {dag.py:4180} INFO - Setting next_dagrun for tutorial_dag to None, run_after=None
[2026-05-18T15:39:36.889+0000] {processor.py:208} INFO - Processing /usr/local/python/3.12.1/lib/python3.12/site-packages/airflow/example_dags/tutorial_dag.py took 0.055 seconds
[2026-05-18T15:40:38.693+0000] {processor.py:186} INFO - Started process (PID=73878) to work on /usr/local/python/3.12.1/lib/python3.12/site-packages/airflow/example_dags/tutorial_dag.py
[2026-05-18T15:40:38.694+0000] {processor.py:914} INFO - Processing file /usr/local/python/3.12.1/lib/python3.12/site-packages/airflow/example_dags/tutorial_dag.py for tasks to queue
[2026-05-18T15:40:38.696+0000] {logging_mixin.py:190} INFO - [2026-05-18T15:40:38.695+0000] {dagbag.py:588} INFO - Filling up the DagBag from /usr/local/python/3.12.1/lib/python3.12/site-packages/airflow/example_dags/tutorial_dag.py
[2026-05-18T15:40:38.702+0000] {processor.py:925} INFO - DAG(s) 'tutorial_dag' retrieved from /usr/local/python/3.12.1/lib/python3.12/site-packages/airflow/example_dags/tutorial_dag.py
[2026-05-18T15:40:38.713+0000] {logging_mixin.py:190} INFO - [2026-05-18T15:40:38.713+0000] {dag.py:3239} INFO - Sync 1 DAGs
[2026-05-18T15:40:38.723+0000] {logging_mixin.py:190} INFO - [2026-05-18T15:40:38.723+0000] {dag.py:4180} INFO - Setting next_dagrun for tutorial_dag to None, run_after=None
[2026-05-18T15:40:38.739+0000] {processor.py:208} INFO - Processing /usr/local/python/3.12.1/lib/python3.12/site-packages/airflow/example_dags/tutorial_dag.py took 0.049 seconds
[2026-05-18T15:41:43.747+0000] {processor.py:186} INFO - Started process (PID=74500) to work on /usr/local/python/3.12.1/lib/python3.12/site-packages/airflow/example_dags/tutorial_dag.py
[2026-05-18T15:41:43.747+0000] {processor.py:914} INFO - Processing file /usr/local/python/3.12.1/lib/python3.12/site-packages/airflow/example_dags/tutorial_dag.py for tasks to queue
[2026-05-18T15:41:43.749+0000] {logging_mixin.py:190} INFO - [2026-05-18T15:41:43.749+0000] {dagbag.py:588} INFO - Filling up the DagBag from /usr/local/python/3.12.1/lib/python3.12/site-packages/airflow/example_dags/tutorial_dag.py
[2026-05-18T15:41:43.757+0000] {processor.py:925} INFO - DAG(s) 'tutorial_dag' retrieved from /usr/local/python/3.12.1/lib/python3.12/site-packages/airflow/example_dags/tutorial_dag.py
[2026-05-18T15:41:43.771+0000] {logging_mixin.py:190} INFO - [2026-05-18T15:41:43.771+0000] {dag.py:3239} INFO - Sync 1 DAGs
[2026-05-18T15:41:43.782+0000] {logging_mixin.py:190} INFO - [2026-05-18T15:41:43.782+0000] {dag.py:4180} INFO - Setting next_dagrun for tutorial_dag to None, run_after=None
[2026-05-18T15:41:43.800+0000] {processor.py:208} INFO - Processing /usr/local/python/3.12.1/lib/python3.12/site-packages/airflow/example_dags/tutorial_dag.py took 0.057 seconds
[2026-05-18T15:42:47.306+0000] {processor.py:186} INFO - Started process (PID=75305) to work on /usr/local/python/3.12.1/lib/python3.12/site-packages/airflow/example_dags/tutorial_dag.py
[2026-05-18T15:42:47.307+0000] {processor.py:914} INFO - Processing file /usr/local/python/3.12.1/lib/python3.12/site-packages/airflow/example_dags/tutorial_dag.py for tasks to queue
[2026-05-18T15:42:47.309+0000] {logging_mixin.py:190} INFO - [2026-05-18T15:42:47.308+0000] {dagbag.py:588} INFO - Filling up the DagBag from /usr/local/python/3.12.1/lib/python3.12/site-packages/airflow/example_dags/tutorial_dag.py
[2026-05-18T15:42:47.315+0000] {processor.py:925} INFO - DAG(s) 'tutorial_dag' retrieved from /usr/local/python/3.12.1/lib/python3.12/site-packages/airflow/example_dags/tutorial_dag.py
[2026-05-18T15:42:47.327+0000] {logging_mixin.py:190} INFO - [2026-05-18T15:42:47.327+0000] {dag.py:3239} INFO - Sync 1 DAGs
[2026-05-18T15:42:47.338+0000] {logging_mixin.py:190} INFO - [2026-05-18T15:42:47.338+0000] {dag.py:4180} INFO - Setting next_dagrun for tutorial_dag to None, run_after=None
[2026-05-18T15:42:47.354+0000] {processor.py:208} INFO - Processing /usr/local/python/3.12.1/lib/python3.12/site-packages/airflow/example_dags/tutorial_dag.py took 0.052 seconds
[2026-05-18T15:46:10.880+0000] {processor.py:186} INFO - Started process (PID=77416) to work on /usr/local/python/3.12.1/lib/python3.12/site-packages/airflow/example_dags/tutorial_dag.py
[2026-05-18T15:46:10.881+0000] {processor.py:914} INFO - Processing file /usr/local/python/3.12.1/lib/python3.12/site-packages/airflow/example_dags/tutorial_dag.py for tasks to queue
[2026-05-18T15:46:10.884+0000] {logging_mixin.py:190} INFO - [2026-05-18T15:46:10.884+0000] {dagbag.py:588} INFO - Filling up the DagBag from /usr/local/python/3.12.1/lib/python3.12/site-packages/airflow/example_dags/tutorial_dag.py
[2026-05-18T15:46:10.890+0000] {processor.py:925} INFO - DAG(s) 'tutorial_dag' retrieved from /usr/local/python/3.12.1/lib/python3.12/site-packages/airflow/example_dags/tutorial_dag.py
[2026-05-18T15:46:10.903+0000] {logging_mixin.py:190} INFO - [2026-05-18T15:46:10.903+0000] {dag.py:3239} INFO - Sync 1 DAGs
[2026-05-18T15:46:10.914+0000] {logging_mixin.py:190} INFO - [2026-05-18T15:46:10.914+0000] {dag.py:4180} INFO - Setting next_dagrun for tutorial_dag to None, run_after=None
[2026-05-18T15:46:10.930+0000] {processor.py:208} INFO - Processing /usr/local/python/3.12.1/lib/python3.12/site-packages/airflow/example_dags/tutorial_dag.py took 0.055 seconds
[2026-05-18T15:47:12.482+0000] {processor.py:186} INFO - Started process (PID=78006) to work on /usr/local/python/3.12.1/lib/python3.12/site-packages/airflow/example_dags/tutorial_dag.py
[2026-05-18T15:47:12.482+0000] {processor.py:914} INFO - Processing file /usr/local/python/3.12.1/lib/python3.12/site-packages/airflow/example_dags/tutorial_dag.py for tasks to queue
[2026-05-18T15:47:12.485+0000] {logging_mixin.py:190} INFO - [2026-05-18T15:47:12.485+0000] {dagbag.py:588} INFO - Filling up the DagBag from /usr/local/python/3.12.1/lib/python3.12/site-packages/airflow/example_dags/tutorial_dag.py
[2026-05-18T15:47:12.492+0000] {processor.py:925} INFO - DAG(s) 'tutorial_dag' retrieved from /usr/local/python/3.12.1/lib/python3.12/site-packages/airflow/example_dags/tutorial_dag.py
[2026-05-18T15:47:12.506+0000] {logging_mixin.py:190} INFO - [2026-05-18T15:47:12.505+0000] {dag.py:3239} INFO - Sync 1 DAGs
[2026-05-18T15:47:12.516+0000] {logging_mixin.py:190} INFO - [2026-05-18T15:47:12.516+0000] {dag.py:4180} INFO - Setting next_dagrun for tutorial_dag to None, run_after=None
[2026-05-18T15:47:12.533+0000] {processor.py:208} INFO - Processing /usr/local/python/3.12.1/lib/python3.12/site-packages/airflow/example_dags/tutorial_dag.py took 0.060 seconds
[2026-05-18T15:48:14.421+0000] {processor.py:186} INFO - Started process (PID=78600) to work on /usr/local/python/3.12.1/lib/python3.12/site-packages/airflow/example_dags/tutorial_dag.py
[2026-05-18T15:48:14.422+0000] {processor.py:914} INFO - Processing file /usr/local/python/3.12.1/lib/python3.12/site-packages/airflow/example_dags/tutorial_dag.py for tasks to queue
[2026-05-18T15:48:14.425+0000] {logging_mixin.py:190} INFO - [2026-05-18T15:48:14.424+0000] {dagbag.py:588} INFO - Filling up the DagBag from /usr/local/python/3.12.1/lib/python3.12/site-packages/airflow/example_dags/tutorial_dag.py
[2026-05-18T15:48:14.430+0000] {processor.py:925} INFO - DAG(s) 'tutorial_dag' retrieved from /usr/local/python/3.12.1/lib/python3.12/site-packages/airflow/example_dags/tutorial_dag.py
[2026-05-18T15:48:14.442+0000] {logging_mixin.py:190} INFO - [2026-05-18T15:48:14.442+0000] {dag.py:3239} INFO - Sync 1 DAGs
[2026-05-18T15:48:14.451+0000] {logging_mixin.py:190} INFO - [2026-05-18T15:48:14.451+0000] {dag.py:4180} INFO - Setting next_dagrun for tutorial_dag to None, run_after=None
[2026-05-18T15:48:14.470+0000] {processor.py:208} INFO - Processing /usr/local/python/3.12.1/lib/python3.12/site-packages/airflow/example_dags/tutorial_dag.py took 0.054 seconds
[2026-05-18T15:49:22.187+0000] {processor.py:186} INFO - Started process (PID=79321) to work on /usr/local/python/3.12.1/lib/python3.12/site-packages/airflow/example_dags/tutorial_dag.py
[2026-05-18T15:49:22.188+0000] {processor.py:914} INFO - Processing file /usr/local/python/3.12.1/lib/python3.12/site-packages/airflow/example_dags/tutorial_dag.py for tasks to queue
[2026-05-18T15:49:22.190+0000] {logging_mixin.py:190} INFO - [2026-05-18T15:49:22.190+0000] {dagbag.py:588} INFO - Filling up the DagBag from /usr/local/python/3.12.1/lib/python3.12/site-packages/airflow/example_dags/tutorial_dag.py
[2026-05-18T15:49:22.196+0000] {processor.py:925} INFO - DAG(s) 'tutorial_dag' retrieved from /usr/local/python/3.12.1/lib/python3.12/site-packages/airflow/example_dags/tutorial_dag.py
[2026-05-18T15:49:22.209+0000] {logging_mixin.py:190} INFO - [2026-05-18T15:49:22.209+0000] {dag.py:3239} INFO - Sync 1 DAGs
[2026-05-18T15:49:22.218+0000] {logging_mixin.py:190} INFO - [2026-05-18T15:49:22.218+0000] {dag.py:4180} INFO - Setting next_dagrun for tutorial_dag to None, run_after=None
[2026-05-18T15:49:22.234+0000] {processor.py:208} INFO - Processing /usr/local/python/3.12.1/lib/python3.12/site-packages/airflow/example_dags/tutorial_dag.py took 0.052 seconds
[2026-05-18T15:50:27.010+0000] {processor.py:186} INFO - Started process (PID=80051) to work on /usr/local/python/3.12.1/lib/python3.12/site-packages/airflow/example_dags/tutorial_dag.py
[2026-05-18T15:50:27.011+0000] {processor.py:914} INFO - Processing file /usr/local/python/3.12.1/lib/python3.12/site-packages/airflow/example_dags/tutorial_dag.py for tasks to queue
[2026-05-18T15:50:27.013+0000] {logging_mixin.py:190} INFO - [2026-05-18T15:50:27.013+0000] {dagbag.py:588} INFO - Filling up the DagBag from /usr/local/python/3.12.1/lib/python3.12/site-packages/airflow/example_dags/tutorial_dag.py
[2026-05-18T15:50:27.018+0000] {processor.py:925} INFO - DAG(s) 'tutorial_dag' retrieved from /usr/local/python/3.12.1/lib/python3.12/site-packages/airflow/example_dags/tutorial_dag.py
[2026-05-18T15:50:27.030+0000] {logging_mixin.py:190} INFO - [2026-05-18T15:50:27.030+0000] {dag.py:3239} INFO - Sync 1 DAGs
[2026-05-18T15:50:27.042+0000] {logging_mixin.py:190} INFO - [2026-05-18T15:50:27.042+0000] {dag.py:4180} INFO - Setting next_dagrun for tutorial_dag to None, run_after=None
[2026-05-18T15:50:27.058+0000] {processor.py:208} INFO - Processing /usr/local/python/3.12.1/lib/python3.12/site-packages/airflow/example_dags/tutorial_dag.py took 0.051 seconds
[2026-05-18T15:51:33.464+0000] {processor.py:186} INFO - Started process (PID=80810) to work on /usr/local/python/3.12.1/lib/python3.12/site-packages/airflow/example_dags/tutorial_dag.py
[2026-05-18T15:51:33.465+0000] {processor.py:914} INFO - Processing file /usr/local/python/3.12.1/lib/python3.12/site-packages/airflow/example_dags/tutorial_dag.py for tasks to queue
[2026-05-18T15:51:33.466+0000] {logging_mixin.py:190} INFO - [2026-05-18T15:51:33.466+0000] {dagbag.py:588} INFO - Filling up the DagBag from /usr/local/python/3.12.1/lib/python3.12/site-packages/airflow/example_dags/tutorial_dag.py
[2026-05-18T15:51:33.473+0000] {processor.py:925} INFO - DAG(s) 'tutorial_dag' retrieved from /usr/local/python/3.12.1/lib/python3.12/site-packages/airflow/example_dags/tutorial_dag.py
[2026-05-18T15:51:33.488+0000] {logging_mixin.py:190} INFO - [2026-05-18T15:51:33.488+0000] {dag.py:3239} INFO - Sync 1 DAGs
[2026-05-18T15:51:33.498+0000] {logging_mixin.py:190} INFO - [2026-05-18T15:51:33.498+0000] {dag.py:4180} INFO - Setting next_dagrun for tutorial_dag to None, run_after=None
[2026-05-18T15:51:33.515+0000] {processor.py:208} INFO - Processing /usr/local/python/3.12.1/lib/python3.12/site-packages/airflow/example_dags/tutorial_dag.py took 0.055 seconds
[2026-05-18T15:52:31.342+0000] {processor.py:186} INFO - Started process (PID=81333) to work on /usr/local/python/3.12.1/lib/python3.12/site-packages/airflow/example_dags/tutorial_dag.py
[2026-05-18T15:52:31.343+0000] {processor.py:914} INFO - Processing file /usr/local/python/3.12.1/lib/python3.12/site-packages/airflow/example_dags/tutorial_dag.py for tasks to queue
[2026-05-18T15:52:31.344+0000] {logging_mixin.py:190} INFO - [2026-05-18T15:52:31.344+0000] {dagbag.py:588} INFO - Filling up the DagBag from /usr/local/python/3.12.1/lib/python3.12/site-packages/airflow/example_dags/tutorial_dag.py
[2026-05-18T15:52:31.350+0000] {processor.py:925} INFO - DAG(s) 'tutorial_dag' retrieved from /usr/local/python/3.12.1/lib/python3.12/site-packages/airflow/example_dags/tutorial_dag.py
[2026-05-18T15:52:31.362+0000] {logging_mixin.py:190} INFO - [2026-05-18T15:52:31.362+0000] {dag.py:3239} INFO - Sync 1 DAGs
[2026-05-18T15:52:31.376+0000] {logging_mixin.py:190} INFO - [2026-05-18T15:52:31.376+0000] {dag.py:4180} INFO - Setting next_dagrun for tutorial_dag to None, run_after=None
[2026-05-18T15:52:31.397+0000] {processor.py:208} INFO - Processing /usr/local/python/3.12.1/lib/python3.12/site-packages/airflow/example_dags/tutorial_dag.py took 0.059 seconds
[2026-05-18T15:53:31.505+0000] {processor.py:186} INFO - Started process (PID=81858) to work on /usr/local/python/3.12.1/lib/python3.12/site-packages/airflow/example_dags/tutorial_dag.py
[2026-05-18T15:53:31.506+0000] {processor.py:914} INFO - Processing file /usr/local/python/3.12.1/lib/python3.12/site-packages/airflow/example_dags/tutorial_dag.py for tasks to queue
[2026-05-18T15:53:31.507+0000] {logging_mixin.py:190} INFO - [2026-05-18T15:53:31.507+0000] {dagbag.py:588} INFO - Filling up the DagBag from /usr/local/python/3.12.1/lib/python3.12/site-packages/airflow/example_dags/tutorial_dag.py
[2026-05-18T15:53:31.513+0000] {processor.py:925} INFO - DAG(s) 'tutorial_dag' retrieved from /usr/local/python/3.12.1/lib/python3.12/site-packages/airflow/example_dags/tutorial_dag.py
[2026-05-18T15:53:31.525+0000] {logging_mixin.py:190} INFO - [2026-05-18T15:53:31.525+0000] {dag.py:3239} INFO - Sync 1 DAGs
[2026-05-18T15:53:31.535+0000] {logging_mixin.py:190} INFO - [2026-05-18T15:53:31.535+0000] {dag.py:4180} INFO - Setting next_dagrun for tutorial_dag to None, run_after=None
[2026-05-18T15:53:31.552+0000] {processor.py:208} INFO - Processing /usr/local/python/3.12.1/lib/python3.12/site-packages/airflow/example_dags/tutorial_dag.py took 0.051 seconds
[2026-05-18T15:54:33.354+0000] {processor.py:186} INFO - Started process (PID=82389) to work on /usr/local/python/3.12.1/lib/python3.12/site-packages/airflow/example_dags/tutorial_dag.py
[2026-05-18T15:54:33.354+0000] {processor.py:914} INFO - Processing file /usr/local/python/3.12.1/lib/python3.12/site-packages/airflow/example_dags/tutorial_dag.py for tasks to queue
[2026-05-18T15:54:33.355+0000] {logging_mixin.py:190} INFO - [2026-05-18T15:54:33.355+0000] {dagbag.py:588} INFO - Filling up the DagBag from /usr/local/python/3.12.1/lib/python3.12/site-packages/airflow/example_dags/tutorial_dag.py
[2026-05-18T15:54:33.361+0000] {processor.py:925} INFO - DAG(s) 'tutorial_dag' retrieved from /usr/local/python/3.12.1/lib/python3.12/site-packages/airflow/example_dags/tutorial_dag.py
[2026-05-18T15:54:33.377+0000] {logging_mixin.py:190} INFO - [2026-05-18T15:54:33.377+0000] {dag.py:3239} INFO - Sync 1 DAGs
[2026-05-18T15:54:33.389+0000] {logging_mixin.py:190} INFO - [2026-05-18T15:54:33.389+0000] {dag.py:4180} INFO - Setting next_dagrun for tutorial_dag to None, run_after=None
[2026-05-18T15:54:33.407+0000] {processor.py:208} INFO - Processing /usr/local/python/3.12.1/lib/python3.12/site-packages/airflow/example_dags/tutorial_dag.py took 0.058 seconds
[2026-05-18T15:55:35.677+0000] {processor.py:186} INFO - Started process (PID=82925) to work on /usr/local/python/3.12.1/lib/python3.12/site-packages/airflow/example_dags/tutorial_dag.py
[2026-05-18T15:55:35.678+0000] {processor.py:914} INFO - Processing file /usr/local/python/3.12.1/lib/python3.12/site-packages/airflow/example_dags/tutorial_dag.py for tasks to queue
[2026-05-18T15:55:35.679+0000] {logging_mixin.py:190} INFO - [2026-05-18T15:55:35.678+0000] {dagbag.py:588} INFO - Filling up the DagBag from /usr/local/python/3.12.1/lib/python3.12/site-packages/airflow/example_dags/tutorial_dag.py
[2026-05-18T15:55:35.686+0000] {processor.py:925} INFO - DAG(s) 'tutorial_dag' retrieved from /usr/local/python/3.12.1/lib/python3.12/site-packages/airflow/example_dags/tutorial_dag.py
[2026-05-18T15:55:35.735+0000] {logging_mixin.py:190} INFO - [2026-05-18T15:55:35.735+0000] {dag.py:3239} INFO - Sync 1 DAGs
[2026-05-18T15:55:35.779+0000] {logging_mixin.py:190} INFO - [2026-05-18T15:55:35.779+0000] {dag.py:4180} INFO - Setting next_dagrun for tutorial_dag to None, run_after=None
[2026-05-18T15:55:35.802+0000] {processor.py:208} INFO - Processing /usr/local/python/3.12.1/lib/python3.12/site-packages/airflow/example_dags/tutorial_dag.py took 0.131 seconds
[2026-05-18T15:56:35.016+0000] {processor.py:186} INFO - Started process (PID=83509) to work on /usr/local/python/3.12.1/lib/python3.12/site-packages/airflow/example_dags/tutorial_dag.py
[2026-05-18T15:56:35.017+0000] {processor.py:914} INFO - Processing file /usr/local/python/3.12.1/lib/python3.12/site-packages/airflow/example_dags/tutorial_dag.py for tasks to queue
[2026-05-18T15:56:35.018+0000] {logging_mixin.py:190} INFO - [2026-05-18T15:56:35.018+0000] {dagbag.py:588} INFO - Filling up the DagBag from /usr/local/python/3.12.1/lib/python3.12/site-packages/airflow/example_dags/tutorial_dag.py
[2026-05-18T15:56:35.025+0000] {processor.py:925} INFO - DAG(s) 'tutorial_dag' retrieved from /usr/local/python/3.12.1/lib/python3.12/site-packages/airflow/example_dags/tutorial_dag.py
[2026-05-18T15:56:35.036+0000] {logging_mixin.py:190} INFO - [2026-05-18T15:56:35.036+0000] {dag.py:3239} INFO - Sync 1 DAGs
[2026-05-18T15:56:35.046+0000] {logging_mixin.py:190} INFO - [2026-05-18T15:56:35.046+0000] {dag.py:4180} INFO - Setting next_dagrun for tutorial_dag to None, run_after=None
[2026-05-18T15:56:35.062+0000] {processor.py:208} INFO - Processing /usr/local/python/3.12.1/lib/python3.12/site-packages/airflow/example_dags/tutorial_dag.py took 0.049 seconds
[2026-05-18T15:57:32.992+0000] {processor.py:186} INFO - Started process (PID=84008) to work on /usr/local/python/3.12.1/lib/python3.12/site-packages/airflow/example_dags/tutorial_dag.py
[2026-05-18T15:57:32.993+0000] {processor.py:914} INFO - Processing file /usr/local/python/3.12.1/lib/python3.12/site-packages/airflow/example_dags/tutorial_dag.py for tasks to queue
[2026-05-18T15:57:32.994+0000] {logging_mixin.py:190} INFO - [2026-05-18T15:57:32.993+0000] {dagbag.py:588} INFO - Filling up the DagBag from /usr/local/python/3.12.1/lib/python3.12/site-packages/airflow/example_dags/tutorial_dag.py
[2026-05-18T15:57:33.000+0000] {processor.py:925} INFO - DAG(s) 'tutorial_dag' retrieved from /usr/local/python/3.12.1/lib/python3.12/site-packages/airflow/example_dags/tutorial_dag.py
[2026-05-18T15:57:33.012+0000] {logging_mixin.py:190} INFO - [2026-05-18T15:57:33.012+0000] {dag.py:3239} INFO - Sync 1 DAGs
[2026-05-18T15:57:33.023+0000] {logging_mixin.py:190} INFO - [2026-05-18T15:57:33.022+0000] {dag.py:4180} INFO - Setting next_dagrun for tutorial_dag to None, run_after=None
[2026-05-18T15:57:33.042+0000] {processor.py:208} INFO - Processing /usr/local/python/3.12.1/lib/python3.12/site-packages/airflow/example_dags/tutorial_dag.py took 0.054 seconds
[2026-05-18T15:58:31.281+0000] {processor.py:186} INFO - Started process (PID=84526) to work on /usr/local/python/3.12.1/lib/python3.12/site-packages/airflow/example_dags/tutorial_dag.py
[2026-05-18T15:58:31.282+0000] {processor.py:914} INFO - Processing file /usr/local/python/3.12.1/lib/python3.12/site-packages/airflow/example_dags/tutorial_dag.py for tasks to queue
[2026-05-18T15:58:31.283+0000] {logging_mixin.py:190} INFO - [2026-05-18T15:58:31.283+0000] {dagbag.py:588} INFO - Filling up the DagBag from /usr/local/python/3.12.1/lib/python3.12/site-packages/airflow/example_dags/tutorial_dag.py
[2026-05-18T15:58:31.289+0000] {processor.py:925} INFO - DAG(s) 'tutorial_dag' retrieved from /usr/local/python/3.12.1/lib/python3.12/site-packages/airflow/example_dags/tutorial_dag.py
[2026-05-18T15:58:31.301+0000] {logging_mixin.py:190} INFO - [2026-05-18T15:58:31.301+0000] {dag.py:3239} INFO - Sync 1 DAGs
[2026-05-18T15:58:31.311+0000] {logging_mixin.py:190} INFO - [2026-05-18T15:58:31.311+0000] {dag.py:4180} INFO - Setting next_dagrun for tutorial_dag to None, run_after=None
[2026-05-18T15:58:31.328+0000] {processor.py:208} INFO - Processing /usr/local/python/3.12.1/lib/python3.12/site-packages/airflow/example_dags/tutorial_dag.py took 0.052 seconds
[2026-05-18T15:59:34.833+0000] {processor.py:186} INFO - Started process (PID=85067) to work on /usr/local/python/3.12.1/lib/python3.12/site-packages/airflow/example_dags/tutorial_dag.py
[2026-05-18T15:59:34.834+0000] {processor.py:914} INFO - Processing file /usr/local/python/3.12.1/lib/python3.12/site-packages/airflow/example_dags/tutorial_dag.py for tasks to queue
[2026-05-18T15:59:34.835+0000] {logging_mixin.py:190} INFO - [2026-05-18T15:59:34.835+0000] {dagbag.py:588} INFO - Filling up the DagBag from /usr/local/python/3.12.1/lib/python3.12/site-packages/airflow/example_dags/tutorial_dag.py
[2026-05-18T15:59:34.841+0000] {processor.py:925} INFO - DAG(s) 'tutorial_dag' retrieved from /usr/local/python/3.12.1/lib/python3.12/site-packages/airflow/example_dags/tutorial_dag.py
[2026-05-18T15:59:34.853+0000] {logging_mixin.py:190} INFO - [2026-05-18T15:59:34.853+0000] {dag.py:3239} INFO - Sync 1 DAGs
[2026-05-18T15:59:34.863+0000] {logging_mixin.py:190} INFO - [2026-05-18T15:59:34.863+0000] {dag.py:4180} INFO - Setting next_dagrun for tutorial_dag to None, run_after=None
[2026-05-18T15:59:34.883+0000] {processor.py:208} INFO - Processing /usr/local/python/3.12.1/lib/python3.12/site-packages/airflow/example_dags/tutorial_dag.py took 0.054 seconds
[2026-05-18T16:00:35.656+0000] {processor.py:186} INFO - Started process (PID=85666) to work on /usr/local/python/3.12.1/lib/python3.12/site-packages/airflow/example_dags/tutorial_dag.py
[2026-05-18T16:00:35.656+0000] {processor.py:914} INFO - Processing file /usr/local/python/3.12.1/lib/python3.12/site-packages/airflow/example_dags/tutorial_dag.py for tasks to queue
[2026-05-18T16:00:35.657+0000] {logging_mixin.py:190} INFO - [2026-05-18T16:00:35.657+0000] {dagbag.py:588} INFO - Filling up the DagBag from /usr/local/python/3.12.1/lib/python3.12/site-packages/airflow/example_dags/tutorial_dag.py
[2026-05-18T16:00:35.663+0000] {processor.py:925} INFO - DAG(s) 'tutorial_dag' retrieved from /usr/local/python/3.12.1/lib/python3.12/site-packages/airflow/example_dags/tutorial_dag.py
[2026-05-18T16:00:35.679+0000] {logging_mixin.py:190} INFO - [2026-05-18T16:00:35.679+0000] {dag.py:3239} INFO - Sync 1 DAGs
[2026-05-18T16:00:35.689+0000] {logging_mixin.py:190} INFO - [2026-05-18T16:00:35.689+0000] {dag.py:4180} INFO - Setting next_dagrun for tutorial_dag to None, run_after=None
[2026-05-18T16:00:35.706+0000] {processor.py:208} INFO - Processing /usr/local/python/3.12.1/lib/python3.12/site-packages/airflow/example_dags/tutorial_dag.py took 0.054 seconds
[2026-05-18T16:01:41.454+0000] {processor.py:186} INFO - Started process (PID=86302) to work on /usr/local/python/3.12.1/lib/python3.12/site-packages/airflow/example_dags/tutorial_dag.py
[2026-05-18T16:01:41.455+0000] {processor.py:914} INFO - Processing file /usr/local/python/3.12.1/lib/python3.12/site-packages/airflow/example_dags/tutorial_dag.py for tasks to queue
[2026-05-18T16:01:41.456+0000] {logging_mixin.py:190} INFO - [2026-05-18T16:01:41.455+0000] {dagbag.py:588} INFO - Filling up the DagBag from /usr/local/python/3.12.1/lib/python3.12/site-packages/airflow/example_dags/tutorial_dag.py
[2026-05-18T16:01:41.462+0000] {processor.py:925} INFO - DAG(s) 'tutorial_dag' retrieved from /usr/local/python/3.12.1/lib/python3.12/site-packages/airflow/example_dags/tutorial_dag.py
[2026-05-18T16:01:41.474+0000] {logging_mixin.py:190} INFO - [2026-05-18T16:01:41.474+0000] {dag.py:3239} INFO - Sync 1 DAGs
[2026-05-18T16:01:41.484+0000] {logging_mixin.py:190} INFO - [2026-05-18T16:01:41.484+0000] {dag.py:4180} INFO - Setting next_dagrun for tutorial_dag to None, run_after=None
[2026-05-18T16:01:41.502+0000] {processor.py:208} INFO - Processing /usr/local/python/3.12.1/lib/python3.12/site-packages/airflow/example_dags/tutorial_dag.py took 0.052 seconds
[2026-05-18T16:02:43.945+0000] {processor.py:186} INFO - Started process (PID=86841) to work on /usr/local/python/3.12.1/lib/python3.12/site-packages/airflow/example_dags/tutorial_dag.py
[2026-05-18T16:02:43.946+0000] {processor.py:914} INFO - Processing file /usr/local/python/3.12.1/lib/python3.12/site-packages/airflow/example_dags/tutorial_dag.py for tasks to queue
[2026-05-18T16:02:43.947+0000] {logging_mixin.py:190} INFO - [2026-05-18T16:02:43.947+0000] {dagbag.py:588} INFO - Filling up the DagBag from /usr/local/python/3.12.1/lib/python3.12/site-packages/airflow/example_dags/tutorial_dag.py
[2026-05-18T16:02:43.953+0000] {processor.py:925} INFO - DAG(s) 'tutorial_dag' retrieved from /usr/local/python/3.12.1/lib/python3.12/site-packages/airflow/example_dags/tutorial_dag.py
[2026-05-18T16:02:43.966+0000] {logging_mixin.py:190} INFO - [2026-05-18T16:02:43.966+0000] {dag.py:3239} INFO - Sync 1 DAGs
[2026-05-18T16:02:43.981+0000] {logging_mixin.py:190} INFO - [2026-05-18T16:02:43.980+0000] {dag.py:4180} INFO - Setting next_dagrun for tutorial_dag to None, run_after=None
[2026-05-18T16:02:43.999+0000] {processor.py:208} INFO - Processing /usr/local/python/3.12.1/lib/python3.12/site-packages/airflow/example_dags/tutorial_dag.py took 0.058 seconds
[2026-05-18T16:03:45.697+0000] {processor.py:186} INFO - Started process (PID=87377) to work on /usr/local/python/3.12.1/lib/python3.12/site-packages/airflow/example_dags/tutorial_dag.py
[2026-05-18T16:03:45.697+0000] {processor.py:914} INFO - Processing file /usr/local/python/3.12.1/lib/python3.12/site-packages/airflow/example_dags/tutorial_dag.py for tasks to queue
[2026-05-18T16:03:45.698+0000] {logging_mixin.py:190} INFO - [2026-05-18T16:03:45.698+0000] {dagbag.py:588} INFO - Filling up the DagBag from /usr/local/python/3.12.1/lib/python3.12/site-packages/airflow/example_dags/tutorial_dag.py
[2026-05-18T16:03:45.705+0000] {processor.py:925} INFO - DAG(s) 'tutorial_dag' retrieved from /usr/local/python/3.12.1/lib/python3.12/site-packages/airflow/example_dags/tutorial_dag.py
[2026-05-18T16:03:45.717+0000] {logging_mixin.py:190} INFO - [2026-05-18T16:03:45.717+0000] {dag.py:3239} INFO - Sync 1 DAGs
[2026-05-18T16:03:45.728+0000] {logging_mixin.py:190} INFO - [2026-05-18T16:03:45.727+0000] {dag.py:4180} INFO - Setting next_dagrun for tutorial_dag to None, run_after=None
[2026-05-18T16:03:45.745+0000] {processor.py:208} INFO - Processing /usr/local/python/3.12.1/lib/python3.12/site-packages/airflow/example_dags/tutorial_dag.py took 0.053 seconds
[2026-05-18T16:04:42.968+0000] {processor.py:186} INFO - Started process (PID=87880) to work on /usr/local/python/3.12.1/lib/python3.12/site-packages/airflow/example_dags/tutorial_dag.py
[2026-05-18T16:04:42.969+0000] {processor.py:914} INFO - Processing file /usr/local/python/3.12.1/lib/python3.12/site-packages/airflow/example_dags/tutorial_dag.py for tasks to queue
[2026-05-18T16:04:42.970+0000] {logging_mixin.py:190} INFO - [2026-05-18T16:04:42.970+0000] {dagbag.py:588} INFO - Filling up the DagBag from /usr/local/python/3.12.1/lib/python3.12/site-packages/airflow/example_dags/tutorial_dag.py
[2026-05-18T16:04:42.978+0000] {processor.py:925} INFO - DAG(s) 'tutorial_dag' retrieved from /usr/local/python/3.12.1/lib/python3.12/site-packages/airflow/example_dags/tutorial_dag.py
[2026-05-18T16:04:42.992+0000] {logging_mixin.py:190} INFO - [2026-05-18T16:04:42.992+0000] {dag.py:3239} INFO - Sync 1 DAGs
[2026-05-18T16:04:43.002+0000] {logging_mixin.py:190} INFO - [2026-05-18T16:04:43.002+0000] {dag.py:4180} INFO - Setting next_dagrun for tutorial_dag to None, run_after=None
[2026-05-18T16:04:43.019+0000] {processor.py:208} INFO - Processing /usr/local/python/3.12.1/lib/python3.12/site-packages/airflow/example_dags/tutorial_dag.py took 0.056 seconds
[2026-05-18T16:05:42.645+0000] {processor.py:186} INFO - Started process (PID=88388) to work on /usr/local/python/3.12.1/lib/python3.12/site-packages/airflow/example_dags/tutorial_dag.py
[2026-05-18T16:05:42.646+0000] {processor.py:914} INFO - Processing file /usr/local/python/3.12.1/lib/python3.12/site-packages/airflow/example_dags/tutorial_dag.py for tasks to queue
[2026-05-18T16:05:42.647+0000] {logging_mixin.py:190} INFO - [2026-05-18T16:05:42.647+0000] {dagbag.py:588} INFO - Filling up the DagBag from /usr/local/python/3.12.1/lib/python3.12/site-packages/airflow/example_dags/tutorial_dag.py
[2026-05-18T16:05:42.653+0000] {processor.py:925} INFO - DAG(s) 'tutorial_dag' retrieved from /usr/local/python/3.12.1/lib/python3.12/site-packages/airflow/example_dags/tutorial_dag.py
[2026-05-18T16:05:42.665+0000] {logging_mixin.py:190} INFO - [2026-05-18T16:05:42.665+0000] {dag.py:3239} INFO - Sync 1 DAGs
[2026-05-18T16:05:42.678+0000] {logging_mixin.py:190} INFO - [2026-05-18T16:05:42.678+0000] {dag.py:4180} INFO - Setting next_dagrun for tutorial_dag to None, run_after=None
[2026-05-18T16:05:42.697+0000] {processor.py:208} INFO - Processing /usr/local/python/3.12.1/lib/python3.12/site-packages/airflow/example_dags/tutorial_dag.py took 0.055 seconds
[2026-05-18T16:06:45.325+0000] {processor.py:186} INFO - Started process (PID=89006) to work on /usr/local/python/3.12.1/lib/python3.12/site-packages/airflow/example_dags/tutorial_dag.py
[2026-05-18T16:06:45.326+0000] {processor.py:914} INFO - Processing file /usr/local/python/3.12.1/lib/python3.12/site-packages/airflow/example_dags/tutorial_dag.py for tasks to queue
[2026-05-18T16:06:45.327+0000] {logging_mixin.py:190} INFO - [2026-05-18T16:06:45.327+0000] {dagbag.py:588} INFO - Filling up the DagBag from /usr/local/python/3.12.1/lib/python3.12/site-packages/airflow/example_dags/tutorial_dag.py
[2026-05-18T16:06:45.333+0000] {processor.py:925} INFO - DAG(s) 'tutorial_dag' retrieved from /usr/local/python/3.12.1/lib/python3.12/site-packages/airflow/example_dags/tutorial_dag.py
[2026-05-18T16:06:45.345+0000] {logging_mixin.py:190} INFO - [2026-05-18T16:06:45.344+0000] {dag.py:3239} INFO - Sync 1 DAGs
[2026-05-18T16:06:45.355+0000] {logging_mixin.py:190} INFO - [2026-05-18T16:06:45.354+0000] {dag.py:4180} INFO - Setting next_dagrun for tutorial_dag to None, run_after=None
[2026-05-18T16:06:45.373+0000] {processor.py:208} INFO - Processing /usr/local/python/3.12.1/lib/python3.12/site-packages/airflow/example_dags/tutorial_dag.py took 0.051 seconds
[2026-05-18T16:07:50.731+0000] {processor.py:186} INFO - Started process (PID=89575) to work on /usr/local/python/3.12.1/lib/python3.12/site-packages/airflow/example_dags/tutorial_dag.py
[2026-05-18T16:07:50.734+0000] {processor.py:914} INFO - Processing file /usr/local/python/3.12.1/lib/python3.12/site-packages/airflow/example_dags/tutorial_dag.py for tasks to queue
[2026-05-18T16:07:50.738+0000] {logging_mixin.py:190} INFO - [2026-05-18T16:07:50.737+0000] {dagbag.py:588} INFO - Filling up the DagBag from /usr/local/python/3.12.1/lib/python3.12/site-packages/airflow/example_dags/tutorial_dag.py
[2026-05-18T16:07:50.754+0000] {processor.py:925} INFO - DAG(s) 'tutorial_dag' retrieved from /usr/local/python/3.12.1/lib/python3.12/site-packages/airflow/example_dags/tutorial_dag.py
[2026-05-18T16:07:50.785+0000] {logging_mixin.py:190} INFO - [2026-05-18T16:07:50.785+0000] {dag.py:3239} INFO - Sync 1 DAGs
[2026-05-18T16:07:50.799+0000] {logging_mixin.py:190} INFO - [2026-05-18T16:07:50.799+0000] {dag.py:4180} INFO - Setting next_dagrun for tutorial_dag to None, run_after=None
[2026-05-18T16:07:50.825+0000] {processor.py:208} INFO - Processing /usr/local/python/3.12.1/lib/python3.12/site-packages/airflow/example_dags/tutorial_dag.py took 0.109 seconds
[2026-05-18T16:08:50.930+0000] {processor.py:186} INFO - Started process (PID=90115) to work on /usr/local/python/3.12.1/lib/python3.12/site-packages/airflow/example_dags/tutorial_dag.py
[2026-05-18T16:08:50.931+0000] {processor.py:914} INFO - Processing file /usr/local/python/3.12.1/lib/python3.12/site-packages/airflow/example_dags/tutorial_dag.py for tasks to queue
[2026-05-18T16:08:50.932+0000] {logging_mixin.py:190} INFO - [2026-05-18T16:08:50.932+0000] {dagbag.py:588} INFO - Filling up the DagBag from /usr/local/python/3.12.1/lib/python3.12/site-packages/airflow/example_dags/tutorial_dag.py
[2026-05-18T16:08:50.938+0000] {processor.py:925} INFO - DAG(s) 'tutorial_dag' retrieved from /usr/local/python/3.12.1/lib/python3.12/site-packages/airflow/example_dags/tutorial_dag.py
[2026-05-18T16:08:50.951+0000] {logging_mixin.py:190} INFO - [2026-05-18T16:08:50.950+0000] {dag.py:3239} INFO - Sync 1 DAGs
[2026-05-18T16:08:50.960+0000] {logging_mixin.py:190} INFO - [2026-05-18T16:08:50.960+0000] {dag.py:4180} INFO - Setting next_dagrun for tutorial_dag to None, run_after=None
[2026-05-18T16:08:50.982+0000] {processor.py:208} INFO - Processing /usr/local/python/3.12.1/lib/python3.12/site-packages/airflow/example_dags/tutorial_dag.py took 0.056 seconds
[2026-05-18T16:09:52.770+0000] {processor.py:186} INFO - Started process (PID=90678) to work on /usr/local/python/3.12.1/lib/python3.12/site-packages/airflow/example_dags/tutorial_dag.py
[2026-05-18T16:09:52.771+0000] {processor.py:914} INFO - Processing file /usr/local/python/3.12.1/lib/python3.12/site-packages/airflow/example_dags/tutorial_dag.py for tasks to queue
[2026-05-18T16:09:52.773+0000] {logging_mixin.py:190} INFO - [2026-05-18T16:09:52.772+0000] {dagbag.py:588} INFO - Filling up the DagBag from /usr/local/python/3.12.1/lib/python3.12/site-packages/airflow/example_dags/tutorial_dag.py
[2026-05-18T16:09:52.780+0000] {processor.py:925} INFO - DAG(s) 'tutorial_dag' retrieved from /usr/local/python/3.12.1/lib/python3.12/site-packages/airflow/example_dags/tutorial_dag.py
[2026-05-18T16:09:52.795+0000] {logging_mixin.py:190} INFO - [2026-05-18T16:09:52.795+0000] {dag.py:3239} INFO - Sync 1 DAGs
[2026-05-18T16:09:52.806+0000] {logging_mixin.py:190} INFO - [2026-05-18T16:09:52.806+0000] {dag.py:4180} INFO - Setting next_dagrun for tutorial_dag to None, run_after=None
[2026-05-18T16:09:52.824+0000] {processor.py:208} INFO - Processing /usr/local/python/3.12.1/lib/python3.12/site-packages/airflow/example_dags/tutorial_dag.py took 0.059 seconds
[2026-05-18T16:10:51.194+0000] {processor.py:186} INFO - Started process (PID=91156) to work on /usr/local/python/3.12.1/lib/python3.12/site-packages/airflow/example_dags/tutorial_dag.py
[2026-05-18T16:10:51.194+0000] {processor.py:914} INFO - Processing file /usr/local/python/3.12.1/lib/python3.12/site-packages/airflow/example_dags/tutorial_dag.py for tasks to queue
[2026-05-18T16:10:51.195+0000] {logging_mixin.py:190} INFO - [2026-05-18T16:10:51.195+0000] {dagbag.py:588} INFO - Filling up the DagBag from /usr/local/python/3.12.1/lib/python3.12/site-packages/airflow/example_dags/tutorial_dag.py
[2026-05-18T16:10:51.203+0000] {processor.py:925} INFO - DAG(s) 'tutorial_dag' retrieved from /usr/local/python/3.12.1/lib/python3.12/site-packages/airflow/example_dags/tutorial_dag.py
[2026-05-18T16:10:51.215+0000] {logging_mixin.py:190} INFO - [2026-05-18T16:10:51.215+0000] {dag.py:3239} INFO - Sync 1 DAGs
[2026-05-18T16:10:51.225+0000] {logging_mixin.py:190} INFO - [2026-05-18T16:10:51.225+0000] {dag.py:4180} INFO - Setting next_dagrun for tutorial_dag to None, run_after=None
[2026-05-18T16:10:51.241+0000] {processor.py:208} INFO - Processing /usr/local/python/3.12.1/lib/python3.12/site-packages/airflow/example_dags/tutorial_dag.py took 0.052 seconds
[2026-05-18T16:11:47.928+0000] {processor.py:186} INFO - Started process (PID=91684) to work on /usr/local/python/3.12.1/lib/python3.12/site-packages/airflow/example_dags/tutorial_dag.py
[2026-05-18T16:11:47.929+0000] {processor.py:914} INFO - Processing file /usr/local/python/3.12.1/lib/python3.12/site-packages/airflow/example_dags/tutorial_dag.py for tasks to queue
[2026-05-18T16:11:47.930+0000] {logging_mixin.py:190} INFO - [2026-05-18T16:11:47.930+0000] {dagbag.py:588} INFO - Filling up the DagBag from /usr/local/python/3.12.1/lib/python3.12/site-packages/airflow/example_dags/tutorial_dag.py
[2026-05-18T16:11:47.936+0000] {processor.py:925} INFO - DAG(s) 'tutorial_dag' retrieved from /usr/local/python/3.12.1/lib/python3.12/site-packages/airflow/example_dags/tutorial_dag.py
[2026-05-18T16:11:47.947+0000] {logging_mixin.py:190} INFO - [2026-05-18T16:11:47.947+0000] {dag.py:3239} INFO - Sync 1 DAGs
[2026-05-18T16:11:47.958+0000] {logging_mixin.py:190} INFO - [2026-05-18T16:11:47.957+0000] {dag.py:4180} INFO - Setting next_dagrun for tutorial_dag to None, run_after=None
[2026-05-18T16:11:47.975+0000] {processor.py:208} INFO - Processing /usr/local/python/3.12.1/lib/python3.12/site-packages/airflow/example_dags/tutorial_dag.py took 0.050 seconds
[2026-05-18T16:12:49.781+0000] {processor.py:186} INFO - Started process (PID=92221) to work on /usr/local/python/3.12.1/lib/python3.12/site-packages/airflow/example_dags/tutorial_dag.py
[2026-05-18T16:12:49.782+0000] {processor.py:914} INFO - Processing file /usr/local/python/3.12.1/lib/python3.12/site-packages/airflow/example_dags/tutorial_dag.py for tasks to queue
[2026-05-18T16:12:49.783+0000] {logging_mixin.py:190} INFO - [2026-05-18T16:12:49.783+0000] {dagbag.py:588} INFO - Filling up the DagBag from /usr/local/python/3.12.1/lib/python3.12/site-packages/airflow/example_dags/tutorial_dag.py
[2026-05-18T16:12:49.790+0000] {processor.py:925} INFO - DAG(s) 'tutorial_dag' retrieved from /usr/local/python/3.12.1/lib/python3.12/site-packages/airflow/example_dags/tutorial_dag.py
[2026-05-18T16:12:49.802+0000] {logging_mixin.py:190} INFO - [2026-05-18T16:12:49.802+0000] {dag.py:3239} INFO - Sync 1 DAGs
[2026-05-18T16:12:49.812+0000] {logging_mixin.py:190} INFO - [2026-05-18T16:12:49.812+0000] {dag.py:4180} INFO - Setting next_dagrun for tutorial_dag to None, run_after=None
[2026-05-18T16:12:49.830+0000] {processor.py:208} INFO - Processing /usr/local/python/3.12.1/lib/python3.12/site-packages/airflow/example_dags/tutorial_dag.py took 0.054 seconds
[2026-05-18T16:13:49.894+0000] {processor.py:186} INFO - Started process (PID=92749) to work on /usr/local/python/3.12.1/lib/python3.12/site-packages/airflow/example_dags/tutorial_dag.py
[2026-05-18T16:13:49.895+0000] {processor.py:914} INFO - Processing file /usr/local/python/3.12.1/lib/python3.12/site-packages/airflow/example_dags/tutorial_dag.py for tasks to queue
[2026-05-18T16:13:49.896+0000] {logging_mixin.py:190} INFO - [2026-05-18T16:13:49.895+0000] {dagbag.py:588} INFO - Filling up the DagBag from /usr/local/python/3.12.1/lib/python3.12/site-packages/airflow/example_dags/tutorial_dag.py
[2026-05-18T16:13:49.902+0000] {processor.py:925} INFO - DAG(s) 'tutorial_dag' retrieved from /usr/local/python/3.12.1/lib/python3.12/site-packages/airflow/example_dags/tutorial_dag.py
[2026-05-18T16:13:49.914+0000] {logging_mixin.py:190} INFO - [2026-05-18T16:13:49.914+0000] {dag.py:3239} INFO - Sync 1 DAGs
[2026-05-18T16:13:49.924+0000] {logging_mixin.py:190} INFO - [2026-05-18T16:13:49.924+0000] {dag.py:4180} INFO - Setting next_dagrun for tutorial_dag to None, run_after=None
[2026-05-18T16:13:49.942+0000] {processor.py:208} INFO - Processing /usr/local/python/3.12.1/lib/python3.12/site-packages/airflow/example_dags/tutorial_dag.py took 0.052 seconds
[2026-05-18T16:14:49.963+0000] {processor.py:186} INFO - Started process (PID=93277) to work on /usr/local/python/3.12.1/lib/python3.12/site-packages/airflow/example_dags/tutorial_dag.py
[2026-05-18T16:14:49.963+0000] {processor.py:914} INFO - Processing file /usr/local/python/3.12.1/lib/python3.12/site-packages/airflow/example_dags/tutorial_dag.py for tasks to queue
[2026-05-18T16:14:49.965+0000] {logging_mixin.py:190} INFO - [2026-05-18T16:14:49.964+0000] {dagbag.py:588} INFO - Filling up the DagBag from /usr/local/python/3.12.1/lib/python3.12/site-packages/airflow/example_dags/tutorial_dag.py
[2026-05-18T16:14:49.973+0000] {processor.py:925} INFO - DAG(s) 'tutorial_dag' retrieved from /usr/local/python/3.12.1/lib/python3.12/site-packages/airflow/example_dags/tutorial_dag.py
[2026-05-18T16:14:49.988+0000] {logging_mixin.py:190} INFO - [2026-05-18T16:14:49.988+0000] {dag.py:3239} INFO - Sync 1 DAGs
[2026-05-18T16:14:49.999+0000] {logging_mixin.py:190} INFO - [2026-05-18T16:14:49.999+0000] {dag.py:4180} INFO - Setting next_dagrun for tutorial_dag to None, run_after=None
[2026-05-18T16:14:50.016+0000] {processor.py:208} INFO - Processing /usr/local/python/3.12.1/lib/python3.12/site-packages/airflow/example_dags/tutorial_dag.py took 0.058 seconds
[2026-05-18T16:15:49.989+0000] {processor.py:186} INFO - Started process (PID=93801) to work on /usr/local/python/3.12.1/lib/python3.12/site-packages/airflow/example_dags/tutorial_dag.py
[2026-05-18T16:15:49.991+0000] {processor.py:914} INFO - Processing file /usr/local/python/3.12.1/lib/python3.12/site-packages/airflow/example_dags/tutorial_dag.py for tasks to queue
[2026-05-18T16:15:49.992+0000] {logging_mixin.py:190} INFO - [2026-05-18T16:15:49.992+0000] {dagbag.py:588} INFO - Filling up the DagBag from /usr/local/python/3.12.1/lib/python3.12/site-packages/airflow/example_dags/tutorial_dag.py
[2026-05-18T16:15:49.998+0000] {processor.py:925} INFO - DAG(s) 'tutorial_dag' retrieved from /usr/local/python/3.12.1/lib/python3.12/site-packages/airflow/example_dags/tutorial_dag.py
[2026-05-18T16:15:50.010+0000] {logging_mixin.py:190} INFO - [2026-05-18T16:15:50.010+0000] {dag.py:3239} INFO - Sync 1 DAGs
[2026-05-18T16:15:50.021+0000] {logging_mixin.py:190} INFO - [2026-05-18T16:15:50.021+0000] {dag.py:4180} INFO - Setting next_dagrun for tutorial_dag to None, run_after=None
[2026-05-18T16:15:50.038+0000] {processor.py:208} INFO - Processing /usr/local/python/3.12.1/lib/python3.12/site-packages/airflow/example_dags/tutorial_dag.py took 0.061 seconds
[2026-05-18T16:16:49.727+0000] {processor.py:186} INFO - Started process (PID=94385) to work on /usr/local/python/3.12.1/lib/python3.12/site-packages/airflow/example_dags/tutorial_dag.py
[2026-05-18T16:16:49.728+0000] {processor.py:914} INFO - Processing file /usr/local/python/3.12.1/lib/python3.12/site-packages/airflow/example_dags/tutorial_dag.py for tasks to queue
[2026-05-18T16:16:49.729+0000] {logging_mixin.py:190} INFO - [2026-05-18T16:16:49.728+0000] {dagbag.py:588} INFO - Filling up the DagBag from /usr/local/python/3.12.1/lib/python3.12/site-packages/airflow/example_dags/tutorial_dag.py
[2026-05-18T16:16:49.734+0000] {processor.py:925} INFO - DAG(s) 'tutorial_dag' retrieved from /usr/local/python/3.12.1/lib/python3.12/site-packages/airflow/example_dags/tutorial_dag.py
[2026-05-18T16:16:49.746+0000] {logging_mixin.py:190} INFO - [2026-05-18T16:16:49.746+0000] {dag.py:3239} INFO - Sync 1 DAGs
[2026-05-18T16:16:49.756+0000] {logging_mixin.py:190} INFO - [2026-05-18T16:16:49.756+0000] {dag.py:4180} INFO - Setting next_dagrun for tutorial_dag to None, run_after=None
[2026-05-18T16:16:49.774+0000] {processor.py:208} INFO - Processing /usr/local/python/3.12.1/lib/python3.12/site-packages/airflow/example_dags/tutorial_dag.py took 0.051 seconds
[2026-05-18T16:17:51.893+0000] {processor.py:186} INFO - Started process (PID=94945) to work on /usr/local/python/3.12.1/lib/python3.12/site-packages/airflow/example_dags/tutorial_dag.py
[2026-05-18T16:17:51.894+0000] {processor.py:914} INFO - Processing file /usr/local/python/3.12.1/lib/python3.12/site-packages/airflow/example_dags/tutorial_dag.py for tasks to queue
[2026-05-18T16:17:51.895+0000] {logging_mixin.py:190} INFO - [2026-05-18T16:17:51.894+0000] {dagbag.py:588} INFO - Filling up the DagBag from /usr/local/python/3.12.1/lib/python3.12/site-packages/airflow/example_dags/tutorial_dag.py
[2026-05-18T16:17:51.901+0000] {processor.py:925} INFO - DAG(s) 'tutorial_dag' retrieved from /usr/local/python/3.12.1/lib/python3.12/site-packages/airflow/example_dags/tutorial_dag.py
[2026-05-18T16:17:51.915+0000] {logging_mixin.py:190} INFO - [2026-05-18T16:17:51.914+0000] {dag.py:3239} INFO - Sync 1 DAGs
[2026-05-18T16:17:51.925+0000] {logging_mixin.py:190} INFO - [2026-05-18T16:17:51.925+0000] {dag.py:4180} INFO - Setting next_dagrun for tutorial_dag to None, run_after=None
[2026-05-18T16:17:51.944+0000] {processor.py:208} INFO - Processing /usr/local/python/3.12.1/lib/python3.12/site-packages/airflow/example_dags/tutorial_dag.py took 0.056 seconds
[2026-05-18T16:18:54.179+0000] {processor.py:186} INFO - Started process (PID=95509) to work on /usr/local/python/3.12.1/lib/python3.12/site-packages/airflow/example_dags/tutorial_dag.py
[2026-05-18T16:18:54.180+0000] {processor.py:914} INFO - Processing file /usr/local/python/3.12.1/lib/python3.12/site-packages/airflow/example_dags/tutorial_dag.py for tasks to queue
[2026-05-18T16:18:54.181+0000] {logging_mixin.py:190} INFO - [2026-05-18T16:18:54.181+0000] {dagbag.py:588} INFO - Filling up the DagBag from /usr/local/python/3.12.1/lib/python3.12/site-packages/airflow/example_dags/tutorial_dag.py
[2026-05-18T16:18:54.188+0000] {processor.py:925} INFO - DAG(s) 'tutorial_dag' retrieved from /usr/local/python/3.12.1/lib/python3.12/site-packages/airflow/example_dags/tutorial_dag.py
[2026-05-18T16:18:54.201+0000] {logging_mixin.py:190} INFO - [2026-05-18T16:18:54.201+0000] {dag.py:3239} INFO - Sync 1 DAGs
[2026-05-18T16:18:54.212+0000] {logging_mixin.py:190} INFO - [2026-05-18T16:18:54.211+0000] {dag.py:4180} INFO - Setting next_dagrun for tutorial_dag to None, run_after=None
[2026-05-18T16:18:54.228+0000] {processor.py:208} INFO - Processing /usr/local/python/3.12.1/lib/python3.12/site-packages/airflow/example_dags/tutorial_dag.py took 0.054 seconds
[2026-05-18T16:19:59.563+0000] {processor.py:186} INFO - Started process (PID=96070) to work on /usr/local/python/3.12.1/lib/python3.12/site-packages/airflow/example_dags/tutorial_dag.py
[2026-05-18T16:19:59.563+0000] {processor.py:914} INFO - Processing file /usr/local/python/3.12.1/lib/python3.12/site-packages/airflow/example_dags/tutorial_dag.py for tasks to queue
[2026-05-18T16:19:59.564+0000] {logging_mixin.py:190} INFO - [2026-05-18T16:19:59.564+0000] {dagbag.py:588} INFO - Filling up the DagBag from /usr/local/python/3.12.1/lib/python3.12/site-packages/airflow/example_dags/tutorial_dag.py
[2026-05-18T16:19:59.575+0000] {processor.py:925} INFO - DAG(s) 'tutorial_dag' retrieved from /usr/local/python/3.12.1/lib/python3.12/site-packages/airflow/example_dags/tutorial_dag.py
[2026-05-18T16:19:59.591+0000] {logging_mixin.py:190} INFO - [2026-05-18T16:19:59.591+0000] {dag.py:3239} INFO - Sync 1 DAGs
[2026-05-18T16:19:59.601+0000] {logging_mixin.py:190} INFO - [2026-05-18T16:19:59.601+0000] {dag.py:4180} INFO - Setting next_dagrun for tutorial_dag to None, run_after=None
[2026-05-18T16:19:59.620+0000] {processor.py:208} INFO - Processing /usr/local/python/3.12.1/lib/python3.12/site-packages/airflow/example_dags/tutorial_dag.py took 0.062 seconds
[2026-05-18T16:21:02.698+0000] {processor.py:186} INFO - Started process (PID=96613) to work on /usr/local/python/3.12.1/lib/python3.12/site-packages/airflow/example_dags/tutorial_dag.py
[2026-05-18T16:21:02.699+0000] {processor.py:914} INFO - Processing file /usr/local/python/3.12.1/lib/python3.12/site-packages/airflow/example_dags/tutorial_dag.py for tasks to queue
[2026-05-18T16:21:02.700+0000] {logging_mixin.py:190} INFO - [2026-05-18T16:21:02.700+0000] {dagbag.py:588} INFO - Filling up the DagBag from /usr/local/python/3.12.1/lib/python3.12/site-packages/airflow/example_dags/tutorial_dag.py
[2026-05-18T16:21:02.706+0000] {processor.py:925} INFO - DAG(s) 'tutorial_dag' retrieved from /usr/local/python/3.12.1/lib/python3.12/site-packages/airflow/example_dags/tutorial_dag.py
[2026-05-18T16:21:02.717+0000] {logging_mixin.py:190} INFO - [2026-05-18T16:21:02.717+0000] {dag.py:3239} INFO - Sync 1 DAGs
[2026-05-18T16:21:02.727+0000] {logging_mixin.py:190} INFO - [2026-05-18T16:21:02.727+0000] {dag.py:4180} INFO - Setting next_dagrun for tutorial_dag to None, run_after=None
[2026-05-18T16:21:02.743+0000] {processor.py:208} INFO - Processing /usr/local/python/3.12.1/lib/python3.12/site-packages/airflow/example_dags/tutorial_dag.py took 0.049 seconds
[2026-05-18T16:22:09.089+0000] {processor.py:186} INFO - Started process (PID=97191) to work on /usr/local/python/3.12.1/lib/python3.12/site-packages/airflow/example_dags/tutorial_dag.py
[2026-05-18T16:22:09.089+0000] {processor.py:914} INFO - Processing file /usr/local/python/3.12.1/lib/python3.12/site-packages/airflow/example_dags/tutorial_dag.py for tasks to queue
[2026-05-18T16:22:09.091+0000] {logging_mixin.py:190} INFO - [2026-05-18T16:22:09.090+0000] {dagbag.py:588} INFO - Filling up the DagBag from /usr/local/python/3.12.1/lib/python3.12/site-packages/airflow/example_dags/tutorial_dag.py
[2026-05-18T16:22:09.097+0000] {processor.py:925} INFO - DAG(s) 'tutorial_dag' retrieved from /usr/local/python/3.12.1/lib/python3.12/site-packages/airflow/example_dags/tutorial_dag.py
[2026-05-18T16:22:09.111+0000] {logging_mixin.py:190} INFO - [2026-05-18T16:22:09.110+0000] {dag.py:3239} INFO - Sync 1 DAGs
[2026-05-18T16:22:09.121+0000] {logging_mixin.py:190} INFO - [2026-05-18T16:22:09.121+0000] {dag.py:4180} INFO - Setting next_dagrun for tutorial_dag to None, run_after=None
[2026-05-18T16:22:09.138+0000] {processor.py:208} INFO - Processing /usr/local/python/3.12.1/lib/python3.12/site-packages/airflow/example_dags/tutorial_dag.py took 0.054 seconds
[2026-05-18T16:23:13.411+0000] {processor.py:186} INFO - Started process (PID=97736) to work on /usr/local/python/3.12.1/lib/python3.12/site-packages/airflow/example_dags/tutorial_dag.py
[2026-05-18T16:23:13.412+0000] {processor.py:914} INFO - Processing file /usr/local/python/3.12.1/lib/python3.12/site-packages/airflow/example_dags/tutorial_dag.py for tasks to queue
[2026-05-18T16:23:13.413+0000] {logging_mixin.py:190} INFO - [2026-05-18T16:23:13.412+0000] {dagbag.py:588} INFO - Filling up the DagBag from /usr/local/python/3.12.1/lib/python3.12/site-packages/airflow/example_dags/tutorial_dag.py
[2026-05-18T16:23:13.419+0000] {processor.py:925} INFO - DAG(s) 'tutorial_dag' retrieved from /usr/local/python/3.12.1/lib/python3.12/site-packages/airflow/example_dags/tutorial_dag.py
[2026-05-18T16:23:13.432+0000] {logging_mixin.py:190} INFO - [2026-05-18T16:23:13.431+0000] {dag.py:3239} INFO - Sync 1 DAGs
[2026-05-18T16:23:13.612+0000] {logging_mixin.py:190} INFO - [2026-05-18T16:23:13.612+0000] {dag.py:4180} INFO - Setting next_dagrun for tutorial_dag to None, run_after=None
[2026-05-18T16:23:13.628+0000] {processor.py:208} INFO - Processing /usr/local/python/3.12.1/lib/python3.12/site-packages/airflow/example_dags/tutorial_dag.py took 0.221 seconds
[2026-05-18T16:24:22.474+0000] {processor.py:186} INFO - Started process (PID=98327) to work on /usr/local/python/3.12.1/lib/python3.12/site-packages/airflow/example_dags/tutorial_dag.py
[2026-05-18T16:24:22.475+0000] {processor.py:914} INFO - Processing file /usr/local/python/3.12.1/lib/python3.12/site-packages/airflow/example_dags/tutorial_dag.py for tasks to queue
[2026-05-18T16:24:22.476+0000] {logging_mixin.py:190} INFO - [2026-05-18T16:24:22.476+0000] {dagbag.py:588} INFO - Filling up the DagBag from /usr/local/python/3.12.1/lib/python3.12/site-packages/airflow/example_dags/tutorial_dag.py
[2026-05-18T16:24:22.486+0000] {processor.py:925} INFO - DAG(s) 'tutorial_dag' retrieved from /usr/local/python/3.12.1/lib/python3.12/site-packages/airflow/example_dags/tutorial_dag.py
[2026-05-18T16:24:22.508+0000] {logging_mixin.py:190} INFO - [2026-05-18T16:24:22.508+0000] {dag.py:3239} INFO - Sync 1 DAGs
[2026-05-18T16:24:22.526+0000] {logging_mixin.py:190} INFO - [2026-05-18T16:24:22.526+0000] {dag.py:4180} INFO - Setting next_dagrun for tutorial_dag to None, run_after=None
[2026-05-18T16:24:22.723+0000] {processor.py:208} INFO - Processing /usr/local/python/3.12.1/lib/python3.12/site-packages/airflow/example_dags/tutorial_dag.py took 0.256 seconds
[2026-05-18T16:25:35.487+0000] {processor.py:186} INFO - Started process (PID=98938) to work on /usr/local/python/3.12.1/lib/python3.12/site-packages/airflow/example_dags/tutorial_dag.py
[2026-05-18T16:25:35.488+0000] {processor.py:914} INFO - Processing file /usr/local/python/3.12.1/lib/python3.12/site-packages/airflow/example_dags/tutorial_dag.py for tasks to queue
[2026-05-18T16:25:35.490+0000] {logging_mixin.py:190} INFO - [2026-05-18T16:25:35.490+0000] {dagbag.py:588} INFO - Filling up the DagBag from /usr/local/python/3.12.1/lib/python3.12/site-packages/airflow/example_dags/tutorial_dag.py
[2026-05-18T16:25:35.500+0000] {processor.py:925} INFO - DAG(s) 'tutorial_dag' retrieved from /usr/local/python/3.12.1/lib/python3.12/site-packages/airflow/example_dags/tutorial_dag.py
[2026-05-18T16:25:35.521+0000] {logging_mixin.py:190} INFO - [2026-05-18T16:25:35.521+0000] {dag.py:3239} INFO - Sync 1 DAGs
[2026-05-18T16:25:35.534+0000] {logging_mixin.py:190} INFO - [2026-05-18T16:25:35.534+0000] {dag.py:4180} INFO - Setting next_dagrun for tutorial_dag to None, run_after=None
[2026-05-18T16:25:35.574+0000] {processor.py:208} INFO - Processing /usr/local/python/3.12.1/lib/python3.12/site-packages/airflow/example_dags/tutorial_dag.py took 0.093 seconds
[2026-05-18T16:26:34.744+0000] {processor.py:186} INFO - Started process (PID=99525) to work on /usr/local/python/3.12.1/lib/python3.12/site-packages/airflow/example_dags/tutorial_dag.py
[2026-05-18T16:26:34.745+0000] {processor.py:914} INFO - Processing file /usr/local/python/3.12.1/lib/python3.12/site-packages/airflow/example_dags/tutorial_dag.py for tasks to queue
[2026-05-18T16:26:34.746+0000] {logging_mixin.py:190} INFO - [2026-05-18T16:26:34.745+0000] {dagbag.py:588} INFO - Filling up the DagBag from /usr/local/python/3.12.1/lib/python3.12/site-packages/airflow/example_dags/tutorial_dag.py
[2026-05-18T16:26:34.752+0000] {processor.py:925} INFO - DAG(s) 'tutorial_dag' retrieved from /usr/local/python/3.12.1/lib/python3.12/site-packages/airflow/example_dags/tutorial_dag.py
[2026-05-18T16:26:34.764+0000] {logging_mixin.py:190} INFO - [2026-05-18T16:26:34.763+0000] {dag.py:3239} INFO - Sync 1 DAGs
[2026-05-18T16:26:34.778+0000] {logging_mixin.py:190} INFO - [2026-05-18T16:26:34.777+0000] {dag.py:4180} INFO - Setting next_dagrun for tutorial_dag to None, run_after=None
[2026-05-18T16:26:34.797+0000] {processor.py:208} INFO - Processing /usr/local/python/3.12.1/lib/python3.12/site-packages/airflow/example_dags/tutorial_dag.py took 0.057 seconds
[2026-05-18T16:27:37.178+0000] {processor.py:186} INFO - Started process (PID=100066) to work on /usr/local/python/3.12.1/lib/python3.12/site-packages/airflow/example_dags/tutorial_dag.py
[2026-05-18T16:27:37.179+0000] {processor.py:914} INFO - Processing file /usr/local/python/3.12.1/lib/python3.12/site-packages/airflow/example_dags/tutorial_dag.py for tasks to queue
[2026-05-18T16:27:37.181+0000] {logging_mixin.py:190} INFO - [2026-05-18T16:27:37.180+0000] {dagbag.py:588} INFO - Filling up the DagBag from /usr/local/python/3.12.1/lib/python3.12/site-packages/airflow/example_dags/tutorial_dag.py
[2026-05-18T16:27:37.188+0000] {processor.py:925} INFO - DAG(s) 'tutorial_dag' retrieved from /usr/local/python/3.12.1/lib/python3.12/site-packages/airflow/example_dags/tutorial_dag.py
[2026-05-18T16:27:37.201+0000] {logging_mixin.py:190} INFO - [2026-05-18T16:27:37.201+0000] {dag.py:3239} INFO - Sync 1 DAGs
[2026-05-18T16:27:37.211+0000] {logging_mixin.py:190} INFO - [2026-05-18T16:27:37.211+0000] {dag.py:4180} INFO - Setting next_dagrun for tutorial_dag to None, run_after=None
[2026-05-18T16:27:37.228+0000] {processor.py:208} INFO - Processing /usr/local/python/3.12.1/lib/python3.12/site-packages/airflow/example_dags/tutorial_dag.py took 0.056 seconds
[2026-05-18T16:28:40.697+0000] {processor.py:186} INFO - Started process (PID=100603) to work on /usr/local/python/3.12.1/lib/python3.12/site-packages/airflow/example_dags/tutorial_dag.py
[2026-05-18T16:28:40.698+0000] {processor.py:914} INFO - Processing file /usr/local/python/3.12.1/lib/python3.12/site-packages/airflow/example_dags/tutorial_dag.py for tasks to queue
[2026-05-18T16:28:40.699+0000] {logging_mixin.py:190} INFO - [2026-05-18T16:28:40.698+0000] {dagbag.py:588} INFO - Filling up the DagBag from /usr/local/python/3.12.1/lib/python3.12/site-packages/airflow/example_dags/tutorial_dag.py
[2026-05-18T16:28:40.705+0000] {processor.py:925} INFO - DAG(s) 'tutorial_dag' retrieved from /usr/local/python/3.12.1/lib/python3.12/site-packages/airflow/example_dags/tutorial_dag.py
[2026-05-18T16:28:40.717+0000] {logging_mixin.py:190} INFO - [2026-05-18T16:28:40.716+0000] {dag.py:3239} INFO - Sync 1 DAGs
[2026-05-18T16:28:40.726+0000] {logging_mixin.py:190} INFO - [2026-05-18T16:28:40.726+0000] {dag.py:4180} INFO - Setting next_dagrun for tutorial_dag to None, run_after=None
[2026-05-18T16:28:40.742+0000] {processor.py:208} INFO - Processing /usr/local/python/3.12.1/lib/python3.12/site-packages/airflow/example_dags/tutorial_dag.py took 0.049 seconds
[2026-05-18T16:29:43.058+0000] {processor.py:186} INFO - Started process (PID=101144) to work on /usr/local/python/3.12.1/lib/python3.12/site-packages/airflow/example_dags/tutorial_dag.py
[2026-05-18T16:29:43.059+0000] {processor.py:914} INFO - Processing file /usr/local/python/3.12.1/lib/python3.12/site-packages/airflow/example_dags/tutorial_dag.py for tasks to queue
[2026-05-18T16:29:43.060+0000] {logging_mixin.py:190} INFO - [2026-05-18T16:29:43.060+0000] {dagbag.py:588} INFO - Filling up the DagBag from /usr/local/python/3.12.1/lib/python3.12/site-packages/airflow/example_dags/tutorial_dag.py
[2026-05-18T16:29:43.067+0000] {processor.py:925} INFO - DAG(s) 'tutorial_dag' retrieved from /usr/local/python/3.12.1/lib/python3.12/site-packages/airflow/example_dags/tutorial_dag.py
[2026-05-18T16:29:43.083+0000] {logging_mixin.py:190} INFO - [2026-05-18T16:29:43.083+0000] {dag.py:3239} INFO - Sync 1 DAGs
[2026-05-18T16:29:43.095+0000] {logging_mixin.py:190} INFO - [2026-05-18T16:29:43.094+0000] {dag.py:4180} INFO - Setting next_dagrun for tutorial_dag to None, run_after=None
[2026-05-18T16:29:43.112+0000] {processor.py:208} INFO - Processing /usr/local/python/3.12.1/lib/python3.12/site-packages/airflow/example_dags/tutorial_dag.py took 0.058 seconds
[2026-05-18T16:30:45.192+0000] {processor.py:186} INFO - Started process (PID=101698) to work on /usr/local/python/3.12.1/lib/python3.12/site-packages/airflow/example_dags/tutorial_dag.py
[2026-05-18T16:30:45.193+0000] {processor.py:914} INFO - Processing file /usr/local/python/3.12.1/lib/python3.12/site-packages/airflow/example_dags/tutorial_dag.py for tasks to queue
[2026-05-18T16:30:45.194+0000] {logging_mixin.py:190} INFO - [2026-05-18T16:30:45.194+0000] {dagbag.py:588} INFO - Filling up the DagBag from /usr/local/python/3.12.1/lib/python3.12/site-packages/airflow/example_dags/tutorial_dag.py
[2026-05-18T16:30:45.201+0000] {processor.py:925} INFO - DAG(s) 'tutorial_dag' retrieved from /usr/local/python/3.12.1/lib/python3.12/site-packages/airflow/example_dags/tutorial_dag.py
[2026-05-18T16:30:45.213+0000] {logging_mixin.py:190} INFO - [2026-05-18T16:30:45.213+0000] {dag.py:3239} INFO - Sync 1 DAGs
[2026-05-18T16:30:45.223+0000] {logging_mixin.py:190} INFO - [2026-05-18T16:30:45.223+0000] {dag.py:4180} INFO - Setting next_dagrun for tutorial_dag to None, run_after=None
[2026-05-18T16:30:45.242+0000] {processor.py:208} INFO - Processing /usr/local/python/3.12.1/lib/python3.12/site-packages/airflow/example_dags/tutorial_dag.py took 0.054 seconds
[2026-05-18T16:31:50.681+0000] {processor.py:186} INFO - Started process (PID=102314) to work on /usr/local/python/3.12.1/lib/python3.12/site-packages/airflow/example_dags/tutorial_dag.py
[2026-05-18T16:31:50.682+0000] {processor.py:914} INFO - Processing file /usr/local/python/3.12.1/lib/python3.12/site-packages/airflow/example_dags/tutorial_dag.py for tasks to queue
[2026-05-18T16:31:50.683+0000] {logging_mixin.py:190} INFO - [2026-05-18T16:31:50.683+0000] {dagbag.py:588} INFO - Filling up the DagBag from /usr/local/python/3.12.1/lib/python3.12/site-packages/airflow/example_dags/tutorial_dag.py
[2026-05-18T16:31:50.691+0000] {processor.py:925} INFO - DAG(s) 'tutorial_dag' retrieved from /usr/local/python/3.12.1/lib/python3.12/site-packages/airflow/example_dags/tutorial_dag.py
[2026-05-18T16:31:50.703+0000] {logging_mixin.py:190} INFO - [2026-05-18T16:31:50.703+0000] {dag.py:3239} INFO - Sync 1 DAGs
[2026-05-18T16:31:50.713+0000] {logging_mixin.py:190} INFO - [2026-05-18T16:31:50.713+0000] {dag.py:4180} INFO - Setting next_dagrun for tutorial_dag to None, run_after=None
[2026-05-18T16:31:50.729+0000] {processor.py:208} INFO - Processing /usr/local/python/3.12.1/lib/python3.12/site-packages/airflow/example_dags/tutorial_dag.py took 0.054 seconds
[2026-05-18T16:32:51.134+0000] {processor.py:186} INFO - Started process (PID=102843) to work on /usr/local/python/3.12.1/lib/python3.12/site-packages/airflow/example_dags/tutorial_dag.py
[2026-05-18T16:32:51.135+0000] {processor.py:914} INFO - Processing file /usr/local/python/3.12.1/lib/python3.12/site-packages/airflow/example_dags/tutorial_dag.py for tasks to queue
[2026-05-18T16:32:51.136+0000] {logging_mixin.py:190} INFO - [2026-05-18T16:32:51.135+0000] {dagbag.py:588} INFO - Filling up the DagBag from /usr/local/python/3.12.1/lib/python3.12/site-packages/airflow/example_dags/tutorial_dag.py
[2026-05-18T16:32:51.142+0000] {processor.py:925} INFO - DAG(s) 'tutorial_dag' retrieved from /usr/local/python/3.12.1/lib/python3.12/site-packages/airflow/example_dags/tutorial_dag.py
[2026-05-18T16:32:51.154+0000] {logging_mixin.py:190} INFO - [2026-05-18T16:32:51.153+0000] {dag.py:3239} INFO - Sync 1 DAGs
[2026-05-18T16:32:51.164+0000] {logging_mixin.py:190} INFO - [2026-05-18T16:32:51.164+0000] {dag.py:4180} INFO - Setting next_dagrun for tutorial_dag to None, run_after=None
[2026-05-18T16:32:51.185+0000] {processor.py:208} INFO - Processing /usr/local/python/3.12.1/lib/python3.12/site-packages/airflow/example_dags/tutorial_dag.py took 0.055 seconds
[2026-05-18T21:51:10.266+0000] {processor.py:186} INFO - Started process (PID=5156) to work on /usr/local/python/3.12.1/lib/python3.12/site-packages/airflow/example_dags/tutorial_dag.py
[2026-05-18T21:51:10.266+0000] {processor.py:914} INFO - Processing file /usr/local/python/3.12.1/lib/python3.12/site-packages/airflow/example_dags/tutorial_dag.py for tasks to queue
[2026-05-18T21:51:10.268+0000] {logging_mixin.py:190} INFO - [2026-05-18T21:51:10.268+0000] {dagbag.py:588} INFO - Filling up the DagBag from /usr/local/python/3.12.1/lib/python3.12/site-packages/airflow/example_dags/tutorial_dag.py
[2026-05-18T21:51:10.274+0000] {processor.py:925} INFO - DAG(s) 'tutorial_dag' retrieved from /usr/local/python/3.12.1/lib/python3.12/site-packages/airflow/example_dags/tutorial_dag.py
[2026-05-18T21:51:10.363+0000] {logging_mixin.py:190} INFO - [2026-05-18T21:51:10.363+0000] {dag.py:3239} INFO - Sync 1 DAGs
[2026-05-18T21:51:10.371+0000] {logging_mixin.py:190} INFO - [2026-05-18T21:51:10.371+0000] {dag.py:4180} INFO - Setting next_dagrun for tutorial_dag to None, run_after=None
[2026-05-18T21:51:10.391+0000] {processor.py:208} INFO - Processing /usr/local/python/3.12.1/lib/python3.12/site-packages/airflow/example_dags/tutorial_dag.py took 0.130 seconds
[2026-05-18T21:52:08.395+0000] {processor.py:186} INFO - Started process (PID=5660) to work on /usr/local/python/3.12.1/lib/python3.12/site-packages/airflow/example_dags/tutorial_dag.py
[2026-05-18T21:52:08.396+0000] {processor.py:914} INFO - Processing file /usr/local/python/3.12.1/lib/python3.12/site-packages/airflow/example_dags/tutorial_dag.py for tasks to queue
[2026-05-18T21:52:08.398+0000] {logging_mixin.py:190} INFO - [2026-05-18T21:52:08.398+0000] {dagbag.py:588} INFO - Filling up the DagBag from /usr/local/python/3.12.1/lib/python3.12/site-packages/airflow/example_dags/tutorial_dag.py
[2026-05-18T21:52:08.404+0000] {processor.py:925} INFO - DAG(s) 'tutorial_dag' retrieved from /usr/local/python/3.12.1/lib/python3.12/site-packages/airflow/example_dags/tutorial_dag.py
[2026-05-18T21:52:08.415+0000] {logging_mixin.py:190} INFO - [2026-05-18T21:52:08.415+0000] {dag.py:3239} INFO - Sync 1 DAGs
[2026-05-18T21:52:08.425+0000] {logging_mixin.py:190} INFO - [2026-05-18T21:52:08.424+0000] {dag.py:4180} INFO - Setting next_dagrun for tutorial_dag to None, run_after=None
[2026-05-18T21:52:08.440+0000] {processor.py:208} INFO - Processing /usr/local/python/3.12.1/lib/python3.12/site-packages/airflow/example_dags/tutorial_dag.py took 0.049 seconds
[2026-05-18T21:52:57.566+0000] {processor.py:186} INFO - Started process (PID=6116) to work on /usr/local/python/3.12.1/lib/python3.12/site-packages/airflow/example_dags/tutorial_dag.py
[2026-05-18T21:52:57.567+0000] {processor.py:914} INFO - Processing file /usr/local/python/3.12.1/lib/python3.12/site-packages/airflow/example_dags/tutorial_dag.py for tasks to queue
[2026-05-18T21:52:57.569+0000] {logging_mixin.py:190} INFO - [2026-05-18T21:52:57.568+0000] {dagbag.py:588} INFO - Filling up the DagBag from /usr/local/python/3.12.1/lib/python3.12/site-packages/airflow/example_dags/tutorial_dag.py
[2026-05-18T21:52:57.574+0000] {processor.py:925} INFO - DAG(s) 'tutorial_dag' retrieved from /usr/local/python/3.12.1/lib/python3.12/site-packages/airflow/example_dags/tutorial_dag.py
[2026-05-18T21:52:57.585+0000] {logging_mixin.py:190} INFO - [2026-05-18T21:52:57.585+0000] {dag.py:3239} INFO - Sync 1 DAGs
[2026-05-18T21:52:57.595+0000] {logging_mixin.py:190} INFO - [2026-05-18T21:52:57.595+0000] {dag.py:4180} INFO - Setting next_dagrun for tutorial_dag to None, run_after=None
[2026-05-18T21:52:57.611+0000] {processor.py:208} INFO - Processing /usr/local/python/3.12.1/lib/python3.12/site-packages/airflow/example_dags/tutorial_dag.py took 0.049 seconds
[2026-05-18T21:53:47.349+0000] {processor.py:186} INFO - Started process (PID=6629) to work on /usr/local/python/3.12.1/lib/python3.12/site-packages/airflow/example_dags/tutorial_dag.py
[2026-05-18T21:53:47.350+0000] {processor.py:914} INFO - Processing file /usr/local/python/3.12.1/lib/python3.12/site-packages/airflow/example_dags/tutorial_dag.py for tasks to queue
[2026-05-18T21:53:47.352+0000] {logging_mixin.py:190} INFO - [2026-05-18T21:53:47.352+0000] {dagbag.py:588} INFO - Filling up the DagBag from /usr/local/python/3.12.1/lib/python3.12/site-packages/airflow/example_dags/tutorial_dag.py
[2026-05-18T21:53:47.357+0000] {processor.py:925} INFO - DAG(s) 'tutorial_dag' retrieved from /usr/local/python/3.12.1/lib/python3.12/site-packages/airflow/example_dags/tutorial_dag.py
[2026-05-18T21:53:47.369+0000] {logging_mixin.py:190} INFO - [2026-05-18T21:53:47.369+0000] {dag.py:3239} INFO - Sync 1 DAGs
[2026-05-18T21:53:47.379+0000] {logging_mixin.py:190} INFO - [2026-05-18T21:53:47.379+0000] {dag.py:4180} INFO - Setting next_dagrun for tutorial_dag to None, run_after=None
[2026-05-18T21:53:47.396+0000] {processor.py:208} INFO - Processing /usr/local/python/3.12.1/lib/python3.12/site-packages/airflow/example_dags/tutorial_dag.py took 0.051 seconds
[2026-05-18T21:54:36.970+0000] {processor.py:186} INFO - Started process (PID=7682) to work on /usr/local/python/3.12.1/lib/python3.12/site-packages/airflow/example_dags/tutorial_dag.py
[2026-05-18T21:54:37.003+0000] {processor.py:914} INFO - Processing file /usr/local/python/3.12.1/lib/python3.12/site-packages/airflow/example_dags/tutorial_dag.py for tasks to queue
[2026-05-18T21:54:37.006+0000] {logging_mixin.py:190} INFO - [2026-05-18T21:54:37.005+0000] {dagbag.py:588} INFO - Filling up the DagBag from /usr/local/python/3.12.1/lib/python3.12/site-packages/airflow/example_dags/tutorial_dag.py
[2026-05-18T21:54:37.013+0000] {processor.py:925} INFO - DAG(s) 'tutorial_dag' retrieved from /usr/local/python/3.12.1/lib/python3.12/site-packages/airflow/example_dags/tutorial_dag.py
[2026-05-18T21:54:37.026+0000] {logging_mixin.py:190} INFO - [2026-05-18T21:54:37.025+0000] {dag.py:3239} INFO - Sync 1 DAGs
[2026-05-18T21:54:37.038+0000] {logging_mixin.py:190} INFO - [2026-05-18T21:54:37.038+0000] {dag.py:4180} INFO - Setting next_dagrun for tutorial_dag to None, run_after=None
[2026-05-18T21:54:37.165+0000] {processor.py:208} INFO - Processing /usr/local/python/3.12.1/lib/python3.12/site-packages/airflow/example_dags/tutorial_dag.py took 0.200 seconds
[2026-05-18T21:55:34.631+0000] {processor.py:186} INFO - Started process (PID=8542) to work on /usr/local/python/3.12.1/lib/python3.12/site-packages/airflow/example_dags/tutorial_dag.py
[2026-05-18T21:55:34.632+0000] {processor.py:914} INFO - Processing file /usr/local/python/3.12.1/lib/python3.12/site-packages/airflow/example_dags/tutorial_dag.py for tasks to queue
[2026-05-18T21:55:34.634+0000] {logging_mixin.py:190} INFO - [2026-05-18T21:55:34.634+0000] {dagbag.py:588} INFO - Filling up the DagBag from /usr/local/python/3.12.1/lib/python3.12/site-packages/airflow/example_dags/tutorial_dag.py
[2026-05-18T21:55:34.640+0000] {processor.py:925} INFO - DAG(s) 'tutorial_dag' retrieved from /usr/local/python/3.12.1/lib/python3.12/site-packages/airflow/example_dags/tutorial_dag.py
[2026-05-18T21:55:34.651+0000] {logging_mixin.py:190} INFO - [2026-05-18T21:55:34.651+0000] {dag.py:3239} INFO - Sync 1 DAGs
[2026-05-18T21:55:34.661+0000] {logging_mixin.py:190} INFO - [2026-05-18T21:55:34.661+0000] {dag.py:4180} INFO - Setting next_dagrun for tutorial_dag to None, run_after=None
[2026-05-18T21:55:34.678+0000] {processor.py:208} INFO - Processing /usr/local/python/3.12.1/lib/python3.12/site-packages/airflow/example_dags/tutorial_dag.py took 0.051 seconds
[2026-05-18T21:56:25.816+0000] {processor.py:186} INFO - Started process (PID=9053) to work on /usr/local/python/3.12.1/lib/python3.12/site-packages/airflow/example_dags/tutorial_dag.py
[2026-05-18T21:56:25.817+0000] {processor.py:914} INFO - Processing file /usr/local/python/3.12.1/lib/python3.12/site-packages/airflow/example_dags/tutorial_dag.py for tasks to queue
[2026-05-18T21:56:25.818+0000] {logging_mixin.py:190} INFO - [2026-05-18T21:56:25.818+0000] {dagbag.py:588} INFO - Filling up the DagBag from /usr/local/python/3.12.1/lib/python3.12/site-packages/airflow/example_dags/tutorial_dag.py
[2026-05-18T21:56:25.824+0000] {processor.py:925} INFO - DAG(s) 'tutorial_dag' retrieved from /usr/local/python/3.12.1/lib/python3.12/site-packages/airflow/example_dags/tutorial_dag.py
[2026-05-18T21:56:25.835+0000] {logging_mixin.py:190} INFO - [2026-05-18T21:56:25.835+0000] {dag.py:3239} INFO - Sync 1 DAGs
[2026-05-18T21:56:25.845+0000] {logging_mixin.py:190} INFO - [2026-05-18T21:56:25.845+0000] {dag.py:4180} INFO - Setting next_dagrun for tutorial_dag to None, run_after=None
[2026-05-18T21:56:25.865+0000] {processor.py:208} INFO - Processing /usr/local/python/3.12.1/lib/python3.12/site-packages/airflow/example_dags/tutorial_dag.py took 0.053 seconds
